x	y	clickSelects
-0.114588015144026	0.176277939488152	63
-0.088283880549298	0.23321500797407	63
0.010809903331307	0.453063553362994	83
0.112133775032658	0.239156246284605	83
-0.12363004043337	0.116695167399412	83
0.00551830700948502	0.301271473409292	83
-0.046388632445138	0.256283163853862	83
-0.109025814530921	0.125122537398931	17
0.00693215768140798	0.135671018323139	17
-0.029697749007076	0.137278874005248	17
-0.110397355704245	0.131484710843863	17
0.102524339855751	0.236357632747921	17
-0.048141039964297	0.165793139279964	17
0.064602020252484	0.247979204085049	17
0.084142219630613	0.42040834671108	17
-0.050741177575847	0.237684496353222	17
0.048665692072706	0.353891615718484	17
-0.102422080789702	0.151115787974163	17
0.031620405144511	0.137987770496531	17
0.06772026056066	0.144414415480069	17
0.055475046263375	0.119021375764807	17
0.035716153267947	0.141707385956097	32
0.00814153409482299	0.265436015131836	32
-0.1123989209307	0.11246251415717	32
0.044628920317157	0.322354962470312	32
0.029848618611736	0.257616800516355	32
0.108459847403144	0.413760453753781	32
-0.053578781294446	0.173233759265261	32
0.12359577155596	0.340764526232919	32
-0.053130389220043	0.178033577959932	32
-0.00580795835093401	0.261381471777283	32
-0.116097143797369	0.126142126329971	32
-0.04865396842678	0.188236750428654	32
0.076059865570837	0.332885402721876	145
0.10071500189023	0.331481489141246	145
0.123605795518536	0.230323945964769	145
0.038663021317583	0.239692206143464	145
0.069626358841088	0.144568517878588	145
-0.048635661148228	0.142789666592323	145
-0.040839375506758	0.154005425670694	145
0.120240760998083	0.331011535364977	145
-0.032951221489186	0.153829061154662	145
-0.046390224033607	0.167064484047508	145
0.104239183019232	0.22850593411544	145
0.047493132099513	0.236951428647974	5
0.111075064241272	0.238241192410839	5
0.00206645409345402	0.133209708961338	31
-0.027346502575531	0.123448848108309	31
0.00628197143058201	0.133927387812757	31
0.00584162118382903	0.135040667243096	88
0.07662608542361	0.147655681460066	88
-0.003581058983323	0.130122933235792	29
0.031483809832027	0.137630801574509	11
0.045488570215323	0.849515705594277	63
-0.092660712626767	0.287945288145763	63
-0.121024252625543	0.24024925546177	63
-0.114752161994571	0.239909487874796	63
-0.09571571533923	0.27325285279272	83
0.00570198987909798	0.450322865687802	83
0.04807245534945	0.662636507712641	83
-0.121775524642547	0.155952228911256	126
-0.100024908584197	0.196433414622942	17
0.00365757393228	0.283232439696634	17
-0.110074808989606	0.143723096564919	17
0.037134643063167	0.404157672151434	17
-0.058142534090832	0.242102605047361	17
-0.12274521302303	0.173269946872791	17
0.040755005206094	0.256201856421551	17
0.12448128794301	0.415879231322028	17
0.104982455162564	0.230525569563838	17
-0.044973492390115	0.14426127181245	17
0.065923820445733	0.542540778124319	17
-0.044763709063414	0.117623784976406	17
-0.023021413932424	0.242222089187212	17
-0.032864960236497	0.382309254358985	17
0.052507138035988	0.53276866730246	17
0.07487036269583	0.604196787558761	17
0.0783739519069	0.610595017114769	17
-0.041326894725694	0.360466354495849	17
0.082580270266874	0.603671352166012	17
-0.059178210979167	0.245609282208043	17
-0.09257737514683	0.225171164311899	17
-0.020943850550985	0.12683943574019	17
-0.033523809131298	0.129998508774977	17
-0.124528797346067	0.106400036646243	32
-0.086827004158789	0.178711044227846	32
0.092538378007756	0.324950810939911	32
-0.032489209256494	0.123021347683965	32
-0.108628714160706	0.177397610358384	32
-0.062966281512562	0.275797618526637	32
0.068819160305736	0.476516497261695	32
-0.093411838116585	0.166218666814275	32
0.040194657774538	0.402687606574805	32
0.0315991749195	0.416159940260743	32
0.000259695998539977	0.411719697397455	32
-0.00554707379529201	0.293336818669234	32
0.064619596161172	0.511037684691966	32
-0.061755080222271	0.251209173004433	32
0.018723107619054	0.349269570135764	32
0.107670028499803	0.490777512758046	32
-0.104155080846375	0.164561276416836	32
0.00729048065000099	0.339911834032589	32
0.081588214466816	0.416904620015632	32
-0.101690024038489	0.147307584357252	145
-0.104194769511507	0.153192908486476	145
-0.124441949567205	0.102069012023788	145
0.089926700000161	0.44121336634354	145
0.082700197258349	0.314481314686541	145
0.075744059624454	0.471008218670945	145
0.070290877708119	0.326104814740752	145
-0.034529927493829	0.128612223041048	145
-0.041417199678958	0.138022172984847	145
-0.031784381504582	0.134871478248768	145
-0.060379427335027	0.192632074909392	145
-0.013389693002426	0.268386627826357	145
-0.064618907958547	0.195449226328773	145
0.034174976604051	0.315786967843003	145
0.074331045520534	0.3341017554466	145
-0.114108894560758	0.118308548551257	5
0.122071096923422	0.309471242220477	76
0.067507781138071	0.241978049270234	76
0.074311704827621	0.23508103967719	76
-0.031269690081498	0.126624722246124	31
0.075551955101516	0.229215551300949	31
0.072114228581892	0.144134875323365	88
0.105986894690201	0.233859995246482	88
0.073749123443507	0.143176834977763	29
-0.040277695634915	0.135959630472677	11
0.017870232250178	0.878102305839033	83
0.05884079196005	1.38736615278062	83
-0.09991227509624	0.549121694082111	83
-0.043147904953302	0.49364832668893	63
-0.064891332155122	0.381025381188315	63
-0.08276306109182	0.303440169694229	63
-0.051944640722027	0.389640673865438	83
0.008132160325803	0.615665197350109	83
0.077873233607801	0.888840364461773	83
-0.104057117075024	0.285717154899892	83
-0.097308770373404	0.288401205942023	83
-0.105357911174257	0.200840758762055	126
0.102014446503122	0.714244078197392	126
0.058506918026983	0.567162372892172	126
-0.016556903179001	0.466673489565177	126
-0.089319943095996	0.24318415310239	17
-0.044829187085429	0.296345871511483	17
-0.047144657846283	0.369288808322312	17
-0.074951667153733	0.289106477196508	17
-0.07038132636312	0.257316105979589	17
-0.002888091220281	0.472120860966601	17
0.084760578925476	0.642657277820006	17
-0.00232965603094001	0.462885865652441	17
-0.025609720120696	0.360300061168171	17
-0.00525519464700999	0.482714719880881	17
0.043748369589603	0.551281863121018	17
-0.014169182098478	0.390476879142876	17
-0.093920722974024	0.215383621202284	17
-0.006084891473878	0.361660639957468	17
-0.078785273852389	0.286165448011908	17
-0.066541450981758	0.318609587830833	17
-0.09039591796061	0.251077200204061	17
0.124092847866876	0.503115271080924	17
0.074117776084637	0.410046536806002	17
-0.056874214121963	0.205639563084191	17
0.084920102243568	0.379945595123168	17
-0.051329224012505	0.192646950079417	17
-0.104376739337488	0.126710977194515	187
-0.051368698535236	0.289098535698836	32
-0.024542090384899	0.285904009186335	187
-0.054941368364484	0.295536465943905	32
0.018249777882063	0.490243667973216	32
0.051301227599976	0.536633944245988	32
-0.092633720541614	0.185073067158127	32
-0.116300213351188	0.158344929699978	32
-0.098554290233579	0.166918605007651	32
-0.079983025321639	0.230736273292711	32
-0.079676712495586	0.254333554743842	32
0.030036084219617	0.496414951526743	32
-0.105889643378025	0.227745683989476	32
0.109611429689611	0.415978341774855	32
-0.111309655866947	0.147706529157069	32
-0.021617474001849	0.271640002710372	32
0.017170724159155	0.361904546023208	32
-0.001607354894232	0.34278083918797	32
-0.048754730759613	0.285009577234692	32
-0.011483122684172	0.280631879884194	145
-0.004272306783939	0.299462470656675	145
0.110143783035936	0.56209058008463	145
-0.09515704763677	0.215319779135066	145
0.076374182979424	0.397864542937076	145
-0.00120734522961	0.276635374487498	145
0.026273441838182	0.393322131943627	145
-0.038916611217881	0.305715150184793	145
0.062565725225591	0.412192582686581	145
-0.042028421932429	0.149885649556341	145
0.098510484983443	0.323665738027052	145
-0.022540525556443	0.241392832458242	145
-0.105019187556115	0.142976048206355	145
-0.051575731263753	0.178765407452278	145
0.062929193056174	0.314184978163247	145
-0.056655815162153	0.171415892096681	145
-0.124625912564128	0.103188925843652	145
-0.013898562578641	0.289364642344161	46
-0.104858588261511	0.129783224541883	46
0.07239767253276	0.295631893012149	5
-0.046897516731208	0.17326885826722	5
0.062619163761213	0.328129342794447	5
0.038007316940187	0.239817768823364	5
0.03416561233009	0.238568230321971	5
0.115242425287992	0.336504657132998	5
0.050411276702141	0.24422477600148	76
-0.054795344156888	0.147864550424037	76
-0.039260727653917	0.14692341073906	76
0.046630644359827	0.252047037520354	76
-0.037537308561475	0.125821726539909	76
0.064316492900705	0.23830538911224	31
0.086025742923745	0.23534847641921	31
0.092344936781264	0.237748332108464	31
-0.03673351088291	0.127736410393822	14
-0.037157716259892	0.134915717857633	14
0.067212460068648	0.241279008508651	14
0.104239183019232	0.22850593411544	14
0.103950741783724	0.233450132607034	88
0.074137542274363	0.146964768740998	29
0.079474342754527	0.241783747843706	29
-0.035726241923801	0.129125417202221	29
-0.00811557863597201	0.125376091820993	11
-0.000435214629373987	0.133334631572765	11
-0.044800911192718	0.147540423921501	11
-0.050693543052872	0.157384620698393	11
-0.000762272853963991	0.130088092378002	11
-0.058972764092948	0.15965219740854	11
-0.026590096033888	1.51937886752498	83
-0.103947795619491	0.203679568903798	63
-0.089406382129159	0.194290090726717	63
-0.023019812243695	0.300538863405796	63
-0.100982797305856	0.192435814336436	126
-0.052482124623076	0.370518997961449	126
-0.066241586395756	0.415752628944612	126
-0.019149672441749	0.571326362099177	126
0.11335498448141	0.940453110670813	126
0.085121618295296	0.530132030624927	17
-0.109733200864859	0.195561187686241	17
0.079893284489039	0.80032783479219	17
-0.054073455382305	0.23122191163031	17
0.060334142632336	0.614639228001103	17
-0.010628534499797	0.347051957652437	17
0.064730789676068	0.49643314063717	17
-0.095462465048586	0.319312935524067	17
-0.029065356810987	0.516338837149541	17
0.013796230116481	0.554148499490502	17
0.00315870702221499	0.583584085668174	17
-0.070734092891954	0.362211981968351	17
-0.094447009395395	0.275211483681582	17
0.00215393820319898	0.273379209776216	17
0.069337569378789	0.314950622997325	17
-0.040170332130411	0.311196811020538	17
-0.054754274651373	0.261906063603704	17
-0.122309122059665	0.115568467335233	17
-0.022954190954771	0.253760599887866	17
0.029220682212865	0.405867037972387	17
-0.033594883365067	0.404070886882397	17
0.069081471600565	0.675208803925648	17
0.032943511282582	0.489685599863998	17
-0.022083634515597	0.309148277455292	32
0.016691286932126	0.73000218308793	32
0.038306373331949	0.235601681943001	32
0.054146849553639	0.330195548440192	32
-0.070225208226252	0.188684540607327	32
0.09880214374	0.33559111597343	32
-0.118356244438199	0.124647833288586	32
0.037696736081191	0.385527431772659	32
-0.043649031484677	0.154973768378593	32
0.084572931961669	0.319047403935344	32
-0.012355953469082	0.273362175320831	32
0.022916829307949	0.523710214808726	46
-0.081258274009525	0.230495870952034	145
0.042115249465993	0.239148545050787	145
0.055044346753458	0.330332532522369	145
0.081492299329226	0.785877961971261	145
0.019182084092383	0.248441982748609	145
-0.068883886956424	0.226205404305641	145
-0.098507329940602	0.15245758625968	145
-0.023529779571552	0.277805269274125	145
0.049077573250236	0.235987641353928	145
-0.042170369450228	0.158671041041173	145
0.07068502574784	0.241253806119093	145
0.104462973529445	0.235938474941661	76
-0.046583188204186	0.130192764869561	76
0.07086017724871	0.144513472687543	76
0.00323789283557302	0.134922916927531	31
0.120984395190918	0.151836587912459	31
0.074716364024185	0.145013261379036	31
0.000426172609883979	0.130975550031732	31
0.119697603470588	0.151028996070089	31
0.067156044538654	0.14199316485854	57
-0.042732078331743	0.167715827161147	14
0.023466954473153	0.22975653773673	240
-0.044946311034188	0.152934108900944	14
0.018553532856818	0.249556339137185	14
0.007061035782224	0.252792416172134	88
0.109854515346433	0.424310339448128	29
0.00589937978989003	0.241173933791581	29
0.101847230878933	0.313479519565929	29
0.108651947480838	0.400648537685753	11
-0.117551085306771	0.121761323744281	20
-0.049658701012978	0.181962652684851	20
0.063765710584421	0.221623057740806	11
0.01876152022521	0.365548525211597	11
-0.097739764143525	0.755996478721722	83
-0.079876905749483	0.225484321018834	83
0.077966201606728	0.328966852836485	63
-0.047954903824815	0.165576072617254	83
-0.124629103278649	0.36309774227602	83
-0.003313021816512	0.630403203940069	83
0.121094998771411	0.515780880195666	126
-0.037325611246572	0.220129614017329	126
0.028159263681881	0.254518581190371	126
-0.037829041786622	0.568044397875913	126
-0.117090695371552	0.296528036192581	126
-0.107314897857843	0.119165015122629	17
-0.110529137617848	0.140246182125472	17
-0.057348927762891	0.322012933253311	17
-0.113221815483311	0.317590406574299	17
-0.055723034628715	0.389547593358465	17
-0.117447719907473	0.175691264392382	17
-0.100534077204059	0.269183398102315	17
0.061759950057258	0.321156645495943	17
-0.067698342656172	0.405995332999012	17
-0.00462406148841299	0.546389013751394	17
-0.038707049289032	0.443713393331097	17
0.092828374555705	0.426942622447325	17
-0.027319019698306	0.265034864646106	17
-0.056085097020477	0.325911906832934	17
-0.018894942754285	0.135786351256448	17
-0.072965839022084	0.234644116827786	17
0.068449523690219	0.435213503845787	17
-0.055467689460341	0.172447515170548	17
-0.091221061370066	0.322039827390099	17
-0.044121969986253	0.321273936222219	17
-0.099216620528261	0.264603641572372	17
0.046770415913523	0.671647012047713	17
0.117921489957358	0.829950573704363	17
0.055793291575159	0.558513651492608	187
-0.020978042764516	0.386824470859641	32
-0.044665744014324	0.239903818780883	32
-0.033777635120333	0.315725934187544	32
0.013466523603066	0.541197415828316	32
0.021137976396556	0.327242905163324	32
0.038730227418341	0.141785392523261	32
-0.039103008769492	0.129842157157187	32
0.012052414179054	0.503321135426336	32
-0.03518287051481	0.134564998281934	32
-0.008694334963148	0.245328273156659	32
-0.037081997061608	0.165043925446013	32
0.08749804051078	0.473382905753303	32
-0.120137375325833	0.205518486204094	32
-0.059604489651272	0.240038023275845	145
0.034748475860194	0.352434044486036	145
-0.039234578162955	0.150411350844409	145
-0.035199469479409	0.126083960476213	145
0.028594978106578	0.135367073847244	145
0.092344936781264	0.237748332108464	145
0.109601640316852	0.405264543895621	145
-0.064089553426304	0.285350872547232	145
-0.036966620561321	0.283543882430661	145
-0.096086323466782	0.159941616034547	145
-0.059660957043484	0.203811753551325	145
0.062483187032996	0.343481814667564	145
-0.112188175848908	0.144906772555788	145
0.035350866797564	0.14108854997708	5
0.079898335022464	0.147205736929149	5
0.058560997230607	0.243477910126898	76
0.099974492202659	0.398323503613089	14
0.118022467504075	0.332268608748031	88
0.091248159434248	0.240052743351464	88
-0.040637133883704	0.121666413646957	29
-0.055995412120922	0.174469907731019	29
-0.032631240396236	0.160649537383996	29
-0.04008697774704	0.28727078277951	29
0.047537474936036	0.334796833491155	29
0.043724512679731	0.252430301790571	29
0.010870538310537	0.243403292986231	11
-0.087133179887565	0.208902016739842	11
0.085114598323231	0.367355537660467	11
0.031483809832027	0.137630801574509	11
0.064934431042784	0.809239072523388	83
-0.076840521192568	0.246752462636568	63
0.111540692125469	0.539758071002735	63
0.050756132950989	0.634146116314361	126
0.075372864091015	0.582539813474893	126
-0.039724754155963	0.398345158161553	126
-0.121186530036469	0.227793242017252	126
-0.12167148405375	0.214466010634811	126
0.080720439489684	0.695680931543469	126
0.090805754836287	0.540619171316987	17
-0.013161573266839	0.428702406162693	17
-0.092641312020508	0.289948602764088	17
-0.113975279344641	0.230665257467963	17
-0.00730606623710201	0.43062753929897	17
-0.052410398522075	0.231121267811086	17
0.056631162030725	0.510898813038134	17
-0.023520740806232	0.331495716057541	17
-0.109894263974227	0.205182984548053	17
-0.116252784015319	0.180726706348102	17
-0.121359121226122	0.216476290246185	17
-0.03340367768946	0.377412451513989	17
0.096282870465862	0.788654699462047	17
-0.07326136658754	0.315709531229417	17
-0.059704775967782	0.250914122017396	17
0.02203043878283	0.348437848738433	17
0.10073332159873	0.697085531722476	17
-0.082633677731234	0.291851742828849	17
0.022847361791984	0.495809927209069	17
0.069973130871964	0.324651114440883	17
-0.1176068344541	0.118378901709836	17
-0.087831979436834	0.175622030156928	17
0.00965827463279501	0.410804270552787	375
0.099493713834966	0.416419991106837	17
-0.059476099955995	0.289921433118352	17
-0.064155814218343	0.307400321114205	17
-0.030480924294243	0.381460151324556	17
-0.06155919236891	0.269101860842425	32
0.029465249684072	0.465565264456716	187
-0.062724233916286	0.239012501211553	32
0.027172735460623	0.505776026914983	32
-0.038332100161084	0.232043856865311	32
0.06243361890667	0.328027508876083	32
-0.039366296736572	0.146666508561994	32
-0.038181858378485	0.143551017756084	32
-0.034996245643188	0.147907871323799	32
0.10599511887691	0.336503102409567	32
0.063161538113418	0.246531271790068	32
-0.052820396773618	0.270603679361678	32
0.099022083527347	0.703794883445736	32
-0.098519802673027	0.206145108552915	32
0.059244000052552	0.251522844518221	32
0.101065983829612	0.228116684138434	32
0.05710126703859	0.228984897472173	32
0.094353710260847	0.242089791317992	32
-0.055244163701127	0.187117404583252	32
-0.113902474031854	0.108597553401952	145
-0.050585541376196	0.177040435665259	145
0.049620114508578	0.432920034947641	145
-0.04563216602006	0.13326907825458	145
0.102996991904169	0.330392400471138	145
0.054982869884345	0.231444421835191	145
0.047540769013318	0.254822468487182	145
0.03281239941448	0.329934207258153	145
0.104956894595506	0.233488425558928	145
0.10094109028833	0.423447097757483	145
-0.095796587177052	0.191193472709939	145
0.084374215058887	0.326444015993207	145
-0.044696114104263	0.187554864022975	145
-0.114193795916939	0.134240938351803	145
0.099701648810989	0.417802647625017	145
-0.115734176181758	0.116576996204635	145
0.071067493741338	0.318259216874561	145
0.04510432224535	0.243534587953223	145
0.0091762705442	0.263908608438481	145
-0.035609007006626	0.127077500815315	46
0.066486278962212	0.241125025184115	5
-0.031799816350063	0.13712758728595	5
0.101248433032657	0.232193278521322	124
0.062130405721635	0.135916655106528	124
0.040874760151559	0.244621740325765	76
0.08149563081101	0.326729201270799	31
-0.047365947496089	0.166487805080187	31
0.07348320322296	0.144734469280434	153
0.122442585051244	0.152049943096437	31
-0.029863610697813	0.126889398815206	3
0.072904477703496	0.147034585169118	14
0.031620405144511	0.137987770496531	14
-0.041380250316624	0.134863164763934	14
0.041941923590253	0.135567859841281	238
0.090585355869576	0.219045588862553	88
0.120221958460502	0.151690667846746	29
0.023459158473024	0.249832909805114	29
0.013577328945483	0.261829778939828	29
-0.122836433779023	0.123053589049864	11
0.112351411053692	0.333964222403356	20
0.035106636239643	0.138088384737722	11
-0.055200240524272	0.693394329700602	83
0.020461848911093	0.345221435445895	63
0.067783608817698	0.315215685366942	63
0.078834149479024	0.345101665699574	63
-0.055341885413267	0.211914641883982	83
0.011301404120796	0.861207484424011	83
0.096990092078743	0.341553812945078	126
0.113523503984549	0.39942879482779	126
0.101646580748616	0.428179141758768	17
-0.077189792885102	0.316675255757704	17
0.047570116988138	0.338192757615892	17
-0.020817210282671	0.4503478201553	17
-0.035595301220403	0.498287071316565	17
0.088538225608224	0.627499923490587	17
-0.045662238430491	0.17920363315909	17
-0.056565458548452	0.160215534540673	17
-0.038587209639531	0.317426656783881	17
-0.029873066909636	0.402245290572405	17
0.06928097315575	0.674967695285579	17
-0.116781195213443	0.183432490813867	17
0.051397738171502	0.238163494566992	17
0.067316621453577	0.239717865501181	17
-0.042679052787776	0.170534422852665	17
-0.06255415138161	0.214197442123896	17
-0.046646754104555	0.156904955138567	375
0.02763907117632	0.483231025416965	17
-0.110698944658162	0.228395102989937	17
-0.046796588711377	0.354356612380772	17
0.092568831769324	0.41837997204075	32
-0.104807501786597	0.145445314833641	32
-0.066811751867681	0.322721640927955	32
0.10807220947276	0.567225906559856	32
0.039143226804133	0.555025651942563	32
-0.081157035698198	0.256514762049589	32
-0.008143794541426	0.266188267138756	32
-0.00787429093994499	0.263158601894393	32
-0.0339099183841	0.135853200640762	32
0.068180756775439	0.141847479642886	32
-0.007530634585346	0.327090798908739	32
-0.043780370188521	0.172091869218638	145
-0.051066732107587	0.121812394759702	145
-0.058734419378887	0.182355495549983	145
-0.05166439734086	0.240903801184718	145
-0.00803674544298499	0.28154111714761	145
0.02937822568953	0.258222383348989	145
-0.058409475094644	0.202718495838862	145
0.085870127073481	0.242552906108961	145
0.033056635809285	0.137692951508578	145
-0.060086112585741	0.209142642767356	130
0.065685770613241	0.142239579634446	5
-0.048823685889583	0.164744930086803	5
0.029422607277366	0.13908839612072	124
-0.045014445244	0.16517551819423	31
0.08054595161868	0.239001567617919	31
-0.118742926054569	0.104865751329048	14
-0.056214384044193	0.253276621097529	14
-0.092052422688128	0.198111406671156	29
-0.108560885588066	0.153289118481207	11
0.097589430316176	0.496453110993544	63
-0.057206782399273	0.155847088473812	63
0.065390094765983	0.247519517512002	63
0.00557099634819003	0.639727924090166	83
-0.107535533399322	0.41523501570943	83
0.116305870756364	0.65599731505765	126
-0.000155828571429012	0.702261909880417	126
0.088248748275838	0.596702921628435	126
0.11246812045052	0.494942164676679	17
0.000450158956846025	0.429180066813466	17
0.011323318019444	0.586671949346547	17
-0.106495126143778	0.204608965002643	17
0.066459320121405	0.465291598522308	17
0.120094175567109	0.783502683474031	17
-0.094614742479665	0.231893996421105	17
-0.065713155713208	0.179837480119899	17
-0.114831396062148	0.24158625482363	17
-0.042095220112022	0.517171018981281	17
-0.107282493504536	0.316104802584455	17
-0.016412840677942	0.490232411473939	17
-0.097345480695924	0.140816308053969	17
-0.06506418999955	0.163124523849066	17
-0.090804261294159	0.292209553734159	17
-0.047684896373555	0.475504019171768	17
0.106007835444885	0.407543772377134	17
-0.03909246795285	0.233110019440524	17
-0.0772034545751	0.316515459806766	17
-0.051248886978585	0.146818299521849	17
-0.042719806870442	0.127268408958132	17
-0.013349859470012	0.132411216417835	17
-0.077523280570277	0.278786953330818	17
0.089898928674751	0.404967265420958	17
-0.083582421497418	0.191680627055918	375
0.038964529720248	0.504004130607842	375
0.066950750842662	0.23549786143918	375
0.038281117944904	0.330744440199393	17
0.044477438899839	0.618307205131362	17
0.00527609838727799	0.553826919995818	17
0.03189904512614	0.508224718160754	32
-0.057318487504337	0.308250186169426	32
-0.085361820725757	0.219230064045725	32
0.054823382264054	0.332036125701452	32
0.002528832912295	0.359536370208525	32
-0.038199973841624	0.412418736825357	32
-0.096414659217334	0.150291690556429	32
-0.020943850550985	0.12683943574019	32
0.06785989670012	0.138177564458695	32
-0.02969854467432	0.132806512058252	32
0.00374692724111098	0.252758600687123	32
-0.042806133035151	0.164738325159179	32
-0.011687302894619	0.394329596677703	32
-0.00700115838601001	0.286399023333223	32
-0.106235076002931	0.21130076779504	32
0.084813009011018	0.242444690801331	32
-0.043488490983569	0.133091624552627	32
0.102069819688203	0.22852876442803	32
0.121019477173992	0.755826824063687	32
0.053552051324297	0.399789399157573	32
-0.065652386558205	0.314878059564157	145
-0.020182531687538	0.371353597825922	145
-0.114650010301835	0.118558673724517	145
0.107923032601256	0.236434359010265	145
-0.124942326326106	0.102349163326834	145
0.068485377570551	0.481126988652328	145
-0.074756231129452	0.236399800555898	145
-0.075875108708149	0.21335065502511	145
0.057354432863038	0.326248740404354	145
-0.00222860223132701	0.253136559795158	145
0.046197404301001	0.236467443687156	145
-0.056035857868376	0.165301422142987	145
-0.060051349260297	0.188737888925699	145
0.099981977555095	0.386149258518687	130
0.04934276468856	0.330869951896531	130
-0.055275539780212	0.14042813907372	5
0.032685634904867	0.139907084240149	5
0.07662608542361	0.147655681460066	76
0.107885035115965	0.41304444646485	23
-0.036084668760622	0.141985734609743	14
0.077707264789861	0.3289531873307	14
-0.039373005082305	0.139743057178165	238
0.122880455064872	0.400291270422669	14
-0.061547252982383	0.161470346938232	14
-0.013365341003118	0.255278319182309	29
0.088797250390119	0.401216604512779	29
0.085987726580986	0.23535550718509	11
-0.083998099073001	0.225489936332844	11
0.005687617911036	0.29282789750397	20
-0.052711471114279	0.475510132069047	63
0.048405883853691	0.627680481193769	63
0.017245679677442	0.503322479459932	63
-0.082944418787682	0.247637337946735	63
-0.062816691651462	0.23586081211642	63
0.070008801108171	0.476679884966585	63
0.084529821428523	0.444606254692789	63
-0.016461731474717	0.263277170560924	63
0.114890671291996	0.515832219803821	63
0.018897375312252	0.494748269490929	83
-0.051396072604177	0.356088073162923	126
0.110728133872885	0.497212893136955	17
-0.10035582539093	0.154021164092382	17
-0.11969075490473	0.17221767481849	17
0.058910689437327	0.693517705827077	17
-0.094503702185308	0.190015698189683	17
0.107078936958185	0.412620407568851	17
-0.023310603983966	0.476560433020732	17
0.049448647219669	0.620318211491583	126
0.012646175032348	0.509790755458517	17
0.116098503215235	0.777688260654906	17
0.017366153272571	0.229665678279971	17
0.124442550743459	0.513468788753181	17
-0.05405100646074	0.143298368124337	17
-0.041681725006078	0.155818101938374	17
-0.123478492793815	0.15797317299439	17
-0.002511206769161	0.255765193722057	375
0.034908158099389	0.235551618141478	375
0.07454224514576	0.589592407471793	17
0.049434701741801	0.597581775165485	17
0.114759980278643	0.704285774157915	17
-0.109227463246292	0.226358242563958	17
0.103610367161781	0.772122945755232	17
0.101842428379644	0.761452180131303	17
-0.014574867743872	0.444094597127117	17
0.117264192900419	0.48172724737172	187
-0.035556125549897	0.35255666710709	32
-0.060926474412194	0.24700404400298	32
0.069610686509104	0.469770955117804	32
-0.049676561780853	0.29095449687845	32
-0.083696888915378	0.34053123664025	32
-0.039943557550107	0.141665444306286	32
0.086030928827236	0.229823336298793	32
0.10024943809861	0.420898417307815	32
0.054176676878388	0.238765905331838	32
-0.038209752721329	0.13922526183815	131
-0.091211792352359	0.170451005990616	32
-0.108051091620422	0.124472437683783	32
0.042668951836763	0.333928082056029	32
-0.051366801717194	0.151166943285945	145
-0.031799816350063	0.13712758728595	145
0.08615542684233	0.222732008900839	145
-0.02759419640157	0.138010097356562	145
-0.039149963338698	0.131659075204769	145
-0.065808877930267	0.347795186218951	145
-0.056586679434404	0.155687143431817	145
-0.121565073517706	0.111879898964519	145
-0.055284147682125	0.153970859862187	145
0.026110631099653	0.309831537164953	145
-0.07566364347865	0.277367391193876	145
-0.056448159654203	0.208911286592217	145
-0.025832793048896	0.276524769571201	145
-0.031808290823347	0.131390585410237	145
0.067103343863845	0.464701227717846	130
0.029802720110797	0.136548993537148	130
-0.02626215899104	0.125477725125855	98
0.121508068950956	0.150210934105473	5
0.034509147154544	0.141160902369366	5
-0.035078190411551	0.139730278156412	76
-0.045168686462852	0.159380306623633	76
-0.029649892667973	0.239826378257106	31
0.054022387936936	0.237353751010801	31
-0.02564635415497	0.143888718480951	31
0.038730227418341	0.141785392523261	14
-0.011419259444523	0.265175845173492	14
0.08291784075167	0.226178106657828	14
0.057629386765327	0.242543251469551	14
0.060518758813785	0.325125387160853	29
-0.104858582135216	0.150032858268079	29
-0.048972977130591	0.142477879964911	11
-0.005683706040673	0.274058150914064	20
-0.01820918200049	0.273371515893788	20
-0.036217177534408	0.13504460297298	20
-0.053958166406498	0.239831716260545	11
-0.067551676242891	0.473223145592287	63
0.050433649247017	0.762681797335829	63
-0.121633752815986	0.227678134515577	63
0.013384488092747	0.562705852440136	63
0.117625738903845	0.769827114129259	63
0.090965488170145	0.606625287628758	63
-0.120668811236793	0.185828999046291	63
-0.079012466362942	0.537163974636155	83
-0.00592658104080401	0.691421731592277	83
0.058704713197001	0.799564728166128	83
0.105738319879249	0.971082813400377	83
-0.029078594214728	0.437786729929599	126
-0.079311077141768	0.427996065179021	126
0.022384758611531	0.735598609226391	126
-0.028504685373378	0.704211035571338	126
0.028294525974667	0.651338037629571	126
0.000629493544679005	0.626553475816152	126
-0.031817513736073	0.370981463493289	17
0.061871356244545	0.651285109870555	17
-0.121660744737823	0.248066475946137	17
-0.019047571291433	0.54590804913848	17
0.06685690394948	0.842911391701896	17
-0.076959471200017	0.274795555633655	17
-0.098675704950493	0.266750356705988	17
0.028374440728044	0.680400529272344	17
-0.013514899344129	0.541909098313246	17
0.003062470406203	0.575380912385745	17
-0.020264658357368	0.34031111378322	17
-0.065487674733988	0.423212072292077	17
-0.102414259322335	0.269429662580658	17
-0.059018202037987	0.400777322428864	126
-0.06753147627269	0.368763614773887	126
-0.106676181349104	0.272344329184175	17
-0.040681523781236	0.383197804714145	17
0.010166292554261	0.474367221062687	17
-0.072323438346966	0.193691239146938	17
-0.00305888019262299	0.260562983646527	17
-0.104479211284696	0.164740391886513	17
-0.00255702102779701	0.306763766413063	17
-0.032918609838955	0.348149593157297	375
0.027921064574161	0.347487453845789	375
-0.123284002275975	0.193742522363759	17
0.064656183032573	0.619335813123271	17
0.048943211831943	0.462450355030757	17
-0.073567883049686	0.305329557938684	32
0.096061815465005	0.820249723380133	32
0.009039977347646	0.514655603410826	32
-0.120812395385338	0.168792194310387	32
0.085563218418007	0.724858776285646	32
-0.00807162721424201	0.478176759589951	32
0.025552302580558	0.240690755725672	32
0.046258000922941	0.24630057816971	187
-0.117302145120145	0.107184225082775	187
0.083421106757118	0.402510363800584	187
0.104899281363344	0.341386611079906	32
0.083844528895323	0.42947230807098	32
-0.088144901383378	0.266228040458019	32
-0.057618742371902	0.309829873501921	32
-0.043745698461398	0.229623353734676	32
-0.010851002735233	0.260310866430344	32
0.058665018564569	0.242590597606281	32
-0.050057076577163	0.203818722250704	32
0.095660729694868	0.662061204461561	32
-0.046372696959239	0.27337199386561	32
-0.124387109747645	0.0996285196727726	145
0.050092555200008	0.43991841962631	145
0.124676585012684	0.333205341717951	145
0.00158557832186002	0.34419612263235	145
-0.102223792880059	0.170661289470383	145
-0.118039288426981	0.122443857265832	145
0.10911904443643	0.419500080391161	145
0.040765113104973	0.232115118260059	145
-0.05258076192113	0.221454848912629	145
0.06552084962695	0.415540838722749	130
-0.057830349147908	0.218231732846249	130
-0.044713682050188	0.145150611660279	130
0.064316492900705	0.23830538911224	130
0.046680411727523	0.226860942176743	5
-0.038917362429441	0.123623594052313	98
-0.051035098385163	0.158865929073259	5
0.084950810368538	0.234948191754739	5
0.023036929908214	0.13016831685027	76
-0.000815786851964012	0.236958539696673	76
0.080505891624274	0.23681361234405	76
-0.046623360875047	0.126173194552183	76
0.043008736760894	0.236159146750017	76
-0.032299458965722	0.130398111919795	31
0.0730497137763	0.144513558429637	31
0.121508068950956	0.150210934105473	31
0.048647333233489	0.230164318887563	3
0.065685770613241	0.142239579634446	14
0.079869313526368	0.144125311313712	88
-0.114126983729754	0.120894146304343	14
0.00115416810375302	0.26647075625566	14
0.00275095463594899	0.255654306574365	29
-0.036259492173866	0.137237531968418	11
0.032887487642931	0.764638712923394	63
-0.043068825032301	0.429465002928653	126
-0.069553587801667	0.414806424325253	126
0.04019460020077	0.817186715843318	126
-0.045828020269922	0.397739590347613	17
0.031736128138673	0.629342135618924	17
0.016270697151465	0.58834264406232	17
0.019585110318477	0.46733478845815	17
0.117924206142468	0.63226972626621	17
-0.025882153761913	0.360607150722715	17
0.020243934200646	0.482250693289798	17
-0.079506216945471	0.291387277174378	17
-0.085298239357077	0.290180911010593	17
-0.032705603894618	0.341952984765195	17
-0.059555916242996	0.229412479705567	17
-0.062323757517399	0.234649069801753	17
-0.088902893193547	0.196306716051911	17
-0.104355901954056	0.148847551997194	17
-0.049412524437202	0.225402836887838	17
-0.042912461313161	0.298245878701908	187
0.083132102859442	0.479866999403143	32
0.114125557434909	0.804035436068246	32
0.076097578021293	0.668894425855655	32
0.041610405547422	0.605846421251847	32
-0.016863488069079	0.411651432637859	32
-0.091751240050509	0.256115971527185	32
0.077800826626768	0.522199130918984	187
-0.105174210683533	0.203039058510238	187
-0.043587426793377	0.302429436586328	187
-0.084577174162136	0.22279493691795	32
-0.032648448578333	0.349229530292703	32
-0.10857967013646	0.185545587324623	131
-0.09898516802056	0.191422909811383	115
0.115055366210639	0.507510361264601	46
0.097990113292944	0.414320319337376	145
-0.093708855311013	0.187859556084276	145
-0.060156957918659	0.210292097916587	145
0.064885809071103	0.403802168539088	46
0.040972319366686	0.386641171002271	145
0.078965616244976	0.454413053342638	145
0.035429446654913	0.514546267199438	145
0.054898400049983	0.572776958262643	145
0.07549682633075	0.680167276755604	145
0.079749449135816	0.329387173114348	145
-0.012122816355904	0.263570190311591	46
-0.055683408447336	0.176080203938262	46
0.105845945794414	0.325400155727504	130
0.086463802377486	0.424011417150264	130
-0.112204607545093	0.122961356846054	130
-0.109472643613034	0.126856161911722	130
0.062503148637071	0.313705517436765	130
0.05427286767036	0.352357767472116	46
-0.124854329509823	0.093946288344802	5
0.105501295822729	0.412581886148625	5
0.072783997662096	0.307154177050419	5
0.01162815478123	0.241074806872952	5
0.021267641592994	0.268919407571113	5
0.034746749248892	0.238355922747345	5
0.109291885174045	0.331374235199077	5
-0.101784596777658	0.150716052363297	76
0.058963017090229	0.239001994739234	76
0.079818894912325	0.406395828110614	76
0.074305778073422	0.237590452234267	3
0.113312656228573	0.406940863271724	31
-0.043728398308749	0.147282394495979	31
-0.036987296706625	0.123645083768616	31
-0.123172519893454	0.100016242163917	14
-0.057820280729484	0.150919146043232	14
-0.036922027662772	0.127152237099135	29
-0.051410728272113	0.175921552439849	14
0.022202146126116	0.237525253296103	29
-0.0339099183841	0.135853200640762	11
-0.123236790761971	0.0995570852716791	20
0.116006670450639	0.334353363663687	11
-0.05344409971201	0.207549876390702	11
-0.067975280022364	0.420226209112863	83
0.068904115279329	0.72328490988576	126
-0.112372613808502	0.262648238715298	126
0.051846992426288	0.520472594695654	126
0.071089854835374	0.787708088987847	126
-0.064417973442069	0.41822147245348	126
0.088690653773178	0.741680128855193	126
-0.029215115650839	0.372423907788662	126
0.016371790727435	0.335130089456122	17
-0.028625154676741	0.454341058489477	17
0.023312264977247	0.258128979278808	17
0.053593950389296	0.326881020224003	17
-0.041030033460607	0.311377739147557	126
0.048610481659895	0.574954360958891	126
0.082098519226428	0.410619502362278	126
-0.104093034046985	0.212763409294467	126
-0.091403512479859	0.257287745187596	126
0.07753083998677	0.52589457599118	126
0.02951499468027	0.496680035293224	17
-0.019290113432457	0.354885230376554	17
-0.024923329094981	0.493109603993552	17
-0.000320070465115008	0.583302872336478	17
-0.062712617743323	0.401550272631132	17
-0.102163137383568	0.247390013660183	17
0.040956931336777	0.671980003134444	17
-0.085291630240504	0.3096886321675	17
0.013208126711786	0.547360694504731	17
-0.019945663592803	0.289965224324617	375
-0.094332564081519	0.244575525167037	375
0.050542572231613	0.552794336925713	375
-0.091015560003273	0.240992099909698	375
-0.099834542242564	0.28073656508679	17
-0.100229940635678	0.274313233669341	32
-0.056439139841375	0.157181662077718	32
-0.028463666785981	0.361956819417673	32
0.08557828957287	0.462716458746304	32
-0.019586287318371	0.320223469274059	32
0.107547022408532	0.83129048050389	32
-0.045409818967189	0.353025885136137	187
0.041065218961051	0.240959901557922	32
0.087722881279883	0.578873842476518	115
-0.00111171185043599	0.407893314158498	115
-0.039522043916438	0.304388285989824	115
-0.119151616097109	0.177238064905793	145
-0.052332333696741	0.296761500101104	145
-0.105215477506579	0.204293238547339	145
0.022682369443075	0.390032701104352	145
0.024663120598045	0.375819120883868	145
0.015179647187079	0.393695366008264	145
0.105792965779066	0.32404806327419	145
0.021783647494994	0.3566991659518	46
-0.105126818861644	0.166408973056315	46
-0.101211775647342	0.178843059502891	46
-0.017802767981738	0.280814755823675	130
0.035213503271077	0.340981325916064	130
0.018459122461517	0.235212779789035	130
0.106659831743339	0.439264072072434	130
0.021348264539657	0.375221392566375	130
0.066478673865609	0.431261549883677	130
-0.050695302119679	0.157313070791668	5
0.116135171000693	0.47636443379072	5
-0.00973056192861199	0.239345576183889	46
-0.107486774757877	0.148453587037273	5
-0.000232821111269987	0.25522061613669	5
-0.019701413830522	0.245838581760283	5
0.063555784330847	0.386802899587973	5
-0.120095345900713	0.125900975418472	5
-0.04978817273622	0.174681624263006	76
-0.053827990560203	0.130620773781752	76
0.067168998012948	0.31096140009188	76
-0.012850030855627	0.26818541249847	76
-0.000759850207487006	0.133636154448528	31
0.081324611973234	0.32339586648201	3
0.062055750655117	0.242186395310138	31
-0.061936047760377	0.157451978887522	56
0.00944056921162201	0.251413619063318	14
0.03274371105037	0.243197605838766	14
0.051273852429205	0.234649260591357	14
0.075949691587805	0.304261085665803	14
-0.038280494720808	0.128768170652533	29
-0.053088019229383	0.209776683115312	20
0.124322141548158	0.414926236156088	11
-0.101319636771592	0.147609311377233	11
-0.04497388253299	0.426377974289856	83
0.068176529708088	0.950535702995193	83
-0.099272228245904	0.290310435077669	83
-0.122237191283899	0.185614526080385	83
-0.064026011641275	0.302383334384519	126
0.114200485306394	0.672650379624855	126
-0.046138718219506	0.411459141829527	126
-0.041234853007883	0.266387721354696	17
-0.107561548038124	0.207629809207701	17
0.082383760186038	0.407284077636349	126
0.039984536846454	0.222521507888456	126
0.00236054323861901	0.331809669111092	126
0.081576659773264	0.612019572836401	126
-0.097151975750875	0.152439640503497	126
0.095427117165091	0.556873941130806	17
-0.112818128000094	0.255105695510147	17
-0.109604844581281	0.293462051374852	17
0.061401581632388	0.620718404788585	17
0.030305288699731	0.495868920662944	375
0.084816191094921	0.438368180230203	375
0.122094584102029	0.530737160358527	375
-0.00710679801261199	0.266657871480341	375
0.047520945159596	0.554371807909457	375
0.030423949228086	0.238252052283812	17
-0.073575034500092	0.176679787363501	32
0.095881141293995	0.4417475002848	32
-0.019331818254304	0.388723617627459	32
0.082290278021936	0.55096819720517	32
0.083406208276626	0.433347486956276	32
-0.066691281668808	0.184215510100676	32
0.076483386474722	0.405907299151492	32
-0.061334427194576	0.175299870721177	32
0.071148576702217	0.234513938156059	32
0.016605676263534	0.530940489838213	32
-0.063138913109399	0.305684158833595	187
0.027734258874049	0.48120201481619	187
-0.019491073397001	0.371974065437423	187
-0.110245053866548	0.209273920663444	187
-0.032745703727105	0.400751848959955	32
0.086327188893957	0.331398034593655	32
0.055067909242763	0.324214050495816	32
-0.00665410270184599	0.254849937732867	32
-0.062094059387478	0.311585859384678	131
0.106259653652023	0.544663293636842	115
-0.094998973579043	0.186073922192636	115
-0.111468347078012	0.1735709386046	115
0.055678338170869	0.244899511417649	46
0.01877811556192	0.12473891151623	46
0.097254206664436	0.323544699260528	145
-0.089445466768642	0.188891163131592	145
0.08326443718237	0.412221402265885	145
-0.026330337256872	0.240958965465784	145
-0.05320938116055	0.277603022881742	145
0.065177003811039	0.330710781351484	145
-0.079389875022411	0.217953835753468	145
-0.099375191747738	0.206198691232169	145
0.069928449575809	0.541006228700733	145
-0.109461190289842	0.203476388363669	145
-0.124805161453708	0.167791636082273	145
0.015682442304848	0.400018176785167	145
-0.012280930047903	0.285832251016368	145
0.029056901968622	0.137301511092587	145
0.092022047270751	0.329270576399661	145
-0.0494133392343	0.19156484502152	145
-0.102138190470743	0.178721166519836	145
0.074555535532769	0.429026436731794	145
-0.046356361796716	0.24044105103276	46
-0.012272874451518	0.307689532001103	46
0.11814800337571	0.503813341211011	46
0.030922247937584	0.330315716156622	130
0.041182256562761	0.346577009553834	130
0.017338571840208	0.317244991053718	130
-0.122088481691939	0.105842467959049	5
-0.047960649598348	0.243371567265751	5
-0.005925688856323	0.277847365358574	5
-0.015502804374325	0.235920096781441	5
0.114102817325132	0.41283574131268	5
-0.035489290086969	0.153147903167303	5
-0.105728742689092	0.151035430293786	5
-0.103916697196699	0.157339005281796	5
-0.053313262822003	0.184841847479292	76
0.093321505005239	0.371404683945106	3
-0.123979023189331	0.102772733860721	3
0.00706769412483899	0.249163283609901	31
-0.1198759677221	0.101362738786798	31
0.018558047509804	0.221199333339371	31
0.054832321156719	0.328339656553678	31
0.067846839273603	0.234498675334171	3
0.036870661582744	0.236483443771857	56
0.064800597103838	0.242849068753115	56
-0.042671095647534	0.152712789616781	56
0.092261052903842	0.236790270912291	14
-0.052729844125874	0.161954426970461	14
0.024653340889709	0.248727219357421	14
-0.032999402275121	0.154316293625568	14
0.083216646105371	0.332505140386549	11
-0.118970212578825	0.110002997619878	11
-0.105866349636168	0.607930621836745	83
-0.096201191523743	0.536050681185274	83
-0.061125157920785	0.339400683564236	83
0.030919635750598	0.755635371485343	83
-0.120919238739727	0.337699426677383	83
0.075237866195834	0.754497155892526	83
-0.010589909906565	0.375128839960893	83
0.078479594175621	0.561381604551517	126
-0.121411537270874	0.169241090188884	126
-0.108440766880485	0.250680890571211	126
-0.065760726044703	0.261102398045111	126
-0.079556410258377	0.235269608562752	126
-0.030690022449922	0.264560704222952	126
-0.03542322126228	0.287426279007999	17
-0.093569023733653	0.160447897673881	17
0.062146434000938	0.536849920791652	17
0.052514048281651	0.240145866994487	126
-0.01265948562291	0.27588462060702	126
0.078960629992925	0.530775663663618	17
0.039342071376334	0.577438891025367	17
0.098522711993267	0.823435554121892	17
-0.00699612865607799	0.552356475400602	17
0.079936762742217	0.570878520701403	375
0.093943719981904	0.325374609647794	38
0.026297640756951	0.13387049412219	187
0.024568225275739	0.260547357473595	32
0.090262381912309	0.473858602969609	32
-0.076701471191333	0.18049611134119	32
0.019859234813954	0.241197132810317	32
-0.050974001124669	0.192128669384607	32
0.121830958461338	0.331599174182655	32
0.047534719365479	0.610343841606036	187
-0.012493787911558	0.447551858153432	187
-0.048894201737728	0.337230469369039	32
0.060532696646701	0.534709261427359	187
-0.110776249492546	0.213712144927924	187
-0.08160108881434	0.2811665191926	32
-0.113968530293083	0.223547790849306	32
0.00292438635076803	0.47503291932148	115
0.091490751909729	0.547474665955127	115
0.025061550540136	0.345615636903507	115
0.049624896108003	0.311294930900443	115
-0.055404767079479	0.141678540785324	115
-0.109868892103345	0.123207260075053	145
-0.06129134569268	0.161940881615147	145
0.039129690273164	0.305560731351738	46
-0.070158001769318	0.286859090254413	145
0.069385369691682	0.570351204766986	145
0.031476960572739	0.139905954625877	89
0.090254512114772	0.235220626492672	145
-0.049143995728763	0.204575936569154	145
0.037946942595112	0.409419818184718	145
0.0312822587253	0.326378581995021	46
-0.077153373892338	0.216623692732362	46
0.060709729790948	0.409519336558182	46
0.06752466698671	0.399044788138107	46
0.019202977304494	0.390127360376182	46
0.033256853400564	0.348742529888637	130
0.025169773598642	0.353348471986464	130
-0.116029783551889	0.147707798794793	130
0.00371943658553597	0.319881526161791	130
-0.110264078367845	0.126473986579465	5
-0.055464997427678	0.202157340923247	5
0.105305074937397	0.383898362138374	5
-0.079965109393451	0.187907900113198	5
0.119776286717406	0.503639022865245	5
0.122755400328298	0.494226771339194	5
0.00937196181024402	0.251669869303668	5
-0.023070088790467	0.262240750750631	5
-0.063300195587346	0.178561449731993	76
0.115421672931744	0.397125797146005	76
-0.035513995636807	0.126984181963901	76
-0.00108396288996601	0.132705000408759	31
0.065228445874446	0.319526694046422	31
-0.118744619156523	0.115944783333148	31
0.061241355741106	0.314753458007352	31
-0.117403514848638	0.118889784653145	3
0.00247537091821898	0.131858322728186	3
-0.119885153299834	0.100570005848685	56
-0.124946698096802	0.102615220566115	14
0.068592923229467	0.321371835111062	88
0.121206863427584	0.226041499595761	14
-0.114992070495886	0.129497731039372	11
0.030155763321405	0.246039550979689	11
0.01827240407836	1.45335604543916	83
0.0147481206139	1.10884879502168	83
-0.11121440708301	0.197526051337307	83
0.112050772789188	0.332613873496119	83
-0.09797437457844	0.232607300663589	91
0.094059561177398	0.697908563709377	91
-0.08573231138028	0.29608352997284	126
-0.016007096917256	0.321073076563596	126
0.032296921548363	0.437440678580185	126
0.083096799142597	0.341954776373577	126
-0.015623040574637	0.266685178186178	126
-0.087978387327886	0.279195312771603	17
0.072797254489337	0.774643557143835	17
-0.07099601582179	0.326448564757672	17
0.080769539817369	0.320237136605976	126
-0.069035987341348	0.252328662226495	126
0.027973708759229	0.480363192289076	126
-0.026611047333007	0.309513537333734	126
-0.036717710935681	0.398365147922027	17
-0.058701562271304	0.250137142775999	17
-0.002232282261517	0.636264896400521	17
0.04840906266944	0.729708621285025	17
-0.095494305103622	0.287836036758991	17
0.08996286257007	0.899361840980612	17
-0.073173172746275	0.230198208274037	375
-0.087969318840332	0.255199150197925	17
0.103356097497982	0.231266922848008	17
-0.033983271789644	0.127180401167776	38
0.041141457477177	0.139734256396538	187
0.035511428194374	0.335015581010179	32
-0.017109845529387	0.277922127991934	32
-0.052838053880974	0.205613893503228	32
-0.089061358277584	0.188055164745374	32
-0.010601462080168	0.288016690830789	32
0.01758334748909	0.263603198718649	32
-0.104995563606735	0.231693391085237	187
0.101730514932184	0.760716659975092	187
-0.077008213223674	0.286156604437129	32
-0.109059373433234	0.137085606213592	32
0.051922004198574	0.507251072488252	115
-0.01347725065915	0.43147329559582	131
-0.05316180636569	0.330020637103452	115
-0.093647270516585	0.219352341831265	115
-0.010883162747775	0.260203785184161	115
0.048980129377366	0.247365618951732	46
0.117306194130327	0.226475172914633	46
0.00389866426924401	0.315159243876764	145
-0.052808710424011	0.181448253678274	145
-0.119904100965316	0.174617876265481	46
-0.010815809683929	0.244026826086	46
0.031137562268056	0.328302405802776	46
-0.047090899426134	0.255545130889275	145
-0.060987280266666	0.209296988268613	145
-0.060670180712472	0.218467519839651	145
0.00213309395259398	0.347009241929882	46
-0.105165503768899	0.184969226380083	46
-0.106378157359417	0.194475091786048	46
0.046952429598325	0.432634457070591	130
0.00487084153423001	0.267773768023782	130
-0.0453416596384	0.270843238802596	130
-0.007480651615865	0.276393728469237	130
-0.020624997945559	0.297521448239794	130
-0.018685717773908	0.252208809460822	5
-0.00944807205336601	0.268301287018729	5
-0.053933478488012	0.151278580387652	5
0.046944011082162	0.400692812023967	5
0.099680743442451	0.531959127617838	5
0.07682072939331	0.377993958226475	5
0.03074945492978	0.330167260842979	5
-0.120768254075636	0.11293374930779	3
0.035668942089154	0.25745420428537	3
-0.014379887897143	0.26446909883997	3
0.069564081244717	0.342513302182676	31
-0.121365904840192	0.103517497211225	3
0.04510432224535	0.243534587953223	3
0.047641005408035	0.239020399784899	3
-0.014924321489158	0.132237511463381	3
0.114002826190207	0.417985923775368	3
0.018794147270835	0.24290109890836	14
0.108608034055245	0.319256281218446	14
0.074692599424405	0.330880456488206	14
0.074014213748601	0.136039324303522	29
-0.01785126868124	1.3742150048481	83
0.020550970092169	1.26479755790989	83
0.01637909793943	0.518086057965101	83
0.113267567444673	0.235445473181839	404
0.020280137688665	0.34777793788779	404
0.114168440050343	0.588743692292568	91
-0.015030297939211	0.428024102490305	126
0.040726448809603	0.356688030559597	126
-0.119297403724146	0.110545074443208	126
-0.103339612073071	0.225218509651209	17
0.099385090193271	0.717998076479301	17
-0.030852460414368	0.327998995748529	17
0.096449460623199	0.395521517671831	17
-0.103204875756838	0.194174759469672	126
-0.036437453376174	0.127293391055219	126
-0.043106719127811	0.198391426486529	126
-0.00890507387405401	0.233570198028128	126
0.03390839972301	0.449729020246556	126
0.083674612584332	0.60677279445864	126
-0.095214306316042	0.217107906890232	126
-0.041401327535732	0.156263710805984	126
-0.000760859372359007	0.361106090509732	126
0.055208282673542	0.349812711877471	126
0.030142403544531	0.365370124674072	126
-0.058921219912218	0.267847367012798	17
-0.058422997600031	0.219052251738142	17
-0.105460664880745	0.269329882491686	17
-0.00955917530318401	0.470197513657922	17
0.032310867837195	0.620651714901494	17
0.055511035519869	0.23704643715019	17
-0.013919913242471	0.132043390106671	17
0.079525573801975	0.239170827310899	38
0.099595580972613	0.229388431491692	38
0.028502516013135	0.127350053421107	187
-0.059148744609196	0.180260840456799	32
0.013901822042071	0.265637714921179	32
0.00391846225665599	0.262466601522479	32
0.01345533731942	0.269441888204546	32
0.089964067057713	0.597316555553395	187
0.026992838757468	0.48437853612754	187
0.063287324357267	0.535591793504705	32
-0.016842513301476	0.278088059434844	32
-0.003667289744783	0.265056796925206	115
-0.093269388501581	0.189492607590291	145
-0.071370324844459	0.246277036189837	145
0.00758162643237997	0.34412558653515	145
0.079537157309677	0.478719946464723	145
-0.098686663985469	0.164040999121577	46
0.038725231774848	0.458879473013319	46
0.00817033126147998	0.402638558441711	46
0.060755949580384	0.433729984342019	46
-0.02347800120159	0.292208043873442	145
-0.102369581765627	0.185789449175207	89
0.0000998211115340042	0.130623593792992	145
-0.024669065159324	0.255107427308819	46
-0.032100860248164	0.155054896066084	130
0.045799937192825	0.330081139869762	46
-0.080631660545434	0.211620236670619	130
0.071586590805965	0.414942242538698	130
0.079031654324385	0.318370645567849	130
-0.115935419705984	0.119825654729643	46
0.074240835255845	0.413396779158933	5
0.066944375416667	0.325633598658599	5
0.122933185908676	0.502280386203295	46
-0.117238284274452	0.126831971696466	5
-0.0544855114987	0.192399984096154	76
-0.047273391688843	0.179551064402593	76
-0.031756868672797	0.1327831649075	31
0.027728225164233	0.245516994739754	31
-0.050009407251211	0.161291472546118	3
-0.02449577992905	0.127125787475967	56
-0.043490421075999	0.137357425754504	11
0.005518543217442	0.133216032042351	11
0.060396151465986	0.285910158307181	14
0.09670423851418	0.323592877241941	29
-0.046514564353257	0.129719952861878	14
-0.023411579397841	0.134489710727088	29
0.065685770613241	0.142239579634446	11
-0.11419876181665	0.659856568479815	83
-0.078962694602825	0.794514719520365	83
-0.09882782952752	0.229267533705068	404
-0.10519169503069	0.255697866999105	91
-0.073551919961967	0.194007343917598	126
0.00287340804168601	0.463495773102549	17
0.107672319053744	0.83674733324693	17
0.10465529648042	0.236187568853129	126
-0.082487081309446	0.274864684364314	126
-0.085594388047462	0.250856200661213	126
-0.103121222778537	0.131076627111467	126
-0.036795590665317	0.17380586173163	126
0.072910934709226	0.389176750093678	126
-0.033365340459069	0.314325451105856	126
0.062251702046664	0.49771362687259	126
-0.045247974906353	0.278088490627429	17
-0.016745771445044	0.517656382854056	17
-0.116882289165652	0.238080637871994	17
-0.093604553151432	0.253633924748632	17
0.108739784188891	0.469412062561113	375
0.088531303405474	0.534307084270492	375
0.011440970695195	0.441399527223448	375
0.070683973019985	0.335730672268775	375
-0.03748580473111	0.282841814857426	17
0.082295923505906	0.381210629362947	38
-0.018264137409529	0.131439500938502	38
0.06361990069836	0.140643840042565	187
-0.050432792047781	0.185882592539836	32
-0.053328039737636	0.213185104343277	32
-0.078893925677948	0.238306794253095	32
-0.029111169339629	0.156982869318104	32
0.0000403172580319966	0.236099070313109	32
-0.011414804025437	0.442343526685105	187
0.092931660673193	0.536137654404385	32
-0.091888338982423	0.264299163060297	32
0.037846524846198	0.363544418319057	32
0.082235181386495	0.577694046145343	32
0.103570896259698	0.497449056150073	32
-0.072054469835856	0.290225052521321	115
-0.030798300460283	0.39937098478551	115
-0.113046706326163	0.195085829159478	131
-0.079254720802917	0.274811020765304	131
-0.014388220371439	0.365166450242431	115
-0.000755961258221	0.373729883642404	115
0.052054138041471	0.243776802647972	115
0.017489808502035	0.352468252451813	145
-0.119886919130023	0.16552501249932	46
0.002155727402256	0.339573106636197	145
0.084702537230772	0.39508172841465	145
-0.052937812415159	0.160390771261784	89
-0.042069493783401	0.138328877799928	145
0.087880659851535	0.52374535853322	46
-0.04304357082987	0.289145512266949	46
0.014429316675307	0.346303716738678	46
0.052546235700414	0.403891982413778	46
0.075110301026632	0.47743107229918	46
0.044854989095927	0.430511269338379	46
0.113942752852467	0.482818211956503	130
-0.105325389734753	0.135811475967453	46
-0.059831208206835	0.235149884840204	46
0.061535800371902	0.407545486529139	130
-0.020650614584195	0.28993698622332	130
-0.033169390749744	0.27391759181165	130
-0.024494143943732	0.271112823044246	130
-0.063825250198487	0.20973621972886	130
0.115394423873071	0.387945449420844	130
-0.054202674482497	0.208031871019915	5
0.017163308093434	0.246291480544742	46
0.059097490295909	0.413453853174559	5
0.07888304356168	0.42778882309005	5
-0.061918461783692	0.180516411922827	35
-0.045534291046359	0.141958997281763	31
0.002833832335355	0.271610393391437	3
-0.051746586770261	0.192790617198001	3
-0.051381950923846	0.167521231583416	3
0.036052682983787	0.236037300313066	3
-0.043347158281034	0.153811181490225	3
-0.040375526272564	0.17365198544893	3
0.120112058339919	0.330301399723149	29
0.036874409944994	0.21830026924477	14
0.058589616533358	0.316070909327263	11
-0.002715177448949	0.130207032312788	11
0.055162447523091	0.706156362371888	404
-0.100093859112427	0.192528129177996	404
-0.033752700020822	0.463396489576094	404
-0.108214644652038	0.345840743741647	83
-0.080046172799846	0.451410973148481	83
0.064080065385741	0.244015651856376	404
-0.000694629324332008	0.276383748005416	404
-0.04664891779947	0.13188111444217	404
-0.036364383504516	0.279983963319944	404
-0.11188678361035	0.169824711889904	91
0.00667052390977502	0.264579007275585	126
0.058652817316872	0.39736047953848	126
0.070676910075489	0.584875506422231	17
-0.055691353344968	0.37033782995136	17
0.051273852429205	0.234649260591357	126
-0.042141952612717	0.177188505337119	126
0.039371742491549	0.453799794385813	126
0.014866780848564	0.235381425043882	126
-0.068203118603604	0.18093975610782	126
-0.03787583154066	0.305000782782492	126
0.11244079570533	0.490030467226861	126
0.022873830164841	0.443722555308767	17
0.052721746613108	0.413752606822188	375
-0.019296163024731	0.387730142937323	17
-0.011498235440997	0.24334260451249	187
-0.074221988316629	0.260558181569692	32
-0.049427143835695	0.165733840507716	32
-0.032781087605491	0.284113616805572	32
0.099316098565092	0.338148372181414	32
-0.109964902013019	0.112022635627151	32
-0.110716822541341	0.129981448408792	32
-0.067568205633028	0.281219496819243	32
0.122817277189046	0.682345930849547	32
0.013600916196781	0.464672838000812	32
0.089101590139783	0.464156226910983	32
-0.030428079910546	0.189951098632392	32
0.085211136653791	0.428138812438022	115
-0.042199224987619	0.142513506182711	115
-0.112066851562871	0.122420500758479	46
0.014795943769935	0.369338000512223	46
0.015384477230264	0.445648264812022	46
-0.105627215920993	0.151680755516887	145
-0.10770780157848	0.126719905053272	46
-0.064531184090916	0.245628478106272	46
-0.081040985301116	0.201760113428446	46
-0.09359935812118	0.183286244502481	46
-0.087402408360411	0.198940100341763	46
-0.069928852656504	0.188672253051318	46
-0.107294519722152	0.133461024690352	5
0.035847353797173	0.352400301651151	5
0.084031255901395	0.328240579961447	5
-0.01222970423102	0.284959830186471	10
0.034646275930925	0.244789592205019	76
0.069347759370027	0.3223526781239	76
-0.00605785521602401	0.26304070795116	3
-0.068528462158566	0.164170703376262	3
0.02197496188986	0.23840382209921	3
0.066315849847081	0.324449147835344	3
0.069202955009484	0.326503194325495	3
0.07252867699945	0.332383683552866	3
-0.034810505755633	0.129313455843826	3
0.027616036640674	0.136417956595523	11
-0.034095674530318	0.127409417813526	11
0.077495790244205	0.235236104037738	11
-0.042552299870587	0.130349066602558	14
0.071222740481803	0.233358454177401	14
0.07060368461667	0.244331398216014	14
0.059438457184556	0.240892273024815	14
-0.049480049324866	0.15825891890416	29
-0.043590866620541	0.130173351459677	20
0.123248409429435	0.406033719602535	11
-0.120648292187273	0.243205777377693	404
-0.060729723172152	0.333507821316767	404
-0.04746498597633	0.416191838833155	404
-0.045886496838567	0.252965956080828	404
-0.067808458197581	0.216169386064755	404
0.087014974373162	0.666173320911623	91
0.012369466927361	0.461451568952036	91
-0.015919777237386	0.285649697614163	91
0.061198279224636	0.364565677097256	126
0.046630644359827	0.252047037520354	126
0.010549463401295	0.219740988485574	126
0.058915452401984	0.227233467783176	126
0.062585195658629	0.324257259561593	126
-0.00616417701097199	0.393795359253803	91
-0.082292801594581	0.222890346332364	126
0.039196866165836	0.344026294521259	126
-0.057636640493639	0.237394545982998	17
-0.052423482456374	0.236882303646019	17
-0.041692928136485	0.175579591089664	17
0.062330863113906	0.773785796096481	17
0.070033363902317	0.721885689583776	17
-0.086333598632561	0.269290437041021	17
0.027311525316015	0.597621673270991	17
-0.104779291618014	0.260703728706082	17
0.017606138392495	0.483320733792625	17
-0.009520046897634	0.288747120654545	375
-0.051276485887121	0.218655715557986	375
-0.059047618407954	0.315833893856479	17
-0.00429532082480799	0.271046704973001	17
0.03153197442961	0.132887805912913	38
-0.122385495667436	0.0958926712557865	38
0.108692859124965	0.41272130490528	32
0.040281327322827	0.248979633788842	32
-0.118712035534336	0.107737007321507	32
0.045066707062144	0.49196978750384	32
-0.080733799200604	0.279322984592463	32
-0.057941791265111	0.284502349163901	32
-0.111966257542315	0.113239208781748	32
-0.100233326831762	0.128041470252253	32
-0.029905412466312	0.130802116705332	131
0.021294699985831	0.340191459624166	115
0.075210951948871	0.501336376692234	115
-0.055167108002596	0.177015226822681	115
0.09130929113618	0.23687051998164	115
0.110929088503916	0.241020881973942	46
-0.039263892123223	0.28972216411403	46
0.01346261668005	0.407197291772927	46
-0.00976744559321999	0.368797498806435	45
-0.112523118822354	0.160689353000257	46
-0.028787084296211	0.255853044240439	46
-0.112535887341837	0.182089456574413	145
-0.042057769826487	0.226400809305725	145
0.112375796425974	0.409247035542046	145
-0.025329497845774	0.125865525980218	145
-0.019607869455685	0.277269555698687	46
0.00105638345334702	0.308667353109996	46
0.009023308654864	0.39555247492145	46
-0.10989449165098	0.136344964808582	46
0.031065405184359	0.370164120575456	46
-0.016685675382452	0.301781815846702	46
-0.050345029221132	0.158776424695449	46
-0.070747455943368	0.177450679404026	5
-0.000446996345154993	0.253165982823792	5
-0.057622588039716	0.218261732543354	5
-0.111294437559397	0.132544508148874	46
0.012696292521086	0.334941101374001	46
-0.090580822024037	0.177366285645216	46
-0.025390421414989	0.301925604852845	10
0.027333425498131	0.362645349207444	10
-0.063104130592985	0.171494396009977	76
-0.00990328514889	0.251806325498156	76
0.0761757562414	0.144295336896496	31
0.079723746179987	0.329788686788395	3
0.00954031697509	0.247557937099018	3
0.041896459318502	0.248055787161162	3
0.098041337546283	0.309634032075688	3
-0.048670729936986	0.130438991302717	3
0.00984311513555502	0.13662816471509	56
0.075879128910062	0.243777841288959	56
-0.05976347947564	0.156564164529204	3
0.085137194172626	0.311637929515585	3
-0.050013421739787	0.181892457489851	3
0.124888778432562	0.329647829534968	11
0.069220298920491	0.144271494460804	11
0.045139431091421	0.233590269079975	14
-0.000434822871540008	0.129954348925103	14
-0.054777117800084	0.159496640029299	14
0.113088305594914	0.33606864334423	14
0.07086017724871	0.144513472687543	11
-0.021576102912221	0.498908736638041	404
-0.012372224892434	0.347631372738327	404
0.10108432997872	0.80350070496883	404
0.027206584165912	0.722719375011199	404
0.099557716465767	0.48722514509984	404
0.083621108741653	0.541066912019407	91
0.079516164906037	0.428928722109527	126
-0.012934975565162	0.245844875627357	126
-0.069002268956259	0.284434122024527	17
-0.022605182683167	0.13551129932241	126
-0.05691466259525	0.272673940811419	126
-0.033957518347421	0.292333439135698	126
-0.040614716172355	0.172381243685189	126
-0.117979774482337	0.107421970735887	126
0.048479972655562	0.230611018293649	91
-0.099465129767132	0.183857852535324	126
0.01230577662997	0.50454361628549	17
0.033547888098473	0.484055137323575	375
-0.014758440968775	0.291291102301067	375
-0.072285472705564	0.255459641663696	375
-0.016310536455352	0.387117025363933	375
-0.063890410693077	0.223472330124836	17
-0.029099322829742	0.16329362824411	38
0.00579809698446598	0.240762824971832	32
0.022015869247595	0.243183943876613	32
0.113916880795082	0.336257047496824	32
-0.031979358188718	0.162204612891408	32
-0.033034038276645	0.338140432359079	187
0.106177498892228	0.781000681693613	187
-0.042581397403337	0.326632513418255	32
0.083410888806896	0.59770361285912	32
0.076605201244429	0.658852206476355	32
-0.121920446397757	0.203932506307849	32
-0.051125402064793	0.348899745155983	32
-0.065543013634289	0.306090052492831	32
-0.101251092551034	0.236549906297866	32
-0.038355410422287	0.133590871566435	46
0.059948809469132	0.312486851480519	46
-0.119424010588328	0.175659672048188	45
-0.029463244760509	0.278397389263947	45
-0.014362958375007	0.359832087359018	46
-0.063822304449634	0.2210029074727	46
0.02555242161991	0.133860885620815	145
-0.010569272109976	0.309795096774226	145
-0.123388679678919	0.142435916889459	145
-0.066585815185488	0.227146152932624	145
0.050712747857416	0.334592425460169	145
0.124160970206481	0.331771153299921	145
0.042311861175563	0.42019929349999	46
0.117030444527374	0.533874153758561	46
-0.055898105089434	0.198086136864608	46
0.046811201094311	0.32308497978226	46
-0.077381201279468	0.22475645693764	46
-0.061133007775126	0.235784846714019	5
0.038613391207084	0.315597931766343	5
-0.008933551392804	0.235129656309339	5
0.000171017380821981	0.252214562058503	46
-0.116079549676777	0.131973672823308	46
-0.067311490802121	0.188026856568038	46
-0.117110678387771	0.12856061791232	46
-0.11972547162303	0.12622669218894	10
-0.004433428714051	0.129287892053221	31
-0.110052363213193	0.129453993277044	31
0.076259347385952	0.316715291136153	3
0.014631648223448	0.24619691568286	3
-0.04317234033168	0.173005057009597	3
0.000429198220965987	0.134221562056372	56
0.041541891798386	0.231790817681831	56
-0.034996245643188	0.147907871323799	3
0.060668432742386	0.324944924035857	3
0.000972042887013025	0.133692032051975	11
0.020841498401647	0.126673760549337	11
0.124265528636074	0.144464459660251	11
0.075795548339189	0.148312729577327	11
0.072076620701036	0.144251972358682	11
-0.116887878617999	0.120968374883267	11
-0.059025866806484	0.167221238805229	11
0.051549444337387	0.83855626962686	404
-0.066888612508662	0.275453986754868	404
-0.040469159036957	0.618700574641476	404
-0.070754763186864	0.328276835100423	404
-0.066833300328208	0.248355015971611	404
-0.106906017295966	0.15022496392238	404
0.013590617995277	0.428842841483687	404
0.074269396498167	0.339635758898801	126
-0.121990332560934	0.17411779134075	126
0.032372976712385	0.240258363941801	126
0.040000693079886	0.251398217633694	126
-0.095579321815491	0.147246661454719	126
0.010831947609898	0.251643915736186	126
-0.060278541653561	0.267914563915859	91
-0.023676121788648	0.338353100807087	126
-0.069783480628767	0.227531318753938	17
0.048804661606313	0.333086184452169	17
0.025476229908031	0.474787428954412	17
-0.049049696130516	0.390164746780002	17
-0.056588902470696	0.381535860622225	17
-0.031143458538603	0.448909484548552	17
0.081561544702996	0.766518585470226	17
-0.021069176928342	0.421743434508395	17
0.042764163771411	0.521807980036351	17
0.076655836486286	0.342571397686008	375
0.05831721396961	0.599085267104035	375
0.023813983430841	0.361818972352672	17
0.123728192429637	0.153521575213333	38
0.038463998248953	0.24773154354476	38
0.030244349423965	0.133900745155334	187
-0.050278910889478	0.216821581531625	187
-0.00849553774589401	0.251340541767957	187
-0.00939912137729901	0.248817738896339	187
0.00333928355361102	0.250298260078595	32
0.122180749725638	0.410477724449417	32
-0.051160538418536	0.190738933087378	32
-0.117101347225394	0.220259155127406	32
0.109320776863747	0.609608126440713	32
-0.076168738984938	0.281744164094597	32
-0.083822397705955	0.242354083685478	32
-0.087432916414253	0.247713019347652	32
-0.063175909889649	0.311364176426191	32
-0.061420284153123	0.190361201597976	32
-0.047103552252403	0.197327664111391	46
-0.059174048166278	0.21744817693912	115
-0.02446667614176	0.140250694507409	115
0.00903509915679301	0.236174138381811	115
0.106154381295369	0.551569589467452	45
0.00146085320061501	0.334001675472539	145
0.010542106389575	0.257826944171215	145
0.122678590059308	0.149903118181911	145
-0.021107270575294	0.130299456763357	145
0.103209593794596	0.494861214091544	46
0.03167444689311	0.343066633749992	46
-0.057639515063546	0.256711057452839	46
-0.103464524844769	0.146751119978344	46
-0.068677102453232	0.190433122580967	46
-0.040176407722165	0.271965123859266	46
-0.032063501440516	0.28960703562568	5
-0.029225096860123	0.269686081750351	5
0.025616196270158	0.340046952275335	5
0.08010912415767	0.398527076424513	46
0.065837475693298	0.328732977013861	5
0.032629892476984	0.340439851151846	46
0.064427523732262	0.233832176794351	10
-0.041977574049191	0.1547324025021	10
0.00358145024872802	0.132913977597655	10
-0.041485442307043	0.132072708093445	10
0.056295056477651	0.314628834371559	76
-0.039267435686296	0.138666808689932	35
-0.104122959262995	0.12931203848263	3
0.026627639933318	0.248796517165009	3
-0.038586694439241	0.1532776598519	3
-0.062329242406929	0.149589321421958	3
0.07456325442502	0.148391013681812	56
0.023192210112841	0.229929180147568	3
-0.059554055834251	0.163596704378718	3
0.050641653229562	0.239313833655564	3
-0.048595524619837	0.173651230089555	3
-0.050049420580153	0.140834152765087	3
0.099655511943419	0.329270772072141	14
-0.00976854541420699	0.130996747470951	11
-0.121273810101278	0.117408039525538	11
0.0525868605118	0.335152805850681	11
-0.091454755143529	0.376778822759849	404
0.00292145196653498	0.603506187039396	404
0.061527902903575	0.880522107109047	404
0.00837963096033301	0.745728638638878	404
-0.032183691887217	0.667441329293118	404
-0.05600995129456	0.597889447795412	404
-0.112116950300627	0.335665680951202	404
-0.041927866993571	0.166518942429778	404
0.094874409828229	0.607935943046225	404
0.070086238274577	0.465368263844654	404
0.043070407800067	0.534518650487302	404
-0.019203803678143	0.337333007220565	404
0.106542061518342	0.320125330853058	126
-0.059206606476957	0.180091013493939	126
0.118845794786563	0.615948881250714	126
-0.087305588446383	0.241230210816293	126
0.122961511226641	0.333650031429563	126
0.014966632759982	0.410304906575122	126
0.084588138466243	0.23671568830945	91
-0.019509442885839	0.397319317362437	91
0.09470592610003	0.471049993552397	126
0.108420692191965	0.473630176756671	126
0.055779615794133	0.414397662916032	126
0.023031026536248	0.651100443965757	17
-0.046323377741762	0.423958184888963	17
-0.118575028091914	0.2195238171245	17
-0.031206470328143	0.415453184528677	17
-0.113607821843789	0.235229683980452	17
-0.123245649354326	0.220648758829011	17
-0.109732214480941	0.237292001665455	17
-0.04917645551069	0.372363211664759	17
-0.053392533333376	0.267389408337883	375
0.097227305349114	0.623590830749952	375
-0.016992719343012	0.275187549578366	17
-0.046902179877193	0.146350118412557	17
0.068391648358049	0.143714246071935	17
0.035787077833501	0.136254299280413	187
0.065039935198867	0.138150603661626	187
-0.063238728449623	0.193150857832247	187
-0.028325062288486	0.276900188701551	32
0.119507832724382	0.335619924653697	32
-0.041834590176043	0.184114071042421	32
-0.092340307003835	0.245726040633989	32
-0.107989061732311	0.240259298493452	32
0.009529993881844	0.487117362182662	32
0.066429344886412	0.397496618335985	32
-0.085553252031083	0.219829980118581	32
0.092868760471288	0.489428035437271	115
-0.070013659814365	0.265072228384237	115
0.057763157125429	0.321144373477149	115
-0.067674376403832	0.192576453513693	45
-0.069527613829606	0.212423639819162	45
0.121992956918451	0.401169014365279	45
-0.119541834045888	0.125732019855315	45
-0.055867188568587	0.162347588187898	45
-0.055715086508566	0.181428260433256	45
-0.063128893936956	0.184676065928785	45
-0.079094371191317	0.225522744919073	45
0.027473986944823	0.389562953482232	145
-0.042668243113595	0.155169478412815	145
-0.000758526611166988	0.27875191916167	46
0.045102156045579	0.355993493467632	46
-0.064821392267712	0.234236960417024	46
0.082351594240868	0.388934974908781	46
-0.056195800406767	0.187477951116568	46
0.047571632750241	0.330757754903322	46
0.067866488386219	0.434020114359041	5
0.00711011498662001	0.256870563030073	5
0.02731660491225	0.355494658634354	5
0.070251903350709	0.412392649641558	5
-0.046976890170566	0.25136527624569	46
0.04049005586786	0.327112101970834	10
-0.052193228542563	0.162506947358029	10
0.044237887003759	0.233577135404567	76
-0.067135985223016	0.184026435780579	3
-0.039149341976671	0.1316593696854	3
0.099545697405636	0.326561571474369	3
0.059989484037351	0.239386194745863	14
-0.047279905750462	0.175227441324739	14
-0.055578824200132	0.150768077152812	14
0.008118870334829	0.136008560379453	11
-0.040003146177262	0.123945877071911	11
0.033970655337238	0.233214128768348	11
-0.112716994038338	0.115191436706114	11
-0.120563954088224	0.120621420490213	11
-0.067106991216038	0.16779289531494	11
0.026297640756951	0.13387049412219	11
-0.002899782102293	0.728196592936221	404
-0.063275268584485	0.418109772386385	404
0.07705769782558	0.948249608170644	404
0.069738718467135	1.21384135442029	404
-0.030733476679215	0.626012228664882	404
0.068716161225863	0.536704559751802	404
0.100910079010622	0.323465074797203	404
-0.089052067011375	0.215643441298431	404
-0.070084690593464	0.235879895385263	404
0.086925600242128	0.624355228978558	404
0.074182942887159	0.379682680283503	126
-0.053317295725916	0.209873221378199	91
-0.120775105239071	0.167432204623609	91
0.010150920147599	0.364587722863275	126
-0.063164542935709	0.210813485308379	17
0.03249134431074	0.600889300375021	17
-0.060187441463491	0.349050825018642	17
-0.124168117825252	0.194743433848296	17
0.031360867890722	0.642459769492694	17
0.013039597536536	0.415230610292221	375
0.00022525526297501	0.351481134171185	375
-0.03010204686995	0.38729114252428	17
-0.082243303300088	0.193231068904931	17
0.00497842760078798	0.135299986465102	17
-0.044903293912992	0.157794062430805	187
-0.038558926545872	0.295737126141884	187
0.032348602143477	0.249718008089991	32
-0.051388877068461	0.196998532788042	32
-0.1121436232851	0.123449023379617	32
-0.041555427543443	0.333580212932951	187
-0.103210922879701	0.251766045170405	32
-0.086762950718354	0.25636713825401	32
0.028193397960946	0.537429221190898	32
-0.056222905077011	0.153224808541268	32
-0.010987744708978	0.405636857248376	115
0.025471692485243	0.346591890442636	115
-0.110209544554633	0.149426765156672	115
-0.055929408369117	0.193523987411011	115
0.031216940745745	0.137509458958277	115
0.097244502101421	0.409054729333018	45
-0.095941220467157	0.189412399952417	45
0.118731715962646	0.663940370825821	46
0.021919866930816	0.312140567236158	145
-0.049611406706996	0.225065024390542	145
-0.105236816512515	0.138202701527124	145
0.060378387219074	0.2292488229537	145
-0.107397010287537	0.157607831068605	46
0.110290061864933	0.543897705557941	46
-0.09614912947067	0.15118766079102	46
-0.066022297859131	0.156234781850525	46
-0.099620684948993	0.174442924639639	46
0.120520488347191	0.604911251323953	46
0.109746979579115	0.543751109813815	46
-0.086066680102078	0.177775762494663	46
-0.080625427245963	0.206747135429386	46
0.03333844756986	0.428909984416129	5
0.071563540878437	0.416637336589527	5
0.111451698402844	0.562368295189725	5
0.033829396303811	0.389385091192367	5
-0.108123473216473	0.145592785076137	5
-0.04339712285449	0.19195633200306	5
0.093561254912988	0.331968515028903	46
-0.063487502348637	0.18529312871445	46
-0.00122903700166499	0.253633832302298	46
0.065573612180516	0.317430322196997	46
0.023123295044633	0.342730229722557	10
0.00114184986357901	0.254697963367397	10
-0.056898532425494	0.180101090533155	10
0.070799353660591	0.239782138649932	10
-0.058955354636939	0.172711422948252	76
0.077785449942924	0.324958217287163	31
-0.056963215360959	0.169404157495839	3
0.071170886349746	0.232789247040327	3
0.011086583851965	0.237045466566347	3
-0.051264384401396	0.171805671451528	3
0.000884697766468989	0.249963116962419	3
0.112915742304213	0.342138832275196	14
-0.121873799418721	0.106063333597954	14
-0.121567584131677	0.097386263102023	11
-0.040449187750661	0.146099647580029	11
0.123964572985984	0.153266309642084	11
0.077675097764393	0.242850883048644	11
0.123203171169349	0.1531233238139	11
0.085703940100577	0.417533544431453	11
-0.050956402895746	0.220864596805483	11
-0.040325331833669	0.13525372462978	11
-0.119592970664157	0.571897974975568	83
-0.059310083342565	0.482875407396633	404
0.080735523777391	1.17524186358041	404
-0.097510473085181	0.45138326768985	404
-0.06486824786586	0.586259099443524	404
0.120199873081554	0.657011748443737	404
0.011281095977602	0.239063853329054	404
0.042542667792523	0.478237841725435	404
-0.111195027479209	0.198326552610923	404
0.043807478451811	0.609781174679383	404
0.081942231515935	0.622679561697847	91
-0.05087150111504	0.267822914351918	91
-0.066497139679235	0.190842741120172	126
0.015148948410192	0.432811166060449	126
0.00723272036955003	0.468228660171	126
-0.121987633694302	0.196239741132158	126
-0.082113513447081	0.290140848052736	126
-0.10883545043603	0.166213476550957	126
-0.097044073371042	0.153208994563371	126
-0.039187211671308	0.13391641128091	126
-0.036138671345904	0.152094368688012	126
-0.111806822192242	0.109951103405049	91
-0.124344314010413	0.0970041728528925	126
0.118405345664149	0.49955436144771	126
0.080434826349184	0.468459494761347	126
-0.0728387575107	0.269254233036054	17
-0.006391806061324	0.511836647286827	17
-0.09649294644982	0.266426125722485	17
-0.091510113419709	0.290050316573566	375
-0.111825079282779	0.211861218859716	375
-0.068775088694405	0.27028580882801	375
0.032992270600385	0.346676736493266	375
0.089319079846892	0.524476076605529	375
-0.022177970170273	0.124930192274563	17
0.024705725377934	0.133272838423294	17
-0.027855630102302	0.122434279822376	17
-0.002498906516641	0.128719718763085	187
0.101329394522696	0.231539819959452	187
-0.015584081599119	0.225420030495399	187
0.064239902422464	0.232301979063658	187
-0.115485094763153	0.10131650981366	187
-0.049361956987878	0.304791542830267	187
-0.047963363660734	0.271355877830156	32
0.122772174565552	0.656410321162079	32
-0.111620574282819	0.187118503809949	32
-0.055528151655003	0.314128721492111	32
-0.017556297667348	0.256620063624847	32
-0.026757596393391	0.359262011162646	32
0.000514907181834001	0.434081069559786	32
0.070316221422894	0.440430701684535	180
0.043643097987656	0.384385260519366	115
0.104591085881815	0.322867211867984	115
0.071452130359699	0.145404264449747	115
0.062438953309687	0.430807875272722	45
-0.052889541502437	0.170406113393474	45
0.076869340303944	0.427728355881134	45
-0.105975159421807	0.184073134157508	46
0.106276849912961	0.230659918375789	46
-0.116898002503023	0.118678541037927	46
0.055049750954282	0.23862738113639	46
0.120100458496607	0.232105655210502	145
0.042249149430904	0.323504776715084	46
0.027044830022694	0.329049752841176	46
0.064827216675713	0.423660553501885	46
0.099982237958788	0.405777419812677	46
-0.058727266378767	0.221781093268604	46
0.094816687281198	0.504559431047993	46
-0.048031037580858	0.252841491013116	5
-0.06081328770842	0.232704667531209	5
0.104381085400548	0.43488142626346	5
0.037496670885237	0.35091293572901	5
-0.058433369337549	0.214434316170106	5
0.052931588724855	0.343782952791806	5
-0.050287752155263	0.171792734365558	46
0.000879660716927022	0.269132247588696	46
-0.101421388736141	0.151240774816567	46
-0.00167405338270499	0.25650602178181	46
-0.061241354149801	0.179144689663808	10
0.075463552956007	0.245196476388496	3
0.019587880273354	0.243326182202451	31
0.058538898263444	0.24638394662061	3
-0.119454388583877	0.111847595091574	3
-0.00637866366782	0.126020071481088	3
0.00161740613814299	0.134041376290916	3
0.085905821297571	0.231777850529954	14
-0.031080765286617	0.130117518535169	11
-0.040882265118348	0.161825256513362	14
0.119460340436642	0.150625234110511	11
0.062790931093728	0.137855523998915	11
-0.058978206224531	0.18856681717776	11
0.033684750218185	1.15737280384369	404
0.055078085493654	1.30880950283079	404
-0.084372222650799	0.585032461765571	404
-0.067385603632992	0.719096243656698	404
-0.01037055872094	0.239745771781473	404
0.042282257435727	0.597903612162354	404
-0.088952383334495	0.297219997001089	404
-0.000549261820822988	0.378219495640413	126
-0.066773738808101	0.195592111917645	126
-0.072350076156188	0.287719105872253	126
-0.123566708872165	0.115055243784336	126
-0.00586264344947901	0.44850981455473	126
0.105533318763614	0.234728052578019	126
-0.029187412374354	0.159485015734145	126
-0.067305641540483	0.306500525849543	91
-0.048367318307613	0.318095758592756	91
0.093904054332783	0.618207219202709	91
-0.121877981089784	0.14482817678131	126
0.105585714510184	0.54213058712018	126
-0.015027820053837	0.287291105105912	126
0.032389147613854	0.418429232800901	126
0.062748716577662	0.467796158712355	17
-0.099858151077196	0.273172579081216	17
-0.054145057288094	0.197805331487467	375
-0.058059446337143	0.284169978586448	375
0.000972042887013025	0.133692032051975	17
-0.114433946715685	0.115625788895139	187
-0.058401519018694	0.293242696047959	187
0.11806682164181	0.643484579739693	32
-0.090510444885564	0.216480404231128	32
0.124974640138516	0.73324383807883	32
0.00524122024999602	0.456350623755304	32
-0.114302187051155	0.141505886371274	32
-0.0413681801357	0.314331396871635	115
-0.044481174513671	0.292078525332255	115
-0.071601687287032	0.21744720901833	115
-0.039337150983242	0.157713006898348	115
-0.094954489945695	0.165018899845645	45
0.00704925260596501	0.355985625618285	45
-0.012749608152662	0.362242605510245	45
0.022131394463301	0.344378887946137	45
-0.039963052403011	0.304107943267223	46
-0.06076002611198	0.273207856146859	46
0.0726530284613	0.2398182163806	46
0.075670447177654	0.418413069359023	46
-0.054452714431398	0.302628190801195	46
-0.00550069155302199	0.299977082837092	145
0.022626835114816	0.404714593413765	145
-0.022591393170915	0.270434674319245	145
-0.11251197855024	0.11836346316063	46
0.094340694031435	0.410587332210876	46
-0.059826510792828	0.247770831999681	46
-0.110972875704937	0.141321668329374	46
0.044034244596211	0.418631202453267	46
0.015610492796922	0.336762329552355	5
-0.050782286851659	0.227903395530559	5
-0.047553056247673	0.175622336825802	5
0.04805600931911	0.32886891893016	5
-0.058552489370352	0.190814839493278	5
-0.1230676773116	0.104404762715491	5
-0.121447527384015	0.121292314116373	46
-0.00145881675203499	0.251391894299088	46
0.042282227352482	0.320821123631406	46
-0.028202148552275	0.271310680463042	46
-0.065514444226866	0.189954741199721	46
-0.123845457257629	0.101267882795019	46
-0.00455659196257699	0.253083809841452	10
-0.05011162218186	0.175785844359946	10
-0.039004595078929	0.163136046005028	10
0.069664838438199	0.23973967917544	31
0.089243650051079	0.234460153787522	31
0.04273949925341	0.248506053531477	31
-0.051829956488014	0.192090657737236	31
0.035913606703312	0.238018526775132	31
-0.033736269286155	0.128724097642332	56
-0.052382960496832	0.15467074166756	3
0.062667580062037	0.230373034090246	3
0.085045426889529	0.229345865369317	14
-0.033829714891969	0.148192016939453	14
0.087061691443626	0.235662719620082	11
-0.052626711771661	0.169068361379539	11
0.02450227577776	0.64900853224167	404
-0.063808304509531	0.439732641312823	404
-0.00743969824031401	0.658102727438811	404
0.015744086933211	0.775357973429505	404
-0.069026767712059	0.35901315375033	126
-0.00411363437242901	0.436435068690311	126
0.013326107524165	0.545644812534538	126
-0.107926903833721	0.278317245754869	126
-0.12008826988767	0.14386971274347	126
0.068024547660294	0.474772063144078	126
-0.035061174672182	0.289821889110206	126
-0.02608036147751	0.305514520891725	91
0.091382487439655	0.665118209474123	91
0.00456602683160101	0.536823777445479	91
0.044472439842521	0.429290270207723	91
-0.122307599364878	0.192286833514627	126
-0.052162380362804	0.321434695726846	17
-0.026912739388921	0.338445062288118	375
-0.077095571273606	0.279418085288347	375
-0.097529176493393	0.247008462380497	375
-0.070160434544579	0.327643387996868	17
-0.025821011000792	0.442088314374913	17
-0.118038107161446	0.119100608645685	17
-0.045764731861756	0.15666073940279	17
-0.034529927493829	0.128612223041048	18
0.113916880795082	0.336257047496824	18
-0.104484946077439	0.216177514942153	187
0.080355122352356	0.68621958484262	187
0.049263366642071	0.431344643815178	32
0.042080989373692	0.41611577155865	32
0.064778084833009	0.405531523194048	32
-0.035317099701473	0.282265636827966	32
-0.062612084641885	0.223580217461738	32
-0.063782450551491	0.239284689879924	32
-0.051772579044888	0.234042544191874	32
-0.114713176179868	0.177848629211396	32
-0.08928313043069	0.189827213761123	115
0.050390046026772	0.328373488802977	115
0.014717468204479	0.243158869002897	115
-0.117135065569584	0.156336447249072	115
-0.018049217491154	0.327363266146072	45
-0.091223838068625	0.203900449730243	45
-0.094534115106294	0.177268022269901	45
-0.00658573705927401	0.264421456054509	45
-0.124072023192614	0.120451022156246	45
-0.089037905355321	0.186055283680049	46
-0.102166341342023	0.149541792903912	46
0.039367262618836	0.414020629621887	145
0.045351620290723	0.238995790971571	145
0.121957861532924	0.325156039419355	46
-0.057733082937878	0.165130808594841	46
-0.116192134178294	0.124633547184806	46
0.121557179208886	0.492763290852046	46
0.066984054425594	0.330857504697417	46
0.078593190015159	0.327056185460415	46
0.000535591520362977	0.300307804577227	46
0.114194825677085	0.397696322098386	46
-0.046526910984214	0.176592868537966	5
-0.045876177176745	0.15737424339565	5
-0.1114512975234	0.124039932799937	46
-0.047786796373084	0.143321878925948	46
-0.058396173394476	0.159268754704839	10
0.081599262917694	0.240223260587646	10
-0.045940890347892	0.16175276783975	31
-0.04928242400041	0.132259181420543	31
0.092344936781264	0.237748332108464	3
0.070454624503623	0.145128265678414	3
-0.018686814635103	0.127832023914446	3
0.072499786433836	0.147288588686901	56
0.062513944638312	0.229118503853533	3
0.091661566520608	0.219654089699976	14
0.024121057004134	0.12939086480776	11
-0.044351138099664	0.147328735955158	11
0.05414563940958	0.229408979261675	11
-0.043120560930875	0.155323093916983	11
0.073330072134803	0.147517235576911	11
0.06772026056066	0.144414415480069	11
-0.101903252473038	0.63684425273857	91
-0.079628447190305	0.553446298862398	404
-0.108238598150201	0.413092003424397	404
0.109930749534802	1.62466876912202	404
-0.11204756423852	0.354725949416858	404
-0.069106141956364	0.467347610027159	404
-0.068024597056197	0.373912387947194	91
0.028037671863086	0.831058335950233	126
-0.050518818170561	0.457896630065711	126
-0.049344426380783	0.464215219920284	126
-0.106495545160517	0.255813622945079	126
-0.122711662060137	0.233072632552084	126
0.101181758235527	0.725425585551536	126
0.018668583563287	0.492584783091183	126
-0.05859804182324	0.331777205296977	91
-0.069789162300462	0.326303863592683	91
-0.101710033626864	0.250718337857293	91
-0.123984389190376	0.220442450268526	91
0.089751688672906	0.669312535983156	91
0.023509066293131	0.46657954550442	91
0.020463765441431	0.570002285600106	91
-0.053586665871865	0.346035450129639	126
-0.049704548366127	0.350102831266963	126
0.065619117422573	0.855723927084001	17
0.066934696456489	0.770459610695412	17
-0.091808264233674	0.185071648088594	17
0.113177165832791	0.482313224804987	17
0.037433261354689	0.323023937497949	17
-0.063930382434256	0.201181132381868	375
-0.107241165579638	0.176050873984158	375
-0.066687368513004	0.33112682069576	375
0.116477639725048	0.617072853998329	375
-0.01083582100931	0.477333875415203	17
-0.048463864645666	0.27216106836032	18
-0.097029893845444	0.216390084890522	18
-0.030530450321164	0.385879225983247	187
0.002002777083223	0.484804304756903	187
-0.064313872365253	0.325315962769299	187
0.085008191485264	0.591562146060902	187
-0.035587831744856	0.370444401755776	187
-0.078144147574609	0.306663666874488	187
-0.039367150549838	0.286983121220763	187
-0.084316238031786	0.264700797796654	187
0.037130795067415	0.403302346946688	187
-0.122008131541971	0.109497412459272	32
-0.062687107234589	0.180890591238311	32
-0.115074275831889	0.120480714686305	32
0.050820815242571	0.566309346195055	32
-0.100253951671172	0.190140942623981	115
0.018803391718511	0.382241394982532	45
0.113004774582574	0.322745551158433	45
-0.032784601574274	0.159385098764595	46
-0.118757684268632	0.206861621303654	46
-0.075815441267409	0.271777411294278	46
-0.014115327680898	0.334895269241193	145
0.030912033861235	0.349173262717908	145
-0.008756592724115	0.263982071034162	46
-0.043307589399214	0.20067310996349	46
-0.040705723176391	0.150726587107418	46
-0.019458351469502	0.130333823400605	46
-0.034582644300555	0.272114245247094	46
-0.023900317558921	0.133652299271488	5
0.075494256189117	0.235174541608898	5
-0.028687463650406	0.136734129376134	5
0.060971152527791	0.239061304500878	46
0.063765710584421	0.221623057740806	46
-0.041314270712045	0.138002489756293	46
0.00366188467394102	0.131537289400491	46
-0.01753686640453	0.127410606245957	10
0.028704253589415	0.239905530754804	31
-0.05551317265751	0.198952367235264	31
-0.033523809131298	0.129998508774977	31
0.103025573840201	0.232382455288466	31
0.101398114904941	0.233028902630387	56
-0.121448118119211	0.111179298951072	11
0.069042434368127	0.230814067863985	11
-0.03730019568962	0.146644502325797	11
-0.04647914709039	0.189680324788228	11
0.10930690110553	0.404072463754091	11
0.066774492030041	0.33473658985594	11
-0.117052609814377	0.118537979020078	11
-0.035440042688737	0.155540414173498	11
0.080394902329472	0.326891166871587	11
-0.116827563668327	0.430505044482543	404
-0.068025684413297	0.524579900704915	126
-0.1037833576156	0.379516376353496	126
-0.00756720183684501	0.524635807240195	126
0.079209310218881	0.473108082777011	91
0.02537834575806	0.429490308257063	91
-0.00172723816519399	0.547560848609532	91
-0.071990502980943	0.288951730060642	91
-0.043203131222763	0.560711598382873	91
-0.057422374064998	0.204932798947364	91
-0.031494919216437	0.340370359950952	91
0.073087304392131	0.875837324799683	91
-0.041513061755794	0.472164124503629	91
0.016667576416421	0.696604582738645	91
-0.092036048276784	0.306097343836592	126
0.101969610041093	0.628834272021399	126
0.00867194779031799	0.533565900086813	17
-0.041463911017041	0.137802344337477	17
-0.044253607580457	0.164341936269157	17
-0.050237281360039	0.146139038217071	17
-0.035072183068255	0.138910576584937	375
-0.043942315866888	0.284057254222026	375
-0.000969544778441994	0.56719741414328	17
-0.00917453368691901	0.393693864515169	17
0.085832409198726	0.748218010323804	17
-0.120550488851116	0.179023158791776	17
0.027601113609662	0.517564103716209	18
-0.027675441669205	0.457016850735563	18
0.000155773141755022	0.337049470512474	187
-0.046137752950028	0.385748170963298	187
-0.081176416265284	0.204233655053916	187
0.06490687795368	0.715753174092892	187
-0.072319673813473	0.283607925116621	187
0.01141945120269	0.260449293766015	187
0.075997151417908	0.678712887480946	187
-0.064693354228199	0.353511145962201	187
0.068684224385474	0.846849374772485	187
-0.02326086829112	0.292740175989674	187
-0.021865213232548	0.128407392731673	32
0.093265927087679	0.232522987503596	32
0.000425984109364008	0.130763478162166	32
0.091652899897837	0.426770644372361	32
-0.051862441154796	0.135086781679008	32
-0.105757412503903	0.263285406526295	32
0.105649907373446	0.23879318809838	115
0.00202727892722598	0.25694020122731	115
-0.016238685221414	0.49358256567536	46
0.092657999197889	0.222579394193378	45
0.123531495483543	0.392661730173331	45
-0.090713556974259	0.180228789502401	45
0.061760167025128	0.489039544445463	45
-0.115426428638199	0.122628028510992	45
0.099555853229767	0.330151759988642	46
-0.122018602211604	0.102410536845915	46
-0.066401493227164	0.308079933781385	46
-0.048698350256153	0.205496126371546	145
-0.104505352648063	0.253437916446519	46
0.042416163784459	0.314493470348854	46
-0.044286152317461	0.138968720409762	46
-0.124804371531584	0.0909135504661855	46
0.00216057771205302	0.13427416856262	5
0.101065983829612	0.228116684138434	5
-0.061673943618026	0.170305367566685	5
0.072900478716515	0.325805080728937	46
-0.003037258514206	0.312598707971978	10
0.073733355031137	0.148163104663706	10
-0.003256441816504	0.130156070875265	31
-0.033703175441527	0.308226576591108	31
0.039245935660357	0.319577314311979	31
0.032460326474618	0.139332043010962	31
0.004999297979706	0.243934818734388	31
-0.094993558587115	0.151911405458155	3
0.071815768124734	0.144233638939466	10
0.046491086821189	0.238177617374962	11
-0.053456586842468	0.212429312003002	11
-0.03286190345147	0.135937559944461	11
0.106587958313346	0.324440353891725	11
-0.048403183389887	0.169503662860856	11
0.035394097303769	0.356406186465365	11
0.105840831578189	0.320791915090148	9
0.097548847328063	0.243111469650131	9
0.06664296040302	0.236879266612474	11
-0.033151018367892	0.339279451300201	11
0.023112735706571	0.412376486045311	11
0.00666409664564399	2.44097702430244	91
0.012968084934726	1.14079110367766	404
0.087721662474758	1.66393102988187	404
0.023989714245772	0.80089449390584	404
-0.087266564638887	0.359937447334433	126
0.03778915830427	0.779164024764118	126
0.010304993979902	0.547546607230128	91
0.033876127312112	0.690335947025533	91
-0.014424654134699	0.463171164666886	91
-0.00235258883806699	0.439063746185753	91
0.058684127187223	0.607121840093258	91
-0.101034613618516	0.218889936332303	91
0.029208073542834	0.472525329017967	91
-0.00792035593777199	0.452091869058794	91
0.081908434430868	0.854771878623272	91
0.086362808800144	0.716189149904355	91
-0.044421366042845	0.386428568737184	126
0.079810826973238	0.637517220513167	17
0.032560415124985	0.350732832196062	375
0.032871350302334	0.367294804114068	375
-0.096569355767847	0.195523096234743	375
-0.02125905370432	0.352580864169258	375
-0.035240164519883	0.397090639358803	375
-0.00815772703180301	0.439438308839689	17
0.065120453761764	0.683325359564489	17
0.066398004058467	0.641560361338037	17
0.011560445626046	0.452122919176679	17
-0.077313951983814	0.251488298789918	17
-0.010051943893007	0.375159811482889	18
-0.053828767903763	0.248291458517856	18
-0.00417960858643601	0.417689124312997	18
0.00703667694926902	0.432315590092094	18
-0.107535886242395	0.231797042331431	187
-0.00677093381066299	0.387129088123728	187
-0.11217221295919	0.215371135207849	187
0.122729518876261	0.483236181664683	187
-0.108748038046522	0.12861472137447	187
0.014343690165396	0.256400587650125	32
-0.124906056656208	0.106231401683784	32
-0.052051979025498	0.200454367037866	32
0.071867979239432	0.582203493284784	32
-0.035881078583173	0.354008903137816	180
-0.06137432595138	0.30120244993087	32
0.038720689665303	0.451412366473672	32
0.124280624554938	0.418071187788763	180
-0.044215455520357	0.180564967144505	115
0.102700114788799	0.329326485714476	115
0.079592782511065	0.324647642730775	115
0.00293501183384198	0.421385670514808	180
-0.107589829859885	0.138154718091486	45
0.013436518886969	0.253141523307207	45
-0.111647112225376	0.124009428442861	45
-0.054688063602684	0.159102768381797	45
0.00561153490305599	0.24775510165213	45
0.048048154049031	0.470284297609984	45
-0.00854941005218099	0.297560466684859	45
-0.038970099774885	0.157314752696105	46
-0.114197498879236	0.238886941782263	46
-0.109845042317219	0.133315411000587	46
0.114843309783812	0.382397525647483	46
-0.06572357429807	0.228141447301032	46
-0.093167245212222	0.164485822055012	46
-0.057243607008322	0.165599729410241	46
0.042323381748049	0.306971557023368	46
0.118173865473085	0.326579916914243	46
0.067802192627796	0.313241044106463	46
0.047795728868493	0.23520592363764	46
-0.041632606265632	0.15015850036187	46
-0.046296518285714	0.159233827125289	46
-0.04070036821745	0.157033375495921	5
0.031520514383129	0.245753288838903	5
0.060157727347717	0.234227876881364	5
-0.032894010312257	0.147894432691242	5
0.094722878623437	0.333181492875623	5
-0.037193944533632	0.139803018801656	46
0.068979646784585	0.340444222044324	10
0.080644604789653	0.242736721766938	10
-0.00685148551759401	0.253204372877238	31
0.010305270378691	0.252837093351556	31
0.094458990844792	0.233538930856823	31
-0.032844594195802	0.135300915833719	31
0.029953350876514	0.241107849438399	3
-0.035254502400171	0.166279704447311	11
0.081599262917694	0.240223260587646	11
0.081832630465021	0.326646769156048	11
0.04260273774919	0.250327856028184	11
-0.058739226819858	0.159433966427667	11
0.11870982803022	0.418968752187397	11
-0.056506672232757	0.206006668290103	9
0.026353521209178	0.248282235586495	11
-0.048772316247968	0.194707985387157	11
-0.044295830823261	0.142766276788048	11
-0.080538735981418	0.598246148035844	404
0.100513440046615	1.33368277431066	404
-0.050347544014134	0.605436797206836	404
-0.087507389945675	0.360357003310605	404
-0.09796492642498	0.345622441297216	126
0.035100647064693	0.355363054267222	91
0.06082066647613	0.483750305807105	91
0.098565869831907	0.700177753248283	91
-0.059218275411489	0.363096490684809	91
-0.118018558315864	0.213357153877643	91
-0.03000518539932	0.377795807422618	91
-0.077462706224168	0.22182914440383	91
-0.08214056637714	0.343801781406575	18
-0.005580022581681	0.4705823527556	18
0.069300578387141	0.553796097612023	17
-0.122333535663024	0.180925181740765	17
-0.056607656125029	0.265787495272288	375
0.049235047356181	0.579223989856158	375
-0.10316970319354	0.212001774878037	375
-0.07651942244351	0.244187990342397	375
-0.014583584735299	0.302435345762361	17
-0.014413745305279	0.276832859553003	17
0.022514787282554	0.339445770042611	17
0.073205696041538	0.323428058595906	18
0.001517153186399	0.257559974134733	18
0.103657790993752	0.321582436442626	18
-0.060735324253573	0.286618783523824	187
-0.093194647793847	0.239930072894606	187
-0.109505273213007	0.166493980197676	187
-0.043808116477446	0.346333122933178	187
-0.081896522841274	0.235886405020087	187
-0.111337602291353	0.131205804147905	187
-0.062473251095664	0.212164682015979	32
0.032329350778721	0.32003584245517	32
0.055911307517726	0.417155867358368	32
-0.09845090963149	0.158353879961657	32
0.030692045190269	0.422886765865671	32
-0.049104022187473	0.222371897556551	32
-0.105353917920222	0.185211269215348	32
-0.053401028839026	0.278049628040602	32
-0.072104228829608	0.256663311502505	32
-0.044388033882678	0.223657017294995	180
-0.088592573920739	0.194256287008004	115
-0.094407241788415	0.203617122365429	180
0.040568984979874	0.41939598078513	45
0.011913329917849	0.262148250418151	45
0.079327043278924	0.39669565887921	46
-0.111064725120542	0.14788106685265	46
0.097656883126843	0.521138034886684	46
0.00980895839719997	0.441426424751716	46
-0.101939948036699	0.195951877419428	46
-0.00761162820616099	0.262107610374245	46
-0.012505531286654	0.241344708937775	46
0.10825336800993	0.387894360918018	46
-0.112395008663039	0.128593969900975	46
0.030165939554623	0.254155074699416	46
0.08840178641777	0.330757625347326	46
-0.043953231384028	0.167882979736305	5
-0.112951202429798	0.116334045354423	5
-0.04627376891695	0.16714736437869	5
0.090856301364248	0.325174749756285	46
0.051016165065907	0.244196845244756	5
-0.04313063117187	0.162310593037181	46
-0.046876521884507	0.156358798721437	46
-0.045823468820508	0.163609391843947	46
-0.000759623060924003	0.242315631122733	35
-0.03805229591818	0.130207857493792	31
-0.037198671577325	0.140814986779715	31
-0.039861087911269	0.154410448239339	31
0.090184501983223	0.245799887249411	3
0.071217381385983	0.226820773258303	3
-0.037163162673313	0.134568610101725	10
0.06551474903579	0.231484925588284	11
0.041306549359984	0.238515479679954	11
0.00681390807319399	0.132312530023758	11
0.092874719634993	0.22286788171347	11
-0.04035795413696	0.149329586025324	11
-0.038491923397405	0.181455865021547	11
-0.058293834571827	0.148926499776893	11
0.048275839468052	0.227843242613839	9
0.008656905026586	0.136291922247782	9
-0.124273234578023	0.10636937502433	9
0.041794655327034	0.255638665756888	11
0.07611205118843	0.40552156199876	11
-0.061590948697645	0.154581900945459	11
-0.041637114689518	0.657378820023952	404
0.055241360442975	1.1927091725354	404
0.021253175958053	0.833898839042291	404
-0.042528556299021	0.319444270589549	126
0.017763361693237	0.501617551536505	91
-0.010633635357964	0.577831399529837	91
-0.034519920207951	0.559281644408493	126
0.048133365243847	0.649419892673094	126
0.039366431209058	0.417406618360439	126
0.062035009279489	0.334694633751576	91
0.102436528068334	0.334121440054161	91
0.056841086045858	0.446838127121984	91
-0.06468346347185	0.35537989336209	91
-0.088329295409428	0.288010797432001	91
-0.101777423766308	0.253622161176289	91
0.068512055194545	0.504276354940792	91
0.035154509580363	0.355724148291308	91
0.043070706970884	0.512217912819999	18
0.095862960827069	0.796264907052184	18
0.054538710851962	0.506088669023207	18
-0.037767106392727	0.353347466125138	18
-0.11210506904174	0.204418583733485	17
-0.124073414807012	0.202368806561281	17
-0.067449358406737	0.305964229167981	17
0.00508132019938001	0.427310299186323	17
0.00961561994932097	0.427264273591777	17
0.082454452778719	0.532311269137654	375
0.055204841952943	0.479541424228026	375
0.060299437806337	0.531512904291703	375
0.042920623721611	0.545456984130451	375
0.047630487891062	0.237690674171486	17
0.035019428210202	0.401758007466522	17
-0.090928017498935	0.201151909766569	187
-0.048234015286893	0.334662530146376	66
-0.081201634950636	0.27861877334658	66
-0.060581854287073	0.412086174111643	66
-0.055718449818404	0.184280333332864	187
-0.029853525627972	0.297589362060843	187
-0.106306263346143	0.156741789286703	187
-0.079303312761709	0.274141227187127	187
0.057310927484006	0.438186092779711	32
-0.110244479549586	0.139617059109919	32
0.03560289007961	0.354957206557882	32
0.063111806510123	0.458269384600079	32
0.014546288183856	0.261998820741263	32
-0.055543002820134	0.226336602161771	180
0.061183635507223	0.243277286011231	32
-0.050692939090455	0.144869513732136	32
-0.059263556735327	0.246274932778724	45
-0.051743378502299	0.22981055143347	45
0.032633781989325	0.350345667925416	45
0.016533086922219	0.364690046937574	45
-0.058176547193507	0.226482067199172	45
-0.124666230633557	0.122988588403604	45
0.091369389588702	0.470684967490252	45
-0.024155898398116	0.24972249074973	45
-0.11185752066531	0.142637733911571	45
0.111940173291195	0.614015642675039	46
0.093416917092269	0.328463619736027	46
-0.084913731644331	0.223510871037215	46
-0.038219954479908	0.133834032706316	46
-0.106603889399006	0.131903983222684	46
-0.018768019599885	0.26011082688585	46
-0.054099122520371	0.218492877141496	46
0.026184691366877	0.31004859888236	46
-0.056003682000735	0.162577785809833	46
0.106730795693192	0.406644329598468	46
-0.116129124356754	0.125577804538181	46
0.041680868897481	0.33160833365551	46
0.051388010107526	0.244466094852263	5
-0.069230168468326	0.149300820685987	5
-0.050210696332724	0.194185168050673	5
0.064773970863587	0.319788859899427	5
0.019995680054453	0.249607420670932	46
-0.063944122813964	0.165346550023169	46
0.070351425851629	0.32100228235981	146
-0.05670394718333	0.175253682898795	46
0.112046181007363	0.33279249043232	46
0.025066370674214	0.256583646406326	10
0.068391648358049	0.143714246071935	31
-0.047904369007998	0.152623629629101	31
-0.064305499020337	0.128653876068775	3
-0.043520815885342	0.136578887222445	3
0.036682608923015	0.140128034404399	10
0.064545446786913	0.231195671743801	11
-0.036010646066374	0.131686875503203	11
0.120467353377982	0.326759511586583	11
0.109347963391688	0.320103628654093	11
0.075361787401987	0.238833336472798	11
0.100813193705553	0.397769152879173	9
0.12419573196661	0.412921554130297	11
0.045261331836959	0.65802527085309	404
-0.084721448232673	0.444277117066662	404
0.034543894364495	1.03286598693939	404
-0.096210961184764	0.396727227196206	404
-0.054157326623986	0.442336566303248	404
-0.036635573873203	0.626362151938352	404
-0.077555693237175	0.343626434320019	91
-0.107336754330447	0.295564253721927	91
0.093884265955762	1.00285382639525	91
-0.018161710132753	0.610365145125931	126
-0.041766582190069	0.19348217281952	126
0.097859233634816	0.479058802834246	126
0.031605787029409	0.248319204677341	91
-0.072002459236926	0.252619258879528	91
0.097404604244322	0.394370265938969	91
0.057809395630233	0.408308923269223	91
0.053267234799655	0.568739256440362	91
0.045101375310377	0.683067357222234	91
-0.01478290348098	0.319265818423426	91
0.09508025218553	0.502173410813071	91
-0.113898074568631	0.220203272935511	18
-0.025080552915045	0.385490068609899	18
-0.069946979266734	0.296174591380392	18
0.085466972089175	0.610542029411224	18
-0.016337542321248	0.344798234480803	18
0.084553123402225	0.721116703544876	17
0.035563151339096	0.60605344709784	17
-0.070433263699975	0.315680900569202	17
0.078047564100816	0.751208106013056	17
-0.064856571253567	0.324209899086377	375
-0.084244378276404	0.264351571011858	375
-0.084539895327375	0.228471657710137	375
-0.064677651725311	0.246021121668227	375
-0.024488063372276	0.313561620214735	375
0.029484960215148	0.50967178366332	375
-0.032142015944836	0.40663889280189	375
-0.057432695850784	0.346344754361494	17
0.056003454987386	0.245740938243931	18
-0.082694007107404	0.247825221946608	66
-0.024208340532063	0.296330407995036	66
-0.023021422793311	0.325748762777895	187
0.067868944047312	0.493650516374017	187
0.000726224481733984	0.25420751509466	187
0.102437749474676	0.702446817001894	187
-0.05108669933504	0.364825058401066	187
0.033373881835523	0.480526229956791	187
0.104639499739936	0.593027519751526	66
-0.062555172368413	0.259125295380783	66
0.030211190062037	0.427575456211309	32
0.085837625743451	0.588361805024912	32
0.00911005141243298	0.380502037262536	32
-0.059563707652945	0.199815060421335	180
0.045357839841907	0.54158638422125	32
0.018937053502385	0.418765874044603	180
-0.107392797274741	0.203257924191827	180
0.099024938235912	0.567991168152227	115
0.011211417226073	0.33694270370138	180
-0.097678014996844	0.182647292753228	45
-0.124222850809721	0.118243868111116	45
-0.077411149952883	0.222461023594848	45
-0.087414131478968	0.172495622218531	45
0.09800227105987	0.403957127776216	45
-0.09827436105457	0.178824768065424	45
0.015395710540662	0.234012848729603	46
-0.124812278899273	0.196624415395245	46
-0.093840359904639	0.266195800121706	46
0.023693858614625	0.400072835349837	46
-0.107958061760479	0.120857923886679	46
-0.046417224179413	0.209857608916284	46
0.065434713859343	0.502072908111139	46
-0.054344017411692	0.23198607758146	46
-0.00953310439348601	0.255650574175075	46
-0.103630904290634	0.129932013994602	46
0.00630190326376201	0.277655055093639	46
0.090197396006624	0.487858021122481	46
-0.093825721036522	0.159059857775902	5
0.039660387299555	0.334858143219532	5
0.000930311090758973	0.23779950385593	5
0.032992738451036	0.326133037292859	46
-0.073288929672947	0.178377614461689	46
0.066406443940775	0.239309726127926	146
-0.045813011178181	0.218035688144236	46
0.044807183899124	0.341048337576171	46
0.025741322059782	0.235482122465653	35
0.094722878623437	0.333181492875623	3
0.062003218076636	0.235418350378674	3
0.040007067403363	0.214809642502204	3
-0.05804172552861	0.157674255881937	10
0.024400212575757	0.249061078425551	10
0.072260545818381	0.239328359889799	11
0.116555518211908	0.219580951404	11
-0.035083223837498	0.12581763459093	11
0.00541867285185799	0.133932914477275	9
-0.057810701694692	0.187590452475951	11
-0.059081410092436	0.168815733651107	11
0.054048573665812	0.230809787950135	11
0.039300398171958	1.94194020289008	91
-0.060564981704749	0.43984214760722	404
-0.019721338516406	0.741695526768999	404
-0.080903008959383	0.354204900928972	126
-0.062999954520443	0.306900700282181	126
-0.069290493682492	0.244008650084817	126
0.00128355174019101	0.426976446834921	126
0.057617648350469	0.363226321566383	91
0.022781263563976	0.764593620651016	91
-0.046031892643737	0.162305409830873	91
0.070804351612123	0.397580607016894	91
-0.011129316212431	0.286040210834689	91
-0.014872468714751	0.489759219461418	91
0.107081906537709	0.860969317406578	91
0.013135893612221	0.55615270825624	91
-0.042679052787776	0.170534422852665	91
0.02754777805117	0.424545962007579	91
0.028909382343137	0.567978364444286	18
-0.00654938209577699	0.541978389968489	18
-0.033409773712626	0.430799887045436	17
-0.075257990205905	0.34912916150729	17
0.043035267038147	0.64051458653684	17
-0.11067500307492	0.257865997512848	17
-0.119979297229274	0.231787390986688	17
-0.096015252040714	0.240657456297121	375
-0.030359817686778	0.305622563581424	375
0.089353717005438	0.521153864412822	375
0.033496786652418	0.647620174457459	375
0.070150399615786	0.233248364857222	17
0.057498163067869	0.227383662187765	18
-0.023431960090681	0.139290385751657	17
0.0954266991403	0.240541955870239	18
0.037025348207419	0.35422051207983	66
0.03695680554499	0.509489031895495	66
0.034594275484182	0.308441253977439	66
-0.039497212811148	0.295858530516008	187
-0.122257846227199	0.220279719965314	187
-0.035716589454924	0.392196418173799	187
-0.024293934182534	0.345486430706554	187
-0.116794746488122	0.184486593082786	32
-0.011449019347731	0.404015518384964	32
-0.087884108649403	0.199915063705178	32
-0.110424836450404	0.211145857657038	180
-0.082014236554293	0.302871904240091	180
0.053929011631001	0.483235313931188	115
0.12435377655798	0.321705516053073	32
0.077533353997895	0.429626632244259	46
-0.058336148931265	0.232787808796643	45
-0.049798653144216	0.208190749713484	45
-0.00470080347667801	0.360159558244068	45
-0.018670578802729	0.356494278937714	45
-0.095749282945893	0.221257209598035	45
-0.05048385824431	0.28381566613718	45
0.017512478917998	0.339150304326496	45
0.110409874145851	0.614780310651739	45
-0.067103161184803	0.30205694436	46
-0.055918551958346	0.241189764636072	46
-0.026746126466584	0.379668518190872	46
-0.008776606987906	0.309872976623431	46
0.083938983031805	0.229845262405814	46
0.049301650014052	0.428862485753579	46
-0.03987781044456	0.284681832715576	46
0.101892102033717	0.507860165658297	46
-0.010053451332418	0.26520145876209	46
-0.094704998495089	0.180866398628472	46
-0.095658815879141	0.164857697183285	5
0.094914169606896	0.4220397712292	5
-0.010790769684029	0.291583216707682	5
0.110707661339299	0.420383002939678	146
-0.051509159011947	0.149788641174287	146
0.065173092368332	0.325975636151594	46
-0.04886214750512	0.219727204419466	46
0.07417699922416	0.307769581513729	46
-0.113427154370267	0.144753758288957	10
0.109413590805009	0.407735644819566	10
-0.035199469479409	0.126083960476213	31
-0.123374338015656	0.114399905903118	35
0.082285281236257	0.318055593655091	31
0.118089550269102	0.422548835118141	31
-0.053691205751471	0.159512225306898	3
-0.043269501237984	0.152142088521411	3
0.113647658476716	0.319487503222813	10
-0.033829714891969	0.148192016939453	10
0.05280499752465	0.246710179261717	10
0.079548106474734	0.238449028199353	374
0.116944169786847	0.337956913290819	11
0.058119955294091	0.236349467133481	11
-0.052256781105966	0.156966684283528	11
0.103756463643427	0.321831165587695	11
-0.021367859277845	0.127272128797764	11
0.00411607993454699	0.134992377628138	11
0.00293653509631903	0.242473869890988	9
-0.124198455656975	0.113442854730425	11
0.021453146133051	0.351990278474918	11
-0.111508498132222	0.118815273962909	11
-0.088118337083765	1.19430506738523	91
0.036163507248375	1.38028042747288	91
0.105165299281347	1.20125631372868	404
-0.038175584350968	0.671436960680654	404
-0.018258563767732	0.667037415028042	404
-0.055777179482562	0.314485259964154	91
0.035795846507225	0.363827792321041	91
0.124950433395877	0.316767803786501	91
-0.078450853225673	0.198188663934952	91
0.03598506927371	0.324754922543147	91
-0.035206254860215	0.424626809781173	91
-0.00338510372130399	0.490902988732741	91
0.114428168128508	0.588726974552963	91
0.105023941693783	0.666592897239545	91
0.041516016471604	0.560140766586024	18
0.014058162862683	0.51723217625872	17
0.022605457492271	0.427840135996193	375
0.095121961765811	0.644493759332629	375
-0.013731165376588	0.412280665340411	375
0.00812512844283703	0.480041938095187	375
-0.03402270350285	0.137492408109239	17
-0.03725056413264	0.132721379161054	18
-0.017619568382431	0.237936314312365	66
-0.088233752760503	0.199705180439188	66
0.048637177562396	0.42529408815038	66
0.00782286406045002	0.322380798269478	187
0.060440598795398	0.332457019041571	187
0.046633877995568	0.483595333026846	32
-0.100510947173236	0.196969940638689	32
-0.026713597903439	0.246192419470836	32
-0.02273159282648	0.244679830595225	180
0.089153781125197	0.236797971675711	32
-0.037942572537721	0.163850455122467	32
-0.083354946670112	0.231103401127207	180
-0.002079965354149	0.325567112325998	180
-0.01707456310426	0.287725206688583	180
-0.097247117754703	0.197671918715567	32
-0.107814100905929	0.16918192331297	32
-0.036033797941534	0.17335391775818	32
-0.01067869992858	0.34136681899927	46
-0.055191253074636	0.208231681670723	45
-0.092636340922019	0.240727693924053	45
0.096814107292642	0.409234546315318	46
-0.00692343287177899	0.285852982430113	46
-0.105961480860616	0.148211410025095	46
-0.06012511466746	0.234933599962149	46
-0.095270690840927	0.190637271658412	46
-0.110167437127318	0.131366289962139	46
-0.06603912682149	0.215980772342791	46
-0.00591314044223801	0.285070637536518	5
-0.013368982523649	0.260042464687052	5
0.050244004413753	0.351385932504787	5
0.073673870013371	0.401616944899719	5
-0.118527985615466	0.114171792903103	5
-0.123642573031314	0.0965530863110038	146
0.030973762523651	0.245338503807403	46
0.070390547802876	0.317092632069624	46
-0.10283974031657	0.13556822445718	46
0.104577095162934	0.23703516421871	10
0.121809582836775	0.324478903868265	35
0.123441119081972	0.149184970773358	31
-0.037198671577325	0.140814986779715	35
-0.050403331290596	0.137141570207128	3
-0.02449577992905	0.127125787475967	3
0.000429198220965987	0.134221562056372	3
-0.041019628509071	0.13791278907411	10
-0.042358220481664	0.137657028713635	10
0.028154784472633	0.232432766025538	10
0.082893861063552	0.229711328778919	374
-0.03613152814581	0.149237481777692	11
-0.041380250316624	0.134863164763934	11
-0.10402156829191	0.145844928073387	11
0.059499914517344	0.309630190656652	11
0.059087525761026	0.318697437980167	11
0.052220865772243	1.18525927182054	404
-0.090445747695071	0.53663172266335	404
-0.02604445880626	0.747118793990331	404
-0.00623495426193099	0.983507660846451	404
0.012479381815488	0.997656727776895	91
-0.088094010619577	0.317259274641975	91
0.072366115417587	0.54583101110261	126
-0.035584208463018	0.299827616717596	91
-0.066767420596417	0.26433462962703	91
-0.068906577329335	0.197410895597218	91
-0.104903770263025	0.146361115264507	91
-0.016151307359841	0.468139113448732	91
-0.119954980082088	0.217041992096699	18
-0.093652145384052	0.231899240314767	18
-0.00561232624144401	0.454998782500745	17
-0.100920072808535	0.264699076305857	17
0.11713891002366	0.727532740454343	375
-0.022967496150306	0.382921411542035	375
0.095811862781128	0.61527827984696	375
-0.09438759277887	0.259371293306811	375
-0.073476393799458	0.223320140246457	375
0.00937464405928101	0.412081464956607	375
0.084690838159713	0.722948272405449	17
-0.011462111881739	0.315432277409559	66
-0.040154494510458	0.348687584308699	66
-0.052321275595869	0.234666821014122	187
-0.044877897704356	0.325725623145514	187
0.112271902922066	0.566519694905309	66
0.053725520014961	0.416323891337178	66
-0.098505749978445	0.19100852018431	66
-0.063709132639872	0.2319559725119	187
0.016960849288452	0.416597309939592	32
0.059244108039285	0.463734728559124	32
-0.016044973786391	0.280975672721621	32
0.038374844468048	0.403099344038349	180
-0.108975423545301	0.157277051480843	180
-0.042658928560583	0.161615393047386	32
-0.02449577992905	0.127125787475967	32
-0.037730192686158	0.153334308062008	32
0.002734309046659	0.256411485092654	46
0.096167575820103	0.501668566224764	46
0.108623073865174	0.553261513950062	45
-0.056692799566439	0.219595856272104	45
-0.108335069224181	0.132408405598046	45
0.00563121130024202	0.275710940025958	45
-0.049262390955606	0.275250105561648	46
-0.060873398394272	0.293119782609336	46
0.060065854506851	0.230257273184147	46
0.021700474043113	0.361492383447725	46
-0.069926468572084	0.183136699918689	5
-0.072481185305819	0.18286382292817	5
0.062920540509849	0.416239581744336	5
0.015404242477316	0.234813159576026	5
0.097174857662768	0.402736410970303	5
0.015762196503016	0.258519548649491	146
0.006079147439505	0.242541169890505	46
-0.058912296707664	0.162885035554028	46
-0.044709213500352	0.208982343377651	35
0.124488470071694	0.154613237400397	31
-0.033091431789776	0.128764099352431	31
-0.02989404404187	0.144467255427999	31
0.048538141154934	0.241520237892728	3
-0.027635530517252	0.12239768125936	3
-0.001526046391712	0.130784168685562	10
0.070084365451985	0.22979876841467	10
-0.039329710865095	0.140094042048805	374
-0.020437680904904	0.127881065863375	11
0.05373432067217	0.250929920380134	11
0.070033317155639	0.143195409958568	11
0.081831446533264	0.228869026994866	11
0.00310008527678302	0.272407691744282	9
0.11483697817255	0.382127685994201	11
0.079890701816959	1.34735557936312	404
-0.048656051891122	0.875063571262102	404
-0.020123520611859	1.03749050631172	404
0.10198416122919	1.89215227021068	404
0.017249334730141	0.969022557898464	404
-0.108078028356405	0.338846282897238	91
-0.121157027728264	0.179523186230742	91
-0.071162397841703	0.393044437368397	91
0.035677538068516	0.404333864548703	91
-0.050603538050255	0.425617064625824	91
-0.105927525026702	0.255259896743679	91
-0.063425816429013	0.297261792628442	91
-0.074869664824514	0.20728733309333	91
-0.119480405073812	0.189867139727692	17
-0.051652995581326	0.289362564479776	17
0.012002253962241	0.382581358781629	17
-0.043655787204687	0.307450690231641	17
-0.118554493693007	0.17959648779063	17
-0.026379013770103	0.24769218543703	17
-0.014160175208456	0.253809394105	17
-0.022058137296855	0.264148912894828	17
-0.040363747762703	0.249008690420715	18
-0.062490277446647	0.242007075733654	18
-0.069083605438734	0.163859157625626	18
-0.048009053925802	0.208882977645379	187
-0.054884861205564	0.20745615637975	187
-0.063779835362418	0.298800186886915	66
-0.116803613415893	0.20623186034424	66
-0.122936434393758	0.181534494488819	66
0.011869139613437	0.467731576009537	187
-0.085184363984414	0.217981218330773	187
0.063787423763904	0.578333786932631	187
-0.00689144130494099	0.444930576073199	187
0.00799098753230398	0.258246564579586	66
0.044236045180208	0.326614611625841	32
0.011407931599618	0.300830894754761	32
-0.057287967970532	0.239829335828669	32
-0.062463936227285	0.259315572807848	180
-0.084962477625712	0.188425363196762	32
0.0105245458359	0.261142865181064	180
0.018544853003508	0.408398116969898	32
-0.104950748435919	0.182223032802401	180
0.022000473988619	0.258072237652292	32
-0.05701109051007	0.259339905891342	46
-0.069089021596886	0.161098063092584	45
0.094892099775005	0.417310478950174	45
-0.052238499938933	0.20374441903071	45
0.089395083252945	0.585630293387064	45
-0.101484407151088	0.154410394056179	45
-0.029973516797478	0.285300974655081	45
0.028177823579312	0.235036544467525	46
0.112930512405358	0.328134133298028	46
0.041339588614556	0.320341490598707	43
-0.060294332197667	0.153627709784861	43
-0.113636139455528	0.116424974804245	46
-0.114063151992726	0.128791166783267	46
0.054053048180887	0.31249442140542	46
0.01926258925434	0.254941890527237	46
-0.040776121502045	0.153937468598392	46
-0.050845535757943	0.158037818089461	46
-0.055135673145678	0.223637354826326	46
0.066712586036856	0.241820407609461	5
-0.044896880835486	0.181679485116262	5
0.079719371809324	0.234255290250605	5
0.03212125024996	0.229965431303513	5
0.038364908513721	0.14151680203338	10
-0.053069412454953	0.133499176382404	10
0.070703580654722	0.319652542079363	10
0.029215288583635	0.242912706498557	3
-0.040625245606184	0.157453174466848	31
0.068395881772523	0.241414024335213	31
-0.027167668881479	0.130731082294367	3
-0.031931521635787	0.138676264535419	3
-0.046431352877231	0.145608687577903	3
0.071204864785124	0.234087965330043	3
-0.035305009995339	0.128129363553914	3
0.098511158885068	0.229571824851427	3
-0.00843893728414799	0.125055381929979	3
0.02798151953629	0.13617051110094	10
0.002049181544587	0.134340956948841	10
-0.05287226627813	0.151180554920246	374
-0.050469744248951	0.13899606686511	11
0.109255917377416	0.324721184410732	11
-0.055901924055086	0.180000514973065	11
-0.115049102079232	0.119771637049367	11
0.095868005661481	0.226527308979582	11
0.083870406360512	0.223576045870596	11
-0.078873349201342	1.84612322023859	91
-0.042228118086417	2.13443659177987	91
-0.060687476719159	1.41011230167862	91
0.122765767207169	0.91188631103665	91
-0.056405378931278	0.391630517808059	91
-0.052434031367037	0.406290526625835	91
-0.115722260178282	0.250373175536018	91
-0.043967091062253	0.348234517414789	18
-0.00603571515394	0.250803696056376	17
-0.058874382752326	0.181583286301341	17
0.00554432069690802	0.344866295492688	17
0.04427057742214	0.472995317998125	375
-0.033972932682241	0.283983215174992	375
-0.056782479067234	0.27960923263969	17
0.042642598988829	0.527487195158831	17
-0.088926630679367	0.24737631822958	17
-0.072175971831899	0.230157261153845	18
0.071804567970154	0.564999696112932	18
-0.034584370404568	0.367076078055799	66
-0.022462115174824	0.400420863200985	66
-0.107911879516611	0.184770948744883	187
-0.052160128728607	0.151680204708829	187
0.060871376290215	0.232826576328043	32
0.122103547847931	0.332582604453459	32
-0.00250875276492901	0.368710033767574	32
-0.055257519741201	0.226097897042791	32
-0.051159884027099	0.23563330392401	32
-0.051504858476893	0.267514289523628	32
0.005920957073552	0.366710691735749	32
0.112343142416219	0.410789468087884	46
0.00921738289256202	0.242386566099052	45
0.101989349121107	0.227098979312358	45
-0.05403850724317	0.216428627618529	45
-0.087161993168844	0.262740128420807	45
-0.10235941861735	0.127171657911532	46
-0.040334066892986	0.123747061546217	46
-0.043369551498292	0.144373915603875	46
-0.000763586263109989	0.13068118125639	5
-0.038326505277989	0.130636884174192	5
0.092848273002707	0.223432209914378	146
-0.022622385230425	0.12695653853456	146
0.00411607993454699	0.134992377628138	146
-0.048682624153125	0.130092070762784	46
-0.026773568992795	0.13158998053885	35
-0.052188922403116	0.165503734063585	10
0.114660965290352	0.144750561069602	10
0.071265327491519	0.145506328065878	11
-0.061444008799381	0.178490419158066	11
-0.053707522133725	0.185951495806699	11
0.117116080942843	0.479906105491535	11
-0.040083290883014	0.303236812005792	91
-0.060076690405335	0.229764201544109	91
0.036408261231748	0.75603588566087	18
0.077316331438897	0.482108349382745	91
0.096825915590285	1.06913211521175	91
0.048925238737261	0.658661408207441	91
-0.042557713614593	0.437076256846801	91
0.019067744819715	0.264236111922653	91
0.056073786841709	0.77960569194194	91
0.079775639356275	0.484287498001317	91
0.074137707532552	0.608488259349309	18
-0.086229742005951	0.184365303230412	18
-0.067686079540909	0.345573871417632	18
0.081742708204717	0.231554792446783	375
0.031819709125466	0.243917140149598	375
0.059694579297389	0.241497914299536	17
-0.105317592845074	0.27582073269693	17
-0.122746345946506	0.193512190162357	18
0.091535742159087	0.715713318861171	18
0.090100920275776	0.685005431490275	187
0.059221467932852	0.392970215807966	187
-0.04532683416745	0.347350080818186	66
0.035272922918848	0.412157509441698	66
0.000245055724552024	0.349804579792994	66
0.084045642959253	0.587320737904647	187
-0.031069191765349	0.382863003686848	187
0.048651914454357	0.22682602153654	66
-0.00843893728414799	0.125055381929979	32
-0.024201169341604	0.1307585601232	32
0.074966034537088	0.148085205434835	32
-0.040176839009204	0.29971711849439	180
0.005303112581732	0.135331825222661	32
0.034036062893343	0.139739439338785	32
-0.049752506818247	0.268713775605101	32
-0.067903716476232	0.296347504690579	32
0.00140133869202003	0.13178829431767	45
0.063956573940614	0.426877111886215	45
-0.027682134084095	0.130493486484144	45
-0.033539446614117	0.402437268694331	45
0.07367118025265	0.529882279158964	45
-0.079137818465333	0.272061033582271	45
-0.040669486062447	0.160235024111403	45
-0.044283209493558	0.35044712110635	46
-0.104216839328414	0.190962882914401	46
0.023169196773284	0.339809990407823	46
0.122123387452834	0.49877205567763	46
-0.07115626856043	0.177884452926405	46
-0.054946065412006	0.186282799018136	46
0.095489292562178	0.238783433462106	5
0.069220298920491	0.144271494460804	5
0.072499786433836	0.147288588686901	10
0.120333512180773	0.231260738207871	3
0.069626358841088	0.144568517878588	10
-0.042760149990764	0.152209307136403	374
0.092107000710234	0.315266490150958	11
-0.056311500168437	0.173676212015649	11
0.085684436370517	0.392181112396594	11
-0.056716047422013	0.244618494064068	11
-0.040444969532187	0.132527397694257	9
-0.00916865099135899	0.299564878178661	11
0.03912907881003	0.248245334301304	11
-0.108913685614826	0.259480447710889	91
0.018868942068885	0.643305938883633	91
-0.034887381661713	0.414361435496672	91
0.023137490352726	0.512662277951626	91
-0.11677452753327	0.250370083860908	18
-0.085946721022551	0.300885179753112	18
-0.069438129042561	0.307595841349557	17
-0.111691761513506	0.134829734238107	17
-0.03819170336238	0.295700510883818	17
-0.088572300730605	0.221771357764315	375
-0.065741421207681	0.226298903659898	17
-0.00732938384078299	0.31428815400387	17
-0.040618839958744	0.319964543111287	17
-0.022834632939202	0.409195374501094	17
-0.097313238692803	0.205227606312488	17
-0.052956416551375	0.229186575679374	18
0.022396490761824	0.579366844184976	66
0.062689932475248	0.518892891638381	66
0.106533041546948	0.640951197101354	66
-0.094643616660982	0.216719126994168	66
-0.054248189869954	0.203357264233822	66
0.013684910961823	0.249096441315158	66
-0.116653185263622	0.111547814363586	66
-0.040810882174329	0.165081611562539	66
0.108066505419144	0.320055944790775	32
0.043906236510128	0.237723870296953	32
0.120232768786789	0.328777690649639	32
-0.04699897637709	0.168836039905654	180
-0.040548660925002	0.157020972546927	32
-0.039859638816567	0.153186531859119	32
-0.121695327792027	0.114715504525598	32
0.030200960415515	0.369997617170173	32
0.00637149445524998	0.28671595793383	32
0.014991276645548	0.369449393343781	46
0.067745252549435	0.533389053604496	46
0.024653340889709	0.248727219357421	45
-0.109835028060736	0.138525196446996	45
0.008096190066536	0.25960884622597	45
-0.045639748900095	0.158576348599983	45
-0.057004989449883	0.161395999766132	45
0.091876951934668	0.618928308290111	45
0.00210834154171902	0.355456306833481	45
0.055675456013393	0.647257699743527	45
0.00915109280450299	0.424540710539971	45
-0.044756400356042	0.161661976169412	46
-0.123294976111455	0.099950636607459	46
-0.064973147181083	0.177174506514059	46
-0.058411749416242	0.168811438160255	43
0.042340003671231	0.328247819947713	43
0.049614484679808	0.319479702927205	46
-0.051060169541007	0.139469806747767	46
-0.044217282528552	0.145471900398571	5
-0.038094336643163	0.132795716232397	5
-0.038285844907095	0.157468049923821	5
-0.044033272115943	0.154314123314567	5
-0.038123457586226	0.136898439575871	146
0.079484041591444	0.236812673522117	10
-0.02021571737571	0.128907159350225	3
0.033301239641451	0.139929511894998	3
-0.043184467319417	0.139237798528933	10
-0.044550223632533	0.13679147239867	10
0.124411374007337	0.230639377079433	11
0.122197059115826	0.335182145961875	11
0.030970353691889	0.133183888535226	11
-0.059402327535667	0.175723705123771	11
-0.042834376410864	0.153189115358465	11
-0.041216103825669	0.186586650954017	11
0.060579406951569	0.24407400250811	11
-0.057265532410569	0.199658557042859	11
0.09889305513113	0.22492892962126	11
-0.00993514878659901	1.43705426685157	91
0.058470725462079	0.592724480257913	91
-0.029677098513051	0.406530148809999	91
0.005432556279936	0.464861782906074	91
-0.090359569260768	0.341240630109206	91
-0.089550863412663	0.269416750771379	18
0.018828493815837	0.543500253072936	91
0.029893312983115	0.758954698779144	91
-0.103433704968616	0.346733930146701	91
0.085644104798486	0.583567947008698	91
-0.054503162339331	0.243168850705352	91
0.025714537373718	0.453854975501854	91
-0.07095096340481	0.391254081346372	91
-0.118736499799927	0.213548209724126	91
-0.086039400405152	0.31444092174284	18
-0.121483346766417	0.215375796540352	18
0.117298611520027	0.881593663879902	18
-0.00324972476169	0.248133952953226	17
0.03025479799914	0.247192260372193	17
-0.00113792440015201	0.259786378782343	17
-0.04001485241044	0.165467573703853	375
-0.026979460776488	0.347907462139905	375
-0.059431385097407	0.257100920105835	17
0.083009047896776	0.328064990651317	17
0.052142344286455	0.541678187426028	17
-0.091526016480968	0.296919029933618	17
0.052838228413595	0.537287590905394	17
0.092937109401076	0.694554348943356	17
0.099864175212359	0.698413439888419	17
0.056515770808699	0.592300367461963	18
0.044787409674159	0.603496761432614	18
-0.092851254937631	0.24773659950751	18
-0.116605487841049	0.177901224836518	18
0.116031271828783	0.807012606108696	18
-0.104867048532357	0.236954965658722	66
0.109650431319132	0.730510526216367	66
-0.052477939492151	0.342112742268733	66
-0.042608691803732	0.466075029272486	66
-0.061878071877849	0.351141960156334	66
-0.013073047911179	0.339773390413128	66
0.00209328788611601	0.443895812181454	66
0.073591342936888	0.72071992780878	66
0.024491581004615	0.529796435021316	66
0.00247389823970201	0.295027502845695	66
-0.04880229891416	0.307542128889953	66
-0.023443751980724	0.42362881547839	66
0.031999172699372	0.604574168147649	66
-0.00947704363158799	0.35051915987593	66
0.100688746249418	0.312899449801532	66
0.083093291711174	0.248185482477173	66
0.070084365451985	0.22979876841467	66
0.033221829325677	0.241222997335822	32
-0.047516401510945	0.144929726934597	32
0.071510609867923	0.243011946145291	32
-0.053462623520027	0.154333744536731	32
-0.034039109836423	0.14437877806347	32
0.085030850215499	0.662445400567405	32
-0.110186112304696	0.193462526839345	32
0.014225096311759	0.43843766267295	32
0.031042249100594	0.356396655797724	32
-0.039149963338698	0.131659075204769	32
0.109155534209944	0.235937677227676	32
-0.053990164539789	0.149057479118258	32
-0.112965130445494	0.116847499227856	32
-0.092442612735385	0.168739839975436	32
0.031314864245385	0.367561707100894	32
-0.008738705015091	0.312128700521252	32
0.097545914855305	0.657458606748857	32
-0.039305724288112	0.132984051868724	45
0.122232061911238	0.234345487629493	45
-0.031293335251004	0.128286383572842	45
-0.040235556123265	0.138917726942288	45
0.094982206705676	0.327308663305984	45
0.047314547204926	0.240728535663466	45
-0.053822350026014	0.174289560543147	45
-0.013721646249934	0.30640123142444	45
-0.017292059828444	0.266411246185899	45
-0.106825149031504	0.201930742233797	45
-0.049618310578788	0.251972993645797	45
-0.089063197688604	0.171009895514586	46
0.02000582372952	0.350338546425618	43
-0.02340893313865	0.128999092430783	43
-0.000337756941836992	0.130639796541547	46
0.080654089398397	0.228658927426147	5
-0.035047502713746	0.134795436457434	5
0.02592977748331	0.135323019422316	146
0.034875612546738	0.141104355991413	146
-0.01394390134346	0.262014685760421	10
0.085570976368222	0.33147760907674	3
-0.066214651953408	0.213531358591969	3
-0.07247088336293	0.136747027210038	3
0.032061811892978	0.137789683404718	3
0.11993840734643	0.145185051799694	10
-0.117489245837127	0.103579389473586	11
-0.100857081826065	0.145964409857465	11
-0.053382412498952	0.192407716090457	11
-0.013603898801955	0.265715339882835	11
0.081348995704078	0.409569614656806	9
-0.066550096926352	0.214019868235556	9
0.113884751935758	0.335643291407592	11
-0.052690768396811	0.219201991378845	11
0.106588283142029	0.493186498260367	91
-0.078829523493019	0.346060220511186	18
-0.090623309303746	0.185661743384555	18
-0.07018186337191	0.404929610483219	18
-0.080545696530282	0.361836915081301	18
-0.114353295721439	0.322097634731454	91
-0.053190303175636	0.18742179445321	91
-0.064169360736773	0.364798166069857	91
-0.038547880425095	0.469278144253789	91
0.029922897074388	0.725814278582499	91
-0.10007316525335	0.305522283473149	91
-0.09757045454195	0.213959024990367	18
-0.103640999531028	0.261526458456128	18
0.113052374798866	0.642433367587494	18
-0.039965998575277	0.348461891035565	18
0.081093364006151	0.643943336590857	18
0.037923402555763	0.284392005289098	18
-0.056191725978295	0.206223144687938	17
0.040813830422578	0.232627242887747	17
0.121720219029421	0.463801160651584	17
-0.072993396198412	0.15342454171301	17
0.122808642167619	0.224422203506092	17
0.00471702483822001	0.275322803682332	17
-0.062038954798539	0.380004547811868	17
0.00348929593062097	0.561152953023938	17
-0.081870880993806	0.299987848892662	18
-0.116583350548509	0.164433603714206	66
-0.078877698040775	0.292402364098669	66
-0.105372126827993	0.147550136821373	66
0.054334988881852	0.495169519817765	66
-0.01126938536978	0.382447316361857	66
-0.090544376609645	0.270511782351756	66
-0.036987296706625	0.123645083768616	66
-0.00984904742456599	0.122827823081804	66
0.120905180530199	0.231924209031488	32
-0.058684469178905	0.180698064667682	32
-0.009397422599842	0.432747098943678	32
0.077082523723216	0.697797751957179	32
0.057896436241588	0.235552847854629	32
-0.056564905243503	0.171825719525181	32
-0.049898665429018	0.136531094946373	180
0.00129446198397998	0.134534672122025	32
0.057483253242239	0.241218740940944	32
-0.036112950638697	0.142546878011642	32
-0.062122222971718	0.212576806986068	32
0.122736589708413	0.670356763295581	32
0.001627433820237	0.311543062716136	45
0.041990988606497	0.250036637795586	45
-0.052143049225737	0.202286629682952	45
-0.044556136163738	0.141199154834785	45
0.032586415983482	0.39431473982804	45
0.089109713438816	0.237802043306606	45
0.033168302278086	0.136390859654552	45
0.122768328860073	0.328449615924667	45
-0.122609038781959	0.11338139110779	45
0.00446083607616099	0.378169530476183	45
0.037441591559206	0.459432218957725	45
-0.097987004970719	0.1753440923984	46
-0.067894666590937	0.262528282013219	46
0.086758260486951	0.462842060686202	43
0.025195476791835	0.13389120035028	43
-0.058699104993483	0.17190346804009	43
-0.0424266430732	0.135178148193271	46
0.023493019762736	0.131966711584247	46
0.074289462137692	0.325254700998225	3
0.075795548339189	0.148312729577327	3
0.016075245836294	0.233372611776084	11
0.012181653078598	0.249731759576985	11
-0.121555478485524	0.106473998759258	11
0.055282347948755	0.314756186767744	11
0.061897082098308	0.31589316321022	11
-0.068587123141342	0.187022960691283	11
0.019145671598321	0.355283517283279	9
0.124619565452597	0.228293892822319	11
0.030636497391366	0.333376198999859	11
-0.087657047683536	1.55972142005899	91
-0.070269927687796	0.282166996467803	18
0.03884179872464	0.514525547022817	18
-0.034250047438845	0.331978409083609	18
-0.107965739903446	0.213016710152515	18
-0.066737600741217	0.354021871184526	18
0.106425031343256	0.665806636772508	18
-0.043355768916728	0.397776678597088	91
0.058606642170365	0.627036805386979	91
0.043590412687451	0.629375955347923	91
-0.005307638283612	0.475940755263488	18
-0.066983786923354	0.307355786638998	18
-0.055096338046852	0.222525729479133	17
-0.010541829773705	0.242939451457608	17
0.057642224152557	0.395588945488028	18
-0.101307693798855	0.155276497662392	17
0.049923256240606	0.322964646529905	375
0.025471618893802	0.414616528946191	18
-0.047132220937793	0.261599135051317	17
0.00400529328203803	0.399413460045402	17
-0.124027715266872	0.183967987974	17
0.065736521027557	0.494938643148223	18
-0.043842545248425	0.271733289958377	18
0.069162053308214	0.325152270040552	18
0.070288560927238	0.333956314989993	18
0.069501669273402	0.423200063595001	18
-0.095188873653384	0.176161519521909	18
-0.110885045592913	0.217887775249568	66
0.107588448134556	0.735949706366213	66
-0.04449912255902	0.27347243674105	66
0.019491162419026	0.409403757191721	66
-0.04020512738912	0.340108929613229	66
-0.024282598217647	0.340226724131146	66
0.078939530135166	0.546250759190134	66
-0.058278492102598	0.155108136035352	66
0.05653688759498	0.462405527721669	32
0.040480683523347	0.421007785134762	32
-0.097562854091028	0.155392374976359	32
0.068175377508536	0.41605646914789	32
0.057001014373778	0.224061997827102	32
-0.119866167325461	0.106709784302346	46
0.075743612618142	0.337070274885772	45
0.066336128416439	0.331607836894385	45
0.080954682957795	0.333765453018612	45
-0.059398011844205	0.141202579421791	45
-0.052606205539353	0.261089419032963	45
-0.055534558280575	0.151411222920859	46
0.06722525080514	0.310520004532434	46
0.068028309667552	0.239878596367891	43
0.099655511943419	0.329270772072141	43
-0.037768128238018	0.157221982638061	43
0.091230199478374	0.238802563572537	43
0.073317338915847	0.228402516465859	5
-0.044504415047972	0.136385685795462	5
0.027267441300748	0.234469253026857	5
-0.006057011400006	0.126019542869173	46
-0.021694048049282	0.126477326047561	146
0.024339911897124	0.132548973701529	10
0.077433744589047	0.237936962950635	10
-0.063119180464508	0.13461336252699	3
0.069786593367462	0.145809393025518	3
0.123964572985984	0.153266309642084	310
-0.040326974833305	0.133351686354926	3
0.118172923813435	0.149823947404806	10
0.010273100204765	0.135498291371849	11
0.103581611296804	0.236420700034632	11
-0.043479012954942	0.148477554980163	11
-0.112698136660271	0.123264087915088	11
-0.117304175927738	0.127663228518865	11
0.041590602430749	0.246393875031542	11
0.063754186532356	0.326855727836744	9
0.120014031798923	0.33436673503564	11
-0.12436400201458	0.105916586068067	11
0.00452407951482398	0.131619136555594	11
-0.11789667748371	0.295970931331242	91
0.012374052381111	0.363482515643282	18
0.063236670086712	0.614198388694997	91
0.09562204578322	0.706772002399845	91
-0.076378261697879	0.290856958815815	91
0.059251176315487	0.534412781408008	91
0.000221603976083007	0.447010853081235	18
-0.026920412783918	0.455182219098659	18
-0.038606910478272	0.404090248278531	18
-0.122284947091011	0.183528936772384	18
0.079862150370308	0.636625503649671	18
-0.072711061939152	0.231413029074606	17
0.037141325670403	0.413060186604912	18
-0.027817503121129	0.273120840018277	17
0.017707968241792	0.369911637813628	18
0.00344520074578902	0.395620971181083	18
0.123492874214204	0.624628172971219	18
-0.00256367051372799	0.242024705360085	17
0.038575500066339	0.325462645829353	17
0.119280790256832	0.416766350690854	18
-0.008292503014275	0.300750767424805	18
-0.09074368351133	0.18542508045526	18
-0.109917454492185	0.144659876476874	18
0.114340580261034	0.642354524037907	66
0.059508489939259	0.43446905105274	66
-0.035233350814693	0.264810268042819	66
-0.121075940904427	0.152722675149425	66
0.055084162222856	0.305388500665069	66
0.073017253015404	0.340131506602012	66
-0.118967569566383	0.108368356653487	66
0.025440725450727	0.247764801678435	66
-0.059225481264158	0.196938824718731	32
-0.008445893310291	0.243747734953679	66
0.00773044443732301	0.355471103576529	32
0.04046586785245	0.318900389117811	32
0.080431214968065	0.333599546156788	32
-0.112339124776404	0.115535855504209	46
0.026093620685901	0.349921454180959	239
-0.046153038220394	0.206138181560624	32
-0.053529174002149	0.201015794873584	46
-0.00828068174685001	0.285099376737275	45
0.110305085681534	0.416966369275843	45
0.112748164436465	0.411023676646955	45
0.00484214409453998	0.272875687884929	45
0.079350156527879	0.33186153104761	45
-0.007660238251329	0.286197350557958	45
-0.056433666849475	0.225885762107018	45
-0.050950133255624	0.196841875742515	45
-0.11379607206474	0.184294552990834	45
0.082536619968776	0.531696202546436	45
-0.053492203604325	0.155013293698062	46
0.037029735345241	0.239018320756751	46
-0.058060615989629	0.184789944694072	46
-0.047557462507031	0.155336427091493	46
0.099030629110995	0.43324266863982	46
0.117755985844474	0.327746052687105	43
0.051838588743023	0.237620302870469	43
-0.050954545311611	0.189682073042114	43
-0.006609423598677	0.255454940256701	5
-0.055508209631877	0.163130506360234	5
0.096546277393618	0.336321840733058	5
-0.045321288418154	0.141632830149919	5
-0.040626282662261	0.151663246395071	5
-0.053801483152325	0.163829747507297	5
0.05624994047571	0.238846572141794	46
-0.037146962348198	0.142109357151407	10
0.040499488664448	0.235361751195414	10
-0.042434636625291	0.134143755819944	3
0.103742311284516	0.229788317424671	3
-0.043118842831736	0.138390199024415	3
-0.032700031972461	0.130528949394877	10
0.03663042917213	0.138631491716174	310
-0.037039273143128	0.133541517294502	10
0.0000998211115340042	0.130623593792992	10
0.030159547266117	0.135596875276378	10
-0.034194656747064	0.127420676361599	10
0.09755006251086	0.240738252087471	10
0.07086017724871	0.144513472687543	11
0.027516245231227	0.24433319785089	11
0.026772406461271	0.136148846817584	11
0.068391648358049	0.143714246071935	11
0.00379080588730302	0.134387284755975	11
0.102561633327354	0.23531078644245	11
-0.04967882006868	0.151351438213628	11
0.01834717257983	0.25491605546048	9
-0.060561950559724	0.204805850729068	9
-0.038300227863948	0.131021774496417	9
-0.104247802793444	0.430535327923959	91
0.00557833999725699	1.0041900776215	91
-0.119329876516602	0.304002543904041	91
-0.077895690901081	0.325458388440597	91
-0.007751465805478	0.610377385530143	18
-0.110481387296601	0.318153022520162	18
-0.017532079305722	0.395264929742002	18
0.094751917944302	0.707904233200447	18
-0.092411761080022	0.331099723717423	91
-0.121400221717882	0.249530757855724	91
-0.10655623776346	0.259532549662214	91
-0.027112110273592	0.393119838539068	91
-0.011598935716796	0.474291149380303	91
0.1004288073847	0.842690800534705	91
-0.06414370354771	0.333002953576067	18
-0.074182607806615	0.315740567673546	18
-0.122476690878097	0.219720845041052	18
-0.064366360745087	0.375679707314116	18
-0.066662069399408	0.375563559095864	18
0.00228762020540002	0.562731518154085	18
0.064410461392337	0.409387089486544	18
0.12145279944474	0.473402708990119	18
-0.10219260420839	0.167354589979017	18
0.076646837441056	0.427493983196839	18
0.106148597849118	0.612804962373159	18
0.073192151159948	0.566224930281632	18
0.054035228945924	0.482095104871151	18
-0.053809099950717	0.236290463215476	18
0.049635320921157	0.44600294942191	18
0.085432896410252	0.674706509900128	66
-0.121953660133801	0.218308605785483	66
0.110460778719948	0.797159232744719	66
-0.096424736938734	0.235119987229931	66
0.099494641254496	0.66998700276928	66
0.083430995027249	0.5885476145862	66
0.072710432292153	0.311962249250116	66
-0.067650993952019	0.166626879419071	66
0.090097366660941	0.401108504740675	66
0.060666264833018	0.314133543000462	32
-0.075140969192115	0.226179405331353	32
-0.11927679742365	0.170285364151883	32
-0.122591199471235	0.156948166449025	32
-0.093707094523883	0.211374222752401	32
-0.048648914885099	0.155069672720538	32
-0.043445505280037	0.167110692675269	46
-0.122077312180433	0.0998706402086225	46
-0.047347831084136	0.202277370730217	239
0.094098714141103	0.650329369173375	239
-0.045651495208895	0.282615789482497	239
-0.055608082271919	0.283917429840237	45
0.122941024791071	0.425239389369915	45
0.123096886004377	0.708695033333814	45
-0.080043075905215	0.252986116959045	45
0.121004771783503	0.769534293986601	45
-0.052836927360891	0.174752644145571	46
-0.045528673331054	0.162803966167166	46
-0.064591464289748	0.195739119301834	46
0.120443996647395	0.338023608754155	43
0.082224614688986	0.323680941926612	43
-0.095578649716652	0.181936343745166	43
-0.041299849654616	0.153889066323568	43
0.029124012602885	0.238345406272004	43
0.118277122551735	0.414894967626004	43
-0.053273513779497	0.168633077637933	5
-0.043433304858729	0.144572634388106	46
-0.042170369450228	0.158671041041173	46
-0.03608713408765	0.125176740529805	46
-0.00138208250646801	0.259711217718539	46
-0.041691487585378	0.15312142940979	46
-0.017332098222573	0.132399499313696	46
-0.05474449477101	0.168288801574357	10
0.049437508300278	0.252886325678365	10
0.086962921303526	0.232264811498208	10
0.071575528214566	0.308135920376359	3
0.038552854861983	0.245852058952394	3
0.052468427581304	0.318469589743804	3
0.010070501917299	0.242997736269862	3
-0.039329710865095	0.140094042048805	10
-0.048454312672028	0.137081747255925	3
0.105606475181362	0.326150070544489	10
0.108204891204286	0.234647877443459	10
0.124041639079578	0.238002492355799	10
-0.029883041718436	0.131088381958731	11
0.036922259264188	0.141456462286323	234
0.11143186458817	0.396200233656199	11
-0.060511658548753	0.163818561165731	11
-0.045481690215248	0.158091767503275	11
0.02443932009699	0.35222160586426	9
-0.019892328424722	0.123634740154884	11
0.083841610745148	0.414447367905156	11
-0.050576254322175	0.777571606559453	91
-0.052816539621833	0.652166802465704	91
-0.032306299834613	0.730515106964884	91
0.027877534860219	0.434285277387095	91
0.048798714683002	0.527682991274391	18
-0.096811149012074	0.23030105511958	18
-0.093920393477823	0.363129635391924	18
-0.105121279213684	0.152093193831674	18
-0.00984636008763001	0.429721286437717	91
0.121292816960981	0.733740746369913	18
0.00244228417460701	0.356908752680286	18
0.0699398572713	0.408144486370752	18
0.047692725250518	0.342118281921846	18
0.036135982691584	0.602009101781683	18
0.081921377088287	0.687596102355451	18
0.075005671811448	0.645105913799289	18
0.083824079596486	0.562773373672038	18
-0.118203994386915	0.175743488783971	18
-0.068830891937523	0.24575461528222	18
-0.095629151010913	0.226510498719235	18
0.04600881188885	0.42553693978991	18
-0.025577044107081	0.288652472580006	18
0.006459279487603	0.389208822559183	18
-0.074359286226699	0.235411659870973	17
-0.071802813489604	0.226028310524214	17
0.041340669787874	0.485830868360633	18
0.109882090640478	0.600044798225644	18
0.09035429473233	0.640357589056085	18
0.109010547402425	0.769849335928913	18
-0.124641807373253	0.203736568909229	17
-0.058207891514204	0.201678625569998	18
0.035546958617308	0.326229786011337	18
-0.062235312836114	0.446117400899862	187
-0.119855848897924	0.153145015582512	66
0.053227761875869	0.536202104864229	66
0.023088461749445	0.411757928109843	66
0.017226490496461	0.238049060955081	187
0.070438081800639	0.471739641733634	66
0.017914241735723	0.375845794431334	66
-0.00446340827228101	0.284110415314455	66
0.026306640085536	0.343140228408844	66
-0.109069175581538	0.18177176490783	32
0.01484186799248	0.242438051298895	32
-0.00269548393993699	0.255715387609647	46
-0.064204700096182	0.194573764105253	46
-0.082348510938556	0.187369864071027	239
-0.07461736646012	0.196061330174134	239
-0.053603228088254	0.180537626953085	239
0.023627630567132	0.407575513421903	46
0.116649607137521	0.411222708848177	46
0.092412201346553	0.501423984162094	45
0.074420623570518	0.421713184156322	45
-0.104241483608415	0.14229926458326	45
-0.00778717680937199	0.255023526470431	45
-0.059960223675601	0.195512974427718	45
-0.091373328143013	0.161219066913603	45
0.052357248410101	0.326023767778558	43
0.069926662835966	0.338112715877076	43
-0.009140483600073	0.250504570787475	43
-0.014786339295744	0.294060084274947	43
-0.055863292168918	0.163238172686795	43
-0.071869176849348	0.187010482200853	43
0.052595743535731	0.330697090894583	43
-0.059629218947558	0.180963146418147	46
0.03266918943368	0.241253952052755	46
0.091299997763626	0.314272016199087	46
-0.113092116454725	0.106147152101665	46
0.041548283645265	0.303397859617298	46
0.043685785160745	0.244160243728675	46
-0.124396467726648	0.103370883440162	46
0.012947588026972	0.246714157126293	3
-0.045565798114636	0.127096461752384	3
-0.048345335223064	0.136916629172438	10
0.090264763583873	0.234952764146292	10
-0.025977585293649	0.133314685571969	3
-0.058565777853982	0.163011491223865	10
-0.04333238844935	0.126199183797469	10
0.070580933993899	0.142884685627826	11
-0.027617299234052	0.13909577558848	11
-0.050753509163129	0.142100937393289	11
0.083649261615044	0.240521923125549	11
-0.03120260484338	0.130759400830297	9
-0.003597171664001	0.224420059958146	11
-0.048813234637535	0.789347223384754	91
0.124902627467616	1.66191577801634	91
-0.046019301036173	0.567041088300641	91
-0.075345420342242	0.489852472389197	91
0.067015255584253	0.940060629980594	91
0.03820243768806	0.870612896060584	91
0.00202034279454999	0.525623410915176	18
-0.033227480620909	0.51025020787965	18
0.118485403012924	0.652182764812432	18
-0.093074099539177	0.18817966891303	91
0.015179276905185	0.371228134787342	18
-0.031159650544819	0.386696724485534	91
0.097020685954124	0.65017489881022	18
-0.116132730147832	0.207637677821406	18
-0.062393462592465	0.223581427554015	18
-0.062391415748323	0.205595893424873	18
0.012087230129269	0.349386423844613	18
-0.045236108545035	0.251679562377082	18
0.116131589681723	0.488586653729158	17
-0.00577093438280599	0.295237870813307	18
-0.00425527412778701	0.345852600716167	18
-0.055904883163337	0.176628599270138	18
0.047772194810277	0.312280628162192	18
-0.072499772967273	0.204920025914298	18
-0.048110724346122	0.176333845699033	18
0.00553111142787499	0.246820369740244	18
-0.029491784860677	0.246098846081267	18
-0.005209940419383	0.258541169269716	18
0.078609968534294	0.420093916164869	18
0.024708336040583	0.422211982803587	187
0.022258547118523	0.469667996620423	66
-0.085990865595144	0.201611572778941	66
-0.00749971978358299	0.359783322510612	66
0.103641848431603	0.589484822105863	66
-0.091546210422194	0.177303040126484	66
-0.053558078923552	0.200852685666104	66
-0.055091392272736	0.185710719160318	66
-0.051505353292317	0.165921710593617	66
-0.096831840451349	0.188309836346767	32
0.078776758689062	0.529765346156598	32
-0.025274022938631	0.289671981825346	32
0.061206083113225	0.413940695363504	32
-0.097877916455104	0.145687839902255	32
0.100301085683296	0.340297341487901	32
-0.109993285597907	0.118568982366932	46
0.094627625237756	0.421864220853301	239
-0.010166703779714	0.280289450166154	46
0.023752006216115	0.325930765074584	45
-0.014756625930045	0.297839098941747	46
0.020168908451995	0.250653400402367	45
-0.048011121725311	0.179645826492905	45
0.059683248266509	0.247858445241335	45
-0.112560654156748	0.125336626852135	45
-0.059454519121567	0.153771105420386	45
0.110565650580133	0.405194998276861	45
0.039308302388762	0.3485274182988	45
0.124282188212777	0.496280676134056	45
0.071024379966903	0.436840210688741	45
-0.113404912129103	0.12259682157712	45
-0.0415584931494	0.153712997415038	45
0.071651559781823	0.309790386985873	45
-0.103943401074143	0.140075771148246	43
0.00417120288017397	0.246973485544417	43
-0.046460660993058	0.160209528888747	43
-0.058405848611048	0.167585047831014	43
-0.057095581797074	0.16435604319048	43
-0.051171357641088	0.152051127821507	43
-0.053911863105734	0.162884291934704	43
0.032116811546761	0.248713727739357	43
-0.039267076361874	0.157684507902014	43
0.062055750655117	0.242186395310138	46
0.072931880378984	0.240203570380338	46
0.044607419241607	0.246821801847245	46
-0.114735822412073	0.114987383287324	46
0.042110926391118	0.233941495881818	10
-0.039273184787328	0.133851173394983	10
0.034875612546738	0.141104355991413	10
0.06811449691011	0.22117518078133	3
0.068551878474289	0.145530666940888	10
0.033897014443789	0.137954625985392	10
0.071020418710602	0.144210459052715	10
-0.036127268411525	0.14115533435569	10
-0.021107270575294	0.130299456763357	11
0.033301239641451	0.139929511894998	11
0.081721889403285	0.230422926757139	11
0.122411983003603	0.342680476588062	11
-0.048622388995377	0.15487539365282	11
0.056783411846477	0.313941575829286	11
0.051942804450208	0.361364196860184	9
0.04660576036586	0.241243690973357	9
-0.056756148829909	0.134609826779993	11
0.041480061307796	0.230008249296324	11
-0.081386818750607	0.687964274134243	91
-0.111749791668737	0.450487837848412	91
-0.116419695725456	0.297277152581251	91
0.075820259483474	1.22866445499495	91
0.07234771154391	0.996741633449574	91
-0.005704332503354	0.843373761273771	91
-0.03891929961447	0.648866334748518	91
-0.03401452902892	0.286705896132116	18
-0.09098837920965	0.241581581617694	18
0.052094622333277	0.879115404292502	18
0.060027364590607	0.33363021599078	18
-0.109818668785476	0.259884357283257	91
-0.123687880915711	0.223643795937842	91
0.035230890682335	0.451591089456856	18
0.051911514888938	0.58384430892202	18
-0.027453688534918	0.376669641192125	17
0.073669599053885	0.546956803548563	18
-0.00781634781804499	0.360003890802227	18
0.019037632791203	0.429833732464782	18
-0.12497853715152	0.146448423085212	17
-0.016444166091093	0.295413337299147	17
0.041224450376888	0.340707844598416	17
0.078915776844904	0.50448247953502	18
-0.019329653915678	0.355113973923638	18
-0.046963518715909	0.180784867226178	18
0.028843558231163	0.244276707111962	18
-0.001191715244997	0.268494505020621	18
-0.026626244671242	0.145953358632603	18
0.109550702788634	0.328250187230627	18
-0.1069267888129	0.129663929086836	18
-0.064850740293486	0.162208619048303	18
-0.084371167760962	0.288109343869813	187
0.00802817175332499	0.424741684925446	187
0.069595242496106	0.789306492428559	187
-0.105478867035414	0.185305246558365	66
-0.037675490037771	0.249422939670171	66
0.075460284268784	0.420387347758699	66
-0.01574441584684	0.270151551673322	66
-0.067769050265656	0.215527590457872	66
0.064901078580061	0.311248205545863	66
-0.111735108032104	0.127201027580333	66
-0.040478933547599	0.265604229668097	66
0.107877400839754	0.489215282837683	32
-0.0485810541987	0.263442199014029	32
-0.043380885227288	0.1324670526385	32
-0.05351428996676	0.135917490359292	32
-0.082634035020322	0.20922376990287	32
-0.00206370150035501	0.289413516121955	32
0.000805153352527011	0.268136039665235	32
-0.070058227387495	0.174446526968285	46
-0.118656255202311	0.12074278638694	46
-0.007228364016022	0.260954634609985	239
0.082800912856434	0.232739762473935	46
-0.03403149786419	0.143047118682112	46
0.011988931555493	0.328179447444948	45
0.00168809992954899	0.252338995439601	45
0.066216928807436	0.346197330752485	45
-0.086318042812828	0.232201700534669	45
-0.073086354426243	0.22394118924264	45
-0.111204045560353	0.176793620568352	45
0.123964572985984	0.153266309642084	45
-0.040449187750661	0.146099647580029	45
-0.041842508051771	0.121850132378233	46
-0.049418685306146	0.151988113038116	43
-0.050903769433182	0.162495452676647	43
0.104049614250364	0.425883739750942	43
-0.115777973784137	0.114039261542046	43
0.00932820502319898	0.250065147688137	43
0.080069303699545	0.417285716923678	46
-0.057733082937878	0.165130808594841	46
-0.051164584440904	0.190143508937995	46
0.029932061165562	0.229147593230029	46
0.044740886790123	0.241554149488658	46
-0.048141039964297	0.165793139279964	46
0.057399475479109	0.320477863807864	46
-0.036379907951376	0.15515517664912	46
0.066052737542458	0.245030323926569	46
-0.043561973052867	0.16702839352857	3
0.049859509755791	0.245099237987102	3
-0.030903201298799	0.145277981755271	3
0.008118870334829	0.136008560379453	10
-0.036141889200856	0.135954554417956	10
0.00497842760078798	0.135299986465102	10
0.102507335931041	0.2356299404174	10
0.105909410318102	0.23478560261099	10
0.053599711145157	0.23289477609803	11
0.066132469208224	0.240287486699971	234
0.124926305435408	0.232771736298296	234
-0.029990733372215	0.128948694615865	11
-0.048193780367578	0.162036376781907	9
0.05644821775908	0.233569430785894	11
0.04039810453073	1.55393702922429	91
-0.068384559639799	0.538187346222905	91
-0.068067495964861	0.504145063749792	91
-0.113005912121976	0.396172702824682	91
-0.034574644118783	0.599159814672827	91
-0.031404604516789	0.68308001773003	18
-0.115678308889204	0.206601563570933	18
0.00662355115376101	0.757715212977402	18
0.082384690103221	0.420161977793553	18
-0.093041768800173	0.244746949600318	18
0.108225516146931	0.501172587005215	18
0.086727939245663	0.788795701644657	18
-0.022535784196832	0.544249495914599	18
-0.119305843443759	0.160332695031481	18
-0.080586761748793	0.331464891805262	18
-0.08727729266249	0.284076742545368	18
-0.110315171808578	0.241514916686341	18
-0.078214643145879	0.261435816681464	18
0.026404103683731	0.459631570708895	18
0.000573038939429005	0.376770443442566	18
-0.010220550789752	0.360649435446804	17
-0.094149437351703	0.207892906169916	17
-0.060954461606375	0.252207173854161	17
-0.00678187374994199	0.427766687414669	18
-0.093462122684313	0.293661674201424	18
-0.054718803237313	0.16190531731899	18
0.00320681543361401	0.294473572286857	18
0.050253122263408	0.243850104056871	18
0.065138400415715	0.454509506517172	66
0.080660726114808	0.663190584572663	66
0.03810084169082	0.464972045583532	66
0.036740407477485	0.534195207492798	66
0.104331577569549	0.528881917618492	66
0.01691649868333	0.345169193681294	66
-0.087482562741223	0.247466973706147	187
-0.068775023064591	0.220002651176767	66
0.04161785231137	0.357206661045005	66
0.065536459645025	0.396184967485355	66
0.014007242050203	0.335204183726618	32
0.080908851915234	0.427103771401382	46
-0.122909119751511	0.129990690463868	46
0.049311995828474	0.348471989154492	239
-0.06395349997504	0.151318535715093	239
0.035229799118437	0.321119291849012	45
-0.036987977259105	0.210031689903501	45
0.08227268730193	0.499316252331092	45
0.094471078743857	0.476177302558855	45
-0.087658437696582	0.240984091741134	45
-0.044504350096667	0.296926071381437	45
0.029579046161447	0.522037287445875	45
0.094247775688378	0.410833477473052	43
-0.06733702134246	0.189813423325806	43
-0.070062693362581	0.167483771865375	43
-0.004004241865911	0.249872130613704	43
0.058858807074556	0.318333932832805	43
-0.062308439842478	0.209087922544208	43
-0.003295824160512	0.241978634123146	43
0.056103986387366	0.353803333315528	46
-0.054476028521115	0.162040691484672	46
-0.118454021138311	0.124493591359559	46
-0.112413251794425	0.128305849103732	46
-0.074429730924484	0.177029461302735	46
-0.00687904881588	0.234846472762895	46
0.114093670655504	0.334525617989902	46
0.096575489214759	0.324588389880191	46
0.092063750068858	0.320830615516372	3
0.084762337132973	0.239557568313859	3
0.094456882311969	0.237804999917928	10
0.097476456492308	0.240103229039632	3
-0.023244605477736	0.126753276501348	10
0.085078139690584	0.330025976656913	11
-0.042243675221048	0.14390087238956	11
0.00702815254126199	0.135379726894383	11
-0.043421446299866	0.136879538384677	11
0.00247537091821898	0.131858322728186	11
0.060746417199259	0.242403395155152	11
0.063531860211108	0.302747869921187	15
0.066542616455427	0.235251254658939	151
-0.068091362970314	0.163275380425044	9
0.068675289727236	0.312708011958803	11
0.00568596266362698	0.23823904600812	11
0.095815645792252	0.412010832429915	11
0.020539881152636	1.02720835325758	91
-0.029126133677409	0.901457275779785	91
0.00944691742491799	1.10698161705894	91
0.032935632814833	1.14502410516645	91
-0.018034237303137	0.75558969073537	18
-0.056498551201425	0.328577195441554	18
0.070424030858306	0.766478755043404	18
-0.118347036411744	0.179106918513684	18
-0.045805076429557	0.432939614520001	18
-0.077470841372906	0.251020224606085	18
0.03676956815635	0.466157020856701	18
-0.070445303262882	0.258563818053952	18
0.091126624247321	0.642351672674815	18
-0.119726300091055	0.223079617354571	18
-0.031452820429517	0.380631219790314	18
-0.055032371524078	0.321725776178059	17
0.113730976596437	0.630704803315769	18
0.063120362389302	0.546809289243013	17
-0.014267881432754	0.353852961333259	17
-0.067132545170029	0.238082152896611	17
0.123068130072764	0.608966724608907	17
-0.00203989975913799	0.419549870518864	17
-0.099862455170822	0.201119861062846	18
-0.054920618103051	0.328378871377178	18
-0.042344458498648	0.15438659955293	18
-0.121386480080109	0.100823610562609	18
-0.05671994455956	0.201471675761171	18
-0.076717518400457	0.176802291884649	18
0.048499694351895	0.459835282378884	18
-0.024683270338077	0.307904478562316	187
-0.079470138015555	0.310786159912764	187
0.09907009700361	0.60071452023367	66
-0.069754840377983	0.229678248382156	66
-0.11670860875674	0.192381378029738	66
0.106025081540022	0.58724960686965	66
0.05960751947142	0.449346712147061	66
-0.118114415861128	0.147209734544581	66
0.079223495091733	0.563973129158333	66
-0.031356872324801	0.293409693098127	66
0.02431627509953	0.334926279707988	66
-0.059288762150818	0.219558495607525	66
0.013337705669587	0.346708914476781	66
-0.058996854504768	0.238423996829463	66
-0.100248539333509	0.179133085709273	66
0.088912626317237	0.47615604977133	32
-0.086846871254961	0.233592006674198	32
0.015380562802074	0.349078646340387	32
0.079723865048799	0.517659233582292	32
0.070087844355034	0.413253059945037	32
-0.056284717089019	0.305995887944881	32
0.027331878375846	0.460450210620538	32
0.105991388027277	0.557336743747485	32
-0.054959612470422	0.215903995175891	46
0.018405571533225	0.320386193280746	239
0.114177487507676	0.397622479057999	46
-0.014265377919127	0.268781416594064	45
0.098059493235284	0.414189642423229	45
-0.084589496961194	0.182509222571711	46
0.113871941955727	0.474071299683498	45
0.011756923349878	0.24770369554882	45
0.041845058596362	0.250729788136734	45
-0.049570419481172	0.234271173642087	45
-0.00562529329262099	0.400315497598996	45
-0.040737526075651	0.316492214864207	45
0.109853033165897	0.237426949893542	45
0.082827320914493	0.241343542622726	45
-0.051142756080766	0.160721115027785	46
0.123722538126972	0.555064869592602	43
-0.052566878610551	0.183564998143854	43
-0.050152356651125	0.2293941319623	43
0.047351106597399	0.31078867072124	46
0.020785152919632	0.242489977639758	46
-0.04103431710743	0.161309692206855	46
-0.051061474176155	0.151943621023261	46
-0.047359254190553	0.1764505018831	46
0.10064967585898	0.329186273703741	46
0.060525892568063	0.24513332106899	46
-0.123213510176368	0.106050233910311	46
-0.037448106508474	0.153243999752166	46
0.118609681806268	0.329691464199061	10
-0.044214813941654	0.167948418655907	10
0.092464180954543	0.314848418608657	10
-0.123465107268801	0.0955441860337678	3
-0.04311315370094	0.173722971971514	3
0.028754169775854	0.246459025017919	3
-0.030984437575089	0.130587841153346	3
0.075382282025065	0.237541556210574	10
-0.040203659529968	0.130071178139211	10
0.082540213467483	0.237735806107067	10
0.105113515120671	0.234344517113951	10
-0.016827003389935	0.130440917647653	21
0.037635190510115	0.256440334179102	11
0.050704845437242	0.230828802060754	11
0.072596103005005	0.237394395269734	11
-0.040325331833669	0.13525372462978	11
0.072184576738581	0.231405444993834	11
-0.051072187152408	0.156057119074155	11
-0.054992127643933	0.154075317300629	15
0.030014742320749	0.233974641680212	15
-0.00195156145665401	0.12867807577318	151
0.046199697963578	0.325114933087787	11
0.084695820518094	0.317429665146871	11
0.06171900260473	0.321288466420117	11
-0.109620136835834	0.32933100572446	18
-0.024035059651452	0.467103857635289	18
-0.084796372813658	0.271378137493348	18
0.075487041531925	0.541629172882248	18
-0.037292993263869	0.285100000496527	18
-0.095859110387166	0.239539771353236	18
-0.052851475121887	0.397228518762445	18
-0.122214913207181	0.198554397929433	91
-0.107460068352893	0.231804047525273	18
-0.070786944439261	0.244657401374523	18
-0.114594304411863	0.231556076144479	18
-0.119781630733774	0.210990541698999	17
0.111868007717754	0.730271403506385	18
0.074696481482959	0.406804288183098	18
-0.015817295797864	0.265042619979034	17
0.027929643101027	0.3293124455482	18
0.088306585263805	0.43157270720895	18
-0.079289464432478	0.222277746927304	17
0.023383394816096	0.359317052537176	18
-0.112275728520566	0.137566335491971	18
-0.104024452555885	0.15190812362073	18
-0.073806182126708	0.291997361466487	187
0.010365588506476	0.441918443102722	187
-0.053029471112815	0.381466762493378	187
-0.064674379423269	0.198826445911829	187
0.019133932021546	0.409580492234634	66
0.033702493007398	0.442111811293654	66
0.110863020411146	0.529470386815191	66
-0.111007343478623	0.176595720062491	66
-0.051559212543568	0.145447505508636	66
0.099836080447118	0.331414051832145	66
-0.038822188569713	0.124954980597537	66
0.098236399515777	0.33714585720629	66
-0.010718875759739	0.247268471397657	32
-0.04349540073483	0.231731166343345	46
-0.061953327841245	0.193843218463119	46
-0.058086391081072	0.173550828598398	46
0.038535684835714	0.345961373462395	46
-0.06392715719404	0.183587278572838	46
-0.055824104593953	0.203301362845002	46
0.025954959522351	0.246686288813681	45
-0.057465472547492	0.178510516254878	46
0.097022139787742	0.325759613640827	45
-0.00264684667068199	0.30543469166907	45
0.056074149796049	0.500935218463756	45
-0.069603378810731	0.278653961094509	45
0.016014508726611	0.239773122613093	46
0.115173111034712	0.327016439194418	46
-0.040877447587301	0.179115681236135	46
0.00932156513569998	0.240714880948027	46
0.025241057074385	0.243799446736036	46
-0.059019473341793	0.205723119118476	43
-0.055580411964614	0.156469242011567	46
0.072726610275785	0.242277098007785	10
-0.06240003519495	0.153776906831075	10
-0.00120312719148899	0.130555161763891	3
0.00325457714057098	0.134117685543636	3
-0.044493239384938	0.136311918161771	21
0.124488470071694	0.154613237400397	11
0.103598630738519	0.236121944801914	15
0.067351199563259	0.24761866555194	151
0.089995880370928	0.336503436360415	151
0.052716708238609	0.337101602930812	151
-0.106603159046046	0.137336624114186	11
-0.045404806232438	0.16584709035704	11
-0.063177688171862	0.148535220518791	11
-0.031933729781312	0.142728239824263	11
0.121861851708079	1.45750743557557	18
-0.096881139282451	0.399114647761132	18
0.014848628079179	0.644331157824444	18
0.097565201702491	0.665163518814569	18
0.108947412479197	0.931377782696405	18
0.093002836343073	0.389556551116183	18
-0.057474150963536	0.222715747195362	17
0.035838051006763	0.362332645875292	18
-0.075407629136816	0.238070288179072	18
-0.036472563690298	0.384831451970989	18
-0.109184053712929	0.169370802637278	18
-0.02263147678125	0.317625693851895	18
-0.063213462031077	0.239378600915835	18
-0.019553261682777	0.307109578100639	187
0.024817746890193	0.418537594725839	187
-0.015816648578778	0.436692134101157	187
-0.062858385637893	0.292693132951014	66
-0.095672072004197	0.215530281406524	66
0.052266349245674	0.440505903402396	66
0.025144361155707	0.36932552888219	66
-0.059852784511401	0.274486208144488	66
-0.036664721744197	0.319045841617832	187
-0.057939339793254	0.15019945821949	66
-0.043462873260089	0.20758251201934	66
-0.119092092453982	0.124563605841478	66
0.034463225503597	0.418109285933129	32
0.012234101489241	0.334089727127	32
-0.023842570001909	0.280115696471459	32
-0.106173135684355	0.152265946616555	32
0.123979277238038	0.336513507412626	32
0.059211395579044	0.243642788114688	32
-0.001076922566115	0.238809183512585	239
-0.05335787383356	0.169660631436532	239
0.036818642500449	0.338398269645651	46
0.016726269619281	0.333617191319996	46
0.117707518068087	0.467113195051636	46
-0.01429020082619	0.276735730965772	46
0.038142630646572	0.431409379478995	45
0.10887682303496	0.338694489563343	45
0.022072148620733	0.237984288189812	45
0.059774398680976	0.322862465887766	45
-0.044831227271546	0.20192871811516	45
0.029292536554607	0.255582642507975	45
-0.094061923037854	0.214419441570542	45
-0.112301488124379	0.137445715387014	45
-0.020422338638087	0.284288411040331	45
-0.122510381508716	0.103954337838768	191
0.010900776635927	0.248039651056411	46
-0.062719929260725	0.17012821865318	46
0.111230634161053	0.405551050659479	43
0.077572927711543	0.32200518617585	43
0.089227660707555	0.234855255788368	43
0.113701143411787	0.318189018829684	46
-0.056773253260455	0.180273246935283	43
-0.044493239384938	0.136311918161771	10
0.091248159434248	0.240052743351464	10
-0.047701537047064	0.115159632260337	3
0.093361596776329	0.235395381665068	3
-0.061877608042882	0.156196774787523	10
-0.056637046759021	0.160368874414059	10
-0.053849023143043	0.148453259054934	10
0.028751699262482	0.251340005398239	10
-0.018841679983374	0.129627521277559	10
-0.011159162088298	0.132026006280429	10
-0.018686814635103	0.127832023914446	10
0.031841241054544	0.139971220635325	10
0.096058973409767	0.225916785954163	3
0.110017048752031	0.236322556243816	3
0.075795548339189	0.148312729577327	10
-0.036998905039045	0.173767187287292	21
-0.042059024062738	0.138624492493269	11
-0.041344265450119	0.130259794757264	11
-0.039766332883098	0.150820095254555	15
-0.00180232791826199	0.237683254703067	15
0.046924474919843	0.33222330268695	11
-0.065111228543207	0.156865340681808	11
0.095958382217434	0.22543183982589	11
-0.042269729625078	0.127902949918892	11
-0.081244070945387	0.428208944357627	18
0.052043149289614	0.772935634543087	18
-0.008574066964671	0.668987288230003	18
-0.101505865720351	0.352954056634595	18
-0.119740020017892	0.273910505187902	18
-0.00572175619429399	0.609348444215383	18
-0.082644108791561	0.377857146655426	18
-0.060424093335761	0.335539965911734	18
0.081476979886126	0.561394720092464	18
-0.040997504798934	0.326597667131475	18
0.099198411302606	0.776090078263495	17
-0.046666806788694	0.176471442575889	17
-0.049533841168573	0.282490756744974	18
-0.031386261670347	0.296724830958285	18
0.03145775563213	0.340231769013527	18
0.00269872220188599	0.496373674037554	18
-0.063162292533561	0.317505112245057	18
-0.118024906759238	0.210100366104595	18
0.005234669361732	0.40671735154273	18
0.112204547421261	0.659983160722192	187
-0.04434486647782	0.376123856038474	187
0.051361136568103	0.588110064501513	187
-0.095164891663519	0.202823212614817	66
-0.105418709827644	0.209576196207325	66
-0.035279495398902	0.405257381249051	66
0.076332529714858	0.231822654196684	66
0.070132869358433	0.230019832785362	66
-0.039790245735343	0.172875326131467	66
-0.045607325749546	0.149453075039601	132
-0.106907765665494	0.236901064353532	46
0.079570880309304	0.521047180530923	46
0.101234596701712	0.489292272807633	32
-0.039297028676363	0.139284970892119	32
0.073207623051167	0.227079374187848	32
-0.035163821777488	0.139649652499256	46
0.041781081558115	0.460741095586679	239
0.068080421200672	0.40806350372746	46
-0.077213094905835	0.245613481140034	46
-0.028718560052746	0.221245780977687	46
-0.051651876835088	0.179093316615942	45
0.110954010506605	0.330874704966062	45
-0.106095831048409	0.141887754053223	45
0.073306187745774	0.32620131559011	45
-0.041694109129916	0.169108476185886	45
-0.092642175072948	0.251296826190833	45
-0.091436631897607	0.189670449018805	69
0.000982390552536017	0.271367077877438	45
-0.107333304169766	0.152881000494713	46
-0.038330540235058	0.134276064970991	46
0.019053748828342	0.351301902868146	43
-0.059401368686479	0.215504344214332	43
0.091286732385562	0.231103649935389	43
0.082893861063552	0.229711328778919	43
-0.02968246575947	0.136737192686201	46
-0.035363322253144	0.166190493019058	43
-0.046525668027868	0.148323244698279	46
-0.037036615454496	0.131025448758931	10
0.030457009617682	0.246415507244023	3
0.111165743944523	0.237577451567348	3
0.033897014443789	0.137954625985392	3
0.109079407429599	0.237703632296898	10
0.010590361329126	0.226102890374253	10
-0.00878063205089	0.262729623435313	10
0.086079359590042	0.239396373086271	10
0.038364908513721	0.14151680203338	10
-0.042381968376265	0.136335472701932	3
-0.032086462353618	0.129654833022507	10
-0.043605076426209	0.147166540102495	11
-0.066538833642692	0.170196956816544	11
0.077363366982902	0.329130824254092	151
-0.027415270415284	0.124044744673653	151
-0.026882696938531	0.190871910777903	11
0.120666659111485	0.230749228544377	11
0.103516737093945	0.23658879500785	11
0.000105353525083007	0.130696263423026	11
-0.103405761149975	0.33815831637337	91
-0.041406798609868	0.619085825496077	18
-0.051034995934891	0.591586525803857	18
0.010219069335436	0.519748968468187	18
-0.113865410908402	0.281506670489572	18
-0.023788278378911	0.552339412363608	18
-0.056056945244175	0.155723899398139	17
-0.039419070087505	0.146153084180562	17
-0.059303480030868	0.159386300316024	17
0.084123472004165	0.245491964866362	18
0.096548302823648	0.445574086056129	18
-0.04678211080443	0.148275257619418	17
0.027885357769969	0.502617248853234	18
-0.064987005708153	0.182281283443367	18
0.082443023537866	0.487436623803792	18
-0.121132857465908	0.111908329268715	18
-0.029477634502344	0.489621300343552	18
0.017585990391959	0.41951233324059	18
-0.074335225871449	0.350161450937913	18
-0.056700692538168	0.294671248853803	66
0.019523657041214	0.466657073032059	66
0.019384969098489	0.40269793594465	66
0.117306194130327	0.226475172914633	132
0.00128801677463503	0.131512884553113	66
0.044855621092995	0.314549858766787	66
0.103581611296804	0.236420700034632	66
0.120014997030416	0.635034241211638	46
0.050650950484357	0.408451948480798	46
-0.044302469561752	0.181967472988299	32
0.110236371447828	0.234231157241273	239
-0.038215796706966	0.134589938705912	239
-0.113647205584404	0.123973709190751	46
-0.043830221140301	0.14905867992587	46
0.025234402837629	0.309454208732088	46
-0.033189116726667	0.128302747886344	45
-0.124906056656208	0.106231401683784	45
-0.043492075050951	0.157089774310682	45
-0.020766146800369	0.127260198245234	45
-0.066518726945571	0.351228170303553	45
-0.112725009607124	0.14157475272324	45
0.047195537215769	0.407965766717011	191
0.018660090802207	0.247792117751769	46
0.066592133601929	0.236695040028992	43
0.028460669476881	0.13613207811832	43
0.112416620695785	0.406609277290039	46
0.074966034537088	0.148085205434835	46
-0.113975357917492	0.121235940332435	3
-0.080050193752754	0.205246694353195	10
0.071815768124734	0.144233638939466	3
0.064449895947405	0.141954040430585	3
0.123788515387481	0.152973378619005	10
0.013075909075683	0.133766803221303	21
0.02555242161991	0.133860885620815	21
0.057983321659602	0.237652768871322	15
-0.090707435266084	0.174464838857768	15
-0.084465418379997	0.189366127613425	15
-0.027613688945291	0.335833921774294	151
0.065710457945521	0.140233774614598	11
-0.044363926814688	0.140367367160998	15
0.106117938707051	1.53835672126496	18
-0.096888057640594	0.331629983225866	18
-0.048851331143789	0.455604053406943	18
-0.084095403338948	0.389853039541552	18
0.103590529534301	0.940198586979194	18
-0.084844005895983	0.371538190534306	18
-0.0867558991185	0.292439079887915	18
-0.077301062425779	0.323300744714758	17
0.000306567247593981	0.489140545936706	17
0.039970213359079	0.237257260017447	18
-0.041080595288465	0.342859161081909	18
0.078925585899677	0.613909707350634	18
0.079667777049952	0.756519968255589	18
-0.076064380748881	0.314206540284181	18
-0.03325341624784	0.279530320546785	18
0.059953626273151	0.542698052621501	18
0.083673550087075	0.556835269508966	187
-0.080674502661977	0.232617428490542	187
0.05846192327873	0.653378317964378	187
-0.010058754973555	0.402648001605889	66
-0.076953064206783	0.274664479026985	66
-0.032901387352184	0.149373056564245	132
0.110929088503916	0.241020881973942	132
0.094897039000645	0.224622445251439	66
-0.116914461880929	0.119785912977344	66
-0.030903201298799	0.145277981755271	32
0.077656891172243	0.22136180659415	239
-0.074636996747008	0.239489916742524	46
0.097941077354193	0.336848346430389	45
0.078805908773699	0.315275525733904	45
-0.068347236972851	0.151012641464445	45
0.041262495096093	0.244534197343901	45
0.123474996417839	0.315752307298389	45
0.122451905874577	0.534197034029104	45
-0.014903072992507	0.349574073310216	45
-0.117394130784119	0.186209636454745	191
0.086194076098948	0.46914392817463	46
0.010011625968185	0.278829638076487	46
0.027701590767858	0.232433153684976	191
-0.017773613170591	0.289943881876721	46
-0.05824843890209	0.154500874004165	43
-0.037292679886213	0.122793442617232	50
-0.032981980353313	0.136209014155922	43
-0.044493239384938	0.136311918161771	46
0.028913333693488	0.133379291165102	43
0.025917524291429	0.133615261009399	10
0.102472754657978	0.234752787949221	3
-0.043959446320766	0.159306874333137	10
-0.053802074701179	0.174419888198024	10
0.102561633327354	0.23531078644245	10
0.084976728957981	0.230258968313156	10
-0.048760787976875	0.141553518640451	21
0.075393753621546	0.220263672679973	11
0.098930793368234	0.219520182773291	11
-0.018519442803532	0.128399436910716	11
0.057865724718042	0.336502521923736	11
0.092211617298509	0.234269765714336	84
-0.03280949607896	0.164625295729819	84
0.027004758130874	0.238756583336318	84
-0.057837797422988	0.15811174859598	15
-0.053323052246248	0.206558474089928	15
0.012591700319617	0.239356703115994	11
-0.084649186700225	0.191416728812785	15
0.056341695746677	0.42505651304626	15
-0.049875801115563	1.82605145262107	91
-0.121676984257832	0.787670946187643	91
0.014445944548372	1.4119355976792	18
0.00813158004644399	1.29664670116122	18
0.063071254327737	1.14363435074819	91
0.080783485056328	0.77069898722351	18
-0.112501128864712	0.28394946718	18
-0.087664978214895	0.334152443908031	18
0.00397248062412298	0.622599636826324	18
-0.053254558304435	0.486885007151333	18
-0.123588490237875	0.290863824611284	18
-0.032168736530608	0.406662082149956	18
-0.013306334984824	0.484217337915051	18
0.012562197566708	0.48685789220335	18
-0.022333068568452	0.52133548868783	18
-0.08900057093298	0.278504484992498	17
-0.056976877195391	0.206438835656867	18
0.117052952211859	0.607196902971997	18
-0.109103679638142	0.13684092676316	17
-0.068744661148493	0.274822041879157	18
0.117299743296746	0.645770349972812	18
0.053472261014066	0.431539489192485	18
-0.10577238031506	0.183572856568968	18
-0.00275273453563199	0.351566318938493	18
-0.010778680050957	0.365350935147285	18
0.106451243718103	0.613244028491846	18
0.124641459731329	0.689461866449421	18
-0.06534587034659	0.22148999844528	18
0.116090177983008	0.555300390184546	18
0.078331638370425	0.60562563861096	187
-0.047449411900725	0.272758007231409	187
-0.067676667232879	0.345375005796811	187
-0.000631037979632987	0.505500195067655	187
0.026382168022536	0.492494629720007	66
-0.065458453344617	0.280331365581679	66
-0.040576247349952	0.164242473422739	187
0.080714817175657	0.225483765907931	66
-0.04961839434293	0.160206469334698	132
0.123405318354168	0.398755883123854	66
0.050361653676166	0.229993725199484	66
-0.11692980860936	0.185829692048852	46
-0.032848214212354	0.344733367146329	46
0.053630137218277	0.242980920750929	239
-0.068643872295844	0.166219536789695	239
-0.052029697630761	0.175677429848334	45
-0.109040029494883	0.13267507605951	46
0.034587795712748	0.243424481517456	45
-0.058525739957102	0.182512962198232	45
-0.025792009604773	0.132896072219204	45
0.038463159744259	0.410970908176978	45
0.011595880029277	0.246969478001942	191
-0.048209905866773	0.235428089911565	191
0.056021112987424	0.31208050594006	191
0.122708610693469	0.402528923908556	191
-0.047562294538797	0.158436016239407	43
0.064389588433747	0.235447467009413	43
0.06177546562818	0.232696059076958	43
0.06664296040302	0.236879266612474	43
-0.060508986439809	0.190875729033849	43
-0.062467801020575	0.19046491510686	46
-0.041436329962759	0.122840068792029	46
-0.017547656190122	0.132426046845745	46
0.08600607083773	0.236141112140939	46
0.00234691235197798	0.129586845945614	46
-0.005310254109821	0.128545340670607	10
0.06487698355759	0.141057182419146	10
0.044950062004846	0.249618598633183	10
0.070454624503623	0.145128265678414	3
-0.113819668574143	0.122106111250019	3
-0.04528009012783	0.141372667590734	10
-0.025329497845774	0.125865525980218	10
-0.037622453768206	0.126143185931492	3
0.002914291923658	0.134987738526471	3
-0.005310254109821	0.128545340670607	3
0.123921762268746	0.237955964465354	3
-0.048861513059263	0.144470675538786	21
0.031467844216119	0.25144841292074	21
-0.036066243086954	0.145527089065908	84
0.07958084314398	0.398365172266379	84
0.102208172741127	0.33593982944673	15
0.069744875793668	0.333309170866245	11
-0.042139959600807	0.156290176240969	11
-0.041594477071322	0.161035474712854	11
-0.071314202306175	0.199429897784624	15
-0.097182847850507	0.319214134893872	18
0.000137012473909015	0.581231371924372	18
0.00515684239039899	0.443708239549321	17
0.072076016865944	0.73148709033904	17
0.07832271088842	0.766047988295282	17
0.029053947139183	0.45649207333269	17
-0.065659890481306	0.181868357846838	18
-0.00408157311063501	0.244349154517591	17
-0.053009470348091	0.179201316697742	18
-0.104570846486041	0.156590139659614	18
0.085303653013597	0.330699213951096	18
-0.029414326883416	0.259137425195162	18
0.054362273679683	0.56631522512004	18
0.00751757633797401	0.491542369168225	18
0.061478511618462	0.448856844246622	18
-0.014640307268015	0.373088963469497	18
0.058214586357465	0.44733907319824	18
0.077713839354222	0.67802392033335	187
-0.101588036135727	0.217255398899887	187
0.046011480776825	0.599744359236868	187
-0.097496127443654	0.2526823488433	187
-0.029081200156339	0.421105245361194	66
0.063437790659542	0.533707425067015	66
-0.021458290531937	0.2834509392995	66
0.052009207012137	0.240132035683979	66
-0.093313347747699	0.163100552804013	132
0.113229758164989	0.399521413123293	66
-0.081923067707223	0.309832869802772	46
-0.099763021933499	0.147262289348583	32
0.09403229212665	0.52633297892874	32
-0.045595439592202	0.134010481833504	239
0.107270584297938	0.337276744501319	239
-0.056814462907289	0.2199490938679	239
-0.080239590150777	0.236969377499709	46
-0.072823769856397	0.222114680275786	46
0.047513554067901	0.250211156833688	45
0.047742628407799	0.241335922312788	45
0.065868892463352	0.324199757981308	45
-0.045900880067536	0.155250424741857	45
0.079525969655779	0.238527654425636	45
-0.102988544308345	0.262108683489372	69
0.029099260024501	0.33020799223857	191
-0.096379999445435	0.154907870166227	191
0.027425193790161	0.419233891306717	191
-0.049653725135677	0.257298933266056	191
-0.12337586696367	0.117536696064524	191
-0.043052902228973	0.140498222203821	46
-0.0000154233195160114	0.128964520690671	43
0.102524339855751	0.236357632747921	43
-0.043482133195887	0.142343915527938	43
-0.044397149582878	0.158612380878474	43
0.079232275808985	0.324577500626998	46
0.031850298597474	0.137909069871617	46
-0.101866542636526	0.151256889844113	10
-0.109079462717715	0.139739457869753	3
0.038730227418341	0.141785392523261	10
0.019825482475888	0.24402159575221	10
0.068410891140241	0.138431355650634	3
-0.033458484776575	0.165575730620045	10
0.029995492757631	0.238802890987485	10
0.030580724968567	0.247637530468543	21
-0.059301765526286	0.176356012866397	11
0.113810172135567	0.412466331068879	84
-0.054466473057785	0.198883375002435	84
-0.124572149827208	0.106687755413152	11
-0.062778838818985	0.160600096325859	11
-0.101416661590295	0.261314967170766	18
-0.02555130727676	0.447232652007736	18
0.105982755108095	0.857280079142111	18
-0.106035053668693	0.315852484457382	18
-0.107828165905216	0.322221416220709	18
-0.121065240904379	0.200095170150372	18
-0.119590652515129	0.259643588825165	17
-0.094401933900259	0.319915649673114	17
-0.053629461450519	0.387540990174106	18
-0.095139761948516	0.195386022161272	18
0.068586368168592	0.463839783184548	18
-0.019267648654884	0.347987412251605	18
0.035645236241779	0.397545168174086	18
0.0615737140498	0.498467663073055	18
0.098259477351329	0.707196271973868	18
-0.119377665901821	0.191524735183934	18
-0.091781938571691	0.234423604808523	18
-0.071015298872642	0.235127614594927	18
-0.057704909062703	0.249352130438611	18
-0.052367278606674	0.267619207561718	18
0.008126680510812	0.359418590249463	18
0.09907309478056	0.542905778733075	18
0.051700190000036	0.579419823668253	187
-0.120037220478282	0.205607331902448	187
0.11355138966963	0.756539238343652	66
-0.05473683304903	0.328550673487299	187
0.050087484976156	0.496637803088455	187
-0.00779537556870899	0.411015097231984	187
-0.11640975327669	0.187485422866712	187
-0.093321786280918	0.160280472212964	66
0.090254063512868	0.326743005339515	66
0.070849621421062	0.339143747590645	66
0.00078270601126601	0.241467915377939	132
-0.104108605833878	0.154196316772689	132
-0.063923560039321	0.195930455015601	66
-0.108316510725743	0.20153670379964	46
-0.024096849670889	0.381475705026318	32
-0.105373932800202	0.14364315046136	32
0.00830016350019902	0.356940146884121	239
-0.028418303893465	0.322738235673717	239
0.065909195946706	0.559662190482785	239
-0.097793109114824	0.166299174922662	45
0.022561306679539	0.352211749746148	46
-0.059820969603392	0.174529728974732	45
0.085906000933654	0.38758964779171	45
-0.010773868676423	0.243136156767335	45
-0.016325078890057	0.319239230915698	45
-0.060872812072867	0.227220865556924	45
0.08927701663711	0.417541352984037	45
-0.078526849754346	0.299110424803641	45
-0.025569782455561	0.288626422588934	191
0.055618757447215	0.332987942702482	191
-0.061641179605821	0.164441069266878	191
-0.114319344122311	0.148077618339684	191
0.070628157103607	0.330991319700826	191
-0.101705515030308	0.161976077102266	191
0.105517025692367	0.384440725880454	46
-0.032537579857568	0.298778921583673	46
-0.059767964390729	0.17787490555587	43
0.015700036480923	0.258746429832721	43
0.00270891365524001	0.239759670850596	43
-0.117778432724251	0.122382306240752	43
0.00641447070519602	0.247992537161913	43
0.073064725160609	0.303853838493825	43
0.041686452288921	0.246772153151533	43
0.024199094692009	0.248549871448534	46
-0.06598198878916	0.151736095156725	46
0.057128740230541	0.225529553969524	10
-0.056355260334403	0.175893342863301	3
0.022735441906106	0.240154925984029	3
0.034136615879266	0.235176580311772	10
0.078404229893429	0.235794527971308	3
0.048148668094468	0.228420479876564	10
-0.018297581382618	0.128445286875009	10
0.038913520663948	0.241726033601264	21
0.07759642430329	0.236859068511954	21
0.039625581641962	0.239619727129079	11
0.07363219618163	0.332304077458814	11
0.00973597135237902	0.13495480369862	11
-0.021144687049628	0.127799403653906	11
-0.020175363177566	0.130927719451293	11
0.035716153267947	0.141707385956097	11
-0.03198155684369	0.142994119138409	15
0.050148887434186	0.328152762609231	11
0.114394673433399	0.417963471260192	11
-0.034809344440344	0.146647809089691	11
-0.114239559271118	0.123909672161028	18
-0.061772415678623	0.186542799332463	18
-0.067208894809999	0.23708348293593	18
0.00980773054279299	0.601196244711732	18
-0.0272874778895	0.277527286850769	18
0.031541659270685	0.507576379082301	18
-0.087271861544744	0.26934769511314	18
-0.026566620022203	0.359929636591412	18
0.063607463137337	0.461515565936209	18
-0.120877718584898	0.148019487001187	18
-0.027566165096749	0.312132816276018	17
-0.094558219688228	0.196528590390856	18
-0.00825535810657499	0.361217789269065	18
0.00860818388376	0.347506505265733	18
-0.04236531965143	0.14712804178897	18
-0.051162162257309	0.141858728949329	18
0.092036517306823	0.491062392205128	187
-0.049202267716932	0.312380474624889	66
0.030691754571926	0.38243104402328	66
-0.058896194964904	0.26379773572157	66
0.051193375683407	0.415672666316888	66
0.01593237795047	0.332170616729801	66
0.107697157587739	0.493916932679791	66
0.00927646435927598	0.331877015448807	66
0.088373280346914	0.54871494572023	66
0.090938383221021	0.544115191274198	66
-0.094258605076656	0.191164675318096	132
0.022337503341976	0.422595352777595	66
0.112012905133537	0.329247984720204	46
0.00627770068084699	0.416025489149613	32
-0.056420951915309	0.232968754300577	32
0.077204797828902	0.404855357469836	239
0.058877222147582	0.393762873444177	239
-0.089772417688634	0.163352399983725	239
-0.105752478605376	0.134517533240389	239
-0.00930714078219799	0.127406820716293	46
0.076444636242523	0.408631423073498	46
0.114577084636246	0.479617995778991	45
-0.119601162814261	0.119618878156936	46
0.00120841951076001	0.248549222571207	45
-0.05836749773029	0.215717644651621	45
-0.031458417460854	0.280577656318068	45
-0.073696614245702	0.230444464544588	45
-0.124435671194221	0.152183747746124	69
-0.054230032640064	0.145840656672511	191
-0.052172836644809	0.210573944358475	191
0.048551907584014	0.314177369487291	46
0.046215336064411	0.308127721566133	43
-0.00898552291521801	0.276409456307956	43
0.121458101137744	0.414037580116309	43
0.040763532017885	0.350106102925978	43
0.00225424379686401	0.301936325546148	43
-0.048434528743851	0.188944030055422	50
-0.112100582027566	0.119893705261044	43
-0.011668965821059	0.246756810803244	43
-0.057914425221051	0.168959817040452	43
0.015671655682478	0.242169854890138	43
-0.06621469449725	0.179344155008616	46
-0.0531298394649	0.17825805332144	46
0.097199645988667	0.308999906008882	46
-0.054048081931969	0.149567406929215	3
0.066284343721832	0.239276541268673	3
-0.047496565698737	0.155299901853738	10
-0.039034600361548	0.123989166492564	10
-0.043524341424349	0.136846228378465	10
-0.00335130704676001	0.128244265543525	10
-0.036021077347716	0.133723382472453	21
0.010597481118351	0.136079310677524	21
-0.035609007006626	0.127077500815315	11
0.106710354190758	0.238360254705006	11
-0.044484134815656	0.135666231649029	84
-0.051691572572518	0.198118791996276	11
0.114379785232049	0.481471578383345	18
0.082875494748682	0.689466229184923	18
-0.045916849485599	0.389942586404438	18
-0.075275037198096	0.283684448910352	18
-0.087581532403741	0.37490566433558	18
-0.002308567478989	0.638070607502903	18
0.00143008077743001	0.647221837949822	18
-0.094480788309792	0.226690347706574	18
-0.012730973875014	0.330544131539668	18
-0.111588083522961	0.150207357512274	18
-0.115862676633903	0.151338591239812	18
-0.12222854419981	0.186701973705718	18
0.012951170700797	0.54838730030333	18
0.011913703517388	0.653751695790318	18
-0.103231481519044	0.212735859908454	18
0.066841524934342	0.586022525730964	18
-0.107367398626939	0.223766074986023	18
0.00164801877162402	0.503262487835329	18
-0.058585404915809	0.331286281039139	18
0.00109627334786599	0.409973150784477	18
0.114955035257036	0.728429621527928	18
0.030231157002677	0.492034932325718	18
-0.060989057181695	0.292899144910521	18
0.062724879480032	0.629436295701712	18
-0.035992671860365	0.357331543334928	18
0.011153460531657	0.507625246032365	17
0.022840004553382	0.429492754561622	18
0.076534880961379	0.505747700487024	18
-0.044464133612257	0.389843790540075	18
0.104403669972098	0.221543072215559	18
-0.030632611732174	0.165351062875427	18
0.063115345880666	0.307409676980789	18
0.00607104423782501	0.134299454678979	18
-0.070081690443754	0.276970161509664	187
0.081405681269529	0.644012887117798	187
0.116301240948073	0.731130870047767	66
0.018706517794938	0.327015514044042	187
0.110807679055826	0.602531630872411	187
0.066985159190159	0.601801696862352	66
-0.010050977477161	0.353014926082068	66
-0.10978977201997	0.190482266037111	66
0.067262290896946	0.471158503486773	66
0.082526088632124	0.434004474537235	66
-0.029419470451369	0.289443088151293	66
-0.054245769871096	0.279514064887192	132
-0.097523912060922	0.183097317448027	66
-0.098423751117027	0.198628696586823	46
-0.081889448088089	0.267053486581155	46
-0.013059587903838	0.276923592283541	46
0.034484449895609	0.465115445131716	46
0.018132943058143	0.426817803344963	46
0.078883043847728	0.593554901360854	32
-0.112870347080473	0.16628669514244	46
-0.104392749171422	0.17841453498567	239
0.073906154590599	0.502455469610154	46
0.110814521754245	0.553548693748865	46
0.066954934192558	0.479375944746856	46
0.010215402854149	0.355891017274213	45
0.107675315702775	0.458753433988733	45
-0.113799710658306	0.159576512618277	45
-0.006866185529564	0.349468074970803	45
0.016922182236566	0.46599881302927	45
-0.060466025191136	0.165446887369753	45
-0.109052923935677	0.23346096139163	45
0.026084371754916	0.417101795944019	45
0.093322026295234	0.241695843217529	191
0.04285229708004	0.226573287691858	191
0.119059788852169	0.322359066160501	46
-0.015878591041115	0.289618476552781	191
0.12101278871561	0.506238264686291	191
-0.056358716943118	0.18404206840301	46
-0.013971334363078	0.311321399483173	46
-0.071444825348088	0.171062453975692	43
0.042079455880952	0.340900075633309	43
-0.109559444617676	0.122725191439081	43
-0.061590382529855	0.185853035995605	43
0.122403963512429	0.421964592818615	43
-0.119500943041059	0.123089364737085	43
0.104966787460879	0.410279051178306	43
-0.001017450507631	0.243838663230207	43
-0.119240833340699	0.112957547508273	46
-0.110173587932193	0.141371660358298	46
-0.013214979986365	0.23029106215903	46
0.036183993635712	0.248676099357195	10
0.117884349852661	0.3260228891451	10
-0.00686872064904001	0.261351537907923	3
-0.00379410993970999	0.12737086709349	3
-0.124728532304706	0.0952135685496347	3
0.065383056983216	0.319098019210893	10
0.063350322501894	0.237758042573339	10
-0.044652392412595	0.129438685861697	10
-0.016184000606061	0.132052945500241	10
0.070260638674216	0.225096470245493	10
-0.048934451320463	0.156154974863425	21
-0.066791623672006	0.157650583118465	21
-0.047466698684245	0.157203796543871	15
0.036922259264188	0.141456462286323	11
-0.027262838906288	0.303360369342071	91
-0.02005233929811	0.362232529906445	18
0.058119195258667	0.39514877755127	18
0.042222263659207	0.569569825496299	18
-0.10200605621057	0.308751429128807	18
-0.058127781235321	0.348398901033628	18
-0.079606916352553	0.263231546202136	18
-0.058595294712509	0.315118436521694	18
0.078348264959808	0.622369676253206	18
-0.057295104071633	0.360012459122618	18
-0.061428317717416	0.296136786033558	18
-0.082108517887213	0.260646911667015	18
-0.064326623898759	0.297365542978898	18
-0.084236777115061	0.248875458526629	17
-0.094822688680353	0.186049219220993	18
0.000533487036960989	0.468307094680614	18
0.046756892139635	0.326906399325325	18
0.098269053331984	0.397465558890238	18
0.117306194130327	0.226475172914633	18
-0.122973456915511	0.162014803593841	187
-0.00975968730396401	0.366124443512606	187
-0.121015980335725	0.192679055223873	66
0.029860752791712	0.421429433241418	66
0.039895674830931	0.32708448982774	187
0.00806220031330102	0.405615882136283	132
0.068074925878978	0.427406958543056	66
-0.038893784654932	0.321794026881244	66
0.090108480874535	0.589313957412229	66
0.017020867490653	0.475194512534331	46
-0.01594951763298	0.331842207730636	239
-0.033445732534215	0.27950574131056	239
-0.00859779890443399	0.244441015530385	46
0.081850456759982	0.599086177397803	46
0.08257122176558	0.577767502175886	46
0.091322202202517	0.554734340357705	46
0.023973045335893	0.407999527992847	46
-0.069061492253903	0.234571807929215	45
-0.096766935495091	0.183566323901932	45
-0.099747898591977	0.155542415235367	45
0.059492843322499	0.466045507782456	45
0.046950825673515	0.600181344821402	45
0.031657056901866	0.502455598064681	45
-0.034514790351555	0.361069238217629	45
0.048103386964132	0.420097632779198	191
0.115288484267179	0.424330968312403	191
-0.021256732540683	0.29210743687398	191
-0.060039759112814	0.222619688574028	46
0.075080424779373	0.484565691116055	46
0.115008021473287	0.466979836999433	43
0.027201741746857	0.347386162039375	50
-0.054424655913302	0.210780839493406	43
-0.110591198576354	0.128300315823388	43
-0.050134886726392	0.170235829307528	43
0.038322170002188	0.334751922026301	46
0.07203616624731	0.329120034512469	46
-0.024954663480873	0.280226562443726	46
-0.00661278787295	0.244391343962831	46
0.122358629298272	0.341136154682805	10
0.024064912728149	0.217242050694501	3
-0.018355512620671	0.129669617626616	10
-0.122770519010246	0.0972749339259473	3
-0.044141782027271	0.197504126059709	10
-0.044562946431459	0.160801626835484	10
-0.052826834809505	0.17934969925802	10
0.123371740370834	0.332571442920701	10
-0.048311863230091	0.139968038146573	10
0.088175292428122	0.233688951234955	10
-0.032063334573615	0.150951618259874	21
-0.05521608654731	0.160432838999301	21
0.031054306635902	0.255287478322339	11
-0.057330651958141	0.173863224528953	84
-0.103500803392148	0.150409330504427	15
-0.103531172637103	0.139904356096211	15
-0.011646899686768	0.285222084418336	18
0.084562309920854	0.488051567357334	18
-0.028563020261748	0.564411623779173	18
-0.121744463811027	0.279678943640379	18
-0.123836264101278	0.179185180272451	18
-0.042325651088995	0.272534174092639	18
-0.029587759865427	0.394382624967276	17
-0.029773087985479	0.355705320272027	18
-0.072785997176478	0.331962441247223	18
-0.076950087431154	0.299472304603567	18
0.110695473114958	0.634138729710295	18
0.046788311528832	0.46522247403006	18
-0.020205523502701	0.354149553760062	18
-0.124082406573639	0.197312254842811	18
0.106993140370581	0.713837772842983	18
-0.063450431089577	0.306690910051942	18
-0.118673771862944	0.203895168566078	18
-0.05809425103432	0.253311582531501	18
-0.039524825791271	0.152272680650787	18
0.007280088525984	0.238020626367431	18
-0.052537935461468	0.174045214102055	18
-0.110451942816705	0.115150960712169	18
-0.016984795336267	0.131368932522233	187
-0.086113692856499	0.232993453878541	187
-0.104151619256395	0.16075784497409	66
0.040427629988587	0.57642106102417	66
-0.026204393843108	0.333918205443422	66
-0.118680184891648	0.200785046240152	66
0.098832627898326	0.639292581356848	187
0.018836062700963	0.365689784688526	66
0.038388437199197	0.415933136860271	66
0.051105422884925	0.41789940506145	66
-0.037529944686721	0.296458484509639	132
-0.10994071396743	0.169216096589195	66
-0.030012036421034	0.307169084858434	66
-0.061876805394021	0.186025684430253	66
-0.091518850772799	0.185838873719211	66
0.060888689571739	0.241154118072241	66
-0.024952932303182	0.31782430750999	46
0.022750047771585	0.464244584037983	46
0.07603680683338	0.506686041761328	46
0.030312010509084	0.380554244110538	239
0.00446456538641599	0.294484783722539	239
-0.116604611488299	0.153704325873264	46
-0.072127660876109	0.201731492517304	66
-0.054927984530671	0.155777297744177	46
0.079410070526519	0.479796614599112	46
0.029557868603302	0.357380905741279	45
-0.052845706567067	0.196472009531022	45
0.116189237319521	0.493143863338574	45
0.053200458337078	0.405397642477868	45
-0.035717432657489	0.29764114344676	45
-0.085421157353865	0.204158609336228	45
0.00585418978030899	0.228756625015415	191
0.019032332136118	0.242564125704599	46
0.041089077453099	0.248217365884911	191
-0.103571692370838	0.153974718785264	43
-0.08836190039213	0.192022918615334	43
0.029622318366708	0.354810425722642	50
-0.110058352358636	0.129804767943454	43
-0.106642928910745	0.154504585321285	43
-0.064877604409118	0.215279467279165	46
0.057308006960449	0.348055004305669	46
0.013771772804704	0.242687356370872	46
-0.060951009956667	0.185479223167652	10
-0.03919228058754	0.137052421341488	10
0.039848500685964	0.238291334020132	10
-0.115292422094391	0.111649735700699	10
-0.052979240118359	0.139559919223008	10
0.059989484037351	0.239386194745863	10
-0.049564211270254	0.153976575360161	10
-0.063178382505495	0.161272865444525	21
-0.032851686087391	0.136379966128905	15
0.073748007312331	0.241784776915724	11
0.066611905117023	0.244431582910354	11
0.023606670891225	0.249420318331874	11
-0.062870709425741	0.192663576924894	15
-0.059227330810735	0.181664207300137	15
0.0454893441522	0.795165116870405	18
-0.109156078637408	0.253652868786575	18
0.11755034681688	0.799868573334057	18
0.063126126747821	0.714251091630295	18
-0.050176801768165	0.358295875330086	18
-0.095585120340189	0.369931784095192	18
-0.044888567888094	0.492659846298157	18
0.023417837430767	0.601377394812421	18
-0.049922617965282	0.431293752518256	18
-0.118747318822065	0.238196262227232	18
-0.100511882208303	0.26487610847939	18
-0.00423439847180401	0.372226345727637	18
-0.113131451888916	0.176467917336271	18
-0.030366732136136	0.302483033742771	18
-0.109762279022678	0.193199941664618	18
0.00836059418206298	0.416406065175628	18
0.114340482918284	0.651961886121488	18
-0.118804814949732	0.203649167095692	18
-0.026747210557281	0.352541239151191	18
-0.020690917988629	0.367781978848737	18
-0.105915846079201	0.168630688692239	18
0.022106161041378	0.329017536432341	18
-0.007273470697233	0.252091251018615	18
-0.046119674701449	0.224100257729098	18
-0.051336988003804	0.204598637559055	18
-0.019886105537176	0.267447862760596	18
-0.041889816249751	0.241334694263881	18
-0.057354734911385	0.227792087361272	187
-0.035623334362832	0.288600559606817	187
0.019562104397761	0.452796007584413	187
-0.032789884158695	0.333581421638685	187
-0.015837989217933	0.384274515142303	187
-0.067710285252931	0.264826461732224	66
-0.102613530856077	0.19859653504561	66
-0.060333615816302	0.288355764550813	66
-0.100171674841645	0.200025867964715	187
0.00230549721063	0.25611652281841	66
-0.102804783775011	0.154163933483367	132
0.116991524831055	0.490941425566715	66
-0.088116064005548	0.169610829884333	66
-0.107987143410274	0.201525310660413	66
0.093698371395082	0.522078435683094	46
-0.002534775925984	0.260769989792454	46
0.00532864919715897	0.32755561652103	46
-0.11946037797563	0.121259311021515	46
0.059809599798434	0.392899470631996	46
-0.052870080365799	0.201629605624566	46
-0.087616434401418	0.19205297840847	45
-0.087573033331029	0.167832528134818	45
-0.124030733377874	0.113708600071622	45
-0.030482356837758	0.297984361660529	69
-0.057033568448977	0.267386781886827	69
-0.074506411950474	0.249198428867996	45
0.097672436717133	0.500534747336761	45
-0.051704565424714	0.209669026925834	191
0.054820486417436	0.237786017559942	191
-0.00823241111117801	0.252608252102131	46
0.100084156040568	0.479692845610309	46
-0.061242528554048	0.21874950507509	46
0.069704781331075	0.515739952199319	46
0.091206421344401	0.329559879610606	43
-0.114594324683881	0.12024843204626	43
-0.00477833339498701	0.253603347202526	43
-0.12280932126038	0.158491121148343	50
-0.00477833339498701	0.253603347202526	50
0.080452554323887	0.334199151211877	50
-0.045279515175649	0.194091804116245	43
0.06093890762285	0.247753039669199	43
0.106518495890408	0.322511290985247	43
-0.056063297433129	0.213880822400398	46
-0.000395098994326992	0.255493159888103	46
-0.121968533545431	0.109648087454212	46
-0.114676395887232	0.108353029034903	46
-0.057987973123358	0.164627077172426	46
0.057681003163053	0.242078363659724	53
0.123782844625896	0.410286655937912	10
0.000800372254730009	0.248541306124541	10
-0.109880610717262	0.14038593442437	10
-0.000872619815697001	0.247336675709148	10
0.105974972675984	0.330916102928447	10
0.00772592968646502	0.252456701710558	10
-0.030984437575089	0.130587841153346	108
0.080706068140078	0.229829608077714	10
-0.031080765286617	0.130117518535169	10
0.091330789404052	0.23112499897303	10
-0.047619064848117	0.131725060650453	21
-0.05452423644631	0.158053529908941	21
-0.044566006541889	0.14437720444152	15
0.094794495150499	0.225915403768698	15
-0.036244549493449	0.134034070783123	15
-0.063188291898902	1.59945173811587	91
-0.00072604704607801	0.977048166835714	18
-0.065391918449728	0.535145317670035	18
-0.064440941930147	0.544666601531518	18
-0.066258258744792	0.536115670461145	18
-0.074676771179842	0.417897822930689	18
-0.06096597424341	0.286403143984858	17
-0.12280829919484	0.214149251261589	18
0.040707120059148	0.491249451829678	18
0.03063631687115	0.55240911239268	18
-0.037939477611117	0.173251452363679	18
-0.048161021097698	0.179233737489625	18
-0.114292572493134	0.20101211106018	18
-0.121497370967384	0.210998608929543	18
-0.12407344265037	0.233169344003535	18
-0.109499400746121	0.248263324629459	18
0.06261766545379	0.496337719789546	18
0.032237352835449	0.522169202442906	18
-0.031412504284687	0.309789373889972	18
0.060291803191319	0.580660783701035	18
-0.064264148631116	0.269195805640197	18
-0.10648940729586	0.247157300686692	18
-0.115114417635173	0.2147299526116	187
0.110918134679159	0.597537259420456	187
-0.106667296326591	0.21768598862554	187
0.030398376292606	0.658418223857873	187
0.01148430830008	0.451214826155758	187
0.030997845222394	0.139364591079215	66
-0.023958120089279	0.126760684589307	66
0.002049181544587	0.134340956948841	66
-0.016055221619849	0.13150992152809	66
0.124041639079578	0.238002492355799	66
0.059676517025376	0.134652123393826	66
-0.028064610993919	0.122196953112916	46
0.027611529810335	0.134174032914229	66
-0.061032581794551	0.286865861581166	46
-0.064402448117819	0.170194398860511	46
0.030468802261816	0.460681337524616	46
0.075327171599815	0.238239559935602	46
0.020130230136467	0.235339436365367	45
-0.065820118984687	0.17104790642728	45
-0.123869938124778	0.139340589982102	191
-0.110968457375141	0.14114198677463	191
0.04017641318945	0.334786102079191	191
0.00575018476100603	0.23495811166984	46
0.072904477703496	0.147034585169118	43
-0.122957591946379	0.149575167345784	43
0.123964572985984	0.153266309642084	50
-0.011302566360867	0.13315711956056	43
0.034117911949365	0.138944727486684	43
-0.0213253729308	0.130564030416374	43
0.00379080588730302	0.134387284755975	43
0.03366842038676	0.140558369199191	46
0.00975147949406002	0.129944042862991	46
-0.100316712272734	0.159690961579782	10
0.073882525470222	0.145280211081541	10
-0.027895899847539	0.131662812032949	10
0.081662088618948	0.321737966662362	10
-0.00097585626708499	0.245624760250648	10
0.121747652177639	0.151078244808928	10
0.071563901590629	0.245616421476572	10
0.097048439768034	0.230490360955655	10
0.103598630738519	0.236121944801914	15
-0.039239358851641	0.138935150472495	11
0.082331767512793	0.144903446029031	11
-0.075938253652792	0.191317243613941	84
-0.00943366831803	0.258572236093109	84
-0.117552295790187	0.16610249975734	84
-0.103146643138802	0.152543177398329	15
-0.004914934942124	0.344714228031739	15
0.050363570558319	0.254052936593849	15
0.00986621678183103	0.366275348286006	15
0.070435677888921	0.144408992227412	319
0.074942557226232	0.1434664473744	319
0.100339849311925	0.229606828656645	319
0.097037840961249	1.19554512532638	18
-0.070941553264559	0.442284409560641	18
-0.043694591551584	0.46620430583786	18
-0.035035438205652	0.584255313893461	18
-0.086048324682831	0.230892526281104	18
0.111759291093845	0.655287870543621	18
-0.040666229978708	0.44855985851335	18
0.00360994920916802	0.501054442792125	18
-0.066147847100804	0.287496731131461	18
0.069522194536513	0.676108411200056	18
-0.118794462873375	0.113643656976345	18
0.063495483405873	0.319095289861073	18
-0.064850740293486	0.162208619048303	18
-0.04563527665534	0.162779633315603	18
-0.051046550423862	0.179480154874403	18
-0.122361824470042	0.149593237625764	18
0.117070747205409	0.606825653242881	18
0.00620497025965	0.36158873410375	18
-0.047930896082903	0.165136166801346	18
-0.067751606660482	0.244789267677676	18
-0.112927148526515	0.207826009747199	18
-0.032719832364493	0.331638999487554	18
-0.024258801916855	0.338987219954287	18
-0.055809276923597	0.278752606588231	18
-0.068820006912932	0.295024176384337	187
-0.112190813480159	0.163873587078912	187
-0.104992898157389	0.199410717047148	187
0.067788974144503	0.590404138770443	187
-0.064046472636977	0.275090549600464	66
-0.005633304067164	0.43534322001545	66
0.033419176862133	0.456441432547726	66
-0.018924775313951	0.330829894780664	66
0.095442492834505	0.671653675849321	66
-0.031585813459927	0.161410887685963	66
0.069643071238187	0.242315349075524	66
0.077665151356945	0.230899389302483	66
-0.037113338459614	0.1415276150895	66
0.015615832961727	0.26560440866212	66
0.091393624377084	0.319218832819949	66
0.113017351283184	0.241244581466239	66
0.108936421458243	0.740924266514021	66
-0.058856785515533	0.295884664116504	66
0.089768093755984	0.438363972811147	66
-0.030106368577155	0.130422314785136	66
-0.040343046936617	0.145442026731845	66
0.106545904459414	0.237311581054054	66
-0.050146246813147	0.164814796359289	66
-0.102810669910254	0.16747323544273	66
-0.060960380458966	0.273877412448954	46
-0.078000789402581	0.226260854305211	46
0.113019137196087	0.31528493350064	46
-0.106499039687308	0.13731319948274	46
0.016806637250388	0.240421602437447	69
-0.041445466090446	0.234480690403068	69
-0.00596537459470301	0.347637474211712	45
0.022021036081596	0.354236691444483	45
-0.048794403188084	0.230091005674979	191
-0.048641660423182	0.137473869045076	46
-0.033919085607379	0.128968735847777	46
-0.089895581192898	0.165786170338628	43
-0.037169209667493	0.141946077873466	43
-0.044550797617527	0.127982188981507	43
-0.042446933665264	0.122190308805439	43
0.00756115253456202	0.256970448159742	46
-0.019125462654801	0.12690650728141	53
0.119697603470588	0.151028996070089	53
-0.092611675779647	0.164181027258504	21
0.122362504647104	0.413950153231163	10
0.06361990069836	0.140643840042565	10
0.00670239038632198	0.132593666916915	10
-0.020175363177566	0.130927719451293	21
0.060904769508575	0.234313132813847	11
0.071283913830606	0.145009164056021	15
0.103598630738519	0.236121944801914	84
-0.058771028965419	0.172678578594039	84
-0.067159126775739	0.180871016794569	84
0.044341295871227	0.347993128181944	84
-0.10989449165098	0.136344964808582	15
-0.052089150922204	0.204338148218433	15
-0.110693733099075	0.136482949363162	15
-0.063319954539817	0.20671479207985	15
-0.124280846962673	0.0922929517924811	319
-0.074013560660077	1.47142801606708	91
0.004019384785863	0.666662809827807	18
-0.043369429440141	0.42032880758636	18
0.103403688125755	0.657309548473909	18
-0.02974629780816	0.386084721359444	18
-0.060504219342794	0.295369358878554	18
-0.002284411581914	0.241708613934756	18
0.118510588103165	0.32097415420654	18
-0.044466608819775	0.15943863637613	18
0.017176642927514	0.240257831576183	18
-0.028917709603442	0.250791120519949	18
-0.052033694829351	0.147046538124978	18
-0.076372515587066	0.212091651255303	18
-0.123308055367102	0.195530184813747	18
0.120508295158779	0.557932766355011	18
0.00176817288726	0.344935540098103	18
-0.106378323850916	0.192587920656067	18
0.105196787791418	0.574962299082267	18
0.065904405368192	0.51498410394782	18
-0.087750110291104	0.23293411063064	187
-0.110525863959926	0.145781003168052	187
0.071204618476271	0.419397449066401	187
-0.076398606442479	0.230575734723288	66
-0.066545727743759	0.29763142391173	66
-0.00751518367948101	0.245117449747497	66
0.097880769719819	0.389410146339602	66
0.083807315316031	0.231575356632869	66
0.064955825597014	0.24436770300996	66
0.086992866326694	0.23900778966787	66
-0.035984772288148	0.133871818641464	66
0.115480070747874	0.44724381639333	66
-0.093980065448908	0.21514408758279	66
-0.037031037837613	0.122249776647741	66
0.018247644191653	0.247928365239413	66
-0.106844157512096	0.134452132456185	66
-0.007207728748821	0.33305921923999	46
-0.113805207032308	0.118701012808474	46
-0.096518475074314	0.156902082161021	46
0.076277288262061	0.409959992743881	45
0.109900735698353	0.415819040088113	69
-0.058736125769286	0.166252498224913	45
-0.053900158946798	0.195278192396901	45
-0.018058086276064	0.30999115216191	45
-0.112944859589499	0.160659967108095	191
-0.063327966085709	0.216767927097257	191
0.095744368904876	0.411993733987085	191
-0.041342106898031	0.13676639669624	43
0.09581225679365	0.22425280967153	43
-0.037942141073377	0.145526953170981	43
0.00161740613814299	0.134041376290916	53
0.075795548339189	0.148312729577327	53
-0.000217332576711998	0.132457599622824	53
0.060759152530921	0.230229431185668	21
0.021397867549411	0.253642765915814	21
-0.062777222854427	0.184132118708634	21
-0.065204011643635	0.175095760269674	21
-0.12171114229275	0.114960283820415	10
-0.123589974136266	0.0926005855667974	15
-0.055589004138231	0.141559070065531	84
-0.062917575190181	0.160194993027071	15
0.022289427066911	0.241939650749935	15
-0.046287956203056	0.211500340226085	15
-0.059738002647915	0.181692866749578	319
0.074469097799454	0.222384763219232	319
-0.017360209839585	0.125440891056976	319
0.077435145444459	0.146419296382793	319
0.079179331817424	1.66417959980034	18
0.068784494913566	1.04273987040463	18
0.105087648929535	1.48208562235857	18
-0.089782621243874	0.282376410554335	18
-0.005688471005345	0.50335414704351	18
-0.051645521899878	0.470215256093865	17
-0.121046868141114	0.279962572107416	17
0.025607557099958	0.543120557442106	18
-0.068974124813495	0.366927231945525	18
-0.00358272190246201	0.501616375240369	18
-0.108817365629791	0.130935538782722	18
-0.121183578134783	0.185897788438458	18
0.043071664297491	0.598320582980476	18
0.051766562279564	0.428375628775475	18
-0.047218334931651	0.306126830418844	18
-0.066040655443892	0.285102685858222	18
-0.096881451711915	0.231578539802432	187
0.06327671855958	0.506295467535863	187
-0.068533781123179	0.298071796522775	187
0.102308880552998	0.55259395835496	187
0.048321081629045	0.558381494383904	66
-0.00705038650012901	0.420755932376084	187
0.07144026885668	0.242577171602291	66
0.062112403206328	0.233346944844076	66
0.056037253834565	0.239036959947971	66
-0.095763978533696	0.165071516415911	66
0.111245485289491	0.331745820358327	66
0.107563341367078	0.208103831675859	66
0.024669226533648	0.248468492449105	66
-0.115804745639919	0.211692325317166	66
0.092767683642296	0.685013988464044	46
0.109991007294396	0.786859755731166	46
-0.039385165995297	0.276599424019127	46
0.044266571446058	0.243233810187015	34
0.062170411368193	0.242002360415294	34
0.097975223030015	0.572572428648565	46
0.003348273026333	0.134099703058368	46
0.07167228852205	0.307973898005887	46
0.117628856632916	0.474979155306037	45
0.016969772815937	0.254151097472132	45
0.030868988181522	0.245770806662633	45
0.055363164457382	0.333518447104443	69
0.085664431412238	0.415341081903216	69
0.00535982957929898	0.257576927970337	45
-0.011014364271866	0.248955232179086	191
0.111216846227288	0.407043882562668	191
0.107726460238013	0.238529377629185	82
-0.056867615115971	0.140009076183747	43
-0.031221579404416	0.157854761336784	43
-0.022476106486106	0.129626770447219	43
-0.039329710865095	0.140094042048805	43
-0.024266619971576	0.12336937960151	43
-0.040235556123265	0.138917726942288	43
-0.044406777152061	0.134128229650563	53
0.02837886192249	0.326354235554257	21
0.109417585552261	0.465609649059393	21
0.117079187949639	0.475150914947979	21
-0.052082691126766	0.161373328583251	10
-0.031406187474578	0.130378061674099	10
0.064027583805717	0.13814747838978	10
0.105403446385976	0.391378533919864	11
0.032213327749081	0.136878035260101	84
-0.053233804738081	0.220393844787317	376
-0.102815744847492	0.153132537967341	376
0.057715265706084	0.228548883618781	376
-0.025065093750108	0.270898817987437	15
-0.060416338964918	0.136399860155455	319
-0.040160235516016	1.39322690188687	91
0.11508006473555	0.731666831124438	18
-0.00622686076620699	0.638779135809522	18
0.074524933892681	0.751093919923555	18
-0.111524477534415	0.168057987187182	17
-0.080098866744828	0.372059283261697	18
-0.016537548807117	0.474346388787936	18
-0.036464091968494	0.485848397046198	18
0.041341117550568	0.520118581243615	18
-0.041534271258628	0.306109433038539	18
-0.035233633270211	0.327788160840422	18
0.025099503970207	0.459345205421266	18
0.099940095322157	0.604847411685155	18
0.066701110178556	0.539466234974332	18
0.013305714150615	0.37466263396111	18
0.038491472067328	0.432789429591045	18
0.065176824702835	0.570078173316728	18
0.025675583935565	0.576534182646049	18
0.098804590648535	0.583419521109434	18
0.00723303220293597	0.418694798820536	18
-0.106556583242629	0.20232304126267	18
0.120904846861515	0.787093889879273	18
0.049353742826045	0.331786440445711	18
-0.053564133217277	0.197507560183772	18
0.083592321342354	0.238936921246432	18
-0.097163584432533	0.165850722422534	187
0.016543864156511	0.449932618582423	187
-0.049822262059598	0.178342179692256	187
-0.06119606157676	0.258716814446116	187
0.11897796583995	0.737377573004623	187
0.055290228501604	0.402552539413905	187
-0.098347441625711	0.15835810282959	66
0.117900142545857	0.592697831521135	66
-0.106514639668167	0.149150337978182	66
0.043995767116141	0.351001094255942	66
0.073822244947605	0.502343383294377	66
-0.00902634185654599	0.291226056734478	66
0.074569906178	0.346515055619127	66
0.01135040213639	0.386887107174314	66
-0.069422396115348	0.234983313304383	66
0.110859046978315	0.556629575781787	66
-0.083394527323722	0.174615328344346	66
-0.104321379282181	0.173799966031062	66
0.087876918931467	0.423184117864378	66
-0.049990479284739	0.240735455134547	66
0.016913259224003	0.349435307641802	66
-0.099470615974657	0.191939327063427	34
-0.109727966507491	0.139901663710681	34
0.058817540589738	0.330845152450958	46
0.020697708383424	0.250177288952443	45
-0.053929155988071	0.209026794242221	45
-0.054125890526219	0.219450461138888	45
-0.00448295679363001	0.395021121263694	69
-0.074283980204344	0.244089470715632	69
-0.072263791539601	0.239529986678008	69
-0.100668513132695	0.145832724043894	82
0.113386088408261	0.418915068995326	46
0.07167228852205	0.307973898005887	46
-0.048916916661427	0.17913266929675	43
0.012749279178075	0.23195877419983	43
0.023337552188243	0.252782218541848	43
0.052691445364782	0.323230558576911	43
0.064948064811174	0.333450511545271	43
-0.000447242754044008	0.245710668958879	43
0.011020322725378	0.260291189843056	46
0.100997130281748	0.40337992967833	53
-0.055643507654539	0.165219780071927	53
-0.047410732490071	0.184821499225876	53
-0.010145317993949	0.245306511711496	21
0.02360975719877	0.248111176451727	21
-0.042577453317876	0.149759896226579	21
0.03366842038676	0.140558369199191	21
0.00227698866620701	0.130595628826809	21
0.033493096057176	0.249499702245432	10
-0.051967633147373	0.155351365855751	10
0.109182957423904	0.328027624971444	10
0.096800862521351	0.221118541724206	10
0.046743558782609	0.235864737650862	11
-0.041359049425376	0.139019851534885	11
0.00379080588730302	0.134387284755975	11
0.094455360607028	0.238698279468651	84
-0.123679642604119	0.0929700574608458	84
-0.030098032553281	0.155587424231284	84
-0.039297458949176	0.145603727491325	84
-0.020317877702386	0.125064795416765	84
0.107705214599643	0.399181136171511	319
-0.001619030403091	0.267439981062062	319
-0.114418834206485	0.109299393136891	319
-0.042162908723128	0.166457948901095	319
-0.114974103433395	0.127438528863085	319
0.085462226900737	1.28126199910875	18
-0.090312964580649	0.46829162113365	18
-0.067668222189633	0.509214118738087	18
0.077994005483454	0.812096677859747	18
-0.037563095500001	0.411500840314772	18
0.029311158454054	0.505910486598501	17
0.032795914340461	0.878352623217882	18
0.029465369701466	0.621775907417584	18
0.026617409336471	0.644230350404536	18
-0.062007206504807	0.322731164182438	18
-0.103432476317804	0.225100218096645	18
0.060359060974495	0.531413202620166	18
0.082408556429519	0.546537672193292	18
-0.060195141661367	0.263025329232254	18
-0.051857784512687	0.264290098890835	18
-0.123992214589436	0.181812210442436	18
-0.00636510138249499	0.444717837496239	18
-0.104251879936985	0.224611306030799	18
-0.103503480317657	0.153640380694778	18
-0.041900721187851	0.154050411242066	18
-0.089196312834008	0.178193114134252	18
-0.046833248769101	0.180762510152892	18
-0.048563443715766	0.155234446551111	18
0.060281325396072	0.323999975441233	18
0.068849925343571	0.343675750673331	18
-0.108642809744094	0.21292097798115	187
0.110821073263102	0.799195415463335	187
-0.115006845488889	0.299772980914746	187
-0.00596410343933701	0.332640832693802	66
0.045044406512744	0.61915850953998	66
-0.075699440290149	0.229421529996756	66
-0.091293543552446	0.173896688863483	187
-0.095773308649044	0.176717006708292	187
-0.01986102951685	0.25945023820099	66
-0.056812315441089	0.23793367457763	66
-0.07228824132841	0.222330491773303	66
-0.111200948833548	0.152266830933405	66
0.123573551621016	0.507031708993869	66
0.090342801661277	0.512340465057085	66
-0.014025214699579	0.342330231299335	66
0.094496533581264	0.608911355579864	66
-0.115558142523598	0.173195819210718	66
-0.114812359850451	0.160369264104387	66
-0.112039599458741	0.202087540635615	66
-0.030446616861146	0.354263360134897	66
-0.101376422775749	0.172307130790298	66
-0.066110198873508	0.215862028882591	66
-0.060591119602954	0.257392428288243	287
0.009992311475228	0.393663950526795	287
-0.054046934912271	0.310175533479186	287
-0.089834015639542	0.224037591678869	287
0.034617239799522	0.311790107201768	287
-0.086140053542003	0.214780567177176	34
-0.02770509971997	0.317503772616349	34
-0.00701247121610299	0.391822054050781	69
-0.006160240045257	0.404978308023026	69
0.075845873764779	0.414508074563641	69
-0.05040822523997	0.192885114604404	191
0.055812836273895	0.338620844818486	191
-0.062434522785258	0.215877985088224	46
-0.05280346157652	0.197464517705029	43
0.117688967594389	0.473133144017302	43
-0.105171630292157	0.144543160331208	43
-0.054185559031145	0.180648533860743	46
-0.069129675071281	0.186807092490662	53
0.083818860872699	0.325996201499351	53
-0.122036671967479	0.112600555125224	53
-0.061632690824332	0.174572915553734	53
-0.111791995788992	0.13585083800579	21
-0.044856046782728	0.151632002694432	21
0.074383891397508	0.235886386656356	21
-0.049058277144466	0.181314948693669	10
-0.054950841037753	0.163064992898395	10
0.057271438038458	0.247917759588402	10
-0.033879075175649	0.126584395673762	10
-0.033922351353006	0.148197071242016	10
0.106040164179359	0.23473364637156	10
0.110922558127292	0.239148782029197	11
-0.043721227144138	0.15890458701143	15
0.037962255024235	0.247221317585756	15
-0.05437751282884	0.215604013760507	84
-0.042237178908764	0.218712890283356	15
-0.0483730066593	0.139882062704708	376
-0.045310702883287	0.139065289445223	15
-0.099289357782292	0.147398720793348	319
0.00977480690183302	0.226292000621923	319
0.00596842498359601	0.28082369536155	319
0.029660058000468	1.10639816203842	18
-0.051610178957718	0.449865703696263	18
0.029254759145327	0.667111717634687	18
0.087749509284934	0.802469942100138	91
0.052625051868366	0.692693997223544	18
0.068786889580813	0.579942245644865	18
0.019099239387257	0.258930331476107	18
0.118464119010816	0.418155518601922	18
0.043743062352132	0.234946816376148	18
0.049565172017307	0.249865703349723	18
-0.043712459697874	0.230159017188758	18
0.053617534092437	0.490321087067832	18
-0.049619504323497	0.3315609817684	18
-0.050271949112338	0.205679587634019	18
-0.097483788546889	0.265425574826435	18
0.034167092551267	0.507649947398917	18
-0.075912135351592	0.273539132212248	18
-0.015171559977005	0.346869214245863	18
-0.095315855038123	0.234846677624289	187
0.024597355002969	0.49491385306031	66
0.00834976285722999	0.256490662943672	66
0.096450042171889	0.850152965270472	66
0.031913482380593	0.425199477082277	187
-0.081615687840613	0.256342805746729	187
-0.043432826057354	0.153910558576143	66
0.054069864248929	0.238397282790132	66
0.121550883134598	0.331510215108866	66
-0.00540078868525501	0.398142331635162	66
-0.072131932873767	0.291781062139353	66
-0.041259461925384	0.203540167869748	66
0.105587474798953	0.325319147768684	66
-0.034056810409177	0.153543279200814	187
0.057646152371437	0.483437908088322	287
0.021070938979565	0.468814064638735	287
-0.106819857738768	0.17366126068855	287
0.00913799635314999	0.442863774546081	34
-0.100422664551835	0.211556197955181	34
0.029973846552632	0.3259223212079	34
-0.040461166414761	0.167402036444014	46
0.098037323374758	0.326419636631932	45
0.109951922866272	0.53202491859628	45
-0.067008526774781	0.157781651042849	69
-0.003278267861231	0.455835350103778	69
-0.002151645451791	0.386254555839802	45
-0.064817821135722	0.303674595727655	69
0.023179833658037	0.411758540421215	191
-0.043190646010204	0.169561916161808	46
-0.041484648140361	0.150249757234259	43
0.054731577827227	0.236676185064727	43
-0.022693513558084	0.128286558247354	46
0.031251329524258	0.137371183567341	53
-0.04057656282376	0.154659849435689	53
0.084971914681412	0.228255778206973	21
-0.028782274112035	0.131103159595927	21
0.066112970429506	0.142407120396323	21
-0.052995694779078	0.178928446016416	21
-0.017332098222573	0.132399499313696	10
-0.016274221966403	0.130463891578321	10
-0.050283074167309	0.172511149569406	10
-0.000434822871540008	0.129954348925103	75
0.07456325442502	0.148391013681812	75
-0.059250111281938	0.201207789545731	15
0.073331220450128	0.437759631097606	15
-0.01258893718631	0.288721849920866	15
-0.011882543610289	0.132976436048914	319
-0.105185554001354	1.25022722894465	91
0.018200437765582	1.69821591741754	18
-0.035163159427908	0.908404929852867	18
-0.069077879388073	0.799731598157098	18
-0.011048729405911	0.70873941830067	18
0.058684847708396	0.351635973799767	18
0.075717865881391	1.22840969503167	18
-0.101864967377204	0.209669503262338	91
0.033897014443789	0.137954625985392	18
0.00660681141292602	0.135398240320282	18
0.000350308001153987	0.520464083378188	18
-0.078759110264418	0.324712368095774	187
0.115170297705455	0.415571336168903	187
0.069551558087571	0.415241670586213	187
0.04897377614462	0.430236408058601	187
-0.112435516457802	0.197587649892862	8
-0.004356358690048	0.371397984377235	66
-0.045594180948876	0.319133628039184	287
-0.02171276813608	0.2855353330863	287
-0.082047521500341	0.263444003710705	34
-0.047277923388436	0.195308031094179	46
0.10986737648743	0.241073205831264	45
-0.101496007298743	0.131997030112634	45
0.091605021233355	0.805205292014523	69
-0.09801841828046	0.199758368092315	45
-0.00606591003079299	0.437483214360763	69
0.022510734649393	0.464741306596204	191
-0.097449018924051	0.188786660837899	191
0.039464544444798	0.33378214271115	191
-0.089706534396013	0.186163666605899	191
-0.122596931560504	0.168422546915017	191
0.117506860850577	0.326008585676541	82
-0.097799195419626	0.176292883601068	43
0.0000998211115340042	0.130623593792992	46
0.122442585051244	0.152049943096437	21
0.02592977748331	0.135323019422316	21
-0.029742859037449	0.154724162237617	10
0.037400213604655	0.140803562791072	125
0.03366842038676	0.140558369199191	21
-0.059679394208855	0.19870995054778	75
-0.016572058999424	0.282565220169498	75
0.074137542274363	0.146964768740998	74
0.03626837402268	0.342210784884719	84
0.116208129367441	0.33208761321153	84
-0.046972939308528	0.162062242564204	376
0.058295985533776	0.228770253364269	15
0.058866422515293	0.133178694501504	319
-0.087270502801715	0.925503101839562	18
-0.093647170075928	0.660641045473665	18
-0.020054638751926	0.918164311399611	18
0.058910333586296	1.06967954414483	18
0.029478092804287	1.15337393452515	18
-0.04805203327711	0.319665138075217	18
-0.027918823708782	0.327929974081478	91
0.049820823443375	0.532947272569482	91
-0.057405919779738	0.186096205016005	18
0.097556030038495	0.240388134240086	18
-0.041268566565067	0.144904837511452	18
-0.016269753395083	0.333255604519196	18
0.096546552146735	0.403419170385817	18
0.070246841109621	0.243476730129085	18
-0.0558646196718	0.181044037986698	18
-0.087678712004048	0.316710005694033	187
-0.115892486338663	0.246099946842629	18
-0.087328648833091	0.343791548700547	18
-0.084561526381143	0.311778429380031	18
0.00406545363854	0.583094221364668	187
-0.095082961597467	0.192009122751012	187
-0.122118013602558	0.135394532210879	187
-0.064824702683223	0.438834453024517	187
-0.00734177552784199	0.326785671491426	8
-0.047657472552257	0.137788009257579	187
0.034036062893343	0.139739439338785	359
0.07086017724871	0.144513472687543	66
-0.05320322074312	0.159465113225323	66
-0.056698701871869	0.29161689444988	66
-0.020056215704324	0.356842492189065	66
-0.021584726272461	0.343631090623379	66
0.071265327491519	0.145506328065878	287
-0.06857339061191	0.18715380886282	287
-0.104810361076631	0.197411092585184	287
-0.034136859088105	0.254229426722161	287
0.027187461140429	0.469049411869284	34
-0.115505091423078	0.116142467987556	45
0.038817105152591	0.225966490946568	45
0.034368759496169	0.134828162788863	45
-0.105335627405776	0.230913639409805	69
-0.00531897401276599	0.256913048878411	69
-0.060140771232837	0.24586072324207	69
-0.124781351435516	0.111323420502175	191
-0.057103887744935	0.137725284852314	82
0.081806291879588	0.22534841616042	82
0.031897226850816	0.131018944332795	82
0.036463431285492	0.235991906352252	274
-0.00427655699086399	0.280586954328951	43
0.034509147154544	0.141160902369366	21
-0.038966028961567	0.172999399295697	21
0.08284082837357	0.333926073308989	21
-0.051742965694272	0.176423504920059	21
-0.111595300375563	0.184893933178516	21
0.025187808919691	0.132527120425915	10
-0.03720044143605	0.134434315029472	21
-0.118794462873375	0.113643656976345	21
-0.111674096574561	0.109837679054816	21
-0.05180399913852	0.204908826711585	75
0.00247537091821898	0.131858322728186	75
0.069786593367462	0.145809393025518	75
0.023319930618754	0.24141057460149	84
-0.099797771758072	0.165798630129148	84
-0.113929835193917	0.127540546228612	84
-0.104936905203137	0.185413885775367	376
0.033686450198544	0.253986161289062	376
-0.076369538001767	0.276487561553125	15
0.090147955674217	0.344784470877692	15
0.034345373517038	0.441785138252989	15
-0.005095968919449	0.127134983974627	319
-0.051485424485297	0.243352106590157	15
-0.077553015092617	1.33397504452415	18
-0.064554073490006	1.16283991514557	18
-0.016181894708434	1.5018584158126	18
-0.058652026743662	0.766775851962244	18
0.027941747763633	0.392369409743732	18
-0.06231465991497	0.446349454682727	18
-0.119436797070395	0.341526357695813	18
-0.055341287735973	0.553565150719382	18
0.026372180021921	0.545846569772593	18
-0.038294569315454	0.318593603549786	18
0.116769078785519	0.717845061057575	18
0.10289166106132	0.839587810192196	18
-0.115631157860913	0.216172903885136	91
-0.112811237223545	0.202598613275712	18
-0.055799126852302	0.148289700385989	18
-0.051151648017488	0.119625691345862	18
-0.04368167440665	0.170449877416405	18
-0.034930833528113	0.133726917383613	18
0.081638668598797	0.243622467524227	18
-0.040665413333689	0.171150307641769	18
-0.034621231224296	0.434144954900371	187
-0.111045756888052	0.189742505556658	187
-0.073924254339642	0.349035020562651	18
-0.093157289908223	0.233937322648852	187
0.123294739367018	0.563335599940829	187
0.022000825526311	0.405858273354983	187
-0.038992996039188	0.458818106888263	187
-0.122537474782178	0.101977585691971	8
-0.05921093574982	0.282541538993559	8
-0.022831439059155	0.465994138815299	187
0.034002779464987	0.138978012312184	66
0.099197479235101	0.231893143712125	66
-0.043568578931983	0.127974055030598	66
-0.061633585476671	0.296993107129248	66
-0.018916789343437	0.403120991751103	66
0.022954807895438	0.394054254535412	287
0.0715781507552	0.238074959834319	277
0.073749123443507	0.143176834977763	45
0.024967427295503	0.129666237057283	45
-0.05044878131806	0.153758023813481	69
0.050881520965227	0.247693310992002	45
-0.036124995287307	0.286820127770267	45
0.111625178981886	0.485108792966763	191
-0.003305805216199	0.245797674324134	82
0.00735115372065798	0.135274683594749	82
-0.011856725250082	0.254864127826678	274
0.069646228987004	0.141604310956778	274
0.033684049309847	0.248808637929422	43
-0.032420760630425	0.129339256297219	28
0.07456325442502	0.148391013681812	53
0.00333781505598502	0.131937407717523	21
-0.113371142116411	0.119433595534703	21
0.036193580739448	0.140262456707519	10
0.002914291923658	0.134987738526471	10
0.020699728445798	0.261028357135606	75
0.028817750611508	0.249611472696606	75
0.087124264268604	0.209027991878148	75
-0.032988509180637	0.143546348073527	75
0.041732795737555	0.140278646564968	84
0.109690639698429	0.423998344210835	84
0.061190688054266	0.396837943868582	376
-0.01159843970462	0.2414971548279	376
-0.04607338105039	0.225743308749784	15
-0.043443459465459	0.136565399917648	15
-0.024967470794407	0.335574507203943	319
0.065039935198867	0.138150603661626	319
0.029056901968622	0.137301511092587	319
-0.051007637882266	0.134646670230487	15
-0.087146042185419	0.973839460757935	18
0.069853007244022	1.67826903234587	18
-0.00605699215295899	0.363996227091118	18
-0.023084087545687	0.291717796802389	18
0.119727417295322	0.770613112768222	18
0.084474332869799	0.931901843149367	18
0.072735478541099	1.11151938440425	18
-0.100193834782448	0.361335527647137	18
0.029863017200482	0.512988944688348	91
-0.014967729849328	0.256857673102665	18
0.06513549329135	0.251047018498733	18
-0.067457272269076	0.16583669020532	18
0.116606624180002	0.387826268504226	18
-0.058238582422909	0.255090508020622	18
0.037765821591147	0.354389817956026	18
-0.037664194060332	0.364030432699957	187
0.077833721413001	0.677022891228495	187
-0.076666421576439	0.290806893230722	187
0.036073336561972	0.356669408632459	187
0.077574718837874	0.570706814819944	187
0.020892321220254	0.3469695830006	187
0.00657566880424398	0.469080714529843	187
-0.115824732172596	0.158967701854949	8
0.060509624549708	0.448034517464604	8
-0.061281337822379	0.157065122927061	8
-0.101018464396913	0.197678939389845	8
0.00411607993454699	0.134992377628138	66
0.120051569682609	0.146307331094457	66
-0.067076346792691	0.244568416665785	187
-0.00802625740780699	0.273386581864775	287
-0.039024925810327	0.289351080819579	34
-0.110273872445161	0.142015860492122	34
0.090162789861406	0.238318617654819	34
0.00616520983633101	0.135638761169496	34
0.000429198220965987	0.134221562056372	277
0.094250120580764	0.329672398605758	45
-0.020392243906826	0.130706750535917	45
-0.000912142450709003	0.259117848582838	191
-0.046650640182667	0.132938734570303	82
-0.045306129178395	0.213133549013011	43
0.002591214217393	0.133736972345277	43
0.071266627699296	0.141463382265133	28
0.081063812682238	0.310956221857421	28
-0.02551698335208	0.13455661110985	53
-0.038297728230334	0.122162387856957	21
-0.030232289988471	0.176836364563601	21
-0.04929852116612	0.16389082655751	21
0.118934854066448	0.15088220071932	10
-0.004446084176989	0.129577674980448	10
0.033197502885515	0.136883935968026	75
0.00714611279719202	0.133211350584168	75
0.119209613379437	0.230646163354152	75
0.122244296992264	0.232662401056192	84
0.046234263914232	0.41546258669129	84
0.099191559461261	0.320812468124509	376
0.000378791782733978	2.32232459875921	18
0.030917160307808	0.574379344791707	18
0.027833308618447	0.620161568669976	91
-0.08363756130919	0.287176685353273	91
-0.111510184657155	0.248345570408082	91
-0.078712275250979	0.287682146795331	18
-0.0412980077707	0.138141108509973	18
-0.041508371528567	0.131536709293353	18
0.065574471870228	0.234972241904257	18
-0.101984640962812	0.192297061238608	18
0.022631758645091	0.243849859025954	18
0.119384300910761	0.330427851833888	18
-0.087364592489177	0.182195432257021	18
0.056864901362899	0.574183084760984	187
-0.076089723809381	0.293146491703519	187
-0.086240595260791	0.284173884932699	18
-0.121306221230844	0.23504529326875	18
-0.072764467646023	0.308687179226562	187
-0.040836241459197	0.356169573388403	187
-0.10102005392349	0.232014548363411	187
-0.094128445634032	0.29609660759185	187
0.078167091024486	0.580540952373444	187
0.085427218070721	0.463176645447696	8
-0.020008054311828	0.387181636085286	8
0.052821874957756	0.460998067118204	8
-0.119371360453474	0.113415302548379	187
-0.035172155795832	0.142608901871648	66
0.06772026056066	0.144414415480069	66
-0.060990740156646	0.166705002186762	187
0.02738574630481	0.133490463168221	187
-0.027738583683876	0.140117324923208	287
0.117773255898038	0.339430228610119	287
0.086694658087485	0.519431705253517	287
0.069755423506385	0.32019638293545	287
-0.012166120823922	0.399971617160892	287
-0.00864589144171199	0.324156293981093	34
-0.062444420266604	0.201526773669021	34
0.072226086375359	0.24304789803711	277
-0.03487896067549	0.293740563798305	45
0.037181067314085	0.419287850927414	45
-0.051966765033939	0.161625655332557	69
0.039811840410053	0.245677259400197	69
-0.022374018614969	0.125979157488565	82
0.036535670636495	0.139817929671856	46
0.027128417795295	0.132352186767732	43
0.026376197435767	0.250753420885085	43
-0.043454644975769	0.128846608105372	46
-0.02969854467432	0.132806512058252	46
0.087042395704885	0.236546459655092	28
0.028225872671548	0.134284095627	28
0.100062868530298	0.227066343430355	28
-0.000226022267174997	0.129296630223819	21
0.072096000216537	0.145735989760176	53
0.074137542274363	0.146964768740998	21
0.033056635809285	0.137692951508578	10
0.04879712163507	0.243368795884727	21
0.124726792042839	0.152494428500755	75
-0.031876067605859	0.159469695592341	15
-0.049902648574074	0.191671516335128	15
-0.1128090498408	0.130115829044527	84
-0.078679881966041	0.195878968115069	376
-0.112355742169844	0.13704104397017	376
-0.035989126243499	0.139677961093432	15
0.026164924116784	0.350586588137835	319
-0.047219623662494	0.257113677214114	319
0.085487471386019	0.498878669245574	319
-0.022846351106512	0.125802462167225	319
0.00935332135886602	0.83879823199027	91
0.102613326107833	0.914339047744771	18
-0.066257818914684	0.376174852482443	91
0.042620663731835	0.585715104712146	18
0.109337100241989	0.385176227416175	18
-0.057528514510278	0.191060545191069	18
0.124335716294014	0.432082027338314	18
0.033164384850948	0.247814637563903	18
0.008356415653059	0.310553562456769	18
-0.067243801968788	0.259342366360066	18
0.068802950195839	0.489424354852786	187
-0.124905304122948	0.179224890402882	187
-0.056787770158638	0.304823374301291	187
-0.006563122429074	0.404479368069914	187
0.080761244395801	0.682913192190913	187
-0.113459093814409	0.243032441557466	187
-0.00429481618522001	0.421391646179645	187
-0.101719412954481	0.218026387426244	8
-0.123604528393091	0.172892575724768	8
-0.047267834587093	0.295345980899734	8
0.114754321891162	0.703853458488916	8
0.01033013364306	0.420809304970307	187
-0.041700478398045	0.184204446385949	187
-0.040498078055708	0.145821302048777	66
-0.056699739221815	0.156544293848796	66
-0.043279712409155	0.156116189398207	66
0.058777221324739	0.318450127489919	66
0.095923034174277	0.338791893449674	66
0.110264571649045	0.537450528662803	187
-0.104924116817695	0.153906139547654	187
-0.058845926238277	0.184516496956001	187
0.014543524134445	0.256178325226642	187
-0.042399478661948	0.129760472043652	187
-0.028836235583921	0.258915030908438	187
0.065092957023918	0.394600661823576	287
-0.089019698666023	0.17939562534606	287
0.096284664806475	0.419631755547513	34
-0.00957194554032401	0.274789355353772	34
0.054745980147806	0.320866229549126	277
-0.064080477255346	0.225204562309246	277
0.115756136733988	0.337192098638555	277
-0.016739115971389	0.29545060702477	45
0.061535577514861	0.335440189183523	45
0.00892177554899298	0.350036021825177	69
-0.011922102587031	0.276819128436584	69
0.03238645094206	0.334703257798219	69
0.096323308996252	0.333993825707603	69
-0.122895051724197	0.105745598636706	69
-0.047235381719279	0.166017753584728	82
-0.03618267271599	0.148521877606196	82
-0.040362131378996	0.13504975391565	82
-0.027011601570509	0.123584984541771	43
-0.036079037758644	0.149033312035879	28
-0.04122090149444	0.133483163767492	28
0.067316621453577	0.239717865501181	28
-0.032994045109211	0.142843644526457	21
0.022904581149631	0.126407432710105	53
-0.053908244369543	0.132433336676784	21
-0.049007175622328	0.146078781587332	10
0.030643059861887	0.137368181403208	10
0.072114228581892	0.144134875323365	75
0.066889668391485	0.141678333063674	21
0.028063401872218	0.233748948752427	75
-0.049409988611693	0.147845594936248	75
0.099604088757235	0.242903754696989	75
-0.044578293628972	0.171976863470014	15
0.057624877291191	0.237224882751957	15
0.032325556820398	0.137339059642469	15
0.069626358841088	0.144568517878588	84
0.00953457837090199	0.254339592704969	84
-0.044589084365599	0.250984720313222	15
-0.0649095595034	0.156586175194519	319
-0.028878484189498	0.131549390295645	319
-0.00292119719622799	0.26013138861351	319
-0.009191364671299	0.589757973262239	91
-0.048829282891458	0.369707791155408	91
-0.061462382735344	0.668343834004763	91
-0.097983164126701	0.284504028790562	91
-0.004664947207392	0.329715266161494	18
-0.079508824541124	0.342764596588964	18
0.054530848435994	0.235937854086075	18
0.083913354409541	0.233676868116218	18
-0.056704086913281	0.14374848094895	18
0.096474046955688	0.400801687540793	18
0.046645476812181	0.314591627982947	18
-0.016938197134305	0.296652988736298	187
-0.070396550741242	0.214520398689106	187
0.078497314898143	0.534261279610729	187
0.119413763684406	0.990797275592727	187
0.094412920238274	0.529695207693476	8
0.114660965290352	0.144750561069602	66
0.080039725928657	0.140219462954615	66
-0.049914993687348	0.127696346606295	66
-0.016055221619849	0.13150992152809	253
-0.00486731294443499	0.124715198073144	253
0.00810971918015302	0.128529851936265	187
0.00379080588730302	0.134387284755975	277
0.069220298920491	0.144271494460804	45
0.070618847510805	0.146043074093784	45
-0.03889110642578	0.156205566882285	45
0.012107924045433	0.134956158551753	45
-0.044672955926133	0.14175233978762	45
-0.067526294182155	0.295579310167274	69
-0.090024874329028	0.179910584880405	69
0.067054095691714	0.34077558699503	69
-0.00162451914051001	0.132750589623495	82
0.120746762536652	0.149175070900729	82
0.060592348964572	0.125399948134063	46
-0.000330762266159995	0.131153902917819	43
0.039331431138232	0.241741722210698	28
0.041306549359984	0.238515479679954	28
0.070189581524484	0.143129745221764	21
0.123964572985984	0.153266309642084	53
0.02798151953629	0.13617051110094	21
-0.012533083967975	0.24125421035284	21
0.030643059861887	0.137368181403208	21
0.096294574138403	0.414115454708184	75
0.069131046954206	0.228423102127933	75
-0.109015481223384	0.13197675103701	84
0.061714001907268	0.218641735669438	15
0.00330713355409001	0.286347683603029	15
0.03063237578958	0.139972341374633	319
-0.019413416002988	0.131077690495405	319
-0.047581242060343	0.16378412682918	15
0.061505844142895	0.800321460984912	91
-0.114017693276144	0.250743655113458	18
0.075390079380609	0.508527924403129	18
-0.12415421244491	0.102487191704442	18
-0.046183052452066	0.144232926776003	18
0.06259475908515	0.25091929908142	18
0.033367151731307	0.495452831473778	18
-0.035397042039606	0.239548177794658	18
-0.018393368852675	0.423921788866556	187
0.058496378909656	0.585200368013033	187
0.03991271610316	0.515852702440177	187
0.031948913437891	0.531038922455262	187
0.00519615884190999	0.519600547407477	187
0.056672247112999	0.631465817955112	187
0.039521969497587	0.567635336649445	187
0.043754831504348	0.639392312233176	187
-0.00382027759180201	0.490570049348149	187
-0.071851459148126	0.256610108758613	187
0.096131000712826	0.723644996437965	187
-0.077945886212712	0.245516924828752	8
-0.087506623890198	0.295747108864256	8
-0.112742248567731	0.187126623298938	8
0.0891329425985	0.236461808855903	187
0.008444132920993	0.134296534868429	66
-0.040604997482384	0.128852219433551	66
0.026134295487147	0.249035417311365	66
-0.0538493330418	0.28115525781498	66
-0.010954064502726	0.362249066767335	187
0.119674080089382	0.329890443966291	253
0.097981627066519	0.408959437239504	253
0.087039378026205	0.236123846779177	187
0.042436517690952	0.43617600291923	34
0.052718678725087	0.246379785579035	34
0.102691702800389	0.22818056793708	45
-0.041800889843685	0.146135525676196	45
-0.038156203342632	0.143824935362493	45
0.010957892696547	0.352065388007157	45
0.00952718507052902	0.386096328980163	45
-0.103175489458682	0.150501764998612	69
0.034265607165925	0.137011730007238	46
0.066889668391485	0.141678333063674	46
-0.013427758867193	0.132327855206044	46
0.066016255703757	0.436594342329235	43
-0.11492847199362	0.144705019229691	28
0.030155445981716	0.138003300788036	28
0.09989802282417	0.225344005433661	28
0.025529553961022	0.270500164746967	28
0.005303112581732	0.135331825222661	53
-0.061676714328066	0.188866886728836	53
0.058129946017888	0.321142591748504	21
-0.043580516990179	0.136293642344675	21
0.045516187321169	0.237637766396614	21
0.103478636656369	0.316448183720054	21
-0.060467222689314	0.171275383889566	21
0.02713908047046	0.135349500020507	21
-0.03618267271599	0.148521877606196	21
0.010006054468517	0.262279061247477	75
-0.068076529548759	0.154844138808939	75
-0.045541853195907	0.146139293029395	15
0.095489292562178	0.238783433462106	84
-0.074732940133059	0.176956894426128	84
-0.087019885797026	0.220632187210158	84
-0.041397858049875	0.147064721301424	319
-0.023099872827317	0.566976946240282	91
0.013303319525932	0.341903931597326	18
-0.054750832636585	0.227715467762717	18
0.00979243335159102	0.257292634858111	18
-0.120149297439955	0.157308870936039	18
-0.073414143399381	0.227627448674201	18
-0.123000988730852	0.170614634584599	18
0.11877021757702	0.488085482824914	18
-0.10692865716187	0.14286658932364	18
-0.008143794541426	0.266188267138756	18
-0.110660742951642	0.18384147959828	18
-0.085038119912747	0.25080671818857	187
-0.107381922925351	0.193827630716277	187
-0.054675720985213	0.375554250934654	187
-0.083235560666061	0.298951657864331	187
0.057333430155775	0.607725163723889	187
-0.002545451201901	0.439790427493718	8
-0.092071166838187	0.293430745810727	8
-0.072694713971041	0.274569136623947	8
0.065377805867837	0.626830940244715	8
0.00938146587730299	0.442174204425647	187
0.050270889394124	0.515159345419709	187
-0.054062121472062	0.223068363774993	187
0.109079233925679	0.317362728135954	187
-0.05227618876477	0.15190565063371	66
-0.056605675872257	0.202109636795726	66
-0.051172488739888	0.206354509507248	187
-0.053442320243166	0.163066457688457	66
-0.044006971346467	0.160086235835111	66
-0.037238740049476	0.236505218057822	66
-0.032218144403239	0.330794869554839	187
-0.109867656754983	0.157196649541274	187
0.116080081022777	0.600748692882012	253
-0.021376733342285	0.290939810927945	253
-0.059157537436856	0.212462187804277	253
0.115883949245107	0.332246803577007	253
0.025347200671983	0.239471365962667	253
0.055460156501065	0.320051035255054	187
-0.104783578555748	0.163298009670973	187
0.086732306004672	0.457703544879912	187
0.040052808575209	0.249689691683916	34
-0.068928859271017	0.166574761336632	34
-0.061792964952415	0.215831205199398	277
0.0273367721123	0.25238355890795	45
0.11761189683389	0.398152917328791	45
-0.069996803080907	0.194506520395044	45
-0.050732362146258	0.278877823334236	45
0.093521643337073	0.538780990348047	45
0.0862420223922	0.537162376392479	45
0.033833539868268	0.495947713130254	45
-0.039890130105118	0.29500935445234	69
0.07087141307042	0.31492977336645	69
-0.119677023819423	0.112495265193666	69
-0.058866725156852	0.175524459482551	69
0.052036892357031	0.227248395468029	28
0.037885985069103	0.245924446999941	28
0.04161507893296	0.243490138292871	46
0.112944611522767	0.320850177654691	28
0.074716364024185	0.145013261379036	28
-0.051939351912436	0.161559776022764	28
0.066316778046758	0.246072528523521	53
0.111245485289491	0.331745820358327	53
0.09456893338236	0.340871722402396	21
-0.05788571327487	0.144508037761839	10
-0.040039354852562	0.14391656969364	21
0.123728192429637	0.153521575213333	149
0.107793770309518	0.239334476346054	21
-0.029835019615786	0.139120573251282	75
-0.055799126852302	0.148289700385989	75
-0.048075789100594	0.157581654642831	75
0.071475072731619	0.234003716756669	75
0.084606595898961	0.324888727121656	75
0.032159614169563	0.406050653610354	84
0.054395751729441	0.42630972279283	84
-0.0549704672893	0.222699746948868	15
0.10429923904697	0.433919267971287	15
0.005334886376336	0.279606013640717	15
0.054088569649903	0.30964678894444	15
-0.00283643975134601	0.290399054888372	15
0.023526732406004	0.352709726699928	15
-0.117038812191318	0.805604983991745	91
0.001850865610313	1.06832797299946	91
-0.124388385953895	0.333831877296025	91
-0.042354663535537	0.544534815679629	91
-0.099220140482626	0.350509190436494	91
-0.106219942111556	0.359334750530802	91
-0.054215709324883	0.515364849617239	91
0.076351581229362	0.425898618041892	18
0.12133710008292	0.336766747890741	18
0.037556734598019	0.24472712446548	18
0.031374886593248	0.260012199360066	18
-0.057410490341902	0.39192273023614	18
-0.098414339005676	0.187658940429672	18
0.039984708278756	0.707978945944874	187
-0.034686221141768	0.46623032540739	187
0.049120811447225	0.657233268586228	187
-0.059037893078282	0.372153148987915	187
-0.01246173285078	0.392004409668968	187
-0.009146575146606	0.498727782139989	187
0.112820364299075	0.661187255690586	187
-0.068408988246417	0.319923699375669	187
-0.093408565978992	0.215153530567596	8
0.079602939147468	0.669535665620331	8
0.072999643359034	0.720245939323056	187
-0.035997247514168	0.354664775902094	187
-0.083876029895327	0.281455359500669	187
-0.040282852964198	0.139464578877253	66
0.077550985748329	0.235262517607898	66
-0.051488401754666	0.1471462583416	66
-0.048114802337297	0.15864590793381	66
0.041601303068292	0.247500784348034	66
0.00170934184871502	0.24949577474739	66
0.091945819707266	0.317862145380608	66
0.040057758216555	0.650866184238876	66
0.063396622177422	0.328448562055989	253
0.088206051627856	0.232850152147162	253
-0.056408575723211	0.149455355342607	253
0.050584194965682	0.243020618796498	253
-0.00735028860172399	0.342479618623477	187
-0.013003741621024	0.460178558002758	187
0.051354200533065	0.470355345413493	187
0.088151405733062	0.704145916323523	187
0.074985510933822	0.537692178857363	34
-0.000988935262003998	0.23776182405766	34
0.024400212575757	0.249061078425551	34
0.120120546189444	0.330350571602826	277
0.043738818220815	0.345248863045105	45
0.108748281009535	0.426208251970334	45
-0.120965627383927	0.257910087884352	45
0.113351422956986	0.50396902024407	45
-0.013065591045984	0.423272050885541	45
0.102581682805977	0.707419698578995	69
-0.063099169978038	0.236442929803728	69
-0.031538729396122	0.237920836468091	69
0.083015037645639	0.560232224940858	28
-0.026748779585083	0.122934197815342	28
0.089109713438816	0.237802043306606	28
0.051648814979343	0.230603065460503	28
-0.044406777152061	0.134128229650563	28
0.039582947430695	0.361658208661139	28
-0.044659022266418	0.12948674671329	53
-0.038429902328255	0.12668085466168	21
0.113897671732526	0.143770859447969	21
0.107826547961354	0.33010925076734	21
-0.024299352097519	0.239644509430095	163
0.011745616231386	0.240907642701689	163
0.00562830300211598	0.134105491729631	21
-0.110699379863775	0.154035320909188	75
0.051179729114524	0.339882189276769	75
0.036618923686092	0.348731977301686	179
0.00393102191550598	0.266545459629158	15
-0.00108479271418299	0.129820291420622	319
-0.00952032870487801	0.70639149001511	91
-0.063881244219702	0.479835294393056	91
0.048381219538807	0.815089890188767	91
-0.061219224965965	0.452368589198235	91
-0.016728507529255	0.497934064549175	91
-0.073897668649026	0.345219598422919	91
0.044513249239135	0.579092944142326	18
0.037848039154006	0.526050327958801	18
-0.00372542698711301	0.408907003813951	18
-0.031590561019613	0.341624664259659	18
-0.114730202059996	0.182809695955503	18
0.015334316417676	0.433111119653519	18
-0.00190257275174999	0.371299307638481	18
0.049256896456807	0.516559472329921	18
0.010731139660996	0.396270974919803	18
-0.045543372278031	0.332830991988142	18
-0.05623439765517	0.206200468824418	187
0.11929690569817	0.327242019752589	187
-0.04100796732723	0.296194144410039	8
0.064935649505949	0.667535817170673	8
0.039106321005862	0.313022453343656	187
-0.048346414569081	0.318629514494402	187
-0.111302790669341	0.154444690383458	66
-0.043314764456122	0.241486746515006	66
0.081338532514198	0.473861572556727	66
-0.085985981142917	0.22168013146183	187
-0.103134689754293	0.197035314450184	66
0.051711473809006	0.415664860472485	187
-0.03956579180609	0.307652568466152	253
0.020964148477034	0.379910452845905	253
-0.029838072410922	0.281790021848338	187
0.027414636029338	0.250185686472682	187
-0.113830835442472	0.126688822241124	187
0.079994901959072	0.416833184513574	277
-0.012692184937225	0.259090404712549	45
-0.101502146632668	0.160570577754843	45
0.096025317847742	0.447806800914255	45
-0.047160934060091	0.192776433570813	45
0.07703180706949	0.583877865855456	45
0.024995247559631	0.446944810193713	45
-0.090409141639237	0.240073863332697	69
-0.036104492616945	0.142507913524159	69
-0.124943765187298	0.10264490570724	69
-0.046619437326507	0.188754520579753	69
0.037647057834263	0.342978582621541	69
0.040305086079585	0.361771424199464	28
0.00642722588356398	0.282175201851081	28
0.041434950744158	0.341349109542365	28
0.124444188844284	0.49695298478066	28
-0.100139929365862	0.168383392617613	28
-0.051061565070568	0.184091184111077	28
0.059289969075396	0.338994617191853	28
0.031816625095696	0.337467149474742	28
0.051785227250574	0.334792489382399	28
0.047741869044757	0.313984800149322	28
0.094698518905388	0.398708972201122	28
0.069705590782143	0.319609640405199	53
-0.111377018014886	0.126567737302334	53
-0.00369159834813301	0.234346253423077	53
0.00709175534481499	0.234313386189567	53
0.010283922919907	0.24615670247743	53
0.084652303605632	0.319831302279816	53
0.034532167971521	0.245998576281415	21
-0.022257739545489	0.129934327198495	75
0.105525145675637	0.235535410035431	75
0.093443301227014	0.235517890836369	75
-0.051243806955156	0.150292103157736	75
-0.032901387352184	0.149373056564245	75
0.098511158885068	0.229571824851427	75
0.040067003241368	0.227478054936437	84
-0.109529820626521	0.124841290885963	84
0.068052074067252	0.227361656463386	15
-0.027623430632115	0.133343172410717	15
0.103319382676857	0.225501437047077	15
-0.088494388043813	0.181938712844445	319
-0.098242304809093	0.750324204946778	91
-0.067088548573866	0.693847153308488	91
-0.123865474798001	0.264453765404674	91
-0.099118875043098	0.309074039865256	91
-0.00139479550826799	0.496267656939586	18
0.076778349834096	0.716319512235787	18
-0.099703635509559	0.258777928929712	18
-0.00913046422685199	0.455374478745125	18
-0.036469400250615	0.413932361094171	18
-0.020703774144105	0.375505546490992	18
-0.036121075621661	0.322009005606419	18
-0.064693017452493	0.341847444833356	18
-0.041273189547136	0.164107567061889	18
-0.038615353219477	0.152446578754771	187
-0.023322969335594	0.347582455828229	187
0.049902419054076	0.37165837182421	8
-0.08878027372614	0.19872128574098	8
-0.06615014588014	0.245328366024019	8
0.105641558688708	0.687309271781364	8
0.113107873066404	0.551608064426525	8
-0.069036843794802	0.278009295547859	187
0.017007972103407	0.404995300841542	187
-0.101250740957525	0.206929481585021	66
-0.098487417006124	0.19991509705017	187
0.01816247405446	0.354123868606202	66
-0.043469967368046	0.255507708527068	66
-0.012172268717953	0.427199437578731	66
-0.038573073529112	0.32767973234992	187
0.067099685149057	0.438022423995045	253
-0.069310461304186	0.23934394052181	187
-0.057148900511432	0.233962944827826	187
-0.093017630123436	0.198599934772902	187
0.074815806448545	0.424278823325745	187
-0.053145950428547	0.299767414223451	187
-0.051476872729968	0.245948361948907	187
-0.05057112093104	0.165545306928676	187
0.036371221269114	0.362696960368327	34
-0.06189635535957	0.238504429420852	34
-0.024592076925028	0.305974230466691	34
-0.034308314888786	0.285370578688644	277
0.00057123292161898	0.238120716488092	45
0.120024492689223	0.548063607383289	45
0.00996637451265697	0.349465315199696	45
0.022107635471841	0.435191160904588	45
-0.055391008214322	0.167612916011238	45
-0.040639879550304	0.311462534418382	69
0.04541602416115	0.355830820910336	69
0.020056813242372	0.354472250635469	28
-0.030173961970032	0.299733100133792	28
0.092400420982385	0.48042716368636	28
0.045890334048944	0.309791867827804	28
-0.054947677212904	0.197948179405423	28
-0.090000377143999	0.170764536048084	28
-0.015420879412807	0.296457525995932	28
-0.095188144053536	0.157307349602349	28
0.083692296122917	0.400236837660218	28
0.04461653631743	0.235182720784462	53
-0.02467299399002	0.133206469267447	21
0.104566940205206	0.322170002304321	21
0.018079208379846	0.24803235666197	21
0.037301440170724	0.306557694922207	21
0.078606108869792	0.236470016830907	163
-0.045693968779166	0.147465493411274	21
0.019946182922875	0.242915520833136	21
0.033056635809285	0.137692951508578	75
-0.055369012851377	0.153827736128345	75
-0.053690071195582	0.167290828372504	75
-0.036716294416362	0.156405880287424	75
-0.038843357989788	0.124605649324935	75
0.023971528485176	0.230774517063295	84
-0.054636001701289	0.168036933719618	15
0.040525872210005	0.139746881726715	15
-0.055091392272736	0.185710719160318	319
-0.041227461592957	1.69219191276837	91
-0.00179824134682199	1.75913514433594	91
-0.11024023859929	0.545787094837582	91
-0.017540542739109	0.619331715348766	91
-0.057320525397854	0.313545233210266	91
-0.100165204442202	0.290716548136117	18
0.00142436441641403	0.500476099456379	18
-0.054435398959694	0.368671885672393	18
0.023586313283307	0.575024731659814	18
-0.055306289617731	0.352356648307867	18
0.033229072647285	0.515493864316553	18
0.089100401667348	0.59423079566053	18
0.046428920641765	0.560593497790887	18
-0.023933613613829	0.287203855553284	187
0.039845995254271	0.224177617209932	8
-0.068442417317604	0.283350736024918	187
-0.020746268845999	0.282693232578462	8
0.00158243095752098	0.346844192618124	8
-0.114749582565536	0.205236750740784	8
0.042999051308857	0.52760300907277	8
-0.043148517787585	0.33937497965811	8
0.114196876797434	0.649388781588789	8
-0.019385415580098	0.30720383610614	8
0.096775962211036	0.548777904210217	66
-0.061902294339074	0.255877458114042	66
0.114015422865258	0.575578115278344	66
-0.048665587741115	0.273744032504594	66
0.101854190639936	0.723613435909629	253
-0.055201562490073	0.255580100881466	253
-0.09630385961477	0.203040420802629	253
-0.023404369581173	0.355525874008317	253
0.072330038867862	0.453629988076727	187
0.05808023470872	0.329420588526647	187
0.029269655919592	0.324021761717255	277
-0.106597474617964	0.148765674301451	45
-0.017568165088829	0.287516624608535	45
0.082042443460432	0.435627151654735	45
-0.048853437758177	0.173582886501535	45
-0.044739671122848	0.316400366081054	45
-0.024794624805504	0.133638682866084	28
0.089170186684873	0.234301182522827	69
-0.015509411215076	0.303412813566536	28
-0.098484643930233	0.152542219114532	28
0.010808546446917	0.356011268564135	28
-0.10629621889572	0.167277631009629	28
-0.10510697280905	0.160180040410442	28
0.040628931475154	0.314073786301233	28
0.017183927049936	0.344819118581745	28
0.08664986326903	0.44223840574561	28
-0.022384856568755	0.282383423119299	28
0.031054677716781	0.352803918020405	28
-0.063057001535572	0.231765053891058	28
0.067069047622487	0.421522682582436	28
-0.043651015151148	0.245677049800405	28
-0.098584451584215	0.175328159675134	28
-0.110606268212488	0.13755739579909	28
-0.042567656319982	0.250011567565215	21
-0.112503476354193	0.133118770990443	53
-0.008493583037814	0.260222373438762	53
0.042874093944235	0.312197344578636	53
-0.104918524188663	0.142488280948992	53
0.074437048491638	0.335253630680085	53
-0.107754254576	0.1262106527327	53
-0.028973455942457	0.131076916366132	21
-0.068712390452291	0.17427278212998	21
0.112860951184705	0.377872287910754	21
-0.04661233874027	0.172080140898938	21
0.061365177722289	0.234736587495331	21
0.096908010224886	0.323197804918115	21
0.045071046680114	0.226724299758363	75
0.083692230452264	0.326309023234127	75
-0.116080820672446	0.117270351437235	75
-0.015068710611265	0.131871005556243	75
-0.044873198401824	0.147879750452799	75
0.080284259429412	0.324614389135155	84
0.030267383356434	0.139025894323677	15
0.107720944804482	0.380537166392389	319
-0.063258983423857	0.189422774254143	319
-0.103628940195937	0.154841414635829	319
-0.121384265675675	0.306303585678767	91
-0.040554028847365	0.344155778916011	91
0.01113701141486	0.584535657221361	18
0.072682383022565	0.735272050792135	18
-0.006228033499521	0.47121955923339	18
-0.067561464022622	0.319075811705484	18
0.088608195160714	0.601608824028908	18
-0.00614196781412399	0.459072718788886	18
-0.100687393135072	0.233045774172823	18
0.090982112790061	0.611786610467061	18
-0.022521967309002	0.395008183136973	18
0.029791117591079	0.456830319293725	18
0.09320610524723	0.67309172064641	18
0.023474695898057	0.415925797719724	18
-0.077814131572513	0.247464557929248	18
-0.120660576592778	0.197217931445599	18
-0.050250993964105	0.297405106973557	18
0.047901801576529	0.311568268651428	18
-0.112716371736139	0.109109833617426	187
-0.03512332405916	0.143175158684498	8
-0.115683361424861	0.128581867542019	8
-0.034530001263231	0.340765690453598	8
-0.101703368061111	0.176430708932443	8
0.045056636759047	0.238631727462789	8
-0.043457896101542	0.248726172008524	8
-0.029085199057125	0.303777257234547	8
0.037245648030615	0.49331854186729	8
-0.110645252993986	0.173248559591009	8
-0.05564048061783	0.217505330105759	8
0.114786960246154	0.481190178829894	8
0.019665399928104	0.37062648603331	8
-0.120132061509526	0.143008430723549	187
-0.028945881553929	0.290019117856974	66
0.026672326800401	0.345032436700804	66
0.059977206396266	0.573739627176972	66
-0.093281013857886	0.217964511462181	66
-0.00142103618714101	0.263357292931736	253
0.111551611973905	0.655451657469507	253
-0.100128813888647	0.165610812667421	253
0.00716396388506002	0.320532573528454	253
-0.11727996400676	0.121306026102493	187
-0.038594983622705	0.284329089878278	187
0.097305600586111	0.531456759038483	34
0.000887181925039005	0.350331768502873	34
-0.053955489244887	0.225161793022958	34
0.071161185836547	0.424893459152924	34
-0.050896286174057	0.184803798858216	277
-0.051380998745122	0.190453656625542	45
0.086031755531955	0.331444718974298	45
0.00896960240037797	0.264347485375175	45
-0.020153803657198	0.273938698286929	45
0.098628205460352	0.421264183436501	45
0.025429999482668	0.400137739062657	45
-0.06647816604862	0.245682654904145	69
-0.107995089808117	0.15532953378138	69
0.076606244376196	0.233676691255227	28
0.096038497026811	0.331308722993597	69
-0.064100236547846	0.218583127929584	28
0.0594555382107	0.349739426645104	28
-0.094753032740476	0.169106896295567	28
-0.01683565090635	0.267888522976755	28
0.080741777471945	0.454404593313663	28
-0.031677890611781	0.252139909510975	28
0.043028722931169	0.335764741836654	28
-0.049449179747676	0.21987063942949	28
-0.053690378335907	0.208235517293456	28
-0.106205494941214	0.137438177279086	28
0.00218908252163402	0.271864687429938	28
-0.067875533288529	0.187800127080532	28
-0.058734419378887	0.182355495549983	28
0.013360566349474	0.25068786904795	21
-0.00619677366135599	0.226473239687053	21
0.00677915303792498	0.265866929449868	53
-0.056548072582969	0.196728745717222	53
0.063633942406058	0.307541305595542	53
0.066380059880522	0.338727004614683	53
-0.109345093850903	0.128976306565469	53
-0.11094681283096	0.133827268346875	53
0.122303693348708	0.428920239320888	53
0.054247308354243	0.338057215335203	53
-0.03739716610134	0.171137268468976	53
-0.118931280039436	0.108237273530161	21
-0.118620969537838	0.111557073160888	21
-0.001754184790795	0.250301028405986	21
0.087357187983965	0.32554489320675	21
0.037693367297163	0.333858793960843	21
-0.044562946431459	0.160801626835484	21
0.107542846005147	0.328465843402189	1
-0.029215315436584	0.119723376188281	21
-0.045802033491397	0.127850991950952	21
0.120041302710252	0.336286905754953	21
0.094387540503874	0.242174505430375	21
-0.051061625373506	0.122116278081311	75
-0.033917568700192	0.134452847924961	84
0.083688988455408	0.244579085757389	84
-0.04337911094902	0.140525629795856	84
0.080602020821694	0.239671586199655	15
0.067620106860748	0.324537629817138	319
-0.064127374385368	0.163517026302336	15
-0.00120199442874999	0.891125242012536	91
0.00880874254005598	0.973998743786515	91
-0.041117397635593	0.644792464575146	91
0.00934040817285497	0.750805563598018	91
-0.117288251811808	0.34113558552478	91
-0.014702976309013	0.590453440821341	91
0.072415716422786	0.641421570119252	18
0.00820826202186598	0.435571998294213	18
0.022884910486986	0.453487113493253	18
-0.115398798936364	0.214580564287122	18
-0.051973580891553	0.281445543648526	18
-0.028811953208484	0.3105120719031	18
-0.107820915562707	0.214685658515056	18
0.011157687024505	0.478862901541028	18
0.037254768597737	0.548528656376165	18
0.116166864407179	0.688765045399266	18
0.087973854059774	0.631704339211666	18
0.112197157580857	0.848830416897537	18
0.050444481271406	0.555067966765538	18
-0.098319882048461	0.140513970160682	18
-0.113773704872416	0.170474833623088	18
0.01793080017017	0.340725241222088	18
0.034834525215525	0.312403687403189	18
0.048730503611502	0.315989504313763	8
0.009330281471358	0.23693987730439	8
0.031534249633446	0.307758195780933	8
-0.048291542832401	0.201938776090872	8
0.05930793320515	0.75070732034475	8
0.089500992417285	0.583990809477806	8
0.087311132569518	0.56580866550864	8
-0.044451128873239	0.245168029212022	8
0.122310369615653	0.701829557563004	8
-0.11204679756931	0.173140894494003	8
0.050581900637333	0.326810967139605	8
-0.073958524467492	0.181597797754629	187
0.03492644335765	0.391562778794228	66
-0.051196104809805	0.203521750760138	66
-0.000645987067602993	0.338377324510599	66
0.021116921994307	0.363399825076095	66
0.042797053146283	0.332124861635744	66
0.052501435808538	0.473793369920334	66
-0.00798725220607399	0.369823354298337	66
-0.072903139174887	0.255847081906413	66
-0.01722131794928	0.263039010496054	253
-0.034186297504891	0.295686663178734	253
-0.108859423685483	0.142155962816854	253
0.112950248929581	0.524811255362298	253
0.028729156182214	0.34577648190655	253
0.07416815838727	0.465449218431997	253
-0.07436792752377	0.213767219479942	253
-0.105905463418414	0.146695201652254	34
-0.090109055319479	0.205232104313126	34
-0.059243172492691	0.253402002917606	34
-0.00776900724514001	0.277392279294144	34
0.026497782869702	0.364007082238998	34
-0.045267116328223	0.211429188205919	45
-0.105655520707332	0.162756461682728	69
0.119079591804827	0.636279939547865	69
-0.010242594401379	0.277482423784916	69
0.051828865414677	0.299840708456294	28
0.084935233120162	0.329639978836413	69
0.092527955795856	0.420879381876645	28
-0.116646549191945	0.127381316724288	28
-0.014950290058989	0.304543765685041	28
-0.097853677643472	0.150900025232564	28
-0.100756876206982	0.166974449572237	28
0.038541302475111	0.336094219340374	28
0.00261922692526301	0.250561273037186	21
-0.113696485096297	0.130636501452677	21
-0.118646210431041	0.123908516927602	21
-0.047472492470719	0.170144438089639	21
0.10473438594371	0.308208746021767	53
-0.056240922317239	0.173589998470534	53
-0.11374065379952	0.119149375290381	53
0.010483065615526	0.253199501377773	53
-0.051009853653819	0.180981111627651	53
0.055130091664787	0.247266876176337	21
0.103610330574798	0.418318697831215	21
-0.055808994095572	0.155339463185906	1
-0.041256064784779	0.164240210559209	1
0.067029459085381	0.225684229702291	21
-0.045013370293612	0.153162146486238	75
-0.107059385844581	0.12561407313984	21
-0.033265783824571	0.156698828072446	75
-0.056003682000735	0.162577785809833	84
0.015763330784494	0.243776830149178	15
-0.038225668137932	0.139689695125512	15
0.025665917519076	0.243295335824144	319
-0.039861087911269	0.154410448239339	319
-0.066315915046304	0.695632313940092	91
-0.011262446397869	0.81236117507596	91
-0.071060695296994	0.504103368803899	91
0.088637259213582	1.28481755727831	91
-0.010048037182507	0.248046103636251	18
0.089031321212276	0.441923581917036	18
0.00612800309775702	0.233308197887002	18
-0.025804995536881	0.417073785859165	18
0.031879159012238	0.513174332545989	18
-0.019515160751015	0.402969549927153	18
0.011956503022272	0.459497311541789	18
0.016433935229762	0.452180803910648	18
0.03033932606684	0.477028091669722	18
-0.07423340553187	0.235511737841222	18
-0.052573926324641	0.303161865066957	187
0.031221582116817	0.474134999926108	8
0.039572944778843	0.434001559891796	8
-0.098631763525937	0.239404269572554	8
0.055840519186873	0.554452399539159	8
-0.084903491754838	0.291673627774292	8
0.00415433110360203	0.456616729327497	8
0.102931827482468	0.600284824278091	8
-0.012427927826694	0.410894204926682	8
-0.074741850262948	0.314357796412807	8
-0.115112076680874	0.203468915815594	8
0.096575489214759	0.324588389880191	8
-0.049484796997303	0.157841639878477	8
0.103125154590296	0.314077682668854	187
0.025116218082402	0.244913180209554	187
0.049514643204812	0.246615994718141	66
-0.098069256548457	0.176990881196386	66
-0.115519459447599	0.114120181505397	253
-0.043568578931983	0.127974055030598	253
-0.05044878131806	0.153758023813481	187
-0.039411094245516	0.149588046202552	253
0.053991841243234	0.253205284134293	253
-0.078925264276595	0.245261397958447	253
-0.020706056261541	0.267601582458436	34
0.037091330306737	0.528507781619905	34
-0.050623033631131	0.282022161359422	34
-0.047260056322935	0.154333113149701	34
-0.047102203361846	0.166305655142067	45
-0.119898171012809	0.121523394611161	45
-0.047581337328171	0.175667117662752	45
0.079130032169402	0.437431407837871	69
0.023254358750855	0.329629341656202	69
-0.10255808113266	0.206690562902256	69
-0.039373619430527	0.257727840803223	69
-0.015597885753593	0.23819871741582	28
0.040579960317802	0.336281643962732	69
-0.054841731719276	0.17736249645162	69
0.036033455673509	0.230168859062951	28
-0.035806888939834	0.150233158635521	28
0.12387213544822	0.326495861412059	28
-0.044457327537593	0.135134969087741	4
-0.039068798333582	0.167227258792473	53
-0.029396731759172	0.299073854763872	53
0.047184867732692	0.366665248313149	21
0.11348344597353	0.418918336476576	21
0.06694605319409	0.141561859612386	21
0.03063237578958	0.139972341374633	21
0.060190544331455	0.237909287007538	1
-0.121629303475915	0.108479174764056	21
0.079454800187789	0.236618948100695	75
0.087992966244372	0.333661871686643	21
0.02798151953629	0.13617051110094	75
-0.121259347486925	0.0974539732489405	84
0.085299284615964	0.312209489226521	84
-0.020494678178061	0.278249323431686	84
-0.107043861669048	0.131445861908026	84
-0.014184097533846	0.262036120531135	84
-0.042713622254195	0.166825119420578	15
0.012219707344772	0.277176008830028	15
-0.03516200619268	0.287163398811685	15
0.095196215291202	0.381334082247065	15
0.048083906468599	0.358329259961055	15
-0.013144713001403	0.311848549867884	15
0.090268171276306	0.231363311297655	319
0.037140980047518	0.238927266821211	15
-0.108356941527929	1.39141053783896	91
-0.071273600497434	0.864037768952997	91
-0.00789428487185201	1.12435954397767	91
-0.111997421558576	0.369353473590808	91
0.039544569756816	1.03610594028601	91
-0.094502899373582	0.25094729924043	91
-0.122978083438473	0.101880944709096	18
-0.117134612194351	0.11340815185434	18
-0.120917056407869	0.110155903134088	18
-0.110967194807949	0.22073657524355	18
-0.087644754328473	0.192266026682724	18
-0.048437316693848	0.303062350434459	18
0.088607294678313	0.78652112787555	18
-0.111155973204603	0.208873764577408	18
0.017762420693068	0.487436679342008	8
0.054884421739446	0.581297780222268	8
0.050966679129695	0.489221769481461	8
0.036763236145216	0.52698988145027	8
-0.117179645590143	0.218195517259854	8
0.00940768635607098	0.504562782181403	8
0.016494954377163	0.43898808020137	8
0.018994598435139	0.349208551029017	8
0.015368126628888	0.503124866941133	8
0.015921759735228	0.458686092451294	8
-0.123262804700976	0.217889483515647	8
-0.115467662365977	0.213587071853607	8
0.031019706369218	0.392804701064908	8
-0.01035903858676	0.394651768837866	8
-0.042115455918478	0.380008119861437	8
-0.041415149271943	0.413049128211384	8
-0.04207030157941	0.155859120926142	8
-0.033561421661392	0.154848252783644	66
0.056748767119524	0.246273093502526	66
-0.116116974095729	0.181700372278441	187
-0.010024336503117	0.40455970787401	187
0.058965483408158	0.230812293696153	253
0.054015037023771	0.530282105831503	253
0.021072515892201	0.469988168735147	34
-0.00714453834098999	0.376362810630118	34
-0.094458608618662	0.162511268789848	34
0.112115180984542	0.336411204984272	45
-0.045669037067252	0.341402099451083	69
-0.085565019321829	0.275410922981473	69
0.026917357755956	0.42388169204156	69
0.054202587838382	0.325459483459965	69
-0.018255602099306	0.24910463143173	69
-0.039269938835506	0.140984264319336	28
-0.096165755865713	0.167704503144514	28
-0.001089217204955	0.129208976777234	28
-0.00010288636196501	0.278615115772432	28
-0.020392243906826	0.130706750535917	28
-0.025686003455645	0.121479954901466	28
-0.038090038879688	0.124788632613828	21
0.011876452179054	0.133376766245345	21
-0.067283846792533	0.178879794974991	53
0.030275854478627	0.136440491032149	21
-0.043828640867608	0.17024616214701	21
-0.087669304594036	0.171639135971365	21
0.019398863585326	0.249219271726444	21
0.066112970429506	0.142407120396323	21
0.124917861604974	0.337347716781963	21
-0.033189116726667	0.128302747886344	21
-0.03973195701783	0.124422537750372	84
-0.021347992812582	0.292459237133037	84
0.017550327487662	0.335471725732004	15
0.120315421496001	0.55273160178297	15
0.104251703027506	0.319796704366042	15
0.086711413356884	0.331221570864499	15
0.026040492115346	0.133626423797823	15
-0.048567989116653	0.138879998202525	15
0.035789169465553	0.896767156625855	91
-0.055510516621154	0.271430367153274	91
-0.121216268798147	0.106962293919698	91
-0.049133524911591	0.144080264858857	18
-0.018121409946261	0.300896721965403	18
0.00359902506951598	0.236394505299052	18
0.00693215768140798	0.135671018323139	18
-0.114396295883819	0.137487268629154	18
0.071603167000357	0.713677444222524	18
-0.027212486362737	0.458793993356238	18
0.059414977654571	0.623613223475848	18
0.090934729839978	0.739929219862336	18
-0.058606031315552	0.219959791929492	18
-0.00265511070346799	0.375481007040835	18
-0.064145680968578	0.30440348254904	55
-0.114919772488611	0.210821281321172	8
-0.097414661785487	0.258186463651305	8
-0.012460801759843	0.411764567144077	8
-0.063516834641124	0.357683497618415	8
-0.118403121974447	0.212305766278281	8
-0.009444003475677	0.379580595326971	8
-0.041263973177108	0.437561980290841	8
0.101485405155677	0.731387606636374	8
0.009938066550926	0.481257874736784	8
0.011851395008445	0.421289993775077	8
-0.029883041718436	0.131088381958731	8
0.05058896526494	0.320049783854584	66
-0.047798597350561	0.329785827201343	187
0.019205083549963	0.232718190573048	187
0.122270193628013	0.150358244619507	187
-0.000759850207487006	0.133636154448528	187
-0.037830682809787	0.15808051483626	253
0.097300965952088	0.420368014763305	253
0.00697280790542598	0.248379272353295	253
-0.100465913584109	0.136150172824748	34
0.100549018276499	0.231297669079425	34
0.075551231172256	0.143108682858408	277
-0.037319019083773	0.130785570081437	69
0.113908361160649	0.654472426447261	69
-0.020325699585537	0.268959880641237	69
0.119248334702258	0.512951817456818	28
0.120972855166786	0.149691211506322	28
-0.024969953564543	0.13300231829385	69
0.002049181544587	0.134340956948841	4
-0.034962941403495	0.134703023357483	28
-0.020766146800369	0.127260198245234	21
-0.042716788051478	0.150440507262822	53
0.021658740064715	0.245844097634892	21
0.097882666005337	0.337457259496304	75
-0.05332944228948	0.243924678505414	15
-0.11060226059086	0.13053277722864	15
-0.089197634055253	0.833257221976439	91
-0.107172987931022	0.318739626949928	91
0.025394564957923	0.305727581553045	18
0.083975377278506	0.338011151288736	18
0.069162053308214	0.325152270040552	18
-0.058753344231113	0.176015525017016	18
-0.05371826874911	0.182346940581836	18
0.029422650983057	0.247801388268216	18
0.056012936035664	0.387117408310713	18
-0.049409988611693	0.147845594936248	18
0.114521731887952	0.456266297946728	18
0.036822879519818	0.388274599873884	18
-0.035598066008814	0.404658313376514	18
0.00778573027311302	0.543801130617513	18
-0.046397506256852	0.361984986060537	18
0.101236695797724	0.527774770458417	18
0.064793099108562	0.557254287838731	18
0.015238796965287	0.457430595225141	18
-0.010362072387636	0.374515585362691	55
-0.085025668886136	0.279247948719441	8
0.056287036996454	0.615179746407484	8
0.051073468363052	0.494178445576683	8
-0.055763880738718	0.343295586576241	8
-0.106112575680594	0.234844756233919	8
0.071584223802491	0.482670615001392	8
0.0584429242138	0.557897967834185	8
0.025124963569831	0.361914718642102	8
-0.110725078611413	0.12436751896052	8
-0.047961145210975	0.314936365210555	8
-0.046629857210477	0.226073767353349	8
-0.124971621264674	0.0980590946414549	8
-0.046793461348439	0.150810107457679	8
0.051227684530232	0.245277575368926	66
-0.052277444607653	0.157459199605725	187
0.023901473337412	0.321193251920726	66
0.087014636893123	0.232861754209782	66
0.102178042599356	0.724017356382064	66
0.111602792587587	0.403572668562129	187
-0.039207295307259	0.162751735071983	187
0.121177273299304	0.33335393384965	187
0.065048121670244	0.394227267485359	34
-0.095985044471345	0.256066645631496	187
0.079142702336844	0.436014220542745	34
0.029255406107065	0.394679376221939	277
0.072516963335192	0.144953409143719	277
0.010597481118351	0.136079310677524	277
-0.045846276379619	0.138361374605566	277
0.120440917291119	0.227921889318242	277
-0.067043759776284	0.332477325203405	69
0.00135857530054501	0.404599446336803	69
-0.039892586784635	0.323208498569272	69
0.027779687765784	0.351934063597125	69
0.023455599127705	0.247260253563451	28
-0.039441591643153	0.125783123859529	28
-0.0251097758399	0.126388910994551	28
0.122447792996009	0.230139812201645	69
-0.019552009806772	0.28519097306258	28
0.123803122093737	0.235950328784158	21
-0.036403000963994	0.123315683316653	21
-0.041018765476507	0.12346792931929	21
-0.00000489114811999536	0.131734321871932	21
-0.054515395766754	0.154031180724205	53
0.123979277238038	0.336513507412626	53
0.037523264450463	0.141243867301638	21
0.073330072134803	0.147517235576911	159
0.10881685324008	0.237932117309064	1
0.09914603630937	0.223299143580576	1
0.120051569682609	0.146307331094457	75
-0.022181654281882	0.133030626308476	75
0.078667182919537	0.147267638605956	75
0.111681920682378	0.53424202946597	15
0.089804844721443	0.42071752865019	84
0.085734342998237	0.339103438887685	15
0.014355443855774	0.344477534314059	15
-0.018330467903206	1.24905934836898	91
-0.008263092853043	0.905327292685789	91
0.017556626594188	0.986864569110772	91
0.06007981130102	1.09465808855812	91
-0.095407896973149	0.326760323395844	91
-0.053859110301783	0.325530492252133	18
-0.119066856626173	0.144523269770586	18
0.034023539169542	0.359065035975921	18
0.089752949979986	0.402298150969614	18
-0.110390218552953	0.152395287452645	18
0.1191270711434	0.624759530228078	18
-0.084840056878862	0.26343343719718	18
-0.00649104736897499	0.256538869996192	18
-0.050571186670192	0.228562555288657	18
-0.096570162041849	0.210858469852687	18
-0.116464160205971	0.125499833857112	8
0.078654080117734	0.428137153604973	8
0.111365183738199	0.500943896835819	8
-0.072780028723582	0.266556005546651	8
-0.022807922396855	0.379512355945111	8
0.014151514322785	0.382712705581856	8
-0.107780851066758	0.188519634425401	8
0.019118995557992	0.397929989021702	8
0.091543488240946	0.482494497570369	8
-0.04680668493623	0.180418520485301	8
-0.104870536928897	0.1352903292742	8
-0.049026035713729	0.181795289511737	187
0.013252522629858	0.270737687967786	66
0.00792021688914302	0.278467655501212	66
0.052319240528455	0.309992517696782	66
-0.110424227246318	0.128732529745282	66
0.124806473078016	0.657808225050499	66
0.036797239753588	0.442601412112097	187
-0.048000948038435	0.160571750082396	187
0.052200959752085	0.309708708562868	187
0.072644128050756	0.337860976648226	187
0.021915574326138	0.336066297149471	187
0.065209617320411	0.41414629481462	34
0.065604020452254	0.33722469433585	34
0.094197911604825	0.336050446805602	34
0.073302012709512	0.333220434978344	277
0.113553745487738	0.407643470449834	277
0.027645438306009	0.246644940894199	45
-0.100521939572379	0.119080294202624	45
-0.110287794731462	0.140576439814163	45
-0.047319802434661	0.178690132140864	28
-0.123167354474032	0.104516336123986	28
0.108440842994231	0.330856819383988	28
-0.120585332271702	0.106816312840316	28
-0.045688113490765	0.145592644996287	28
0.10106917790597	0.317509583784829	21
-0.045428860517665	0.170245788782247	21
-0.037152726584713	0.164247941363598	21
0.025417081395596	0.247547900785802	21
-0.03280949607896	0.164625295729819	21
0.055001166986538	0.238146176872204	21
0.08179714078777	0.335196081580124	21
-0.045160003392336	0.205594697171783	1
-0.036101983661181	0.12229497717081	1
0.078487814284931	0.236735534598711	1
0.072587279983539	0.246125433151133	1
-0.030984437575089	0.130587841153346	1
0.031117788045138	0.136158501211316	1
-0.03286190345147	0.135937559944461	75
-0.030766856378562	0.136884665626221	75
0.104671702114598	0.323896486437074	75
-0.036222151478118	0.144263795456035	75
-0.048875368725491	0.148283393853224	75
-0.039190274879762	0.132798451189424	75
-0.047431385304459	0.151425689845981	21
0.082858184120621	0.231750039970165	15
-0.111399040728571	0.135537840251766	15
0.059211395579044	0.243642788114688	15
0.056756605081434	0.31994401197237	15
0.032386504654815	0.315953976498879	15
-0.102215724327859	0.154148474486814	15
-0.050683530469879	0.141573318820732	15
0.00591550329021301	0.24749070278993	15
0.058488058919557	1.72499222911804	91
0.10130764078214	1.62242898823887	91
0.072847449927776	1.42523029381236	91
-0.02481527500311	0.883093770350343	91
-0.109789961960994	0.2995896759296	91
0.003715332922401	0.572339682612261	18
0.094047641311371	0.787118759801628	18
-0.03400686647777	0.408348124505447	18
0.054592770028057	0.558425696373982	18
0.123915155598561	0.760114805664846	18
-0.120543285878965	0.164844883708366	18
0.037885435325641	0.439761383637145	18
0.015532338917039	0.342588669078056	18
-0.00543236821858101	0.302432466875745	18
-0.064153179542268	0.238590220452657	18
-0.057980850295216	0.234907673750076	18
-0.043179741464254	0.308124406433118	18
-0.046613407223116	0.143223083972133	18
0.063897029335706	0.250270616746175	8
-0.00621683180551799	0.267824799188244	8
-0.118703052783125	0.113542375401494	8
0.058909786985139	0.392908821558565	8
0.050690480257546	0.4343546486533	8
-0.038724666104937	0.295365060591635	8
-0.058608706995937	0.176316169909661	8
0.098853449105749	0.417412471092332	8
0.046177326227811	0.330268235969053	8
0.043921340913667	0.353912294496235	8
0.021996999808199	0.322817119268842	8
-0.00566432281905799	0.251368641352429	66
-0.053896680340963	0.250001830148249	187
-0.023757476460688	0.275370084776894	187
-0.116818857472982	0.129062897319107	187
0.00177405913797002	0.242725716797862	187
0.068239721850575	0.325116390074727	187
0.096973564863391	0.331221102068986	34
-0.0646460941514	0.198053137535531	34
-0.011014364271866	0.248955232179086	34
-0.050048904497518	0.173498821613547	34
-0.118703052783125	0.113542375401494	34
0.051800363045666	0.349585520294674	45
-0.040994296894655	0.237367425982321	45
-0.029760129664031	0.245843859504538	45
0.117565676468188	0.554981247605089	34
-0.122933765074101	0.176479712460793	69
0.00343442364438001	0.348689839769865	69
-0.105646090657562	0.173503459821971	69
-0.00685668833498099	0.275368476643698	28
0.102990538365331	0.327216918937736	28
-0.051504694082157	0.185719743764193	28
-0.123325623008955	0.097682854432562	28
0.112006547015969	0.31374709273395	28
0.065329590202523	0.329390961064756	4
0.005883216188246	0.260057407063636	4
-0.054016862164452	0.159307092118801	4
0.084303501585157	0.337825545550461	4
-0.017163920755028	0.250940971842259	21
0.084263684831072	0.310945619110022	21
0.037102025946711	0.23879491062091	21
-0.057359086797072	0.156291955776784	21
0.027629941159538	0.233730632109144	21
-0.046525668027868	0.148323244698279	21
-0.060799773604017	0.173376595509172	21
0.033596317893682	0.231724459464819	21
0.062686924439186	0.218229031101471	21
-0.050760898110354	0.158026900595339	168
0.092256583364324	0.239779204136101	1
0.04775068853899	0.224602633156742	1
0.00301425543675998	0.131187690757647	1
-0.02021571737571	0.128907159350225	1
-0.016438615474552	0.130967576987756	21
-0.039149963338698	0.131659075204769	21
-0.045595439592202	0.134010481833504	15
0.041027135709997	0.242228211159273	15
0.033059428460198	0.230502627085116	15
0.031476960572739	0.139905954625877	15
-0.122815155515238	0.144854130392353	15
0.055443635586874	2.20436493746885	91
-0.062824684218787	0.790645372692186	91
-0.115934860487458	0.375623597453682	91
0.083207347597783	1.11306529582554	18
-0.047022145897925	0.391838236732224	18
0.11526554402696	0.821187832698195	18
-0.057671630918586	0.336152101300239	18
-0.10863186231475	0.198041329411825	18
0.040981664016903	0.421569504867397	18
-0.103429402260406	0.201826626149282	18
-0.093523260393315	0.195847561227925	18
0.013594810758737	0.3799966537232	18
0.120578218675381	0.409360471885728	18
-0.107778302757148	0.16508234779103	55
-0.116808674334192	0.124813814293607	8
-0.033956612906395	0.1490597252249	8
-0.064305459632333	0.229405638378048	8
-0.114865964896708	0.221088136287246	187
-0.122313019269204	0.194157395552846	8
0.01743582334815	0.377952025149608	8
-0.066847125817246	0.196912966907231	8
0.059742228907957	0.459150210753497	8
0.00164647625901598	0.26571129304144	8
-0.113031857106962	0.131318213684358	8
-0.101332275185545	0.15133404023943	66
0.0287509508043	0.313499949667067	66
-0.016975221209548	0.25834234673474	66
-0.098857836009906	0.175736365082468	66
0.00782806747954501	0.409714893753843	66
-0.109032542336114	0.191953366039128	187
0.09327158934297	0.407169055094894	187
-0.058312456014836	0.219736710739124	187
0.078034512170336	0.50803259848377	187
-0.105312526264353	0.152728582043063	187
-0.092562094362625	0.186589392177177	187
-0.115602088597664	0.139194429309493	34
-0.013717423700402	0.296582952632678	277
0.038934324163177	0.283525104470742	34
-0.124607127621388	0.113799752869934	277
-0.113122931006078	0.115359809505785	45
-0.00328552219074299	0.252568842620689	45
0.060750512363155	0.510889350200918	34
-0.031178270413762	0.351018753125643	34
0.117670535594842	0.326612151778534	28
0.043736320831725	0.23181611969304	28
-0.119548529560904	0.106350604070494	28
-0.065795117722394	0.179076184958852	28
0.092898575347891	0.332190838261798	28
0.021181343928112	0.233322513864797	28
-0.044632228241738	0.187929907560064	28
-0.00171628809780999	0.243117454814115	69
-0.045349170226586	0.139789631657506	28
0.070394794428171	0.243544547800867	28
-0.04623605896612	0.164854358226259	28
-0.124680261576981	0.104968021934239	4
0.00699847292239802	0.241718300051131	21
0.091573480508437	0.317576585014838	21
0.077003301408715	0.303870220246165	21
-0.046484970938536	0.161219344321646	21
-0.00580558462325301	0.25129360371469	21
-0.118769793570069	0.122115757297057	21
0.072441196585747	0.331119690892558	1
-0.042349458681184	0.135716100022585	1
-0.026836996930296	0.120347034150348	75
-0.033904113924191	0.135229971226738	75
0.098750217866804	0.328710704099349	99
-0.046431352877231	0.145608687577903	75
-0.040344132436647	0.139783786192639	75
-0.066312270602661	0.157512829618824	21
-0.014748406819778	0.129702798785458	75
0.02713908047046	0.135349500020507	15
-0.123139893529049	0.106814945452597	15
0.023529671991176	0.255652547803552	15
-0.102503567213116	0.161282475598901	15
-0.044029753680652	0.155197483124302	15
-0.060690765680664	0.184613462452352	1
-0.088220773669232	0.492302457193633	18
-0.096462375355777	0.375382336775073	18
-0.117921973543259	0.282855373249516	18
0.00447857047472799	0.456866161037405	18
0.013822109437918	0.405003556108	18
0.04060534940189	0.525407252436074	18
-0.09478727027596	0.184499754857331	18
-0.06176399083844	0.252633816888421	18
-0.064314943990753	0.262084481855564	18
0.086413514503923	0.425629069277476	18
0.00971227547944098	0.487930073502734	18
0.078441480236481	0.554792213377465	55
-0.04478266215652	0.294930183895273	8
0.037198411075598	0.431443249879994	8
0.046615049333413	0.476787438449963	8
0.07772950381662	0.617771974182502	8
0.081588268788178	0.753206823214085	8
0.105298352981607	0.66563683251834	8
-0.071258778080938	0.276343976436205	8
0.076244981553689	0.4231523025707	8
-0.124952909914653	0.102972909930651	8
0.028323891253866	0.242472318060662	8
0.086025849638249	0.320655743869636	66
-0.107230791485821	0.14733979762473	66
0.040752127523643	0.450059197911228	187
0.029997075050353	0.323012349427158	64
-0.116136034360748	0.17823951345412	64
-0.108059327455172	0.126534245485987	64
0.100837890088933	0.387583411993228	187
-0.077798270429731	0.186114659737697	187
0.043765944967147	0.387205345953091	187
-0.120992492511406	0.158894768187685	187
0.081979217819438	0.446080897454596	34
-0.101948383026386	0.174764895916629	45
0.039895387780367	0.34942482145351	45
0.017026465083214	0.250403760037837	45
0.12189644983204	0.474249608115778	45
0.115433934451024	0.451053928202542	69
-0.00244263271690201	0.252609932448099	28
0.085747970868542	0.462855407883488	28
-0.086975360283497	0.181256734931474	28
0.062032977438324	0.235680957589921	28
0.058027454230593	0.238360658825505	28
0.082738630302237	0.226078237335883	28
0.065447604561567	0.24822526144452	4
0.071134211129315	0.230887160961187	4
0.077351018464061	0.238610422772077	4
0.051473213179775	0.219730322402409	4
-0.066078699347041	0.210497891817321	21
-0.049447123287274	0.1546182423497	21
-0.114725441047638	0.123874068125511	21
0.079136239367128	0.422651120456768	21
-0.01770952578853	0.227106293765009	1
0.00215071069344502	0.131592309928435	1
0.00292820732099203	0.134079073316631	1
0.02809686184022	0.134347013659488	1
-0.040235556123265	0.138917726942288	1
0.105909410318102	0.23478560261099	1
0.032460326474618	0.139332043010962	1
0.082827320914493	0.241343542622726	99
0.123680284034092	0.328752856629525	75
0.024705725377934	0.133272838423294	75
0.124488470071694	0.154613237400397	15
0.00206421232974302	0.267360675083617	15
0.113897993366873	0.407680616962891	15
0.075892899672144	0.321051148797206	15
0.041045142031456	0.309064232842002	15
-0.051419867147092	0.191805892443593	15
-0.022046050562005	0.246427961655406	15
-0.06516452700051	0.188726636025192	15
-0.025618340094417	0.146518807811888	1
-0.0482494099038	0.139404519515926	1
0.111400742963807	0.41016415836316	1
-0.051104771033162	0.152416983510636	1
-0.102271209967149	0.349152894759039	18
-0.010121010385104	0.742383779628716	18
-0.074193550342379	0.297086430323691	18
0.116247136469574	0.698780860357801	18
0.111417109326385	0.562814065819287	18
-0.108434575983471	0.210053695947947	18
0.079456105838624	0.370925927740716	8
0.060440848176583	0.339475642813531	8
-0.102727460670358	0.157034172591115	8
-0.101674852366317	0.181660207956097	8
-0.063574833121378	0.202306966189456	8
-0.110472490283271	0.21542359934116	8
0.063220958243102	0.565722594242857	8
0.00927975374826701	0.256826318219574	66
-0.121573521877239	0.137740882606315	187
0.031410030974524	0.33389257636874	66
0.000869996814166996	0.430556359222425	187
-0.041402316742514	0.287663580681259	187
0.033436136224468	0.313048479962794	187
-0.03946649613039	0.263516857583426	64
0.021644502935864	0.45046039038564	64
0.069005948247812	0.317327813405712	64
-0.113555626929068	0.12493215647343	187
0.106473989206538	0.396405093713482	34
-0.012220721040093	0.265331348957133	34
0.049365315673203	0.249665434495014	34
0.090115665914217	0.484217751595722	34
0.057235336241665	0.484482053806382	34
-0.037296014760839	0.301403731311085	34
-0.104544614225168	0.187415114271892	34
-0.103551936769429	0.185262459018933	34
-0.004683488204655	0.245036934796114	69
-0.027093567758565	0.17336478880608	28
-0.020270710573289	0.147534896580372	28
-0.044234448083077	0.168242908689841	28
0.00363599775111401	0.242826759394867	28
0.010886888611363	0.239987377162593	28
0.086074255780236	0.331753409131207	28
-0.049848423987505	0.20314288247776	69
-0.123179469578822	0.102103436878341	69
-0.051965241961635	0.166659992744248	28
0.030457009617682	0.246415507244023	28
-0.061659718194064	0.195512624809716	28
-0.104628689699957	0.128991429899453	4
0.114802545733376	0.336113189911867	21
0.093321304738477	0.32840265720039	21
-0.048967528065112	0.14995794819415	168
-0.047359254190553	0.1764505018831	21
0.045434996766707	0.224190444516385	21
-0.046194686641156	0.158759390461819	1
-0.048411719926523	0.156081217187849	166
-0.04388084786577	0.155830771521214	1
-0.042431926477577	0.129830712419951	1
0.102894386108791	0.223542725770295	1
-0.057089954497735	0.190361646838983	75
-0.035083223837498	0.12581763459093	75
-0.063203126654095	0.188734803454708	15
-0.00700727918729299	0.280179744968145	15
-0.085739949434091	0.832527360350964	91
-0.066245545719907	0.557907219526381	18
-0.022285295734365	0.779339298139368	18
-0.122285473247551	0.197786191888382	18
0.00665758527559801	0.4106738053407	18
0.086590537904349	0.578335334780231	18
-0.038813804371968	0.289078477639508	18
0.099939069045059	0.773334385971745	18
0.088967771722215	0.602289905898461	18
-0.040605220122676	0.303811987057328	18
-0.073902592878904	0.242433020333747	18
-0.017422053649772	0.309749606751807	55
-0.015129930840175	0.283854390367317	8
0.109133949112987	0.561482417687072	8
-0.00190150048330101	0.285117144849061	8
-0.112792316516542	0.130815562880353	8
-0.12269814521562	0.207545570630687	8
0.033560953678105	0.66773720935226	8
0.066266624885162	0.590697280930424	8
-0.012616551660829	0.439945283427799	8
-0.089466380064995	0.21316365372776	8
-0.070517301887408	0.241451400636873	8
-0.099968121496674	0.182800910057592	8
0.090084467681391	0.418182488905605	8
0.044990325062649	0.308313140558749	8
0.045289203043954	0.334197261156915	8
-0.121390273059117	0.121753789804867	66
0.097764438174049	0.41323254906599	66
0.00956233959990399	0.398990163277346	66
0.037064039741894	0.409752867379947	64
0.090051974946072	0.395168225540234	64
-0.053092078157182	0.196398678107047	187
-0.115717182613421	0.128042753333002	187
0.05031749118091	0.348722782902071	187
-0.00587358375285901	0.284555486319621	34
-0.00426277500514499	0.270779771875306	34
-0.116259843349748	0.10752837148173	34
0.061859078349205	0.408403353108	45
0.110995664409488	0.409194177358802	45
0.090121252727806	0.325525914609057	45
-0.060152977044259	0.175945620870752	45
-0.097332096071847	0.149508954761822	28
-0.054074661883886	0.17238988133886	28
0.087254181818924	0.322438996091717	69
0.048787857916361	0.227682033268385	69
0.059841773919396	0.336538476968852	4
-0.000881960291451989	0.255410517678081	69
0.00647380045527102	0.229923199290911	4
-0.123613399149716	0.102047909159641	21
-0.006333586915103	0.225491152172306	21
-0.102554691324454	0.134748829503998	21
-0.044627629225379	0.157023210825869	21
0.076420633450732	0.22144365101413	21
0.100354859017274	0.318705962650215	1
0.071906753787074	0.239690574254202	1
0.079454800187789	0.236618948100695	1
0.10704647158068	0.234001282347001	1
0.096340494789635	0.227102264203716	1
0.074302636767022	0.231786961320074	75
0.053518056785543	0.229874959213618	75
-0.045768000565637	0.146841319034604	75
0.044454592141595	0.237756609510126	75
-0.119265246586918	0.104082738295425	75
0.029249847241445	0.253316979210769	75
0.046415524235408	0.239484797396084	58
-0.124887995317634	0.104975552742068	58
0.042123887120286	0.240091549752263	15
0.073385024810346	0.233453541614478	1
-0.020437818963012	0.857965893060593	18
0.114358315889768	1.18850740630517	18
-0.10554753525127	0.27717882516677	18
-0.020716495241128	0.435907405523749	18
-0.055652060698196	0.340391695017987	18
-0.068731767482443	0.280227982799766	18
-0.026267091127992	0.337560675905223	18
0.030251999739904	0.420691232134868	18
0.074613646153135	0.540815080948597	18
-0.024989996757285	0.432498366227128	18
-0.07195254150227	0.21442710196252	55
-0.061975039730939	0.249771258652495	55
-0.062393462592465	0.223581427554015	55
-0.05799253536794	0.254985551052046	8
-0.113321187796693	0.135432228539168	8
0.06755585208162	0.51730710589583	8
0.010943997700701	0.39882454956743	8
0.066890949174791	0.601247226443941	8
0.066319056249142	0.407301891280384	8
-0.009300747500955	0.285823112472936	187
0.048934859006963	0.353302959228338	187
-0.105929852178542	0.167433526554982	187
-0.109845400910251	0.168850268928563	187
-0.107874438232625	0.178010509304981	64
0.07651247336478	0.583443337975738	64
0.00630999506936802	0.298295133782026	64
-0.109137086690853	0.135850376468752	64
0.095698504845687	0.38150677314175	64
-0.099965883248229	0.15713295305776	187
-0.06747268428264	0.200633868688665	187
0.019178057995036	0.402874796445755	187
-0.095320200644155	0.224987480795255	34
-0.06735058241593	0.183811714287218	34
0.082053012962312	0.311735767700841	34
0.10060227692425	0.331031128393833	34
-0.040497133604346	0.177045895925778	45
0.079539862857488	0.523241025552528	69
-0.11568163041304	0.13626357330713	69
-0.12265796591882	0.100822391230944	28
0.1167338855737	0.327309881973293	69
-0.046865184055782	0.153486996112474	28
0.067789561128828	0.236543952734772	21
0.074281135853224	0.325584013827853	21
0.111740113952391	0.318466312505722	21
0.037971383930892	0.240650004924779	21
-0.123056459337463	0.11772336514812	1
-0.073370140065761	0.16753884342534	1
0.046634888600959	0.245898450026978	1
0.11831592368603	0.326605230343291	1
-0.041396245061187	0.139314370778074	1
0.057530448574662	0.239414152395035	1
0.063188925492867	0.23783925413042	1
-0.046703922968951	0.147137678000579	1
-0.042539220837102	0.121419223099032	1
-0.109915131987988	0.103757374380794	75
-0.028782274112035	0.131103159595927	15
0.096499477619108	0.22673240251206	58
0.031251329524258	0.137371183567341	58
-0.043721227144138	0.15890458701143	58
0.107476193046073	0.324340680220372	58
0.117134861489616	0.335044813571153	15
-0.117847044582353	0.125778706238592	15
-0.107610148338858	0.111495830419422	15
-0.04895869861995	0.179212078448348	1
0.072267099917544	0.227884612325859	1
0.078983267597554	0.245688613594083	1
-0.100711253437048	0.168008499508016	1
-0.11242578999609	0.462175394569996	18
-0.105924205671027	0.233346262643661	18
0.07485893774405	0.64631987802157	18
0.017356591075344	0.660701815995747	18
0.08024840790641	0.55623849639513	18
-0.093441758298385	0.199980501922222	18
-0.072746276495522	0.296182264303685	18
0.085507983888906	0.552406214610069	55
-0.074625104879957	0.23114049859219	55
0.03943851159459	0.394115801841489	55
-0.115944666865167	0.149678960374024	55
0.11649577062627	0.546442949959861	55
-0.092950506903486	0.251911803988187	8
-0.086088643213993	0.268916097330918	8
-0.113659985666056	0.225966508550752	8
-0.0903231069318	0.267630180040876	187
0.110833363628722	0.481509938479228	187
-0.112595029732831	0.121434333421952	187
-0.041303894994777	0.183056375681019	66
-0.071677779424759	0.204643339746116	187
0.011382292545329	0.280822685068469	187
-0.094644791399054	0.161421546586998	187
-0.021927040874213	0.265351794975598	66
0.058483424954018	0.322374223026674	66
0.061087339017056	0.458890354467145	187
-0.046402245514231	0.334733017213848	187
-0.021017352961752	0.356349968753794	187
0.078655326996599	0.479713978984712	64
-0.059941761088747	0.219747445294803	64
-0.00794456647468	0.323470664936634	187
0.00218528159452303	0.294879895337741	34
0.016635928025927	0.236991666700174	34
-0.092745949193233	0.252242539194676	34
0.028792304565236	0.364314327612989	69
0.031872619767146	0.338294985456216	28
0.034036318486381	0.357302742549157	28
-0.00762040086873	0.272095809233732	28
0.011033493087758	0.25357133333879	28
0.12349908525342	0.330269479551963	28
-0.027082427414959	0.294773967156328	69
-0.051425159691916	0.147412328909705	69
-0.00858699719122	0.232727823262404	69
-0.064018925825326	0.151295462972482	69
0.023755000970607	0.246896966153208	69
-0.055612415021558	0.187676509123504	69
-0.051543527427016	0.174647145086701	21
0.081950182206039	0.322581044365935	21
0.045485693580449	0.346070371856368	21
-0.005483022163983	0.235390024562836	21
-0.100372442458682	0.156600890623627	21
-0.046911348378191	0.170255508563924	21
0.096607941216426	0.471399737652978	21
0.048714420380401	0.343051401292277	1
0.076155827168073	0.332921937893059	1
-0.039471397306727	0.14638546552849	1
0.111373407005799	0.508257066613156	1
0.028996912368975	0.252110973007229	166
0.062983675478301	0.32998917351859	1
0.08296535972188	0.224379111753628	166
-0.121505327090955	0.102930245222092	166
-0.124427445582646	0.104091339110366	1
0.089155445612026	0.238686119875513	1
0.112093494243946	0.326194564589113	75
-0.049015612074026	0.156536266434522	75
0.123997822777606	0.230265449114503	58
0.071311642631286	0.224073494405067	58
-0.00509778433038499	0.273243083521749	58
-0.090553416417355	0.155264081751657	58
0.048676130705886	0.31718351817132	58
-0.028281879645622	0.123055766699882	58
-0.100732262898931	0.146506453520755	1
0.121051550974739	0.48026452450795	1
0.050316671741717	0.370824902114665	1
-0.097941286158908	0.627881631304245	18
-0.017491987628151	1.12075398987029	18
-0.058726959332636	0.547092111602069	18
0.106992917646935	0.945884389160532	18
0.015089572245745	0.528222600224659	18
0.124328058515424	0.92392723614972	18
0.064613133148412	0.573708402169576	18
-0.050071050839425	0.307722947329711	18
-0.086709300197528	0.261232887426202	18
0.039853313511406	0.445171617044435	18
-0.076508521452675	0.19460528275922	55
-0.102026154329675	0.197642747313586	8
0.022788385677933	0.537895311726297	8
-0.067528798448766	0.323130759418171	8
-0.095884568505361	0.158370765195181	187
-0.000708884144277999	0.293596596886193	187
0.046156642698114	0.341750270599546	66
-0.098852997919113	0.172734572536017	66
0.107333774629181	0.567893223651335	187
-0.107845461738283	0.146758189381786	66
0.077845609568189	0.543130777856235	66
-0.116603681434787	0.210925202516412	187
0.019667770399362	0.261952884374776	64
-0.04976092004236	0.182110526043468	64
0.085847061699955	0.333388954041557	64
0.007268019121146	0.277272555075091	64
0.065685254702162	0.374648657792814	187
-0.081478930220134	0.224449606302427	34
0.00136718520587298	0.252443531995793	34
-0.064073029475623	0.158839627678686	34
-0.102827594157012	0.147636873848636	34
0.124495673479072	0.388780158139457	34
-0.10654106813247	0.162176465167212	34
0.022337603461719	0.341242645923929	277
0.077919965723288	0.34480052299164	34
-0.044964265887111	0.326491944191943	69
0.09628952576624	0.618333454767695	34
-0.066871636038486	0.240746661608699	69
0.119244497585353	0.425425071049254	28
-0.010145317993949	0.245306511711496	28
-0.106080356478017	0.143566922668167	28
-0.034144245980721	0.152267576158627	28
0.020178699353548	0.254234380762188	28
0.02154279834018	0.397805977496083	69
-0.003966797825666	0.247159781927905	69
0.117896609102431	0.394616264879544	69
-0.06377337172936	0.19551079920272	21
-0.047336105356014	0.181255229603785	21
-0.067247292993621	0.152037195391317	21
0.106436568859208	0.326712400977464	21
-0.00851879280928999	0.261998865204139	21
0.020073256267377	0.329475395307872	21
-0.105344201084914	0.127460318660137	21
0.09617046130293	0.396541292591029	21
0.076923454105292	0.327975540792732	21
0.109679964931051	0.328840067222868	21
0.002758912218638	0.267711330600112	1
0.119734073386964	0.383774025166133	1
0.121426609539624	0.331419188022155	1
-0.026039865029069	0.282815433600553	1
-0.036203864760906	0.165489676724502	1
0.123695673021162	0.232029312066993	1
0.055218613528475	0.232924649220053	1
-0.045315699768708	0.151834660727996	1
-0.103748378217664	0.135029212193312	75
-0.000728576443904005	0.224744854342332	75
0.031419689342493	0.222888643806906	75
0.106739873954309	0.408790726327758	75
-0.058572776883803	0.180732742087521	75
0.000753029440992981	0.130302497085631	58
-0.050210913548009	0.172813532248536	58
-0.046935127998264	0.22399805781451	58
-0.068910135084128	0.19849159811725	58
-0.03616915311779	0.162467757640909	58
-0.041817231635018	0.153262203764627	1
-0.057915375624136	0.239849401451688	1
0.109791505854793	0.486453360939191	1
-0.09846193397524	1.058614169088	91
0.122390069467545	2.35197646284587	18
0.089849691978404	2.44615119994924	18
-0.025712384532652	0.920372939683669	18
0.060055551580772	1.09508997291856	18
0.102044589775334	1.22306570451382	18
-0.068109676503983	0.41689849940716	18
-0.045073768906513	0.507917489357467	18
-0.06314576169147	0.449904552903974	18
0.00902622784944801	0.481912198373437	18
-0.005711232136734	0.485544002500898	18
0.016048198992386	0.504338813806744	18
-0.007905777153248	0.36385369896195	18
-0.114078833896543	0.233309764933894	18
0.033686450198544	0.253986161289062	55
-0.071557231577701	0.155748782232987	55
0.071413874602957	0.334689708846313	55
-0.058157063696555	0.340599692962989	8
-0.099788335457138	0.272126655653516	8
0.061626754934288	0.537938481644553	8
0.087598806432966	0.59433745031401	8
-0.037085085281391	0.297568120670219	187
0.015160403256343	0.358229037042068	187
-0.064514691295921	0.257906689869829	187
-0.110504398587569	0.149838481260423	66
-0.028474786525878	0.294449918935207	187
-0.080761127465863	0.274923305627166	187
-0.015370809789101	0.2948305903039	187
0.00290796767257301	0.351112398614551	64
-0.013634563097562	0.294521617867321	64
0.018215431495869	0.331419498285737	64
0.075956864203537	0.433839889905934	64
0.087752799220655	0.400779178414811	187
-0.00257311004323399	0.254833903048198	187
-0.045489581460827	0.141136907809525	187
0.014538038288276	0.360880805247623	34
-0.11496831445083	0.125327332906042	34
0.00438753450322898	0.26839254187538	277
0.064820357970545	0.385024397737927	34
0.054298541105535	0.338522959531865	69
-0.041344088522848	0.123095764546196	28
-0.050148039763089	0.1431472607028	28
-0.051746586770261	0.192790617198001	28
0.045939498231514	0.329814455970573	28
0.00268235327981903	0.246452284519952	28
-0.104697677282703	0.145762044057111	28
-0.106715465773662	0.161660068313198	28
-0.046979115803876	0.218807546361297	21
-0.062495742286534	0.215470966898238	21
-0.121321627038314	0.111787475205278	21
-0.101363853168781	0.138988894064906	21
0.105658356006626	0.394809663849818	21
0.096620793092357	0.467233469002322	21
-0.043672602319823	0.172510380522333	21
-0.015459026780599	0.271421227365616	21
-0.051700073534018	0.157590115050444	1
-0.033904113924191	0.135229971226738	1
0.053599711145157	0.23289477609803	1
0.080659345301068	0.238924199676427	75
0.119209613379437	0.230646163354152	58
0.113089257991261	0.327934833438227	58
0.024577518532731	0.224956635038012	58
0.042065457070707	0.33954771588729	58
0.00260234356692501	0.13292031524985	58
-0.070936003243689	0.165837536639011	15
-0.11755055140054	0.115200328980983	15
-0.025431322023952	0.126501483021652	58
0.020485450583951	0.128966787394612	58
-0.00504305778466499	0.246581431464143	58
0.067193883598257	0.473376175627751	1
0.110235777087458	1.73087585378366	18
-0.119152523719638	0.302565031008858	18
0.095305088232146	1.01929141957903	18
0.069478486337065	0.799162935224344	18
-0.046305517702042	0.391744970959901	18
-0.079595702570078	0.268041115974396	18
-0.042046091166479	0.308087990825307	18
-0.11354103559172	0.267876939979825	18
-0.013199615869084	0.456364467667622	18
-0.121934933466996	0.170442642392117	18
-0.087241343695679	0.246245810728204	55
-0.094445495349853	0.211595833264125	55
0.081101628046056	0.423610429588647	55
-0.098554590169003	0.188821439017874	8
-0.011825195020232	0.417328111068469	44
-0.049047182253551	0.354010891791041	8
0.00693180439167002	0.482232803032611	8
-0.05606909276847	0.325607463196603	8
0.025001660338581	0.538564269491801	8
0.061040612603617	0.245458242122789	187
0.062961755275597	0.327807903511715	187
0.124843344221722	0.398273217338855	8
-0.098485377343258	0.245796573503269	187
-0.045320788479317	0.177597757425282	64
0.023910831023612	0.254388359799458	187
-0.117275245760466	0.12417050925816	187
0.077049945065743	0.437367468457013	187
-0.066173179646805	0.250291428415746	34
0.06152937754772	0.426976164385945	34
-0.083209153672167	0.196332325388406	34
-0.123771913882692	0.106360578330785	34
-0.097040828718274	0.199673489107724	69
-0.070154427255802	0.221716422407844	34
0.070559047184958	0.419001469688833	69
-0.066165576111336	0.164721847504783	28
0.115973342474257	0.338179511937724	28
-0.120237772415214	0.0966463886243238	28
-0.020878217618952	0.135023879160839	28
-0.064663287998423	0.17928877673745	69
-0.015719902153998	0.349885416696395	69
-0.042577453317876	0.149759896226579	69
-0.047349706534896	0.169952367046453	21
-0.021326634939933	0.289788767724514	21
-0.061568967186883	0.182762821922693	21
0.111160944129103	0.334831230693431	168
0.04336205946414	0.335978434485289	1
0.099248175956928	0.225129134357449	1
0.00488324211956498	0.133402112756115	1
-0.024421422239299	0.134028646023619	1
0.045165457911996	0.246858438173709	1
-0.043934598508984	0.170405086945524	1
0.07162773232031	0.244842165866826	75
0.00699523554012399	0.222483947995599	75
-0.00511832941634999	0.275887113097228	75
0.064856164654454	0.140931604040859	15
-0.05715846662838	0.212890232441899	58
0.070789291490187	0.322062622544284	58
0.096855915153034	0.499185792066633	15
0.032690862725264	0.138171166811252	58
0.012542970698536	0.228398629629065	58
-0.057543963069859	0.184359677492213	15
-0.113083565238605	0.117018297891502	15
-0.11555891625181	0.117761265314327	1
-0.013016734543496	0.231331014027675	1
-0.103670217762169	0.187008861456476	1
0.058592241169469	1.44443963496801	18
0.089184191683559	1.30088541923444	18
-0.076079374992664	0.402413930679384	18
-0.098527881221964	0.318772703654156	18
-0.076729896711129	0.287051341785515	18
0.108844037806587	0.614904739110793	18
0.096416778323544	0.591989355305977	18
0.085779797748912	0.529320705991681	18
-0.00000654941425398681	0.381773872143559	18
-0.052784770241984	0.3543526111864	18
-0.00979915617343499	0.328925859722285	8
-0.108491759185033	0.178081698293643	8
0.062322279260377	0.475814914933069	8
0.00921431604052603	0.457095627900009	44
0.106447178904679	0.702146702233049	8
0.069632832002508	0.544830671785255	8
0.124105464710752	0.769926876893334	8
0.014751195523063	0.479275951833788	8
0.115405073028851	0.416021823928391	187
0.00031256744630398	0.256700850491966	66
-0.061124665882636	0.356329528325386	187
-0.017218861307075	0.421831283945816	187
0.103910479220164	0.755269988993545	187
0.102174198251846	0.330279003646353	187
-0.055993473340658	0.169561430678066	34
-0.111354835857346	0.113184635562156	34
-0.065650500581352	0.188791188332059	34
0.043789357283526	0.47118716016253	34
0.05921867977101	0.333952470220666	277
-0.113890744065642	0.108712946831664	277
-0.042658787165693	0.16737318936885	34
-0.041830938122968	0.155257241557173	34
-0.105495122086388	0.142388306449657	34
0.087993231882869	0.489581203278306	34
-0.023900653443835	0.302598360922097	34
-0.057039556008496	0.174284125015241	69
-0.06224475494037	0.170034404381131	28
0.108271719748866	0.328336226000578	28
0.036203302557965	0.247006206253968	28
-0.038362085959661	0.169240310243178	28
0.094414614431958	0.237024128987831	28
0.077061311906895	0.32718990357962	69
0.0371094013205	0.330608510478425	21
-0.054992127643933	0.154075317300629	21
0.112395785404149	0.328546323821037	21
-0.022874388422522	0.296256067909413	21
-0.047695376405735	0.132360997163611	21
0.076019817401211	0.239301073843089	21
-0.103880703758973	0.183405552955071	168
-0.067791808433435	0.186428334300744	168
0.059704752547007	0.239476393800475	1
-0.043139386773628	0.140772114875118	1
-0.058301431653429	0.228701125474638	1
-0.042982003399749	0.154473171664363	1
0.0715781507552	0.238074959834319	1
0.103735632049914	0.320747485243452	1
0.004528685951251	0.269461977881965	1
0.052054138041471	0.243776802647972	75
0.028112670962957	0.232725626419908	75
-0.121991547650378	0.111544842639035	1
-0.043453862705355	0.133567658720688	75
-0.032928144073278	0.142780619203683	75
0.053742703290597	0.296544739096646	75
-0.016055221619849	0.13150992152809	58
-0.106059943925158	0.154500238167144	58
-0.058457642208362	0.180627980148337	15
-0.096511193126768	0.180831813177709	15
0.083405810761432	0.336392001997432	154
0.116913871366124	0.393630134308014	1
0.094947373593045	1.54272067178697	18
-0.0493890756967	0.589790734870313	18
0.071490096140955	0.9196019744676	18
-0.098245390880219	0.304589697915564	18
0.00808381814202003	0.455028606261449	18
-0.036105146279094	0.392568379508307	18
-0.058156354172635	0.230435711625942	18
-0.115340617875727	0.16801149757617	55
-0.115017228354769	0.178865539628994	55
-0.096605150033291	0.191694063580001	8
0.058335059014139	0.409041089575657	8
-0.048964933020292	0.248511083846599	8
-0.097267405020459	0.195592871699727	8
-0.091091649204645	0.246564317837679	8
-0.124010133089417	0.143407712993579	187
-0.107095211352939	0.151270856480444	8
0.000863333183480974	0.240191879501513	8
0.08417001148755	0.47990954954767	8
0.025949356538674	0.332910943766754	187
0.000450679929940023	0.277237639274603	187
0.043819163768031	0.359261213407857	187
0.015069776497221	0.411802223456089	187
0.106772114682094	0.689539764381884	187
-0.090356308696632	0.266663415552539	187
-0.00375033425075699	0.393186202734891	187
0.079217740102862	0.617863476967517	187
0.037357011762852	0.242723415918532	64
0.005096740088539	0.360949866065213	187
-0.093219719700005	0.21032871597021	187
-0.069754189268322	0.234970494066151	187
-0.110798977189257	0.179354179570774	187
0.040307620896689	0.302347770948187	34
-0.010821727730287	0.270577258606662	277
-0.110402543108296	0.147222735215094	277
0.083182749420636	0.337580770782859	34
0.042046060013314	0.251665806001776	34
-0.075394879454993	0.23336906582367	34
-0.050815594824328	0.190636094438242	69
-0.045887085443064	0.162131223255859	28
-0.049387131598548	0.177484349519662	28
-0.052833538117375	0.294252661925144	28
0.00414246072082403	0.266351191230144	69
-0.060278513889394	0.187157613761977	69
-0.12351302642984	0.104756207928249	21
0.066591011794514	0.439949157592768	21
-0.04768353839284	0.174945333073309	21
-0.122587346052874	0.105199435382192	21
-0.043858369740201	0.186433572935985	1
0.07917063847067	0.329717821096653	1
-0.032516958753328	0.130906336040263	75
0.098864790997511	0.319452540503831	75
-0.040284350539539	0.137705545363127	58
-0.042319680071174	0.134661071605587	58
-0.061392587296029	0.178628170422427	58
-0.111125647804568	0.117901625848009	58
-0.041866531762926	0.163835814767629	15
-0.046613601540979	0.154327259740315	1
-0.10630555332877	1.27713696190891	55
-0.016823813529199	2.08699521641473	55
-0.115376534370172	0.116811338164401	55
-0.112963159857593	0.143341508549298	55
0.102329959803757	0.235345544114107	8
-0.00537629226794101	0.23322005753908	8
0.000917907147419017	0.237133083450392	8
0.066382346710944	0.227449762432985	8
-0.013324357551121	0.394236653070927	8
0.023228070365926	0.453987033399082	8
-0.012173939046507	0.359245262630796	8
-0.079300234855988	0.242927855793756	8
-0.007458632271687	0.349417899669263	8
-0.013033892244574	0.277851588752049	187
-0.017891682179063	0.336847011203822	8
0.063410233783772	0.519149427287595	187
-0.074429623150068	0.239181317437497	8
0.034822509772877	0.508616139407196	187
-0.096844169628783	0.20960969558998	187
-0.076291992562213	0.249784519512906	187
-0.122033479512424	0.110326581054111	187
-0.05610513773929	0.256787225238759	64
-0.072380240780686	0.240179612707383	64
-0.048619150349438	0.169900122468612	187
0.110447262012295	0.326654636960007	187
0.067649950474142	0.49455950794666	187
0.041117688580264	0.367921339720134	34
-0.007730361946229	0.279001211430105	34
-0.075231603768948	0.221147365784015	277
0.020580608948774	0.391206659005118	34
0.029466599869077	0.422843717559343	34
-0.067229194339651	0.259689046694036	34
-0.104401112191948	0.203518898567396	69
0.045175138373995	0.243377405080321	28
-0.101109989609947	0.143168355056074	69
0.038028772819956	0.321217440698945	28
0.052665187611989	0.331667286145117	28
0.102367645738855	0.492511831062585	69
0.047076585917019	0.34472236189568	21
-0.084837187439225	0.155858028996266	21
-0.036006695238177	0.141314264448311	168
-0.10917145217307	0.181045756368843	1
-0.056033436095911	0.187989599150272	1
0.063443713888029	0.309590386984309	1
-0.059649219810891	0.166743165642165	1
-0.123679917525059	0.101982250921854	1
0.078539214681283	0.330413098083149	1
0.051388010107526	0.244466094852263	1
-0.041476543654399	0.145533685988053	1
0.050054359928775	0.237944512726688	58
0.06523068963885	0.240227065222649	1
-0.020670885491652	0.23475765626465	58
-0.028281879645622	0.123055766699882	58
-0.04560931447687	0.153430112865161	58
0.00093047337615898	0.258368343499293	1
0.075805445343022	0.312611396770352	1
-0.064582566938623	0.170320539358956	1
-0.037394269047789	0.292816388186985	55
-0.118312243973462	0.110948527841435	55
-0.040029651916389	0.157549965938741	55
0.06772026056066	0.144414415480069	8
-0.00507739277865199	0.126887620370183	8
0.106836995488876	0.370380762037657	44
0.048416474208766	0.318989129500319	44
0.119236689908589	0.491759829935111	44
0.109989932262925	0.31772878799332	44
-0.00259181934839001	0.355104939954091	8
0.061050646391834	0.494817178553259	8
-0.099565585647396	0.166280585476352	8
0.033684049309847	0.248808637929422	187
0.056064447356717	0.536682190403002	187
-0.063305423386319	0.302436427226349	8
-0.050926513447518	0.326151949862337	8
-0.046718705229063	0.365294748698401	187
0.10955735843635	0.596478093209676	8
-0.118822821401978	0.207349519235103	8
0.028273532913041	0.515065496694772	187
-0.062318523636644	0.280248573126495	64
-0.079959970520568	0.276658087804983	64
-0.063816601183862	0.309216057558174	64
-0.022887255450686	0.370593015648544	64
-0.102544413378226	0.208842581045071	64
-0.056896812977002	0.208075127188203	64
0.068812139042542	0.237378703824002	187
-0.049342781705922	0.216888508904825	187
0.044876277671499	0.425711944253002	34
-0.063122613024629	0.290182313596517	34
-0.06693734638771	0.219912263575986	277
-0.064807018847455	0.193590205171169	277
0.043237050157705	0.459097339732436	34
-0.10367076584175	0.205952509460039	34
-0.078449915862728	0.254347403974543	34
-0.043309231779943	0.30083323942298	34
0.058519391566642	0.24313323636788	34
-0.004789667359483	0.291170792753165	69
0.096174743311895	0.412952743475856	28
0.116687172392593	0.425147242420688	69
0.000533560387265986	0.380981872281981	69
0.00620992553016198	0.351830078122635	69
-0.111946873894201	0.167462697089304	69
-0.064858121217586	0.224075853512646	4
0.001806419852173	0.353211247498425	21
-0.12186601265984	0.123521912769755	21
0.088087280315495	0.585508589123272	21
0.046667468880983	0.419246925686459	21
-0.059836475773431	0.156757448173842	134
-0.114947228147292	0.145619566131234	1
0.017405553644811	0.248164391614308	1
-0.042196212464791	0.23225520077939	1
0.071485339834841	0.321110519876188	1
0.115058619983857	0.334322508666868	1
-0.027346502575531	0.123448848108309	1
0.065947847513302	0.30556199837311	1
-0.060577084653622	0.191370317704128	1
-0.030797176986481	0.131609377877407	1
-0.12363004043337	0.116695167399412	15
0.02530535753855	0.249421364333472	15
0.070043470354227	0.338488241691758	58
0.067564020229313	0.14239662173419	58
0.118934854066448	0.15088220071932	154
-0.045570927237846	0.134145986318334	1
0.027106744615548	0.387251725972808	55
-0.088010673512524	0.232581958884293	55
0.114090144530688	0.237922151030327	55
-0.042637664248914	0.12998824347101	55
0.124147521826197	0.23333537705805	8
-0.011265074949797	0.275674306812301	44
-0.053649822759322	0.175017199539625	44
0.00314736445731301	0.359455185268266	8
0.106851920298754	0.400844965094265	8
-0.057986984478213	0.367696185614683	187
-0.02636033964245	0.365612918539809	8
0.079313723283389	0.603243680317391	8
0.065028335710085	0.48275295086339	8
-0.038856155483272	0.390268747428336	8
-0.112614102479336	0.242312582333933	187
-0.050987046989023	0.20310596558663	187
-0.077518559266932	0.248978757138309	64
0.093442593651897	0.61704821128042	64
-0.063295613334044	0.263693948830199	64
-0.065521564509968	0.262930025408319	64
0.054157006991267	0.498067358550503	64
-0.016873262987775	0.294599946730749	64
-0.059688784054121	0.200122601629217	64
0.08252272776733	0.461239487049327	64
0.074314149907847	0.530871862458049	34
-0.065498114165528	0.276135679206586	34
-0.029571634033747	0.303915646411164	277
-0.025022406825167	0.345069297173746	34
0.066090512459811	0.535545791957226	34
0.095614854433299	0.589716862618786	69
0.061348464430815	0.359221775491197	69
-0.029101946922536	0.120222718211868	28
-0.025664840160941	0.34397528679311	69
-0.112565169135531	0.180425014491116	69
-0.014915694915869	0.254811750531999	69
0.066819799673641	0.506695635565378	4
0.016928927475063	0.38976970921789	21
0.090666435915362	0.406611824456693	21
-0.105150090374243	0.188449231656478	21
-0.124558908270324	0.171764295773538	21
0.027589458890317	0.434841607213916	21
-0.016686644061013	0.347470156969709	21
0.078584714645807	0.535092605114255	21
-0.057206782399273	0.155847088473812	21
-0.014306910792206	0.301319320870472	21
0.061404048611753	0.244325245262736	134
-0.00405422607143299	0.297409169104899	168
-0.093161498635049	0.182709846976185	1
-0.053917914466525	0.235393811373073	1
-0.117931924152086	0.118552975318484	1
-0.101754418823121	0.130460126744497	1
-0.112692222776574	0.121991207054769	1
-0.05639179519469	0.185749754580343	1
-0.048311470329625	0.244634784513073	75
-0.104551533166296	0.148992416006678	75
-0.025493377101774	0.126395080903731	1
-0.060689882521925	0.177394430908198	15
0.123258958099039	0.335368129164321	1
-0.101975269014506	0.147714105218471	1
0.043970193071737	0.337311531328584	1
0.026156195196345	0.133541988362318	1
-0.113063635485033	0.225608961075824	55
0.028574759937188	0.487163318409163	55
-0.053591256776189	0.194970516225168	339
-0.044299251963218	0.153231661013939	339
-0.040362131378996	0.13504975391565	339
0.0794033184766	0.234758810038975	339
0.054428642538946	0.225249948716326	339
0.090144076858637	0.237231300891318	339
-0.050065702008162	0.180026774649392	8
-0.029308227775887	0.271411516554944	8
-0.019921065194191	0.28258706744763	8
-0.06199417085381	0.259886814792302	8
0.09208589975799	0.723906456290492	8
-0.049060093506556	0.373009306844172	8
0.040824107976568	0.575805574841832	8
0.033914273438079	0.582681656926385	8
0.03017577862325	0.496260429003414	8
-0.00888804610955399	0.51024847787676	8
-0.097327790481519	0.27690969896914	187
-0.055702149501896	0.240490177172582	187
-0.054608378324592	0.173056558866134	187
-0.122902397348397	0.112246822423999	187
0.057810454363279	0.247012121997849	64
0.04244100741385	0.423381723671578	64
-0.082348419750791	0.179028123188511	187
0.00604346774785702	0.265276449445279	187
0.028288571856712	0.338166149560893	187
-0.018348012281489	0.340786260251856	34
0.115795105591464	0.419755330154618	34
0.108343444830543	0.667793573987227	34
-0.104865074566456	0.169579002744057	69
0.023266176447317	0.455574212020178	69
-0.04923168736025	0.154808717113215	28
0.063782081595738	0.505488945899376	28
-0.048306021537501	0.334751639961827	69
-0.110230190582128	0.210438342086379	69
0.101301056515989	0.62075157891443	69
-0.038537252781643	0.389442607957529	69
-0.115542494610169	0.203785579664616	69
0.117710444425494	0.739424841758932	21
0.081849893090657	0.59688750205646	21
-0.098369733652641	0.206949121865225	21
-0.090905225329667	0.223152242339033	21
-0.095106925798642	0.238584192590481	21
0.045958055910844	0.436943051968589	21
0.043823605689935	0.248683067776304	21
0.036398999618654	0.421944658555668	1
-0.039308197346079	0.302554440186132	1
-0.00787748032970501	0.310113130396828	1
-0.002126421969354	0.284962037885951	1
-0.00765397476544799	0.255105001324591	1
-0.034401369289983	0.285368830706775	1
-0.018686814635103	0.127832023914446	1
-0.122540544451294	0.112366045753051	1
0.040306254643514	0.35141151771908	1
0.000513077759344005	0.128431605501968	58
-0.056226854004913	0.214948667336325	1
0.092326440484197	0.236188227303959	1
-0.072584302570462	0.589834560448308	55
0.006320178373112	0.858181246994823	55
-0.008607078176989	0.426040451524244	55
-0.043723442540811	0.286360424632571	55
0.077005210902808	0.146778342365629	55
-0.043941532835663	0.119685653288704	339
0.06361990069836	0.140643840042565	339
0.094749638389841	0.48708094393592	44
-0.124854998980655	0.113142023742812	44
0.11116788906508	0.328342194391718	8
0.111740113952391	0.318466312505722	8
0.114753705465208	0.411372866578482	8
-0.074335222806782	0.233689735970818	8
0.073746495699783	0.31523124360444	8
0.075152126014756	0.464304436836467	8
-0.00529762425733499	0.271152854046341	8
-0.00494387258283299	0.516346963221589	8
0.010454124820323	0.507097286270113	8
-0.119325542770454	0.224048077141929	8
-0.088187721431044	0.281851092687274	8
-0.016648909993509	0.42761644528644	8
0.045116500015839	0.618036572039004	8
0.042755094014721	0.668580467088194	8
-0.024111038664895	0.466698817606851	8
0.00753791454998498	0.331652941533902	187
-0.117307832591123	0.122388892789694	187
-0.010024452076003	0.266641376456253	187
-0.091740427954277	0.26527188998469	64
0.029372171042391	0.548481301976021	64
-0.101298270506757	0.221587678184698	64
0.095406990247194	0.550024230143475	64
-0.097952298030737	0.191170157947111	64
-0.084064188947236	0.194640955923325	187
0.123624193672182	0.660874923340931	34
0.110751193760825	0.410673054889503	34
-0.005829752045551	0.260512643500857	34
0.03630462081581	0.425642003660862	34
0.016610690085952	0.399663982779846	34
0.05304404121578	0.235993839238308	28
0.044379165193674	0.450229765425482	28
-0.065885631757451	0.250319560479831	28
-0.108132774464959	0.192314299078032	69
-0.105058846128818	0.205623630301902	69
-0.0464202800323	0.334000936767684	69
-0.082863518069142	0.184115663095909	69
-0.073120599327504	0.251030779969276	21
0.115316714336393	0.645727979675802	21
0.014215331890089	0.422210662387428	21
-0.015013616179005	0.35784811757335	21
-0.006955350625586	0.256792985199102	21
-0.095270194386719	0.204184749791648	21
0.107159203808229	0.661095985100812	21
0.115023806937571	0.738336273834581	21
-0.085465593792271	0.260708563433299	21
-0.03743474969741	0.288399066732474	21
0.101724221505823	0.328178176316014	134
-0.033057818211958	0.315181344091315	134
-0.106115495647808	0.196223022229341	1
0.002390556509966	0.350353999325291	1
-0.088399636162565	0.210586054644744	1
-0.00229401967766801	0.297387728686833	1
0.047194775738337	0.331505927485724	1
0.063817537567208	0.222489717878364	1
0.124361464491338	0.399393369174332	1
-0.010820257852515	0.28265372200722	1
0.110667693934111	0.412377406645797	1
-0.117511751280806	0.115691758524095	1
-0.048704528572437	0.21730986299585	1
-0.046979115803876	0.218807546361297	58
0.092290247480449	0.240411051325563	58
-0.05184571622456	0.128264727214157	1
-0.106110836022807	0.151192466405046	1
-0.109393057787654	0.386803458530416	55
0.003617377365987	0.706162896365972	55
0.000381546496792007	0.495683919994096	55
0.073611068170493	0.59365641863227	55
-0.034077375756274	0.300787155563243	55
-0.032096136660245	0.127763446113535	339
-0.02187022977281	0.315901019279543	44
-0.049338747015352	0.165650767329607	8
0.00461327692771701	0.261591296466494	8
0.061178014429806	0.320103842554214	8
0.114304910750121	0.56952772685847	8
0.028759204890972	0.336934065583197	8
-0.015894685094744	0.4886113104048	8
-0.106062379699815	0.245605088378933	8
-0.019975688847092	0.400352864699473	8
-0.107422884269674	0.223962769526595	8
-0.077267620851409	0.307251580776246	8
-0.116487683283451	0.249590750224977	8
-0.114509062098723	0.222712968429829	8
-0.021234279531349	0.46259836611494	8
-0.046163018279412	0.351028999802937	8
0.121344641898172	0.498814841884003	187
0.033794240482301	0.540834714672396	64
-0.113743399690544	0.188668198168541	64
-0.00858206613208301	0.30448172779564	64
0.028824959408705	0.136439116220142	187
-0.00895208114566201	0.275059779688944	34
-0.088452668119211	0.223499766347539	34
0.054790757348392	0.496292773784718	34
0.111353623048873	0.496056145768893	34
0.091294780525338	0.509293238254197	34
-0.03664707633698	0.219370372798099	69
-0.073716699943791	0.179407546032302	69
0.084392930464115	0.143493572430218	69
-0.085245344818612	0.219208571497155	69
-0.088539700118772	0.230442552479734	21
-0.058035736949062	0.251699905463001	21
-0.013573431571273	0.322872182100174	21
-0.098448138090791	0.19088548762818	21
0.014836633959304	0.375994505299228	21
-0.073652816025564	0.235412278788821	21
0.025058173672559	0.444544540024592	21
0.021454233056284	0.128375305821178	134
-0.032869337048509	0.133331037877149	134
-0.107264149299114	0.182101033181222	1
0.059088949076489	0.328459983628884	1
0.013829610535976	0.347598934786962	1
0.052595743535731	0.330697090894583	1
-0.019012741412209	0.274601775512831	1
-0.055300686396017	0.184820256920566	1
0.018266599721181	0.488062719721325	55
0.102507335931041	0.2356299404174	339
0.119448282242958	0.226428621388488	339
-0.089677526460002	0.173902339604192	8
0.100089731551798	0.400384790922015	8
0.063556874311409	0.317909094755052	8
-0.010829080050865	0.273107695397717	8
-0.051333641414032	0.19447301971242	8
-0.063001385370706	0.156588734989882	8
-0.039120132899109	0.158563815462544	8
0.085775043152953	0.718882724430887	8
-0.073423602579079	0.318837146403332	8
-0.067905529003876	0.324257916469062	8
-0.074292100648801	0.320385092045998	8
0.034442202686698	0.56940906016826	8
0.10338107076119	0.548260111122494	187
0.00533837428620798	0.489797690252399	64
-0.076262205254265	0.312807882312056	64
-0.059778634305297	0.324131529733806	64
0.064597435548807	0.540679716595523	64
-0.057655200353997	0.257477129202971	64
-0.036104492616945	0.142507913524159	64
0.105693134813175	0.233821613010382	187
0.051902866692742	0.55786309432271	34
-0.078583145268869	0.211668115260197	34
-0.093703819636689	0.216739382890245	34
0.008204619497998	0.401342787091167	277
-0.09103528023593	0.186237040976045	34
0.00787900802741198	0.340544651523169	137
0.118284619670794	0.540758000055377	137
0.084522155153621	0.328663661880014	69
-0.084108109290224	0.24457982914597	69
-0.015843390569419	0.364592531448079	21
-0.063880461220675	0.294084024477046	21
-0.090566621299841	0.215828627398959	21
-0.038718914927836	0.303302850230979	21
-0.098280413835465	0.154888743691588	21
0.015254674423952	0.467371872999763	21
-0.020086178586492	0.329568691812356	21
-0.116436861923182	0.172192016954951	21
-0.054960113160623	0.152416747032588	134
-0.06583981991673	0.264871664652446	1
-0.073888919574103	0.236712701518935	1
-0.123803462333857	0.149708749457383	1
0.103132808340838	0.475003973476345	1
-0.079110729296063	0.201592226813514	1
-0.091779338046323	0.169702262816036	1
0.111095833643986	0.329718886142523	1
-0.00820962471174699	0.281332812501151	1
0.036314552805735	0.250287380549225	1
0.051330904059582	0.328891824093101	1
-0.052088704713387	0.216343882060384	15
-0.015426369837769	0.280861033300982	1
-0.074196581953061	0.169001276480598	58
-0.11817361659658	0.113293523655664	1
0.059492256217569	0.243714112038934	1
0.011936069242858	0.356456336778209	15
-0.033500229957509	0.127163468020188	1
-0.071752732116724	0.764129965995957	55
-0.041428363529546	0.859616960658883	55
-0.038146667770022	0.794963353917092	55
0.068757921498844	0.64882221421276	55
0.00606195162721102	0.436370416194441	55
-0.02170643189302	0.13303660744436	339
0.034956260380393	0.246553262758094	339
-0.044510251272997	0.142355202019997	339
0.066132469208224	0.240287486699971	339
-0.026984487884614	0.133101448075759	339
0.073054866824268	0.40148979127953	44
-0.046700002521048	0.178344572883762	8
-0.050530767709487	0.343236880289317	8
-0.063024962806676	0.360423473230847	8
-0.099831608740911	0.283454868278484	8
0.10233945268841	0.801204775327095	8
-0.121115234535627	0.215098079743532	8
0.101567436414693	0.91437211266468	8
0.081462844698653	0.767233955059396	8
-0.063018187351103	0.310183064182806	8
0.03298057100127	0.567685687391236	8
-0.052346591498839	0.358584884595578	64
0.08510596772222	0.682171070509854	64
0.077660048851477	0.633057994475669	64
0.06959839878239	0.558233672343494	64
-0.064076975987516	0.301917272832954	64
-0.051522880231659	0.215525624189992	64
0.00289349921301502	0.130916938123102	187
0.063347516334531	0.537413639536766	34
-0.026848143410278	0.264126889452677	34
-0.057150540923954	0.194587144168888	34
0.040315528000431	0.480370092714293	34
0.084718571008913	0.635015193103716	34
-0.053871720088493	0.300300037685488	34
-0.021594798422667	0.376777980746561	34
-0.029399068942533	0.367482092018992	34
-0.032429194241244	0.288874496037015	137
0.0863072353996	0.41976725082243	137
-0.093146171679325	0.165108934581178	69
-0.088481973100221	0.199539537875903	69
-0.05356914274559	0.293379908549974	69
0.043749231184133	0.500235086025783	69
-0.04221338793051	0.337378070875259	69
0.103199407521524	0.632086623422014	69
0.096623614307712	0.626665918020865	4
-0.072096174276372	0.242564830657374	21
0.037321425970989	0.417042466326113	21
-0.02364300089338	0.400060556820254	21
0.045979835858789	0.49296927228521	21
0.013697705252675	0.389630351493675	21
-0.102439899973997	0.192782015151082	1
0.025938979183692	0.360047838721241	1
-0.045938646881232	0.235800240201765	1
-0.088922988079247	0.199830019071197	1
-0.124702293800457	0.104793494474794	1
-0.063958721404634	0.208224557329103	1
-0.112940970650495	0.136908265643415	1
-0.03954538074981	0.186425512605193	1
-0.1177496357475	0.12064683540983	1
0.00650392974409803	0.226773791307764	1
0.01721039611388	0.24150502532553	1
-0.089631433662947	0.186824864143281	15
-0.051133838401872	0.223428794087568	1
-0.057473945209215	0.186366298970353	1
-0.013431820510216	0.25798502054938	15
-0.059074150599098	0.152776034224748	58
0.076325217183551	0.238304734234016	58
0.046418132739376	0.353130367556708	1
-0.00965743688815501	0.132573732510784	1
0.007144117627019	1.28682370518874	55
-0.109598727692817	0.238716732377497	55
0.034036062893343	0.139739439338785	339
-0.098944634754421	0.198460883928155	44
-0.022283380067789	0.274487286805588	8
0.061584268146267	0.316204433240452	8
-0.090322258915349	0.251223968802524	8
0.097667497745629	0.733668338830464	8
-0.089081865690614	0.281716454162476	8
-0.069557105791756	0.344329203025643	8
-0.112966189977418	0.237504754629019	187
0.048203557854325	0.427662689001515	187
0.078821434081133	0.655117823345091	64
-0.094948413922072	0.154165449860489	64
-0.112680318341909	0.142934923648002	64
0.077010246832683	0.41871851001724	64
0.00979164082495798	0.224762082252752	187
-0.097869516583856	0.149582245020889	187
-0.071394134006034	0.239471610888072	34
-0.052402238299625	0.26902692618928	34
-0.093063968517437	0.183258493972337	34
0.00119906972061201	0.375215688638212	34
0.018917206855677	0.351138261561484	137
-0.007630821370472	0.268926116957673	137
-0.012640359229586	0.1189434281508	69
-0.0283476256698	0.12326190155841	69
-0.052848366405067	0.205261698011095	69
-0.00210944034104399	0.283811395776885	69
-0.07812331023357	0.211870108225407	69
0.099779323241762	0.56417183608145	69
0.100891051479304	0.608095299090123	69
0.087199743127944	0.584682223656402	69
0.077656345929288	0.486474882162407	69
0.086754960017887	0.634337841153141	69
0.00596125613755899	0.402269549008412	69
0.101176616151422	0.62308039224886	69
-0.032403183430592	0.334742606799023	21
0.10846395593822	0.583506677242696	21
-0.021938311224571	0.303356464540801	21
-0.050358861454413	0.218248589953916	21
-0.077038685244024	0.257880146222779	21
0.021998493325349	0.481320777903963	21
0.096053720212031	0.404007475492254	21
-0.060431404207001	0.162495697043779	168
-0.046781348313157	0.271087711578034	1
-0.05147274272752	0.220057054938655	1
0.108034138942343	0.424329715173638	1
-0.114997446885325	0.170331221719413	1
-0.00060631228208699	0.377396636596978	1
0.068583158077072	0.138658048799262	1
-0.052654550682644	0.208636630436357	1
0.034015403298903	0.24690241765254	1
-0.098965648628871	0.150197257204308	1
0.00342705302778201	0.286493156148371	1
0.00586423770537298	0.233646864258824	58
0.033637271142749	0.140091789933446	1
0.086025742923745	0.23534847641921	1
-0.015208792278579	1.1905713467506	55
0.065385948012292	1.5499962223564	55
-0.112293756600236	0.470258697730677	55
-0.041770269894495	0.400883433386374	55
-0.041535985744535	0.126540779933524	339
0.038127466423172	0.13961075307066	339
-0.041265040219366	0.159749861021504	339
0.102617274202473	0.393942274284928	44
0.117296346239401	0.39252922620966	8
-0.107099196254567	0.172069171985041	8
0.031238368491825	0.328786475722445	8
-0.10260010250868	0.227509404303298	8
-0.01733908632866	0.430856273999584	8
-0.096484892300087	0.281017738374235	8
-0.110465831783559	0.240554921106689	8
-0.021566023175086	0.469303399971675	8
0.070054712312988	0.612481799338669	8
-0.099907562576494	0.182751852231951	187
-0.014723505480784	0.252149419617431	187
0.067200287108168	0.520067498392228	187
0.01469626497513	0.26261221676197	187
-0.088164593839677	0.212929560962972	64
0.000109532971974025	0.371007882805347	64
-0.118857476625926	0.109503517256782	187
0.048436875803728	0.414462164191743	187
-0.105662214614291	0.128479238555981	34
-0.034668003939329	0.302449796153626	34
-0.110027232900318	0.144485954830723	34
0.025066646293389	0.411440577382177	34
0.00315169974927798	0.27438574951086	137
-0.065281728407791	0.223214709413251	137
-0.111748362908351	0.1450471287324	69
0.117564132853817	0.652754918758306	69
0.11498578357672	0.659241156806998	69
-0.107867466706479	0.166408719007255	69
-0.108383112767734	0.178084189301082	69
0.015285393279047	0.381361737968403	69
-0.036754812634825	0.329487199258045	4
0.110430007260435	0.581507483106029	21
-0.019720293618757	0.383993779063057	21
-0.057468223494948	0.266642389161427	21
-0.123016510845733	0.182811790170636	21
0.084899687570195	0.630491047163318	21
-0.108167769627453	0.184192944007905	21
-0.036879738114693	0.304615938852826	21
0.000648486284003991	0.358707457673885	21
0.069220298920491	0.144271494460804	136
-0.058119203519872	0.168263747485485	168
-0.072074239382465	0.150059287943712	168
0.029010797213957	0.364966101005659	1
0.013947396923229	0.237192468360784	1
-0.115703322954886	0.111587494969717	1
-0.053718586464292	0.206898267289125	1
0.103009819165194	0.420018512293257	1
-0.00518023414902	0.295006014103963	1
0.00876107839217699	0.131557506697856	1
-0.057998834304164	0.202919430392193	1
-0.00181327845534199	0.277853593767369	1
0.030254432727844	0.330166715838507	1
0.036646075117941	0.352080283543347	1
-0.041381325162662	0.132391435330535	1
0.029802720110797	0.136548993537148	1
-0.00689948414875399	1.19561403060697	55
0.031544831530263	1.23435643741544	55
-0.075300237695832	0.588663566826893	55
-0.071490366950561	0.418492488512569	55
-0.060916939482379	0.227806160653318	339
0.030531090951275	0.250225058976826	339
0.069232430269937	0.319670183690302	339
-0.035082643461942	0.136961074282	44
0.063104720750123	0.237269065839582	44
-0.099638057360637	0.169698393628486	44
0.020933080572719	0.383946383647599	8
-0.017776730077322	0.370664301358061	8
0.092688221662105	0.583358301880883	8
-0.05268654303784	0.228006201570423	8
-0.111485799074797	0.2021564213078	8
0.021976584286487	0.527558085743573	8
-0.083334591502505	0.255179036056087	8
0.054002679061759	0.593958032437122	8
0.058447027659823	0.627628013358373	8
-0.106803476998312	0.226216764681172	187
-0.124444752856039	0.183030750624456	187
0.069635671543354	0.65448287519516	64
0.00891332464175898	0.425298262411989	64
0.000210418026390991	0.368188829142364	64
-0.06389269787169	0.213100686090447	64
-0.059387469564853	0.219389752834186	187
-0.006720976221404	0.313028839461978	34
0.073843648917907	0.492292935458	34
-0.060628916285635	0.221282712465805	34
-0.107089114008406	0.198243153253523	34
0.060820091693906	0.557034570953212	137
-0.095692906264685	0.179708638690464	137
0.019741720871741	0.254117026753936	69
-0.048676647391581	0.160801059523096	69
-0.00431900759176701	0.302150581871894	69
-0.101316233270934	0.184549628992922	69
-0.04954389390818	0.27329267761193	69
-0.022966573454544	0.299375514821902	69
-0.109786778052863	0.157665411476971	69
0.000200373046485014	0.349860572773657	69
0.08147612038677	0.550592495012062	1
-0.094128374930911	0.188942038710502	1
0.048500483097831	0.37173236296342	21
-0.097321234482429	0.179216986353255	21
0.071019300653018	0.476991453965499	21
0.058060695440502	0.367714554439466	21
-0.031942485031347	0.296225756405595	21
-0.089012211653287	0.207527435483906	21
-0.04031427621575	0.277185638497698	21
-0.00684610832950999	0.317054144353837	21
-0.010100624387775	0.293385566685365	21
-0.115364838763803	0.160527072723247	21
0.088675053302016	0.480819389189749	168
-0.058289679144618	0.222752138302107	168
-0.094319793315273	0.17748907056484	1
0.03543353734186	0.339263907996978	1
-0.017172464520923	0.240122410962715	1
0.065443899127705	0.339134664562366	1
0.014220297139372	0.265389447221644	1
0.057548318404589	0.343598027686628	1
0.062833486033512	0.336333923423234	1
0.061431363807045	0.300799883495837	1
0.05855568916787	0.313781038790394	1
0.086207926002901	0.394741634306977	1
-0.067992386086486	0.215469322140976	1
0.089345106513298	0.470768787667548	1
-0.047230651343628	0.255428703744649	1
0.050690878843384	0.334120253587585	1
-0.042825228745454	0.162815489120515	1
-0.046938070728345	0.198447107977887	1
-0.052513308713454	0.171904043247038	1
-0.00640283540411599	0.259274746719532	1
-0.03933131291788	0.151248013897375	15
-0.042408600314706	0.138335001982304	1
0.104158797432219	0.228728046565571	1
0.067985080714328	0.142542511249346	1
0.076541392781714	0.246171705980914	1
-0.020964970989552	0.133718543289096	1
0.096544788645432	0.410464478492419	1
0.067005381363235	0.336967246664891	1
0.058525163521439	0.32214649902831	1
-0.047559861355084	0.877573612968951	55
-0.012279999743543	0.64876236105522	55
-0.00491918520020901	0.248732381512193	339
-0.04549382612992	0.131354637997138	339
-0.037810141101207	0.112371280951526	339
-0.039416298459276	0.132097690577667	339
0.072747674764834	0.241165439990568	339
0.073519750579676	0.409769294739111	44
-0.010177217386715	0.255664888248409	8
-0.067974353555065	0.222091023583012	8
-0.068441990326947	0.316746741306668	8
0.113179506873428	0.774369072128355	8
0.069307118582523	0.627712928941969	8
0.021087880144108	0.523010080828937	187
0.112474266192536	0.462364932979463	187
0.124475666054483	0.234150207816278	64
0.05082212609547	0.330322702876975	34
0.027404685593578	0.48770672687713	34
-0.033707206360477	0.326367816574966	34
0.00395596208362697	0.317778025313242	34
-0.107157028035331	0.187012261410226	34
-0.043690574785106	0.319828960855424	34
0.026787592263901	0.506117733574012	34
-0.109408451828739	0.138856379058897	65
-0.03525517687339	0.27215207725469	137
-0.075284398594368	0.263691537697002	69
-0.100841280947051	0.213053828700531	69
-0.01011615637177	0.277062088112653	69
-0.104915812394119	0.189102558637392	4
-0.042856655677118	0.336203316017312	1
0.063404875285414	0.49438297621322	1
-0.036296240592473	0.317535343703542	1
-0.075490940184299	0.265139175899476	21
0.082178873111041	0.41996808701261	21
-0.043400668457461	0.311719854679825	21
0.103424725608784	0.486377434992275	21
-0.115693462786034	0.170629257187847	21
-0.064316570634356	0.268019750111877	21
0.074570428797483	0.482252332858505	21
0.05127501803308	0.508608877856536	1
-0.090637760602548	0.19550836427032	1
-0.056515104647732	0.196709834405274	1
0.057383091115599	0.3272095228805	1
-0.068784815638066	0.214999388627531	1
0.052973103037516	0.331866057377163	1
0.036492346270139	0.229815330092792	1
-0.071309895346813	0.154130800746862	1
0.115953456171911	0.412616354775148	1
-0.124129458213245	0.116682507453406	1
-0.029228499403648	0.265942562980034	1
0.040014590066102	0.337819999765271	1
0.00384877284028401	0.353045722213782	1
-0.084084381783009	0.204210749631368	1
-0.123559042879865	0.142948324133605	1
0.065081370658129	0.340214469339024	1
0.039631926412141	0.319261087259183	1
0.039523954943775	0.34770988680433	1
0.010788689166762	0.263912853159913	1
0.120972855166786	0.149691211506322	15
0.021219984216082	0.128407823673271	15
0.121580178967255	0.22953410559568	1
-0.043173321552425	0.155957236387702	1
0.081963906411152	0.409897238133569	1
-0.114901939732153	1.1621472759	55
-0.00591031826240099	2.11446242459113	55
-0.03618267271599	0.148521877606196	339
-0.032542686530858	0.126346482347842	44
-0.105162687488838	0.164440747214689	44
-0.096868967373179	0.164424694006175	8
0.116058595887149	0.490045452243037	8
0.059476419408924	0.331229028843919	8
0.00723597207954102	0.53812004342816	8
0.062500503315149	0.666502775381633	8
0.044718740563903	0.648490802140585	8
0.029764987011237	0.62357194456185	8
-0.018943761765115	0.389993771943983	8
-0.082049186842351	0.302812833970126	187
-0.014496764282777	0.132749046478329	187
-0.039549107324777	0.356553894158052	64
0.050687779245102	0.326082713705937	64
0.015146813266354	0.390912088873915	34
0.024730920689463	0.411596794969975	34
-0.011429851584821	0.374592858004403	34
-0.011826420157103	0.397862531451533	34
-0.010820327649856	0.277482803576927	137
-0.05838002045165	0.222626727638947	137
0.081440722652842	0.533945871760645	137
-0.093768414079727	0.182960248798694	137
0.015809138456278	0.242485244267614	133
-0.053159001533176	0.207606236818783	133
0.018174078265172	0.322588394382359	133
0.017125162990336	0.367351046328378	69
0.041354756886132	0.401512201305323	69
-0.053095969236032	0.171942802651015	69
-0.083447907492757	0.262499273599057	69
0.121730346104389	0.663877718398399	69
0.023399316296998	0.469423217605131	69
-0.092415215569394	0.212226902585975	1
0.098868087534112	0.631787325235249	1
-0.091693231987289	0.193850477808284	21
0.103153969512926	0.646617768096025	21
-0.012851310153312	0.304088083173868	1
-0.094474862406587	0.182964313679779	1
-0.049415778544758	0.188480004000334	1
-0.048493527035167	0.210294631840081	1
0.09715288167857	0.427974495556417	1
-0.077994593175589	0.22915154895809	1
0.025058419034443	0.344797888690848	1
0.00106912036949702	0.313587695649431	1
-0.123328683283142	0.115267378912683	1
0.060019157176155	0.330321669444173	1
-0.091458754511254	0.17444291909836	1
0.042069696237202	0.358210641113984	1
-0.033835166114627	0.129582363317077	1
-0.043635746394395	0.141832138773363	1
0.033272236921778	0.139498483866216	1
0.00833498819038703	0.243346331976689	1
-0.025850486577412	0.292955811003158	1
-0.048577640069173	0.38816433248458	55
-0.104504075214103	0.130506987266932	8
-0.053075143918536	0.145096027532856	339
-0.042785534704055	0.229495325655818	339
-0.00162693592233101	0.24944839382417	339
0.093422763783563	0.235418639766904	339
-0.040433218173462	0.138519413460879	339
0.005210769589237	0.131497943592698	44
-0.029883041718436	0.131088381958731	339
0.052527845167373	0.248513774217771	44
-0.108960031060848	0.156436659770602	44
0.120352855852333	0.469861968837614	8
-0.058778023909192	0.180078467876041	8
-0.091583851293734	0.262516478039805	8
-0.039873205646124	0.371028465687167	8
0.071795363130429	0.684328911304673	8
0.106862013379046	0.758698317898342	8
-0.072507679704469	0.288522389733669	8
0.123259982097778	0.80103824720682	187
-0.017938643019164	0.447431884711456	187
0.091388306859825	0.439362579902856	187
-0.062757678059545	0.349139083413235	64
-0.100247634879156	0.156628133070919	64
-0.069814806453171	0.183088623111811	64
-0.094670171167359	0.171090009169061	34
-0.092627228867708	0.240297282288458	34
-0.068726799450725	0.258001274013843	137
0.077005210902808	0.146778342365629	133
0.058704663001332	0.24796095108536	133
-0.051585941866747	0.189260547671236	133
-0.108822201397564	0.203786457464401	133
0.112468363284667	0.536710490115671	133
-0.055018990711534	0.298903895920316	69
0.065511513003784	0.53217042880493	69
0.004051008409521	0.361188571735128	69
-0.057749588857404	0.223337308188386	69
-0.043171227859244	0.228590817659235	69
0.09737917631794	0.619059462132189	69
-0.024183799820778	0.254873041499029	1
-0.05670605506861	0.27606075753553	21
0.057665474581059	0.492501318403304	21
0.114374673299938	0.623859652944562	21
-0.049720964723559	0.325681836014994	21
-0.042819100901295	0.301054028375924	21
-0.042979485539866	0.301354020678089	21
0.00913186440513197	0.444770666080985	21
-0.100122671933212	0.182356267781827	21
0.073885087544605	0.470596182477546	1
0.00216922445713202	0.312363831440121	1
-0.098838715539592	0.15188839569849	1
-0.030688802172485	0.279302279799148	1
0.104003318977382	0.318178141076181	1
0.03516416456525	0.242733802809781	1
-0.040545483954788	0.151688300480381	1
0.039323328748241	0.247041767084048	13
0.020709645782878	0.249757675738932	1
0.000935963880325019	0.25429829997109	1
0.028482811596972	0.361119002100705	1
0.087104128123365	0.443333170091976	1
-0.073561482449323	0.217824186803819	1
-0.10046956246776	0.175982017803892	1
-0.052206915685487	0.192542377929936	1
0.017717411056867	0.246045220238234	1
0.070454624503623	0.145128265678414	1
-0.062449172029309	0.179198783687919	1
-0.00115088539681399	0.220139817973464	1
-0.100890039019836	0.270896118747907	55
-0.072838494877033	0.491857490518826	8
-0.050323587154818	0.190395465951518	8
-0.118023214701473	0.108699581529378	339
0.023193324583643	0.2507421954769	339
0.075424519828119	0.233508084112044	339
0.120995969903584	0.228880219581563	339
0.111165743944523	0.237577451567348	339
-0.122704769404984	0.0889422196855664	339
0.062107420514862	0.492336901993283	44
0.018920677491648	0.318321613353032	8
0.072870242897278	0.32432484754894	8
-0.059447297929721	0.320051687905416	8
0.092061283938875	0.750808730256419	8
-0.085399344287505	0.266879745037515	8
0.038584936439737	0.529645021934273	8
0.037011281277335	0.569987436837235	8
0.085214843069409	0.770480635958016	8
-0.022467051847388	0.414373675058724	8
-0.044410780783519	0.353133260903132	8
0.065536554671162	0.489973837243704	8
-0.006405286738672	0.462198213192884	187
-0.058230311884489	0.153774508982102	187
-0.025457227391239	0.364950839932571	64
0.016476288376588	0.394518983365717	64
-0.04031717764473	0.132051924597812	64
-0.069462710420923	0.172756531670672	187
-0.014954663046392	0.34264134242535	187
-0.105229077837473	0.16636150198956	187
0.00757382652758398	0.415893133611945	34
-0.052164622398427	0.291367165511639	34
0.076702768044186	0.489775897331958	34
-0.104418519586567	0.124065978404196	137
-0.093838036609783	0.18324391181588	137
0.096548439377519	0.23990641019503	133
0.117572761586644	0.401828342913882	133
-0.010657881027278	0.264968146274585	133
-0.056927444972908	0.25122140759101	133
-0.076772011029063	0.227011020033341	133
-0.025151546263681	0.263185849408902	133
-0.116943669892383	0.184052783122412	69
0.018703856821512	0.415569269287519	69
0.016973102906744	0.447576217433492	69
0.034971425200433	0.316616590519233	4
-0.065405528484377	0.264132386790336	69
-0.032258840739348	0.299837905380708	1
-0.120722286120863	0.177456988744736	1
0.095703793392079	0.557176792473734	1
-0.060178435663777	0.230041805675497	1
-0.01358161213803	0.318883927380911	21
-0.045566998570139	0.257928282348387	21
0.034188944682785	0.417520682401038	1
0.091318482554998	0.572874591667732	21
-0.058242425212644	0.280180791458236	21
0.072614214078463	0.539149592737662	21
-0.097215774711617	0.237359336597748	21
0.027923512166243	0.409857449660415	21
-0.080311778791582	0.176380542385206	21
0.061250306548691	0.244004800502986	136
0.073733355031137	0.148163104663706	136
-0.080637684474592	0.207111766159098	1
-0.110655484256841	0.15092387924924	1
0.100520339261753	0.400835760379008	13
-0.048902655222825	0.189072225421478	13
-0.107368573589446	0.163327519041679	1
-0.049501200551288	0.245021538971315	1
0.102151533915919	0.228543943564176	15
0.068807983893987	0.299662375506519	1
0.073199523000644	0.235747659147644	1
-0.097856412913935	0.159005738031804	1
-0.105958734220849	0.161097336677391	1
-0.05749939654695	0.190740571801283	1
-0.019242693983554	0.131069798602658	1
-0.112102691586933	0.333264441159799	8
-0.075993419799303	0.315083681996902	8
0.03973026324106	0.24077992393742	339
0.084746238991684	0.244674390455121	339
-0.042467156895962	0.159651444666372	339
-0.018534808899974	0.282300453307324	44
0.019280506885123	0.247563702576345	44
0.066956078425361	0.508065529295071	8
-0.006609423598677	0.255454940256701	8
0.014371653451091	0.234304381080773	8
-0.11760432408331	0.107488824570835	8
-0.038653096330316	0.436518184313307	8
0.00486651302411101	0.466079121657282	8
0.00473972086493502	0.464389891169553	8
0.049887599384142	0.57144585253919	8
-0.037515559948986	0.40286711693541	8
0.1194886683619	0.90251199740345	8
0.087327770609488	0.45909959416233	64
0.097899336430111	0.479812480873648	187
0.040927644573267	0.311678105721593	187
-0.000519783010701991	0.410678620896792	64
-0.058270232540896	0.203166398759428	64
-0.070847224491054	0.253100545673823	34
0.019156806812601	0.412795407645385	34
-0.039381392887067	0.289268098856308	133
-0.088771493385065	0.203574099259209	133
0.00818930308777699	0.367739918973336	133
-0.054431879593072	0.203987660810521	69
-0.010456646259308	0.357231803804975	69
-0.043914822315319	0.303003077925613	69
-0.060463865125647	0.162415224471028	33
-0.068812542688513	0.239345667268076	33
0.038571640296055	0.438495826973012	1
-0.087030815065563	0.235452914568014	1
-0.019065670076136	0.319419846627296	1
0.049556400744596	0.553979787815023	1
-0.112479774915366	0.191219897436345	1
-0.025606391932027	0.341203872123201	21
0.00328204628905998	0.447507666120462	21
-0.101070158123349	0.19511324902963	21
-0.001848438494258	0.129803698817743	136
-0.100580886956986	0.161332200382746	1
0.121035161660281	0.577186075680763	1
-0.043975571491286	0.219310813214883	1
0.028873997983458	0.233662003640587	1
-0.045683583998395	0.126567219683617	13
-0.032857454379421	0.13660166583874	1
0.00781567699264102	0.226692273197532	1
-0.052327736281121	0.22333533437587	1
-0.109517497049028	0.151482235885409	1
-0.054473803085075	0.176931873732025	1
0.121079245377355	0.459198077157539	1
-0.04619740062485	0.170466481335633	1
0.075908340068979	0.319588081671878	1
-0.009313565046908	0.837591385939439	55
0.00980439394490601	0.976252194491872	55
0.10528985366177	1.38459821474941	55
0.006883301283439	0.701910069074078	55
-0.029741656982209	0.768546872334143	8
-0.059287365563206	0.672560290046686	8
0.011444521382307	1.01182390914035	8
0.124245456251316	1.35432107359333	8
-0.00398579604511201	0.275246673515793	339
-0.024281120998111	0.126386683786504	339
-0.030770848875617	0.127547504879438	44
0.018842153645562	0.232579204043551	44
-0.107659474417983	0.139886355503296	8
-0.053488564703696	0.281410199810749	8
0.074930495424401	0.334136224767938	8
-0.020764103247364	0.276863090350895	8
-0.066804445887998	0.191509402873059	8
-0.077634599162006	0.346321050629538	8
0.00750043282031798	0.503060954753356	8
-0.106372159617092	0.248540427123936	8
-0.099525415799458	0.269773525273131	8
-0.123802307319074	0.209040693185646	8
-0.117309654650563	0.233153578269434	8
0.046561347217069	0.615434471625108	8
-0.089955980895385	0.280443150437953	8
0.073172444386324	0.651136187815398	8
0.042624068776288	0.534023499475305	8
-0.01958954724145	0.425834326365527	8
-0.071234067862111	0.20344449647369	64
-0.072515303664144	0.171114191867529	64
-0.071623277275719	0.311782622809999	64
-0.070369913065613	0.341583714567977	64
0.005427824075039	0.50521199440423	64
-0.070120971385388	0.27878930482271	187
-0.062756455943031	0.206983600214742	34
-0.035530207518398	0.295061182586271	34
-0.045610572001956	0.270877222788675	34
-0.080500486075551	0.197067143659666	137
0.085663312015246	0.534605958801667	137
0.03227041806244	0.314971850572455	137
0.081080227437381	0.408830955874897	133
0.115943214041329	0.556875377176732	133
-0.006445756860395	0.35427976792518	133
-0.099952277861427	0.208923525646284	133
-0.066322981664643	0.28528387080152	133
0.121285615443135	0.686100278110281	69
-0.007164194849618	0.26864613605831	33
0.042810508634194	0.51620610427774	69
-0.037862844515181	0.293956212266602	1
-0.020127247353545	0.345611852795189	1
-0.050620566074114	0.274861251561499	1
-0.112435225562406	0.160958627367993	21
0.052647387905873	0.530523974319623	21
-0.02723875480888	0.27313482292576	21
0.052661563601459	0.240535658828864	136
-0.022857440941711	0.317449354576886	168
-0.045490903755436	0.1411506199867	13
-0.103610849170697	0.139814213277747	13
0.00136756076690903	0.27613645987896	1
-0.092062112255213	0.204696418327146	1
-0.031184770592248	0.295002932878924	1
-0.09848975513833	0.179242760735029	1
0.074856179329237	0.431324700602199	1
0.107979695562063	0.228559557864477	1
0.057022509011053	0.328288108763698	1
-0.067072868529397	0.200280188174748	1
0.06774352159205	0.426737427359459	1
0.124820939622172	0.485043756889014	1
0.037523264450463	0.141243867301638	1
0.064330410858432	0.236273206893814	1
-0.046083764190679	0.167413584862044	1
0.069838428258338	0.317099007196403	1
0.11017304408373	0.517596961528452	1
-0.049149425856574	1.09171687755011	55
-0.070258331393728	0.567015439756833	8
0.00625020470965698	0.852963579278733	8
0.052522168982851	0.226738611533688	339
-0.122740256207649	0.108412021187762	44
0.067497467181439	0.385421335554635	44
0.052826931952159	0.327200805398824	44
0.023762878955054	0.428572013168331	44
-0.118647494209017	0.113649458280961	8
0.04937132223054	0.466407833740956	8
0.018149653653916	0.43405834853034	8
0.08305373425601	0.692790858113509	8
0.123788256528531	0.702878365138392	8
-0.108097145388164	0.211657706972515	8
-0.062596559327759	0.290479003485247	8
-0.105193453067411	0.137342660204535	64
-0.040321737757153	0.145228880794739	64
-0.014546553232868	0.373858434773751	64
0.017008086701842	0.43310601333073	64
-0.078546623011425	0.211761495230903	64
-0.034268002482598	0.277499584837578	64
-0.055098237935419	0.238846978803282	64
0.042298622448609	0.3351041144678	64
0.087923797875952	0.23915176689585	64
0.00402271687487799	0.130625538146	64
0.030267383356434	0.139025894323677	64
-0.055437149593797	0.189381298433611	64
-0.098718511551682	0.18549370749376	34
-0.093032384488994	0.19680581797572	34
0.061802416470569	0.428476663469057	34
-0.037374215351957	0.157942876345594	137
0.115325706198075	0.473675472934099	137
-0.038523300032856	0.267753418484866	137
-0.014915694915869	0.254811750531999	137
-0.028684116892022	0.285590322822528	133
-0.036633498566817	0.318223358555398	133
0.050859316543114	0.487042237157466	133
-0.097972089627958	0.162726940822923	133
-0.001513902397971	0.308555022419843	33
-0.025660166723131	0.299382877674537	33
0.043932320462674	0.417440035494996	33
-0.046367451621502	0.185252790515298	33
-0.054046526915722	0.203209404514775	33
-0.057086988424771	0.241011763675402	1
0.116507183642263	0.507314702598404	1
-0.016868120257785	0.293908968673897	1
0.038059801238772	0.36004008187419	1
0.020806044366958	0.363656381847374	1
-0.00651655522030201	0.358174773349783	21
-0.084919792592919	0.224736593931608	21
-0.036299718521937	0.154929939021014	136
-0.122224295955965	0.0958146598180394	168
-0.052047537434577	0.226505654271309	168
0.101227852197323	0.427879317222647	1
-0.063410709967403	0.259315721019179	1
0.105491084780866	0.382353707567946	1
0.00692794175262601	0.258672442925466	1
-0.100472610852367	0.146937874357235	1
0.099260460744232	0.38806886608999	1
-0.118499187430768	0.109034670381012	1
0.010476933896682	0.275823830640436	1
-0.059402093179988	0.189702580558887	1
0.054717810402601	0.352815958970748	1
0.048603143460979	0.320709454133766	1
-0.041477648305981	0.184675787615963	13
0.00835909324999001	0.251332837953833	1
0.122009841309294	0.419034101464175	1
-0.013776909517779	0.133163701919825	15
0.043813332678947	0.31715685845625	1
-0.10337886735758	1.26311928527419	55
-0.110538828624843	0.934474757768946	55
-0.081509173710431	0.71973076527862	55
-0.073817450300658	0.669492503441908	55
-0.00284619531851901	1.00652593164069	8
0.059407809136631	1.30729293100343	8
-0.066740328422271	0.550401641809783	8
-0.090331054141852	0.405070928850746	8
-0.057092436118456	0.211086471128004	8
0.117162459071803	0.423417529040271	339
-0.049006454962396	0.143461534030225	44
-0.038276198591537	0.303308657822358	44
-0.05589937768216	0.270657421262462	44
0.111477848846836	0.342325056219259	44
0.099948023789571	0.401436217856675	44
-0.00564449366771699	0.251604959470923	8
0.064017854261804	0.472806756358974	8
-0.054103472097294	0.302946807333773	8
-0.103531159489031	0.158695100837024	8
0.00415417578133398	0.262386102389032	8
-0.11197961169106	0.205424800877893	8
-0.104537440183654	0.203697675759395	8
-0.120126291822732	0.165183878394797	8
-0.070002197392561	0.262898630679168	8
-0.107914982099515	0.213446510771095	8
0.056023228243247	0.546078733585375	8
-0.02305495500202	0.364467638708064	8
0.00926134103191301	0.476146550734421	8
0.049442183493409	0.494144463725473	8
0.057482403582082	0.530463231883261	8
-0.103355175172261	0.1639402539017	187
-0.099203142587352	0.179486901282263	187
0.032131121200161	0.393064325647417	64
-0.113225815234567	0.207053514410517	64
-0.105912305493441	0.205376262744164	64
-0.067567483588249	0.232163798111875	64
0.054270068510948	0.504991418867561	34
-0.038843464476903	0.23272226152396	34
-0.00329965019871301	0.361976696546445	34
0.00837429433874498	0.351501182328201	34
-0.045226285291591	0.208278381894306	34
-0.040516701945049	0.213194851182511	34
-0.083686081960825	0.218827455335405	34
-0.062602057690733	0.255603925941448	137
0.104230832232328	0.632028658880639	137
-0.024599732577357	0.319444056199297	137
0.00675868775538502	0.431816635706113	65
0.034069745659281	0.363830018426604	133
-0.010372876349873	0.333687983410585	133
-0.037412237431122	0.245078061299496	133
0.018443155352597	0.348427270092103	33
-0.021942291303653	0.284549753255891	33
-0.063987290992904	0.211890940347508	33
-0.069361491122425	0.23263437255471	33
-0.049507176373524	0.235871748472471	33
-0.097256023321077	0.178282682921994	33
0.00966321924207503	0.367646268551997	4
0.103790447478288	0.51168257450166	4
-0.064868263950876	0.233311869260956	1
-0.108821094762666	0.16534535125167	1
0.045979715343772	0.350430572823995	1
0.121765529445413	0.542146990959348	1
-0.1019060580933	0.179323964981959	1
-0.097866361261325	0.177049692362035	21
-0.100152972803636	0.16562718821232	168
0.123558366198026	0.344139601765504	168
-0.01981985768268	0.26966826105253	1
-0.108668284456008	0.143230097608079	1
0.103950841458773	0.427150493640373	1
-0.102476977027326	0.130857754670752	13
0.00805053839332898	0.262421600537795	1
-0.049626273535148	0.136721698221378	1
-0.060949296562095	0.150231880313906	1
0.062718096533354	0.229243105063383	15
-0.015801587121948	0.254371222896807	1
-0.10236176255653	0.142155115996799	1
-0.058071889390464	0.211534877193767	1
0.054958865583194	0.340916271207563	1
0.048511198760772	0.30552340232936	1
-0.00796574887446599	2.17511629284193	55
-0.072137465346582	1.031274539151	55
0.094303288331544	1.60938791248548	8
-0.030707132998235	0.352520670939551	8
-0.044221304720379	0.253256868344187	8
-0.088875301562924	0.200878521442987	8
0.050360605258668	0.347827412300707	339
-0.106981476037226	0.14429882011207	44
-0.021267576023929	0.370510546478588	44
-0.092079218435798	0.225279367236951	8
0.072076178374628	0.590186198156459	8
-0.00636019816389399	0.397925607241623	8
-0.021302741626929	0.343073936995385	8
0.034747148438074	0.434883831306549	8
-0.1193548812447	0.202027896697961	187
0.094060344130937	0.676273492189835	64
-0.062081225555267	0.189904047726078	64
0.119590645012357	0.50936430858667	64
0.054346559437455	0.449463170257447	64
0.063312265888264	0.477921097908601	64
0.050187563513451	0.472270235962019	64
0.105355321906495	0.610425129845086	64
0.056390055504155	0.34191617301653	64
-0.032471374996185	0.332073200671824	64
0.092999477655228	0.548462685902242	34
-0.021901702317626	0.312395628634166	34
0.022561829986565	0.351634184825529	34
0.088523036489379	0.408861578713436	34
0.074977093419803	0.413466948354201	34
0.07888028856763	0.523074263646893	34
0.016573890299221	0.40907449606314	65
0.011309138874726	0.454904638363594	137
0.03121070543891	0.253005816009553	65
0.015895076493912	0.239170717422819	65
0.058395551125376	0.330368401627065	133
0.076596321222943	0.432517286777232	133
-0.012483837053623	0.28121486025147	133
-0.059536365507669	0.229727977179746	133
0.099979303082491	0.501989787079843	133
-0.046091414792988	0.224379715299464	133
0.081368216261576	0.481607749988149	33
-0.098452055734519	0.217429101517433	33
0.04439686027351	0.346885399673369	1
-0.100729502735542	0.185194352244285	1
-0.001641956904856	0.352211474330745	1
0.03880469811158	0.323988033587945	1
0.013059144570178	0.283022524658562	1
-0.078561713293458	0.220020774294306	1
0.117782619728133	0.505465476916986	1
0.011393073407268	0.366856900299195	21
0.00941323843592901	0.362116714565979	21
0.00865164454713602	0.349279545984951	168
-0.015627630672746	0.279080751254976	168
0.08257567971121	0.418002167720121	1
0.067079787006719	0.321355807234684	1
-0.048851236362928	0.16270257822082	1
-0.06476333248218	0.164557018716073	1
-0.121203959908157	0.0964661240010703	13
-0.010040968770246	0.247769657330963	13
0.071269854724541	0.324618180214813	1
-0.010002598909263	0.26132614507944	1
0.00876523536346602	0.267982123553054	1
0.023182147345955	0.354653132549103	1
-0.019278653371673	0.22919462675183	1
0.031483809832027	0.137630801574509	15
-0.020810483753367	0.277131464496698	1
-0.052570562560533	0.200776439371575	1
-0.017074056480487	0.292629999759342	1
-0.063420313032824	0.158190528976941	335
-0.046175231468945	2.13117417294232	55
0.012249190057105	0.911239116108039	8
-0.115516728325122	0.384554381744592	8
-0.067885922268597	0.390595976137393	8
0.105230033958763	0.681000730909391	8
-0.085891168848775	0.28811796189624	8
0.044364216122884	0.52670411231922	339
-0.039624965633672	0.292544970090852	339
0.070850044656516	0.508152066145079	339
0.027065584475034	0.459725977519842	44
-0.092672037893855	0.225829105559609	44
0.086243446001937	0.683700600852913	44
-0.078110047845726	0.289287760272243	44
-0.099864564882964	0.247407966661869	8
-0.099556782907499	0.189451604010567	8
-0.062621576980543	0.284451078888911	8
-0.097274836910359	0.263757235527898	8
-0.037296378043395	0.371714295013812	8
-0.08993612601476	0.250822841747842	8
0.032849363319499	0.469758875625784	8
-0.068990625938823	0.179820130410091	8
-0.119535498940116	0.110876169524414	8
0.11589694424783	0.405169860521525	8
0.071598666133991	0.334333860209163	8
-0.05416691481019	0.203381701652314	8
0.1176676895699	0.415621061224614	8
0.079597130408788	0.489365264518982	8
0.081592429572572	0.395288060429527	64
-0.018461170921545	0.487291854698237	64
-0.048737078366179	0.358690817680509	64
0.105533564765273	0.719240957945313	64
-0.113396241289962	0.175101190903255	187
0.082662939612681	0.583773865982908	64
-0.065479683930951	0.242752432270353	64
0.029633047091384	0.250416623153835	34
-0.109634921871115	0.144862509745091	34
-0.001178529244209	0.442935349872081	34
-0.050583339883893	0.233506804935222	34
0.115629416744846	0.320406245735907	34
0.098872412268145	0.676355050096119	137
-0.066057471268172	0.210356415823963	65
0.050338187741116	0.336485190124564	65
-0.01826980646622	0.291185246779643	133
0.112093572614571	0.599274161818018	133
0.122019171870816	0.420224465220322	133
-0.048877458073777	0.163561002346538	133
0.058064782455891	0.318407471927379	133
-0.118962008848147	0.102527934810921	133
0.000557830607476995	0.366335965873325	133
-0.066425800885183	0.275857388321319	133
0.101786395316178	0.338643740098762	33
0.095490465859823	0.239433348887202	65
-0.108551451436317	0.126588329770828	4
0.037157284649173	0.238970231187037	1
0.032010648822438	0.247874961529745	1
-0.02542496557594	0.294977726472764	1
0.075352331779266	0.432042912011017	1
0.05611050431645	0.235784099487052	1
-0.040521472429852	0.16796351848789	1
0.034767892775715	0.395929369786934	168
-0.036544475961886	0.15114523680536	168
-0.051568367659581	0.263851271519	168
-0.123467840661178	0.101480412921615	168
0.09843363312394	0.229200856454732	1
-0.059877166846054	0.183351688981978	13
0.086104104716707	0.227896398421484	1
-0.049201300342419	0.137478325332821	13
0.070588573354326	0.328687857531717	13
-0.117004014042549	0.12418141588577	1
-0.057613485243003	0.206863659206242	1
0.053187447197109	0.236848771491859	1
0.067990145567592	0.227819444714489	1
-0.056661235617494	0.221381849102579	1
0.000659218612512003	0.264390687130264	15
0.094107854472508	0.334215616360258	15
0.063213127440335	0.140602346008453	15
0.058220290048301	0.236292432473894	1
0.041209718442683	0.228207750327192	1
-0.118952326403099	0.10813958618599	335
0.029999665361713	1.0620911270607	8
0.00884651582416901	0.920176109495357	8
-0.00581813640263501	0.456430547604717	8
-0.018028421920331	0.291001607896862	8
-0.00243971292975301	0.232328075120022	339
0.013597554956881	0.228483665151328	339
0.060989570326991	0.323764151455494	339
-0.0705011228008	0.237836503196337	44
0.116693605029978	0.768181681856582	44
0.056454937298018	0.33926572326246	8
-0.027757389948621	0.343042468417422	8
0.041080285928656	0.350463534412775	8
-0.02871638410503	0.281587152438759	8
-0.088436137138798	0.193515958070528	8
-0.115095586082779	0.150496156995015	8
-0.028798939831629	0.288370708916519	8
0.016082328397828	0.40785614635736	8
0.010183124646655	0.36620499354605	64
-0.00570822695721601	0.345870412576539	64
0.075265010796919	0.503469303755256	64
-0.105191348408776	0.134274628599585	64
-0.101696216874093	0.158959446358825	64
0.019596353663042	0.342174322393937	64
-0.105038595204615	0.15406794137365	64
-0.066306619776122	0.189508181906296	64
0.031681734144236	0.330857594013057	64
-0.118392362662339	0.122143141870367	64
-0.00484548867724599	0.259641543470155	34
0.051540123061525	0.33523232151662	34
-0.054379239456089	0.201960354386735	34
0.04054975977762	0.336724101919612	34
-0.00352312727932899	0.245536098577776	34
-0.061560603648507	0.213961927350621	34
0.00973192906863502	0.35185172302592	34
-0.01992572018431	0.282894031319751	137
-0.02616322194803	0.295991769168151	137
-0.019504838687594	0.279943501517227	137
0.043032141984634	0.35617884017559	65
-0.064616687898336	0.168772776275971	65
0.08626612937238	0.321587290820381	133
-0.093749366402895	0.167682847328824	133
0.00160660854802303	0.248660202210816	133
0.10271430675323	0.403887630273781	33
-0.002737957303244	0.258329026152082	33
0.052593417618127	0.435032643587133	33
0.037947211835327	0.311697213610801	1
0.03068431643303	0.23995723858438	1
0.045050728092855	0.333318634160715	1
-0.00437770324053099	0.254425000339452	1
0.017711788742654	0.259682607416462	1
-0.00662712535775301	0.245138272367502	1
0.078917446369943	0.397687822504444	1
0.02872617232876	0.235006463258945	1
0.097944345513128	0.326511309498922	1
0.03134932215801	0.338146406475381	1
0.064754677728708	0.330574368558703	168
-0.055248291293527	0.199209594790436	168
-0.054605332538883	0.163025171294861	1
-0.055753019186581	0.175338943516572	1
0.071771616294784	0.329201514899872	13
-0.046588809254901	0.152074656420964	1
-0.043052902228973	0.140498222203821	1
-0.045233344747794	0.144194942641598	1
0.084202769809075	0.307452477433493	1
0.055125975044345	0.240774200962837	1
0.113017351283184	0.241244581466239	1
-0.017007498185701	0.13069114577067	1
-0.02175869776431	0.127939899318741	1
0.032186182261697	0.228751807921626	1
0.122074048483052	0.320491047333211	1
0.082959773398443	0.315845958218105	1
-0.033973442393691	0.142074875146234	1
-0.04035795413696	0.149329586025324	1
-0.011816711139492	0.248770459483976	335
0.01868041853378	0.339930113702719	339
0.091749452918268	0.504031733620432	44
-0.05372943367617	0.239510336026797	44
0.048994432237049	0.466820029777213	44
-0.085892152027141	0.28746781680375	44
-0.080934324391575	0.235321471644529	8
0.043318626056973	0.411491700292132	8
0.07989864678858	0.611464939260811	8
0.113124898329196	0.588693685629057	8
0.054069968868582	0.423563494656993	8
0.051191627320122	0.453556267590777	8
-0.00445671855378399	0.358605482194464	8
-0.051852037664197	0.237307413265292	8
0.016689904109279	0.364508519245202	8
0.07377130593158	0.496296796401852	8
0.071850755364386	0.52875395865069	8
0.035528811588115	0.370905388473051	8
-0.103232882312529	0.189148859415786	8
-0.034365221762691	0.304971392515961	8
-0.051150765393947	0.270201716245228	8
0.08115858753419	0.456242813725023	187
-0.082767890565103	0.23406262259054	64
-0.02983237549604	0.332419994093054	64
-0.081827844701041	0.252782575018908	64
-0.066905039740231	0.276169135754991	64
-0.110787109120602	0.15275730499712	64
0.112150485625199	0.558298262119888	64
-0.084233369970321	0.190520739206929	64
0.107761512025158	0.480083619125459	64
0.115047104145098	0.499677774194637	64
0.092143417814024	0.500110706503544	64
-0.080535471615903	0.181787755391924	187
-0.039416110145513	0.260335318060987	34
0.110903543850584	0.588770473113431	34
-0.059942053516252	0.198349624068856	34
0.110767591142602	0.390873016755891	34
0.033936991407217	0.340492952121576	34
0.046370993972727	0.325253102860547	34
0.1183272048731	0.407044925333737	34
-0.123495867010859	0.169667856502919	65
0.018749015793547	0.368429889083212	65
-0.097758483050719	0.211362609773143	137
-0.059596281514109	0.154873337215217	65
-0.047422415174474	0.230439843597368	133
0.0133775195026	0.288792957195458	133
-0.050655707115459	0.206524705155209	133
-0.106296634791881	0.137715969633124	133
-0.05806472952521	0.205060951214196	133
0.046504666285414	0.315003343201026	33
0.062171799619093	0.398962899542087	1
0.109506739509423	0.430511508467558	1
-0.11585104500105	0.145720114786456	1
-0.121597045024319	0.138905539167712	1
0.034162678651036	0.32669681876842	1
0.121846875110325	0.516234038213684	1
-0.002964120333667	0.275654538970933	1
-0.042621282681926	0.183941764789558	1
-0.068084184901968	0.177232644597817	1
-0.05277207869021	0.196240242681929	1
-0.01484481265397	0.287489285559755	1
-0.061475778136394	0.174807844579699	1
0.111154571449109	0.427504307677094	1
-0.000338807441951	0.262977329769916	1
-0.116951094193802	0.131456307635971	1
0.045208957622732	0.325147332294952	1
0.121814909870881	0.378400409248296	1
-0.054462596029176	0.18307103492646	168
0.022713056290491	0.246022151316106	168
-0.106639573084313	0.123104186409758	168
-0.123598762484275	0.100040386477766	1
-0.043522677433326	0.148956450003709	1
0.064123401378989	0.237179446551952	1
-0.039904224975757	0.163186018598955	13
0.018634359979543	0.265558362189638	13
-0.113769374787505	0.137084711039781	13
-0.058603488872866	0.181901652620141	13
-0.120180687720681	0.10476457097648	1
-0.05819660188389	0.176028437233069	1
-0.053161979734325	0.150917045273473	1
0.096222844718782	0.387111885840407	1
0.00593156597578498	0.241649078511719	1
-0.010575945522271	0.244907874219156	1
0.069145427014069	0.320256312333162	1
0.084546173003289	0.329302817650746	1
-0.052886933170893	0.133170029676255	1
-0.028423235058206	0.132215665595842	15
-0.038222250532488	0.12441620518117	15
-0.108413365249012	0.110795546284792	1
0.088190016593956	0.233979844260902	1
-0.044727280669993	0.14641343346204	1
-0.084251198987921	0.299781651893567	339
0.059899169676917	0.788390882139871	339
0.027804949911638	0.477088789356817	339
-0.068303154287499	0.262784768637083	339
0.074003468102516	0.408207070065538	339
-0.11203813238926	0.13304483096744	339
-0.012446162252148	0.291864854977723	339
0.011144103790322	0.356562382106956	44
0.072952211194799	0.581829165616802	44
-0.074699865726276	0.298765318897292	44
0.108006436119169	0.553650792779577	44
-0.093425178455213	0.222011124556184	8
0.037667019066459	0.425094269404836	8
-0.071667922022454	0.245507665434356	8
-0.023770877632701	0.340396729373027	8
0.114244951673317	0.649916042960067	8
-0.105580480439488	0.138364503973191	8
-0.0111646394672	0.29941994129743	8
0.089746988841232	0.428468207394172	8
0.110159302937865	0.532484336896345	8
0.043982417771412	0.356022740889035	8
0.084179813821985	0.427732407076492	8
-0.013712483054441	0.379932653582054	64
-0.108600618151413	0.179646335753783	64
0.082577839929165	0.473163546985918	64
-0.020845929614237	0.293010291793953	64
0.005050220154456	0.257676127839506	64
0.024377959989634	0.312858772539586	64
0.076855815676402	0.405013827571118	187
-0.070821416885706	0.260863147935077	187
-0.00486909964566001	0.246271333439126	64
0.064496795289262	0.345097665989796	34
0.07691239984468	0.446213283884883	34
-0.051683283508888	0.1780656089873	34
-0.097547791947153	0.159012164007616	34
0.075470622197453	0.413997047748863	34
0.109874920597346	0.380989476272232	34
-0.054299105390676	0.178375387638193	65
0.096907715677904	0.627471578905005	137
-0.103313202828798	0.164244075232513	137
-0.103756805339238	0.180599982109983	137
-0.107969917618828	0.136435430607018	133
-0.120858872541335	0.113039743187694	133
0.08275100332528	0.3185018252982	133
0.069357358810707	0.32973750359247	69
-0.120799424828929	0.122411789535633	133
-0.09753062590591	0.167820775154339	133
0.00471702483822001	0.275322803682332	133
0.076345405940391	0.32544371050205	65
-0.016058354533641	0.270532218412283	33
-0.070650149891972	0.24548057206507	4
-0.003950087366382	0.231196577066974	1
0.077100389736806	0.349184064046287	1
-0.061379723774264	0.154650398824237	1
-0.00476557064135599	0.275432820906893	1
-0.046062470867817	0.151303573832782	1
-0.069666136953297	0.182497724682131	1
-0.00460426928673399	0.297586184331139	1
-0.053807054352895	0.155785171566218	1
-0.111752721683547	0.119590896080955	1
-0.051447515977163	0.221503493051674	168
0.119424970660737	0.324934499590325	1
-0.026625083664307	0.162793449233012	1
0.012380599679364	0.249208091254343	1
0.084875838103563	0.241300962097482	1
-0.108761251993778	0.112241184541926	13
0.081547966447089	0.325742807694575	1
-0.09771065622093	0.145744360136725	1
-0.043521884042559	0.131887515682255	16
0.074019822069317	0.294882592444493	1
-0.114733000294971	0.120982959787051	1
0.042488171945904	0.238331837902509	1
0.014226728372175	0.262905603480398	15
0.065162245775581	0.331894970510257	1
-0.101387298981482	0.141761262262741	1
0.017653081990202	0.224504889234282	1
0.002101759300426	0.248943966950614	1
0.000950140220322027	0.25171941199274	1
0.118332399947741	1.40723549048366	8
-0.104855200357142	0.438486478482643	8
-0.015381861873026	0.661031948072362	339
-0.047452862521485	0.526956137240881	339
-0.010674273421138	0.585414682292073	339
-0.040796561044228	0.371486366846145	339
0.071540741861355	0.713006428210336	339
0.122220049821424	0.708731953775351	339
0.028553930376224	0.518552291913025	339
0.061026807902831	0.59280361693705	339
-0.03369939432307	0.374112783664788	339
-0.080104376732111	0.241190060597841	339
0.117590826902587	0.615612975071111	44
0.121369763917605	0.668544954953342	44
-0.00935101444882	0.380192455017358	44
-0.109439875177089	0.191493122727664	8
0.070089441602845	0.565757590528007	8
-0.11556377890108	0.221467036585356	8
-0.073655603808917	0.282591179028142	8
0.078401050902862	0.575792770600899	8
-0.122006446784549	0.1337210899466	8
-0.059896947539713	0.208039104818678	8
0.104266488094181	0.419210358011074	8
-0.04515746621746	0.285575719227893	8
-0.112798099565627	0.159251082076164	8
-0.123007094775307	0.187176102915737	64
-0.061553553004669	0.29088104793838	64
0.063906499331507	0.598443090413837	64
-0.101853768510053	0.180777708639097	64
-0.053953063455379	0.173173574739937	64
-0.061225690063017	0.183848087895317	64
0.062138415977487	0.303845938016706	64
-0.00922959219278699	0.399315633455257	187
-0.016502294681921	0.378258838879361	187
0.075933595675704	0.513051579303479	64
-0.111578780349324	0.206566430752111	187
-0.060208972354697	0.207110580505558	187
-0.045768974556418	0.1877433751184	34
0.013936980387988	0.24789858426545	34
0.066817589656787	0.352735413039973	34
0.006897487629134	0.421179832287149	34
-0.006823045688679	0.359365833676212	34
-0.06344587727764	0.190618646022547	34
0.107475359134635	0.395609977923218	34
0.086617296651372	0.418239158628436	65
0.031821082621675	0.519354723390017	137
-0.00748036961037701	0.283034916138538	65
0.00187127090879702	0.294163307922404	65
-0.014103477378982	0.278195229852219	65
-0.083461238140807	0.226111330966089	65
-0.113749509430794	0.145447061223748	65
0.103378819856264	0.310738783502108	133
-0.059823674462887	0.285270438988368	133
-0.056173029804227	0.170882163921668	133
0.080837585562687	0.235906264537765	133
-0.043071567473509	0.181059356522612	33
0.000868499664505973	0.252137309291037	4
-0.052107522409241	0.17125689161318	1
0.095994471402421	0.321516743742553	1
0.068236961283375	0.325114999205244	1
-0.110251897113068	0.117148576147329	1
-0.124455296834842	0.105561610264092	1
0.068072567042156	0.46589175242462	1
0.100697619998035	0.329674613821685	1
0.027516245231227	0.24433319785089	1
-0.123437414753196	0.101687907092694	1
0.058119687187128	0.231376805403498	1
-0.044112313971973	0.16082972954727	1
-0.012484889825108	0.248027569099719	1
-0.087724935483754	0.223934883978094	1
-0.116488854500088	0.119663373445336	1
-0.124279012808461	0.1036660625444	1
-0.120416339129548	0.114437877071883	1
0.057178380733827	0.240828011981194	1
0.063348950786575	0.33489188513391	1
-0.002830600218655	0.246898325665188	1
-0.042036866139366	0.168343347189887	1
0.101030878165233	0.304578861245136	1
-0.044773427568432	0.152092263057321	1
-0.040287291088553	0.134734958134296	1
-0.105579201648993	0.120702437341232	1
0.065573612180516	0.317430322196997	16
0.00840995711421599	0.234706643326057	16
0.094078158113495	0.55315846921107	1
-0.040324584254572	0.137724130619059	1
0.033052323852234	0.36864107565297	1
-0.00343607223817	0.235067446505082	1
0.112364549722862	0.386518125827333	1
-0.053153437635003	0.192708047041116	79
-0.112807262231199	0.134827010492025	1
-0.003290969248609	0.297942550019335	1
0.11333801950521	0.415040651579666	1
-0.00354109484405399	1.41297329748766	8
0.085228693721756	2.1429298432939	8
-0.055773675563515	0.345857646578484	339
-0.108238070525393	0.216016155190016	8
-0.108976228044784	0.168072470076695	8
0.049901630089603	0.517409113324403	339
0.00577309461452102	0.263230058844604	44
0.072717476394983	0.556278489638025	44
-0.12312495810146	0.191083744666997	44
-0.059555916199347	0.188561467099171	44
0.011378919454266	0.465968422244338	8
0.030863589196161	0.463095415375721	8
-0.109365138097327	0.1879256587012	8
-0.117866353987354	0.19687741593156	8
0.09969743818817	0.591755475357872	8
-0.111585032620737	0.159255615154942	8
0.00234046672131799	0.359764762002804	8
0.090524007980314	0.579073998551372	8
0.099750548695865	0.526739156941614	64
-0.11720015239944	0.195239535511326	64
0.111278236534707	0.571719065512943	64
-0.00713194880711199	0.3505984228448	64
0.05410749305579	0.449419974469918	187
0.069418031854335	0.428259644729978	187
-0.094623093387296	0.189234893780607	187
-0.026502979514577	0.291820055933902	187
-0.098722651763086	0.189891423430562	187
0.106614755681571	0.500123714493993	34
-0.060911301898695	0.220844286501002	34
0.096122746084662	0.551042694440266	34
-0.121838436505306	0.142422156077817	87
0.116680283711354	0.472891337231428	65
-0.067070832039558	0.239431286893996	65
0.00482008796474798	0.37507191268437	65
0.073752027126434	0.537879408910422	137
0.072135072672185	0.230984074877659	65
-0.115651493012801	0.135015509770368	133
-0.094196095656464	0.181181700867116	133
0.067637193037077	0.448707876331718	133
-0.042020454944977	0.246840386408101	133
-0.064857946801258	0.201157609177765	1
-0.059618747950809	0.19501385356141	1
-0.069203406975849	0.199041297786479	1
0.098725709321225	0.413634744367721	1
-0.094482735122899	0.171415157117854	1
0.042192284405598	0.331240088907302	1
-0.112422703031935	0.141620784692712	1
-0.097549276329835	0.159645338038627	1
-0.117448697568171	0.123383133236661	1
-0.097222583409859	0.158037316533239	1
-0.00557799958561001	0.230782191230128	168
-0.039501269975523	0.228896262768399	1
0.00591458104356302	0.343144827275886	1
0.110754455594294	0.404224947062366	1
0.016082177296341	0.246248372647312	1
0.000686775737124001	0.274631524202217	1
0.115720876331595	0.335891946048958	1
-0.106011805587049	0.128921056148715	1
0.107663387171803	0.402738754398847	1
-0.043889525652413	0.158497565980064	1
-0.053011448462845	0.164983848582711	1
0.072570055964679	0.323088215518966	1
0.003116574682967	0.248560594900495	1
-0.052266835652069	0.156543346254103	1
0.053695482506772	0.246908764475716	1
-0.100414000954365	0.149783150032433	1
-0.045927814623329	0.151589904434611	16
-0.056828134022035	0.178140985116501	1
-0.050396299963927	0.168790716990459	1
-0.045343423854351	0.199782553737584	1
0.022093534866287	0.237904022666947	1
0.026191506617826	0.258329637186352	1
-0.031646353559738	0.118736934397499	79
-0.10269253051335	0.158220426688933	1
0.055407151010386	0.326458278885769	1
0.076276688483768	0.498625701761959	339
-0.023276393529232	0.319829130885587	339
0.00930921696728299	0.488779611456605	339
0.040770828950604	0.329658347383526	339
0.059146983709295	0.600427103348747	339
-0.055800837973425	0.21723259170309	339
0.00453067160842102	0.246588230318248	339
-0.054123078753894	0.227589787046271	339
0.070825812025448	0.561790684704396	44
-0.091963620553557	0.188370051805142	8
0.090879510028172	0.610143712592069	8
-0.012128569215726	0.407375134515304	8
-0.021213778487056	0.421951538328068	8
-0.026631606805315	0.296581353664732	8
0.10095924575868	0.419540930205191	64
-0.03619279185542	0.248914943841153	187
0.016335659000286	0.230432216549516	187
-0.031307184116016	0.157906492539812	187
-0.06185908726177	0.25915551992644	34
-0.058807463858472	0.198770356209089	34
-0.091240451384452	0.174735449074553	87
-0.038995810532757	0.275320212289594	65
-0.045630696926115	0.295832311190522	65
0.02732370019852	0.368007575405928	137
0.078219068963268	0.488632183499163	137
0.10504361660034	0.516232332504854	137
-0.044024558943202	0.191046351603712	133
-0.027520464933722	0.269070816580456	133
0.049019999609975	0.415311221609059	133
-0.050941881940326	0.23655176473574	133
-0.017142387072958	0.281606996143184	133
-0.090593578867907	0.205183353518627	65
0.042032605675442	0.349932066032586	65
0.044527534375761	0.358473179868893	33
-0.086725664724288	0.188821289578306	1
0.018994055897424	0.326063032695213	1
0.048585951464506	0.34551685018091	1
0.124777888209433	0.566880247061823	1
-0.042150318157342	0.298711123338933	1
0.086228984163905	0.468016900840065	1
-0.017648698596057	0.233874953461933	1
-0.020025214948006	0.257007377572646	1
-0.09296224213202	0.17478152663247	168
-0.06195448885644	0.248668563268952	1
-0.060478598921842	0.211528331848555	1
0.000574878529875977	0.263760820288506	1
-0.029946533045309	0.121373550623987	1
-0.109765708797286	0.141101380293899	1
0.105708920044826	0.392790668845533	1
0.074280146836523	0.323684022124564	1
-0.053696772266287	0.166158465467729	1
0.013084611433181	0.254663331034861	1
0.099999974889902	0.407527606294939	1
-0.060722900748127	0.174172638815743	16
0.016567414346661	0.239580979870127	16
0.073329651851652	0.235693442783374	1
-0.018480915989868	0.132039685930643	79
-0.118639148994008	0.127117537887985	1
0.015010971999018	0.509672034831161	339
0.078363679841161	0.436392518927295	339
-0.044508800759631	0.127598110092834	339
-0.051532525310915	0.173917585542214	44
-0.070867048967022	0.203723325340879	44
0.011518042149605	0.357702377865656	8
0.041586422592146	0.51608654005317	8
-0.107152072850917	0.16807485062233	8
-0.111206459214886	0.228731878106161	8
-0.04041668183375	0.272700637202191	8
0.039640093224818	0.35633282817683	64
-0.106505181128764	0.164440301680036	64
0.021335783296507	0.424449052404104	64
-0.095109545612648	0.216779183978573	64
0.076750697884695	0.559265684357482	187
-0.068535740912732	0.17829295398376	187
-0.08156436843	0.222731599960353	187
-0.004348502269411	0.121169635984082	187
-0.022774729530319	0.133502978495694	187
-0.068117803827642	0.229757773189092	34
0.047722705091318	0.33206729714733	34
0.069940010380049	0.562887269434844	34
0.00230540120170603	0.381270547627822	34
-0.061734944694558	0.223352499730396	65
0.112874861579094	0.757319833718358	65
-0.046702483685181	0.298659283958085	65
0.00158758988305102	0.38011169065696	65
0.09164415406123	0.434244276216973	137
0.026045882106363	0.411333433334886	65
0.119076804715898	0.579026745809955	133
-0.120299932423355	0.163720488429327	65
-0.049632587826428	0.268467779293079	65
-0.00840486459654599	0.336647134303735	33
0.111010691732074	0.599507328437474	1
-0.056570279404313	0.24535096732195	1
0.072406174672317	0.540862856402364	1
-0.061249762074814	0.24859383250107	1
-0.080572866781834	0.262735706515195	4
0.057296224181094	0.534084193463447	1
0.03980256474029	0.347641073642972	1
0.004524272990032	0.355182738487584	1
-0.030974420721414	0.283008674347349	1
-0.109140193666416	0.138130755300273	1
0.010993584490123	0.24080520744499	16
-0.11883203985912	0.123850145996189	16
-0.121161628050142	0.117422860554487	16
-0.016984795336267	0.131368932522233	1
0.070454624503623	0.145128265678414	79
0.105333690075817	0.315800767059075	15
-0.057364114730979	0.159074807560629	15
-0.027561557556093	0.122861353436497	1
-0.105779093676529	0.193513167221561	1
0.037804900977921	0.607151091814811	339
-0.115968248927951	0.178834723717726	339
0.08450987986678	0.533934019692437	339
0.056088259448887	0.241082247558842	339
-0.034928070478796	0.128281056475394	8
-0.119294502585971	0.10235658915427	8
-0.099142839377112	0.23423282030497	44
-0.116211266793908	0.153046099385509	44
0.00496558929542801	0.445521205488046	44
-0.029331899640873	0.287073045235197	8
-0.071538815610892	0.236748863823969	8
-0.049163858668243	0.315235250703784	8
0.00449343752504699	0.349395324889348	8
-0.030671145859327	0.347120437480397	8
-0.036088810447979	0.296868994280544	8
0.056369792472815	0.663432257844263	8
-0.110314352596208	0.264132229028501	8
-0.010850336160606	0.404493715966224	8
-0.045490270294894	0.362128542980124	8
-0.024922784320982	0.390012197738388	8
0.046007648258823	0.611180025170642	8
-0.060135327976234	0.282251803004196	8
0.042439377279286	0.561858408147267	8
0.090521567300109	0.478986161978442	64
-0.014313962539445	0.346187353628217	187
-0.099300358913432	0.165292353938303	187
0.072651077719167	0.509433678913475	34
-0.074319818271792	0.262301063725948	34
0.015974180974926	0.364790331871748	34
-0.124188011287215	0.152616032782401	87
0.00948836562796101	0.257659451814167	34
0.05494782334833	0.502999017269183	65
-0.03963390928084	0.315635069596423	65
0.091362773323357	0.484118897376109	137
-0.039267435686296	0.138666808689932	65
-0.034430960113293	0.161826898131361	65
-0.106488654845436	0.147721684969297	65
-0.117822369978353	0.173141239252249	65
-0.080228389745328	0.245692367978633	65
0.007485167191429	0.261040524218314	33
-0.041693514784012	0.318435735666721	1
0.080854455777015	0.590628332142457	1
-0.105336737933408	0.1755900621009	1
-0.033478511539332	0.335899035854726	1
-0.00260093230875799	0.277626847073933	4
0.033445304176429	0.400241999048683	1
-0.109346636416475	0.147396763555681	1
-0.067844843539982	0.286310233193103	1
0.083134519237731	0.485659041916006	1
0.109255917377416	0.324721184410732	1
0.081579415306746	0.546660383225115	1
0.1212721358273	0.606095473752186	1
0.080706068140078	0.229829608077714	1
-0.066804884644669	0.238474120380867	1
0.030582721639374	0.384856587427418	1
0.054775213094584	0.418629775958355	1
-0.095174746869126	0.175631554874336	1
-0.097906440582818	0.156022981598691	1
-0.058729924932858	0.175468889111189	1
0.098009231303365	0.411330457575358	1
-0.098418350643979	0.151894074597031	13
-0.103554891834688	0.155030806848795	13
-0.101316301717892	0.152658864901718	1
-0.064369074084898	0.206650710467995	16
-0.045568916614182	0.12693950987742	16
0.026264456193589	0.237418030432538	16
-0.017174747460663	0.305091395283004	16
0.10819539108715	0.335139973509492	1
0.092828340360932	0.222308366290671	1
-0.120596477533193	0.133295003687648	1
-0.101406282290199	0.167801645859483	335
-0.117138778836044	0.233420891597498	339
0.115978440250866	0.561182196941322	339
0.089430252089433	0.735857962553617	339
0.031857669909248	0.412584077493621	339
-0.062726798541744	0.150964838195872	339
0.104530779932582	0.528021392322369	44
-0.095928120978807	0.243370860354723	44
-0.038886602953131	0.304140878184802	8
-0.115210832931101	0.243090632509089	8
0.00752872338016097	0.447402296180176	8
0.033458559490236	0.46216579811394	8
-0.113736005667124	0.201471452477594	8
-0.100232626146703	0.190934549760049	8
-0.094178138128669	0.210817408960561	8
-0.00248307802193601	0.365914134669029	8
-0.064311993193747	0.307622356646642	8
0.11650260378345	0.715085616336947	8
-0.03926523809967	0.303815882583975	8
0.023398588410363	0.440638835418986	8
-0.00932085955388701	0.341154864997165	64
-0.101437920809852	0.215612798977324	64
-0.100182118770901	0.230796690914086	64
-0.010688982704788	0.349187780649918	187
0.086801385856221	0.242773778056545	187
-0.109395144488259	0.180175598914867	34
-0.078803218376143	0.197085308198588	34
0.00143012944848497	0.304946128841006	34
-0.039727944454727	0.361681402315825	65
-0.039259655394907	0.298013071429561	137
-0.116632664969061	0.11019574242916	137
0.114392370075839	0.220175627882697	137
0.06542867067027	0.425117638846264	65
-0.045043216899401	0.237057029578973	65
-0.096347216394433	0.162360639755088	65
0.034711289799997	0.359791098581705	33
-0.046671113233504	0.224466812320275	1
-0.055061484222671	0.19158078792726	1
-0.021910438818287	0.304088718805486	1
0.026740447458799	0.31106241324086	1
-0.054468627748465	0.163195898673843	1
-0.052047288924535	0.190337685082856	1
-0.1050833979852	0.133031098054511	1
-0.061827130813658	0.183409741384753	1
-0.118111150698481	0.115097186157259	1
-0.058289891995938	0.172352530913533	13
-0.067129942067103	0.154508944896571	13
0.045676913601435	0.312595658218555	1
0.072791012362433	0.41968611025118	16
0.093236452140529	0.319257821959827	1
-0.000365766237016008	0.24123848941241	1
0.121916878715969	0.149756689210615	1
0.067564020229313	0.14239662173419	1
-0.114267432061716	0.12774355939684	1
-0.038287213022968	0.12994061434394	15
-0.035002409753962	0.142094849785978	15
0.00423039455608798	0.253542595589888	1
0.016407281475917	1.33453605904497	339
0.007095819007925	0.802053443967921	339
0.08848015772485	1.02425356702377	339
-0.090090597292074	0.299743991395457	8
-0.073232976438836	0.193207591059849	8
-0.023083891927887	0.32180085196478	8
-0.036710232397446	0.339864906751301	8
-0.036939756597019	0.327201076674258	8
0.017459026395785	0.353352406040697	8
0.098199721370556	1.08263329279898	8
0.104610623552307	0.76399660947534	8
-0.015408912904239	0.430248453638299	8
-0.094915190667161	0.267763636513941	8
-0.116895743327631	0.232858985552384	8
-0.047585962319462	0.359834912531476	8
0.049850948065922	0.634546225556535	8
0.045967947089848	0.61088249485908	8
-0.00806794778424899	0.381616233785043	8
0.121142398242595	0.429595453722666	8
-0.015420575935218	0.284514582438634	8
-0.067892838770888	0.204117189627078	8
0.068172561903583	0.433580690037669	8
0.046908575005753	0.398749940720087	8
0.110506984462608	0.547598793722542	8
-0.089403847870981	0.16842371397575	8
-0.022535976808701	0.259599455787388	187
-0.10512756254766	0.135438122660142	187
0.005097149969228	0.347407060366608	187
-0.100064993165414	0.208417632470449	187
-0.08664370208221	0.187591452930051	34
0.083995416695183	0.490256092484826	34
0.011331510497548	0.284291628636865	34
-0.122977565621665	0.11062590654587	87
0.00183206189364299	0.257333097860619	34
-0.123589261428722	0.157866472523481	65
-0.102207244882939	0.187023671343819	137
0.121822753080221	0.398345024547166	65
0.037196985791568	0.246707136031339	65
0.095571270820641	0.497131417202787	33
-0.104482656210569	0.142765089249919	33
-0.052286035757785	0.160353350001098	1
-0.111928946893039	0.110727952249155	1
0.061023454289885	0.311735433819454	1
-0.050164599767948	0.154263579836515	1
-0.112422703031935	0.141620784692712	1
-0.106736638749344	0.137014879822757	1
0.059419967247279	0.296943407655077	1
-0.038316232449017	0.145219135323244	1
0.021618865897554	0.230461955924592	1
0.107804602397971	0.323865739353314	1
0.064123401378989	0.237179446551952	1
-0.119108053418992	0.102119302856879	16
-0.05291098728497	0.168582537449215	16
-0.042439215916485	0.131235625172186	16
-0.122070697402764	0.14279146608307	16
0.025761823514987	0.343461884561615	16
0.084879542839406	0.24132271590694	16
-0.018175350854783	0.248609555699354	1
0.070127482927554	0.316969552838978	1
0.062824565657597	0.381916629318855	1
0.095886685115535	0.435497537375087	1
0.106702175174731	0.33212586266697	15
0.083554518223243	0.327232026717312	15
0.050747528690839	0.229208439799415	79
-0.038732562119852	0.154795852014147	79
-0.054476788943725	0.168891996379067	1
0.117755985844474	0.327746052687105	1
0.055046527880956	0.397992889816816	335
-0.034144848318685	0.279679378149237	335
0.076070041238786	0.442459572265277	335
-0.05712158213186	0.573746137574844	8
0.061263609724053	1.04592064352298	8
0.023940583476777	0.714425948341757	8
-0.034648573270017	0.470966705292829	8
-0.072604059922508	0.358033851541104	8
0.038863143129667	0.710379412267677	44
0.046378145619204	0.45552761976135	8
0.00615699316658003	0.354446589720443	8
0.059609465053681	0.782211232043677	8
-0.049536329362994	0.230879441997355	8
-0.019568392130412	0.128875224749963	8
0.06118815908534	0.243202059671264	8
0.091223405184149	0.240371620147525	8
-0.029785537421814	0.130214578053166	8
0.084998968149655	0.237726122574928	8
-0.027194055605912	0.124685675900938	8
-0.025509563234693	0.139180540564083	8
-0.042557499897268	0.128273534551915	8
-0.034039109836423	0.14437877806347	8
-0.04655113016817	0.363048812909832	187
0.030997845222394	0.139364591079215	187
-0.031433619959897	0.118492101923379	187
-0.062342024212201	0.218375712942492	187
-0.081948679956913	0.219235278616284	187
-0.008755196576864	0.356202448103912	187
-0.053440962983793	0.221017181082452	187
-0.045938336656341	0.144750897804933	34
-0.037293825164371	0.134585764441771	34
-0.00411063483219501	0.128521973303174	34
0.078508680167647	0.236446681171954	65
-0.124720150455499	0.11310527102915	65
-0.068177755213988	0.265051926902117	65
-0.061595948324203	0.334059921845067	137
-0.105410590359694	0.158122951355058	65
0.00835504023081302	0.268831259294418	33
0.066116077948918	0.23825907705241	1
0.015498562963988	0.236857675437844	33
0.08600607083773	0.236141112140939	33
-0.033979445459232	0.126725507390061	1
-0.04451104810566	0.128345245330295	1
-0.111403879195305	0.109830572727905	1
-0.124372282336628	0.112594590468541	1
0.123203171169349	0.1531233238139	13
0.082822745648505	0.239237483398595	1
-0.06717669354749	0.172351325393432	1
0.05895639173816	0.246022905209262	1
-0.108975756896951	0.150987756632374	16
-0.11940547436968	0.131188174668871	16
-0.055579192488436	0.159111355790199	15
-0.031118368040833	0.155926037766913	335
-0.000303301833525005	0.979413048500566	8
-0.094239085414818	0.490230071722825	8
-0.025946093616986	0.758656223815949	8
-0.051877082821016	0.506143888213409	8
-0.118374499721137	0.269754900240267	44
-0.10393638178662	0.123316727366762	8
0.119117283717899	0.397347935133124	8
0.10003895172791	0.556572958109795	8
-0.030155206408241	0.428621632252744	8
-0.113810711375246	0.114184146177763	8
0.046792614121988	0.513560369387633	8
-0.005287792981053	0.21850670072512	8
0.089285157422254	0.384970835668282	64
0.029909115873157	0.134283526450905	64
0.00702815254126199	0.135379726894383	187
-0.014847660385162	0.130438563198496	187
-0.114270681806441	0.194445821586414	187
-0.111366393792235	0.233344377906365	187
0.037400213604655	0.140803562791072	34
-0.0240046014767	0.296984456376585	34
-0.00315341384318199	0.257962276608901	34
-0.055969533168336	0.15975450569706	34
-0.020175363177566	0.130927719451293	34
-0.123761055218077	0.216848657737491	65
-0.019413416002988	0.131077690495405	65
-0.109612140012182	0.152377970861453	65
-0.056788393219873	0.175137938479078	65
-0.027718493371723	0.30561612520205	65
-0.123625584321906	0.137921823410568	65
0.02933751426714	0.246149879690238	65
0.036414957144642	0.248073493777356	65
-0.011843792471384	0.132498260469369	33
-0.115625841929407	0.11709832716448	1
-0.090574746644618	0.166000906688969	1
-0.00680999757801801	0.123341789810339	1
-0.055849304945375	0.175847232923507	1
0.068180756775439	0.141847479642886	13
0.122442585051244	0.152049943096437	13
-0.044903293912992	0.157794062430805	1
0.063199655770342	0.419352122209217	16
0.114905348511832	0.231328495153721	16
-0.041354031811023	0.221040119611814	16
0.090053303007184	0.313133070502965	16
0.011362171890866	0.336363989385314	1
0.109499380428887	0.77878164318795	15
0.02713908047046	0.135349500020507	15
0.0810140618668	0.578761041130863	335
-0.104796413671799	1.22689781675969	8
-0.073265643167238	0.626676769723767	8
-0.116066463044413	0.528784489293352	8
-0.104883821068845	0.429576779285458	8
0.041506546679826	1.19171006557735	8
-0.09949400648194	0.446531370877761	8
0.012050276089663	1.03975627218388	8
0.010104437872053	0.59031058970822	8
-0.014373485783718	0.502306310000896	8
0.019830006290236	0.653728749798683	8
-0.05067337893879	0.201912265331422	8
0.036449587180804	0.403692328454024	8
0.021025141899306	0.386744814528415	8
0.039512197116676	0.332677771517631	8
0.047567668386833	0.94569123906243	8
-0.00231458845849	0.235564817096983	8
-0.053745374591131	0.292979054135353	8
-0.078651973145445	0.256339672350821	8
0.093625215066735	0.886188140086319	8
-0.102209303935541	0.371844414870683	8
0.076197826202769	0.146205287855277	8
-0.056217569098874	0.397030754848594	8
-0.068111500463232	0.283822341648967	8
0.028241714746754	0.521067937338823	64
0.029692869066565	0.245044788228037	64
0.072286443665804	0.143192219958121	64
-0.018480915989868	0.132039685930643	64
0.072904477703496	0.147034585169118	187
0.049744269346125	0.424526458194066	187
0.012365385920224	0.251569603473793	187
0.118882204641934	0.33568691549946	187
-0.092833319862094	0.169997300498002	187
0.026962467970302	0.483492899335265	187
0.067748740547663	0.329708066444975	187
0.010701371250409	0.258951793113354	187
0.107167504815158	0.394469603108356	34
0.024351464918728	0.133621055296858	34
-0.049145157791133	0.17431044181399	65
-0.010923544545556	0.33667193144134	65
0.01581566252138	0.257502491903282	65
0.05062372122891	0.230719042793271	65
0.047603522965692	0.252555301339296	65
-0.096820792597465	0.166038690138057	65
-0.017691266366036	0.12980862376446	65
-0.00453350082129	0.123312645898355	33
0.059010379177121	0.323690855386336	1
-0.036024310551255	0.133383603153872	1
0.070667318321901	0.676771445882777	1
0.119460340436642	0.150625234110511	1
0.065280918602941	0.142512851113756	13
0.0277360501199	0.137121043426393	1
-0.051055874807153	0.147793461175173	16
-0.062465728174093	0.177117495588571	16
-0.050833823947504	0.416664405484943	1
0.032589126120207	0.418036859884815	1
0.082338796952839	0.715169050281324	1
-0.123993145450297	0.188506405815654	1
0.010116804168968	0.389946063541227	79
0.095514487685659	0.236999777069379	15
0.079548106474734	0.238449028199353	15
-0.041305195242807	0.148699142245469	1
0.070218198528374	0.145125083925522	1
-0.009307225120784	0.124519245186047	1
0.102038510239833	2.09126788893678	8
0.082623545716217	1.73494496945557	8
-0.013735512087815	0.942961324780939	8
-0.105198169976082	0.347346401262077	8
0.011978202836524	0.698993995360172	8
0.03382566796916	0.41904324156892	8
-0.083077633672165	0.292056109392418	8
-0.086985860798299	0.272810851355719	8
-0.036763500283922	0.442007579434329	8
0.104398357597171	0.321433371079917	8
0.032126802440618	0.350831473696485	8
0.035324099148585	0.541949189697841	8
0.123759797893185	0.402530400254131	8
-0.038904449634407	0.124545159588791	8
0.00325457714057098	0.134117685543636	8
-0.043771737499316	0.369820708704522	8
-0.057019025135987	0.26992601515383	8
-0.040247556342261	0.377695297571534	187
0.078154800133591	0.336824947426162	64
0.123546758761824	0.153453796420121	187
-0.058086349164167	0.196206081331275	187
0.063137561643737	0.629044819664142	187
0.055911473069085	0.572520358939874	187
0.021840125454717	0.356827579389006	187
0.0895659604222	0.465288991439996	187
0.076573956695734	0.422706306551148	34
0.062937769408564	0.135693685333731	34
0.106529995320069	0.478354562036292	34
0.059203191665094	0.386344316901401	65
-0.058115618533556	0.152588308765111	65
0.102423104753053	0.323892454134193	65
-0.035798382041367	0.338831272723794	65
-0.054538821916721	0.195852491490436	65
0.028460040111672	0.133456724322105	65
0.028824959408705	0.136439116220142	33
-0.025713497661669	0.125391328524796	33
-0.051987229252271	0.161224331580766	4
0.080269967156577	0.142882733708778	4
0.031113159673589	0.138215481883181	1
0.073838295619215	0.139215699132374	1
0.014269283963506	0.251301374149324	1
0.121137266739572	0.328682309384253	1
0.086522209709046	0.411145233769394	1
0.037116186749096	0.330855424333115	1
-0.021495618681586	0.128516219545385	1
-0.038215796706966	0.134589938705912	16
-0.035140991725569	0.14352517226653	16
-0.113616265205375	0.138879324206538	16
-0.037730817634572	0.276822775858618	16
0.070301463068381	0.621877834061344	1
-0.068327587970305	0.190139086277953	1
-0.116313031555111	0.134357438559877	79
0.0592319790908	0.323776482726499	79
-0.058500793968388	0.940891523950619	8
-0.039675695995511	1.04735162081362	8
-0.055261103704625	0.671852590896527	8
0.058223944516859	1.16158242708524	8
-0.103236333865951	0.397226256427349	8
0.036149171464617	0.897380673282097	8
-0.039095763265146	0.223713204163084	8
-0.085872854009114	0.435637079075866	8
-0.033128637692115	0.414367333189185	8
-0.045577661726548	0.141971574886692	8
0.07662608542361	0.147655681460066	8
0.028460040111672	0.133456724322105	8
-0.00355418670522001	0.125048754345654	8
-0.106009092833606	0.130955677335259	8
-0.067658342740449	0.268621668221083	8
-0.066238930394417	0.299146982238644	8
0.119945567830281	0.743321215642995	64
-0.042878638200061	0.153106447992339	64
0.115412426219696	0.47382913403912	34
0.07068502574784	0.241253806119093	34
0.060913926073844	0.133644009578416	34
-0.022422027597261	0.274740743074476	65
-0.033040727158379	0.142657171001294	65
-0.022476106486106	0.129626770447219	33
-0.032981294797835	0.150479032384103	33
-0.04378142895719	0.173820708175123	4
0.122784195734639	0.15085121910079	1
0.058837094025266	0.321645098892622	1
0.028017141343885	0.254701820510547	1
0.033197502885515	0.136883935968026	1
0.075795548339189	0.148312729577327	16
0.073058264062232	0.433222090419869	1
0.050787099515155	0.38442365294834	1
0.021887897192682	0.600177176183946	1
0.084284578218431	0.467783025425276	1
-0.003400553183218	0.349767352388286	1
-0.123763867022731	0.1970726191655	1
0.00260234356692501	0.13292031524985	15
0.094481921700319	0.235895213328637	1
0.07086017724871	0.144513472687543	1
0.023793676635494	1.75715782740086	8
-0.093998837933457	0.306853163598041	8
-0.00243720501591499	0.719400435454959	8
-0.010014674780379	0.580564578053945	8
-0.072831465626112	0.297496541720387	8
0.006962520033163	0.582972432295224	8
0.033291097481404	0.685047116602815	8
-0.097729791171693	0.269527038611124	8
-0.117739553903682	0.216436531283246	8
-0.092901991068431	0.252387067890015	8
-0.102503774387377	0.207937900422824	8
0.08856075436325	0.419387463350503	8
0.083326189903547	0.319355524952041	8
0.047399544015254	0.228178693061155	8
-0.045336771285458	0.150494860785849	8
-0.040072246755655	0.160158701543082	8
-0.055672139834196	0.158838478641824	8
0.080085315057472	0.331851843282892	8
0.083539835938736	0.324609255711603	8
0.021285039466905	0.225892194359804	8
0.124525213083547	0.419231890828068	8
-0.103626468639683	0.165871153097087	8
-0.124934298216072	0.105625013152586	64
-0.05057487592122	0.18213443597043	64
-0.037862909242866	0.151001846814046	64
0.026387134357872	0.239038199539272	64
0.0397092192511	0.242498455945192	64
0.079554633195157	0.327156030302114	64
0.03669611857749	0.255050821661909	64
-0.00232299205392	0.270875358833171	187
0.011075095657482	0.252585855593813	34
-0.028189628836401	0.278135093308224	34
-0.065303901083607	0.201311219448902	34
-0.062131423251485	0.164535631226672	34
-0.03511976834618	0.170107458315129	34
-0.033901651329058	0.22194640177729	34
-0.0283476256698	0.12326190155841	34
0.097580897587228	0.240780315249236	34
-0.105938254383201	0.12636601897298	65
0.010963544508481	0.276342257492859	65
-0.009905731906513	0.268332468482047	65
-0.014206114755166	0.293646354497719	65
-0.057626086991746	0.198144172082358	65
0.088034926429226	0.323832832880187	65
0.124613215374317	0.410491263760535	65
0.112146527818037	0.238646185829645	161
-0.038429902328255	0.12668085466168	161
-0.009192055640073	0.252551293668005	33
0.09812325436288	0.231739466607122	33
0.112017184889745	0.393627028177841	33
-0.034970659476489	0.134124676817421	33
-0.045528656589448	0.13158740867253	33
-0.047460076851197	0.155272870424609	33
0.079632398260242	0.222265542506617	33
-0.032423532579481	0.129507937012134	4
0.107387103803726	0.337078897580199	1
-0.110626273129288	0.131225965833315	1
0.009329436978256	0.258080132441715	1
0.122239485957422	0.311957577509556	1
-0.022968803991685	0.127393982914367	1
-0.120639590570609	0.107241973685341	1
0.00779411093835197	0.136308814458191	1
0.110592004729822	0.323695246244684	1
0.09866902132976	0.306040170153168	16
-0.034020652037947	0.154176893281935	16
0.012723855845991	0.24273159891582	16
-0.12412483469758	0.103057931255386	16
-0.017332098222573	0.132399499313696	16
-0.029883041718436	0.131088381958731	1
0.050331480575428	0.244653921475344	16
-0.055475676311354	0.19151334501048	1
0.00827594038435803	0.262464449508831	1
0.00600801217353403	0.263811678947901	1
-0.055675422176451	0.156949392201268	1
-0.07030696541937	1.64163617596893	8
-0.099170518563463	0.713540093731255	8
0.066684300677202	1.10185887330559	8
-0.00165905134647901	0.760831815184718	8
0.024539471814493	0.674074543817928	8
-0.079614108201558	0.410402587827053	8
-0.115095172908988	0.265843219497291	8
0.122814565102823	0.916295723979671	8
-0.017210980636281	0.385507496622581	8
0.119855107737724	0.876634149132856	8
0.00302824047150502	0.401079702428961	8
-0.084187680655616	0.219979805058098	8
-0.087509146324028	0.237234111260878	8
-0.037277069452833	0.13971681314703	8
0.055129911785334	0.233863063971641	8
0.066284343721832	0.239276541268673	8
0.037647487733382	0.350430145740742	8
-0.069794258201198	0.228393245902748	187
-0.042997286686253	0.15772248149326	64
0.007749284471329	0.261975573374637	64
-0.061609312514017	0.146832897821536	64
0.118173865473085	0.326579916914243	64
0.114637151709814	0.402651783643894	64
0.084482985977757	0.335146436898263	34
0.081742708204717	0.231554792446783	34
0.094948938460457	0.224149846424263	34
-0.050131294116017	0.177220224449189	65
-0.053299798513496	0.154791950750225	65
-0.045564835332824	0.135819219830298	65
-0.024494866408188	0.138751322295698	65
0.010285939276331	0.252976002506071	65
0.050963104524738	0.350718058922845	65
-0.052636616130329	0.161367519797255	65
-0.04247609969647	0.186015079077322	65
0.00411607993454699	0.134992377628138	33
0.049065763704831	0.342477060593869	33
0.076451546550919	0.220799926453058	33
-0.018480915989868	0.132039685930643	33
0.089109713438816	0.237802043306606	33
-0.02449577992905	0.127125787475967	33
0.030643059861887	0.137368181403208	1
-0.053690337939092	0.190811234878778	1
-0.013563867900098	0.133463637858444	1
-0.041381198648606	0.136380371586152	1
0.022971119321397	0.250845540237835	1
0.02713908047046	0.135349500020507	1
0.068391648358049	0.143714246071935	1
-0.11772428098578	0.103481358817586	1
0.015639810114338	0.247654807027145	16
-0.00682790123952701	0.12650459556827	16
0.064449895947405	0.141954040430585	1
0.02937210930116	0.243705200558723	1
-0.052631647697916	0.200713451486586	1
0.063314100047307	0.377156988783407	1
0.098342733832704	0.499971428098132	1
0.074208539716966	0.412470825262235	1
-0.100920953932158	0.923583445873812	8
-0.074010314028584	1.05034046181866	8
-0.078784704452185	1.01035996438544	8
-0.055082495652512	0.902711058018794	8
0.093930019669627	1.36790180757792	8
0.033274725340775	0.842341945047798	8
-0.12240115802436	0.275199333292004	8
-0.095201182751084	0.237651055322923	8
0.054595760762271	0.510387405013631	8
0.079143497899249	0.742331362984446	8
-0.024312520125463	0.434034599736659	8
0.064214401398105	0.245520900084686	8
-0.124494628536544	0.22288601431989	8
0.043193465730313	0.504031831470944	8
0.079309435728716	0.320865221321912	8
0.079898335022464	0.147205736929149	8
0.033820560055091	0.412489891995941	8
-0.082663783560474	0.238314506769417	187
0.10392637218178	0.332483197951372	64
-0.049999222561447	0.204822448128967	64
-0.015159071475475	0.425578598717656	187
-0.034843231844041	0.340631217572227	34
-0.016984795336267	0.131368932522233	34
-0.120487191266147	0.106623834901841	65
0.00584162118382903	0.135040667243096	65
0.098620158203924	0.6507788407589	65
0.038126854787524	0.353897851734237	65
-0.00469757304562499	0.257083520857341	65
0.069891016877806	0.537221168118756	65
0.06277871658965	0.329007841555559	65
-0.037862909242866	0.151001846814046	65
0.054456731289021	0.336761424225219	33
-0.016438615474552	0.130967576987756	4
0.00648930639040901	0.134968510770444	4
0.064044540645101	0.141155459305843	188
0.030643059861887	0.137368181403208	135
0.107398536242073	0.409750798415633	1
0.068391648358049	0.143714246071935	93
0.042305746045289	0.30838401695702	1
0.074282772196186	0.142995917877863	1
-0.052185357262316	0.156346891268651	1
-0.020059025863357	0.12694640315044	1
-0.00735943437740599	0.12607482250836	1
0.00410274598514299	0.135570186479665	16
-0.052142936624576	0.179138642114769	1
0.063751271741343	0.343130172932256	1
0.104047667475902	0.51284202961859	1
-0.06763259533147	1.25220139508503	8
-0.00487173302756899	0.686432290920433	8
0.06396873790837	0.771063976505255	8
-0.056714449469576	0.366064505161185	8
0.00617904817730103	0.482114736290891	8
-0.04973554458025	0.357233449706716	8
0.104389464170643	0.758670998502191	8
0.112444559227029	0.716081513866216	8
-0.108352072626579	0.193004180518875	8
-0.00185643382983999	0.438707878552675	8
-0.069460484941039	0.270433163552278	8
0.01867772117805	0.477484778256846	8
0.036677703599086	0.347606427426126	8
-0.038748460636282	0.15230936697736	8
-0.06061514188023	0.163121033195356	8
0.03562949182721	0.334527984509355	8
-0.016023075797423	0.288876471101404	64
-0.041444814315941	0.13857545124925	64
-0.026738532960752	0.145562395136563	407
-0.044550223632533	0.13679147239867	64
0.070342992601077	0.373816002823637	64
-0.093435904650349	0.16632878245058	187
0.107533424754403	0.538029985424882	187
-0.057994759714605	0.189823666795836	187
-0.045213813343491	0.152997764060385	34
0.07299542065687	0.336199226759744	65
0.124721224759067	0.483872143377134	65
-0.046276289279407	0.259317619135962	65
-0.103538207534833	0.155604609098171	65
-0.052021762036292	0.210616563408875	65
-0.011930551087141	0.229784921443162	65
0.078547215606458	0.320815793446728	65
0.035240251859484	0.34107861449603	65
0.090441152597437	0.324211875876026	65
0.084908167550292	0.231319143781337	161
0.00129466033575698	0.13077993902433	161
-0.027709959671478	0.133704653925171	33
0.064856164654454	0.140931604040859	33
-0.028200186872129	0.132139097678759	33
0.00129466033575698	0.13077993902433	1
0.025222208863612	0.257179798696813	1
-0.048444880237696	0.175917919376268	1
0.055211251912367	0.240428283884984	1
0.088803080081543	0.306692599229775	1
0.067972891482376	0.140403165957518	1
-0.00555352971496101	0.272468022767324	1
-0.099220298494434	0.160101789569644	16
-0.103744239275603	0.191509800249941	1
-0.058514129971627	0.238307197778596	1
-0.014358669382186	0.132510492564135	1
0.000220586668049028	0.258315418410117	1
-0.109491156586071	0.150798795924632	1
0.112114459851902	0.484526768746731	1
0.10114898259644	0.227495042181172	1
-0.102115447285392	0.505238104526556	8
0.124863268691303	1.96074146895469	8
-0.038934017917283	0.715914088290807	8
0.030303007917202	0.878920297581824	8
-0.100570786968592	0.251188284819766	8
-0.012422265938795	0.486419310572884	8
0.069515068832225	0.761730559485565	8
-0.07605170517739	0.336924027601907	8
-0.071993627575828	0.263628585579417	8
-0.018355992276833	0.39515528191469	8
-0.053198131959383	0.324293446756262	8
0.017235353735794	0.482367791727267	8
0.021089779964533	0.381920021614179	8
-0.029216485393544	0.122273802142746	8
-0.026406374129752	0.13314046612809	8
-0.045390889249593	0.145420023905675	8
-0.026698374638748	0.134170514224757	8
0.093812215054016	0.215777439141373	8
0.095745593603869	0.317221270900688	8
-0.040500051862169	0.261748687915709	8
-0.080546404203252	0.198939034099952	64
0.095344114894684	0.235806213426189	64
0.075431993624209	0.325569767634133	64
-0.053217659468786	0.16597642067038	64
0.028988292298198	0.358908783347338	64
-0.104814513381379	0.127718846540577	187
-0.028125188705967	0.123454233164184	34
-0.043543679385445	0.130789002068629	65
0.10519369716182	0.232315107171131	65
0.089243650051079	0.234460153787522	65
-0.102900231986274	0.134571308238292	65
-0.069368100676739	0.235148472971554	65
-0.114313996902018	0.126711621889048	65
0.107735587326371	0.239351389227208	33
-0.038047078593557	0.129734698151475	33
0.035242539896262	0.13950783076203	188
-0.030309948128223	0.131311145020625	1
-0.029216485393544	0.122273802142746	1
0.024428080908174	0.253131546133686	93
0.100357012236367	0.231183367678515	93
-0.05833231966613	0.154336256126517	1
-0.054886266388292	0.152981080397419	1
0.00325457714057098	0.134117685543636	1
0.066197313324061	0.233001209421698	1
-0.037199640630812	0.152366040174843	1
0.094197818248074	0.328039110010865	1
0.065439794122885	0.139467090452801	1
0.111075064241272	0.238241192410839	1
-0.036133808044829	0.136465998842429	1
-0.054368019725055	0.168065200800567	16
0.00693331239377398	0.280153547721747	1
-0.057273453132779	0.222569864684592	1
-0.043958442624573	0.164659898736749	1
-0.02021571737571	0.128907159350225	1
0.013836570350182	0.233165739516645	1
-0.121644379581148	1.1643272071705	8
-0.033288347598105	1.13500713450484	8
0.024771192242761	1.3590146372166	8
0.035426434965369	1.2667711602032	8
0.017738457228217	0.651045716050693	8
-0.060468045304479	0.365637902648949	8
-0.058231148945811	0.372748435178431	8
-0.020915393192504	0.321416274075579	8
-0.027278604254855	0.450122114485841	8
-0.102830208330199	0.193525923331725	8
0.036081904237963	0.140858218443179	8
-0.036437453376174	0.127293391055219	8
-0.039172849464159	0.137103751740775	8
-0.029883041718436	0.131088381958731	8
0.123589585602479	0.498662016244869	8
-0.113984802540208	0.203827942530113	8
0.079067224979217	0.147485233910521	64
-0.034959084837475	0.156447233479916	64
0.101047608947025	0.431625636316549	64
-0.055846546301263	0.167541784821221	64
0.012584756700993	0.417289872299085	64
-0.049129432389237	0.222069851140108	187
0.00481023996044699	0.329342031841385	187
-0.044638019495793	0.134946213983409	34
0.105100603424548	0.46323266990568	34
0.123933867394663	0.229146415705516	34
0.030005196645286	0.474243633037671	65
-0.030529067259141	0.131486397029551	65
0.0260716358341	0.244519599655311	65
-0.10688519547143	0.205204854579015	65
0.027782405158052	0.399607040119372	65
-0.109868208795396	0.133312790135766	65
-0.033178340168869	0.294913117462135	65
0.00882799179655502	0.228512695709249	65
0.06734806490872	0.142691597479953	65
0.122270193628013	0.150358244619507	33
-0.0610716401111	0.161457418775133	33
-0.003256441816504	0.130156070875265	33
0.119267477588493	0.145625100179719	33
0.070618847510805	0.146043074093784	188
0.034481758886721	0.140371304627646	4
0.064039475886437	0.360834524151511	1
-0.020920583897448	0.127212377677949	1
0.06734806490872	0.142691597479953	1
0.059066682170391	0.248191636406599	1
0.12455385408369	0.150799260811887	1
-0.042537875999051	0.131372893401677	1
-0.007904951093687	0.310597910048684	16
0.023820837307132	0.240597959317468	16
0.116713663248817	0.144111701343719	1
0.052449652653892	0.404916181267781	1
-0.093799291210852	0.230115673106645	16
-0.038053134718845	0.293067572585254	1
-0.021726299709704	0.43590474808615	1
-0.12091315477011	0.106907143572327	15
-0.036577219500321	0.29085473816408	15
0.036467854951714	0.518477926766364	1
-0.039926180078958	0.123332706577017	1
-0.056309969815531	0.241743287928066	1
0.024292264325657	0.217898299964514	1
-0.080800312660164	0.621008409663023	8
0.013469131605797	1.01218566518519	8
-0.088861017574475	0.462104171399102	8
-0.117758218771467	0.326481018680291	8
-0.087749601847611	0.355599136847648	8
-0.077107547821597	0.285494274976465	8
0.118675746271834	0.336574322031332	8
0.108101734858129	0.604295195649072	8
-0.031768606115855	0.366971247520341	8
0.086110735068772	0.389501894392986	8
-0.09183537059395	0.227653634575055	8
0.037822734262974	0.547320664959935	8
-0.035049543255399	0.143613371556186	8
0.064801485561339	0.331780599403537	8
-0.057005169601943	0.24146254516652	187
-0.048492842376218	0.183395799650743	64
-0.043882507904728	0.147515289587874	64
-0.063636768077754	0.170854607623648	187
0.032189426753861	0.364960000353698	187
0.00434160250914301	0.353109480193052	187
0.088361973942183	0.477277249829327	187
0.077310947357773	0.234811898141781	65
-0.044633071350822	0.133830050350291	65
-0.04361062499278	0.128751586514156	65
-0.027194055605912	0.124685675900938	65
-0.051586839765684	0.220086880155939	65
0.014021769037999	0.25253563905779	65
0.033995535258802	0.406164075371322	65
-0.046167843130917	0.159006397537993	65
-0.050142340715145	0.249822277456737	65
0.115353943201362	0.505558545042055	65
-0.048110353374328	0.150506181141886	65
0.033056635809285	0.137692951508578	65
-0.032086462353618	0.129654833022507	33
-0.040331465328196	0.131065359414991	33
-0.062479032039268	0.232893049292281	1
0.044237887003759	0.233577135404567	1
0.066484263411206	0.143035112092916	1
-0.043415787776331	0.139639744159418	1
-0.039172566862393	0.139265505023303	16
-0.039954050480701	0.143031044683599	16
0.02809686184022	0.134347013659488	1
0.010169317735866	0.252596589450683	1
-0.042656621821198	0.27023726160867	16
-0.030975701245962	0.248266701863918	1
0.011220030623297	0.243105839450169	1
-0.042408600314706	0.138335001982304	1
0.019132561842446	1.27263277045375	8
0.124587317583953	1.65111729152205	8
0.05666723646732	1.27533360225678	8
-0.084430148269	0.537656137610423	8
0.118638401576644	0.649846427338484	8
0.11257092053133	1.06577498835568	8
0.086144298714247	0.617784609737937	8
-0.102305155280622	0.308823158996924	8
-0.084214403479716	0.42569718982165	8
-0.021435854293676	0.497177972757081	8
0.046197064287693	0.498469226309326	8
-0.05968100318856	0.279016885796937	8
-0.093378608340303	0.238874846158796	8
0.00323789283557302	0.134922916927531	8
0.036053992956279	0.138464577140511	8
0.015128049616866	0.381785809405057	8
-0.046646754104555	0.156904955138567	187
0.000426172609883979	0.130975550031732	407
-0.098683066718007	0.1686261518219	64
0.05870670400299	0.535508369386272	187
0.04375709733307	0.236183410848291	187
0.093322026295234	0.241695843217529	34
0.034846082480727	0.140095248582762	65
-0.046882368287992	0.143562338593019	65
0.00703146286137701	0.239360930636256	65
0.090429634485704	0.331344747327412	33
0.071020418710602	0.144210459052715	4
-0.034039109836423	0.14437877806347	4
-0.049219609511925	0.15501460175947	4
-0.093397727163013	0.231146512014365	1
-0.039483775979717	0.152901537237734	1
0.072093104839147	0.142736236718812	1
-0.033335731196515	0.195991274453156	1
-0.029512901352815	0.267600955123888	16
0.034756672581101	0.258336683670658	1
0.054414545503211	0.632209622237607	16
-0.019843280303796	0.397403753603183	1
-0.062411780675202	0.195634678225838	1
-0.067690407356887	0.194156930164017	15
0.106596947309043	0.323824769538681	1
-0.114428647880699	0.131592822091876	1
-0.029521159677899	0.132734313408248	1
-0.045049040788471	0.157337598806581	1
-0.00794287427326101	2.18095825316807	8
-0.11749259093013	0.448500569448611	8
0.051353993934493	1.17995020031231	8
0.00425215028500098	0.963481418424936	8
-0.079489974115538	0.305203286085798	8
-0.081358192904952	0.272654127888383	8
0.06772026056066	0.144414415480069	8
0.071670523326796	0.146168055740444	8
0.121389157039024	0.143035410835505	8
-0.024888700156615	0.125858588266418	8
-0.058689752004495	0.230142056880267	187
0.10963916914837	0.53365010614421	64
0.10881685324008	0.237932117309064	64
-0.031567400613224	0.286708883596639	187
-0.018130551056368	0.27259472862288	187
0.034509147154544	0.141160902369366	34
0.104391777193879	0.412977345778532	34
0.093326755974662	0.239181381162945	65
0.074731850051634	0.243433875834909	65
0.022210374961584	0.236683319478082	65
0.074328649955479	0.237354616741522	33
0.12320814026647	0.408899118396148	33
0.036535670636495	0.139817929671856	4
-0.04685537511268	0.15389927957707	100
0.005303112581732	0.135331825222661	1
-0.069309667759612	0.240793030321172	1
0.03366842038676	0.140558369199191	1
0.124488470071694	0.154613237400397	1
0.078667182919537	0.147267638605956	1
-0.123845562419643	0.127645423894811	1
0.079655527269059	0.247294406498043	1
-0.060649777957913	0.212799266815599	16
-0.111203463901586	0.187431292859401	1
-0.091768378944834	0.196867033052428	1
0.06364676864325	0.426134369931776	1
-0.034397846081808	0.797554672934985	8
-0.046088461186667	0.77075546807602	8
0.014345306755686	1.20236343442717	8
-0.088578757632662	0.482490126641194	8
0.00566483001913098	0.392154201658889	8
-0.105561924815069	0.285126581362013	8
-0.123286738918299	0.141905237733652	8
-0.055296327588763	0.309031434353033	8
-0.116268938326957	0.220615048335785	8
0.050396363921025	0.776090159033805	8
0.032568956943974	0.133746386441893	8
0.052622819838508	0.235094628597747	8
-0.0336172862213	0.130737764373241	187
0.039024479023511	0.317289177035629	64
0.07456325442502	0.148391013681812	64
-0.074381792651628	0.196782639810278	187
-0.031135875409648	0.225419855090846	187
0.073681768792038	0.691625830514145	187
0.017789489124415	0.485902120699538	187
0.083176908081391	0.321360974464755	187
0.042223495677917	0.325820006479647	34
-0.034676695928735	0.159216594013741	65
0.086513146905939	0.308028652381565	65
-0.086160779729975	0.267125956927924	65
-0.064003838059866	0.231199078312739	65
0.022001882460254	0.251220210056848	65
-0.063161893756266	0.160330238497837	65
0.070454624503623	0.145128265678414	33
-0.045630161419844	0.169365936745816	33
-0.014497268757168	0.254159477535539	33
-0.03289235936416	0.126879345063217	33
0.000429198220965987	0.134221562056372	4
-0.108661719360609	0.166969097342808	1
0.027026580158469	0.424908133513314	1
-0.117881121727205	0.119831762545229	1
-0.050696630565712	0.226336332378788	16
0.028494402302214	0.339601538703187	16
-0.090254512433273	0.294306432761759	1
-0.107185245956324	0.13951200725325	1
0.051227326569429	0.471282947444236	1
-0.103452399626697	0.642312823403859	8
-0.062884727162642	0.762201404389318	8
0.105698413592356	1.06333493213099	8
-0.013681487098743	0.601364228581183	8
0.08762654878956	1.02900089563558	8
0.031398209394059	0.704899773084606	8
-0.07326846555713	0.35500541735536	8
-0.076025506563356	0.264980975692048	8
-0.061024767104758	0.386806402233708	8
0.058466625907379	0.331805130005552	8
-0.075915375446648	0.26439560597662	8
-0.124584966656756	0.117907344778561	8
-0.046650640182667	0.132938734570303	8
-0.123325623008955	0.097682854432562	187
-0.034046696092596	0.131644582620417	187
0.077928229066878	0.585797739794972	187
-0.040363569843345	0.136958580511719	187
0.070424420703954	0.417521219471794	187
0.073135011897212	0.228640772151944	34
0.00497842760078798	0.135299986465102	34
0.069748363458648	0.140481759328492	65
0.12145714836164	0.741149792472295	65
-0.051163677020724	0.162803555206661	65
-0.050035892700746	0.165246925509168	65
-0.099738746921321	0.20436919230706	65
0.111075365198992	0.372536827045179	65
-0.052116814468044	0.214850534692183	65
0.06460475400344	0.139228165657003	65
0.070580933993899	0.142884685627826	33
0.071283913830606	0.145009164056021	33
0.074542629655196	0.142466984815778	4
-0.124781336358299	0.108539436008088	93
0.00129446198397998	0.134534672122025	1
0.028594978106578	0.135367073847244	1
-0.016480100622877	0.239465387776007	16
-0.031600232983736	0.131226512112	1
0.116070411502701	0.317528046056806	1
-0.010051598189767	0.418273507739236	1
0.092594401964526	0.521161023355281	1
0.056859568164221	0.311575011403473	1
0.1151868860273	0.142997039327802	1
-0.106750223972045	0.887756474602167	8
-0.00738955808814501	1.34212814210073	8
0.053554469391724	0.841826343299095	8
0.014732230784686	0.396926633902575	8
-0.113955267015525	0.11499585963283	8
-0.076464491296208	0.255390256813619	8
-0.120932659373437	0.203591985864082	8
0.105863212063014	0.760263122063585	8
0.023588175200453	0.565822975598512	8
0.105542836337764	0.230300590910111	8
-0.00649237443428499	0.127554595717076	8
0.123023999106277	0.153372563082976	8
-0.057414244599203	0.288932984204206	187
0.064449895947405	0.141954040430585	407
-0.064548145661296	0.201698954648869	187
0.034620908391906	0.257093326524025	187
0.038713897258698	0.30365095870597	187
-0.001631672598986	0.130047141557046	187
0.00566860009692299	0.130337598944761	65
0.102945311219018	0.232675852148629	33
-0.00699473705342499	0.434159052705342	65
-0.00868979175974799	0.133055690832717	65
0.0000792178504069874	0.240542712436747	65
0.042086179032058	0.242904199137994	65
0.023868975622633	0.377376262870874	65
0.00223765975884299	0.232322487675741	65
-0.063683959142362	0.204106803570677	65
-0.034453008657257	0.19248916087752	65
-0.041373589066809	0.209697516060126	65
-0.040961638253222	0.152006827336903	65
0.068815141610003	0.142437563146947	33
0.012072113319899	0.244419018140945	33
0.084950810368538	0.234948191754739	33
0.078732627417589	0.234593612220449	4
0.032640692476806	0.239313013730028	4
0.120746762536652	0.149175070900729	135
0.089405034650466	0.335069156916826	93
-0.116809072130731	0.121134647967999	1
-0.04356208647611	0.146184980024844	1
-0.012593295600431	0.263126820598101	4
-0.088038801474815	0.172483171896424	1
0.093732715855238	0.224365413684929	16
0.036251457393979	0.241134243810142	1
-0.049748386018474	0.164147386893384	1
-0.058488783894583	0.198926631297493	1
-0.08261897968424	0.267510261673784	1
0.030320743720564	0.529688279479257	1
-0.00990999532423101	0.365918761332287	1
0.027568111120918	0.254547845981653	1
-0.035039475399884	0.134229764297724	15
-0.04250675764585	0.353591754755088	15
0.02454524857044	2.48273139699199	8
-0.095351504397676	0.36992448198403	8
0.03411421197121	0.578588198222509	8
0.036040543408572	0.707353294237427	8
0.084838699430732	0.659468543102263	8
0.123921762268746	0.237955964465354	8
0.072904477703496	0.147034585169118	8
0.081764871237101	0.231005863408969	8
0.074137542274363	0.146964768740998	8
0.00205291394033702	0.36781803723812	187
-0.112985457728167	0.146312855333491	187
-0.049338747015352	0.165650767329607	187
-0.070401957120058	0.144404026224718	187
-0.054078057151302	0.226281051699382	187
0.057172588126073	0.349369537192523	187
-0.09837401181649	0.194707730839805	187
0.095328839286084	0.482420002251818	187
-0.032964733907875	0.127655984522722	187
0.060423163918198	0.243190500014253	187
-0.091861297714938	0.158540867863148	187
-0.039791540139575	0.163737359862376	65
-0.052524048496012	0.155957422721983	65
0.097504955199459	0.228498358438872	65
-0.059740626830828	0.145297192869418	33
0.030152400564809	0.253930172598636	65
0.049958346577873	0.24409200610011	65
-0.093185171656516	0.177873570846005	65
0.091661566520608	0.219654089699976	65
-0.036199666079554	0.123842623614755	65
0.022500026533937	0.242468267873696	33
0.068280659764764	0.238589440676893	33
0.118768875497839	0.147133052733692	4
0.032215523963129	0.131319992163539	4
-0.032857454379421	0.13660166583874	93
0.028624713359566	0.247484997818517	1
0.060449378578467	0.231833576781438	1
-0.040363569843345	0.136958580511719	1
0.072648971975234	0.145001714534294	1
-0.014975864691057	0.244446396993427	16
0.124488470071694	0.154613237400397	1
0.119697603470588	0.151028996070089	1
-0.107946508168529	0.149449182437331	1
-0.075703288884365	0.215911775227543	1
-0.068673654028656	0.193455346488529	1
-0.02380772788309	0.310685672081608	139
0.013948686231488	0.883259887574673	8
-0.050420055490993	0.332218149562294	8
-0.033633475792766	0.41430786359389	8
-0.010722547570808	0.491396276847447	8
-0.045718551609743	0.127885896107361	8
0.107315341116718	0.506700937205301	187
-0.03815800172858	0.123513265208074	64
-0.09924433594568	0.166161855830432	187
0.04414395013554	0.138357104014768	34
0.011598736715802	0.226076048541267	34
-0.056321982784752	0.168616943294364	65
0.111998060955401	0.240768928585196	33
-0.061789683625393	0.204753737510829	65
-0.039456180723887	0.174086106644229	65
0.044656675761654	0.362512519823487	65
0.079522598092933	0.241113704829658	33
0.123203171169349	0.1531233238139	33
0.033056635809285	0.137692951508578	217
0.02882203261423	0.132908940581009	33
0.030997845222394	0.139364591079215	33
0.066516403443395	0.142797322774479	33
0.069384523880091	0.145764887399928	33
0.031364688524793	0.135402798637596	4
0.031483809832027	0.137630801574509	4
-0.110407539724242	0.132770980150764	93
0.118172923813435	0.149823947404806	1
-0.044629014640586	0.150885682900394	1
0.083007144784044	0.483382743181991	4
-0.029990733372215	0.128948694615865	1
-0.046588809254901	0.152074656420964	16
-0.042402021218068	0.16343409620756	1
-0.103370313245683	0.161242032299469	1
-0.030532891246984	0.346378102676554	1
-0.035355252240628	0.252140577829948	1
-0.082207759041998	0.220753037089692	1
-0.023773946748224	0.124586506021146	1
-0.00549398160551501	0.977209817527404	8
0.020513709457428	0.96822900188841	8
0.058250021380892	0.95405623095569	8
-0.094516424932339	0.301841628020914	8
0.042829425666431	0.770817452632316	8
-0.088270317833323	0.289953077402309	8
-0.079283096735432	0.306356109322641	8
0.00620869601373802	0.560242547953865	8
-0.010314159948521	0.246587069524714	8
-0.04453845785784	0.148370140664026	8
-0.039311261560365	0.131779139735421	8
-0.033170496430015	0.165586432393726	8
-0.02389490735477	0.349597068818403	187
0.119481806479297	0.568937509176883	187
0.1071446844522	0.335006711665887	187
0.072341812412991	0.13394425393129	187
-0.044369719910139	0.118713933789514	64
-0.034043608142788	0.136912851373917	64
-0.071984649711582	0.259269149587374	187
-0.040467335475841	0.131939436955695	33
0.101287306715644	0.423716686182858	65
0.085939741727516	0.235691613528372	33
0.077508403713743	0.319907811222604	33
-0.111391852833596	0.173689834027345	65
-0.098931073871167	0.16872308160791	65
-0.016692641641247	0.257645706276362	65
-0.124123538136227	0.139852988568874	65
-0.012631470235641	0.246574988765342	65
-0.120887099760863	0.110983773042849	65
0.056604121822443	0.237612288976019	65
0.105481932238632	0.236382482412156	65
0.076833170592146	0.329377367257	33
-0.031402043826924	0.194512842191505	33
-0.021652887189531	0.12861148195477	4
-0.025493377101774	0.126395080903731	4
0.00325457714057098	0.134117685543636	1
0.029434918316222	0.136177274333821	1
-0.00302095199961799	0.265334194963481	4
0.092988464153967	0.492719510874005	4
-0.039362716410331	0.13232410202937	1
0.02854818323868	0.13409660061116	1
0.043416445515653	0.140844516397914	1
-0.055302618075602	0.160599182582807	16
-0.041755068879495	0.153530917254994	16
0.03303232960788	0.316259719619244	16
0.024719569437222	0.134467154797467	1
0.068983377349666	0.143747939367224	1
-0.05400598845263	0.281176966856816	1
-0.029118492195439	0.278902152461027	1
0.083346809065685	0.500127888536896	1
-0.116896702445718	0.927200707806898	8
0.096392865744006	1.7829613031769	8
0.120991117901461	1.53000714123058	8
-0.038397245316738	0.715541661958343	8
-0.02996552944291	0.149240025387981	8
0.059628776031388	0.436778573751131	187
-0.115017583657403	0.178525726674595	187
0.093811851416813	0.330520667647111	187
-0.048676647391581	0.160801059523096	187
-0.044400840183819	0.139963850757043	187
0.026320658964399	0.459883140463212	187
0.091773871118404	0.328572976288611	33
-0.037360436035551	0.148231390580129	33
0.057472295972428	0.406401526517418	65
-0.100556483482887	0.144663295882778	65
-0.025596483621787	0.122693787737287	33
-0.046655984072762	0.150685275914575	65
0.034335557623341	0.330169385335769	65
-0.107488454939755	0.146481229945386	65
0.091746807439852	0.361947058693636	65
0.121508068950956	0.150210934105473	65
-0.019753789405728	0.127619440130197	65
-0.044488777155355	0.210480317175279	33
0.062578964156278	0.135348406541977	217
-0.05963061305041	0.20120876399357	33
0.02713908047046	0.135349500020507	33
0.119697603470588	0.151028996070089	1
-0.058694082205834	0.230808581966426	4
0.000425984109364008	0.130763478162166	4
0.11956608619631	0.146804496198977	16
-0.041020384045566	0.142764121403956	16
-0.111127377036678	0.141369011132262	16
0.027616036640674	0.136417956595523	1
-0.032388381324577	0.161729972683156	139
-0.016247804390974	0.303260545528067	1
-0.058156033376674	0.301255062191993	1
-0.06222317747901	0.288768768161051	1
0.047224557575435	0.519755140011194	1
0.058844497629458	0.345632612876184	1
0.052578283491867	0.468035688736778	1
-0.030971508991978	0.305894523596634	139
0.069930134016805	0.137835636070768	1
-0.053146490654646	0.701084156940352	8
-0.012424906227796	1.06724403882572	8
0.028159501156918	1.06581523853296	8
0.042480683245752	1.25369845817555	8
0.014193986000653	0.452696154980324	8
0.002669319120081	0.125852535941703	162
-0.087765555930807	0.271907831315111	187
0.083915652498641	0.501846878825174	187
-0.057870498184057	0.173051389703561	187
-0.00497717150770599	0.127039791159862	187
0.084844904012365	0.227340885060919	187
-0.051732025188276	0.210280827689707	187
0.037241364684942	0.250837902686463	187
0.06893741513561	0.321516972620468	33
0.026894266185405	0.134288102858017	187
0.109921110332475	0.675733896026334	65
-0.116658596628715	0.165218828526943	65
-0.120286212043879	0.115455803926083	33
-0.053800748849191	0.203445027805881	33
0.069384523880091	0.145764887399928	4
-0.004433428714051	0.129287892053221	4
0.000549937672336021	0.13050662001143	4
-0.066597803155801	0.258210152058273	4
0.120984395190918	0.151836587912459	4
0.064449895947405	0.141954040430585	4
-0.044873893274058	0.212309251793097	1
0.071254910713066	0.232371850930484	1
-0.05412590970173	0.254044526284469	1
-0.091152596674505	0.293746925242926	1
0.042482327850496	0.602907013766463	1
-0.023251231039634	0.308253854367131	1
-0.07971479688973	0.254040724717913	1
-0.06069737694044	0.290177762120623	139
0.029909115873157	0.134283526450905	1
0.117979238765334	0.146436969512089	1
0.035860166714715	0.242069817406628	139
-0.029165384342966	1.19551061101298	8
-0.112664051427044	0.317185377231595	8
-0.105735701986147	0.280911221413462	8
-0.06430591834992	0.124939659904027	8
-0.010352680274098	0.399272481817857	187
-0.061307058562473	0.186934375474302	187
-0.085819621324887	0.198167396145948	187
-0.053489511587681	0.256869190012324	187
0.078517480626856	0.223185780168777	33
-0.062446807974971	0.168096425411899	65
-0.06015687921864	0.1881953725549	65
0.017402769683264	0.376200362833704	65
-0.026097806473993	0.287959537426202	65
-0.118210847526829	0.130031172458035	65
0.056847999201344	0.36525031023642	33
-0.039149341976671	0.1316593696854	33
0.041762417362906	0.250860994092768	4
-0.00811557863597201	0.125376091820993	4
-0.037836245178406	0.126566887075135	4
0.019394512159964	0.250561051045658	1
0.034846082480727	0.140095248582762	1
0.079690567687772	0.224882911062246	1
0.075389372288167	0.228568111831182	16
-0.02021571737571	0.128907159350225	16
-0.09163304894973	1.45290680200883	8
-0.115581746500552	0.657833615773534	8
0.020799383034413	1.89529893758542	8
-0.093266751250467	0.564899954021652	8
-0.012863010865053	0.61163263687668	8
0.041595938100857	1.0706164642155	8
-0.049114241121503	0.198468287581717	8
-0.117567244648285	0.106043770765111	187
-0.023130084495396	0.230548421182842	33
-0.013119892969034	0.294336356396513	33
-0.055543331894021	0.17053256708677	65
0.121862708160505	0.422272615626309	33
-0.068388825561164	0.161414226372158	33
0.020287348691324	0.237894788168087	65
-0.032038330813995	0.119172279578995	65
0.044236045180208	0.326614611625841	65
-0.049495633674695	0.159375015702981	65
-0.056306692397028	0.152777028300083	33
0.060419218574052	0.239937088075771	33
-0.057495898387123	0.173620661028297	4
-0.038891409595038	0.163063936144111	93
-0.05024412074424	0.163894794211412	51
-0.039172566862393	0.139265505023303	1
0.051090909550615	0.326796541312224	16
0.074667551275516	0.246788787356548	1
-0.084502912645961	0.243600300874396	1
-0.064006447221628	0.219417317032914	1
0.015642350176832	0.229153223952665	1
0.080545015661208	0.332561005117423	139
-0.050289927999079	0.151970244549074	1
-0.119651308486323	0.14183196567365	139
-0.106689587734701	0.131421342711295	139
0.075382282025065	0.237541556210574	139
-0.035412595766354	1.76026692849683	8
-0.034960891035515	1.4724605149062	8
-0.039714027106371	1.32647135712891	8
-0.119316560550553	0.731735059728626	8
-0.00657735408535901	0.829844493294856	8
-0.122822882701599	0.282168276076285	8
-0.067546391614961	0.630792965794461	8
0.077292531653188	1.29348109220286	8
-0.089889432410487	0.177224831464228	8
-0.011228387630733	0.272746791828612	8
0.117525353098116	0.493606058160012	8
0.09460329866404	0.480064644586166	8
0.123161756425142	0.47643431557159	8
-0.1054272328021	0.165891424267274	187
-0.046203881709446	0.19191961520144	187
0.057518265944142	0.334893602960157	187
-0.05636791668176	0.183554956390038	187
-0.000838127246193005	0.254695198236571	33
-0.098404668343907	0.171151651199404	33
-0.042033871471346	0.187180395365324	33
0.006561690022163	0.271204553153074	33
-0.122731283801152	0.104768694710406	65
-0.042408501957496	0.153776373734828	33
0.107419206959996	0.423242625881991	33
0.077452182737137	0.392901485320359	33
-0.044481589928507	0.168399445057398	33
0.038913520663948	0.241726033601264	33
-0.107406083897957	0.109029386502798	4
-0.050464346997673	0.15821414240942	4
0.118694499691446	0.338773094736764	93
-0.115532578332679	0.122599842858364	4
0.11742880612546	0.327109153356013	51
0.084890431365099	0.245578367535302	1
-0.116201606068164	0.122784567759367	16
-0.045237562954134	0.140315508366609	16
-0.037413512521857	0.162692360245753	1
-0.114749456266953	0.129697702816394	1
0.030182106604299	0.428961208406108	1
0.058724266878232	0.321068499545149	139
-0.1166752287609	0.163870056657629	139
0.045532141451604	0.231614802027688	1
-0.053027668110452	0.160744210643194	1
0.065286215960826	0.316500090109244	1
-0.070779023239097	0.24053949393652	139
-0.065865697390565	1.17057024020672	8
-0.021062900146011	1.5730355732106	8
-0.026122027976699	0.967037169032442	8
-0.054932943106038	0.419090202595455	8
0.098590761749768	1.42792584738622	8
-0.111382192003919	0.252099178120335	8
-0.114070571351526	0.116818726049205	8
-0.054325484428597	0.177418141011907	8
0.00617781745660401	0.271002055670401	8
-0.11907259782654	0.129912164275976	8
0.035095423261536	0.413020979099817	187
0.109550702788634	0.328250187230627	187
-0.03653367464398	0.165816964568238	187
-0.046882415808525	0.158444434396988	187
0.101031914961441	0.401661734052719	187
0.110222278675113	0.468520438582256	33
-0.06713222103341	0.1584270801017	33
-0.04103431710743	0.161309692206855	33
0.104997476295445	0.402646991982147	65
-0.034173756641038	0.254021838547313	33
0.111651853344299	0.738355338870719	33
0.08823662641355	0.492729188031523	33
0.070194806613488	0.469128043742463	65
0.018835240840954	0.331886464710329	65
0.016683313451103	0.348875341896569	65
-0.106645969805779	0.148659469471529	65
-0.095283303317663	0.155243657970491	33
0.00155866014193701	0.256251164384928	33
-0.049532687568731	0.149690045888382	33
0.03619887907506	0.238395363378808	33
0.102807963146305	0.452344285878082	33
0.097992437544487	0.227455433000201	217
0.053583686659034	0.391608351510565	33
0.073611061459494	0.245875111487466	33
0.062887356870201	0.242437912283045	33
-0.038261048614627	0.163723605949012	4
0.105467311464724	0.420125159277083	4
-0.070677370973827	0.20061603371913	4
0.121695864734443	0.320842551033102	4
-0.043197550890089	0.165162064337493	51
-0.031644884048794	0.161221100781021	51
-0.02446667614176	0.140250694507409	1
-0.039361494485179	0.139928562901156	1
-0.039405843282026	0.133440563714735	94
0.045406197672368	0.379966761540801	16
0.10760453936046	0.332598197290473	139
0.014112065673999	0.400777321764238	1
-0.117185909285226	0.183260094842004	1
0.10529488889407	0.505661738833214	139
0.036128204939951	0.224362737263868	1
-0.118652764586848	0.819160997165669	8
-0.091792240370707	0.554574726231726	8
-0.115139880655064	0.337927133344599	8
-0.068965920768535	0.390353098574575	8
0.117313402676885	0.493047950049713	8
-0.049077997754445	0.21733221984576	8
-0.064410101308204	0.204493859678599	8
-0.054854034917502	0.206879980693965	8
0.049549307182621	0.390882094273532	187
-0.051707773831916	0.168759851436933	187
-0.011102112779759	0.286917616000167	33
-0.105515390082558	0.148647514486063	33
0.019111763857657	0.234831436334978	65
0.118509402482895	0.480423859344081	33
0.120050352729909	0.450682233261909	33
-0.106189393800442	0.159176879520281	33
-0.041589973538257	0.14967601759003	33
-0.113433988543697	0.115994204355158	33
0.118492985031366	0.41761226507872	33
-0.050838110231183	0.180189933968793	33
0.053178074802245	0.246340808810352	33
0.007134388927444	0.242618509943601	33
0.04223259798812	0.228392259081648	33
-0.044145793475464	0.156656106765232	4
0.106399053591067	0.339598137555746	4
0.04305417082286	0.240411967618613	4
0.045112454052783	0.221643565381582	4
-0.039232127229738	0.153664386984826	51
-0.121674009777307	0.106251446310188	51
0.071191838596759	0.232881898124909	51
-0.047575812460167	0.168988953659969	51
-0.120682783158549	0.118186621295652	51
0.12406139087619	0.335437206149734	1
0.08600607083773	0.236141112140939	94
0.103292875839747	0.313673096692925	94
-0.121019937021588	0.105152050178035	16
0.057927863235734	0.229571135069684	16
-0.021107270575294	0.130299456763357	139
-0.096144862687942	0.173460912745329	1
0.075379847859017	0.420861036591025	1
-0.05117029551255	0.189845453337142	1
-0.056154227378069	0.206172739165194	1
0.103837368123715	0.322060175311043	1
-0.052024510138944	0.183006920522946	139
0.079083611410157	1.65519379260851	8
-0.105296382615336	0.137736013579036	8
-0.119079275239689	0.119943770851427	8
0.123927883038722	0.415108459007706	8
-0.050442585891855	0.181746959372668	8
-0.00190090998700301	0.26013077986106	8
-0.050537024517313	0.176598649221081	8
0.00322905217513197	0.243570494638805	8
-0.107102190741206	0.155721504863479	8
0.00675942545743902	0.495684377439061	8
-0.00775609595108501	0.244708625520635	33
-0.017328465376014	0.314989464717047	33
-0.082327838012526	0.24101242455958	33
-0.08973090092011	0.222383024432222	33
-0.047364581088883	0.168101728736632	33
-0.00646061143273199	0.230605497424264	33
-0.039429594051118	0.174681002904894	33
0.014259593138717	0.358616646989386	33
0.018035711774317	0.521661889109326	33
-0.040729499320239	0.294767812135898	33
-0.086572509966774	0.209525275931861	65
-0.096320361522399	0.143639684711426	33
-0.102604494763512	0.161393685971531	33
0.04774475266164	0.36007880756259	33
0.061383520520411	0.315108375529416	33
0.035331648794416	0.236840364030808	33
-0.04453845785784	0.148370140664026	33
0.077354180544231	0.234329221680014	33
-0.039273184787328	0.133851173394983	4
0.082900695933935	0.228614119026481	4
-0.042459670587972	0.164872831245287	4
0.074717755566075	0.420950799646747	4
0.00206645409345402	0.133209708961338	4
-0.05044878131806	0.153758023813481	4
0.094964047713653	0.224992470244545	51
-0.043495751030382	0.144119913359733	51
0.00173949361101899	0.132611614303387	51
-0.021875902566867	0.126857837321285	1
-0.039305724288112	0.132984051868724	16
0.035260979810389	0.326563219610541	16
0.013190733032393	0.23138162951558	16
-0.02318934475428	0.128792089269078	16
-0.037185528696799	0.135497188703944	1
0.121939747228424	0.41378238991388	139
0.01849224203561	0.430282532353492	139
-0.093669500588465	0.175625884922298	1
0.004130556663759	0.286280509025375	1
0.029186046673749	0.369359216165788	1
-0.124421127489194	0.109372411675119	1
0.028910932265852	0.238047453010182	1
0.025558839021324	1.64291793527345	8
-0.017072689001087	1.08235302936585	8
-0.051845686973009	0.491646263367456	8
0.077949568628029	0.960639836709154	8
0.00629183403112898	0.604935559207775	8
0.071213398113715	0.409908064747626	8
-0.014507992820805	0.29247398421759	8
0.114132449112064	0.508133372168997	8
-0.053203316580282	0.213733175482144	8
-0.059262411853655	0.284362425705682	8
-0.089333777006274	0.240072960669489	8
-0.122988126707631	0.177959884098543	187
0.039659849779774	0.231921079755104	187
0.091725887601085	0.328827817571982	33
0.00242235530735702	0.260732476414608	33
-0.097456604385698	0.188423363237477	33
-0.060792444923291	0.236756857095491	33
-0.00249741989507199	0.276084089580381	33
-0.017651764876296	0.262187448793066	33
-0.093488485736726	0.169858168621067	33
0.025790495373271	0.264637894691524	33
-0.062131423251485	0.164535631226672	33
0.043353161750805	0.235311217507647	33
-0.067684947721438	0.143312875871343	33
-0.104454055037861	0.114335743602995	33
-0.013637680962264	0.308754581642816	33
-0.013772888911938	0.357822895823943	33
-0.045014661508874	0.267087594481807	33
-0.124656012147379	0.201385887728109	33
-0.024518001297212	0.298257401662585	65
0.11967119677776	0.482420408222421	33
-0.112571017258846	0.122757563535459	33
0.00889342585244701	0.244024823537718	33
-0.105038595204615	0.15406794137365	33
-0.120406692034755	0.110494859789642	33
0.002031810748093	0.242220612351592	33
0.00554487743707599	0.237806547533699	33
0.081576062171687	0.241917019423224	33
0.053551093841109	0.23421144838305	33
-0.050695302119679	0.157313070791668	4
-0.034718239750882	0.130035911740522	4
0.103945505968797	0.322395345601629	4
-0.122049868161338	0.1025601419319	4
0.014292522151072	0.24908540816369	4
-0.087541165051184	0.188061065967586	4
0.064094184675631	0.236497764464009	51
-0.053122717368598	0.153739785387022	1
0.10894667688142	0.40553881196447	16
0.120047334148756	0.423682215297277	1
-0.045870789667597	0.161572257141529	1
-0.09097631835468	0.223507167436356	139
0.087706527218744	0.532655257347546	1
-0.124916082103154	0.110507667507149	1
-0.063016698879114	0.297016384403508	139
-0.066760772638338	0.168553634783517	1
0.109770777623026	0.547111869805195	139
0.013164399250457	1.57643179417748	8
-0.089782309202196	0.559111488364461	8
-0.120421220883508	0.327063076366322	8
0.036847316858569	0.851051196272701	8
0.098467261449101	0.821078031541673	8
-0.070803752830435	0.325445560500101	8
-0.04175119214009	0.334907734545685	8
-0.066267619883497	0.24775757137939	8
0.074696663840424	0.465836156726031	8
-0.043425109657423	0.2912329617257	8
0.00363734961719298	0.442710656261607	8
-0.042819100901295	0.301054028375924	8
-0.00607133877834401	0.345756589818716	187
0.048876335745868	0.405292566350074	33
-0.010717383098529	0.330085272295071	33
0.10025213373696	0.602122783136772	33
-0.099363420855092	0.214548596062315	33
-0.042957131021853	0.315853755362303	33
-0.123670147063928	0.16041012961781	33
-0.003004546402159	0.356287512081152	33
0.025355864074157	0.358054945949312	33
-0.012394854516917	0.281061266134215	33
-0.109721886004145	0.142922155979265	65
0.033168249533512	0.405234939740541	33
0.00264745579810499	0.345994919261198	33
0.055508028770613	0.54952142441136	33
-0.00576130914001999	0.303364866666938	33
-0.10604050614917	0.272626588451457	33
0.085535008474127	0.459900259970679	65
0.028668861994736	0.328578588041058	33
-0.117304508259025	0.136357770102983	33
-0.068737999270719	0.237251691272097	33
0.122457728400925	0.38793778497027	33
-0.113929297679972	0.135095558290995	33
-0.043491147048241	0.242967251578365	33
-0.11660217224926	0.131025753453056	33
-0.116580360830532	0.124534338243641	33
0.039226654540215	0.344119204512636	33
-0.065913768609816	0.172237058350157	33
-0.05648310004855	0.198319730719941	33
-0.104661427878634	0.145926385896168	33
-0.063813105183736	0.186649782147649	33
0.00141849574201303	0.251552605359506	33
-0.105436659181701	0.147349692323606	33
-0.000389074303110998	0.274030822405429	33
0.091340000203149	0.402709329255433	33
0.091496251010977	0.494322254947248	4
0.107270929045519	0.54211267212391	4
0.124658090748398	0.478294879536869	4
-0.044550223632533	0.13679147239867	4
-0.057835450295707	0.187826070135034	4
-0.060566941923412	0.203366321571898	4
0.107580149599686	0.399565847193249	51
-0.056918802836729	0.173370815476922	51
0.120441500969259	0.327172479243429	1
0.040529798561403	0.241722986570879	1
-0.114283161469486	0.125861874165691	16
-0.098699677954607	0.150922110952886	16
-0.046828262981093	0.2209420115971	16
-0.101943663295529	0.153083296922546	16
-0.113212640476798	0.121327087393293	16
0.052568696710101	0.317804941411562	1
-0.118570828826123	0.124620522247434	1
0.093214221358655	0.496555389168424	139
-0.100863706643377	0.182330586588283	1
0.057499519911809	0.571039097323046	139
0.055291509905208	0.425007622273992	139
-0.10118890231311	0.637406009637844	8
-0.026012701361179	0.643015228966753	8
0.000835322255264004	0.353582178773901	8
-0.106240803436816	0.143850309547647	8
-0.123408640108472	0.113823143048276	8
0.016575468073248	0.252089198869094	8
0.10670744363569	0.683852587026381	8
-0.121579978662461	0.130903464567147	8
-0.069185931071269	0.163457887024174	187
-0.055501890928036	0.193767551194254	33
0.047664166884594	0.486459853529455	33
-0.059038663224024	0.294221919969102	187
-0.043225109071342	0.217163998921765	33
-0.050446228946671	0.207286517457228	33
0.022504143429561	0.254997082666654	33
0.114716471894005	0.335518052412466	33
-0.083659008169914	0.21509531959361	33
0.04786622318066	0.236407626027611	33
0.052111389467217	0.236232401167371	33
0.034908158099389	0.235551618141478	33
-0.070805873928045	0.184327533560329	33
0.018837041402569	0.458963011045212	33
0.036408473440935	0.466912585751789	33
0.028099563512321	0.431577012531891	33
0.071253412422208	0.339784694960783	33
-0.086544986445998	0.16982987459387	33
0.121223839347075	0.23396348934615	33
-0.070802461225048	0.192337009632322	33
0.01846744304382	0.339879853428553	33
0.00206645409345402	0.133209708961338	33
0.020537489914215	0.357189885575515	33
-0.048724893579479	0.130762933439741	33
0.018000184997279	0.241955390382441	33
0.064902643748326	0.243959200978696	33
-0.046883016725316	0.161866425492381	4
-0.005626399698864	0.365802356030622	4
-0.039311261560365	0.131779139735421	4
0.112122341920438	0.237878556840863	51
0.124809626657161	0.2354870508281	51
0.074202971937869	0.404463908887132	1
-0.105489803938111	0.134705843230773	1
-0.004433428714051	0.129287892053221	16
0.081819595235172	0.229662175794394	16
0.014215294010357	0.241905404092975	16
-0.00120312719148899	0.130555161763891	1
-0.059879024261112	0.158162181205575	1
-0.064775235377006	0.257526474851612	1
-0.122704094951747	0.159423661798653	1
-0.038533180259281	0.253411814592468	139
0.072192837605059	0.211000680473499	139
0.067869543308257	0.332265088719355	139
-0.121149609267374	0.100849020023215	8
0.037385303912581	0.245929067026466	8
0.090144076858637	0.237231300891318	8
-0.121705568100866	0.108030516095193	8
-0.09972709721318	0.241762329955154	8
-0.079520430143935	0.24471417279033	33
0.105764259135467	0.404608661099392	33
-0.029758046955347	0.297343113888052	33
-0.042120075677887	0.246313922400911	33
-0.048505121125404	0.148583246134604	33
0.080665652713869	0.227682438267671	33
0.011100957976825	0.227286003216914	33
0.010489784930101	0.133838638302607	33
0.036973891435825	0.252565873748808	33
-0.109129636314996	0.119622481761015	33
-0.066954715459169	0.328807110160037	33
-0.10565780469278	0.195736507186591	33
-0.069034095746864	0.274620511602942	33
-0.114106338504906	0.149107466750526	33
-0.00735961773625499	0.122752745816391	33
0.087137062221244	0.232815348693555	33
-0.027990662271896	0.132393155903415	33
-0.026678712349581	0.130950219331384	33
0.013783805220351	0.133061855831426	33
-0.050448605097852	0.173188663547521	33
-0.03511306735964	0.141732517388786	33
-0.00637866366782	0.126020071481088	4
0.093380044375671	0.237835428767238	4
-0.005188384250953	0.126126205668917	4
-0.021974370859179	0.134533983049612	4
0.074993718298308	0.144614581845196	4
-0.038959468566384	0.200432048582917	4
0.086482552655226	0.305655729039464	4
-0.047542265367024	0.140000311888521	51
0.12335419304647	0.234960831872353	51
0.062981990368407	0.232898707617687	51
-0.091914096120642	0.167432584204822	1
0.106237622889065	0.332734018449379	1
0.035716153267947	0.141707385956097	16
-0.04164548193648	0.150165783191056	16
0.101633863784013	0.436601464715509	1
0.06487698355759	0.141057182419146	1
0.00746985749958501	0.13538522964864	1
-0.108004087818379	0.166773173532544	139
-0.121150789700049	0.215909537106226	1
-0.055913991148571	0.300329877614509	139
-0.114579645599876	0.23457626940102	139
-0.100379958873971	0.244255542097682	139
0.089078187759326	0.461224071704709	139
0.03081587388385	0.583068169554286	138
-0.078779710282467	0.505232952374331	8
0.00130631411286702	0.474846451869621	8
-0.087400504371547	0.210776371882775	8
-0.009583823648013	0.35546855740542	8
-0.00766358836390599	0.322555824311515	8
-0.060010252560607	0.215460511013787	8
0.075071342283968	0.463282191279546	8
-0.109761805037383	0.144762219557725	8
-0.113295080162186	0.124755906155917	8
0.096049050437022	0.410350580158444	8
0.021901015965383	0.364691142869321	8
-0.010147177599656	0.249824459480574	8
-0.10691944652269	0.176448920107455	8
-0.041817467583525	0.261403677137356	8
-0.102988047632303	0.161701184103906	8
-0.072016718364791	0.287219957176246	33
-0.039644470336818	0.308898385572084	33
-0.028444054530145	0.363548918915069	33
0.120217730640056	0.486642055868629	33
0.015671655682478	0.242169854890138	33
0.034010472055678	0.483073608544972	33
-0.113412954658149	0.113270905348491	33
-0.030625853436775	0.278335656727196	33
0.009529399649575	0.488378218987427	33
-0.02161689581903	0.389065856699227	33
-0.053246482112704	0.32183083905736	33
0.081636172623668	0.425495201711095	33
0.07372434802104	0.335807407425583	33
0.043922959152712	0.407797433141137	33
0.118546717941397	0.338884229970861	33
-0.1168714630031	0.122745490518446	33
-0.052337466318931	0.256095226725874	33
0.123664599956324	0.32451686702401	33
-0.120691395059194	0.0975370430940853	59
-0.082729817581436	0.190264547900448	59
-0.042547349946499	0.143401576322473	33
-0.03301192344596	0.170349760194077	33
0.075390930170882	0.336683191988259	4
-0.117950699320086	0.117372529277167	4
0.064368628997192	0.238889575770469	51
0.117506860850577	0.326008585676541	51
0.071256726869241	0.232206941924214	51
-0.044724631085743	0.213607166706156	1
-0.043930117608124	0.147985887481284	16
-0.041126570391459	0.148097325854382	16
0.096471049811081	0.323386055497961	16
-0.038524201071164	0.323379737448317	1
0.040754106404051	0.311532599450337	1
0.123700427757797	0.652465479011418	1
-0.086294726080589	0.250654508614691	1
-0.053490441539038	0.225444643832724	139
0.072717613222245	0.45067719649654	138
-0.094122837775248	0.322715026286823	8
0.07630061360825	0.59062484080516	8
-0.060984201914549	0.358698414398186	8
0.035420108347132	0.525019346577316	8
0.094389675757113	0.597625238146148	8
0.051084466822957	0.431821016688012	8
0.106517796936668	0.507207705589404	8
-0.072369317522855	0.178751526827953	8
-0.056922811339743	0.227487944817911	8
0.119546957663348	0.513278740490139	8
0.083235354546355	0.395024276802528	8
-0.056093302706401	0.165836316328158	8
0.044749056492605	0.322684775335031	8
-0.11368084149155	0.152136383016779	8
0.10315191138216	0.408661113729837	8
0.054187779517414	0.345735899290166	8
0.035982451223844	0.237573062385156	8
0.068026540312423	0.229844698318273	187
-0.042889273161259	0.160293426127348	33
0.113179946375147	0.33585600677478	33
0.111199355400022	0.338932608218851	33
0.056635876250155	0.24888251243946	33
-0.032951221489186	0.153829061154662	33
0.044477493037519	0.2463956025134	33
0.078279605423364	0.327491504105206	33
-0.049663895059406	0.136587714449765	33
-0.05331117241459	0.170079434323349	33
-0.053096750406861	0.214185034124383	33
-0.058071248275676	0.223998006057166	33
0.109667921017238	0.230702313388676	65
0.071906753787074	0.239690574254202	33
-0.041442976571508	0.127217001733395	33
0.065000921023116	0.230609481549674	33
-0.120426697395845	0.100829428547141	33
0.078921567568028	0.322861474510148	33
0.104959867103159	0.321414453974168	33
0.062559125434933	0.229511957922947	33
0.049936982526918	0.237962858388402	33
0.081584001328992	0.242060658100832	4
-0.034967459634071	0.134866926875619	4
-0.043052902228973	0.140498222203821	51
-0.028084180093828	0.132163637721134	51
-0.034144245980721	0.152267576158627	51
-0.0503151698039	0.146648915748003	51
0.00301425543675998	0.131187690757647	1
-0.03333314885238	0.165161724176767	16
0.087048280170735	0.231121279085493	1
0.121311696470202	0.231236867347731	1
-0.047269729322168	0.167170110006221	1
0.015620151088094	0.227892613319383	139
0.02589294264888	0.234366767827093	139
0.067316272777816	0.144134511366646	139
-0.00906424376909101	0.275741182581216	138
-0.054682427754591	0.209092121003933	138
-0.028281879645622	0.123055766699882	138
0.085941438916219	0.226585926029446	138
0.079096104481936	1.47610248173564	8
0.00328972438470798	0.84755782087761	8
0.108652062270589	1.09910327803665	8
-0.00119999531742701	0.432765368250717	8
-0.049715085037673	0.296980339472264	8
0.020916008770165	0.415212494421345	8
-0.104516380474642	0.188305380678706	8
0.115693112833863	0.661772484789366	8
-0.043243105887786	0.306840311988425	8
0.070228875409498	0.409774393113143	8
0.104449291208334	0.533571819860617	8
0.030199205432672	0.411501140511104	8
-0.010523030352341	0.304138965319286	8
-0.0276275719864	0.274556303952403	187
-0.042384366935235	0.23068521581	187
-0.105060731864873	0.147822736283784	187
0.07692120652714	0.45541502162853	187
-0.124737787027489	0.113383374586353	33
-0.051935647792889	0.188319606371404	33
-0.075512910440376	0.234667743205654	33
0.00826626014237503	0.263008811469227	33
-0.013533445936743	0.251477426439737	33
-0.011338244042519	0.265887871929069	33
-0.04223103133903	0.238736797382808	33
-0.004049493507153	0.282474910184451	33
0.03647534944055	0.421277441905277	33
0.113636701795812	0.408715379562256	33
0.035320172939146	0.422003350317867	33
-0.091042622158386	0.226102216312181	33
-0.104032155954105	0.219004702598053	33
-0.018548730362453	0.39760493336514	33
-0.061705065597556	0.144345912153907	33
0.020305939883543	0.258824780691151	33
-0.118385515773787	0.120424775944627	33
0.010150591423322	0.262384028493079	33
0.016815157881435	0.356495829795382	33
0.018701507147743	0.36517127789051	33
-0.042872551161197	0.194557099485588	33
-0.041895115954869	0.203467308217607	33
-0.022837078840954	0.234906139784534	33
0.118946522547631	0.596795624762189	33
0.036753508904498	0.344298329946269	59
0.121467158873355	0.422707197334238	33
-0.058596970603801	0.156043265658669	33
-0.062657788188292	0.164470239938212	4
-0.101551175528798	0.141707271267345	4
0.044553808825861	0.246287080502409	4
-0.009325870256399	0.272804975900573	4
-0.053860586194524	0.208101699624647	4
0.059117852776736	0.327639530273428	4
0.035519008377855	0.34138147089098	4
-0.11739561998416	0.118568209318309	4
-0.106386905489929	0.153814167749982	51
0.103837368123715	0.322060175311043	51
-0.119571315972892	0.110571932293459	51
0.00316525830230302	0.250645768018244	51
0.077222961500275	0.315732614288904	51
-0.063859277086195	0.173717371871197	51
-0.057630589460251	0.172637859037534	51
-0.11817882191503	0.111323689696772	51
0.021799847356437	0.245219165518435	51
0.083555803769726	0.31575995787832	16
-0.033550755712325	0.214856524495848	1
-0.101747548207265	0.138828547384503	1
0.063168673480588	0.326282432522027	16
-0.050393100778488	0.224315067678555	16
0.025051994142889	0.241259524009933	1
0.109795171686276	0.34031525353112	1
0.115962673906832	0.324024520674243	139
0.026052025653488	0.233797829936826	139
-0.103148441831293	0.12146718154024	138
0.008618310264848	0.354857156409702	139
-0.069418549744644	1.51190112622833	8
-0.00619765319784299	1.67488841994208	8
0.023364923998816	1.42603878900186	8
-0.064188585770711	0.546081928180679	8
-0.082764461945002	0.335620002661639	8
-0.010422078310964	0.343142070935141	8
-0.046206279764409	0.237300400297611	8
-0.00268663154981499	0.355815155722629	8
0.089984696462918	0.397093804154042	8
0.038384035279937	0.462282622146743	8
-0.110298002517429	0.225194916201427	8
-0.063103323611731	0.308656803685831	8
-0.041539112410743	0.319905564228574	8
-0.124972633026572	0.162095975386397	8
-0.046234663286966	0.185033810992904	8
0.086313735268845	0.32562168188308	187
0.00304697378511698	0.237744886952432	187
0.066122141798065	0.433109351149114	33
0.084408759501668	0.491395237220096	33
0.110924460310502	0.474886814619883	33
0.06650753903464	0.487071748146731	33
-0.058880783366061	0.18179369076259	33
-0.039595215506481	0.313774388479164	26
-0.059354851035586	0.189462281145591	33
-0.052311306415977	0.224877184560648	33
-0.001677811751196	0.278569001214341	33
-0.114201359601287	0.182814233794287	33
-0.099716547248467	0.227591910175554	33
0.079025816575008	0.643513026739702	33
0.052525470964839	0.494250745809835	33
-0.044480066411304	0.334639304819328	33
-0.106147204906089	0.14168281157066	33
0.106932171213232	0.40807557246271	33
0.055545602325906	0.251567037762618	33
0.069037186048735	0.314942259894293	33
-0.112680341708537	0.11416482657101	33
-0.116777008502275	0.106759012818441	33
0.124198515925728	0.337452015769455	33
-0.056513225720376	0.191343268102225	59
-0.124014926686745	0.0942381186583522	4
-0.100495390278467	0.148709714829145	4
-0.04735856804736	0.138258489332921	4
0.066789770673595	0.320185169527396	4
-0.051368310322496	0.160945545113152	62
0.036748031788356	0.230629900858479	62
0.041946199836223	0.318338027897143	1
-0.053221365434173	0.17018254273326	1
-0.058702029167086	0.147673169762613	1
-0.054595039371271	0.153122512583478	1
-0.064704534206143	0.162275173110597	16
-0.06112038145115	0.200870736031901	16
0.04576275890127	0.354060056085479	16
-0.097133779972899	0.196099311369944	16
0.035929177527195	0.43518896536875	16
-0.040331465328196	0.131065359414991	1
-0.120493293227648	0.143678587290068	1
-0.012463790828191	0.285839692460439	1
-0.031822694750027	0.288848337824018	139
-0.022655767606039	0.264107754681458	139
-0.112871688892027	0.17803637396722	138
-0.105042354748212	0.187733710967837	138
-0.099972097228299	1.14111874073706	8
-0.124837586627344	0.522771181325704	8
-0.073508440889133	0.786304920544674	8
0.014389011590337	1.27283386016498	8
-0.08563999413695	0.45124680325903	8
0.124801529630496	0.571040294145256	8
-0.032293017897892	0.29532277936797	8
0.041372325243869	0.320758580221239	8
-0.047094300024587	0.229212675522236	8
-0.071295649305972	0.194409802093326	8
-0.104318653979881	0.187300690706407	8
-0.057976681374231	0.223196430160018	8
0.08581721200493	0.330284180898296	8
0.111714593093843	0.405057434292633	8
-0.064983658432807	0.328686054738661	8
-0.110693590752399	0.220235050594364	8
-0.011367681183555	0.454793759434887	8
-0.000194111121159996	0.405234931559015	187
0.11727870797777	0.578962111637874	33
-0.123149142094002	0.162027922062324	33
0.045958533691254	0.54828376409284	33
-0.101663749615731	0.242985241758476	33
0.058809873018699	0.513792657673705	33
-0.058875757480712	0.314084978903848	26
0.111878566861699	0.389324037558612	33
-0.060723304477737	0.184172010814878	33
0.031535865890331	0.249058102359086	33
-0.065874514788458	0.204750017759344	33
-0.048476850148894	0.41405392482124	33
0.120843379953198	0.90121236388913	33
0.07874642755496	0.463476715984174	33
-0.074977304494971	0.291756309386518	33
-0.036698628792117	0.336354407044542	33
-0.024407827619659	0.295688647833743	33
0.050866058279389	0.413397003099971	33
0.014870024311413	0.36657085816319	33
0.083096570016137	0.41715064663526	33
0.05096244971105	0.240668580787977	33
-0.100630754988768	0.209508647661312	33
0.098239520453118	0.230279161963823	33
0.00234221643608601	0.344705444751767	33
-0.090308282296003	0.230462283245154	33
-0.0000649555353330056	0.246289448879768	59
0.054072644256446	0.24629287509769	59
-0.0453877153226	0.150593245486639	33
0.09421018032051	0.330944948493478	4
0.107310366264241	0.464010092071113	4
-0.031285618974581	0.150223796376823	62
-0.051101231827595	0.307414911876473	51
-0.122862410320486	0.143883987841283	51
-0.076703684966624	0.231206992473116	51
-0.112544515169427	0.170909260156578	51
-0.08908273252237	0.18125717731979	51
0.065526013775367	0.232877142075492	51
-0.046865184055782	0.153486996112474	51
0.048022976670047	0.24882565725536	51
0.097235772503962	0.417896868605441	51
-0.036823064237628	0.234470291221415	1
-0.070861760249426	0.138607554477108	1
-0.056062058258143	0.151477897643704	1
-0.017606077039811	0.257013533764726	16
-0.040378265162997	0.30663539498578	16
-0.11666291852392	0.118649872280135	16
0.023930925646743	0.241094948405802	16
-0.047975192998559	0.124493249260763	16
-0.051258316332775	0.167158636337327	1
-0.05693435894586	0.2215567097658	1
-0.101002393433382	0.179065968367846	1
-0.024506021428157	0.291479257825585	1
0.080538059217181	0.62835807211782	1
0.028985123352783	0.427793534756078	139
-0.091156202285868	0.222247040155284	139
0.017231835851188	0.357490783059112	138
-0.091445312992434	0.202545323327371	138
0.056000738747428	0.46718570232511	138
-0.048525200252093	0.138355077463846	138
0.05930753761764	0.335482718017246	139
-0.081727188388057	0.600441532104997	8
0.07662616715833	1.38729923742266	8
0.032408663564038	0.825173997559629	8
0.01406499829814	0.428795847021698	8
-0.076309370499038	0.228411671798996	8
-0.116531516215014	0.181094931452755	8
0.10271245468537	0.587096278522969	8
-0.034054795589831	0.27597724211685	8
-0.101762423535062	0.160499701063742	8
0.04210077325094	0.326721783172073	8
-0.081358433663465	0.265601180733711	8
0.037358358681628	0.430527810221907	8
-0.00524940864684101	0.261556796086313	8
-0.050659732246391	0.168301425012307	8
0.05578293206988	0.342323339286102	187
0.113560835737898	0.400946145924078	187
0.046798819172121	0.344857859601164	187
-0.040645655828791	0.273840306798512	33
-0.069756258845321	0.27265429079	33
0.010879588754661	0.255786393861608	33
0.094104011467869	0.331178036910365	33
-0.091448782400406	0.186489708611045	26
0.096308658630911	0.387593283149536	33
0.029723557908053	0.233038159445543	33
0.080767712352947	0.45358196442731	33
-0.10993564081274	0.23567055317151	33
-0.00670925046429199	0.431017573008306	33
0.029048874887172	0.36881950649699	33
-0.018155687581715	0.285253647799576	33
-0.105563893765568	0.138800735874994	33
-0.12041642947748	0.147118615144679	33
-0.056582702248057	0.180268775344266	33
-0.113476717261248	0.121247307087306	33
0.04125234880796	0.263150288026808	33
-0.118927159579067	0.11154703599193	33
-0.119754673805428	0.102597275769437	33
-0.048656349531614	0.249369517429627	33
-0.111813643333359	0.122208834451133	33
-0.052188922403116	0.165503734063585	59
-0.12317578621528	0.0943329749506864	33
0.013296758570322	0.242322494929869	33
-0.037206943345512	0.148480361995162	62
0.099901507418709	0.471241869987402	62
-0.092891311529893	0.163519624582386	62
0.020871101514391	0.234158954434641	62
-0.044279948608649	0.169462272822374	62
0.05053370802241	0.256408231430324	62
-0.088707720151531	0.151679337268808	51
0.077304937971013	0.231195001330003	51
-0.035751555307704	0.168621566819241	51
-0.117913939855634	0.10765936959595	16
-0.105886633160391	0.138628505497783	51
0.034946505140391	0.237800448275795	1
-0.028176448439513	0.131019582084404	1
0.072180700567771	0.319379265799467	1
0.067181896405864	0.332090598832918	1
0.121906365094989	0.482886820330036	1
-0.00690725944132301	0.284569910314384	16
-0.123182244016213	0.100947023664054	16
-0.066220546423629	0.171158318860168	1
0.021385414431252	0.35133751068076	1
-0.118208659334153	0.153368630874323	1
-0.028957899096971	0.304067580248357	1
0.00717948853155498	0.272284930157153	139
0.057835344593651	0.511021120953921	139
-0.100117353980018	0.17512799956421	139
-0.075730208763028	0.162210305706175	138
-0.115753954388384	0.10313621312946	138
0.100936052465609	0.43692014537924	138
-0.11655408307549	0.470954379207712	8
0.082069721329836	0.727469169604991	8
-0.065060667225877	0.348482277700102	8
-0.103744597557189	0.212217601034153	8
-0.026463119573125	0.373193699354533	8
-0.071894381261543	0.288456834612262	8
-0.094233217097516	0.230989411976718	8
-0.063648177172891	0.26243687441363	8
-0.098430688896228	0.182428088706373	8
0.097704500738831	0.55942608800503	8
0.034328102706724	0.497949811496738	8
-0.037109316101081	0.31409592897163	8
-0.00552087707035501	0.325893644597661	8
-0.124231194030195	0.154696896825534	8
0.011170783631286	0.351051184459851	187
0.121572482519843	0.50027671767078	187
-0.113595625299817	0.156680280985219	33
-0.050004433272786	0.152589985425239	33
0.053956747253994	0.246174267123927	33
-0.0523234240231	0.196252402960189	33
-0.057786943570585	0.220931098738687	33
-0.073961022413474	0.223555007322303	33
-0.076935335523893	0.201655341682037	33
0.037541008794498	0.351478409997978	26
0.054726041301344	0.390570102199837	26
-0.064858316703193	0.18101406141973	26
-0.118201310391908	0.126547302867288	26
0.028848448375638	0.361915659802379	33
0.093215941427404	0.407942322623648	33
-0.037445379711374	0.289450704986573	33
0.098230762375363	0.589296546633728	33
-0.079620934522259	0.232603527253556	33
0.096513031780748	0.562905633463068	33
-0.028136161327854	0.333545388947085	33
-0.10149653404531	0.195524196337423	33
-0.00919532023182901	0.363021138752371	33
0.078465037530831	0.239372458325107	33
-0.00207807182934699	0.247735157717189	33
0.066534373259942	0.334465571385068	33
0.016098780384091	0.261046175524141	33
0.100817644615473	0.413565161178399	33
0.056730128229316	0.33125460876424	33
-0.052188629981037	0.236996916764296	33
0.062552750120147	0.356028448683971	33
0.018460316996668	0.324864098494933	59
0.080411452485616	0.32666576132072	33
0.119484712681236	0.427020758806587	33
0.08167382525025	0.434788740707717	33
-0.091058476715154	0.174994588221197	59
-0.110453950811507	0.131456089828573	59
0.00831085883995097	0.261560701818529	4
-0.112082589231191	0.131371881429725	4
-0.041471170666653	0.191975532397369	62
0.080978691243483	0.320087025794349	62
-0.068721230194304	0.203621460260478	62
-0.099825464752848	0.154711832727418	62
-0.108389368628776	0.134725590819534	51
0.082619593066185	0.336545771142773	51
-0.00761018596805799	0.25330787499353	51
-0.037654456316472	0.208607856524131	1
0.032890169157816	0.314894668419787	1
0.113885496987087	0.495306308026825	1
-0.051343545491064	0.181256758987795	1
-0.047856836268392	0.209308255374355	16
-0.042605198657664	0.151789048946127	16
0.046964614699317	0.302870525124924	16
0.00165795265441798	0.31141314803593	16
-0.111716617075097	0.11221582572613	1
0.11804315322162	0.425649711203276	1
-0.049726481744573	0.158182707320616	1
-0.06029013393347	0.222506767956606	1
0.00202504098015499	0.130588950927864	139
-0.036132032038169	0.165835519785398	139
-0.058334540455767	0.190408710427122	138
0.105952409857566	0.610122358601774	139
0.034323193968345	0.243266383960901	139
-0.00982927701950001	1.75981728470196	8
0.086806913409834	2.20966329097995	8
0.091708296182114	2.00794956740687	8
0.073919077729384	0.799045858870192	8
-0.117371451922753	0.22226465370599	8
-0.102791577917337	0.212549059345985	8
0.069300184281238	0.557537244844482	8
0.1151847274355	0.604688489720455	8
-0.029940667769445	0.283457672861036	8
-0.08019672736341	0.238514999172868	8
-0.093607561132315	0.190644330666291	8
-0.032987648781084	0.365619185033259	8
0.097680876748723	0.415056234088701	8
0.057203161028362	0.337006871993531	8
0.122681402748838	0.478285723946588	8
-0.055467689460341	0.172447515170548	8
-0.050283420184759	0.24049015515606	33
0.056411235219613	0.471019170636529	33
0.08438050646291	0.554242877023941	33
-0.040052631944333	0.311098484695924	33
-0.085710057188144	0.219582863453683	33
-0.104975755459308	0.12949701144318	33
-0.055992655249382	0.196405587783187	33
0.057175947616287	0.329281727282988	26
0.115819353355212	0.507288687147844	26
0.00874417430424002	0.262752510221818	26
-0.00729050686430999	0.30596610792316	33
-0.082470834128345	0.228600332901667	33
-0.081405204608492	0.274660254075817	33
-0.10474102435116	0.228642811561651	33
0.021546498529681	0.395746615851401	33
0.024653098177599	0.320177296081531	33
0.100270245233577	0.385076767324478	33
-0.011276094923625	0.263172655065679	33
-0.017031241398945	0.258230242719701	33
-0.118955670385827	0.115830726413159	33
0.102651494536164	0.320366275228455	33
0.000128179211534019	0.408981473991056	33
-0.037942572537721	0.163850455122467	33
-0.098162604587977	0.133349828976065	59
-0.01092205041417	0.218499055724686	59
-0.116646760524241	0.10746003264403	4
0.00209230680606298	0.254807565053966	4
0.113834948003454	0.341826105174649	62
0.070216703966005	0.32508709100139	62
-0.054476788943725	0.168891996379067	62
0.068940785450212	0.417087995513165	4
-0.07107203898085	0.216830700573001	4
0.00159085411043602	0.286872177188853	51
0.029492270176803	0.249632798564892	51
0.052267455285731	0.251927637227537	51
-0.00552320000154499	0.236313001730556	16
-0.114156298000967	0.127561765377234	16
-0.105195174890395	0.165054168603877	16
-0.063982948915543	0.170897364686478	16
-0.011141872820863	0.263310778064201	16
-0.124277360332672	0.105575671592517	1
0.009612327413135	0.237016612268452	1
0.01176014531916	0.240993504374816	1
0.036522868866828	0.247026848097228	1
0.066940844800358	0.329779026812689	16
-0.124714683489857	0.142464874071264	16
0.08265485520369	0.328158728641541	16
-0.108458224713078	0.14749536969704	139
-0.017145856365853	0.312014598890582	139
-0.045986746665791	0.256269962377086	139
-0.071668184796875	0.232287299766181	139
0.032134985644659	0.438556696564706	139
-0.073303970312035	0.17674703585399	139
0.118174767596627	0.477293971576509	139
-0.114575163874062	0.129185332550365	138
0.009341194191335	0.83363954429516	8
-0.098272547312223	0.314242865631228	8
0.112085223346927	0.757113212864348	8
0.089365941328387	0.521309367017663	8
-0.090300798636458	0.183066614441536	8
-0.061482639631833	0.178758927340171	8
0.060115273225544	0.299592887003196	8
-0.118283699917434	0.182219323397519	181
0.043413951140797	0.538903722627363	33
0.048064687522911	0.465421056575735	187
-0.111702837985957	0.144868915716659	33
0.00415462027507202	0.244492757000089	33
-0.000263177909132994	0.257926302525752	33
-0.042862346413167	0.159012980340581	33
-0.121098303410981	0.0935911332800506	26
0.026591638865084	0.394958536945586	26
0.049873845307938	0.243162452523355	26
-0.123198608075786	0.10766835315764	33
-0.063817543200412	0.192874718473153	33
-0.049925212876704	0.330468548808612	33
0.067057107905106	0.545853587536181	33
0.064617312722077	0.492437306635242	33
0.012054050860453	0.2387749417717	33
0.015977157551715	0.419649447326898	33
0.049772511062291	0.243608663580453	81
-0.047824096329097	0.300157061549963	33
-0.004787678404503	0.258356717692331	33
0.054794570302917	0.241957085672568	59
0.052499502503876	0.231952050964578	59
-0.023021533888109	0.240661655796988	59
-0.050241547239749	0.168596982447373	59
-0.029207264418873	0.294112578185229	4
-0.123307979131417	0.0965241090205281	62
-0.060030212355057	0.17157704336326	62
-0.096777763089344	0.169487909817309	62
0.123935250800045	0.535447619643233	62
0.026857741470641	0.243323133211201	51
0.12463728221378	0.33300247217548	4
0.049734264250732	0.306262173264724	16
-0.054183057504424	0.137882513970624	16
0.11958156897245	0.470603727666723	16
-0.039102059791678	0.195457012892342	1
-0.019515140268921	0.273514557575065	16
-0.033709503416597	0.130504594469329	1
0.034802989702351	0.435277375483336	139
-0.022706193754803	0.339577969107131	139
-0.044403285831421	0.240348922186047	139
-0.014371308230931	0.269773988780637	138
-0.00782690517756299	0.241141231567618	138
0.060893067096826	0.719183876046761	8
0.00647810945822402	0.455872449961585	8
0.049543873028316	0.533799234963734	8
-0.021873717408023	0.331761529476649	8
-0.096193034509985	0.164692700485128	8
0.063708949962898	0.424720008696893	8
0.027376518368511	0.339716771660032	8
-0.014677117674334	0.402456108290664	8
0.00377723534517499	0.38799137491276	8
-0.034173264456652	0.363520284972841	8
-0.107782782866139	0.18366192273957	8
-0.051207173639744	0.155416268812889	8
0.112770574516253	0.411136532814714	8
0.030765269059301	0.25251661494998	8
0.034992746586249	0.334439989847168	181
-0.102573378451758	0.182601853097625	33
-0.054719873705485	0.1809027345434	33
-0.06260323725092	0.194847381435849	33
-0.075074582040466	0.261636354173225	33
-0.119092025137016	0.111133139412232	33
-0.038363111180968	0.256019816427066	26
-0.064057746449504	0.207249170107395	26
0.068210883721721	0.474757752972291	26
-0.082388358871469	0.253174270641262	33
0.105713715244934	0.70061886851597	33
-0.10742743561613	0.20896940593033	33
-0.00370912486757699	0.313295491386314	33
-0.109793031168176	0.139696490927456	33
-0.015180295237432	0.265531592538867	33
0.090769218610123	0.398403328702474	33
-0.060138137078672	0.180957224690117	33
0.00913918351287402	0.243789204539405	33
0.025569160073467	0.250102653764215	33
0.058447862330845	0.507571724382498	33
-0.11552494240694	0.123207322111352	33
-0.065261180236285	0.165888784286069	33
-0.04965698719508	0.178964758752611	33
-0.073285090082415	0.171108882443313	33
0.018060660116719	0.246169808662708	33
-0.027422470557004	0.266923060064738	4
-0.097078019792918	0.172080678796059	4
-0.041977574049191	0.1547324025021	4
-0.121057089880707	0.122839809403453	4
0.088790202154709	0.336021247514316	62
-0.038041472917377	0.173389774458015	51
0.089670644125024	0.486208856431263	4
0.036704826130559	0.233439919318654	16
-0.032224750450625	0.171805806137541	16
-0.110831157936131	0.142789855084803	16
0.075870046029595	0.405924708075885	16
-0.074928780510722	0.165669399610366	16
-0.060540109536759	0.169731333393246	1
0.079587184806746	0.24098214524031	1
-0.04911364885009	0.161445055831033	1
-0.109405158197707	0.13708341628404	16
-0.106630488543225	0.135081874541547	16
-0.013065886311797	0.293524885381335	16
0.037611542198773	0.237914772184569	1
-0.098767029275879	0.16234554207924	1
0.084102669277956	0.49937462465556	139
0.063962680446303	0.410233436195146	139
-0.118516926201361	0.182864767392502	139
0.093289227814175	0.237925660006538	139
-0.0207119853062	0.301483449631713	138
0.067826823881954	0.315318223091908	138
0.040015981816056	0.250179332164196	138
-0.077336707590565	1.49233582369933	8
0.121474447192673	1.08889372063903	8
-0.110327240885893	0.245650473133082	8
-0.008790194452619	0.422231008628016	8
0.021058085749843	0.46852275875649	8
-0.093414346239869	0.203978130674863	8
0.041621021189403	0.444547382930776	8
-0.103780027918216	0.169660472121541	8
-0.098618896420701	0.166357852998118	8
-0.039602046821906	0.218368987419603	8
0.061626839718314	0.42129868208752	8
-0.118199005103446	0.281451602015136	8
-0.104638668917684	0.151487993530931	8
0.068588956864015	0.323395289916884	8
0.071580752076478	0.406566028164849	181
-0.01040679703348	0.415640807743329	187
-0.101716369510484	0.229127917970985	187
0.00355994315875002	0.475154275378931	33
0.08894538659194	0.335516777673186	33
-0.116164102546957	0.100957337577404	33
-0.02530740835948	0.279787766848916	26
0.021158687282618	0.352883359450339	26
-0.035346170210119	0.407677570226557	26
-0.00627884154090599	0.426501418748703	33
0.103293417950443	0.70991252488047	33
-0.082151984646266	0.2106116859017	33
-0.122289348812452	0.12522702059198	33
0.083734603654492	0.417239646089829	33
-0.115739850769777	0.134539377206034	33
0.10809682227165	0.320171118409164	33
-0.043580604557906	0.148397938160416	81
0.069430236888218	0.510147232404972	33
0.071148576702217	0.234513938156059	81
-0.063283879362225	0.23303284409785	81
-0.04902492796298	0.157264690687192	33
-0.051280287016222	0.15227742643819	33
0.089155445612026	0.238686119875513	33
0.068595284825254	0.248312772478934	33
0.018912606837619	0.243217781708795	33
0.048879183392057	0.242698350159465	4
-0.05281966757558	0.270718698047953	4
-0.115313208646098	0.175863016077331	62
-0.045969971659662	0.291476323450487	62
-0.043125816815784	0.154491390193	62
0.08106419162419	0.437240590342711	16
-0.047580373464916	0.144205403931239	1
0.081806291879588	0.22534841616042	1
-0.056830853727475	0.170444736260293	1
0.02873088906755	0.234395862354658	16
0.100195833120061	0.232783704266612	1
0.073882525470222	0.145280211081541	1
-0.016673973194986	0.296669225754022	139
-0.014420417842802	0.285099905622026	139
-0.115244899882032	0.126212791520103	139
0.084330794890323	0.298790897387164	138
-0.051768768043256	0.317416032184451	138
-0.057731805358896	0.3105244765516	8
-0.037465001337299	0.356502655497612	8
0.049794978225984	0.342055484853928	181
0.089118230909923	0.635752838439162	187
-0.106165613048209	0.179874012883283	187
0.063830543934518	0.437207361308015	26
-0.120666010737777	0.145641864896266	26
-0.082725324281875	0.176431736691127	26
0.118391788128602	0.396865337707316	33
-0.008537481259102	0.268650921718494	33
0.060612098023508	0.365840902472846	33
0.049790799382695	0.240825752962555	33
0.00628197143058201	0.133927387812757	33
0.071093557385821	0.233410879826276	81
0.010098057298606	0.252612416695634	81
0.119199638717234	0.22808999187939	33
0.07319201609282	0.23311054106261	33
-0.042501565426158	0.137206300229504	59
-0.051122134716015	0.147601477414851	33
-0.039884381621256	0.161942639199952	4
-0.100606549856565	0.169828887010626	4
-0.051596776667446	0.133978812877965	62
-0.027613642800045	0.144422094199327	4
-0.120002480857556	0.110162186658379	62
-0.038289150563378	0.151040580984121	16
0.087039378026205	0.236123846779177	16
0.047420096374082	0.247704624477235	16
-0.043598797302358	0.130634933177098	1
-0.116399077161754	0.10892828302365	1
0.074341890398058	0.527540471369256	1
0.033859482981814	0.488758644465206	16
0.034143146069074	0.139863458446785	16
0.083884747602488	0.412524728761796	1
0.00539907136058099	0.384166930635134	27
0.00347377597373699	0.354133441924957	139
-0.10344296684688	0.139830333522414	139
-0.103471063679287	0.278844487264294	8
-0.11446779136355	0.17382754587241	8
0.039088283837753	0.440247479809391	129
-0.062103088310832	0.199126054504097	8
0.076094977635752	0.342260270978992	8
-0.041603681827683	0.13030239157013	187
-0.057098249721475	0.263114028985701	187
-0.078711525490433	0.377327423065485	187
-0.10648781869218	0.233933945471313	187
0.109335920014408	0.576780856950714	187
-0.118698433818483	0.101723466897706	187
-0.044776830873199	0.140281920321869	187
0.002049181544587	0.134340956948841	33
0.103643678273421	0.233804981424847	26
0.033925034239126	0.315408261179289	26
-0.045670706579555	0.198654150522129	26
-0.049694935220633	0.292625661055929	33
-0.03733618012163	0.305580608784484	81
-0.054820165298146	0.241138295280037	81
0.042734637420514	0.339595372766795	81
-0.047975192998559	0.124493249260763	33
-0.03333314885238	0.165161724176767	33
0.101554962915599	0.233739611169238	81
-0.027747177427007	0.145420765888782	81
0.033056635809285	0.137692951508578	81
-0.03511306735964	0.141732517388786	59
0.111062329371371	0.237909979564161	4
0.069435472264126	0.421586810967001	4
0.00444185973380201	0.134458762915924	62
-0.019544596860862	0.110864596643939	62
-0.1116639246117	0.224425754166742	62
-0.030420209185461	0.239624063496939	62
-0.119849751999359	0.214991295328768	4
0.00346604037524301	0.132680389843522	16
-0.010948360989129	0.133362876391496	16
0.070880674381403	0.143293351971833	16
0.025088148251793	0.133834219662262	16
-0.037329443831841	0.127613405866624	16
-0.057702982552826	0.204343802295205	1
0.026376011695115	0.352640970372006	27
-0.00774291632719901	0.465331457674748	27
-0.028856886097159	0.323066434842853	138
-0.044552522509363	0.128247567659486	138
-0.060779093524861	0.893709909998763	8
-0.120326026977872	0.371525972645701	8
-0.099146192081003	0.266531632368545	129
-0.043397421021387	0.191752419231397	187
-0.091073911310225	0.203825521811669	33
-0.062823535632172	0.195437421088099	33
-0.047443059018719	0.194082100302302	33
0.03165635326826	0.346604238460074	33
0.018891846668495	0.343966743542618	33
-0.04949835808902	0.214323866870269	26
-0.017367005897314	0.284826531680951	26
-0.039893498935206	0.336154735768349	26
-0.100526631806414	0.205680986077597	26
0.122513014484526	0.706403434133883	33
-0.085309384064378	0.166674741924157	33
-0.028423235058206	0.132215665595842	33
-0.053979958510798	0.211906739654334	81
-0.057568813874264	0.230872975429025	81
0.059648619702416	0.308314234327146	81
-0.00241480472171601	0.296830626098796	81
-0.083820523834654	0.225539196625459	81
0.029036577472488	0.337463239620242	33
0.118984873556111	0.497325310436644	33
-0.059679260294736	0.196040330286296	33
-0.056618214871236	0.24015702347212	4
0.030845473043194	0.329544270368532	62
0.117694035506964	0.487646274080723	62
-0.070805451804275	0.183249767954457	62
-0.058664976706457	0.198065176243458	62
0.114802399349132	0.426749139492403	62
0.047863048166912	0.447276231231502	62
-0.12058913014214	0.146899818082801	62
0.00817892581457702	0.363284101319887	62
-0.000630137298850003	0.305775009573527	62
0.054508857526904	0.46431805634301	62
-0.055439356005103	0.180973445585697	4
-0.115798061927408	0.155923038328808	4
0.00635326868358399	0.265353766047709	4
-0.057885421025942	0.177034631823223	16
0.013383049344257	0.243584437515257	16
-0.11324445060966	0.125401906103244	16
-0.015406215862527	0.305230662824925	16
-0.001569939672389	0.278710378629344	16
0.033039664445138	0.339479200605174	1
-0.046902179877193	0.146350118412557	139
-0.012542013841312	0.253666603523973	139
-0.015596261816693	0.248168668825719	138
-0.00819313443275399	0.311190209572645	138
-0.116587233905948	0.22651987592603	8
-0.079214459296519	0.273573969208222	8
-0.115165270780193	0.11124851377416	181
-0.036853877584485	0.293157332520549	33
0.090295363635965	0.328071103046341	33
0.094089688509734	0.450898814104522	33
0.076120111526268	0.484336421270498	33
-0.09397869912881	0.228159290584716	26
-0.012331216118442	0.40742136722146	26
-0.049159421425809	0.282822377742002	26
0.11723164516532	0.563479000490844	33
-0.018089153285119	0.332569924087674	26
0.124579827096161	0.5808834765717	33
0.107564034095336	0.321428633709357	33
-0.035101591680653	0.150038579360963	33
0.035766204952954	0.436008793008567	81
-0.112352847720043	0.165858361155886	81
-0.102778883096961	0.199889958269441	81
-0.091101895359044	0.225403120904187	81
-0.012175266123596	0.362231520905075	81
0.022209234055433	0.38936388287302	81
0.095267874080469	0.417304113276538	81
-0.030063000209094	0.286045013572588	33
-0.067109624949804	0.224073626700015	33
-0.087289242923337	0.196857506630076	33
-0.038438415752697	0.30401537745784	4
-0.046628684090566	0.305190095236151	4
-0.101475547969432	0.199273813735891	62
-0.01398012364038	0.288110423862624	62
0.00693215768140798	0.135671018323139	19
-0.038611043319328	0.155221919347656	4
-0.011197642282921	0.34409773379219	16
0.036804307540028	0.346124859244831	16
-0.066628109071183	0.226521569166918	16
-0.092402420952986	0.16065461111628	16
-0.122101897512663	0.111349584757101	16
0.084140961757655	0.332464346612877	16
-0.039297864715151	0.261315754561612	16
-0.109099452037821	0.170335550543349	16
-0.082210413147034	0.21500566887171	16
-0.081149474528627	0.191165103566325	1
-0.049163735395235	0.220453314470014	1
-0.065565363451274	0.253028050260472	27
-0.00724919255543199	0.249765572909166	27
0.058665018564569	0.242590597606281	139
0.026406209532141	0.135557679141532	139
0.014822178160123	0.227649826964796	139
0.00574460662583898	0.134763274259824	138
0.066889668391485	0.141678333063674	138
0.113027353037114	0.694225975693665	138
0.034221718052078	0.447542715892912	138
-0.096590645016273	0.352501245055218	8
-0.077001301809657	0.342528503405819	8
-0.02411265855473	0.390279826498924	8
0.060377106114152	0.479386425448233	8
-0.003154915755995	0.295610681653184	8
0.102981491373061	0.528810314251276	8
-0.096941643137749	0.202320500059472	8
0.050616566157212	0.573794020982913	8
-0.099251881719122	0.281082537039325	8
-0.055334825183928	0.21613726057221	181
0.047523622469803	0.505631277852413	33
-0.027923757636211	0.346481305461881	33
0.123138051030283	0.466572902714527	33
0.110444586876571	0.615158601468144	33
0.015704930602144	0.449777039955305	26
-0.00400565572057601	0.129572860623834	26
0.07063149430289	0.437631497813573	33
0.070029976948003	0.142138629491658	33
-0.036133808044829	0.136465998842429	33
-0.029723551693604	0.248804313005852	81
-0.121881909604473	0.156670639046101	81
-0.013138594898885	0.32009923749983	81
-0.113660053972896	0.189063765455194	81
-0.104441039409253	0.151815652375198	81
0.000790921593986027	0.411082354890442	81
-0.099559899961167	0.202925214494662	33
-0.083729150051548	0.227845317455083	33
-0.086731510402897	0.244355769356648	33
0.007895871010976	0.410277880302594	33
-0.11495164171739	0.197350157045077	62
-0.08107129059913	0.259933759007098	62
-0.094608966229193	0.23896504952223	62
-0.052841085494163	0.322334037059327	62
-0.068057547336469	0.259361617800376	62
0.117394340904095	0.591880678353936	62
-0.001623517671378	0.129073749350339	19
-0.05869271904627	0.271536032573622	4
0.010663945965012	0.343273151124955	19
0.069098610787332	0.334942351739707	16
-0.101686950534325	0.13000852509864	16
-0.04393875068899	0.327818569068996	16
0.034509147154544	0.141160902369366	16
-0.088637984660061	0.245080505976076	1
0.123728192429637	0.153521575213333	27
0.054630858928328	0.239044685626551	27
-0.108186137709354	0.149435549490086	139
-0.037082284779907	0.561262353791479	8
0.069799905083723	0.88266554137888	8
-0.055557321895186	0.22125812320084	8
0.05636858450784	0.526106730669489	8
-0.103997175028463	0.195266788754192	8
0.082513522634407	0.323587131588812	181
0.032050365788827	0.372905369304148	181
0.00129466033575698	0.13077993902433	181
-0.110339755004669	0.151934775712654	187
0.101622306810078	0.431695068699347	187
-0.059593009852189	0.220032327220254	187
-0.043606173388617	0.315985379882085	187
-0.020050681727887	0.290222739734973	33
-0.060205857005313	0.191797985232327	33
0.082558773929502	0.601888226316798	33
0.107666469338337	0.570287506833206	26
-0.041268566565067	0.144904837511452	26
-0.124770854411975	0.144723891619353	26
0.09764259536822	0.426341390700549	33
-0.114830947634825	0.145828221690909	26
0.079501864932285	0.646207148608647	81
-0.030588912715099	0.37412575435271	81
-0.119372187789382	0.202315761333551	81
-0.053952540138026	0.227850078032797	81
-0.073781484926066	0.284350795332049	33
0.109216836470004	0.803186880563497	33
-0.113192593571802	0.208393584175231	33
0.028502750479676	0.482928178925896	33
0.101250557902922	0.687485836793184	33
-0.123322367012854	0.181490332024561	33
0.054674271324767	0.493225053808288	33
-0.053753639263703	0.284251584956518	33
0.00465115257573801	0.387025780604836	33
0.023788474581269	0.464037284019917	33
-0.097644407704821	0.258424975707203	62
-0.100415096364579	0.205611075479701	62
-0.042099906739092	0.322999055442335	62
-0.124422069680536	0.0981189757614806	4
-0.109594630260352	0.139196356256961	4
-0.121911727478067	0.205043771972426	19
-0.057197662725159	0.307820674057616	19
-0.06858668251151	0.268153200338937	19
-0.06262015434883	0.221966965800747	16
-0.113627333640559	0.124727890556328	16
-0.050589632729458	0.228078444710083	16
-0.089786886774267	0.244604871043276	16
0.018906551299706	0.430640391801455	16
-0.057598799375142	0.256458484644039	16
-0.023294429487353	0.355526572093198	1
-0.017905542732675	0.360633967633691	1
-0.043125816815784	0.154491390193	27
0.119338611498787	0.225689094955595	27
0.073330072134803	0.147517235576911	139
0.032460326474618	0.139332043010962	139
-0.015342682022924	0.129483514491731	139
-0.08467191229082	0.26003602382631	8
0.009131367308924	0.554481765747224	8
0.025363789762115	0.383288537023503	8
-0.107163049978585	0.218376124781937	8
-0.057410769553399	0.317496230492946	8
-0.02424866163058	0.38417657336809	8
-0.089497954929826	0.244478500039686	8
0.093334381293641	0.43256987297607	181
0.026104574264363	0.437458300189396	33
0.032072472140562	0.331607889664604	33
0.038374668251741	0.252739570014322	33
0.018076007469474	0.407892303478703	33
-0.064988550213566	0.2619576140319	26
0.115225456591667	0.503182417683631	26
-0.014924321489158	0.132237511463381	26
0.044738151048561	0.342409566251944	33
0.123023999106277	0.153372563082976	33
-0.029467515751901	0.299115269239448	33
0.014831672673006	0.419992185589257	33
-0.077096819364838	0.237371059558915	33
-0.022651613362424	0.370647936387549	81
0.053714374134827	0.503372849729034	33
-0.057228010473624	0.291926915469509	33
0.043038265820899	0.543956997135629	33
-0.115493563004007	0.173282651005897	33
0.075974459859355	0.530837441090335	33
-0.081249189183813	0.250249405141702	33
-0.088604150138624	0.214554538409997	62
0.003875551410774	0.424388494828088	62
0.116312381013048	0.682459744122474	62
0.11922307481864	0.794081076589192	62
-0.046529831757936	0.321062538881861	62
-0.087121127957669	0.265668101148077	62
0.072066285085253	0.547629334536943	62
0.022768806214003	0.231197206089013	19
0.055648761270778	0.489086726580761	4
0.107459935785454	0.568581081454411	19
-0.012606746680106	0.333087845150011	19
-0.035006186764465	0.333048140144539	19
-0.116002109867444	0.110987313240556	16
0.110709009258403	0.339966526906458	19
-0.034618999427112	0.281778560905563	16
0.097329871344749	0.539551180956531	16
-0.084589124019738	0.207830228601253	16
-0.109562904556661	0.130318959138463	16
-0.070409065185147	0.254989126882267	1
0.02370081449519	0.40067692094158	1
0.00527417621049198	0.38584624947556	16
-0.00221521645246101	0.293967811495077	27
-0.038312256414284	0.140521237331576	27
0.077804967523706	0.140488244898302	27
0.034509147154544	0.141160902369366	139
0.079714460562516	0.404227578631644	139
-0.111380360140672	0.512490816189833	8
-0.03776307496258	0.517057336048139	8
-0.068101466729654	0.421287684097687	8
0.107751370285506	0.938670525066149	8
0.041744529280078	0.660439855230034	8
-0.10199504368498	0.299837098972378	8
-0.00150346442221699	0.300288629703088	8
0.075234293365934	0.230678422435446	8
-0.068006752372276	0.285789210916029	8
-0.018555977080001	0.412833215158442	8
-0.050529371801011	0.353971003701103	8
-0.118175288229905	0.209966609514573	8
-0.118232864183385	0.167525906654559	8
0.09436677765064	0.653179528380736	8
-0.059603904601663	0.241055298935714	8
-0.036183851739014	0.142838971277536	181
-0.00602189906939599	0.237224347377262	181
-0.119970465354238	0.109889454981945	187
0.114111457486039	0.409625525812579	33
-0.052364200592252	0.272957028744287	33
0.080720036988987	0.328151853879936	33
0.077478232371914	0.54363833136747	33
0.01210795893391	0.40567238646647	33
-0.083961522674436	0.187836315019227	26
0.057018275221135	0.398007905546782	33
-0.093342126070763	0.165873278202027	33
0.121508068950956	0.150210934105473	33
-0.013209487624414	0.323544123351147	33
0.046880768372786	0.537218331563028	81
-0.017313852432369	0.314137273476588	81
0.00343960606573901	0.401979674138681	81
0.062404616981127	0.553387289425727	33
-0.082687485606427	0.274755846310148	33
-0.059052848174389	0.270700427189011	33
0.014993878585167	0.402334208517238	33
-0.074603630540845	0.250588564136368	62
-0.121203157080334	0.179904504900437	62
0.026003191225333	0.47169872591076	62
-0.017090514275239	0.37077262818136	62
-0.004325269723499	0.354385142112654	62
0.048090579770073	0.458608095214269	19
0.016633552467039	0.4070352930429	4
0.111240778871306	0.648228890330784	19
0.091418917504821	0.525498160416222	19
-0.101841339285806	0.18951283256243	19
0.069180475323757	0.414055142818649	19
0.087743219867382	0.34140767787493	19
0.065693165409251	0.247424093870371	19
0.033267414323948	0.234290636252272	16
-0.119937997881836	0.11576012922078	16
-0.101182617883647	0.196600668198792	16
-0.060038440876594	0.230638716636654	16
-0.065712341571211	0.169517717936303	16
-0.096773738905452	0.162893572748829	16
-0.115879209818967	0.13427186516967	16
0.023861231142003	0.244359629695935	16
-0.059225858120918	0.264550794674356	1
0.120354310040196	0.590237935937665	1
-0.008103804052359	0.246835260800442	16
-0.032138304408493	0.155794256407561	27
0.07456954514517	0.246408189862527	27
0.005014752452002	0.690665986401346	8
-0.120056154876607	0.235060157978031	8
-0.029036890594076	0.498442694057228	8
0.05160432175623	0.315924134346214	8
-0.11223467713287	0.166106500337441	8
-0.095103921649782	0.153687081552878	8
0.029349593952749	0.513267383646926	8
0.00246179648977901	0.282393353228218	181
-0.10150983269144	0.144242359060292	187
-0.047799864345158	0.240025981960494	33
0.081755370740946	0.496488044067721	33
0.060036299019872	0.499472893215234	33
-0.048885470614049	0.235471376861268	26
-0.057766874724501	0.198045965356949	26
-0.000559810995440002	0.254767896774701	33
0.069384523880091	0.145764887399928	33
-0.054349855162147	0.154857113692014	33
0.082603010773299	0.497926514618464	33
-0.05293375054634	0.220581007682376	81
-0.094748232215456	0.252248343095056	81
0.121025207264049	0.633060720398391	81
-0.00341912602070801	0.369325747947732	33
-0.072896858077233	0.230491540280649	33
-0.01693908291389	0.314779732478977	33
0.120636750306565	0.556606278207363	33
-0.081650090224115	0.232050603898531	4
0.106918008846732	0.574691376872343	4
-0.110258665061376	0.20382398814142	62
-0.052274638592409	0.306131888092302	62
-0.053235243435034	0.353975370472962	62
-0.076314017218746	0.244548906357009	62
-0.118935229211116	0.0985774111115475	62
0.028334211262681	0.25193655101581	19
-0.094908488818548	0.220796720652614	19
-0.064067455567496	0.263786324462839	19
-0.06077316972435	0.23661932713058	19
0.072828953390359	0.48202724124353	19
-0.117415297035481	0.122056634982809	16
-0.085347177186327	0.248739129777845	16
-0.086040987467628	0.209984077143012	16
0.043700249186141	0.385065743226823	16
0.059595630456771	0.244198859998107	16
-0.09274498698677	0.177468159900956	16
-0.020678998914661	0.33123911742707	1
0.06577239710018	0.411984374783706	16
-0.009898866063345	0.263354016563643	16
-0.054863141124712	0.193617603113187	16
-0.00563657027221701	0.128377859084394	139
-0.00239167203545201	0.130701517419463	27
-0.025768125312205	0.13114417965425	27
0.00693215768140798	0.135671018323139	139
-0.058029047220606	0.251176615265842	8
0.020027808571575	0.412054119476141	33
0.017895769503464	0.419974956383978	33
0.057233685685062	0.404188317207318	33
-0.00341507526036	0.342929327718834	26
-0.061769864128247	0.260211865587302	26
-0.046130760098849	0.228557253594751	26
0.035117874221319	0.421769638387798	33
0.041619822834034	0.141256040299866	127
-0.052788939044765	0.238014289017948	33
-0.000703895926940007	0.26303094511435	33
0.095659230607618	0.484560361308955	33
-0.098608719130657	0.182386416749287	33
0.00246785140971501	0.371118253042444	33
-0.120869403503399	0.184187370585589	81
-0.036455185426632	0.273095107313385	81
0.080686366788205	0.585750564456517	81
0.05253661166687	0.343264150013861	33
-0.00743895840116199	0.298960491374841	33
-0.064768031990153	0.297351831059311	33
-0.013799170671368	0.395433582120521	33
-0.121351436303247	0.169681040754571	33
-0.086981954484975	0.209052114812402	33
-0.09072243639143	0.21158676708557	33
0.03578070769273	0.49141859462665	33
-0.084709417984872	0.207394386384227	33
0.034115183940444	0.437254826317458	4
-0.101931931175251	0.210101518535832	4
0.012445018482156	0.46773057171091	62
-0.048077075324776	0.309433536916379	62
-0.051021832574668	0.18714891853121	62
0.079107018306946	0.553388747208761	19
-0.096258481507009	0.204509685045772	19
0.085338284973332	0.541769209127589	19
0.063429640072861	0.471484533827524	19
-0.119582455268417	0.164061848503273	19
0.032600123591045	0.405441385432604	19
0.0789857490935	0.327210093325925	19
-0.105840352065014	0.142553042092502	16
-0.020943699079876	0.281540309088117	16
0.040601425454925	0.242300346798114	16
0.049806486653308	0.352920831129892	16
0.033361547976852	0.415788860712831	1
-0.059053501288454	0.222226225868167	1
-0.00295142649504901	0.345294454593106	16
-0.040050859665201	0.299862200270868	16
0.076360762254196	0.496892687172692	27
0.034563871241175	0.24522759263311	27
-0.00412035681387199	0.129121793052575	27
-0.010201411045215	0.13232411832573	27
-0.036742441367714	0.164535920205872	114
-0.045881040471871	0.150223140005273	114
-0.040181591026248	0.38012039273299	8
-0.081363153874334	0.31699578512818	8
-0.105338245251419	0.301651798510514	8
-0.107727216369945	0.194923267928333	8
0.024630757770833	0.24635898950528	8
-0.018914003545694	0.325895335543084	8
-0.055105832488605	0.325733909716232	8
-0.078781346467876	0.299092852434796	8
-0.06755057669052	0.203515495099186	8
-0.098405689453999	0.176403782925672	8
0.089109713438816	0.237802043306606	187
-0.084489018264125	0.229257201208732	33
-0.074448537375945	0.238341417634895	33
0.061057851482221	0.375071389438926	33
-0.059754955659421	0.290997643901044	26
-0.110596759940735	0.152158576335901	33
0.019183440096733	0.439792267519023	33
-0.014935237769438	0.295694787333913	33
0.08481850478033	0.243649880065517	127
-0.062466038848894	0.217374989477601	33
0.076785840670119	0.548217177623948	81
0.071594505310794	0.549668148565354	81
-0.096007297646454	0.221286770013071	81
-0.021383311227369	0.290871918205306	81
-0.093055608555799	0.219565330343234	81
0.070426843977362	0.434955557792587	33
-0.057545926160712	0.287313876856803	33
0.055941869220495	0.530369872345254	33
-0.051157625588879	0.284936883690762	33
0.00597961926829199	0.36330672659005	33
-0.018228604667463	0.298493096557504	33
-0.032100482220828	0.366222748488656	62
-0.085243719632219	0.240052373485044	62
-0.013563867900098	0.133463637858444	19
-0.037597412363576	0.287761800470957	19
-0.042608778690866	0.278337818829672	19
-0.08624391209175	0.239609552970571	19
0.020626719930413	0.433412220273858	19
-0.109180203556005	0.176264544221155	19
-0.085366430414754	0.205556202757841	19
-0.078259397731843	0.202202571581461	16
0.116714029453721	0.580253858989777	16
-0.00340427617137301	0.379684421974213	16
-0.022467103587026	0.362402802123523	16
-0.091351431551215	0.189929922848247	16
-0.058227027968922	0.257272943297983	16
0.073656195188626	0.470781806530512	16
-0.00286712630436201	0.326368391664226	16
-0.075179781463648	0.217903451889078	114
0.080921654885591	0.330994030707088	114
0.018262170687773	0.696140382664063	8
0.074226438203408	0.892688010075961	8
-0.084258853853176	0.365255378424796	8
-0.120000230336467	0.248047782874726	8
-0.096178711228045	0.196274269586703	8
0.020632510724171	0.590702202705169	8
0.045305034319941	0.630793966835427	8
0.013662978475857	0.466061813085356	8
0.051217140668644	0.512121533691431	8
-0.0621756086138	0.215982426700622	8
-0.119545268867359	0.154891013050721	33
-0.107475191100254	0.181629534017253	33
-0.00495788772127601	0.384208532976367	33
0.086465169682556	0.411299258471084	33
0.093803533059811	0.597451876458204	33
-0.112897286910305	0.135910264376	33
-0.001839825927169	0.348055269858931	33
-0.084468800243497	0.185882092904708	33
0.117480287193004	0.501277914793527	33
0.071193771480168	0.230461707999886	33
-0.063862886727266	0.188452055319019	127
-0.00133811324851199	0.350040678420302	33
0.039413129426583	0.48303874010415	81
-0.041993564860233	0.279389046943897	81
0.068612488424341	0.537612389154689	81
0.037788482890197	0.487607217696702	81
-0.10183499803444	0.158239382030602	81
0.062966473169061	0.495186304054046	33
0.037336213581864	0.486367827162539	33
-0.11620436320924	0.200001408381157	33
-0.065703649172002	0.251968597213967	33
0.017484819999064	0.427218371215813	33
-0.073495233328128	0.220095241752412	33
-0.093609687174603	0.174449027601384	33
0.00581239016506302	0.402601561195437	33
-0.03825403100491	0.29305312204696	33
0.024454129995254	0.389661795505739	33
-0.108281396877163	0.150227868139717	62
-0.084637951157958	0.215682212467886	62
-0.061574611700581	0.267059424202172	19
-0.034217059310917	0.290307275760705	19
0.119467152635294	0.625360224228291	19
-0.111282003507472	0.17575228215561	19
-0.113376059430927	0.172928522055005	19
-0.082324070476003	0.212838205562311	19
-0.018631314859687	0.356236150604685	19
-0.121349899762805	0.145181626937952	19
-0.099263810799098	0.150974616925904	19
0.04133403942743	0.328926292921235	19
-0.106995787677296	0.126537460183189	19
0.097112589936607	0.418954548715668	16
0.010271450130255	0.336749435427248	16
0.085312471141023	0.464093112798132	16
0.036433637687818	0.336694427380678	16
-0.120323780125467	0.104769614921656	16
0.085225419011791	0.506463639257622	16
-0.008656300710285	0.306131181563837	16
-0.02399938408678	0.124688100639815	114
0.076601735980739	0.434242695231026	114
0.017953627633028	0.790141981398344	8
-0.044771010296151	0.477386101107871	8
-0.033209283596387	0.374305386221379	8
0.025076462296615	0.339203227940277	8
-0.049884784618012	0.263532611993443	8
-0.056572194829514	0.195521105679094	187
0.031008460710905	0.13708769749998	187
-0.046929671045421	0.209768426933119	187
-0.099914857828316	0.159984577602839	33
0.050728963836949	0.469133594464857	33
-0.052711328030487	0.249052898849455	33
-0.062671604662877	0.238166136006971	33
-0.107485180103957	0.179541182697364	33
-0.114263176489072	0.132782760361011	33
0.00325807568449898	0.321300804705093	33
-0.024948690214034	0.30400820966738	33
0.065892074867666	0.480370890136658	81
0.053370338238489	0.464020088455343	81
0.038506603244614	0.403806295507878	81
-0.119799344345084	0.16027767057921	81
-0.061597216319253	0.228537562684762	33
0.057546079886201	0.50844933954913	33
-0.087823442408702	0.23113190140539	33
-0.027016858293198	0.305172927141313	33
0.022635546718918	0.361893661250634	33
-0.03395522859459	0.322815635632031	33
-0.112062766644917	0.156998914866728	33
0.013317810802019	0.411888497248372	33
0.10080331003616	0.432777815770789	62
0.105193484513031	0.682209373459273	62
-0.052332632974286	0.287633028563512	62
0.122842968457355	0.337127859669714	62
0.026677427211881	0.351954086849797	62
0.113009739108116	0.326979473034593	19
-0.041018765476507	0.12346792931929	19
0.069505643232158	0.513101503499953	19
0.114977881415353	0.620232746589069	19
-0.075004643431674	0.235232246239006	19
0.035779659832674	0.366681158192984	19
-0.103092721129576	0.16617282391756	19
0.098982814471364	0.510345542453161	16
0.089654999648858	0.484893028273057	16
-0.069594381541837	0.255073900858986	16
0.059946999859989	0.431415640210125	16
0.021215778846334	0.42220096876274	22
-0.015949744899751	0.311963331623027	22
-0.053604049381823	0.158942365498639	27
0.073733355031137	0.148163104663706	27
0.087042395704885	0.236546459655092	27
0.104353988421486	0.393798529958311	139
-0.118411049360507	0.116623833217052	114
-0.100723168211715	0.615937850017302	8
-0.114390991441322	0.320038952096035	8
0.026025972491011	0.827360259906734	8
-0.124761596582622	0.165590031276821	129
-0.024939014032638	0.468778513380262	8
-0.00907837790140001	0.482309976518793	8
0.096950504146025	0.446231801687722	8
0.043870679373336	0.252089885860753	8
-0.00181957398694699	0.332832108180477	33
-0.014480304887209	0.250493145728348	33
0.055751834135648	0.325222178726449	33
-0.07892241376323	0.253089919457363	33
-0.053264599819976	0.323074297414823	33
0.078374602123573	0.237628858752983	26
-0.120402857251008	0.154992325239049	33
-0.099833695617753	0.182522789341803	33
-0.100646050503015	0.174670126203403	33
-0.101486623320853	0.159252859781393	33
0.06449645114995	0.519935072799318	33
0.113313345564645	0.655468143888244	33
-0.089993910243507	0.220099706098405	81
-0.067568723441366	0.273028107600858	81
0.107470024946634	0.630374723819152	33
-0.041898445522017	0.325784574151598	33
0.00995841545267601	0.370596973285474	33
-0.032527102466834	0.286539812871084	33
0.00704456494893402	0.40293426566329	33
0.024914613728863	0.429040960310893	33
0.00111296272330902	0.418346709532243	33
-0.007728214879271	0.297744489067767	62
-0.090454664341519	0.24003690236779	62
0.060340045436801	0.557938622521697	62
0.025990560359352	0.462696212274897	62
-0.118287270136321	0.117833928823944	62
-0.055993569499915	0.291842007334947	62
-0.026680021255937	0.136448455690418	19
-0.053560041282335	0.162375147658653	19
0.114543492580121	0.717977392665616	19
0.022184962161352	0.45690253762715	19
0.063640295916286	0.537059818090786	19
0.00351858056142601	0.333234771446043	19
-0.103058817807674	0.177215741583635	19
-0.075632997143325	0.154915264729649	19
0.124251913021889	0.409153947791495	19
-0.122818534667043	0.146868758005421	19
0.00253589113639902	0.444942421025655	16
-0.028480002466176	0.333053151138562	16
-0.076604774970382	0.245461444961845	16
-0.013824118502263	0.271746462267889	16
0.077097184583948	0.463170933012737	16
-0.016915853720559	0.36189512928871	16
0.083373784839685	0.560944345728938	22
-0.120769116266278	0.174590685212064	22
0.027082630392441	0.448416242970385	22
0.013496589632561	0.248176909514515	27
0.124162747460327	0.235989974418097	139
0.022248379819828	0.124556591237199	114
-0.103802275113966	0.141295551979527	139
-0.011375053590376	0.535286249082328	8
0.004051426510497	0.659481792957883	8
-0.080178224388981	0.204413883346476	8
0.017641011037188	0.555275314485742	8
0.0808379528074	0.513391115862012	33
-0.058797963511683	0.31383209032588	26
-0.035168301151492	0.257013112759611	33
-0.081570165438752	0.222946679434227	33
-0.121733718423051	0.183849726230731	33
-0.091749833230389	0.238922166754036	33
0.095547084549803	0.55607113246594	26
0.103152784299307	0.475854834704345	33
0.051549493428335	0.442966244424248	33
0.035998962602051	0.345228210984206	33
-0.097312475350265	0.159378792412829	33
-0.052339888445251	0.145845203587602	33
0.07456325442502	0.148391013681812	33
-0.00161338185748799	0.21874274983993	33
0.041753024082955	0.323448098900757	33
0.08097585390764	0.443842175640769	33
0.082385760632549	0.537618467118074	33
-0.122098774251015	0.167714074016652	81
0.106311695212544	0.598069548907037	81
0.031801562199131	0.350552361661171	33
0.0111619044813	0.491324312868318	33
-0.092556182246878	0.219362523374966	33
0.090945797391117	0.684618323357052	33
-0.053205786970705	0.294497313024203	33
0.048320208192828	0.485462919257453	33
-0.079811150276499	0.23112262620415	33
-0.110154897312611	0.177950295162468	33
-0.03966004883392	0.29466277388599	33
0.098688650737695	0.653442307904007	62
-0.018308488027165	0.377441650680629	62
-0.01169701573726	0.43405107999392	62
-0.041354059290953	0.327734164392317	62
-0.070572845610973	0.257512668290553	62
-0.120645551859081	0.166353945037716	62
0.047417946587243	0.234406748654739	19
-0.070180873301097	0.171779339261227	19
0.023429215808101	0.42078360306573	4
0.123390028234276	0.639689972266138	4
0.063548384235424	0.525119178661903	19
-0.004467802576757	0.362585500768712	19
-0.032609215402142	0.291098317807861	19
-0.056368192872516	0.231670716073983	19
0.088201746609911	0.408786473465707	19
-0.045638515712334	0.148826674305353	19
0.00220284657073599	0.269240080151208	19
-0.110339033252119	0.178172127447032	16
-0.09204601126677	0.250950672690521	16
0.115277325340713	0.23935744703649	16
-0.095232170466732	0.221455657690903	22
0.028310162132772	0.400702904856562	22
0.069527500038698	0.239625220398334	27
0.02738574630481	0.133490463168221	27
-0.000762272853963991	0.130088092378002	27
0.046932867395888	0.50115453509726	114
0.057121067956903	1.33932620287889	8
-0.043098412595063	0.301757040528602	8
-0.043106569002572	0.165674372223267	8
0.102202997777506	0.42469946456572	8
0.073260674821506	0.717707693105735	8
0.118675882087513	0.946776571835737	8
-0.062126062350352	0.377533499961849	8
0.062504582813136	0.712611453586797	8
-0.057678708410677	0.368850258424197	8
0.028099563512321	0.431577012531891	8
-0.056749290666807	0.196958178141083	176
-0.027534821818589	0.1433323390321	187
-0.08902577544157	0.20199861277094	187
0.04711405723543	0.500639540352757	33
0.042048135355312	0.479688090529978	33
-0.049890149431764	0.329320009714435	33
-0.042186316059002	0.332674772929681	33
-0.023216947283142	0.292383742189532	33
0.020818963994701	0.428864193164438	33
0.089745082581282	0.489455665701167	33
-0.066335792778553	0.186726886021126	33
-0.124196916358122	0.147415945444132	33
0.051175958434279	0.343877596266736	33
-0.119270239852895	0.112836064642227	33
-0.084560271676048	0.232351033913701	33
-0.047201732041802	0.305368268126954	33
0.064663927560683	0.493264443480042	33
-0.118900861529634	0.184737495073828	33
-0.069849125554183	0.262094782279934	81
0.04511630792456	0.517420194973028	33
0.014555168987208	0.357225188631228	33
-0.04271395206684	0.25348495886815	33
-0.054091109208151	0.252470673937838	81
-0.112918085512113	0.212021080655817	33
0.096342163758798	0.708416824170564	33
-0.046768065212495	0.300354361903499	33
-0.051719497354125	0.334429105939436	33
-0.009297261712674	0.349246921955263	33
-0.00848463493486801	0.384525415973763	33
0.10838102726189	0.686804761330447	33
-0.088191308996735	0.232150898578393	33
0.022114971084531	0.4562626346961	33
-0.097959872595926	0.233886910425605	33
0.00710549039417502	0.445494965453555	33
-0.028243236667048	0.375939688911994	62
-0.039675761747531	0.318099118888597	62
-0.042916113006619	0.337526524698942	62
-0.028804559631158	0.376666764478634	62
-0.093605891767711	0.248737060286693	62
-0.012167963910489	0.369299413182227	62
0.096691540236143	0.422909544853193	62
0.036351244473657	0.472228866630691	62
-0.015858903481615	0.132177157163892	19
0.088527112477377	0.613317296476186	4
0.055237307756817	0.530231782984775	4
-0.010228061473744	0.333108084803844	19
-0.028946176947512	0.292566900615735	16
0.07266159523942	0.533965203629272	16
0.086549460510965	0.615682388189592	16
0.079262876411452	0.578258835703768	16
-0.112565599176383	0.180015587864489	16
-0.034811621047791	0.319396045102871	16
0.102859366219309	0.582936395069689	16
0.008168457706762	0.408249262797658	22
-0.066433652950337	0.238716439744829	16
0.085978797793447	0.230629839292283	27
0.038364908513721	0.14151680203338	27
0.075372225364026	0.237574351347334	139
-0.106412201973453	0.193906606919029	114
-0.024083114020525	0.943021281895994	8
0.02389773649486	1.19567501830674	8
0.009159565482246	0.882897733397995	8
-0.049056371472351	0.547373161626959	8
-0.088524769648652	0.470381443924579	8
0.112455622674046	0.619913162502052	129
0.062278198458939	0.652962326845843	8
-0.05212489253285	0.394411628607628	8
0.121784481751171	0.875749961203914	8
0.014142771637366	0.554397000834919	8
-0.019109930681913	0.344392512841249	8
-0.012152168937205	0.273356495077101	176
-0.056985297924154	0.201441790942279	187
-0.047424413873157	0.322556501404905	33
-0.023245820878522	0.36519654486046	33
-0.060571304706958	0.298097291713472	33
-0.122004093322049	0.170613509320911	33
-0.05505970920792	0.24242374667188	33
0.090294910416498	0.615076895879648	33
-0.00826140040497	0.414738199953804	33
0.026215258559992	0.492216243270086	33
0.083488824258631	0.631953713237294	33
0.089793956147729	0.50175645473682	33
-0.047218429401429	0.171661020627944	33
-0.110664950299922	0.14169702649541	33
-0.03074847312751	0.340245110003115	33
0.039214126761888	0.43138215889445	33
0.035820824287848	0.511164553928679	81
-0.046164312443018	0.323233189199376	81
0.058713592680205	0.426748559824011	33
-0.113290666831873	0.195820830305223	33
-0.102399758429913	0.244841793291725	33
0.018356117842676	0.425048338566617	33
-0.02886336688492	0.315508344721045	33
-0.065165133570369	0.263154054929287	33
0.018235939716546	0.433779721444338	33
-0.121686331253872	0.171303827552939	33
-0.056396566394042	0.221926620067177	62
-0.093036226058415	0.234228474654491	62
0.079274725241132	0.434117818428788	62
0.082539559987918	0.43522638779131	62
-0.011215455956895	0.375931337202321	62
0.02713908047046	0.135349500020507	19
0.008118870334829	0.136008560379453	19
0.033915661696944	0.444463694610869	19
-0.013379008438852	0.308572293093063	19
0.020352444120475	0.41427113781228	19
0.089384753480222	0.325922502931768	19
0.084308995192461	0.578655272873898	16
-0.053782539113352	0.297071332551242	16
-0.058327729496238	0.181952457480349	16
-0.056953997310811	0.256497427725631	16
-0.038588106998932	0.324519255896784	22
-0.062849928477345	0.260390930907021	22
-0.035694382262729	0.321735588325929	16
0.092385887358458	0.23620014390714	27
0.048637343311425	0.240795547673084	27
-0.016055221619849	0.13150992152809	27
-0.120486608219274	0.109568671352477	139
0.069384523880091	0.145764887399928	114
-0.065733994768042	0.217084918849316	139
0.076177809561412	0.577622808443227	139
0.021571796954646	0.393300052734756	114
0.028202456024541	0.242603013217068	139
0.105491854695667	2.30427010348404	8
-0.083101164004263	0.555092346815647	8
0.013487478861848	1.01043748606591	8
0.124182100455444	1.07375417944776	8
0.112088910599823	0.79180212537285	8
-0.040515019024425	0.420778627487063	8
0.094256271389932	0.603084121750972	8
-0.111366661969063	0.199145664412957	187
-0.043434118409232	0.137264242743721	176
-0.010108323940135	0.367215417644118	33
-0.030654016148416	0.315626882701162	33
-0.022679902221573	0.30454042818415	33
-0.022091660392838	0.279916588237104	33
0.066705815037608	0.564592201942515	33
-0.052575592615527	0.155507506380001	33
-0.058599148162043	0.168341238974954	33
0.03961236018252	0.339943979118123	33
0.122459033856332	0.630905009843458	33
0.010802245168801	0.364369058883786	33
0.089928455083887	0.604528189127621	33
0.00801653810811798	0.431649685790033	33
-0.05905017372169	0.262954004047583	33
-0.098242869578175	0.239532161145602	81
-0.078820158815095	0.285705943624264	33
-0.056627688406462	0.302203167183707	33
0.027601599442558	0.473912326811877	33
-0.093977625292292	0.229141848018344	62
0.029222942138812	0.471704294558874	33
-0.096845490405408	0.237504014058225	62
0.062244980337222	0.666455601991466	62
-0.04269266359966	0.375288583535711	62
0.112367556923791	0.796497354296279	62
0.01561575906807	0.500119433572194	62
-0.075191832506909	0.238312302066493	62
-0.102009964520292	0.170239963002884	62
-0.09596024713975	0.21792469568444	62
-0.037113338459614	0.1415276150895	19
-0.101092532468079	0.220375036414246	19
-0.044768206362014	0.355736857353226	4
-0.069172124876566	0.281302877263246	19
0.103510956391661	0.612381755703054	19
-0.10981427741328	0.199092140379724	19
-0.070181946567254	0.25133970447317	19
-0.02880425098146	0.325507818979617	16
-0.023293881940128	0.124270772596014	16
0.036268176180504	0.245872519675229	16
-0.082260630622996	0.252749982526695	16
0.122270193628013	0.150358244619507	27
0.077435145444459	0.146419296382793	114
0.082800912856434	0.232739762473935	114
-0.106452960146569	0.191983159129734	139
-0.091549077393966	0.805957580664806	8
-0.094162275677422	0.693509709397836	8
-0.048073263742858	0.690166024354321	8
-0.116852948748559	0.471898443907983	8
-0.019654556959028	0.360565732021042	129
-0.107919279476565	0.297638276146269	8
-0.026979475726882	0.450329984459508	8
-0.038326818311489	0.393974784059998	8
-0.012172143921552	0.364586964629652	8
0.086457830504455	0.418046165629445	176
-0.122172326067053	0.108551222711895	176
0.104890662390025	0.241697380026825	176
-0.11978615561198	0.109618693635249	33
-0.010656112634223	0.408651314626233	33
-0.045374584429651	0.346445523456305	33
-0.014509230178741	0.30721780669127	33
-0.00811720486043699	0.362937280886306	33
0.073730967868021	0.693548662638027	33
-0.106828925341054	0.208373476365519	26
0.031193391579342	0.358361711616967	33
0.00688816877846599	0.344388958864007	33
-0.05451275766308	0.23341527185406	33
-0.060590817872622	0.298125358856677	33
-0.038310483148811	0.33120544435077	81
-0.11899813148358	0.197638701467045	81
-0.121663540011814	0.201634752138749	33
-0.063929766293307	0.285674683548963	33
-0.124769767037748	0.18642794740742	33
0.062691682198047	0.584211709390668	33
-0.04429058823197	0.30358090015235	33
-0.094138670687232	0.201790207458676	33
-0.014829640284679	0.345861567004779	33
0.00600041264394802	0.446699341762774	33
0.033586581787494	0.426927983244217	62
-0.100418758463407	0.202004494701119	62
0.034939400990671	0.531571368866944	62
0.086503981537831	0.478826389256152	62
0.075666228639268	0.611307161282208	62
-0.117949439908514	0.170612993756897	62
-0.082514480790413	0.26785670914844	62
-0.049828441922219	0.369552492393487	19
0.085250291610191	0.618457699220534	19
-0.044909495015612	0.207462733516369	19
-0.120103379239255	0.117167903280565	16
0.00268738269170299	0.377328727054404	16
-0.087344370653796	0.252006286722564	16
-0.054624277383379	0.313779202473732	16
-0.041698926585913	0.150825764845858	16
-0.031183831076184	0.299295293765731	16
0.104143593890551	0.333553991774236	22
0.110017048752031	0.236322556243816	27
-0.047595541513015	0.132451452573185	7
0.053299072458536	0.417869030495061	139
-0.107368366032692	0.918157803563335	8
-0.041130026699519	0.356684362354119	8
-0.028478345651781	0.475058358370511	8
-0.054332381251119	0.427291027419794	8
0.042481505707032	0.601783288274483	8
-0.048779705508303	0.346621316823217	8
0.036249795201916	0.469307297537576	8
-0.085020434532586	0.213634904129088	176
-0.042545760049616	0.131334566465491	176
0.052159898722746	0.533940005621842	33
0.060868662498914	0.533701486208431	33
0.051197729214514	0.549711053737175	33
-0.120261576382561	0.198942125147648	33
-0.053274123544334	0.228994227132229	33
0.058869605320341	0.33081077896825	33
-0.07153337469828	0.233149873927853	33
0.110532210516258	0.667842140216015	33
-0.067574566482775	0.31732051035954	33
0.108023563514418	0.751690750372728	33
0.115686756219375	0.766518190068701	33
0.029301258449005	0.470728256060814	33
-0.00792738207105601	0.369294839237706	33
-0.040039354852562	0.14391656969364	33
-0.064346799524464	0.271957275510121	33
0.074780700304916	0.587806475079484	33
0.028246587431232	0.405144893905835	81
0.076996871492033	0.557030385472706	81
0.090881690582789	0.596848835269475	81
0.088066431804454	0.532911885874682	81
-0.00354593998378899	0.260349861297631	33
-0.068483307211603	0.240783902028763	33
-0.064588473597517	0.235683613149249	33
-0.080814036824732	0.275379857760832	33
-0.059981323576568	0.293811335521867	33
-0.091766305214224	0.258617640252543	33
-0.120366138784837	0.189726519279904	33
-0.114604046016192	0.203957533927408	33
-0.078497633637156	0.245889713353254	33
-0.102123917854994	0.19157354879781	62
0.059330103026605	0.539313473499122	62
0.027829630544423	0.340555878307301	62
-0.115523463784836	0.197052170978096	62
0.106937904738471	0.626679400242194	62
-0.056612867403008	0.302507446171822	62
-0.090382600256791	0.286616366854563	62
0.058057763736894	0.47724578136015	62
-0.066286535891219	0.268742236277329	19
-0.068025260021954	0.264280086009495	19
0.052547075239732	0.461869631782957	19
-0.055581125034307	0.207908477229943	19
0.022570799700768	0.235070515363929	19
0.086943174441388	0.331017460078835	19
0.095783670670545	0.549997976680491	16
-0.093967734098818	0.200265682331021	16
-0.093319205432009	0.207636159410623	16
0.075658338389416	0.618925966232388	16
-0.065375344483647	0.219364093121479	16
-0.109506115448052	0.16261676232656	16
0.027161756471147	0.42535046185199	22
0.048883084050669	0.466161139154215	22
0.029422607277366	0.13908839612072	114
-0.058437077502237	0.272033885346453	139
-0.055185518436306	0.256912712190019	139
-0.042515367469081	0.155862333523042	139
0.099635105928774	1.03534136013457	8
0.032407676022592	0.667175044742626	8
0.051837312931696	0.696823808372524	8
0.105069829493943	0.656322978971588	8
-0.068529183082453	0.235745020369659	176
0.118128388132131	0.555820745619468	187
0.121062938009213	0.754827994180602	33
-0.117610072748082	0.118000789737904	33
-0.031664994838684	0.337204620228703	33
0.034299886863109	0.534003070819261	33
-0.033182613074265	0.356785372367022	33
-0.111290399886184	0.140734482737954	33
-0.106372282899677	0.194207169110195	33
-0.056095861697709	0.321499028514059	33
-0.062119615336727	0.251945269389584	33
0.024314417745619	0.399426451598644	33
-0.052554888535121	0.156774641444737	33
0.076197826202769	0.146205287855277	33
0.107793770309518	0.239334476346054	33
0.086083673263609	0.316827321158022	33
0.032744379501286	0.241333767135322	33
0.06123565010642	0.389188214117432	33
0.123654937124827	0.656006492035547	33
0.039779710263097	0.551299516803971	33
-0.095256628702531	0.206795216213092	33
0.00347006666131999	0.415006279814808	81
0.104655934282755	0.581303355319051	81
-0.031127130840222	0.287358010825053	33
-0.107719808978118	0.18931463689024	33
-0.091939767836627	0.215759848193665	33
0.028142661153954	0.47778260118438	33
-0.080899477318224	0.257571346733896	33
-0.051919413261993	0.295729320734644	62
-0.084335645817849	0.253975708104156	62
-0.09642892023822	0.18197621319932	62
-0.035782234934228	0.352106600295804	62
-0.0882962563854	0.267312207445036	62
-0.110710061355421	0.220018101390733	62
-0.00730267244896701	0.424760980026692	62
-0.112245925598176	0.131816709433191	62
0.106670578938416	0.333008496213994	19
0.064044540645101	0.141155459305843	19
0.087189834880001	0.333543782910076	19
-0.056018093939446	0.307742234332338	19
-0.086388712637843	0.21926963176749	19
-0.023921088558399	0.340959536093082	19
0.090105940076025	0.640184945788095	19
-0.024385641904724	0.343433195613962	19
-0.080955334119125	0.220482231262556	19
-0.099436876925382	0.195208976702978	19
-0.06299898524669	0.269710762759344	19
-0.112892527057577	0.128535020260042	19
0.052181783104758	0.322182604646004	19
0.025329718767642	0.321139903264012	19
0.058951360379398	0.543664862430087	16
0.111892057132701	0.594669393194154	16
-0.019964103033525	0.288441984235353	16
0.051762359783577	0.239597312492659	16
0.021001036271807	0.342182921209264	22
-0.052970818769919	0.26978008302859	22
-0.027674263986074	0.362347476870566	22
-0.0944659178101	0.203133999151943	22
0.04229091206419	0.477599773980481	22
-0.085079176777156	0.251446282535829	22
0.00510498213132898	0.276633399100685	22
0.070967139339414	0.309953580587774	22
-0.062915932676434	0.185694093025161	22
0.112845827073156	0.329933476544389	7
0.027616036640674	0.136417956595523	7
-0.084400472899227	0.247265434891048	139
0.078066908503539	0.584616899115518	139
-0.00256734774049699	0.558773518808184	8
0.033934777810731	0.356796671078389	8
-0.100920242476554	0.337099877066076	8
0.101892856785178	1.04482968910494	40
-0.028688196645094	0.553386000197799	40
0.090186852831663	0.893728320671198	40
0.010773058999133	0.354627551975084	176
0.091446742777599	0.490248098215186	187
0.084969207117208	0.234864807043993	187
-0.00703700970055199	0.120680083634174	187
-0.03686568565321	0.317126360512442	33
-0.00261194372040599	0.460988940069569	33
0.09295704026298	0.652756006157287	33
0.030849201761669	0.413658177730822	33
0.046711753761527	0.457115804854645	33
-0.054563195703516	0.301403731407416	33
0.105284198562455	0.666872236427263	33
-0.085726298936577	0.248866717089342	33
-0.051200324349162	0.280761603648384	33
0.118311252002734	0.227925128966204	33
-0.047372276970724	0.134985476196975	33
0.11836866549791	0.416244041561972	33
0.076679421046455	0.547913870567566	33
0.029002490947993	0.466549529263283	33
0.032273272626143	0.508173396128313	81
-0.062029429222304	0.293949309066083	81
-0.105081568311469	0.22166560513112	81
0.022650464779965	0.481261930360814	81
0.11047136481512	0.481896257913316	33
-0.106121663685242	0.183222509560824	33
-0.08776563923035	0.185561748981273	33
0.033226446635785	0.525123703618441	33
0.087123092524232	0.633036691154289	33
-0.000588854474061012	0.450682356876157	33
-0.05851123721893	0.300054098345449	33
-0.08486261152896	0.243692980612292	33
0.116433974053457	0.641778105581008	33
-0.091727427257348	0.226005750364537	33
0.085897577012298	0.446079706687073	62
-0.091992841606969	0.218020219690409	62
-0.079368885087536	0.298798702573921	62
0.049024989717287	0.636843371686559	62
-0.070038081194563	0.299646208055432	62
-0.023257352722784	0.40823218441502	62
-0.055619913017503	0.310301153014852	62
-0.042699066558316	0.127932596684112	19
-0.09017378081204	0.215520992905988	19
0.049842635737781	0.510852755888798	19
0.071790707100944	0.622638052124146	19
-0.119390334868923	0.184380987071753	19
-0.108832371403634	0.172274800815393	19
0.075475360271715	0.602936578679735	19
0.122724854095516	0.761112155460269	16
0.015179195345718	0.490162545504908	16
-0.042528643277217	0.130513689577158	22
-0.052256781105966	0.156966684283528	22
-0.103215784765943	0.217257886985381	22
0.112076250974656	0.6095097590704	22
-0.120258890125464	0.198640949282313	22
-0.107567841139379	0.14508952324904	22
0.000830453210672988	0.245384203682221	22
0.083859804209818	0.23322953858671	22
-0.011195134778376	0.270472077010331	27
-0.122214866430299	0.176872204637708	139
0.113189414253701	0.671491830967488	139
0.111556390202449	0.61109521917128	139
-0.091638763069698	0.305845025464672	8
-0.013137434054394	0.57739726530724	8
-0.099145324203787	0.260616042275427	8
-0.11621676266275	0.213953163736349	8
-0.061582620683411	0.275742107447132	8
-0.124330875962838	0.15456352127802	8
-0.052758757276111	0.170035129964067	187
-0.039394034651376	0.133739300269033	187
0.00728723459337299	0.411336995758148	187
-0.048712652662652	0.182471225944328	33
0.058059935152464	0.530464578326734	33
0.09726702164124	0.585567231714476	33
0.086522199644634	0.54052043825545	33
-0.056337562378443	0.240206572015687	33
0.034470694771675	0.383605194423701	33
-0.097892991443691	0.155673758690097	33
0.07335176422127	0.244653969652574	33
-0.047187251774383	0.160730691392433	33
-0.062997126463694	0.226273672173276	33
-0.015181682073881	0.31910891003668	33
-0.120826373754106	0.157272723465389	33
-0.118776422037591	0.157288117953401	33
0.09008460560108	0.572629700432097	33
-0.018581162851834	0.368408508206056	33
-0.089199893696088	0.154644292096767	33
-0.114739779807054	0.171845537647593	33
0.123973453529482	0.686151594187987	33
0.017052456367113	0.403857965008686	33
0.110376188044868	0.494320489973622	33
-0.073885288404537	0.235165847527168	62
0.124082427422617	0.608254588063833	33
-0.051960239815624	0.310666820964327	62
-0.078899917014274	0.247692314284683	62
-0.102435409872043	0.194473767335156	62
-0.102389657271712	0.158520867439063	62
-0.114427194344898	0.114040913470191	19
-0.122431501358729	0.163175631994902	19
0.012737464887642	0.410984937913421	19
-0.062570997565883	0.26643242607071	19
0.109829170711078	0.613602347562079	19
0.020806044366958	0.363656381847374	19
0.101616243648968	0.331380313651482	19
0.01089410750434	0.400134634358575	16
-0.010642809790805	0.260899736649884	16
-0.035702839770023	0.195800793564745	22
-0.093463592664189	0.178162521369208	22
0.064141688997835	0.447396475125924	22
-0.092358966287437	0.194239718368344	22
0.055482534224641	0.455443536144949	22
-0.059542980177879	0.158460064522632	22
0.098638963723949	0.240379534075013	27
0.112245447322464	0.235850183902367	27
0.030275854478627	0.136440491032149	114
0.007258007463254	0.134639414687783	114
0.030765247645746	0.421805737111858	139
0.098616715648044	0.475334669239415	139
-0.118212155591955	0.104403913938585	139
-0.114522799355537	0.339401470045847	40
-0.031044596448259	0.526555477196974	40
-0.011441700599165	0.541451594771728	8
-0.065619364111929	0.389444008289714	8
-0.077859615400207	0.362707215557013	8
0.076575032805373	0.583579801330565	40
-0.12355701223621	0.170075485651445	8
-0.072459513925019	0.235461709025166	187
-0.032571138376462	0.362258084605258	33
-0.025327453857057	0.275004268109782	187
0.047705216950328	0.428926433286629	33
-0.051972158591625	0.226418829486634	33
0.068734737814415	0.454893384273181	33
-0.07114190196607	0.243675031172324	33
0.029688843546211	0.384485500599272	26
0.084431879578594	0.431874116293628	33
0.057331575896222	0.343304635623646	33
-0.04923168736025	0.154808717113215	33
-0.046607885627879	0.210068801586067	33
-0.053642525611866	0.214817897976908	33
-0.065017402135662	0.202550954850831	33
-0.096937457555258	0.178284241673953	33
0.017884638388912	0.403297251430183	81
-0.038053097960422	0.206071765975767	81
0.00620903579988502	0.287735801014409	81
0.031108626115604	0.501567210993642	33
0.04700295619831	0.416449536312356	33
-0.097103093346104	0.234245492252276	33
-0.096304909127763	0.155460501942482	33
-0.105931150091541	0.152687821351502	33
-0.051869129397011	0.244918830177791	33
-0.011112172814488	0.316302749703586	33
0.024885412583172	0.343535779030365	62
-0.044953601682182	0.243177796091937	62
-0.074289281204979	0.239316949078117	62
0.00814415347325498	0.272076745930498	62
-0.092605269069789	0.186430495889363	62
0.09564858789216	0.444883326373622	33
0.117439514361184	0.425922481628375	33
0.00654704478097701	0.389629144142543	62
-0.056770730035275	0.231745104759493	62
0.059539777993755	0.4267431884581	62
0.114894897772468	0.403182961452896	19
0.00551012791657801	0.356447828166569	19
-0.028322330655262	0.304662041962164	19
-0.011228387630733	0.272746791828612	19
0.030775277999531	0.35074498283988	19
-0.105381818314797	0.148401246970584	19
0.052983416842749	0.359701384046142	19
0.029186987523224	0.324014755034819	19
0.031071995001776	0.342719776713599	16
-0.047996248370041	0.226825044628118	16
-0.12463341112779	0.172073749015641	16
-0.002964675087401	0.271212710174046	16
0.092067776946678	0.415921621529668	22
0.000961393832980995	0.286926963775143	22
-0.077296081084004	0.247443237832895	22
0.106462512807423	0.410297202004065	22
-0.026710331064	0.304815242695731	22
-0.059932677075945	0.244968624207021	22
-0.107817666180915	0.173879597917989	22
-0.026869196174372	0.253285113117024	22
0.049437508300278	0.252886325678365	22
-0.049771855932834	0.165555351543784	27
-0.085328202407225	0.190900332937591	139
0.051789911622188	0.4733446791583	139
0.120633389497867	1.19801727459536	40
0.118134107246927	1.15504702388445	40
0.082601674917405	0.772290374515495	40
-0.098709542491554	0.238072821698486	8
-0.069460544103444	0.394733313570533	8
0.00772422238613602	0.586509072603908	40
-0.105099723620805	0.274077047472582	8
0.097060392287669	0.776423827358444	8
0.094872497065265	0.792233057444459	8
-0.055030954992921	0.279159763749702	187
0.044539947942159	0.313069220560117	187
-0.055782532136387	0.158053535417291	187
-0.114246967794677	0.170904166075902	33
-0.088658134458252	0.236913270020981	33
-0.02795709721381	0.365989677857585	33
-0.069568071928764	0.219878367407838	33
-0.109189429995084	0.15015712975781	33
-0.049438016014685	0.229294837215543	33
-0.081828437189857	0.195982596452275	33
0.029601367761785	0.380234471641453	33
-0.034669068499278	0.290029918264527	33
-0.062668721660532	0.261480365213501	33
0.058505348442925	0.485260987147497	33
0.064348746513833	0.546674043598149	33
-0.065646055707067	0.258571220630943	33
0.015114224770148	0.42895817266777	33
-0.038806807365347	0.303414380948809	33
-0.00339827184226699	0.358172772842381	33
-0.002059541968185	0.403182979078976	33
-0.000782955381515987	0.380346587341979	33
-0.02866920695296	0.324276586703253	62
-0.00119497248625999	0.402715043001538	62
-0.100508260259457	0.196755819213775	62
0.10961377535614	0.683526082070128	33
0.002042883578317	0.414568201316644	33
-0.017729645231369	0.373559053977091	33
0.070364678197656	0.527072365088422	33
0.015630976393401	0.327897788888979	62
0.077529535095804	0.555442677057379	62
0.089443211388541	0.530408699779078	16
0.06107334298891	0.485375137663905	19
-0.041299471838146	0.301161770101501	19
-0.029901594265759	0.283764687191658	19
-0.112940365147692	0.159052868620178	19
0.035161156071803	0.402735482919588	19
-0.018848075805282	0.338894223566862	19
-0.03789516421182	0.246909744360945	19
-0.018188881926642	0.286205232082896	19
-0.113146082978045	0.182905521600062	16
0.042396539301411	0.405865932659806	22
-0.09930564454784	0.195796087551354	22
0.122194177821668	0.551790357777926	22
0.055017281768284	0.436879496621453	22
-0.037967989877983	0.305828851508925	139
0.00600057381243802	0.42439175424633	139
-0.113148239022903	0.16031170511604	139
-0.021371498599412	0.552315399703402	40
0.092875853306593	1.05449760152086	40
-0.047026922528712	0.405757225958715	40
0.039289806837959	0.770525253589963	40
-0.062284593745469	0.489244251493192	8
-0.024286289071302	0.590127812781715	8
-0.082600725008618	0.400332535126952	8
0.103612913594872	1.07615340955611	40
0.08032132926926	0.846332434972104	8
-0.056086671100344	0.340953470357307	8
0.013108491775406	0.358482595994399	8
-0.015713142571711	0.38976016713664	8
-0.044484134815656	0.135666231649029	187
0.00665930060583903	0.353898238204625	33
0.076580395203444	0.498292375709316	33
-0.119639375432392	0.171868322455886	33
-0.068608187255434	0.283423243455892	187
-0.041647511269108	0.334585380539496	187
0.046557934697997	0.570926593734886	187
0.061347737074268	0.580250335520077	187
0.10065188820186	0.534507467225705	187
0.095678909706376	0.567318164041881	33
-0.057843602573592	0.256775303368407	33
0.088821278110706	0.709610489950096	33
-0.059385722114222	0.293505615129027	33
-0.119505503312987	0.134308737683024	33
0.042935371677731	0.335047802736389	33
-0.12254034490854	0.107801087034317	33
-0.016637087069398	0.326017957825142	33
-0.047297762643156	0.290057856811306	33
-0.032641402694131	0.325789805539138	33
0.054571731070829	0.492749389320965	33
-0.082460038347484	0.251946597043751	33
-0.047742943774902	0.336937542433304	33
0.066052364904765	0.578347029180196	33
-0.017322057219985	0.289790077937186	33
-0.046997095067566	0.357466697895666	33
-0.037973881589023	0.340051897573068	33
0.012452134333006	0.440625076612586	33
-0.095938048438764	0.237857484792155	33
0.075737197727179	0.574338182373879	33
-0.014227755324456	0.367154879575352	33
-0.039638698273766	0.338313477247809	33
-0.098871993256708	0.204643829343955	33
0.074377813170822	0.636322591503584	33
-0.052277588668298	0.318245713981113	33
-0.1085568262164	0.214314096906823	33
-0.00614702231375699	0.433815245809341	33
0.117357103260832	0.405353363194505	33
-0.105212583748911	0.200992092659157	62
-0.107908173801002	0.128167949901354	19
-0.012101579154901	0.385599653183833	19
-0.079155167611969	0.249578140441948	16
-0.077638560970742	0.237487137114835	19
-0.050954545311611	0.189682073042114	19
-0.122007977400974	0.100299773010987	19
0.028770594106746	0.368103181376636	16
-0.047874077690955	0.279740780796838	22
-0.11515961894306	0.156369072944779	16
-0.11681724757648	0.185687349165819	22
-0.113432456591426	0.200636197681805	22
-0.013963109327658	0.130868438615143	7
-0.097393639594793	0.172300270328028	139
0.01681842275917	0.359386220001653	139
-0.026509935267676	0.504238172378758	40
0.059039501057988	0.515231243845787	40
-0.123238862907049	0.295438057690507	8
-0.009358047537911	0.657553695706813	8
0.063466079201892	0.915083535231907	40
-0.053273244963857	0.415892570338267	8
-0.08686598560172	0.336638135027863	8
-0.098834014245387	0.225912244169912	8
-0.05256087616451	0.254165928427898	73
0.075464118558114	0.220486717320512	33
0.099387918728603	0.233157454941325	33
0.000521795460577013	0.29098172708299	33
-0.067397807361594	0.242866937021706	33
-0.078732126827156	0.252748224864771	187
-0.04553837257668	0.329432901949141	187
-0.123722547214569	0.156120673967554	187
-0.063478168829651	0.287410492149899	187
-0.015067671091841	0.28146617081024	187
0.000413458176764026	0.237708489377117	187
0.121011512541605	0.580561646352679	33
-0.090479026450448	0.257238290872804	33
-0.03223398837317	0.35590461437596	33
-0.013194312521532	0.311738794723154	33
0.072476074900618	0.55507586514259	33
0.024198151511346	0.3446733937468	33
-0.043742391817166	0.215291906761715	33
-0.029820494480409	0.139425536213747	33
0.011704313568516	0.248669143411199	33
0.018904165425887	0.243957260032513	33
-0.05931222266901	0.192857781315956	33
0.086243776021347	0.583746098204701	33
-0.122473848301453	0.158350082071489	33
0.00903483512276898	0.355105336673482	33
-0.035594172575602	0.348355326761596	33
0.038440670594187	0.364273717174076	33
0.011689592779453	0.363045629918278	33
-0.094678519265793	0.225404337260044	33
-0.10384876012489	0.224232609289934	33
0.05728324327271	0.568480258125211	33
-0.042852397476101	0.327084790276084	33
-0.034322246922278	0.337003549789664	33
-0.028721565497165	0.312680113612078	33
0.113633284304453	0.574382305473738	33
0.061188595845397	0.455442216637115	33
-0.027247966232753	0.37379945987411	62
0.010339612319439	0.476508702768288	33
0.056461065454685	0.458552087601309	62
-0.106630488543225	0.135081874541547	19
-0.066711410316343	0.282030373778137	16
-0.097168515686078	0.201308985935224	19
-0.065845790791015	0.236240209382227	16
-0.034860833185779	0.2958525049134	19
0.041536607013367	0.250393579918649	19
-0.052867798794771	0.165152550235995	19
0.072317969895384	0.473168034684813	19
0.00652908734906799	0.358451287590536	16
0.102234486334511	0.579864323373991	22
0.11335258296088	0.582978350508565	22
0.04501055673912	0.527216297228925	22
0.013552263204393	0.431153944268227	22
0.088475859511875	0.526229220494729	22
-0.07099351315854	0.264915024375262	22
0.035108437727062	0.320816028340927	22
0.043416445515653	0.140844516397914	7
0.070454624503623	0.145128265678414	27
0.123546758761824	0.153453796420121	27
-0.022410200181648	0.127168923992053	27
-0.042246797235839	0.320306630657658	139
0.020781913441293	1.19208702112306	40
-0.113010449596965	0.351172931276993	40
-0.097009708061779	0.47061796562864	8
0.121679152253282	1.44782136804667	40
0.000155495783479009	0.854451593215085	40
0.101720964759013	1.37999349694689	40
0.047269670517502	0.925949162648428	40
0.037899831238929	0.744661851765118	40
-0.102771480290263	0.291665259079681	8
0.080478136590689	0.579047636469901	73
0.036043663316242	0.502395271693613	33
-0.073891822992713	0.289496631146175	187
-0.098725065170802	0.232660053946187	187
-0.081599272360604	0.287615056919029	187
0.11982305504723	0.64741160237403	33
-0.0717551961885	0.285647917163859	33
0.088848543864431	0.689651225531421	33
0.107424747834789	0.415896625537773	33
-0.107714406148406	0.220520513305849	33
-0.065005811350825	0.271263066232002	33
-0.044257387104899	0.309480110403257	33
0.094414614431958	0.237024128987831	37
-0.059238057804674	0.179918175491492	33
0.00172431377878501	0.354518839397904	33
-0.118539330677075	0.160695097934686	33
-0.112649648595226	0.212423742160503	33
0.049369510058504	0.468397164000263	33
-0.008487814613029	0.370439852122655	33
-0.073643597319275	0.294204397262219	33
-0.034200077670364	0.318370147394695	33
0.095385242294573	0.592680290493705	33
0.031267388202521	0.435484945466549	33
0.00385993782386601	0.408535253746161	33
0.000759906131081012	0.365825278638419	33
0.067630293572638	0.460028853395016	33
-0.122458952521106	0.155603678992975	33
0.012251796204161	0.379576105193043	33
0.025074819101632	0.475115193955859	33
-0.1089920708642	0.196532552367884	33
-0.073307446037636	0.253204286213807	33
0.010228617258665	0.441112509143966	33
0.027915613685732	0.49305837791536	33
-0.074947163761821	0.246857880017722	62
0.011616146214811	0.392978535360254	16
-0.058231308955976	0.163176967857995	19
-0.050630684568414	0.17067958555942	19
0.00914218329803901	0.260649583534837	16
-0.09819034836395	0.177014275209575	16
0.056126971867781	0.43919825438377	22
-0.025799751164995	0.318869361261815	22
-0.000166770085343992	0.417144051107222	22
-0.05235002295101	0.265049682880667	16
-0.092727529510359	0.204778946419093	22
-0.054143754731662	0.202140349114157	22
-0.101204058063232	0.185269876518604	22
0.059094208986631	0.462164263700669	22
-0.107880520445086	0.183840323310333	22
0.058960831368125	0.530636509455113	22
0.095623264479751	0.483171075860971	22
0.00957685810194497	0.251653666145288	27
0.035278980586794	0.245008897562112	27
0.092337347694228	0.232234917150193	27
-0.057961879186756	0.160038682068181	27
0.076456461402715	0.235007203556435	27
0.070037106495796	0.228230592094548	27
0.084967876641663	0.431568289921539	139
0.116843011133685	2.10915801855304	40
0.123186852907276	1.69408855106298	40
0.019286196119721	1.17146632193535	40
0.044440170086497	0.925799306614233	40
0.028740422854026	0.723913135025227	40
0.101755682399541	0.6654992125754	40
0.047734700108196	0.544849877424783	40
-0.059049256926659	0.400304890640994	8
0.027669460125461	0.53980265800397	73
0.045424171180125	0.597893385988721	73
-0.088208035778156	0.265755192422111	33
-0.08673743456427	0.293247667696434	33
-0.117965808473822	0.204724080302544	187
0.018320607810569	0.364941850352202	33
0.113184776717768	0.547972220303482	33
0.014222133549878	0.403769964227136	33
0.016093969698668	0.421188579010138	33
-0.099704130857608	0.204449394053832	33
-0.051171989440119	0.193836605216659	33
-0.096770700431777	0.170701305669748	33
-0.111702573683735	0.122670402654835	33
-0.046657708687783	0.205705717111192	33
-0.04668247141166	0.374501209102808	33
-0.070668147700807	0.256813802742617	33
-0.014413357345281	0.258426276332775	33
-0.00969211419465499	0.335130358617144	37
-0.057449845855714	0.224693861674945	33
-0.050835700829498	0.253040713385667	33
-0.097482399668261	0.159679041550561	33
0.106542412133395	0.459990547233306	33
0.068304934707114	0.428339178669044	33
0.105203286624198	0.398684434661749	33
-0.03846777982833	0.155394248331021	62
-0.118732138273067	0.119003357911638	33
0.059466462555348	0.317194245978902	62
0.097415729501752	0.424912794913548	33
0.091768001695235	0.412950553850855	33
-0.049610032927383	0.291919186780473	62
-0.109699157163126	0.148543633617249	62
-0.061805834167531	0.287645229669198	62
0.110906638930615	0.663047761151038	62
0.008548781532353	0.261128622187908	16
-0.053857787470793	0.144671157727429	16
-0.026947226812899	0.266238828806499	16
-0.075901076335179	0.155886912028273	16
-0.060576477028739	0.173462770498956	19
-0.034862488901872	0.299887570639387	19
-0.066630339725044	0.227250407867193	19
0.084528816151377	0.391658144848661	16
0.074005299916697	0.344508874134423	22
-0.123654104473645	0.111306241833247	22
-0.068184900334182	0.238530259173072	22
0.121803306861902	0.729893591015751	22
-0.08875211226978	0.200002908185674	22
-0.098661001272214	0.140209660284254	22
0.024555054903536	0.35653430329318	22
0.077525466487511	0.534475563483398	22
0.093422314337358	0.461253187943481	7
-0.096464266069283	0.178298842210301	27
-0.016010641843302	0.285147044392393	27
-0.007115018892078	0.294592865819932	27
0.039596735208422	0.256183760098877	27
-0.086205446573143	0.21183723774978	27
-0.026968990912996	0.302437408698685	27
-0.02873695477957	0.313005154284599	139
-0.058499273932182	0.167287408142155	160
0.054020642299733	0.288686419585858	160
-0.107384787602504	1.10222988735775	73
-0.065462775375014	1.11888821831781	73
-0.032328101852676	1.27324053904942	73
-0.107341059270513	0.621115622536986	73
0.047963431342623	1.14852252854641	73
-0.124258233708132	0.368657157741099	73
0.057941155323814	0.480103230961979	40
0.094541325752895	0.564000254271089	40
0.063140501822448	0.558785318967567	40
0.11008338610583	0.584657451906823	40
-0.075307197601991	0.305740027040093	73
0.03431139928728	0.777931975751919	33
-0.107496392290907	0.255724588888017	33
0.015139054107416	0.411279772064179	33
-0.121334701252864	0.144044422545151	33
-0.00739992245030099	0.276698246826588	33
0.026435188731684	0.410233630268119	33
-0.09007024918179	0.273911666341136	37
-0.111153033118522	0.164528267683374	33
0.057261693453066	0.335547625907535	33
0.100675964547804	0.320404812796983	33
-0.02969829488351	0.369605007424896	33
0.063189643469791	0.329795852721037	33
-0.058786376932328	0.17524115276446	33
-0.057987973123358	0.164627077172426	33
-0.109366444678692	0.201556732337061	62
0.080555551020201	0.823887706935721	62
-0.119244488914335	0.123395282524229	16
-0.053845695756949	0.183309104786728	22
0.052226454677753	0.226598737298824	22
0.055592026928597	0.246886656478726	22
-0.043186848565163	0.142106819732202	22
0.023756660343565	0.130856153537845	22
0.075362530050554	0.433386238484939	22
-0.054294886661688	0.354646396938959	22
-0.059652493416973	0.258317899168486	27
0.056090132274984	0.511242990249513	27
-0.054768375695497	0.319636409291274	27
0.123929957332098	0.495092800591831	27
0.058560997230607	0.243477910126898	27
-0.113564897821566	0.19623979398077	27
-0.0756401952908	0.217142634794577	27
-0.055689080836426	0.257070072275912	27
-0.010801791479656	0.331240009731461	160
-0.122010502942907	0.101624330854908	160
-0.042450630225514	0.702732784787901	73
-0.060315582102068	0.283789382463606	40
-0.106096903335547	0.217909086680919	40
-0.065088408377062	0.356821571693579	73
-0.0646578831768	0.442333109631909	73
0.123690399256658	0.837402622264503	73
-0.052115966691123	0.363651191365794	73
0.105918084844962	0.800054509846609	33
-0.115759879572999	0.211207250078243	33
-0.00142103618714101	0.263357292931736	33
-0.118382277339595	0.24436428949538	187
-0.093934228397116	0.170026009305149	33
-0.00481950466098899	0.369306375859825	33
-0.081308919266882	0.224531987156328	33
-0.003174134539979	0.246050934796196	33
-0.044954922344593	0.430771843660091	33
-0.100871992925571	0.247983050804703	33
0.01842615273067	0.490667332053939	33
0.071260096436033	0.537744087825617	33
0.00202224358736602	0.338658572722733	33
-0.059077623333508	0.250522189968987	37
-0.068785799129292	0.183401380765263	37
-0.049137291437228	0.15771142191448	33
0.056496060756865	0.244777328115086	33
0.067258283678525	0.322126919940598	33
-0.098126665535394	0.15188685276672	33
0.025076966660564	0.241606040671096	33
-0.067919385803712	0.16575009940054	62
0.065556071083101	0.320132900092713	33
0.118410989178716	0.390573396368606	62
0.084031255901395	0.328240579961447	62
0.091497939275403	0.324814822261685	62
-0.085478325371026	0.234944072484959	62
0.09494379694912	0.700272627050349	62
0.021324482140229	0.242829025456533	16
0.012396957843066	0.241999391645431	16
0.086074255780236	0.331753409131207	16
-0.055333240176325	0.244252584067255	16
-0.063419052440664	0.277304665745552	22
-0.100388850118133	0.13750602061498	22
0.013983096517787	0.379353587638493	22
0.072712469164542	0.594063260147499	22
-0.013423114164016	0.323147174616955	22
0.028630008460704	0.437879630039797	22
-0.040335726080607	0.200022698508897	160
-0.079931358224752	0.77794611591269	73
0.070521986040101	0.827876588273079	40
0.035508552021229	0.560262329134177	40
-0.055485676960427	0.376600421304496	73
0.085211371479836	0.854610843831378	73
-0.106044615913803	0.198879040785194	73
-0.075570906949762	0.232034310439232	73
-0.115727420669193	0.198389651640903	33
-0.064939713316843	0.201718864813195	33
-0.088851809053468	0.178597689941136	33
0.07680692245944	0.453085450252047	33
-0.098991943727051	0.220531596530908	33
0.051093572617055	0.497965554259071	33
0.022976665635001	0.404686393906036	33
0.124466731728176	0.667962584009066	33
0.010581194353147	0.445310958282169	33
-0.101374894769156	0.222658714066795	33
-0.091930192132872	0.22994935433296	33
0.070328013261164	0.330240434987242	33
-0.072671513908753	0.165479822961595	33
-0.057865943245574	0.178024657717338	33
-0.115569540488961	0.119294126268123	33
-0.053542465110941	0.186819657353182	33
-0.115966925497987	0.179035743010872	33
-0.114414997470826	0.127153151923166	33
-0.046051681933625	0.181427598946358	37
0.081490531378912	0.413212501951521	33
-0.062342017558848	0.209155644708767	33
-0.049373520154324	0.209126667503531	33
-0.05868482854622	0.191157304124042	33
-0.055979013006266	0.208228906922555	33
0.049297675894591	0.341949456197994	33
0.082347640813569	0.534499875392893	33
0.015498562963988	0.236857675437844	33
-0.114449276232918	0.152098778626109	62
0.056048963819678	0.332031560923657	62
-0.107847035292214	0.12725225143249	62
-0.094181543300019	0.173137251975586	62
-0.082550955195623	0.198245104429784	62
0.051073719108214	0.325412116428287	16
-0.046028854245516	0.199324417464838	16
0.057930159909573	0.329477713801823	16
-0.110687780903912	0.12728976383582	16
-0.054437299542956	0.180815819804578	22
0.033948670323811	0.250256570618918	22
0.109194483991853	0.420873246252327	22
0.00665410343738698	0.281534309305359	22
-0.112274573842907	0.131914263658108	22
-0.048434927240597	0.228417475226918	22
-0.084935552513867	0.189274212567338	22
0.069752875680221	0.324642090079234	22
-0.042439535023348	0.155436614956254	22
-0.033885860066551	0.301559806511427	22
0.062311014604799	0.322437383164467	27
-0.052699280565868	0.207826378945678	160
-0.095390232319102	0.212872534409776	139
-0.084104937119177	1.69764694574694	73
0.060626459217065	1.63105164178618	40
0.113816527610109	2.18295481400756	40
-0.025829916250752	0.426258169816774	40
-0.092774854316127	0.233431501846024	40
-0.041142263295912	0.322343763444206	40
-0.033010891660266	0.450917161437883	40
-0.086830926754679	0.293481859331662	73
-0.00255029685187899	0.537896801157942	73
0.01295093818237	0.57730765450021	73
-0.006070966647164	0.445278603558139	33
-0.079176273191829	0.285336428413401	33
0.015066671109792	0.447594761539151	33
-0.046728453552787	0.240145396849638	33
0.049330881526151	0.351452539820329	33
0.082200308140309	0.721665475372515	33
-0.05376687051787	0.185163190507671	33
-0.030958404462236	0.2711233937954	33
-0.046942767233435	0.174045447326241	33
0.045903355550993	0.330226139310958	33
-0.064920575734418	0.177587756231102	33
-0.058368526875518	0.217128409198337	33
0.0501074017924	0.655005768792502	33
-0.090358339407602	0.190168568286034	33
-0.08348293295133	0.272779378463957	33
-0.020293214820631	0.339554070736309	33
-0.042434509305405	0.22399110641601	33
-0.048648800153253	0.284198900074456	37
-0.047579580461195	0.184186991711713	33
0.086357191506059	0.33819519928709	33
-0.037381279464441	0.163313983436235	33
-0.045337258964294	0.271010574950434	33
-0.113699986320532	0.178887208075412	37
-0.065032402059553	0.274759957901532	37
-0.043592577800389	0.149174583773523	33
0.021489832444318	0.257425943936234	33
-0.048456812162292	0.172518330893625	33
0.090799155246761	0.395603662014258	33
0.082703076133474	0.335755949636844	33
0.071401966910166	0.325998330176916	33
-0.025819654575078	0.308566163924507	33
0.056134300993732	0.22663071786937	33
-0.052888289860072	0.164803081580596	33
-0.056567389588823	0.184952488794729	62
-0.036195285554924	0.285628831873371	62
-0.118634248100095	0.132876289737952	62
0.060235039897444	0.23054419092834	62
-0.051578528113202	0.164917702726109	16
0.095053458324985	0.327506784016478	16
0.093088468994221	0.41158301314014	16
0.022614533326351	0.370571874697169	16
-0.045193702824117	0.138447039530983	22
0.112169634383146	0.233438703639441	22
-0.113260868998754	0.10502484674201	22
0.095194305558277	0.442366611899002	22
-0.122109201236064	0.156115996029456	22
-0.120388368375774	0.109978748220489	22
-0.062000665950869	0.165836059324788	22
0.05515847413077	0.240556353705143	22
-0.124752529938675	0.104909173276684	22
-0.105282732733633	0.196134601275431	22
-0.030708762817916	0.315319069982774	22
0.037051288517678	0.359420543678668	27
-0.064862270472666	0.213233074192256	27
-0.023888168586818	0.234895827090247	160
0.029247189406933	0.248811092602446	160
-0.100421414079077	0.184869070271944	160
-0.111805333191631	0.153298426772075	139
-0.062342717825584	1.79032913499708	73
0.100854131647324	0.389542896363294	40
0.095601807065246	0.411812017161906	40
0.079882565015863	0.4788136228779	40
0.070908583607161	0.60935221007269	40
-0.030609130081398	0.33096082013647	73
-0.038759058148793	0.36982891284541	73
-0.0330555084308	0.374869632940147	33
0.033498969945296	0.487089175418887	33
0.020644650767975	0.269847863840208	33
-0.0203107618939	0.140056385048086	33
0.052675587483534	0.240813303717541	33
0.043184560783715	0.234402789408882	33
0.104560659658173	0.618198838083149	33
-0.001010216222805	0.380432964415638	33
0.097209462968062	0.550902919035396	33
0.00708714520199499	0.263329942514468	33
-0.093870994502865	0.163572519134814	37
0.072465611952842	0.430373210414896	33
-0.032534703907951	0.156122627941401	33
0.07702695512672	0.146432992124239	37
0.045574329950962	0.360525598463108	33
0.070168183122574	0.225194232202887	33
-0.042668105234236	0.142890073046642	33
0.1076147532984	0.237448564927317	33
0.064330410858432	0.236273206893814	33
0.051318905218106	0.250330243675707	62
-0.098317492112293	0.295056883774041	62
-0.020988891664057	0.126965585688824	62
0.071124260371355	0.224984387086998	62
0.073207623051167	0.227079374187848	16
0.10778196978755	0.23914881780881	22
-0.106481321820981	0.140858350241911	22
-0.104127378750858	0.199633594133535	22
-0.034810505755633	0.129313455843826	22
-0.042928349438815	0.120329952408512	22
0.037075909291973	0.408663199928151	22
-0.078398351224731	0.30793979494992	7
0.026325184086522	0.517084921138288	27
0.089471206321232	0.493752249636493	27
0.032179806315733	0.245322418109629	160
-0.083693493269862	1.64448719638594	73
0.102840739139553	1.14338657734979	40
0.097461879121194	0.673571733319796	40
0.069731303218707	0.481522598662518	40
0.091551061478545	0.568171747789526	40
-0.020348718808425	0.360283818906417	40
0.027165766282199	0.364768845564906	33
0.023768821755434	0.539244953363501	73
0.096690315337401	0.403174248510672	33
-0.097205614696522	0.134417317612493	37
0.107861049196183	0.481416848580274	33
-0.057311383455971	0.186873186174986	37
0.089138692469687	0.395181493950604	33
-0.012127107493761	0.312632003684033	37
-0.042721175237899	0.126992070225807	33
0.096814360710875	0.333187962980746	33
-0.056843142993738	0.159850287227481	33
-0.021542516810497	0.129772785310918	33
0.073222685881727	0.235886805478169	33
-0.044809925668254	0.15508940530317	33
-0.0370901272246	0.178433830920414	33
-0.048715093857035	0.135525468988489	33
0.062837920445737	0.239714447977587	33
-0.025227074664558	0.15897341159658	33
0.09135034504529	0.233824683519318	33
0.07515236973976	0.227111203291876	62
0.073370675825982	0.235402209497158	62
-0.051791718359305	0.14832726677026	62
-0.00282322347970701	0.281374893392813	62
-0.01818267763151	0.318494173218053	16
-0.033674665351694	0.123705922825421	22
-0.052895865460759	0.220248639515981	22
-0.113332377195627	0.113273494212217	16
-0.049654548593412	0.167033862090297	16
0.065387336174936	0.239407009203486	22
-0.118179977433204	0.102993973162255	22
0.098589947838376	0.228321033508272	22
0.048254754487767	0.545609901097185	22
0.00616520983633101	0.135638761169496	22
-0.064877353108199	0.17823148345287	22
-0.052901713710186	0.25031240807225	22
-0.117397165347887	0.120798294709553	7
-0.000716427314958995	0.355485206501032	7
0.119443103392497	0.408733290752815	27
-0.057828467886581	0.23142820935765	27
-0.099870978419224	0.165339263490107	160
-0.043051971539685	0.136900073875541	160
-0.047639301867543	0.216236235928979	139
-0.118839546876601	0.214725388104098	139
-0.079783801356701	1.4388441993526	73
-0.014778074182819	1.14400858778225	40
0.103144149606418	1.52815072593891	40
-0.036645551111463	0.686906957271885	40
-0.047837313868688	0.555022430856196	40
0.00653507318984597	0.370980227790198	73
0.119675619282861	0.772006069717845	33
0.041653738263027	0.502730084675898	73
0.012404067873212	0.414999165701012	73
0.028780971274674	0.401129730855398	33
-0.01597650621187	0.308640579997634	33
-0.023983985472914	0.36368631851455	33
-0.102782108153326	0.156208684561722	33
-0.110549770835753	0.152119205984959	33
0.046893244389592	0.234273923110623	37
0.109404496735445	0.330799643620062	37
-0.121187712848242	0.114878262891718	37
0.00933450996646501	0.337072641951419	33
-0.00992157684880901	0.307092830689818	33
-0.020780102242408	0.263061093076385	37
-0.014045381601762	0.273295027266699	33
-0.012298077723778	0.291711169367574	33
-0.024040057211448	0.276171767276549	33
-0.112666086646873	0.146375381380256	33
0.115612416641383	0.490052559955088	33
-0.098393426129657	0.189502258600331	33
-0.104180225611578	0.145711166355894	16
-0.097482047855431	0.193983879602123	16
0.007942105689903	0.263361400974585	16
0.097474628441546	0.338497490905255	22
0.00112058206744098	0.233899022534329	22
0.105302441979881	0.33626847028993	16
0.019667379414173	0.240272023054215	22
-0.099073661891264	0.154288643214053	22
0.083436658763162	0.402775191752815	22
0.050623450384138	0.319238696528235	22
0.073430427419299	0.392918892775562	107
0.052651348593182	0.328301166460729	394
0.021324482140229	0.242829025456533	7
0.082508598229079	0.236346781992076	139
-0.05713544331886	0.255248983917367	139
-0.092521174822159	1.04292556818176	73
0.087545301258815	2.19135045992091	40
0.040183807219082	0.766581221048069	143
-0.019146993019861	0.305406083537708	73
0.034898804302899	0.439227987288526	73
0.03845015464535	0.406655927130178	33
0.07991176642564	0.489399868774122	33
-0.047695111963359	0.261842550059338	33
0.026261659099806	0.445917513507446	33
0.029481416074757	0.245702472080473	33
0.037731558356079	0.439201139787332	33
-0.071475947288991	0.244627387413183	33
0.069553521126733	0.479888000674503	37
-0.044336785991357	0.142621028158837	37
0.096090020579486	0.317295764373669	37
0.037701633069784	0.359517791260189	33
0.055006353550087	0.353411014963457	33
-0.112395967210085	0.146277587498431	33
0.083828797798812	0.398866275327819	33
0.085214696028616	0.387280376221669	37
0.059320207298176	0.437498362929727	37
0.00758209581219499	0.34048170107509	33
0.091066337447813	0.336876151268181	33
-0.036840757448254	0.245594069866106	33
-0.054953027710036	0.205912687848048	33
0.059719862006668	0.337345328286385	33
0.00288031912664599	0.290008412914849	33
-0.005819858613241	0.275537804406247	33
-0.017268713522822	0.302878092634502	16
0.081329817101762	0.427769865817886	62
0.041102199620983	0.350766570871636	62
-0.116483100869306	0.121732560982193	62
0.082330485152051	0.336045954828344	62
-0.00214778633110499	0.270742355523951	62
-0.048076460955706	0.136669720748102	62
-0.021373970973201	0.263751883216304	16
0.038932779103256	0.323597469904143	16
-0.011525917460361	0.2883694146843	16
0.052890823742217	0.327376747624046	16
-0.00740159569399099	0.237925389879749	16
0.071183201356282	0.317499272389496	22
-0.060180446735285	0.158557018947447	16
-0.124773794771246	0.101368900920433	22
0.00748084262090398	0.272158606987595	22
-0.012962950359213	0.298279088689195	107
-0.057992383702489	0.191073389377938	22
-0.038093687161551	0.132402029757633	7
0.052463984577119	0.245862625019323	7
-0.012828401438948	0.130861579797006	27
0.09251927960861	0.478536789285259	203
-0.115023694027814	1.11258997577719	73
-0.095717054783453	0.194645287391689	73
0.084666414645318	0.697423851162768	73
-0.047488885723326	0.37167281821979	73
-0.065496932614544	0.289173726008165	73
-0.072779329063414	0.263916417196598	33
0.082139632291491	0.56063465215296	33
-0.01688533341597	0.388489049877506	33
-0.106392630619448	0.176515142509839	33
-0.107991766175069	0.227607450405504	37
0.084938407899935	0.569277033086966	37
-0.005752459324051	0.248327635609512	37
-0.092301953226354	0.205079125693304	33
-0.099917394167688	0.170122621626846	33
0.053079768227361	0.400479996855715	37
-0.057242629555683	0.284154842356076	37
-0.069592816917578	0.250486716065759	37
0.08333420448079	0.535248857388708	37
0.032098321554746	0.379406275948812	33
-0.064367363930169	0.235175367210088	33
0.040885578753748	0.473553509209057	37
-0.114746126840425	0.158689763875167	33
0.120151775667347	0.470477947365842	33
-0.063338297396673	0.271254097490599	62
-0.019981989525542	0.319526801208967	62
-0.011643339783322	0.298016659165615	16
-0.117344831514153	0.120564569491471	62
0.021819389140716	0.247914477887727	62
-0.057865943245574	0.178024657717338	16
-0.074453703949789	0.201711871052185	16
-0.058824685223892	0.248462740615557	16
0.054795905956398	0.427361517724804	16
0.020483679898023	0.342879102023028	16
-0.026226402633079	0.276060622408262	16
0.079441766964789	0.543179382019955	16
0.086662376374877	0.353359035944406	22
-0.058364755323671	0.168998426077023	22
-0.05121543197623	0.225061532116989	22
-0.00807933800560401	0.300995685214905	22
-0.053692030783227	0.240120609533995	107
0.08986163761387	0.574343568998303	107
-0.098213616742378	0.166230418133518	107
-0.010845695193098	0.273531316229423	22
0.051447704944024	0.354854911546835	22
0.06265931542235	0.460479798795134	22
-0.038942720363596	0.335074667377091	22
-0.070308812993154	0.243616768729892	22
-0.062499908967972	0.164095939984811	27
-0.0435718764815	0.143022252272875	27
-0.034099361912566	0.141886733937723	27
-0.048579471231478	0.157663680325662	203
-0.105284396024685	0.219538613591112	203
0.039659990660603	0.495486245147054	203
-0.083777846247672	0.241681022211501	73
-0.059193637433915	0.36631848401411	73
0.016970001551096	0.394393426587338	33
-0.044832701354812	0.297798655543921	33
-0.037294289546249	0.350805029422585	33
-0.053381908756311	0.330217635009315	33
0.076171440114847	0.609351140965369	37
0.086114448914637	0.558646199068838	33
0.118895266221681	0.739907751325214	33
-0.106749548195647	0.201208581460548	33
0.00893254792999698	0.341340791876613	33
-0.115343622405836	0.15684275128317	37
-0.050896779099742	0.314825557016279	33
-0.015865025913237	0.417413579535386	33
-0.063379778838432	0.266161501685978	33
0.072858176227158	0.613221647728718	33
0.034713884803844	0.434442864358516	33
0.00131562616423397	0.386778893394357	16
-0.030380311452662	0.326284425315254	16
-0.00455564649482701	0.372567626140647	16
-0.101481597070336	0.224502104397502	16
-0.073866644756829	0.269781674985912	62
-0.104285383580422	0.209620234178262	16
-0.048659469873123	0.291002309014999	16
0.036516598283848	0.430409708737279	16
-0.089968831639548	0.201469324848471	16
-0.05960084974658	0.142222526573488	22
-0.122149774783813	0.141100624607898	22
-0.02638397530918	0.272018636588806	22
0.124050272286274	0.70326206059336	22
0.035834039820862	0.366015190462369	22
-0.09804212804806	0.183011821586093	22
-0.011520203096555	0.133180497327801	7
-0.00108396288996601	0.132705000408759	27
-0.038843357989788	0.124605649324935	6
-0.119878617481301	0.199162879071561	203
-0.072974905083307	0.262653880839874	73
-0.116156656341797	0.137241699483703	73
-0.014583184970282	0.460082278017958	73
-0.01140527454751	0.288218749117011	73
0.099756424335642	0.741875112175958	73
-0.068269126686931	0.267664501226982	33
0.05266596477842	0.33564171660966	33
-0.055164387093754	0.221537701845045	33
0.062656883545556	0.501554312019714	33
0.09221692475512	0.598082764268554	33
-0.099680023484562	0.197999045498165	37
-0.123148900593191	0.16391736102937	37
-0.070977747392302	0.232435146114924	33
-0.022675941031487	0.361140410243734	37
-0.069979366493823	0.301746280381893	33
-0.074191751237597	0.245200396336004	33
0.073280098141556	0.525581652029356	33
-0.052441414242961	0.248086629234741	37
0.051485895651516	0.507232884496705	33
-0.100851027338612	0.205670439338714	33
0.096257809162943	0.415520896621414	33
-0.101477815232889	0.221318753979578	16
0.084422994183412	0.618633152979653	62
-0.096693978590433	0.166282740602511	62
-0.011208766763731	0.364502120015133	62
0.070218198528374	0.145125083925522	16
0.1153396783136	0.334250150281791	16
-0.109003578036291	0.217153739779458	16
0.065046476820515	0.545191024968405	16
-0.0673534187493	0.243453396696011	16
-0.094875082507161	0.168931953688003	16
-0.068857112456198	0.244308074513074	16
-0.103914338272889	0.135953554795527	22
0.052534680385174	0.40635519454946	22
0.034281246436295	0.465907010195691	22
-0.06586281782656	0.244317289166043	107
0.073990241339081	0.467100135897377	107
-0.092480933503437	0.174683349886858	107
-0.013563867900098	0.133463637858444	107
-0.022812445065593	0.292212266034225	22
-0.044092028727271	0.32614305342706	22
-0.000642825358807997	0.366169179249927	22
-0.022196071161601	0.315505254196405	394
0.059411016353544	0.459661749439928	394
-0.117052391037027	0.126011928389416	22
-0.102971035585767	0.211695578482662	22
-0.047840036579877	0.170746667528594	22
-0.107747543779881	0.262047791882293	143
0.093380044375671	0.237835428767238	73
0.072587279983539	0.246125433151133	73
0.050885750139753	0.513914261537078	73
-0.041665352137784	0.328466980785105	73
0.02928360993024	0.586704064041048	73
-0.024014502648099	0.419535605263748	73
-0.017778877423814	0.432907406616039	73
0.062587127228969	0.491542392721019	33
0.00399200763976698	0.417371222415537	37
0.039002859665048	0.577408017713721	37
0.061104740507696	0.467918209058057	37
-0.058302973049906	0.198046024350463	33
-0.072824581879614	0.1752920355635	33
-0.00248391441252899	0.127470823678696	37
0.062130405721635	0.135916655106528	33
0.078120231615422	0.421337190125656	33
-0.103029310292043	0.197573123927616	33
-0.107186260528068	0.19280586308494	33
0.056644177584523	0.496427889623172	33
0.050944301477284	0.459031592286592	37
-0.051391329241858	0.316084468949102	33
0.025472224624141	0.448343876676507	33
0.124463648603974	0.593835599658121	33
0.0897469839977	0.515842813709531	33
-0.092395213972606	0.272625298667245	37
0.097941944829215	0.61141880263432	37
0.080033866991871	0.60725533564765	33
-0.079618814772664	0.253168810874882	33
0.096900345517628	0.611712366540884	33
-0.103833709519588	0.197159663295045	33
-0.085305371055506	0.244955652225467	33
-0.084072240760853	0.234517300548004	33
-0.118737788049134	0.18628367743735	33
-0.034600735543837	0.327718114478405	16
0.020094458725754	0.476691472327141	16
-0.072432536804346	0.305949752088388	16
0.036717343745605	0.255875187622353	62
0.101267669235769	0.589854625450129	62
0.043077014310831	0.325557517676921	16
0.032427557659488	0.13921852965835	16
-0.11843441051834	0.174700756297748	16
-0.00592239995746699	0.341562614077477	16
-0.016290230352617	0.295613537744825	22
-0.020890320180872	0.357026601000927	22
0.044535733846279	0.542595769343104	22
0.101863579432753	0.57736711679848	107
-0.055406119242068	0.232038317873747	107
-0.023721153589787	0.309871808490506	22
-0.033477996110122	0.300848233820955	22
0.068867834205143	0.539602187002846	22
-0.00392454772372999	0.221590425626464	22
-0.045279285369669	0.19347827595288	22
0.007258007463254	0.134639414687783	27
-0.055795081551912	0.176733453207853	6
-0.009358105195024	0.316833930148664	203
-0.103612658041263	0.231486441489414	203
-0.049095403705383	0.156296447440234	203
-0.105443585695625	0.144661059096269	73
0.057996035681143	0.22923476545551	73
0.038973644735543	0.251037158588416	73
-0.029811118853194	0.150330248661988	73
0.061149997902912	0.736153845246625	73
0.058762271964544	0.697727125048132	73
-0.084082154529186	0.203297967599799	37
-0.057341190657305	0.203532158074056	37
-0.121775524642547	0.155952228911256	33
-0.054259916070115	0.227187433605033	33
0.121508068950956	0.150210934105473	33
-0.030501058162628	0.131394616926353	37
-0.091164703625616	0.170133734980563	33
0.060696948345814	0.530426220681214	33
0.081069439648477	0.532040439426902	33
0.040203518078341	0.474843154156157	33
-0.091417041440786	0.225213531762953	33
-0.118185084940592	0.179260299474086	33
-0.122674739675664	0.182631939992045	33
-0.046638616560295	0.189429633015918	33
0.096004001792135	0.494306142435266	33
0.074724145317644	0.656909312572123	37
0.121108991868731	0.622354179824135	33
-0.040488330993808	0.319874151909455	33
-0.067310397330308	0.265027629187419	33
-0.018471418596905	0.328720593726882	33
-0.022816318809585	0.31390552831201	33
-0.054472385971602	0.304285944445197	33
0.00376827817930497	0.437031215279932	33
0.118361520239176	0.324970871341315	33
-0.099520885735463	0.173496086466339	33
-0.080893417603437	0.243511738852222	33
0.112687648987687	0.72193621948671	33
0.04735440710289	0.545722960745655	33
0.108802487529143	0.676162958404211	16
-0.025321412874348	0.365490854165282	62
-0.000692537514143998	0.40561064332377	16
-0.100085696778901	0.223162870100727	16
-0.055329072333263	0.197393346063206	16
0.015791151715117	0.249211097928725	22
-0.095122408575025	0.212919260523969	22
-0.063872987885432	0.241091902911833	22
-0.040203396576726	0.126739409893525	107
-0.051854470302015	0.199884551332822	22
-0.117848470490961	0.111985778648749	22
-0.00870611216979	0.283462373391228	22
-0.100980891486234	0.229846105832265	394
0.073645372434661	0.573372181084712	22
0.105539309911926	0.329063523043587	22
-0.045677589923696	0.152456253610794	22
0.083814376917641	0.232111548715712	7
-0.046293288858709	0.150121721618073	7
0.090968284098345	0.663748274320523	203
0.023783476410685	0.438107165163887	203
-0.053891431920102	0.18086167390755	203
0.114195101274133	0.333441049889605	203
-0.01196906271418	0.424373416848248	73
-0.000838853748531987	0.440116492119674	73
0.027811615744321	0.657885160555022	73
0.114547283957954	0.758733423251927	73
0.00578185064974601	0.33582754471514	73
0.054127549947179	0.660675912802835	73
-0.033061140562496	0.440473214239465	33
-0.020997353067673	0.413194706493171	33
0.101915838926646	0.776136969769433	33
-0.040146291918875	0.149847660791254	37
-0.07102770187192	0.198865764958225	37
0.072318939809053	0.423943588275515	33
-0.065398864158263	0.22909122872995	33
-0.007373804249899	0.343334889011919	33
0.022451858489291	0.482788149659378	33
-0.101251033840998	0.214850270680239	33
-0.092737144446543	0.217931729914109	33
-0.101017214366466	0.209519365393789	37
0.047932514275113	0.534899666691655	33
0.017839101805358	0.460223705017737	33
0.055358792203041	0.442766768113942	33
-0.034315428391659	0.313717338082311	33
0.077494269705796	0.550713307357119	33
0.083735990709558	0.599814908003995	33
0.013801996711438	0.469719202299244	33
-0.103450077288117	0.216492226723594	16
0.030165616861937	0.400623929706566	62
0.07505683808051	0.518874559721341	16
0.075394177628823	0.147726762445194	16
0.069449602623052	0.514487993996885	16
0.04403457519078	0.477688832132525	22
-0.050057631148568	0.287545497588564	22
0.095582380195849	0.622121475173385	22
-0.117384663649178	0.123511587808771	22
0.023455599127705	0.247260253563451	22
-0.052708797255754	0.230776496977722	107
-0.024998192598224	0.133159099559753	107
0.018123868980115	0.259768701689433	22
-0.108011473085284	0.168427386260072	22
0.047904733039265	0.377494613248933	22
-0.095927502818384	0.170154343345987	22
-0.035140330943608	0.340040789035248	22
0.105240495513009	0.596316554618196	22
-0.054474954438315	0.301749376823743	22
-0.105902464653258	0.172924003292248	22
-0.026701183276576	0.122402882298193	27
-0.031916285764962	0.143750102287193	27
-0.04748952444477	0.219403470754698	6
-0.031931521635787	0.138676264535419	203
-0.097378053047526	0.227953724408605	203
0.015173847774514	0.245655568203094	203
-0.068460946142672	0.166002981480282	73
-0.048191341680879	0.184285733739104	73
-0.001548003352385	0.42951906490862	73
0.019971488118085	0.56753606966047	73
-0.065001948055609	0.318837264822934	73
0.009685658473921	0.580837830651128	73
-0.081176715551479	0.270266007567124	73
-0.102124712115354	0.256712032078807	33
-0.105800077119977	0.248666421648625	33
-0.105278738970195	0.242243104800636	73
0.015140497816545	0.395719977909821	33
0.106087294462006	0.695631640320755	33
-0.051590466718936	0.327250213142721	33
0.035197019223484	0.536994138094799	33
-0.091671584776309	0.289118036961851	33
-0.100835325720582	0.170731319278637	37
0.091213853060486	0.417633479780838	33
0.10734870134222	0.476268588213236	33
0.083734603654492	0.417239646089829	33
0.104289616962732	0.483500263832957	33
-0.060286355952628	0.280657144262755	33
0.116714896073036	0.570427387007904	33
0.081022232239711	0.557107285134048	33
0.076024811238302	0.619295847262097	33
0.00521902093183801	0.380397394784115	33
-0.118884938907976	0.195717142319615	33
-0.106587189950517	0.14698299155525	33
0.022413661327076	0.405859471422508	33
-0.11193865785018	0.184717732181485	33
-0.056330042298206	0.235602181696786	33
0.083394139535719	0.497185196522794	33
0.122364094660137	0.70181366632612	33
0.042017920239011	0.431660097993494	33
-0.12461564661218	0.179691442920478	33
-0.049576840628507	0.27438312893877	33
-0.033081163173686	0.319032142538965	33
0.032298533398284	0.455734031810165	16
-0.025424081732116	0.365885697209007	62
-0.046476669413067	0.342516225205088	62
-0.122402303362872	0.181666334767695	62
0.00785346481210703	0.360260852716445	22
-0.00677187294949799	0.272169924111348	22
0.014123060051157	0.262208381841844	22
-0.04248187933722	0.236286177240615	22
0.03023745764591	0.447612253463347	22
0.036248622378596	0.451109614822599	22
-0.042460653097853	0.307957567169173	22
-0.016430596229078	0.28702349643325	22
-0.060253237426758	0.160120693321793	22
0.07252036715435	0.519737377776136	22
-0.105730841015319	0.18548513230966	22
-0.124581985868259	0.0954223753242101	394
0.124665392184374	0.722762075856566	203
-0.123898002931313	0.170402724671863	203
-0.05403387252668	0.159549176482392	203
0.092078981844385	0.243998868443922	73
0.073437260947116	0.590688043256998	73
-0.023049514671955	0.423611835115217	73
0.064349921821353	0.41322154528099	33
0.101735560520657	0.72290830580954	33
-0.118378821360235	0.189160658598734	73
0.032326815905968	0.337914037058959	33
0.076979138930926	0.66345202779388	33
0.027587239307057	0.440489851005625	33
-0.018727446086395	0.326492705947058	33
-0.005785225169882	0.2732879485243	33
-0.083441491446741	0.177238138108991	33
0.04030135960854	0.138664659503883	37
0.034577224407148	0.13542613199008	33
-0.031185622715309	0.116825263292678	33
0.085939741727516	0.235691613528372	33
-0.063404892134024	0.225821442205906	33
-0.030806588099995	0.304639620727896	33
0.04948090251163	0.451537747426699	33
-0.068980769671814	0.259522867883944	33
-0.040692520061409	0.293528969585791	33
-0.002245443526912	0.364471656778454	33
-0.015174560138257	0.252280772692099	33
0.048621047756894	0.44302818287538	33
-0.123327795773199	0.164976756120088	37
0.065220424070347	0.438377476552983	37
-0.00651314934807601	0.326945370658617	33
-0.120387252201665	0.169216586179762	33
-0.029588049015895	0.289807465009022	33
0.096448938797567	0.594261993046689	33
-0.111545970366331	0.182431906209477	62
0.114821494359955	0.573156771420757	62
-0.058557842856773	0.157991506025005	16
0.00239391817419099	0.132570239835009	16
0.00428331442660301	0.375174678453043	16
-0.066418138951947	0.221545564579183	22
0.044678307976569	0.452014611249325	16
-0.048366443588913	0.188979721810947	22
-0.055486908592178	0.193321389181417	22
-0.092144229270617	0.202700641164354	22
-0.110266610252206	0.162997745774379	22
-0.040763561289988	0.190096204230961	22
0.084976728957981	0.230258968313156	22
-0.084164482277326	0.189922270955861	22
-0.068463777296344	0.228117651534314	22
0.00925917417542299	0.348430834325233	22
-0.04357732559348	0.280634850904559	22
0.032561502039502	0.410265348331914	22
0.106656548784848	0.498493453273591	22
0.08657221775504	0.312922968941699	394
0.115949863534958	0.143959151507527	7
-0.087474646513945	0.224485754599232	203
-0.124314783114579	1.01539209254278	73
0.050107756705076	0.824241184672377	73
0.022001882460254	0.251220210056848	73
0.043522082058293	0.678222575631756	73
-0.057976461154161	0.387183614347892	73
-0.078506838298501	0.306742808275205	33
-0.098123883508701	0.267307256367874	33
-0.068784608411957	0.343318811822933	33
0.079788486896822	0.802024319114855	33
-0.010075414746675	0.33757074108635	33
0.063513758843157	0.627285719871888	33
-0.016993952306961	0.433124202014464	33
-0.096874672687535	0.216234907767167	33
0.033219882570746	0.243893214934648	33
0.103927374300519	0.486004712139336	37
0.069918506654314	0.485630712202757	33
-0.075257021646188	0.22914527958766	33
0.064368628997192	0.238889575770469	33
-0.040463323229603	0.1508342154314	33
0.050278995689607	0.38247438871851	33
0.028694209067512	0.407056688956022	33
0.092462016487884	0.63651479865263	33
0.121120505095421	0.659664570672396	33
-0.105505389369629	0.170199984905221	33
-0.058071889390464	0.211534877193767	33
-0.103236102830867	0.223765040760923	37
0.072793017008147	0.510431284060108	33
0.113765972683141	0.602581513746987	33
-0.026761016857627	0.334144587911601	33
-0.101516734560893	0.195946904616476	33
-0.04880955114522	0.311736443279047	33
0.089449086366843	0.541733266472599	33
-0.110236975792012	0.205157931090827	33
0.059702426294635	0.48476418601605	33
0.020725731793726	0.4640360544417	16
-0.124706462783435	0.189274643685923	16
-0.050324330928388	0.304408807264636	62
0.016344149262647	0.490770819367044	62
-0.00338148661577201	0.429713230338199	62
0.010756282627614	0.356614857570015	62
-0.105332874132468	0.189290753094779	62
0.048659051615113	0.230307354418434	16
0.014824443698094	0.406181570745633	22
-0.099954063898543	0.192734570913317	22
0.036265227729521	0.437308331904545	22
0.035173127505992	0.328126412415246	22
-0.113516519029586	0.166859387734127	22
0.040581478331312	0.478831855497405	22
-0.019942630273157	0.29092748769549	22
0.091443241170483	0.545309420400801	22
0.11749247002086	0.581140400703424	22
-0.075238231452358	0.265065183616355	22
0.028968262348724	0.403864723176537	22
-0.035141403042277	0.298553058523014	22
-0.01366233906515	0.304298683107526	22
0.04221949985422	0.249699529169832	22
-0.02238542290306	0.688972996915448	73
0.073246224205682	0.904412969402253	73
-0.077804232713671	0.355542313477545	73
0.109564918035374	0.725004158972473	101
-0.068248401327121	0.341825170522481	33
0.055925849850554	0.759192346678973	33
0.032839764714315	0.579304767066758	33
-0.044910006639616	0.376021738893837	33
0.069707369674665	0.602688061062366	33
-0.023758794406996	0.443670267735843	33
0.083951443441911	0.632059125850212	33
-0.05560880517862	0.226200024556594	37
-0.017670708395799	0.12890593515453	37
-0.123911561872598	0.0879135670565522	33
-0.061027857637558	0.161766035608705	33
-0.087143083074708	0.218192772193831	33
0.124656109824301	0.665444566150017	33
0.062441219270116	0.494314361937355	33
-0.00851235056205099	0.409651190346846	33
0.044348937157252	0.448652428293237	33
-0.050482090926722	0.285013160717588	33
-0.113895031179444	0.12902956092686	33
-0.024445229384077	0.343348844890863	33
0.110096132850391	0.614027003521135	33
0.047127950651433	0.556838484584386	33
-0.042521393918195	0.306521494869754	33
-0.094379499051767	0.22129868333044	33
-0.062287972251786	0.256203855290893	33
-0.057955894197078	0.263944538666185	33
-0.00512659382137201	0.406095362028254	33
0.086341640799238	0.579784545857834	16
0.049093133191462	0.562047628860135	62
0.00827678172173901	0.440080773812077	62
-0.122280595883185	0.103004011894031	62
-0.066372183438293	0.238648756552005	62
0.093995527680966	0.552446592426195	62
0.048707084630996	0.460192631752125	16
-0.068413700921573	0.236690220668542	22
0.087996313355513	0.58803874759922	22
-0.00202016924578399	0.354321735692472	22
0.122475956362149	0.564581421571481	22
-0.098185701498757	0.194544332766988	22
-0.024653065214275	0.299615166013001	22
-0.096965740659933	0.182457136549244	22
0.073385991721595	0.426465352329675	22
-0.049814558263958	0.19614674127794	22
0.074246366953093	0.235973675970237	22
0.045502132625484	0.357870017484848	22
-0.061100800554423	0.246614997651293	22
-0.069619399577571	0.230321295375839	22
0.00549823837156199	0.385374033564435	22
0.056809410654637	0.456970636302977	22
-0.073643196045524	0.259516393064803	22
-0.025668133987497	0.336161606239665	22
-0.052211146738302	0.201958251987941	22
0.051554110172368	0.238868653895175	22
-0.058935202578682	0.28326189288455	22
-0.098124530986278	0.205264144279417	22
0.096446638015085	0.559167706758093	22
0.014114681678016	0.385482246956922	22
-0.035415621085089	0.299331754665112	22
0.011405280791285	0.371795235532619	22
0.033429901502546	0.337711166777624	101
0.086897929834373	0.739546507278067	101
0.100268279169778	0.8348532374866	33
0.072221017508722	0.661518871004619	33
-0.037754144477061	0.396931656482528	33
-0.094249744120495	0.259450706845783	33
-0.080112999988859	0.257422057701113	33
0.089667753550749	0.64317254671078	33
0.080066604723486	0.610725099633501	33
-0.083891296534366	0.269108620213269	33
-0.074471698644071	0.270413909745137	33
-0.058480952118264	0.174244423841264	33
-0.099230197468431	0.17515652364271	37
0.00784319728604299	0.308781349878569	33
-0.011347428954896	0.27934405871054	33
0.049167241464762	0.230417742080177	33
0.096012121222643	0.573318992484197	33
0.019642570837652	0.342063525723702	33
0.00341593526273798	0.384835936706548	33
0.030434794999314	0.425247032517227	33
0.065244355314196	0.516501844831078	33
0.010806888399418	0.324832260216442	33
-0.074248665695654	0.226165512925187	33
-0.018766465023429	0.303600083600864	33
0.121928410962551	0.657128859258172	33
-0.075791490360574	0.215345325788186	33
-0.0842793011761	0.196186196584683	33
-0.053467714309291	0.233590698706573	33
-0.08938310842334	0.190583839584603	33
-0.002982638315987	0.336836171344682	33
0.065891077601921	0.441450469255529	16
0.002050492671969	0.323029325652827	16
-0.120520682549501	0.176561673694788	16
-0.076646027298736	0.215205297090427	16
0.00220592620823901	0.368795141912501	62
0.085068029867027	0.493350223686466	62
-0.100548137047167	0.201335434846538	62
0.06127107819886	0.474795462937215	62
0.106841693315207	0.499939676629917	62
0.055173099176532	0.445992984369613	62
-0.029543520741979	0.275025543867275	62
-0.062051658492788	0.179122578068386	16
-0.029268172598937	0.311686646099527	16
0.02248624557396	0.352897001427329	16
0.091263159966698	0.520841373919241	16
-0.050160189700963	0.260911184666738	22
-0.071032870998526	0.224615285960146	22
-0.055770031380652	0.229610111438204	22
0.101719405887772	0.441155146087367	22
-0.01795209671494	0.264031385305006	22
-0.075450898504946	0.242466606653001	22
-0.099901552871836	0.168890395524791	22
0.102561633327354	0.23531078644245	22
0.01277739559341	0.245223138123738	22
-0.062117202889565	0.223117612432963	22
-0.092702247944831	0.178183706011844	22
-0.012834551166045	0.284235805173883	22
0.084583348830087	0.589348022527003	22
0.096643297868685	0.498230965291243	22
-0.008909338918031	0.355128358790529	203
-0.092751274378232	0.200359033368545	203
0.080435899534243	0.483368084810669	203
-0.09398478217104	0.188735299047504	203
0.038406951222707	0.423405833489232	203
-0.08153471717337	0.529128185168614	73
-0.044749172856833	0.357334080553738	101
-0.00636119382500699	0.516855212457503	101
0.00356772269604899	0.504339599058405	33
0.022647619495791	0.493197839032118	33
0.00709575931921203	0.496274205555955	33
0.079857445557096	0.595464286995685	33
-0.060932558151931	0.236753174634426	33
-0.102766225629196	0.209928705205227	37
-0.042464511241147	0.276043631699262	33
-0.014016186400469	0.3020673209259	37
0.118785409777246	0.559294863856364	33
-0.019082977700714	0.338200021546697	33
0.055801554547416	0.247923986072506	37
-0.113698255152841	0.12771123764266	33
0.052136279795475	0.358497730592611	33
-0.057810801687442	0.206632780008496	33
0.075742474029058	0.417977548275397	33
0.060299378826419	0.416250455150899	33
-0.064422377041247	0.196002560529417	33
0.047883849022202	0.43094792824869	33
0.067781349821921	0.473447612224075	33
-0.022704580164727	0.268974739737681	33
-0.104179159412452	0.169577220907378	33
0.108285807813208	0.531284275747346	33
-0.063566074874384	0.207791141553588	37
-0.067109292610221	0.195576700042693	33
0.073649428853872	0.422272883213417	33
-0.051183300760286	0.198639906495692	16
-0.092674421325368	0.18718465770061	16
0.063132278691212	0.427069983388154	22
0.095427931452185	0.454754717126226	22
0.094892099775005	0.417310478950174	22
0.066163669165855	0.315144250286951	22
0.047433033268581	0.31098820571242	22
0.021292247841113	0.244461030285887	22
-0.095741721342158	0.176864249096878	22
-0.107196793442408	0.144467926850072	16
-0.006362644330454	0.263329228006455	22
-0.097835289207494	0.180166831647166	22
-0.050585537433334	0.232575441367838	22
0.040107732102566	0.323502698875411	22
-0.072156781343299	0.204116420993085	22
-0.097889410999895	0.162608156654434	22
0.041256367268425	0.297299280000086	22
0.066429249339714	0.240858365867129	22
-0.030797176986481	0.131609377877407	203
0.120598775120259	0.580865051341375	6
0.010214321792692	2.09095779497339	73
-0.115390790351263	0.60161490058964	73
0.091335771741939	0.648388083237989	101
0.110726809878659	0.785217536606201	101
-0.092748225705897	0.271352039720566	33
0.077892896434698	0.692422443306923	33
0.058672038375978	0.542575767729684	33
-0.051543989303531	0.307559566677293	33
0.040390386846533	0.42016622940467	33
0.111545299107255	0.629311728557743	33
0.114804011044925	0.599661762289319	33
-0.062064981041344	0.266165575053945	33
-0.054277971508906	0.301448997607892	37
-0.036618897893849	0.251673027733018	33
-0.04042495070646	0.148657635360854	33
0.048527699624481	0.334247357393533	33
-0.058863193681638	0.1902934920301	33
-0.051144514908167	0.249152680978457	33
-0.061018621399367	0.196878108098028	33
0.034431526185149	0.344541639748271	33
-0.018316410957218	0.265891235572081	33
-0.054172973521963	0.248546618790157	33
-0.108662410873031	0.1459800260623	33
0.049901085525251	0.348086870938655	33
0.00544737001500501	0.29624705982365	33
0.117931811119983	0.398132656398134	16
-0.053673369137517	0.197311771554031	16
0.031426920614492	0.355558814096138	62
0.00574835137919599	0.336704278005385	62
0.085405623252752	0.477522707575368	62
-0.115117427750081	0.126948369955719	16
-0.103245434735157	0.193790335623253	16
-0.046717616273753	0.219738099603706	62
-0.05687072917801	0.208143056460017	62
0.11850162235762	0.47434247805147	62
-0.044139644319856	0.163587458965808	16
-0.059407982181947	0.223927948876481	22
0.044601712722724	0.337536124141446	22
0.090015265790004	0.479754145935219	22
0.079841374086611	0.383429793912361	22
0.00427198525778	0.278046583529329	22
-0.120451336136099	0.103915247492767	16
-0.056279940903603	0.165360732613151	22
0.121984821535081	0.331918184390635	22
0.086792519122749	0.330274823904779	22
0.020379999035204	0.337988139545989	22
-0.057081735961373	0.234456768985214	22
0.119522026626007	0.544271868890102	22
-0.112553304502259	0.136702241277096	22
0.113027071923371	0.408446587380092	22
-0.00100641455452999	0.258459099953383	22
0.00192186982416498	0.270074436286106	22
-0.10829099210836	0.142261213104133	22
-0.064422645966139	0.182796353883598	22
-0.057375170829458	0.159218973762153	22
0.072807742976331	0.242250462358712	203
-0.04648856272113	0.159788337569484	203
-0.051422202999588	0.255190407391171	6
-0.067491510634932	0.252120358316416	203
0.060180144334854	0.4653029072508	203
-0.091769386635553	0.176758239177084	203
0.034854481128301	1.51840405319512	73
0.081772111657661	1.31687990566785	101
0.087951097493754	1.4838655992481	101
0.098116233589753	0.749865664620711	33
0.00998336246236298	0.513593351577224	33
0.063213804889517	0.610867485481122	33
0.091203702350637	0.507195394461353	33
-0.057735847479708	0.297865850796839	33
-0.084151993940355	0.277654351608322	33
-0.094676433566336	0.175602650090997	33
0.120657677758759	0.783339145361893	37
-0.109234066611492	0.217017543268934	37
-0.09312813515289	0.212454770164624	37
-0.06077671046802	0.181448295908113	37
0.054610969040905	0.337133388261955	33
-0.11561935339879	0.127685055380833	33
0.00105299758030403	0.240946363908279	33
-0.109924067980402	0.132315699001003	33
0.091555071253408	0.397755915755621	33
0.094997245673519	0.435449556643623	33
0.012001946510384	0.245836094548192	33
0.028920146015413	0.342308292097701	33
0.010169950588361	0.271014988767204	33
-0.055391215854126	0.290461182201889	16
0.00126131287772402	0.254009873269321	16
-0.093650242254906	0.238703903411194	16
-0.002826537996449	0.257170795152277	62
-0.108233570138307	0.131874637940631	22
0.099763736738292	0.424092705140952	22
0.049369659042316	0.33080671922654	22
0.059064936364081	0.432908420799122	16
-0.103700298228495	0.155747546750203	22
-0.021704234341339	0.273373241191254	22
0.049546911574419	0.315224380989869	22
0.057990075178549	0.430998981558231	22
0.01307343357846	0.255910996936058	22
-0.0624161896758	0.272385977722662	22
-0.124389497982635	0.100997808096083	6
-0.042739823767496	0.155348413121685	22
-0.028796220556515	0.341655094347987	22
-0.06285027229286	0.203789724775909	22
0.005381432294431	0.339861075094399	22
0.00770471620838398	0.320570305725515	203
0.044575833643472	0.316087663426583	203
-0.014512899680191	0.31022412560066	203
0.076763897690576	1.0238212639814	101
-0.003880145107237	0.546721938393748	33
0.085768494979199	0.782971052663071	33
-0.088702632405761	0.254285514780663	37
0.057467914934668	0.504372816139804	33
0.071881450918375	0.518055975295693	33
0.00418058651933401	0.394331080335386	33
-0.027810204404442	0.363041313584075	37
0.084690747314176	0.561063664486585	37
0.053730835734814	0.669019450102563	37
-0.11630034943354	0.211155024826459	37
-0.067544670587708	0.266638368377904	37
-0.108175583804957	0.123800468506111	37
-0.069383486537688	0.192300198599629	33
-0.007790718718375	0.290961505019254	33
-0.111229531858493	0.149410159486995	33
-0.085378986370085	0.19400882509283	33
-0.064198244083284	0.212770985888797	33
0.00820748573579799	0.392756276918103	33
0.046065666057797	0.342779640741447	33
0.078729908920397	0.43549318912617	33
-0.075751851506492	0.221811286491424	33
-0.038360350090256	0.207382886488868	33
-0.106685528823872	0.182162307682174	33
-0.00606822574378499	0.294356146821935	33
0.092018861564037	0.431220527340762	33
-0.054739373273925	0.236445461019536	33
0.021762020339232	0.326969510740034	16
-0.099188230680559	0.182587636792853	16
-0.015977238359105	0.282140699884441	16
-0.090410970772509	0.177276634417582	22
0.042061862841828	0.373388447046161	22
-0.084311666373748	0.19285431042731	22
0.120725019942474	0.50325189418767	22
0.042413263496983	0.244898364632598	22
0.094412469760089	0.325741421803286	22
0.008981751230415	0.254629028893378	22
-0.059754300872078	0.224084493528313	22
0.099334605003824	0.420845253467399	22
-0.049804997759037	0.237235945234128	16
-0.088014994670119	0.17737228708477	16
0.116726525115667	0.503665462832028	22
0.01432904105471	0.378991599391007	22
-0.047546413240229	0.223197906358813	22
0.044569214368057	0.349180429153113	22
0.081831446533264	0.228869026994866	22
-0.032980600146786	0.137708814317366	22
0.020755337823077	0.33832711006565	6
0.033698620131481	0.325965083120715	203
0.00549229368016402	0.253957802496204	203
0.075239375722918	2.33816384187214	73
0.056519071049174	0.592959831760605	33
0.101473554679203	0.636005454669897	33
0.114391436331877	0.658321778911116	33
-0.040825950938105	0.306313386428696	33
-0.104092095722889	0.219771146982944	33
0.050074930886606	0.518934014381062	33
0.078765979894148	0.57514603362374	33
0.11853808087695	0.596266510514969	33
-0.060285061730648	0.248726282180532	37
-0.086972790764884	0.221821319396273	37
0.049428006326228	0.472484586077662	37
-0.11527593056852	0.198946919447589	37
-0.124827036969706	0.101858311451935	37
-0.00293638310713101	0.307313895236718	343
-0.054692998917235	0.208609817556948	33
-0.054341025697324	0.1682017949348	33
0.076204593165553	0.323075150672911	33
-0.110944436387122	0.159814454298855	33
-0.070874913653333	0.259967576135786	33
-0.120573448501493	0.115171410503244	33
0.121423658607584	0.399953667877324	33
0.071385052382772	0.333097097976912	33
-0.05565840796253	0.179863053907377	33
-0.105034357007902	0.136417108757363	33
0.073903251188067	0.331602951614032	33
-0.053019222920456	0.218205710925794	33
-0.114615246863684	0.136056216862816	37
-0.121746763769159	0.117043388375234	33
0.058058988779966	0.338957590311602	33
0.103330509771911	0.335563912469666	33
-0.058734332825749	0.231918558170069	16
-0.052671747043277	0.19620112029511	16
-0.1150033886414	0.117290672565876	16
-0.047977114853222	0.154040478368154	16
-0.057149007036872	0.188539568866873	33
-0.014784419446546	0.253243676582024	62
-0.037214836839425	0.178785086512198	62
-0.120933973925333	0.113717723933514	62
-0.013618784255622	0.26929698913799	16
-0.02726421612288	0.306865234104479	16
0.074815057698043	0.387611039739244	16
0.049068560031433	0.298863074929368	22
0.038743640176929	0.340554129828706	22
-0.124862113699756	0.10757768658813	22
-0.072576731869023	0.196301529652429	22
-0.038018659232279	0.145097490591835	22
0.072225828483691	0.44946265569931	22
0.106323446517436	0.400649103405918	22
0.00211655947241002	0.281980299404895	22
-0.074066959063998	0.208440807147457	203
-0.091887587090963	0.634529720202029	73
0.000399213888964023	1.00826248439059	101
0.028900474794528	0.513495064118581	33
-0.044460790701326	0.213615928246428	37
0.00159755532634398	0.222432582201508	37
-0.012130869836653	0.275954710773454	37
0.034001091860369	0.51111040415226	37
-0.068388938491466	0.189265290366509	37
-0.085254131717011	0.26347480819059	37
-0.049117841914785	0.317587825754941	37
0.117797886958187	0.400261032461262	37
-0.085415393218115	0.213760965329867	37
0.11908708699514	0.627329037618082	343
0.071269122437669	0.243985634224532	33
-0.041187952468611	0.161245079736288	33
0.090091338037592	0.235167967227535	33
0.093326755974662	0.239181381162945	33
-0.07119621160439	0.247560233291742	33
0.064945559148888	0.244284475830477	33
-0.120708026282521	0.0933846221543853	37
0.03608921716076	0.233693083490859	33
-0.032857623960996	0.160499273322247	16
0.082822125601047	0.226902617721979	33
0.083766906633911	0.239010914794477	33
0.07105005137576	0.228478385803845	16
0.098367445335257	0.733382191897431	16
0.03684534619701	0.423101146032224	16
0.080847595361994	0.559358802955285	16
0.015099705212539	0.241651439443756	16
-0.07663167628115	0.179586130300806	22
0.028680985373869	0.396891171841576	22
-0.043541842175151	0.322689907089195	22
-0.038233388285088	0.140885114251766	16
-0.00531524120539401	0.29150576638856	16
-0.055979943290679	0.186935884539009	22
-0.029888206904215	0.137404227500204	22
0.027999051824101	0.377850137876682	22
-0.080572857504014	0.237379153849548	22
-0.059940232907124	0.180403609295131	22
-0.106208617044559	0.156563059197661	22
-0.072207443012744	0.165716559594674	6
0.08554538246154	0.430452025926667	6
-0.065675634142799	1.79684048008142	73
-0.027222329733027	1.95232727284772	73
0.036597941947303	2.21730889854504	73
-0.104523194528091	0.570338328156059	73
0.040170154935215	1.41870599794201	101
0.045204263240766	1.24703796990704	101
-0.078901081768867	0.400958160647059	33
0.108151524491559	1.09819684777071	33
-0.120464296039926	0.211134901985401	37
0.096915005465234	0.774837648771877	37
-0.093238320851537	0.21786440502173	37
-0.00729492398774401	0.233083514244646	37
-0.036936322383448	0.164157526704693	37
0.060139992713593	0.233026679157374	37
-0.060610698096906	0.20192273170172	343
0.045871059997245	0.327778606326437	33
0.037960191627572	0.324365184084704	33
0.071887725671066	0.333981748213572	33
-0.053959498037344	0.205783614665912	37
-0.064842525124413	0.175179840742057	37
0.107199577207865	0.412275895428182	37
0.06777248087942	0.332515367176959	33
-0.11503235896379	0.125900146674212	16
-0.062637030871245	0.181503091435197	16
-0.00139968896829101	0.261385992042907	16
-0.00357779398201599	0.263923697748108	22
0.00211142264828201	0.270483726964182	16
-0.059111001942627	0.153475430986178	16
-0.098887646252427	0.145089362255605	22
0.101273607770959	0.523088154345758	22
-0.102300391149366	0.181675266534358	22
0.120788087763994	0.571717579561225	22
-0.057387321764743	0.192393395763651	22
-0.064276387461989	0.161989337017605	22
-0.095346066946838	0.167904964632646	22
0.068560849750362	0.464264545496391	6
-0.03290086642318	0.309079093374066	203
-0.053137344180991	0.192552535917916	6
-0.122167463712902	1.06849432334718	73
-0.081454702370028	0.986956958014617	73
0.096653855110835	1.57233385913069	101
0.037723554168958	0.830543368570391	33
0.046441298071264	0.543358615012238	37
-0.032534243048414	0.36614280262519	37
-0.067139893619518	0.247167152556991	37
0.034828361849823	0.317077388802209	343
0.00507285848838501	0.291815396175741	343
-0.045258110350275	0.179318309224527	33
0.026431120279593	0.246320625759094	33
-0.00318686420459199	0.269607785374611	33
-0.013538602755362	0.228705179638089	33
-0.05787333640748	0.169041200098976	33
-0.111806808109856	0.114392925165515	33
0.12272944645546	0.397682757914998	16
-0.103259433658216	0.141322475929803	16
0.041307865007857	0.240262993818199	16
0.010930455777527	0.237578881649815	22
0.116294736150561	0.318769062533337	22
-0.115954216255129	0.119463624895087	16
-0.123676911305138	0.113918816186558	16
-0.114772513649575	0.117963669742988	22
0.086022777920582	0.320822922097041	22
-0.111341678982616	0.127040518999153	22
0.0370064278643	0.359753860279705	22
0.029568655421123	0.247682986827024	22
-0.11444202582677	0.136987730110012	22
0.077947699260776	0.490853972052947	22
-0.062192145032657	0.185183384555395	22
0.033305889492826	0.369259670054302	22
0.026473615638049	0.438877703944454	6
-0.089615211949375	0.1794309867097	22
-0.113517084343971	0.182103380473162	203
-0.025616586517127	0.30193230853848	6
-0.122329458030051	1.08644979109724	73
0.026976884232093	0.579063367280785	33
-0.08859418761751	0.23205986008484	33
-0.08226331979023	0.188215473645927	33
0.118704075550878	0.788025603125755	37
0.044181357693475	0.371115116018558	37
-0.106524900196012	0.13934404848147	37
-0.011184340360538	0.261760604959089	37
-0.065330641655569	0.194771236122423	37
-0.018536576548846	0.283667135786662	37
-0.019144759335941	0.28956872788627	37
-0.115287182796333	0.126021797489379	343
0.121220934249457	0.413595300404222	343
-0.049853633581586	0.138070889683309	33
-0.122655562504457	0.152191156009084	33
-0.061893323445256	0.234079324891179	33
0.064084837762267	0.247044381240047	33
-0.031080765286617	0.130117518535169	33
0.043330795835325	0.234909891634523	33
0.035331648794416	0.236840364030808	33
-0.045802033491397	0.127850991950952	33
0.016739879011794	0.244936155435008	33
0.092344936781264	0.237748332108464	33
0.105592278093132	0.234864338583597	33
0.061931447060683	0.243082055899844	33
0.083923210163871	0.230075342938425	33
0.021745628481603	0.233147454509291	16
0.08705063784375	0.482813198644633	16
0.028635695359117	0.32979714001838	16
-0.124575819597817	0.0972826995598422	16
-0.059420545674842	0.189923471501171	22
-0.084287972977638	0.200365210584115	22
-0.101638918116931	0.155184515513552	22
0.102616842723075	0.228634842261683	16
0.081819595235172	0.229662175794394	16
-0.053190223078129	0.18032827355907	16
0.085153061887054	0.328512662348303	22
0.01340971682757	0.243148658794206	22
-0.116643617642906	0.115376592802869	22
-0.061379723774264	0.154650398824237	22
-0.114724014382796	0.137269482225727	22
-0.023958120089279	0.126760684589307	22
0.036193580739448	0.140262456707519	22
-0.028782274112035	0.131103159595927	22
0.117303487113695	0.509497550918535	22
-0.012627723124852	0.277331135599753	22
-0.120777843330936	0.154904791516892	6
-0.094178009857316	0.209836740497028	22
-0.098318463781276	0.178261047958967	203
0.00756275680250301	0.304292768421718	203
-0.035338220235099	0.128221186478572	6
0.067923904183928	0.234987984839273	6
0.028459496011871	0.252099712208884	6
0.113863063070333	0.657569049412726	33
0.028680800944522	0.889619251985073	33
0.097970202977039	0.331735259345676	37
-0.057807048145415	0.295408579766132	37
-0.064857020236369	0.182105716894998	37
0.07448724940892	0.396084734040315	37
-0.063307917045134	0.461817250466861	37
-0.055195054497961	0.207234386369401	37
-0.093929471136762	0.175020483047447	37
-0.124958481488187	0.138282256646124	343
0.091343911506899	0.606521640064896	343
-0.042243675221048	0.14390087238956	33
-0.049082179877661	0.208975581846976	33
-0.088948051733748	0.198545657209197	33
0.07086017724871	0.144513472687543	37
0.020476258504963	0.362573116209183	37
0.057184570384269	0.240202677672692	33
-0.031912657567517	0.137509999023146	33
0.050960851306074	0.250540180814753	37
-0.063869638988719	0.188088057309823	37
-0.030619706382513	0.132573393973932	33
0.043714177572895	0.354614525110802	16
0.038847751062828	0.429068392774794	16
-0.042446933665264	0.122190308805439	16
-0.095736220932779	0.158154275721393	16
0.07086017724871	0.144513472687543	22
0.108128569259235	0.234419793589274	16
-0.054710293100394	0.164414459812348	16
-0.028540439081436	0.361764695622642	22
-0.030182095911735	0.347798701848178	22
-0.056257378869712	0.185763402572216	22
-0.058555682370615	0.194685184528867	22
-0.108855058315509	0.236957585150544	22
-0.090346213678517	0.197832495025064	22
0.00711238146146698	0.255087121537299	22
-0.015009911130403	0.438372821524928	6
-0.120211061072412	0.213941022442911	6
-0.02813357737771	1.35509302409553	73
-0.09350806142381	0.440805830796715	33
0.063172771820013	0.330606905643562	33
0.097180090717566	0.403441542099239	37
-0.056771473121526	0.159472494413912	37
0.064295664603154	0.243302699158551	37
-0.042676278202963	0.348376534414909	37
-0.098175129688247	0.210775791492475	37
-0.058523740914527	0.159927283261654	37
-0.077957473627734	0.221714725300943	343
0.078488341719608	0.416580425435372	343
0.030155445981716	0.138003300788036	33
-0.04834784102365	0.238353354016315	33
-0.036148636337014	0.134417272801346	33
0.031850298597474	0.137909069871617	37
0.036882459389436	0.369655646372005	33
-0.011520203096555	0.133180497327801	33
0.036557686479604	0.141633485449551	33
0.023755062343395	0.126425650451509	33
-0.046263794500573	0.136656636825761	16
0.116109403167323	1.04885143826144	16
-0.07960575745554	0.22161166366733	16
0.070049973674744	0.144156430908686	16
0.068551878474289	0.145530666940888	16
-0.048189723899121	0.152426241473718	16
0.014686554923947	0.250338616209409	16
0.114757983950606	0.340542079421497	22
-0.049766983459306	0.136975979452508	22
0.027952162572053	0.312373242036729	22
-0.041568041811482	0.274390866379771	22
0.036358739594573	0.437016759496269	22
0.00746853253461399	0.347211514223982	22
-0.11695580883772	0.227335167787858	22
-0.043551829625455	0.371576226843882	22
-0.063442241509277	0.152918198307485	203
0.099854776490796	1.4680915490332	33
0.080027941856305	0.63350573632511	33
-0.00654216293729501	0.353241139940245	33
-0.00106988615927001	0.271696625431475	33
-0.034676695928735	0.159216594013741	33
0.048456240054161	0.559814047194472	37
-0.011046882533406	0.290735358187184	37
0.064093942515293	0.253082025176908	37
0.042373249893388	0.400105290417662	343
-0.018837863033633	0.306934661117309	343
-0.015537754373921	0.266201142798618	343
-0.020910998134106	0.13347461916478	37
0.00735115372065798	0.135274683594749	33
-0.023990980731463	0.134196815830121	33
0.012606429481316	0.240795979953149	37
0.051762359783577	0.239597312492659	37
-0.016399299864276	0.132784825956686	16
0.075328591618947	0.217705815132248	16
-0.025329497845774	0.125865525980218	16
-0.003905151246511	0.129008047773858	16
-0.108246265963973	0.110631511933305	16
-0.041829083738818	0.1612550210252	16
-0.025012735326265	0.124138673584341	16
-0.00411063483219501	0.128521973303174	16
0.03366842038676	0.140558369199191	22
-0.056371850004152	0.216703173551047	22
-0.101802669361023	0.154175720095403	16
0.083544884617556	0.312615503533314	22
0.095287081737766	0.686422990695054	22
-0.115781077823203	0.13358499498331	22
0.079067224979217	0.147485233910521	22
-0.023070581807194	0.125463505561425	22
0.071283913830606	0.145009164056021	22
0.072921612532527	0.408894982655791	22
-0.023228308563948	0.278763353823917	6
0.00521423764467599	0.396139162647559	6
-0.08827005267494	0.25613312104252	6
-0.064287042032944	0.170596090037264	6
-0.036915207793218	2.37489278931547	73
0.107333510240228	1.51786516455047	33
-0.049906087276837	0.312807309638875	33
0.093150372375601	0.398646907889815	33
0.095508941028865	0.402860860524001	92
-0.050500532029356	0.293280251731294	37
0.044767715434397	0.452331230915386	37
0.014322291300924	0.352807833488506	343
-0.019678439221965	0.2695697031909	37
0.088190016593956	0.233979844260902	37
-0.055555702470855	0.263137758661011	33
0.025562388686138	0.135288038188927	37
0.113633218391521	0.553299603669178	37
-0.033401436950221	0.156244061139125	33
0.100821911259169	0.233709041522654	33
-0.014909557907634	0.237112567307217	37
-0.038217517792441	0.136850701439591	33
-0.013656936323056	0.31006244994704	33
-0.010824242703027	0.120591968827754	16
-0.045309778576878	0.171771641560259	16
0.090345804384335	0.414941473816497	16
-0.030990749913845	0.402037306055684	16
0.00827299406565202	0.413323684210495	16
-0.040242864869706	0.136931875254064	16
-0.058696816132296	0.2581107708427	22
-0.107158274038833	0.202762847653098	22
0.037500523058467	0.446369755153114	22
0.025643182534103	0.129327980296716	16
-0.096347963496043	0.150906021980868	16
0.00782057778360801	0.254850579402687	22
-0.00834708766397699	0.452188987940053	22
-0.052450580569665	0.180510666260284	22
0.029802720110797	0.136548993537148	22
0.061499867789362	0.581289261468041	6
0.049869177107205	0.390447969821469	6
0.078659985807151	0.56701462732891	6
-0.023891012381105	0.43703565419808	6
0.121798753424872	0.224607045543268	6
0.018724601182226	0.812657003804371	33
0.038011684415121	0.889004825869854	33
-0.123982148963244	0.267052392568014	92
-0.052214670706277	0.368327195674275	92
-0.00957827749406501	0.302429769104921	37
0.110228494530989	0.578832349186943	33
-0.096901087164183	0.216362004891238	33
-0.072431345259617	0.269516391715253	37
-0.098472135854579	0.1467683479324	33
0.10685164770859	0.322295305476555	33
0.067695984078295	0.320450095049289	33
0.060094527654737	0.325112516893683	33
-0.058500445885976	0.160712730569925	16
0.027046691339269	0.24298331635145	16
-0.060714814367952	0.159572354273173	16
0.095694252782291	0.328240872206077	16
-0.122001270172947	0.109501987564597	16
0.09029113114557	0.322902906300365	16
-0.069255231752862	0.216533330569057	22
-0.03493376077137	0.165281807425915	16
-0.0557538335236	0.161392665653862	16
0.106710568667984	0.326605024053935	16
-0.019378505099173	0.318890697613098	22
0.104238291551849	0.312802040099552	22
-0.049793165178043	0.159239578469255	6
0.047085132528893	0.237236302666267	6
-0.040917126089916	0.227246819774197	37
-0.086191164378211	0.173601780310443	37
-0.017100902132801	0.265550515988842	37
-0.051375768686425	0.190012581710786	37
-0.124044814819095	0.158885217602785	37
-0.036105394767129	0.322804090203027	33
0.05158305412941	0.334223485475159	33
-0.050708571873797	0.194769729526337	33
-0.107523591509112	0.133669650659299	33
0.00522944695372701	0.302963403038694	33
0.050150029857093	0.314318856523044	33
-0.051980169549991	0.183503401176757	16
0.117145451051759	0.406703173090597	16
-0.00902512727822	0.238040970758087	33
0.035366454370119	0.309375270872253	16
0.063832874349059	0.310912293598212	16
-0.114575449661	0.13097145193161	16
0.097768076145476	0.340635716260619	16
0.101519137645458	0.332929699477605	16
0.070242589011997	0.344269800147797	16
0.100317840752198	0.489215621168613	22
-0.116848643508478	0.126724507476626	6
-0.089495240948689	0.161222942838635	6
0.047015598683801	0.334303915353121	6
-0.03850092301042	0.283008051872721	22
0.024877905825896	0.352175658881415	22
-0.077997610123114	0.216194747247119	6
-0.061944559814733	0.251925090088093	6
-0.119767016882124	0.154963850793136	6
-0.122026277484705	0.962399906567473	255
-0.109758785121314	0.18366796514205	255
-0.096582440283817	0.248789042238763	37
0.007158095030384	0.230308254325285	343
0.109024685370367	0.395316850714576	343
0.00464258618913999	0.301508215831038	37
-0.06489929384518	0.208597880188148	37
-0.00517053876109599	0.289702273741184	33
0.056199675020222	0.421036288962125	33
-0.051298450628642	0.229811820829981	33
-0.020800873012462	0.26273781156813	33
0.08897648660448	0.428706104426678	33
0.119827983159833	0.412858608986894	33
-0.093112323762694	0.164016854240722	16
0.070991029332099	0.403602858606601	33
0.095872682879765	0.475595886984269	16
-0.00245753705509699	0.268060157565196	16
0.044163024194173	0.323948025735454	16
0.00116635011637301	0.291975214984873	16
-0.042869481075887	0.168867897614416	16
0.075653884847553	0.432952350948979	16
0.124442184573319	0.324692995886366	16
0.104806636244124	0.414329586688323	16
-0.00451043801755299	0.253420459660301	16
-0.063231313234143	0.230057996031995	16
-0.101334383873531	0.15617974820556	16
-0.035398341500962	0.211353590980562	22
0.000341968172960006	0.263205468411699	6
0.086462820132355	0.344593053384713	6
-0.056952841997677	0.226604836450617	6
-0.018501090001104	0.257256975275808	6
-0.053477528764037	0.188043013135494	22
0.043713361553311	0.254806814510562	22
0.060313455915704	0.30395854966002	22
-0.059431448337067	1.43453784457443	255
-0.027350236515583	0.955193312880628	255
-0.065631905812335	0.168278002110557	37
0.068853744200793	0.420177696512361	343
0.00961824909287801	0.320493242513439	37
-0.118659009232732	0.112332713383582	37
-0.053342647448184	0.213799420581462	37
0.069532636165465	0.335241948887563	33
0.00839562574085601	0.242162582886151	33
0.037483922072075	0.329090458147769	33
-0.102166341342023	0.149541792903912	33
0.080270023083378	0.417336774228965	37
0.0136155547573	0.273081375975184	33
0.012949129498794	0.277453144805125	33
-0.051460952289885	0.198075487032951	33
-0.058804953535872	0.197594801436044	33
0.079055603929511	0.505225357058329	33
0.060595116516461	0.392040379605197	33
-0.00537938642365501	0.242572137931297	33
0.064331686617845	0.322730291252679	33
0.10720964187847	0.344795865780535	16
-0.108896057161759	0.12653692236308	33
-0.019160060417446	0.311159807652349	16
0.05509536940031	0.330347156899572	16
-0.091218331778929	0.16833275692402	16
0.00277015852545798	0.249615141996708	334
-0.102800115092411	0.148924710471902	16
0.087083432235845	0.425450416223365	16
0.072672509988114	0.333369382467234	16
-0.061851101788858	0.1660726305338	16
0.038339360744066	0.325278109458848	16
-0.108872099917737	0.180120908499459	22
-0.118004276550439	0.157867830734304	22
-0.118606185190611	0.116948026153099	6
-0.011193321045416	0.244147581878304	22
0.090034233143738	0.336489201684486	22
-0.042745319675799	0.220114694715809	22
0.037910248583081	0.32092368780769	22
0.00574132338044398	0.269396400636291	6
-0.066446579870863	0.192361568800313	6
-0.054043671864774	0.186907733708079	6
-0.099139891930285	0.17210906299238	6
0.00029491940639198	0.342516263899269	6
-0.024077938154848	0.270362320552232	6
-0.023585298562318	0.321999888653048	6
0.00865579199942001	2.14434502255924	255
-0.022439219585673	0.132825435708241	37
-0.109144287397076	0.120450679162218	343
-0.120077603820406	0.125311175978634	37
-0.104656876493606	0.186235736157071	207
0.117624307157979	0.480544133707366	33
-0.000626164520356992	0.247568353915424	33
0.091312788268258	0.416008876553564	33
-0.115240697984016	0.128869724811897	33
-0.069630779467258	0.187972227000014	33
0.00817064785083199	0.256688642687849	16
-0.050121268379376	0.176218217733758	16
-0.009912366932048	0.27636529409979	33
-0.118904466858896	0.14232652534885	16
0.119958855784882	0.469665436725511	33
-0.049648545545983	0.141735890268481	16
0.00901180940007501	0.328849005310934	16
-0.096022213336218	0.153689388748658	16
0.11844827713202	0.509246797408567	334
0.077749291847328	0.412872800481867	334
-0.06203292974094	0.190700525570874	334
-0.098195571478182	0.164028447260266	334
0.102964045186643	0.339705298434667	16
0.054997527035606	0.325058591129292	16
-0.114715750013309	0.118007979071021	16
0.069789892187274	0.443049925270677	16
-0.122168477573433	0.123325937381305	16
0.090297963270914	0.234255460798685	22
0.022296614323074	0.357314619277802	22
0.051500464955692	0.337317679009709	6
-0.013449525954682	0.252103668567194	22
-0.041450646124458	0.135296359373423	22
0.035857126744668	0.238982756415646	22
0.088097746992823	0.23702750233045	6
0.046585460739751	0.238093189736163	6
-0.106301998424904	0.163411182039079	6
-0.00839083693582701	0.360120394629451	255
0.095140923819071	0.615943950276114	255
-0.068809636074495	0.258313910069431	255
0.03063237578958	0.139972341374633	49
0.073648464430056	0.46021451496416	207
0.025669883092498	0.415257100665364	207
-0.07164042906107	0.266907642976478	37
-0.084834735591516	0.220565257006562	33
0.087009470727649	0.510584310055452	33
-0.117111025910511	0.165869094939367	33
0.033354100782803	0.425874047602978	33
-0.077818551544337	0.221539206223446	37
-0.123843933177976	0.156566311645961	33
-0.122140921142653	0.157721634346566	33
0.043706106393563	0.427355987360977	33
-0.014797293624071	0.269917374986603	33
-0.057670059041689	0.267711820485115	33
-0.0876409218535	0.209068307638158	33
0.05255127326968	0.345785221387101	33
0.044620457510642	0.351662134271355	33
0.017739578840184	0.453560621326021	16
-0.039732951731792	0.314446819467525	16
0.046180574707816	0.434255099927266	16
0.087292133965495	0.552446587120591	33
0.030380601840708	0.374416226929336	33
-0.09206253347482	0.197059046526918	16
0.051798031628944	0.482043165676152	16
0.022441073870586	0.364443492201332	334
0.014014948063355	0.390743498016204	334
-0.00694889583243699	0.284913416511631	334
0.022717688496056	0.388302850433291	334
0.092020096480165	0.396373611688862	334
0.103456395472835	0.539241535324279	334
0.116666208112803	0.545910387602613	16
0.046706767166849	0.408848200305869	16
-0.021221690545426	0.342694632933145	16
-0.123174969027511	0.161096059981669	16
-0.089584528445601	0.207955630300893	16
-0.00496945285589701	0.334134392918376	16
-0.053129105075133	0.239134072720285	16
0.00332704792972299	0.359898059958529	16
-0.100565108486167	0.158200517155647	16
0.068389468291946	0.239118897464718	22
-0.100288195751079	0.166888119294563	22
-0.088908001292408	0.191833675435575	22
-0.115323037145116	0.171218443311789	6
-0.097855862141218	0.201401543496647	6
-0.038316066552577	0.133143665335409	22
0.038885208262162	0.399895346569223	6
-0.043390371356895	0.136210028664301	6
0.040623730927715	0.411459451518514	6
-0.00782841313367599	0.41237337042071	6
-0.117206828342103	0.184012851116813	6
0.00351860327553499	0.244126220925863	6
-0.090303737793114	0.260801905702664	255
0.084188353071488	0.613584268129904	255
-0.034300923210072	0.342161899652296	255
-0.041819584828582	0.148479440226105	343
0.087192605833369	0.32907455914651	343
0.119955531569035	0.727185732829903	207
0.010264508217421	0.363135103101505	207
-0.096037110604789	0.2087124608805	207
-0.011819969275794	0.398976443070612	207
-0.065375709871259	0.249469179026612	33
-0.008406713494956	0.306238252731296	33
-0.049581917281501	0.233790728542092	33
-0.09765191138171	0.180060440600153	33
0.028752411226967	0.409276729270865	33
0.00181241437288099	0.395243089135175	33
-0.042456488452922	0.286041673188642	33
0.111362435278493	0.664531140211154	33
0.05838159162651	0.534140567537985	33
0.058483399542955	0.474993383475645	33
-0.035140448127074	0.287223000625383	33
0.080458618067587	0.491850050760231	33
-0.106540088793854	0.160616080336887	33
0.064331762030419	0.445188746287187	16
0.114308499133192	0.582179224309543	16
0.011325852052151	0.448211563981382	33
0.095369442662989	0.55791056985415	33
-0.118593252510205	0.17002416973752	33
0.087878104289739	0.419805437380113	33
0.00631757443578801	0.23883190167143	16
0.00735115372065798	0.135274683594749	16
-0.110520980567127	0.125217317304861	16
0.078372203824711	0.509200905941289	16
-0.02554805907767	0.295773289074528	16
-0.095343926222554	0.185725709485245	334
-0.073243195281948	0.207753695132945	334
-0.041068924973415	0.195347137061418	16
-0.048739126846179	0.147478611261574	16
0.089503073924872	0.536921411003183	16
-0.018717899107786	0.334477883887	16
-0.025602158927673	0.134866989788144	22
-0.079029197083345	0.248293207286404	6
-0.107609862227716	0.180572488680673	22
0.025497031433458	0.415030113873139	22
0.08414261102024	0.318338837180864	22
0.083636811565896	0.237579633556704	22
0.035350866797564	0.14108854997708	6
-0.040932280368179	0.323370583395744	6
-0.11140443871793	0.204132056167634	6
-0.061346786950917	0.257933338278899	6
0.037811925574365	0.237261234668794	6
-0.033529326862767	0.165452972620505	6
0.06177388397184	0.586744519367433	255
0.070642124425614	0.590319867592374	255
0.09082259226884	0.347057595635436	343
-0.106449968676536	0.19447292490412	207
0.047282802365247	0.44120807410079	37
-0.019168575382079	0.314066349514958	33
-0.07255571445181	0.207602392364231	33
0.102414245422456	0.517278209519081	33
-0.072793581503327	0.255961946436447	33
0.079691455578644	0.516707770903005	33
-0.0858498304186	0.199399812314899	33
-0.00726290600153001	0.306592111026485	33
-0.087620828054566	0.223303164614949	33
-0.073305193829372	0.219608221601645	33
0.10169651390226	0.481975569860156	33
0.072332263126198	0.409191439454739	33
0.051957291905783	0.435478762023228	16
-0.013541676495052	0.283034422377403	33
-0.05447592816368	0.243262117760643	33
-0.048994257240216	0.174463587005671	16
0.064511507676732	0.322730452681662	16
-0.051929913167434	0.275235661566237	16
-0.109823740033399	0.155985031648538	16
-0.088149583258803	0.210493023598126	16
0.091320283603114	0.518671710203452	16
0.111404666278856	0.518369941006992	334
0.0820426242333	0.414726998425795	16
0.045438415237904	0.336836567775551	16
-0.004271394157187	0.252953951295388	16
0.046917158167383	0.245289126630316	16
-0.064698345296746	0.205610951537769	16
0.018253934127963	0.368236712962145	16
0.032586713118691	0.344274615894242	16
0.032440112234864	0.409906140691299	16
-0.012875987460509	0.289809091906198	22
-0.106591586535845	0.156730374675452	6
0.094893103444417	0.493678783953997	6
-0.051890431695881	0.255128724941223	22
0.057175486102605	0.325968189066928	22
0.09302926160967	0.318838484051881	22
-0.042436236320802	0.130984439367182	6
-0.00470881222741101	0.3752359546046	6
0.056569093534054	1.64347682757298	255
0.031773831187055	0.558241588434348	92
-0.030614929489903	0.429951713997814	92
-0.123549527481582	0.244079626343879	255
0.111180652602486	0.567193217934233	49
-0.041870138963186	0.292134350597873	37
-0.00374300980162701	0.298634449352082	207
0.097511243478926	0.425603854354531	207
0.113732769405348	0.698996276603527	37
-0.07346693356112	0.302260737682372	37
-0.04913620478173	0.180585400362771	37
-0.114194790928125	0.124656617308072	37
0.031264090103623	0.301672156626473	33
-0.002676107005368	0.260475281332107	33
0.000496494943918013	0.238680842419905	33
0.065539155528217	0.300921740595369	33
-0.061578515269978	0.188970590605847	33
-0.112696467799868	0.11273617780176	33
-0.11845228478359	0.117461006772989	33
0.049455825725211	0.340130289885014	33
0.008770815066728	0.433651261956448	33
0.084340563270744	0.340209715995258	16
-0.048522531416024	0.157601107135772	33
-0.091064543843756	0.184598131416802	33
0.072682277436845	0.689465048628709	33
0.031274114575075	0.247374341027221	33
-0.077757994273273	0.185550271423964	334
-0.063818112285002	0.14598460360655	334
-0.00499920298853701	0.252912205978062	334
-0.066567223011628	0.274009922203623	16
0.015660020561194	0.234905059090664	16
-0.042396218360003	0.18700664234064	22
-0.072772862509438	0.222376150159527	16
0.077394495358806	0.497442866154791	22
-0.043834846223654	0.231315263617463	22
-0.052813018477664	0.160421240245323	6
-0.124790579734092	0.0977940235046448	6
-0.0700137017818	0.290411277228919	22
0.095837457619017	0.658352457378948	22
-0.00290445525007699	0.352388074046094	22
-0.124680022255816	0.207376959420048	22
0.052139155929895	0.507475116233141	22
-0.00807508296465201	0.256527590418731	6
-0.048496515522967	0.164538236007083	6
0.014086291933825	0.451695701362673	6
0.092243475812478	0.483131542309876	6
0.124933279206813	0.519551442062969	92
0.124126381265137	0.772039566127023	255
0.00199735317401201	0.385935282149533	255
0.098992670985705	0.327391258851727	49
-0.070454255346407	0.231324137862894	207
0.028015350930399	0.432761823871898	207
-0.071193521560735	0.243462683571313	207
0.071796914537102	0.442349936806066	33
-0.082763090309381	0.219821266234476	37
0.119209441750373	0.586454070223261	33
0.013522679892211	0.399794998736751	33
0.078862187139085	0.529829674217894	33
0.110200650674198	0.567543072220211	33
-0.013805903385054	0.316266400097524	33
-0.087119575423626	0.183799660848031	33
-0.027468689903591	0.295705922036354	33
-0.013958323324739	0.329824802468945	33
0.101959680390825	0.565347529275677	33
0.01451761185017	0.350170315262576	16
0.000224524899441025	0.391102881358252	16
-0.06470054494878	0.242421231204486	16
-0.026725092809336	0.305057641948931	334
-0.095278688243812	0.171995395312927	334
-0.067013671746563	0.193396901409702	334
0.089209093960967	0.326790332066892	16
-0.093292099650366	0.190692937863227	22
0.068900176976968	0.537973182839298	22
-0.069165949443697	0.23155374618234	22
0.100095752538103	0.480474918111178	22
0.039842799527159	0.42931552610064	6
-0.104017911578562	0.177156613698514	6
-0.107042356364883	0.161941716512839	22
-0.015795127324447	0.302163990196238	22
-0.022073161418923	0.304649352238288	22
-0.102655659907161	0.162540000156792	22
0.025766043597863	0.343015554178417	6
0.052775497996522	0.350712233511087	6
0.071658675810702	0.241034227755324	6
0.071554857809694	0.538510032136083	6
-0.092205449849001	0.384072256763005	255
0.010845697673311	0.261669482732231	92
0.031439527490368	0.411451959929061	255
-0.019026076362779	0.130591038382543	255
0.066275868464361	0.138916897879896	49
0.117922829928863	0.318742364839659	49
-0.118309341465863	0.112557221419671	37
-0.117611827737127	0.153843699422489	207
-0.076073673463454	0.231017048388234	207
0.061728553515361	0.487928088579975	207
-0.035458556956374	0.317204290522547	207
-0.050323234563557	0.278051548345664	207
-0.039820398129176	0.288989896100592	37
0.059909076173587	0.458947353015833	33
0.014220867621491	0.409611435418858	33
0.037903773371028	0.385744537687669	37
0.089834791956143	0.567789248051582	33
0.089669918269735	0.549927753966452	33
0.095750392742874	0.495911930136525	33
0.116670606676804	0.50492748578079	33
0.112633911814869	0.516006587775692	33
-0.113542311782196	0.159424329941174	33
0.089521379784249	0.482568127413154	33
-0.095257795129136	0.195074910592238	33
-0.082265415316108	0.210815728906674	33
0.063263339829564	0.486575364098062	33
-0.074505517436238	0.258025653699716	33
-0.092490269070863	0.17809759384649	33
-0.115670659762719	0.171804541045398	33
-0.073552554282139	0.159630500720089	16
0.012818524257474	0.355862487083958	16
0.091244079788549	0.502426344280772	16
0.083820568413867	0.566989995994064	16
-0.108180678009475	0.159672599960429	334
-0.103417038418453	0.17644582596196	334
-0.10137107529409	0.143216379750917	16
0.049228544266898	0.242183493249183	16
0.043009499293771	0.388506239015853	16
0.020816018567778	0.372708797070369	16
0.057324152391245	0.47135915551218	16
-0.000350627063890996	0.388722264611501	16
-0.121269389000328	0.161027412120557	22
-0.020392243906826	0.130706750535917	22
0.091516749678867	0.408834851915581	6
0.00634189746611302	0.377702004756487	6
-0.101777269884672	0.217916816467315	6
-0.031804901798697	0.301477478375864	22
0.045890969985265	0.479272638453676	6
0.085602126764688	0.527591308758888	6
0.024967684191616	0.369707027866826	6
0.059855054442466	0.238361275440438	6
0.010266959871235	0.526534798774927	255
0.119308276271726	0.546102338724235	255
0.000695411125214984	0.306943871236008	37
-0.034670586854992	0.307170176321066	207
-0.029885158657498	0.368618543691816	207
-0.054300837244721	0.290503398704789	207
0.057465557840356	0.473221714277403	207
-0.124149626853358	0.177568781670485	33
0.114627387296319	0.684770149915417	33
-0.087647537686771	0.183593232964657	37
0.00423820689967003	0.442768898296437	33
0.029229449196948	0.49630533760146	33
-0.01649016803663	0.343117824740977	33
-0.100169383801852	0.191066914680677	33
0.07959703444382	0.635789201183861	33
-0.014668653288844	0.344943394110617	33
0.024720844772866	0.462219561102396	33
0.021269538660102	0.425006695151187	33
-0.053965272504288	0.290827564191954	33
-0.086157468171125	0.21777753072556	33
-0.050725303109058	0.333361713733956	33
0.010910441271651	0.403189480124462	33
0.043356497496078	0.312063166149711	33
-0.071224810201689	0.259393472479056	16
-0.00141864525395399	0.425082199693632	16
-0.090710984858198	0.220024179405277	334
-0.043967885073021	0.262230334592576	334
-0.122423602941275	0.116597115929057	16
0.076421074606336	0.50268858478121	16
0.011523107220051	0.415091769684148	22
0.08906818829572	0.237099474953426	22
-0.062726873127075	0.24967169271158	22
0.081097567146327	0.588220546490666	6
-0.04972621218738	0.318218579293841	6
-0.010192778408098	0.352061184820544	22
-0.053299771764336	0.201121580686168	22
-0.035702763064386	0.126289867250961	22
-0.00335130704676001	0.128244265543525	6
-0.082668862519932	0.256398065616651	6
-0.051772268822771	0.162643345267605	6
-0.040340226970125	0.160446213665547	6
-0.058201258924728	0.24421114725475	255
-0.05220229576218	0.333554908100707	255
-0.085233130234628	0.218596575274883	255
0.01666284913356	0.230815658298131	37
0.03138243335313	0.531625383282685	207
-0.122333535663024	0.180925181740765	207
0.078483208278578	0.640791400300525	33
-0.095788722659219	0.228386223368742	33
-0.116733932077313	0.176083958508272	33
0.021045671628729	0.340911292027344	33
-0.027577781708292	0.365925340878661	33
-0.11733767363887	0.176318947938499	33
0.018149481560603	0.423656697280765	33
-0.080149601315931	0.247480485452955	33
0.00124137673323999	0.370903108861596	33
-0.115238572654416	0.150083080603954	33
0.078866846147424	0.472068274592597	33
0.101789125377704	0.567708908091443	33
-0.022407999863337	0.296096856084572	33
-0.018337963436695	0.303444865833922	33
0.035410154469688	0.471067724028658	33
-0.088652399747804	0.211858290983017	33
0.069698053318005	0.545601587204728	33
-0.054843545492276	0.282543681505481	33
0.054139941980028	0.465997773915248	33
0.110116023602181	0.626286817726684	33
0.018686939269172	0.447830696421982	33
-0.11105538842084	0.193416488047797	33
-0.07285080542769	0.190835124163344	33
-0.057419601118497	0.274646573288227	33
-0.107790498313753	0.149364245751917	16
0.030997845222394	0.139364591079215	16
-0.048061680876689	0.183167869177921	16
-0.101860254044184	0.20013124246039	16
-0.103558591844847	0.190563904648382	16
-0.054127432532096	0.284971089376584	334
-0.041445264810102	0.290015686221465	334
0.039615094210805	0.467938449845419	334
0.061593525981553	0.352042270679576	16
0.041880753932036	0.415990302274377	16
0.06328686159358	0.438954128338153	16
0.067735229676053	0.474863601009642	16
0.00177164273899399	0.344151708283445	22
-0.034078850117926	0.305498066585632	22
-0.051231272560864	0.18169311832235	22
-0.051889265562331	0.276080106927848	6
-0.019979328185118	0.351708671156218	22
-0.088531797290281	0.237086920015077	22
0.091553406953967	0.48401102620493	22
-0.042138532568929	0.142018535382982	22
0.00422969412783297	0.131828926234108	6
-0.0318717147996	0.150162934565349	6
-0.049416061358006	0.163782502015138	6
-0.052422687119629	0.920502151037827	255
0.023896644939006	1.38010871572715	255
0.089821964980462	0.514698487444002	255
-0.026660893809802	0.275989127605871	255
0.100765661655033	0.337053012638084	37
0.113564246651785	0.657568880168744	207
-0.096771982437231	0.17702572879023	33
0.056468630988979	0.405868513218583	33
0.038656429328291	0.453670377222229	33
0.072960906359682	0.564428142046334	33
-0.063784752939738	0.259459163220582	33
0.04145220388598	0.470082176232939	33
-0.010382430345732	0.335487151828662	33
-0.00549516660235999	0.340304775540416	33
0.029087584247409	0.391573209449391	33
-0.109778416518674	0.20355758514236	33
0.024865814473024	0.45788430430009	33
0.067313395187434	0.494987447395039	33
0.104231412404477	0.553246693766254	33
0.019696930847167	0.382158617962621	33
-0.124648970500492	0.145388525320283	33
0.02857891971115	0.436788794877737	16
-0.122375353543883	0.169960686309433	334
-0.021867188487252	0.304802268702481	334
-0.065393481207281	0.245873941937553	334
-0.102870536747128	0.182020436866774	334
-0.000105181234466012	0.250642217588674	16
-0.067016781460163	0.163367987272334	16
-0.054688581998585	0.239917384887022	16
-0.020651416988084	0.348720429040804	22
0.022841320513842	0.411400944246349	22
-0.020862568603592	0.254444490436536	22
-0.116451751205015	0.124865809505747	22
-0.022169700751507	0.296490455455041	22
0.059385808457638	0.553153498039264	6
-0.040794832775665	0.316878597853603	22
-0.102721763978885	0.187403302892461	22
-0.07587921204749	0.25187950922987	22
-0.053784850801289	0.212686656867153	22
-0.098206137217185	0.204675083640443	22
0.050818409382956	0.234326752726072	22
-0.026590061178652	0.138602866793983	22
-0.041638824081461	0.170892338326082	6
-0.106825066318883	0.159306461018934	6
-0.033875061784319	0.134922338414424	6
-0.116299264752542	0.178293181619652	6
-0.056340293860506	0.253472284672714	6
0.060226480873848	0.643380865388956	255
-0.091379495741985	0.225159118319773	255
-0.072067377127901	0.15287952968935	37
-0.00112951304578901	0.279415496535453	37
-0.098288186038453	0.212354126913561	37
-0.000442581834699002	0.353239343222315	207
0.064975697649581	0.514730524262936	207
0.019572678596334	0.425041032402038	207
-0.110766402133853	0.177099090072473	37
-0.031809663466965	0.32495238376167	37
-0.107917933009116	0.165522336425781	37
-0.096802883523492	0.153037760869149	273
-0.09269848967294	0.169672931902714	33
0.104040768404824	0.642426155203047	33
0.120300928795353	0.620220785593198	33
-0.102385693885126	0.199586014290015	33
-0.027228977257351	0.249016092613293	33
-0.038025332530286	0.287452174253926	33
0.053848823862005	0.468737072337335	33
-0.058051177952248	0.271285406716128	33
-0.103040875596046	0.176495869768412	33
-0.027837816223276	0.281483988917143	33
-0.04327367720155	0.271081475781817	33
-0.064373961200709	0.209957128606508	33
0.015313793735947	0.332384100107192	33
0.00540642932030699	0.371124053345962	33
-0.073409953977814	0.250987161953082	33
-0.033475008605538	0.301499142551425	33
0.092969677953446	0.553482959685894	33
-0.037960432043776	0.164214627390943	16
0.065895517071854	0.433503002172536	334
0.007184933159955	0.358841208757585	334
0.101983125348619	0.596659074805935	334
0.083925555389531	0.542521308827053	334
-0.075209431841191	0.208014805083123	334
-0.110465310727586	0.148675771409353	16
-0.044341148161314	0.164045890129527	16
0.088631369680919	0.439001776620798	16
-0.081686950160907	0.228153661057467	16
0.012018599101988	0.362561804765198	22
-0.016424916390625	0.377120832798589	22
-0.070976607525098	0.237473541870243	22
0.031889953992946	0.246368503182796	22
-0.034333447573558	0.197710406967077	22
0.106603585069308	0.509145549556302	22
-0.044953601682182	0.243177796091937	22
0.079572660964297	0.496857177238993	22
0.021509629698532	0.381945890604024	22
0.079686180161654	0.410843898093868	22
0.048810618155686	0.467845060905506	22
0.071153116760388	0.330093125166224	22
0.067182402669533	0.237266564097689	22
-0.043322070278331	0.153982127711317	6
-0.00842723008294799	0.354947449387313	6
-0.019838284936537	0.274960332444925	255
0.043653364757695	0.339869576799944	207
-0.052941001700224	0.257380368285283	37
0.084347016043484	0.418377559629687	33
-0.06406987283226	0.221438705600885	33
0.032231972996799	0.335891138121705	33
-0.050120313804218	0.233266252766299	33
-0.019801964081209	0.262662588065696	33
-0.067166238189034	0.17081581063517	33
-0.051744569576364	0.231379228173669	33
0.105330299934883	0.451451516792015	33
-0.00755987692850699	0.32185892371952	33
0.03501645277064	0.353153238000592	33
0.039621301715442	0.347971090700085	33
-0.047612730388005	0.223841031831759	16
-0.043571334594537	0.153774170127699	16
-0.082356822702541	0.197737373074775	334
0.080931486024156	0.341501246595336	16
-0.054411920429862	0.216309886527699	16
-0.059364831521696	0.183089836629979	16
0.05005431031746	0.335303523296491	16
-0.010591680505738	0.252008389513594	16
0.117144747715482	0.556653732784373	22
-0.067344875057793	0.19826716115383	22
0.031804770141787	0.36741495061824	22
-0.056626921973963	0.217829923287437	22
-0.050292544131796	0.195125804732456	22
-0.056334171663268	0.192329813121624	22
0.013951893462064	0.258913521806735	22
0.092530742717467	0.421855567536664	22
-0.059802788796406	0.215828896331285	6
0.003683553342194	0.266523115549453	22
-0.057212096401614	0.169040407837927	22
0.017827062840777	0.253479697355423	22
-0.051820294294721	0.197520619609898	22
-0.03462110151268	0.155554244561516	22
-0.05263113586795	0.169267818756607	22
0.072617703708993	0.242283645622921	6
-0.086014900876927	0.191388248143316	6
0.041072786207869	0.406429819509797	6
-0.109668280300202	0.257559136872787	255
-0.032298497323236	0.411558261969199	255
0.01887567847698	0.552656498308775	255
-0.01518863023283	0.441073605447251	255
-0.054603616070411	0.294510312440183	255
-0.027752772948794	0.28650304084754	255
0.08585289112316	0.447947345034374	37
-0.048167663104963	0.253769477354477	37
-0.101889340067974	0.167799022767005	37
0.06403889225691	0.450977108612643	207
-0.12197994827317	0.138969239415897	37
0.064328393222206	0.432761496887373	37
-0.080548042504458	0.213166058928531	37
0.014546288183856	0.261998820741263	273
0.01117898955158	0.322506805569779	273
-0.113892328613343	0.136552581893453	33
0.006140076714786	0.303654825897527	33
-0.0494105554785	0.220693002497126	33
0.103312462924987	0.421787253746683	33
0.041061319374903	0.349297149934269	33
-0.063816931021017	0.193848542622162	33
-0.004207115667654	0.23733033082111	33
0.038403266225281	0.342468952525576	33
-0.048656796813107	0.238481548582603	33
-0.054620810141769	0.177956219638796	33
-0.119240596992102	0.1287766525084	33
-0.122171797119675	0.119010105909288	33
0.061354468949224	0.339628435701356	33
-0.09005547079213	0.167543057293918	33
0.091081179058651	0.434978543409545	16
0.00207563244227899	0.286456140025952	16
-0.05958160784268	0.204304324430375	16
0.05104950204985	0.353454857603712	334
0.104733801361291	0.448306185946482	334
-0.040471175151474	0.2437386565639	334
-0.116233714151148	0.127571543391193	334
-0.112336221775395	0.164013531107742	334
0.100564757963045	0.403413416029848	334
0.022122771268007	0.309016036421946	334
0.12077739225383	0.468356776938241	16
0.050806792482762	0.354623274359764	16
0.086827521151398	0.464616255652087	16
-0.096901797246462	0.155850657094508	16
-0.009656187685258	0.280526463724343	16
0.028189273934259	0.381134264890771	22
-0.080766296407094	0.192264600502454	22
0.047559667451048	0.315113434647915	22
0.031098190942666	0.353346925390583	22
-0.052398922767169	0.232011986354607	22
0.029055460021477	0.354540668880794	22
-0.093332309686078	0.176283403376567	22
0.115020506881903	0.402763964293388	22
-0.114967293257691	0.125059284003684	22
-0.059168136841355	0.216530092360066	22
-0.092782096430498	0.177479229159236	22
0.079173732145178	0.321026951085518	22
0.073271133826376	0.324429641646965	22
0.090697525200619	0.411507980013523	22
0.078486433501255	0.299810742497506	6
-0.0195660237849	0.259393258376876	6
0.057266389834273	0.348334946140193	6
0.096039208195536	0.424473865988758	6
-0.047106382158054	0.241026502518461	6
0.00034330482487499	0.295615514655379	6
-0.093632641594856	1.39538498236481	255
-0.085649266160057	0.300574605438269	255
0.016840067219908	0.486651364545343	255
0.108942591172568	0.5672694122056	255
-0.117730812298363	0.209883038064654	37
-0.065662211433748	0.227460707637372	37
0.049193263242954	0.523973649634152	37
0.00452119698950398	0.323176429426834	37
0.056856020078938	0.354793710915902	37
-0.021075511493552	0.382288516373815	37
0.041612797333339	0.298333147699476	273
0.015033836418027	0.257541457395557	273
0.111875378556327	0.339234797913833	273
0.00912890998086802	0.252613288782998	37
-0.107576347846545	0.137931139028109	37
-0.122948542691226	0.113076591726563	33
-0.00430266535739501	0.260492392311226	33
-0.111585330885569	0.11891639134429	33
0.116301852571445	0.421265498139446	33
0.024702257651501	0.259989195688464	33
-0.109408369195204	0.137360851825659	33
0.051299251136906	0.439550917555957	33
-0.104729057804689	0.134739072153731	33
-0.06536237394541	0.153375890341414	33
0.071401966910166	0.325998330176916	33
0.000448129176358003	0.23361500777563	33
0.074555542716922	0.340079685052336	33
0.066145099658213	0.499195981724543	16
0.036793093871334	0.430717575978283	16
-0.091565236555914	0.169231903881541	16
0.089209093960967	0.326790332066892	16
-0.044201410951218	0.212997760833074	334
-0.123758482172601	0.160702843975896	334
-0.115723996331768	0.106782440803599	334
-0.122038626187368	0.110450013202154	334
-0.010793124189227	0.312008246404045	16
0.00770517683554101	0.35156457940927	16
0.099991034683452	0.426967590691952	16
0.079778911240624	0.330394905536435	22
-0.056848756100555	0.182584093417515	22
-0.107548092812728	0.175168356412324	22
0.035933872637118	0.476747501676425	22
-0.057016854777868	0.186532198647525	22
-0.010705526453008	0.255587665366498	22
0.072161612710634	0.324426158173796	22
-0.046378993063268	0.341333829349627	22
0.101274122360904	0.338948277820805	22
-0.044921758452589	0.173837849610446	22
-0.021441598243944	0.338129162654905	6
-0.035151506771226	0.268770368953274	22
-0.016423271028734	0.334127807248384	22
0.088171473302406	0.410437086140563	22
-0.117767524681571	0.210374946056714	22
0.089949723535924	0.431560484166826	6
0.099680404601427	0.615134866506778	6
-0.013607861265259	0.263637433479975	6
-0.085852157613201	0.175573426443877	6
0.123979277238038	0.336513507412626	6
-0.09295316490733	0.198568347364295	6
-0.06639207054618	0.390012741951723	255
0.015777780904443	0.524084622295507	255
-0.071177168986079	0.345692573421585	255
-0.027550444252759	0.427689162095515	255
-0.047884852592427	0.372015733039795	255
0.118889478647507	0.594978635106495	37
-0.029611635641405	0.298064866702003	37
-0.00842427742958399	0.280501187483945	33
-0.051240281704845	0.221226043633894	33
0.042458626459236	0.325618661175415	33
-0.115643012017769	0.130499307003638	37
-0.04886277182006	0.200407165153867	37
0.037059056421285	0.338028690325438	33
0.059267287471686	0.438842253692742	33
0.033775833829706	0.468552854370124	33
-0.01578090306257	0.260208422370236	33
-0.041317693504391	0.207546090329199	33
0.075588790254499	0.387764328176199	33
0.016140996170953	0.364577704206111	33
0.049634714077925	0.322258370260099	33
0.00393617295767001	0.276541699110505	33
0.095463316108158	0.565365206290528	33
-0.017322648773583	0.27354063652044	33
-0.059718639467121	0.221612018568899	16
-0.095472186161691	0.154356753715825	16
0.073471721199994	0.397358274081897	16
-0.008570609415361	0.37742551308784	334
-0.098012174559589	0.157183645416989	334
0.0455298839749	0.329110101998724	334
-0.097257506378276	0.162945265648423	334
0.063568400622652	0.336873152517693	334
-0.093755140468975	0.173381871476556	16
-0.09447235079264	0.175217640517812	16
-0.040719662714116	0.248505006000345	22
-0.012365773343503	0.305160578095219	22
0.12008734893499	0.556633995319279	22
-0.066299682573387	0.199100199901505	22
0.106841442370054	0.492189264530534	22
-0.096958272721247	0.146108962254732	22
0.05465033661112	0.246772173300927	22
-0.122931119042948	0.133155727886786	22
-0.043440592138666	0.165302996319902	22
0.027515391616068	0.310947405788113	22
-0.095352036069514	0.177018490157681	6
-0.115292082540595	0.12370232215615	6
-0.00316864669790201	0.267931600785196	6
0.054540408191701	0.323263115432889	6
-0.057739333495199	0.226605919352813	6
-0.00209960438953	0.331909161918225	6
-0.00388822873630701	0.267191431521215	6
-0.115253522716797	0.117648535046014	6
-0.05845565131464	0.206943811143151	6
0.06985726839294	0.681977572943418	255
0.074723897997185	0.729999524102563	255
-0.098131868427418	0.26184888170859	255
0.069975463868779	0.634954009049164	255
0.119785835891949	0.630949900605102	255
-0.048724958303401	0.172873085161481	37
-0.047510850924572	0.227178732289269	37
0.088653352338831	0.503119229552206	33
-0.072769538564315	0.229357594597278	33
-0.012337573551233	0.347714860946331	37
0.062368135586279	0.428780784355031	273
-0.050454930015265	0.277936596842364	273
-0.071757064063536	0.190118319509391	37
-0.015679434599457	0.300735542934998	33
-0.095187666932612	0.202779952546093	33
-0.094272135233425	0.178500254194676	33
0.036416142309103	0.412148843025188	33
-0.018759784083315	0.324584204085639	33
-0.046375106801982	0.241670319523325	33
0.07231271417548	0.432242628921899	33
-0.098765667237719	0.139458179011829	33
-0.02063800802452	0.299100053337772	33
-0.109607729789285	0.178932586318768	33
-0.071780337015411	0.23764173022743	33
0.000189868150105021	0.362033296255088	33
0.012118654302821	0.313488002167922	33
-0.115796833161237	0.145847850559958	16
-0.05461443958949	0.245166787229627	16
-0.084825054573966	0.195074681557263	16
0.00393362189051699	0.344993995802477	334
-0.123806155808859	0.145258617041694	334
-0.019660552522904	0.235746722327031	334
0.038105294892146	0.399929688801019	334
-0.042045336141684	0.23450410640577	334
0.074759894020435	0.333541641127381	22
0.018337892609895	0.251785685601154	22
0.00799321309370599	0.262820023513847	16
-0.000369155410230998	0.308725251745839	22
-0.101376067631104	0.176357875227266	22
0.11659886524204	0.476809341770631	22
-0.00750371946079301	0.312415572753057	22
-0.075887506116289	0.23901203378436	22
0.091176655016147	0.476944612319891	22
-0.095529158824073	0.189454644703676	22
-0.117514572669327	0.158615267604328	22
-0.099338999233436	0.161290150960057	22
-0.002749801050898	0.335029712122398	22
0.006839663502822	0.284036902259627	22
0.00209251088290902	0.260351745440251	22
-0.042848002554071	0.143915676490191	22
-0.002533108881875	0.276797660363033	22
-0.011127320906847	0.276106848669583	22
0.117979238765334	0.146436969512089	6
0.010765193538285	0.365989603989943	6
-0.11537588514765	0.165178138466385	6
0.005226670813684	0.355751909677016	6
-0.060550968496294	0.198853679390564	6
-0.00134362020499301	0.537453417431984	255
-0.034897553907411	0.359889691809073	255
0.103254448807547	0.780192253650372	255
-0.03958035065487	0.332316089717833	255
-0.034592341657305	0.306918581160499	255
0.024431882994764	0.238040109588555	255
-0.031966452157061	0.145231957499634	255
0.071325738262997	0.424369558726819	33
-0.020916633195724	0.32500773654537	33
0.005105294055257	0.381101745211947	33
0.058599502622953	0.505287754097699	33
-0.043269344741678	0.299888006248667	37
0.105411173988582	0.657467047235113	273
-0.011995482793964	0.33129545990483	273
-0.029823377435713	0.332085715484572	273
0.080831896272429	0.358836169891677	37
-0.022689690951966	0.292470963010035	33
0.065147591465347	0.550466791006662	33
-0.088078056212553	0.22052244794728	33
-0.055332648704579	0.248183790313135	33
-0.048978114514577	0.246308115098484	33
-0.079856475051507	0.246710755772305	33
0.053074739772646	0.423593547822721	33
-0.013875904380762	0.307605384159495	33
0.103547409811055	0.553815589044401	33
-0.092312683912704	0.222885330775695	33
0.120068579805198	0.600622320016357	33
0.105964622056928	0.593802036470384	33
0.107845743166407	0.570577107926224	33
-0.052529945241857	0.240365684295436	33
-0.050035545723742	0.16317490725812	16
0.065458676130366	0.469351659558705	334
-0.076505123861221	0.207547773447502	16
-0.113366248086121	0.137949367550371	16
-0.111444734357536	0.182368207133383	22
0.109776434756428	0.406636145926027	22
-0.082445828077998	0.191853689540052	22
-0.057420266925681	0.196819173981111	22
0.098704638566868	0.550008339016394	22
0.031585272849341	0.434180560870303	22
-0.029915391451865	0.150543446388054	6
-0.044895408646695	0.299580526810444	6
0.092292084313761	0.395715342358212	6
-0.098759411683424	0.220995083248755	255
-0.08699038156502	0.241454759191176	255
-0.04153223084737	0.156651834343074	255
-0.01417574037728	0.302470210598813	33
0.040412590425778	0.440912899538921	33
0.034559637617959	0.488751064456201	33
-0.078348648825551	0.26566536830596	37
-0.096096918467705	0.198623095536659	37
0.039943361150761	0.460127614281826	273
-0.043071033951612	0.221537270394869	33
0.09429782831427	0.544247695797564	33
0.019696881074477	0.435095993993957	33
0.104513048000192	0.493765321330378	33
-0.105925506378054	0.198936303005233	33
-0.04703064173075	0.296704006599858	33
0.099424568772334	0.529923872551526	33
0.040656725547449	0.441451555837694	33
-0.00220029210165701	0.333267585938809	33
-0.073775350053012	0.22346678994027	33
0.070215732248606	0.536161485266377	33
0.014654143131922	0.439016254669407	33
-0.112174001042883	0.137427614935402	33
-0.028126377193909	0.27934799893409	33
0.103290089876868	0.514782083561482	33
0.053097900461313	0.246057049333245	297
0.059482082223087	0.442140098286716	334
0.089563384955314	0.542657622447157	334
0.027279997050286	0.431757240663711	334
0.021101700395206	0.384622331239581	334
-0.063628247598616	0.239194826421263	16
0.021689805118157	0.409503743784714	16
-0.056857013595481	0.224811072307498	22
0.040242806901721	0.357226763438683	22
0.005866802518945	0.240934898666122	22
0.112943271332998	0.525319838944391	22
-0.04327149327968	0.33854800318338	22
-0.030229649155405	0.355302697258662	22
0.096577078405289	0.516063897412871	22
0.046187728415579	0.372712271258152	22
0.014736103095678	0.351439103219724	6
0.010547709911279	0.245778639191913	22
-0.02519019581113	0.338318368641357	6
-0.022077716335785	1.87443421345173	255
0.032446254295733	0.240323031140032	37
0.069724499478777	0.319352940377763	33
-0.067534524197431	0.169164902856041	33
-0.00894296129865199	0.340360781969915	33
0.053806078567626	0.494982196121638	33
-0.098988654110376	0.224721034383305	33
0.067047222248235	0.576668030972286	33
0.095703663904395	0.692270649064554	33
0.036633933398348	0.464290800366536	37
0.038611181100813	0.493740748534008	273
0.081266605288818	0.607552594640465	273
0.022196391814506	0.429643722179784	273
-0.073960011983773	0.266509585598521	33
-0.00231952439192001	0.421457340068983	33
-0.00903648920522901	0.363729445511457	33
0.074228567065004	0.553379629282902	33
0.049452347197575	0.441303385983305	33
-0.037193476775383	0.259082063114956	33
0.025539700655293	0.476684999971649	33
0.08442489098401	0.445672561074168	33
-0.08152856356983	0.224533611340095	16
-0.045206628533275	0.305437770707006	33
0.062303879296064	0.549626434589235	33
0.069918931930807	0.546742179543362	33
-0.00835732691906799	0.355713674024465	33
-0.052266225313773	0.184506582808892	33
-0.039174990589658	0.276853883153644	33
-0.106321132609143	0.183377569938379	16
-0.039147413886964	0.130807717522569	297
-0.008284146166255	0.250834937330093	297
-0.078313095495662	0.25011613853518	334
0.102095320414784	0.545776188083164	16
0.112545241750977	0.679326336745494	16
-0.059743490377388	0.241516490450273	22
-0.053402892843645	0.172215670379919	22
-0.036998337944281	0.317097507153534	22
-0.010724636758943	0.392440810750502	22
0.06063933279923	0.509590731216664	22
-0.097134062903016	0.198957383505473	22
-0.048724893579479	0.130762933439741	22
0.050257328115493	0.241384199692768	22
0.094362225036937	0.564207211213665	22
-0.064734715144721	0.221207603231218	22
-0.100569716942724	0.197187857888638	22
-0.072797836582574	0.205705082173806	22
-0.004139996067622	0.276419981197973	22
0.094640074304906	0.554667211662546	22
0.091655451708521	0.634081669287725	22
0.084225063923381	0.535145449422358	22
-0.124517204121096	0.171815102613592	22
-0.023199298615589	0.345272188508377	22
0.119558517954965	0.594675811210571	6
0.056693957591472	0.319142420825417	22
0.061948897443569	0.239440342659088	6
0.072648971975234	0.145001714534294	22
-0.003678740491735	0.129972569182966	6
0.063368026092604	0.138454036313004	6
0.00242606727477601	0.281638334962399	6
-0.050114112606553	0.489988837673553	255
-0.00803531329761301	0.473917576574894	255
-0.082587036861409	0.283510618334309	255
-0.035135660113956	0.379762071227411	255
0.002404238055212	0.405722712595	255
-0.044598692535711	0.131030192684239	255
0.052052112596624	0.24197756848724	255
0.050337080746086	0.439429940119475	33
-0.084288149348158	0.239455649749261	33
-0.078324871037751	0.262003644563637	37
0.032662667408494	0.418842687440217	33
-0.036837181616515	0.341788864109052	33
-0.011051809309698	0.369172714790517	33
-0.030716743783834	0.284679306655476	33
0.062360187977956	0.40940194881552	33
-0.065744125327505	0.181539950362083	33
0.09749966167833	0.481523025735557	33
0.014442045246716	0.279105403026529	33
0.021467739854568	0.250100584669608	33
-0.061509112357325	0.15688526918611	16
-0.104806497792429	0.186069993517741	334
0.056644649640354	0.458512754981305	22
0.113042073735167	0.462625610924551	22
-0.028996607590879	0.343611637909667	22
-0.116419570596998	0.157080357051635	22
0.024626229901801	0.252581677973023	22
0.0811326471289	0.323197619289425	22
-0.084483056884384	0.179889871311005	22
0.021527958687737	0.39864347164809	22
0.08988685523791	0.599862050694668	22
-0.060469659478786	0.270884144855136	22
0.083766906633911	0.239010914794477	22
-0.042228646605815	0.232342857467705	22
-0.117611888968925	0.130779280476759	22
-0.068483692862991	0.26998445264658	22
0.085643764878897	0.565473526077114	22
-0.043587130992377	0.160451149734503	6
0.073241924639126	0.228746313491975	22
0.00616520983633101	0.135638761169496	6
0.011198091144679	0.385518399685821	6
0.108812812614146	0.407328934593637	6
-0.100326427201539	0.92042036491388	255
0.02461643775788	0.528224583872349	255
0.073067372151193	0.325279511278514	33
0.042256196992605	0.520333732158615	33
0.021529475948262	0.503346371818315	33
0.00251402491438102	0.461064045057004	33
-0.064668171846383	0.282837541100943	33
-0.080357592853185	0.249338759762984	37
0.080965592416153	0.613853914959091	37
0.056058780986086	0.569835830136391	37
-0.071317656065443	0.261025821539038	33
-0.049592187346459	0.312824322627282	33
0.083899602231836	0.482983820490945	33
-0.099552440110233	0.205642446917492	33
0.034323189144223	0.427178206631781	33
0.097696100444693	0.476942307350108	33
-0.030315893344527	0.293199231262082	33
-0.043660651695986	0.323661054005855	33
-0.068030026888682	0.2840217954097	33
0.004824669583953	0.367424542637366	33
-0.088226709019208	0.199685448593254	33
0.01989215825628	0.393220509096544	33
-0.091746979277409	0.202731798532575	33
-0.12087441586331	0.102638688825091	16
-0.113618919194736	0.164295641139279	334
-0.099883750847557	0.21665978929764	16
-0.027840673519751	0.275715463922179	22
0.040352250711589	0.371899896560895	6
-0.021808189942668	0.378248926165117	22
0.101654785582957	0.655679260676385	22
0.065638418496791	0.487850441261919	22
0.117362926329587	0.542496640171648	22
-0.04590392256911	0.284325084139252	22
0.099994785562178	0.323840441518118	6
-0.086224676069511	0.216425591443539	6
0.083990500046874	1.5515214015548	255
0.068084240031924	1.229279574021	255
0.028855903694446	0.989204276545619	255
-0.086722000565462	0.435651291957289	255
0.021613392427191	0.834288792952362	255
0.03242711219219	0.816238971269213	255
0.010161244043403	0.245154969163732	255
-0.045934172840513	0.157263275458556	255
-0.1011995327226	0.147695573684163	255
0.047723742558674	0.555591057501624	33
-0.088415437370678	0.237883346743814	33
-0.115102382445894	0.221340975671677	33
-0.002755195249974	0.393525060902619	37
0.06748277239566	0.525623035255147	37
0.00938923593435598	0.363285242312214	37
-0.110887348391232	0.178737747808471	33
0.025109264642136	0.388113161095271	33
0.111367691881562	0.525493606123197	33
-0.070790892998912	0.226864531103241	33
0.10110649879577	0.593985381480446	33
-0.026977058419023	0.272514309045372	33
0.031026302496901	0.385200787430894	33
0.023711718251933	0.374516757817059	33
0.062877971523856	0.488273274558344	33
-0.067476967506826	0.214922640228885	33
-0.034381901052525	0.337461597610706	33
-0.069463028491526	0.231369129034534	33
-0.088833491306324	0.198962973182146	334
-0.070361823278209	0.245437714787107	16
0.044729864886848	0.390020488233739	22
0.118118749946643	0.556553730752687	22
-0.032985951612414	0.257912755459091	16
0.038135627940725	0.391318281418107	22
0.101339232902781	0.531943682349853	22
-0.065049451223344	0.169360435838051	22
-0.09589945234286	0.165497820670395	22
0.061136499083968	0.422731578513441	22
0.062306839662095	0.489632247906395	22
-0.111514370507895	0.180506970205939	16
0.030152400564809	0.253930172598636	22
-0.065929845630425	0.274804057185916	6
0.016108573894324	0.367422992565228	22
0.045679912740841	0.409377250399194	22
-0.059601090813215	0.205068700621515	22
-0.104816053753921	0.170719375622593	22
-0.073392481270959	0.20697294533858	22
-0.038751110576177	0.248712720899496	22
-0.116773987684526	0.171982713163189	6
-0.060818628605731	0.155831903726998	22
-0.033038503657598	0.150382680725556	6
0.061346541705145	0.231137898204042	6
-0.049950623984092	0.317614933011996	6
-0.015565428658498	0.427579306497779	6
0.024156137948434	1.27152372449465	255
0.055948501807662	1.41489625564841	255
-0.01011936978586	0.84605477454178	255
0.083079089045756	0.47115316432931	33
-0.017632400038872	0.273540840110181	33
-0.079138636102535	0.240276265540141	33
0.040868046706694	0.471528437561226	33
0.072668444097003	0.503689222898277	33
-0.108612307065014	0.194427098020446	33
-0.0285759129393	0.297135344361638	33
-0.043463160841471	0.326054395374925	33
-0.051810660429347	0.258260910482971	33
-0.015676099661501	0.326687974453358	37
0.012932809646904	0.350981157935084	33
0.036846512963931	0.515970706196582	33
-0.061752989573958	0.243725886343643	33
0.03109471971638	0.407410179725327	33
-0.00991946139653699	0.315178621954287	33
0.117468380855654	0.503059486556491	33
-0.00690795291457999	0.310066784024389	33
0.074974061467134	0.402978386524517	33
0.08294452300495	0.417256415736164	33
0.100196108316435	0.502279503296884	33
-0.017937103928711	0.290886408156867	33
0.031497486037233	0.373020754748188	33
-0.116798125535	0.144076799018425	33
0.000494258856315988	0.258486472495517	33
0.022519701162719	0.34259793058655	334
-0.105832058741316	0.151970979866643	16
-0.055004487102981	0.21777173122913	16
-0.045150743911807	0.217950411045359	22
-0.055778874693504	0.197452322526748	22
-0.009403936022577	0.24819980707668	22
-0.00261828396396399	0.260535169523296	22
0.04161785231137	0.357206661045005	22
-0.096122641427748	0.22840386744535	22
0.096126635249695	0.414349984224875	22
0.089534794867904	0.430488179241938	22
-0.022686233038518	0.134946621915581	6
-0.115950853855763	0.119069000730366	6
-0.116125280044659	0.107795482450714	6
0.121595909290613	0.96679904746019	255
0.0269473536159	1.09270127617522	255
-0.058495232008665	0.587893255104105	255
-0.121702853636119	0.266132469694005	255
0.018396549219763	0.66200037993725	33
-0.011797417942442	0.276325563060028	33
-0.048925156163439	0.186121194374672	33
-0.090815589865756	0.276744468897143	37
-0.06737393423459	0.170411782677996	33
0.057785669614959	0.238635012106011	33
-0.107584737444349	0.20226509391063	16
0.07086017724871	0.144513472687543	16
-0.040289614339189	0.13027181330563	16
0.035690379072115	0.140374200741693	16
0.095468311530546	0.237875161809806	33
-0.03388084662729	0.148575430090827	33
0.111110698973242	0.235937548832367	33
-0.123269481763803	0.212528531633937	33
-0.05549592177865	0.405897552487197	16
0.063904836857473	0.237038533532019	334
0.028477952640079	0.23223787309446	334
0.062436400782837	0.235641637212217	22
0.026846020149096	0.515336236470909	22
0.00952054096349397	0.13554124185289	22
-0.077047795277788	0.193365719719277	22
-0.120978110478678	0.116511681438582	6
-0.079361065645512	0.244246480092777	6
0.11761267609457	0.714733758377091	6
-0.069425535061169	0.332910013427173	6
0.060159984760604	0.42118333575825	6
-0.038976422764973	0.347991362750496	6
-0.051405556604715	0.380383240782572	6
0.099431852002556	0.32879414842812	6
0.0633075825999	0.236077944209671	6
0.00615388382698601	0.405010272418663	6
0.00655906007450402	2.18069686817049	255
-0.033522506144243	0.395918054959513	255
-0.00647383033347501	0.495873713276468	255
-0.04774276569183	0.325404425950528	255
-0.014328533800514	0.565603963872145	33
0.024979411747262	0.258145072392337	33
0.082893861063552	0.229711328778919	33
-0.077637459114652	0.277552426825757	33
0.035330534503173	0.243865072152989	33
-0.061125230497675	0.152484271127801	33
-0.038217064960102	0.136844174214242	33
-0.042374462256832	0.137828746241651	33
-0.048403855705429	0.154527884530731	33
-0.04014905188891	0.147091029357983	33
0.080010026126942	0.244965569918973	33
-0.083155182431358	0.183048576669435	16
-0.047907072410733	0.12544418628059	16
-0.013427758867193	0.132327855206044	33
0.082696003726645	0.244536907097658	33
-0.061409239882764	0.199019703911498	16
-0.116973545155457	0.252697749785401	16
-0.044325698876429	0.140026791266739	334
-0.047811240547294	0.141567813479223	22
-0.060324767770218	0.228659610854234	22
-0.116020806608752	0.210268895681201	22
0.094599020044943	0.400065622595652	22
0.000513077759344005	0.128431605501968	22
0.097385674697194	0.45977626771642	22
-0.049691677892472	0.37046151613024	22
-0.082950449245928	0.226744156528265	6
-0.024969953564543	0.13300231829385	22
0.039145994425153	0.4480714982071	6
-0.065956315420291	0.294612845157398	6
-0.00444918997846	0.478022509042068	6
-0.085316530170933	0.268932621478655	6
-0.012718128665398	0.299345283280202	6
0.00492394295876902	0.271121815551786	6
0.00726799387375998	0.281014699637908	6
-0.055262308430024	0.303213539249956	6
0.116299744537572	0.565000260304176	6
0.056498776519101	0.240222300085497	6
0.112200211864964	0.488354049418441	33
-0.116651676891627	0.161144931581037	255
-0.113267318448928	0.190781599570033	255
-0.032000463820613	0.314576718187566	33
0.070196948481029	0.582274632893886	33
0.004050466638363	0.466884930842336	33
0.118537956799434	0.708021394348732	33
-0.099069079788066	0.223479480668654	33
0.033231877506306	0.520251547337045	33
-0.012978347146408	0.403028650716236	33
-0.019509362556024	0.324961672786732	33
-0.020481166184154	0.287360261645187	33
-0.020044314630561	0.33068182861371	33
-0.025694736070027	0.313377327420447	33
0.042595294114675	0.328734753580613	33
0.037644105568193	0.37688623267901	33
-0.052165469372303	0.227372188242549	33
0.075568384062243	0.403329441316749	33
-0.074096618284441	0.221310838853672	33
0.064275402108492	0.316443710487225	33
0.074070400427192	0.404474873224129	33
-0.00893499661029701	0.28408282071286	33
0.017688198045517	0.335071588818048	16
0.012877603944836	0.252998653646927	33
0.086979336746709	0.434891097572287	16
0.040578354134704	0.331296760221659	33
0.035799371901775	0.342065168023484	33
-0.063590059482042	0.200882107298005	33
-0.109824495458903	0.155017152553877	33
0.040957305709498	0.359997511312715	16
-0.029136819735009	0.274526472734856	16
-0.010299584113766	0.324950311407452	16
-0.056299080577409	0.16561430710975	16
-0.090107550606166	0.167380856340869	16
-0.00349899148465599	0.264954629226837	22
0.082915790784775	0.396249162814939	22
-0.096259332447797	0.161703524778123	22
0.037723577052451	0.239409934834049	22
-0.048990601360356	0.191798745321228	22
-0.112776214363297	0.133381335566449	22
0.088998440581628	0.419620633567452	22
-0.02065487955857	0.319643932165289	22
-0.054321705369623	0.193376590378222	22
0.110262584987211	0.390855144127365	6
0.037281363520188	0.424296015882136	6
-0.10061921581909	0.159331581034284	6
-0.00588902330330299	0.248051810071298	22
0.077690375190467	0.410452490905031	22
0.104103148004528	0.529837488354912	6
-0.102739666797693	0.198210948150096	6
0.038798830755711	0.238936974572448	6
0.065793639442636	0.415895105204548	6
0.112668222055361	0.338912156844685	6
-0.070540090078236	0.213863632896441	6
-0.071779849453713	0.308565837413608	6
0.032458561346651	0.99579747056118	255
-0.048324666505539	0.226197413119362	33
-0.106080299176705	0.238196570004474	33
-0.106865737082971	0.19028519286065	33
-0.060645401530187	0.239249614870119	33
-0.061837445229295	0.266334309713046	33
-0.044378284432637	0.209298855100892	33
-0.006769346270774	0.360555930758541	33
0.048194719525467	0.343590644889502	33
0.047892608581497	0.330844848558879	33
0.037700571247184	0.334441258628596	16
0.066496258134817	0.386099962126963	16
-0.068018573927007	0.171117140723587	33
-0.029931610844607	0.25648123882029	33
0.083746387750847	0.414204466592912	33
0.00089904839808802	0.324156148457966	33
-0.004828123876848	0.280376178233094	16
0.066069973588201	0.414610422808939	16
0.076589146455921	0.342111264214811	16
-0.120105752997512	0.117632501928562	16
-0.104452716188895	0.1555688669772	16
0.071705616390394	0.242095700854444	16
0.044553397928248	0.360752050148718	16
-0.061392587296029	0.178628170422427	22
-0.116509615779686	0.130010358555942	22
-0.00761351709744501	0.253701828416431	22
0.00326150261454999	0.241930737435971	22
-0.06078332437808	0.1987908219086	22
0.024926677888852	0.335632701900926	22
0.096911474898753	0.462750947440801	22
0.110419745372587	0.489264463480284	22
0.057728474234152	0.441036748481801	22
-0.045709561464341	0.242751264909569	22
0.037556734598019	0.24472712446548	22
-0.039210861460508	0.168584813432566	22
-0.011402338585767	0.27173907160837	6
0.080841138020271	0.366416776037987	22
-0.033197877160153	0.224243234514419	22
-0.00916605287568401	0.269905857936561	22
0.000727701805248004	0.251117292171311	6
-0.012680538229293	0.262535507324957	6
-0.049793165178043	0.159239578469255	6
0.101724221505823	0.328178176316014	6
-0.041372375421379	0.147455430859882	6
-0.092300824430357	0.228316186452622	6
0.058933314244829	0.599061889966358	6
-0.120397275635278	0.901795153369121	255
0.077337159330031	0.703255251209229	33
0.121930490463222	0.798630136072449	33
0.012376260305703	0.473349157302725	33
0.057882098824947	0.617712297663027	33
0.093901832169389	0.601791257633441	33
0.064680229246316	0.543857324782299	33
-0.056035746484088	0.252965939102443	33
-0.107596445847039	0.273119733289081	33
0.085622174437161	0.416962645857604	33
-0.054919968903799	0.230675292899734	2
0.090578941445221	0.390394616885004	33
-0.066546446226707	0.187311810620547	33
-0.051995218066108	0.190085873703936	33
-0.111202244512705	0.113159412596725	33
-0.045140978124406	0.184433658903058	16
0.079588698775614	0.241645459666134	16
-0.108921265469615	0.135108659247424	16
0.092259365100738	0.336456735625304	33
0.077536406718141	0.326743268591633	33
-0.011902181295898	0.246687109743675	16
-0.069007170618877	0.208728628207008	16
-0.054930849333152	0.257108125305415	16
0.00710770782242098	0.366317132857061	16
-0.11763398764106	0.108938299364589	16
0.02410130216125	0.237909282329052	22
-0.046546668912398	0.185640881588728	22
-0.06391400671478	0.176374677653794	22
0.055464531846866	0.224650022628735	22
-0.048945507642828	0.168650214730006	22
0.034247908126974	0.346985026083351	22
-0.0486479700243	0.218537325671514	22
-0.051707327090415	0.222628854890332	22
-0.105263529145165	0.161572050168281	22
0.075411429792535	0.316459699025091	22
-0.06944423387792	0.156590456025105	22
-0.070116804279088	0.245974791839748	22
0.024036430923895	0.383358604310037	6
-0.00592646254822299	0.229521447158944	22
-0.050980353660226	0.153027853885996	22
0.02377826082738	0.43565821807248	6
0.00292362013286202	0.345057932913328	6
-0.066195713708009	0.203650653568795	22
-0.000239853120120009	0.481821847423595	6
-0.095643687852425	0.196200660184928	6
0.017049447409917	0.345457191734486	6
-0.068167927867216	0.208500202894723	33
-0.05477438823349	0.324061178818708	33
0.038894064661993	0.529407037273182	33
-0.014957612393651	0.335182013408647	33
0.077435376797827	0.422297106135872	2
-0.013198474946478	0.413925371289481	2
0.053860125161753	0.415458241944807	33
0.035125578953584	0.348097259688454	33
0.103380918789268	0.396332640225684	33
0.084220545816329	0.427819681621281	33
0.1183272048731	0.407044925333737	16
-0.018944320700037	0.275990395059544	16
-0.115082816569857	0.112440665519881	16
0.035308541487684	0.436066765672329	16
0.082050717562968	0.410318180249419	22
0.061526993299724	0.327150329744323	22
-0.042096829506245	0.211162842774988	22
0.073354620713849	0.330255878028669	22
-0.066151129736477	0.20799317822677	22
0.055577170603104	0.450739116523351	22
0.023779177905337	0.374665891709595	22
-0.039553610941678	0.320732762401299	6
0.08346567464569	0.379662176081796	22
0.025767403118576	0.305945573594094	22
-0.063380782006313	0.253186812920347	22
0.116034231150244	0.636450920839853	6
0.015038588716745	0.344819700840447	6
-0.026154127791852	0.291341618712138	6
0.026594748147012	0.340453650779357	6
-0.04741571508056	0.175787679167522	22
-0.073067876035297	0.245086095882046	6
0.026202621695397	0.254881721104166	6
-0.093519805193095	0.25531478024696	6
0.04556501843478	0.513641496245315	33
0.05722376472006	0.419803037496149	33
0.052221777031107	0.701987563891419	33
-0.115130400668736	0.240133156389155	33
0.120986898166949	0.470277375596711	33
-0.054984469126311	0.227352521128559	33
-0.120592579658887	0.22008408946806	2
-0.062333846316901	0.217155088747681	2
-0.084592691550841	0.168445047066687	2
0.049677394840809	0.335942939330745	33
-0.052569023763111	0.177036002630004	33
-0.053283003538989	0.217042516306059	33
0.045326503783491	0.457720151960027	33
-0.053021499866472	0.194356152042545	33
-0.109930433673869	0.134307210384891	16
-0.054955950352568	0.237373771056637	33
0.025281926193294	0.318014948247049	16
-0.00570200709941801	0.271710023687866	16
0.060252768699676	0.420540067490358	33
-0.103151177517881	0.156126156797909	16
-0.061009795499759	0.276159153784356	16
0.056323490324951	0.320030934341631	16
0.018196226369091	0.233620938435407	16
-0.124256469505199	0.100669323405437	16
0.080787379639237	0.545979431521814	22
0.057900827017987	0.345253059969266	22
0.092374336071932	0.486773263608978	22
0.091888405316105	0.414212438514212	22
0.123345215265114	0.335957249307536	22
-0.060157121714418	0.162392514669096	22
0.00924442540855303	0.260873604808491	22
-0.043386020364888	0.257430127417674	22
-0.057192276136125	0.274546754649843	22
0.047182125206529	0.356858226942128	22
0.047639633353424	0.449851369546069	6
-0.064428210526878	0.208201399643664	6
0.090883696547198	0.41487816028904	6
-0.029198487072707	0.38162952640962	6
-0.031222116435856	0.361345657240492	6
0.037464952799333	0.443239515316392	6
-0.106698139882905	0.195051730643151	6
-0.000884617459486009	0.386907216818282	6
-0.077324731594105	0.268721120464024	6
-0.118600435354273	0.11962453007581	22
0.055563770384752	0.454608394187187	22
-0.083433984541359	0.230870228532684	6
-0.096290228952989	0.962062741917667	255
0.035721041885911	1.84946639440501	255
0.072742457997084	0.911815951439208	255
-0.012690532939787	0.604840966302681	255
0.080771801609322	0.944367355908237	33
0.08123599671599	0.949733230797757	33
0.043811189492548	0.674486808424949	33
-0.000368781888801989	0.474156235956225	33
0.048474996724456	0.738244824976016	33
0.076793713419096	0.583696746322799	33
0.099987303178291	0.622687559076799	33
0.068919034082408	0.503939269037686	33
-0.072806492016835	0.238052920461048	2
-0.057084976905793	0.362674846411577	2
0.00123821574892902	0.334541462437066	2
-0.063996359522948	0.209948129012812	2
0.061914668359332	0.417603402715907	33
0.081335891808841	0.441344558218929	33
0.058201048321466	0.473476021568077	33
-0.060346842842095	0.219117017768409	33
-0.009868469653106	0.302924306009004	33
0.017793156062532	0.343320319922758	33
-0.091133729163538	0.167051871047658	33
0.071341444632469	0.43253501242789	33
-0.02237728408034	0.280435245395245	16
-0.069847146773655	0.217470418657887	16
-0.0607440578112	0.182191879106611	16
0.026504439885705	0.327164125194076	16
-0.010321280259917	0.248185051788	16
-0.08679960498988	0.201356688201508	16
-0.053236816295767	0.237259425429624	16
-0.086841855540237	0.191926254703622	16
-0.093592828955834	0.173801291138731	16
0.091446919002932	0.599846725569937	22
-0.084866481263894	0.177670916685125	22
-0.103832540193731	0.1632236401417	22
-0.093670981670346	0.195397815296026	22
0.039784968312354	0.335947869871649	22
-0.026101247606625	0.253467776955121	22
-0.108358824055664	0.143462703949235	22
-0.07800972213289	0.213373993251783	22
0.043309973498767	0.34751033078706	36
0.016667720719334	0.340645330051034	36
-0.061592248304708	0.227538666623126	6
0.123037886342488	0.563632492719924	6
0.080881971846387	0.413781656740595	6
-0.11972548970084	0.195914913301011	6
0.012748880972479	0.355029329411365	22
0.089032459052705	0.387327755426407	22
-0.055754265721444	0.217266284268814	22
0.110365454219758	0.393987914881801	22
-0.102614839821618	0.211579580347771	6
-0.052463934196096	0.215429230421814	6
0.083272399132485	0.431301689507307	6
0.04282991843841	0.46346461062992	6
-0.081477499089456	0.295946658742428	6
-0.029895124949965	1.07829794314044	255
0.056639625112883	0.954529574337438	255
0.070979138872162	1.00468298593485	255
-0.121142236598669	0.297648558012641	255
0.00982974506055401	0.6956084699073	33
-0.031686276216878	0.544269758315325	33
0.058886995909739	0.822762957935679	33
0.023236985519067	0.558137187951235	33
0.071058591653662	0.582967088754397	33
0.078977514744395	0.793964244878905	33
0.00652486657886398	0.259800881150194	33
-0.015955469645925	0.404733345278063	2
-0.055496363520935	0.223679615503998	2
-0.118425474231028	0.119828730746622	2
-0.106454314393697	0.143840517249228	33
-0.00312646621045401	0.365383004498827	33
-0.00080768993260999	0.249376169534973	33
-0.010727368398425	0.352182475881586	33
-0.097312210119618	0.16661448589987	16
0.119398870741951	0.625488889136423	16
-0.047683239301905	0.261938325050239	16
-0.111439814509922	0.119409759145369	16
0.008077080969705	0.2737874552325	22
-0.101497418719739	0.13908475245599	22
0.117251155445445	0.406989231328819	22
-0.108602098610859	0.14155176143501	22
0.02380814377685	0.239522595163493	22
-0.120716719704287	0.104015813364073	22
-0.048311376275514	0.251770404663213	22
0.060523086101623	0.314578984502352	22
0.067118181043252	0.339641814973361	36
-0.027042284348005	0.313195566675753	36
-0.035683801160949	0.312421841647818	6
-0.123203354208477	0.158624433851485	6
0.035186049912362	0.356738305655539	6
0.011220594293727	0.251519292112363	22
-0.117908941281531	0.123269097588123	22
0.032737915379095	0.426885794663364	6
0.086307272967892	0.580790498584383	6
-0.124690383728864	0.148463446166593	6
0.022713670012062	0.347337885812553	6
0.085696475496986	0.39145851668147	22
-0.017220424102198	0.25895448809825	22
-0.074896928047234	0.233611033305353	6
-0.111574820006878	0.15248550753593	6
-0.023907543781479	0.725909445210132	255
-0.048934462348223	0.548513293380219	33
0.089490411421167	1.00969594842005	33
-0.047155258260184	0.571288331774155	33
0.103607577457008	1.19604019629563	33
-0.002255035047878	0.630236422739195	33
-0.069181662233794	0.392179194978398	33
0.073831469322375	0.808054541272687	33
0.030749654217475	0.62425062224041	33
0.015527800321318	0.542481897587455	33
0.015643381428292	0.564672244600946	33
-0.078564197219572	0.357481826895211	33
0.101732503897205	0.688816671526032	33
-0.086431787218392	0.194572659213373	33
-0.098475066550002	0.1696716742414	33
0.041430469077395	0.362502832396613	33
0.012384627460545	0.348704393853284	33
-0.113080039113587	0.132570698600958	33
0.091776213462411	0.416659173897355	33
0.048901388900541	0.339063912451571	33
0.056748272587285	0.326649197824689	33
-0.053722978756707	0.190320444304896	33
-0.105999533235337	0.132001198696842	16
-0.073345547771283	0.245543305620441	16
-0.095672311111121	0.154311820869611	16
0.095321768380291	0.332231364368176	16
0.016331842413844	0.328173771971981	16
-0.050358500642184	0.172308731015067	16
0.036164978395883	0.244527717970269	16
-0.063121295207519	0.198720172957516	22
-0.072201124692286	0.190479697905547	22
0.00374461825614503	0.226735238517744	22
0.091854460513236	0.327086763167319	22
0.038596105248743	0.326549759934844	22
-0.11666291852392	0.118649872280135	22
-0.054391097490885	0.195829251082134	22
-0.00641106618531201	0.258172923017319	22
0.00173982005099399	0.244603554136828	22
0.035657378383379	0.383396539136188	36
-0.013430041316334	0.31910907427339	36
0.000327410845023024	0.319115526104451	36
0.115983801541556	0.408596141670478	6
0.037496603160216	0.357064066111018	22
-0.044698339133922	0.20900606909517	22
-0.111669408253855	0.130003314380216	22
0.00652380369711703	0.25089294238574	22
-0.00627641872155399	0.341258835033192	6
0.000562157147448006	0.263126282839633	6
-0.100845032452224	0.197641114815986	6
-0.06766683024481	0.207875044532929	6
-0.100357748227104	1.2379011648098	255
-0.110616468479411	0.626013173641147	255
-0.093816876583356	0.425266118197065	255
0.104424259514971	0.932091325446648	33
0.110599596428565	1.00173776824162	33
0.022821232647869	0.637347244711541	33
0.072973702970991	0.732311159921016	33
0.123721918635423	0.636319153150264	33
0.105863805689562	0.500671423517777	33
-0.052771078677207	0.276018389681276	33
-0.070607676898103	0.244862057818738	2
0.0540898809125	0.41997829128696	2
0.085899347490448	0.484562953366105	2
-0.059601602084746	0.218667475783698	2
0.107234975403174	0.479993961541168	33
0.059251000824083	0.330147104170174	33
-0.058622064027526	0.190033976205692	33
-0.05705362967966	0.235678337342327	16
-0.118368007785158	0.122320760255329	16
-0.057521772834459	0.216467775987187	16
-0.121660767391091	0.0977283440641734	16
0.120037194725213	0.424998760766201	16
-0.108783934790851	0.124918451969995	22
0.124917861604974	0.337347716781963	22
0.03012492066175	0.225136639552565	22
-0.056093302706401	0.165836316328158	22
-0.044367982749228	0.187073913125591	22
0.093213326896802	0.489627770469277	6
0.019626130496695	0.341255586844341	22
-0.014849356464296	0.253813066339248	22
0.083686503438286	0.510169772357044	22
-0.046408474735856	0.206813404467933	22
-0.055024629834045	0.145516118460465	22
0.023944311464138	0.240009058465581	6
-0.00313989974319701	0.384793195101065	6
-0.079317228388863	1.5010627715413	255
0.062313344098734	1.24929466702225	33
0.081366048774801	0.949956840774416	33
0.071465048859106	0.986860878127345	33
0.022248791455072	0.69195118017415	33
0.033309867531902	0.746915930955814	33
-0.060295134131618	0.256740833560224	2
-0.096615506633757	0.206560195289475	2
-0.073172361589754	0.286906688303927	2
0.06894365451594	0.421118852628328	2
-0.010792757031235	0.283099487381657	33
-0.060925907374619	0.170043344573324	33
-0.11186370179791	0.12575704770898	33
-0.106259203464964	0.137125263816879	33
-0.116031666894313	0.123851564666327	33
-0.057079029102056	0.176232529736154	33
-0.104062581121435	0.149665363583543	16
-0.02519130539892	0.242592581523333	16
-0.072395388442935	0.199874161846607	16
0.048842907025424	0.229568741768381	16
-0.055467689460341	0.172447515170548	22
-0.000321358852483994	0.286279111480526	22
-0.118328569558899	0.113857229056795	22
-0.05916805511634	0.16164377838617	22
0.029787710147923	0.252314836576072	22
-0.066454611333998	0.172677552878489	36
0.101632941940877	0.332670441603574	6
0.084354868579936	0.423623065460938	6
0.090034052343027	0.327852969567222	22
0.00183601932392302	0.235771101249461	22
0.00314357960720002	0.249545412996577	22
-0.054544176798037	0.216487004806926	22
0.03166842399454	0.236992465057054	6
0.013859733644192	0.240712102279546	6
0.016003623225355	0.353671311360588	6
-0.056408123389148	0.165081050369689	6
-0.060017359416385	0.799783798758288	255
0.000638713493133991	0.771234240614701	33
-0.029478745300484	0.606232803929584	33
-0.123977562670016	0.112847209903124	2
0.087143241747413	0.309431747701465	2
0.073256806589545	0.235548380678658	2
-0.041436329962759	0.122840068792029	2
0.065629977174651	0.248529585091443	33
0.053901616479649	0.337321919835099	33
-0.00108396288996601	0.132705000408759	33
0.121223839347075	0.23396348934615	33
-0.038222250532488	0.12441620518117	16
0.072120750120424	0.230733477672841	16
0.053406195126575	0.232644282698522	16
0.027007181050734	0.253430126836923	16
-0.056071333937629	0.197650505486906	16
0.064368628997192	0.238889575770469	16
0.106722132223013	0.239586064201795	16
-0.04680042145233	0.121684649485399	22
0.091230199478374	0.238802563572537	22
0.105638152197275	0.236616891927535	36
-0.04583955304387	0.146598450427469	36
0.015826480933721	0.244340090579793	6
0.00984311513555502	0.13662816471509	22
0.0208356737413	0.243534637201503	22
-0.019999275890895	0.274259548466466	6
-0.103286698076602	0.161269049511638	6
0.00776577480851698	0.247140761579	6
-0.022413383762279	0.269624244095062	6
0.110231951294294	0.33135589928841	6
-0.012148408456613	0.260139304530477	6
0.068841423969848	2.07902942982328	255
0.076019509792993	1.51273324881983	33
0.033183641404243	0.765772376092979	33
0.060161576777597	0.654578983045381	33
0.071984520895728	0.330761466070106	33
0.00735115372065798	0.135274683594749	2
-0.01539261461295	0.127553291902266	2
0.123467923555968	0.144259427153249	2
0.122260303690226	0.152639442459793	33
0.031841241054544	0.139971220635325	33
0.078268054492577	0.144484775478661	16
0.048729829729293	0.339161585083394	16
0.069901815131068	0.509809088891457	16
0.00404111368968701	0.341717966376235	16
-0.084935215026334	0.198248301137061	16
-0.061811029842609	0.288594538348125	16
-0.065069722454393	0.228113498545149	121
0.101736409483559	0.316196304967025	36
0.10879721032642	0.240284037176854	6
0.073882525470222	0.145280211081541	22
0.063485403099102	0.343775456776089	22
0.068755480262783	0.541963310432753	22
-0.039729755150995	0.334838820918987	6
-0.013461306664093	0.306912775464097	22
0.004137642824245	0.356762779222698	22
-0.049852566591246	0.399305875117435	6
-0.02444651145149	0.426666794206265	22
0.00238850499103099	0.543780070749489	22
-0.087283809280158	1.58477630752835	255
0.06797533302594	1.49886821970832	33
0.013942015877497	0.729911929650106	33
0.03714120689386	0.567844728411047	33
0.067083216739819	0.325376598344409	33
0.114426361911506	0.324499263433192	33
0.00407865866607299	0.39369085613027	33
0.063213127440335	0.140602346008453	33
-0.102167675257038	0.155848591876097	16
0.044799960564101	0.51080624455594	16
0.073902698697993	0.614446221361024	16
-0.054848966523696	0.16269614976537	16
0.030997845222394	0.139364591079215	16
0.03547455902902	0.138927256850411	22
0.002373885469455	0.133533246512495	22
0.035716153267947	0.141707385956097	36
0.002482413839203	0.134353702802687	121
-0.048412222945528	0.150084057646957	36
-0.044841912987482	0.143502944553844	36
0.014378325073765	0.243366703351245	36
-0.028376454336134	0.351249354117396	22
-0.044529162930294	0.175779220656892	22
0.071266627699296	0.141463382265133	22
-0.063670923177742	0.225775018147359	22
-0.11827036646289	0.242710210301	6
0.111219747601654	0.423702214196448	22
-0.062147830801858	0.238255983537722	6
-0.096694945139085	0.25495585373427	6
0.019440723169944	0.248629246052717	22
0.013983703942049	0.513466111705992	22
-0.00934711781233999	0.274016646348745	22
0.085491551871412	0.32687688503611	22
-0.017538445399502	0.245404395527337	22
0.086086504448509	0.633255243780278	6
0.065280918602941	0.142512851113756	6
0.048640589487035	1.38848719985605	33
0.087109631777533	1.16286619532387	33
-0.032049735119099	0.357208099394287	33
-0.09987841389198	0.169101194012629	2
-0.057852520538329	0.215846422561101	2
0.084875969518754	0.244761271869645	2
0.121223839347075	0.23396348934615	2
-0.038343653372967	0.134440298379553	2
-0.038725758855075	0.125453234032937	33
0.10547647475369	0.236057025614852	33
-0.022257739545489	0.129934327198495	33
0.026406209532141	0.135557679141532	33
-0.087317785409476	0.222432489073682	16
0.021280576225405	0.445659382905162	16
-0.072769998253845	0.221218208116694	16
0.00624686597303698	0.303274476141459	16
0.123038500499796	0.235832763019412	16
-0.036069415891699	0.140678179476896	22
-0.017368474527213	0.13003321707767	22
-0.035623170557953	0.170268874196287	121
0.028578830007935	0.138481328829806	36
0.031103367796262	0.244329328667571	6
0.0291897292007	0.134614876370242	6
0.042566276069034	0.242826190717793	22
-0.116680197578003	0.104027207170822	22
-0.082885699253509	0.215533575408539	22
-0.05345945015079	0.247486037914073	22
-0.049860689049282	0.229774288588355	22
-0.032580563084487	0.311949940118144	22
-0.123256652626634	0.16200230186338	22
0.067678982507412	0.236591050455891	22
0.037836031385123	0.34696048828597	22
0.103169137898272	0.656689703986909	22
-0.077939125631341	0.242789997038488	6
0.015568765616173	0.414677993741229	6
0.05720601289333	1.22111503823807	33
0.123302074602132	0.55748121236606	33
0.108678043231438	0.424013090052404	33
-0.079603591945587	0.291054775540015	33
-0.066629911728097	0.356149382392595	33
0.047008823931562	0.240866884911832	2
-0.045468413742325	0.152964953830524	2
-0.045995393098157	0.151964144403646	2
0.102945311219018	0.232675852148629	2
-0.028766513443579	0.139200278066947	2
-0.00688803571461399	0.265796334533972	2
-0.025542188096826	0.138917861287442	33
0.082732304663805	0.236769267825482	33
0.068086251917874	0.246474740908685	33
0.070618847510805	0.146043074093784	33
0.055289642233265	0.351764964530588	33
0.000817210190384998	0.258887381896238	33
0.036898098759924	0.13874264293642	33
-0.00724755246860301	0.125914026575304	33
-0.026984487884614	0.133101448075759	33
-0.055383567332865	0.116406290948861	16
0.02798151953629	0.13617051110094	16
0.074225900446082	0.228443484665709	22
0.024146721251456	0.414379760646802	121
0.044396344627046	0.235844220137006	121
-0.047795818007064	0.123710743378896	121
0.023139633864222	0.130531004284575	121
-0.036713787305702	0.195208775244107	36
-0.01413976005134	0.132816104566208	6
0.032743448964291	0.133227323468697	22
0.060104830791509	0.135634276136005	22
-0.013919913242471	0.132043390106671	22
0.014574266960622	0.271971284849604	22
0.078654467390274	0.479500740466183	22
-0.101569836612258	0.189631854711247	22
-0.046250063162206	0.244842582685584	22
-0.05403479758762	0.164113714513542	22
-0.063619042744815	0.21479815586267	22
0.028082358217282	0.252042784838797	6
0.081867209107794	0.551112303435513	2
0.103160890487805	0.480773006045347	33
0.00843065911972102	0.250841459122527	33
0.064387640368346	0.591130783542078	33
-0.068915695774253	0.31949174225554	33
-0.00749835447606501	0.344875429629724	2
-0.046760480923329	0.146320810252455	2
-0.038210311430981	0.134418791580435	2
-0.035560944567573	0.15499601131826	33
-0.00420663389703599	0.126081965172109	33
0.118934854066448	0.15088220071932	33
-0.012842033007792	0.132478149113235	33
0.053959984080089	0.353635886086562	16
-0.033795218560404	0.256917386230944	16
-0.063769396981069	0.180473900909372	16
0.034002779464987	0.138978012312184	16
-0.0000154233195160114	0.128964520690671	22
0.089077583043592	0.228057014703889	121
0.078420298219269	0.240539098352987	121
0.037474769834879	0.139416118867153	36
-0.036519778993605	0.126334153556477	36
0.110509879649073	0.331544018445531	36
-0.042925519250045	0.157117839801807	6
0.040280574545712	0.410886613446544	22
-0.063011690803153	0.187635564677106	22
0.036794285180198	0.494792765785975	22
-0.07302512431405	0.232485070385561	22
0.033176508325121	0.333066162788687	22
0.037176072377691	0.371374781681791	22
-0.033871900192026	0.134503205169364	22
0.060224003617844	0.251693927293502	22
-0.037304181081979	0.156813986043303	6
0.025914101137578	1.98660610624613	2
-0.00713366377758001	0.801512798653757	2
-0.038992189747439	0.55493736444926	2
-0.105871929914514	0.329529773133868	2
-0.043476600147692	0.1374973664659	2
-0.017414514669718	0.252446239967826	33
0.119722912657356	0.323114131366557	33
-0.124170070612355	0.0950087875873428	33
0.075367487092364	0.420880134841614	33
-0.031737864380306	0.279520181722176	33
0.052329928531171	0.233648960726055	33
-0.02175869776431	0.127939899318741	33
-0.030193102322557	0.149979457572535	33
-0.107493913497699	0.166227347822553	33
-0.017013303692728	0.309195829060717	33
0.060758578384115	0.422210543432172	16
0.044410139191194	0.426077310722306	16
0.067418911662814	0.247863855769968	22
0.050765236063525	0.234208048767007	121
-0.042460458600831	0.138260637641698	36
-0.096188087431539	0.149457784883162	6
-0.04049620756896	0.361012291610824	6
-0.115854517909412	0.128051190857153	6
-0.039441591643153	0.125783123859529	6
0.089994734231434	0.638271229625381	22
-0.062241711897076	0.189018906370938	6
-0.093894675704791	1.20537900969642	2
-0.017539806995628	0.279515099123079	2
-0.05359655134878	0.174047446963619	2
-0.056929572638329	0.18298406963362	2
-0.041144203535786	0.173215756498671	2
0.017170986542138	0.24700295413002	33
-0.043496414755085	0.129618817217029	33
-0.014711027003721	0.133107453541185	184
-0.120602419986747	0.129079477322131	33
0.044391208094915	0.398955936301438	16
-0.050573662051805	0.147936925555504	22
0.091177302263162	0.508020229055065	6
-0.046761336595218	0.156549197607647	6
-0.049626273535148	0.136721698221378	22
0.072122334273542	0.414758111174341	268
-0.092316419872504	0.169924077290064	22
-0.016698709160749	0.359685007178668	22
-0.105711763617701	0.149337742802769	22
-0.10099236113964	0.204172957475225	22
-0.081500676452138	0.238050850669153	22
-0.052859125029048	0.125718239731936	22
0.00291425558828501	0.370725414562857	22
-0.057176445192715	0.222993893020439	22
0.037928029764446	0.431280432248505	6
0.028079935553274	0.236633617776889	6
-0.082736813224741	1.51497786570769	2
0.050970578481956	0.384234747025518	2
-0.00640878945304399	0.255783762961372	2
-0.037945296256039	0.15699895476743	2
-0.123446460400931	0.100786615268756	184
0.088884192956657	0.489142966190278	33
-0.121190366897964	0.110832419154998	33
-0.043653218699418	0.167289996816053	16
-0.0623294411697	0.149613384330092	22
0.117899265125592	0.304176033972754	22
-0.057243888974396	0.151414189586816	22
-0.00343999387312199	0.231951592387829	36
0.109632788427567	0.424515010594319	6
0.093045661897539	0.42323949778009	6
0.024879277703299	0.353795230291362	6
-0.054248285460293	0.157991700641177	268
-0.101364712410436	0.171073310129164	22
-0.103733726684677	0.154627845256662	22
-0.00437348337459101	0.295382306237044	22
0.12244911139594	0.469593024318711	22
0.00900127727109301	0.358535967549178	22
0.095520126854065	0.424264144576537	22
-0.053230168152185	0.195238413182694	22
-0.121309062070917	0.122307940845144	6
-0.061715030796356	0.221749003568369	2
-0.116172973970192	0.123942309410599	2
0.035441164303686	0.341726528132493	2
0.049450965224781	0.248268466516111	2
0.000143472703326986	0.279782489076929	2
0.065507966595415	0.246334345839249	33
-0.050151784893484	0.164372838726614	33
-0.055305390104513	0.198396087938781	33
-0.056914006297648	0.173473488449862	33
-0.048586083883867	0.159867049494239	33
-0.046199474615679	0.166360747877136	33
0.044639602020009	0.332012578621534	16
-0.051019289195459	0.14212630964087	16
-0.050510759643162	0.148595288982713	16
-0.00762040086873	0.272095809233732	121
-0.120753305347082	0.116231817151876	121
0.119443103392497	0.408733290752815	22
0.110246660695184	0.327111369277233	36
0.048873509692412	0.417884911189199	36
0.068311167623242	0.405638470149234	6
-0.076529313614547	0.234102473887966	22
-0.00324259995880799	0.260245269409594	22
-0.042056557806591	0.227089392463685	22
0.023860032183928	0.13199151334166	22
-0.00506956956062199	0.237815047154166	22
-0.049668764028165	0.156237366585526	6
-0.103980724114003	0.785582076379496	2
-0.122308925877817	0.396077962814897	2
0.084944666673051	0.406268155810861	2
-0.107242401214804	0.118781338910047	2
-0.11655535686017	0.123643046028287	2
0.048962698825445	0.240778258457882	2
-0.05413993431556	0.15544307167299	2
0.087039378026205	0.236123846779177	33
-0.014694669532066	0.277231024098673	2
-0.042399478661948	0.129760472043652	33
-0.031723392931633	0.161469511233513	33
0.068782282719432	0.24599656337978	33
0.112140051964415	0.482281523465596	33
-0.041085107371576	0.155655555418654	33
0.010332483032311	0.37202143839441	16
-0.044754183217186	0.127519843730605	16
0.035330534503173	0.243865072152989	16
-0.051234263275243	0.156155149508284	22
0.092259433378501	0.239585240689233	22
-0.050510759643162	0.148595288982713	22
-0.100556877716173	0.215957913495099	121
-0.048710028782122	0.259369715743953	121
0.071171120492141	0.344594277860897	121
-0.037305477596036	0.147794353789835	22
-0.047865897856375	0.188537630458712	36
-0.098399822388874	0.183616548818661	6
0.037102025946711	0.23879491062091	22
0.096018890460837	0.413723237826672	22
0.053333278749943	0.443373613096206	22
-0.082120665467803	0.201525115023356	22
-0.021147580825271	0.363326188443058	22
0.017865566267629	0.356798821295312	22
0.012726554909996	0.366619710533898	6
-0.039799404067194	0.154458517590653	6
-0.071115531298951	0.238168814369155	6
-0.089243732799803	1.16099174639724	2
0.020893400074607	0.401410021254719	2
0.036505302792381	0.348032266141437	2
-0.080678730502032	0.24170516184249	2
0.019996736174669	0.33006759167147	2
-0.00658663922364	0.301879069522347	2
-0.061827509124105	0.180287962245395	2
-0.100157648435196	0.136533479554073	2
0.051742296985254	0.245207350750433	2
0.014127468399917	0.256453932982009	2
-0.043106569002572	0.165674372223267	33
-0.038839169847647	0.163016573804693	33
0.024791389099762	0.247835624978909	33
0.016496380032247	0.241087133568084	33
0.04011503043271	0.236121445634372	33
0.10753301681444	0.326143291703866	33
-0.055452617203566	0.184875777209089	33
-0.043734254273183	0.149654326406245	33
-0.050063363484539	0.194833452442077	33
-0.00436355987930701	0.256870914296781	16
-0.119442229447615	0.111081895654073	16
0.044748187532759	0.248107831456631	16
0.034192647975361	0.25139143292475	16
-0.065636807331818	0.150167805638645	16
0.08494537257848	0.310571770421225	22
0.048111191950856	0.24614016224241	22
0.086589293148892	0.423065702361795	22
-0.112342422530225	0.129054951756921	121
0.017687161421693	0.243419885890583	22
0.019825482475888	0.24402159575221	22
-0.119983380465045	0.126130203561684	36
-0.118982573121053	0.09981152295685	36
-0.056899851621635	0.214390719440326	36
0.107181952936966	0.447691821017039	22
0.087944635637209	0.486641159731723	22
-0.00432281282706701	0.283733393300401	22
-0.056651276304534	0.188208995229598	22
-0.011572211230215	0.2851671208342	22
0.041678132934608	0.331032869899178	6
0.00303156776236602	0.45462754996848	2
0.115107997970011	0.556052303396949	2
-0.014025098099044	0.297936701243591	2
-0.058437255856101	0.190804391381545	2
-0.046142418726398	0.242116345246074	2
-0.097350872847493	0.149122306963116	2
0.00304539872040399	0.262191299209968	33
-0.045460651528822	0.244928749724641	2
-0.048830246375151	0.218707867399278	33
-0.09242495905784	0.170895004031438	33
-0.108070810734345	0.134215220575367	33
0.118457094532191	0.433760414940504	33
0.043743091465861	0.349566984807289	33
-0.050923783769094	0.18014819039778	16
0.037643507081586	0.241083662967804	16
0.00907841657008801	0.297374740886782	22
-0.10553614044105	0.145902283691166	22
-0.006662964896437	0.249541398086991	22
0.073856326517006	0.337155182117879	22
-0.052221658459428	0.185969595947418	22
-0.058008561616422	0.24161472583942	22
0.02857418470899	0.337729127460313	36
0.054166388170551	0.459463584408612	36
0.00395052535142298	0.300320753507152	36
0.00601706790736001	0.249267427883063	6
0.116166319538666	0.489783367634227	36
-0.118297557759909	0.140230985639253	6
0.079087572134246	0.406336106641932	22
0.016389063071493	0.352639887800562	22
0.103571612703562	0.511989862892229	22
-0.004133200547072	0.310934338800647	22
-0.050269885248994	0.154686180105429	268
-0.096040240413231	0.166114821427204	6
-0.046484672880709	1.59055401756363	2
0.028408738187769	0.548094207972694	2
-0.057165425063485	0.239584424931588	2
0.038097396169359	0.360462410390155	2
-0.055641651174359	0.243276398337949	2
-0.055706199309137	0.221169446802738	2
0.073330400235596	0.41770205348286	2
-0.081650012766482	0.198793945828782	33
0.069222517622691	0.440586864088564	33
-0.091631022015689	0.175924355671136	2
-0.107807382735982	0.136680756515994	33
-0.015905059152135	0.280769800529742	33
-0.05443902324272	0.228052967734481	33
-0.104036942891477	0.167825587521622	33
-0.111543588643049	0.157976698382869	33
0.029967523772608	0.330802012831347	33
-0.097442592184087	0.150013770000952	33
-0.012161428361639	0.265654787659192	33
0.00117806466116899	0.281562658467775	33
-0.107175743230092	0.142078108293795	16
-0.101880625536489	0.173953527688677	16
0.034825517033643	0.335862160125836	22
-0.10377080352187	0.153100803741354	22
0.00203302169432301	0.276466372865944	22
0.087793500871684	0.41999560559343	22
0.104085018082181	0.492877986803769	22
-0.01394390134346	0.262014685760421	22
0.049133159230255	0.412342721283441	22
-0.106816593256715	0.180717125217806	22
-0.047262575432921	0.259337349915294	22
-0.093217435954739	0.185694882536786	22
-0.065464561289026	0.226228957838406	22
0.10690377856971	0.548759494463133	36
0.09686495621458	0.417369803062017	36
-0.099104635164776	0.166136276177964	22
-0.064945643485763	0.224125954957933	22
-0.101310574893493	0.160089569982232	22
-0.045609491532305	0.13583755357455	268
0.033846094866861	0.248192080153909	22
0.115971173193002	0.486231047248583	22
0.026684958138841	0.242119063739375	22
0.094630566837702	0.425441568363601	22
0.045000113341205	0.322110264383398	22
0.099646999862828	0.501214080456782	6
-0.059236283521706	0.221254147539611	6
-0.079290537221681	1.51218933915151	2
0.103345198973906	0.890458248676789	2
-0.106943818087997	0.257902990390358	2
-0.064599725689689	0.352226996281917	2
-0.073737026295062	0.278698439836584	2
-0.101611594594581	0.222174686492057	2
-0.036140439758162	0.340637214412553	2
0.094032310163859	0.605714501659411	33
0.078582759361008	0.528356250033251	2
0.057043169652542	0.427740842330104	33
-0.058631641354975	0.233988298960827	33
-0.099579073723708	0.189073520848216	33
-0.04775085582006	0.238012237492717	33
0.102637579478613	0.232260869822232	262
-0.073164935433318	0.244503495056069	16
-0.023372824373588	0.267443486697123	22
-0.038834739043499	0.296964996164222	22
0.098154455426264	0.513087988389805	22
0.054896174912833	0.385149847334765	22
-0.027258206487755	0.251464915766098	22
-0.093532048567093	0.218176544976753	22
0.121914155273635	0.618865863374869	22
0.00977707119524202	0.395444548544249	22
-0.00781484686262299	0.234853859155695	36
-0.012997949897142	0.241393476440993	36
-0.005358823112802	0.309524431895639	36
0.05943495749777	0.33437877467702	36
0.016781008231222	0.422095753201701	22
-0.08939486641661	0.207248627947169	22
0.120863790675061	0.536994240865059	22
0.00224712540036798	0.27119087665164	22
-0.105691090907389	0.132873608923719	22
0.083816840723715	0.226738928760297	22
-0.064048726018668	0.195483810719106	22
-0.104962843681269	0.136300847981985	22
-0.03450747960816	0.127265294031869	6
-0.107952532799703	0.128155442339673	6
-0.051277098759545	0.468512965961815	2
-0.049257114651595	0.462743924781925	2
0.035807619008365	0.693585066650467	2
0.109972647900534	0.615634971691199	2
0.047400189725381	0.523270783223825	2
0.082068007004123	0.620161555490259	2
-0.086582034286128	0.25635183559687	2
0.00156012943106298	0.447112829468383	2
0.053003678898879	0.556776755395486	33
0.068827399853349	0.431556215627093	33
0.048779686804425	0.453575460792207	33
-0.063317967277204	0.169748991755153	33
0.086209413929083	0.551891787477244	33
0.086210172926786	0.49205365977726	33
0.118442805239849	0.522921709366719	2
-0.034752940312131	0.278228522373443	33
0.029128185417264	0.382428806267001	33
0.00302189121218199	0.248007652194605	33
-0.056828398919188	0.19188361409588	33
0.04876279564794	0.403724523617077	33
0.086532532022572	0.331280407068979	33
0.083829398544285	0.243275397450022	262
0.062804849871248	0.23337815325863	262
0.111363455290047	0.380929132666955	262
-0.049342295155145	0.200135800820341	262
0.055132574692035	0.42141213228587	22
-0.098406357147729	0.19038234315013	22
-0.066205185696278	0.221200238014963	22
0.120146428485559	0.601347633924118	22
-0.1232726385468	0.180311278349638	22
0.123999920925687	0.656234870643859	22
-0.109754171706191	0.178768907396747	36
-0.041009836788282	0.290275026626816	36
0.05149664111311	0.419531255422837	36
0.094759204754386	0.593456563184106	22
-0.034525308117109	0.304880745051117	22
0.017917351269891	0.451219012677398	22
0.058163241169304	0.527356074389373	22
0.044699523013085	0.248197955055319	22
0.024425371154397	0.234748134785326	22
0.086857922875197	0.245681514023324	22
-0.036141889200856	0.135954554417956	22
-0.031778144934499	0.127847303706361	22
0.039000853582687	0.227776919589732	22
-0.077162858413119	0.260075142652935	6
-0.091036026812477	0.226210069344551	6
0.094041010788836	0.57415334537474	6
0.011641468477713	0.351689703150624	6
-0.010413139714439	0.699090116995952	2
-0.091641548491661	0.359086067334653	2
0.001512992811533	0.640135775781739	2
-0.054314187555979	0.480328421146856	2
-0.060537963987161	0.439509059390197	2
-0.115983582963633	0.216457509988291	2
0.024654493925411	0.484441713417791	33
-0.109852187988352	0.212937752519305	33
-0.092226432004187	0.206550347177129	33
-0.087728275255335	0.207380372387329	33
0.077872681204188	0.566638558316354	33
-0.096365789075558	0.206637995659866	33
-0.112028172727632	0.152143033094326	33
-0.073507297117465	0.217087370739432	33
0.000344197086230014	0.367369722940877	33
0.067625475069956	0.473303668666366	2
0.013742556824454	0.38330912320432	2
0.031691986849201	0.384268532468279	33
-0.045212932161328	0.288012871868011	33
-0.053273913578073	0.298161379268454	33
-0.076789279518014	0.23444035883165	33
0.073535758168462	0.32555027205252	33
0.064051062413044	0.373218458058699	33
-0.052949320493261	0.229222893990319	33
-0.007084425840892	0.242750402719848	262
-0.027617299234052	0.13909577558848	262
-0.013776909517779	0.133163701919825	262
0.0894771651596	0.569017768872148	22
0.01004868096615	0.409084729008903	22
-0.075690490500615	0.248244284982144	22
-0.088535094858174	0.190939959344353	22
0.034482371231638	0.404644906369541	22
-0.096744311329576	0.155070840035719	22
0.020419209719846	0.40792767804497	22
-0.067957247642837	0.254520338747196	22
-0.064877277063321	0.291406614189873	22
-0.091616540915815	0.185213636750595	36
-0.080616568544381	0.22411767539755	36
-0.112384857656472	0.197285817612839	6
0.097534741480153	0.630197413368561	22
-0.039594642909936	0.311481378136813	22
-0.033523921785654	0.159511530600184	22
-0.048917407576068	0.136492537186295	22
-0.037209903741583	0.159211170853172	22
-0.020542474038263	0.126672539326926	22
-0.108589795516128	0.233072314989135	6
0.05840231501845	0.336806534476496	6
-0.036514466963277	0.573232621702247	2
-0.093991537168168	0.344237676489271	2
-0.050741236032661	0.385606332011614	2
0.120413836159439	0.90131159870136	2
0.122198302187024	0.668419738486798	2
0.074116317414473	0.559834409721444	33
-0.071773164169248	0.249248019307447	33
0.087898557324411	0.595321492423005	33
-0.020178746403163	0.370218219683974	33
0.08959807344596	0.519344106593574	33
-0.036088708384658	0.291463617167653	33
0.019840350496374	0.440303132435613	33
-0.00745789600464999	0.409962817837692	33
-0.106901739528238	0.168868354958815	33
0.120418281927359	0.607953317345825	33
-0.00867322922574501	0.378406367281725	33
-0.077711515412228	0.24312775659298	2
-0.00148744280274801	0.429023957285517	33
0.098250768114183	0.563939049793266	33
0.078244006467261	0.501600128478887	33
-0.057299135424698	0.261628941610055	33
0.00904588065531497	0.2466367792695	262
-0.076033796798023	0.213173399820641	22
-0.101494706158976	0.195381306821914	22
-0.051876516804504	0.285537654433728	22
0.124119010214073	0.505836161197017	22
0.041721257969594	0.427676604682538	22
-0.026269612207247	0.293993412758042	22
0.067822053476968	0.388247613762704	22
-0.04850012597357	0.170566893488453	22
0.086089431050586	0.322907117676646	22
0.058650750454895	0.431896504515513	22
-0.055223325585857	0.275672938639713	22
-0.014082894969794	0.389926985458785	22
0.053320801630121	0.599008037347078	22
0.099991971161834	0.489821915274404	36
-0.05011278691385	0.219896972681523	36
0.112598098649129	0.697598844761695	22
-0.094580328131588	0.239165109276147	22
-0.009485354606033	0.335750552733471	22
-0.074259194591329	0.254331176838864	22
-0.057339745628285	0.187909404900004	268
0.120461173576423	0.150279403303369	268
0.070618847510805	0.146043074093784	22
-0.029848198135285	0.137606248549869	22
0.031549166909572	0.319229110608635	22
0.00529036164248198	0.135386127988915	22
-0.019242693983554	0.131069798602658	22
-0.116302980537548	0.208602094047886	6
0.045325000614999	0.556380683105512	6
-0.109932497484478	0.330697836240759	2
-0.017331508739988	0.667733598389013	2
-0.091522427464287	0.250246679701496	2
-0.113145156792921	0.249874158886527	2
0.00262510631018598	0.50348213004453	2
-0.123784635933928	0.233216318818685	2
0.082074447260381	0.697044577574179	2
-0.107824933522463	0.239094455248748	2
0.050829980659638	0.559349903147863	2
-0.047804442986856	0.334601309189965	2
0.093502598730019	0.683161018778081	33
0.103258561744746	0.63298609531192	33
0.035189792282562	0.518092406964952	33
0.054699897431647	0.49833802385532	33
0.069977854506316	0.468583891861794	33
-0.087998961540703	0.230267637767149	33
-0.08058102293597	0.212147121590681	33
0.052433940586052	0.464996267361706	2
-0.035096553825452	0.295838943893188	2
-0.0830526417512	0.258938033421464	2
-0.103551172828295	0.211152189179644	2
0.00680161998491202	0.410749361474901	2
-0.046365896060905	0.333491320050393	33
-0.00554460708428201	0.384556269252094	22
-0.104547721161692	0.215159815330456	22
0.028196604879654	0.407511179642827	22
0.111591837593116	0.596401495314046	22
-0.064107886423928	0.251088567416256	16
-0.007901052135313	0.353055828922017	22
-0.05896159950163	0.242816057214479	22
0.042087128147004	0.475768831695114	22
0.049669196666479	0.32041732024203	22
-0.036886034225572	0.194925740914542	22
0.117693900292225	0.55392826601896	22
0.115037053025492	0.727599615999397	22
0.063419252419514	0.589720889284598	22
0.103856462531266	0.699466752328773	22
0.091788240882672	0.535181176156554	36
-0.037074840336389	0.250939243962386	36
0.03487738976111	0.364393846419072	36
0.034825740896443	0.522112659952593	22
0.000307219466708975	0.347522280979014	22
0.097859720468806	0.480805206826012	22
-0.07693790443256	0.227075639488359	22
-0.111957262930558	0.203981598958654	6
-0.042682223917482	0.192967307182109	6
0.074944515072302	1.49223916441306	2
0.00837127834346302	0.819542003795471	2
0.023266536469623	0.903984800666484	2
-0.111728834719556	0.26471203873266	2
-0.00191684611930701	0.465031712467063	2
-0.059338730699029	0.318549012887853	2
-0.08004810827053	0.245320707651784	33
-0.11582039041978	0.207814678464385	33
-0.075227029386001	0.259284972759649	33
-0.006335417149295	0.370600664451752	33
0.102619314242972	0.595927960836154	33
0.043136683133471	0.3293279008371	33
-0.110325320778869	0.144782177519735	33
0.022668023969347	0.407333886471465	2
0.016712715141968	0.408176960643809	2
0.060684000459905	0.479752766197501	2
0.102952487082402	0.57116623858152	2
-0.01020236533595	0.287209230591835	33
-0.062316404720061	0.229569081655649	33
0.113272986067879	0.33407114322229	262
0.08905015293072	0.573589033938698	22
0.098892519088974	0.596139417879582	22
-0.056134336752786	0.23058336014719	22
0.022683046836038	0.430535080627389	22
-0.118149534867191	0.168172234300408	22
-0.109357682696457	0.167820718017344	22
-0.038362085959661	0.169240310243178	22
-0.06796819386861	0.230729548613054	22
-0.056061230321777	0.28636283335179	22
-0.012727622191418	0.247712331325974	36
0.00730986545439699	0.371116868159882	36
-0.061560603648507	0.213961927350621	36
-0.057100408264047	0.328084647935599	22
-0.107044655487262	0.178825847343594	6
-0.034289481033641	0.380478696073734	22
-0.037272533802185	0.15221861064799	22
-0.064292194206021	0.196683266788719	6
0.123992624803739	1.6890126903652	2
-0.031751994930033	0.69935672043711	2
-0.092587695261219	0.45048048971241	2
-0.119533814563694	0.310665380981469	2
0.063931538499182	0.89373654200088	2
-0.019085903640097	0.537494783327943	2
0.122990980855942	0.923637322193064	33
-0.119407778602908	0.227037447939631	2
0.018277845812553	0.507495074441968	33
-0.03943935544556	0.321467098208035	33
0.099638307559834	0.623398592568319	33
-0.073931333980736	0.200254916729069	33
0.048918515626871	0.54058719176535	33
0.066298218495625	0.554369950126901	2
0.11794144628007	0.598963461068517	2
-0.046829307923796	0.188663984791598	33
-0.046743096689275	0.249210140880863	33
-0.034449064921866	0.300883275608486	33
0.033045809996183	0.256191473162558	262
0.061835232600297	0.452788721356275	16
0.11494146015655	0.617944533594449	22
-0.093636883681526	0.191622073037768	22
-0.068965928053862	0.267339411408008	22
-0.031441951106677	0.318501297548232	22
0.015176850157517	0.392756560866659	22
-0.115371012607332	0.135531400666448	22
-0.059251010464465	0.269001520871986	22
0.046898308388674	0.425763099951969	22
-0.030581387688851	0.264637372992447	22
-0.04325771191672	0.167066122316508	22
0.036720499008676	0.357186740030692	22
0.044456337276273	0.43169700214351	22
-0.10390225945573	0.210462812513368	22
-0.092943374557333	0.235710145047574	22
-0.048363259317603	0.160117137680972	36
-0.00308510861293901	0.295563368359128	36
0.055519495456078	0.442084016834456	36
0.021598731622307	0.32404996335251	36
0.075942155873514	0.630651477281071	22
-0.024431765007439	0.336793497562114	22
0.01766536882242	0.428788276317309	22
-0.032116592421405	0.284517981774544	22
-0.064149227487832	0.182272303500113	22
0.0196395022873	0.128191766811556	22
-0.033228014786059	0.129817682031759	22
-0.015678853264191	0.131357738141133	147
-0.03033353416851	0.728125791282755	2
-0.084622334114448	0.463870841708834	2
0.00658061293852802	0.609255740513587	33
-0.022078630509746	0.427988149647423	33
-0.11971806058379	0.206229780196471	33
-0.035323729852933	0.438089026839157	33
0.036947712824247	0.38662831447864	33
0.041133410987107	0.50765310904652	33
-0.04007611498654	0.335433804901089	33
-0.015827949475927	0.273282651855484	33
-0.074864766266598	0.227397417732332	33
0.07727635212799	0.560584761802662	33
-0.024642352556884	0.361494041438122	33
-0.069002606973375	0.270239655950252	33
-0.10377156447355	0.219323603713594	33
0.012281714695374	0.452492776551967	33
0.111240711560819	0.37586279723036	33
-0.1116638594792	0.144219933122626	2
0.103735632049914	0.320747485243452	262
-0.099274230807625	0.204508639025901	22
-0.033771501139805	0.316163032652073	22
0.031586021451686	0.429783540001267	22
0.016012521963982	0.444791254184894	22
0.051862183607387	0.449917687468981	22
0.04292224112447	0.417079865364848	22
-0.10044669407184	0.143690662123801	22
-0.107110701004565	0.12354084432896	22
-0.057570023886275	0.200293335271866	22
0.058426385702314	0.452097896284406	22
-0.053631414302757	0.237279918651198	22
-0.124606100323399	0.176906344564093	22
-0.025804261174084	0.340995896358865	22
0.012349143887441	0.404451463715604	22
0.063478964099643	0.247217842236643	36
-0.078306540930039	0.281312842888086	6
-0.10033789874766	0.241459983505158	22
0.100158476228273	0.538784501096767	22
0.108247545311694	0.791295538628843	22
0.03868333953049	0.139431473883451	22
0.059854701851259	0.237018118800428	147
0.030643059861887	0.137368181403208	22
0.046046297403775	0.24459888209526	22
-0.058424780432521	0.338159822674288	6
-0.030788681467902	0.400413369591889	6
-0.077589574510856	0.271242962801232	6
-0.042345792685513	1.77952172387804	2
-0.097244680649768	0.37385895716816	2
0.069660357131473	0.669569812940034	33
0.096831893899081	0.711100595904272	33
-0.011581445420756	0.42166115852969	33
-0.049798407026606	0.347854495062026	33
-0.015253845826935	0.368750188804414	33
-0.04822646997151	0.319867932475176	33
-0.061954908222501	0.266183615716076	33
0.011881684301681	0.377617256422192	33
0.034079300788177	0.40271739367318	33
0.00191479449415599	0.248805688307786	33
-0.061865245932082	0.217518443716544	2
0.085510865228868	0.423482728188943	262
0.116816831582409	0.46921791163449	262
0.074159095345835	0.480767692267688	262
-0.050331063900036	0.245656328089986	262
0.087840998656794	0.426314081876451	22
0.09685998499615	0.490911667215439	22
-0.0910463904403	0.193084995558319	22
0.086326640782373	0.478590392158332	16
0.059414821458249	0.339104465596528	22
-0.050133491292949	0.256971382822111	22
-0.025214643182165	0.292916034034237	22
0.03819438999334	0.406275324723751	22
0.010284719627343	0.391813577424238	22
-0.086874194001651	0.214973667098866	22
-0.029959516341972	0.34068149102436	22
-0.087448342700192	0.194831993730656	36
-0.097657218261689	0.185757941486634	6
-0.099885632004985	0.197649846910513	6
0.00419437460063998	0.344890083675835	22
0.117794522706918	0.5572729510643	22
-0.08373037806004	0.239435992902558	22
0.058850302420335	0.541172164324276	22
-0.042313514195877	0.228759764389071	22
-0.036838746461045	0.173455963680747	147
-0.052572242156136	0.219512368369969	147
0.091515566951096	0.316116444007344	22
0.01856845773621	0.223287203604848	22
-0.079066402132563	0.263280155569782	6
0.030270625416428	0.489749140385154	6
0.044073410302939	0.512393850899115	6
0.108654220507098	0.785582476159803	6
-0.039760999631047	2.26987090064845	2
-0.026588233914718	0.332868625337766	33
0.014219398701295	0.375369105266355	33
-0.046530279054721	0.212348284482889	33
-0.054166432974544	0.171235908285525	2
0.099558403868228	0.570596641791109	2
0.031380460224136	0.414713014051323	262
0.078017598425493	0.508756845616877	262
-0.026775711075814	0.288421936309353	262
-0.067667788285228	0.22005780594457	16
-0.04739245576175	0.258582095400192	22
-0.113026167762302	0.141166959737374	16
0.104650208662112	0.621054928235563	22
-0.108321881507284	0.179621318932622	22
0.016953863656932	0.379780493441691	22
0.123678927090828	0.54868679255977	22
0.073463799453953	0.47594222295951	22
-0.031287488930088	0.359063790559381	22
0.060592107090194	0.48511739041891	22
-0.120880696404736	0.184764878930083	22
0.087483073999306	0.583076801908196	36
-0.046158215890802	0.225257213312974	6
0.105323379412597	0.472708440038141	6
-0.069656447818951	0.318422024659276	6
0.00358767449370601	0.506716917831822	6
0.070344638652896	0.503273786682847	6
-0.041694292043785	0.228133172007807	22
-0.006183204290024	0.291515316179084	22
-0.093184799887284	0.229908556289294	22
-0.056969840705066	0.237753843671171	22
-0.122004662464018	0.169553482811297	6
0.092355825459938	0.328261224869988	22
-0.043505572045973	0.170035790650604	22
-0.022737013657598	0.486445839892677	150
-0.120000575599277	0.255270370733338	150
-0.041200606608118	0.375371600276211	2
-0.016114177596069	0.381593049784662	2
-0.104723185154814	0.197553103050862	33
-0.075508280349914	0.261775300186249	33
0.060452984390675	0.526244576250258	33
0.091511338330458	0.556757342815631	2
-0.100680801861654	0.2116969826611	2
-0.05492333528817	0.260606057413055	2
0.08813362549167	0.322117588954425	2
-0.006900284546595	0.28556398383202	2
-0.041258379403434	0.295553346769255	22
0.113034523393024	0.542472266403934	22
0.039657828037734	0.427461303751249	16
-0.051505937083039	0.166228042741677	22
0.099900631431378	0.420497692494565	22
-0.033596260583374	0.303020209905127	22
-0.001453320255176	0.44025187141487	22
-0.12470946211804	0.170795047927696	22
-0.117601429177908	0.177484153423452	22
-0.023373607523343	0.335766381574819	22
0.059595630456771	0.244198859998107	36
0.048546159812343	0.22614894020211	36
-0.084716248572356	0.262344798864556	6
-0.021950650573742	0.353046013417452	22
-0.067513554997117	0.280458620401984	6
0.0000266930854569969	0.344918866335529	22
-0.118892411102087	0.124909296117258	22
-0.107226775859816	0.152628547758379	22
-0.037196039323391	0.142537403192891	6
0.080170675551066	0.856880344650075	150
-0.096091828675757	0.25752137842524	2
-0.049174818521664	0.345841662933078	150
-0.051048099660708	0.31276501908091	2
0.00261434926478998	0.446961145333977	2
-0.026179384958459	0.376107849736025	2
-0.047099888786806	0.28711597275649	2
-0.086655926587703	0.214840083571217	2
-0.09670627861899	0.233667236521623	2
0.00334554958177502	0.386397584229276	2
0.103356097497982	0.231266922848008	262
0.102603672045603	0.62848774755102	16
0.124785792203601	0.553598344815426	22
0.00348497123066299	0.357896241156231	22
0.060322267400599	0.315768785367109	22
0.027466864389462	0.446755894481773	22
-0.09430452400364	0.187294086664913	22
0.044672350201988	0.540539180527515	22
-0.100721618656864	0.209635325541747	22
0.115370529825878	0.493153471789201	36
-0.017124992614692	0.338582375360743	36
-0.041386021545301	0.297132865884769	36
-0.019201260030244	0.362117979278664	6
-0.00162451914051001	0.132750589623495	6
-0.103762628899791	0.240959340937873	6
0.028246932171127	0.549763724335092	6
-0.096367314617958	0.24676604310936	6
0.025324436964798	0.864504329576556	150
-0.048721576077135	0.467790160576352	150
0.038680491951578	0.788298682269925	150
-0.109165371694286	0.279548405992705	150
-0.080492799163604	0.341727202273088	150
0.069304442606018	0.577071113947724	150
0.104509673479934	0.754505666150078	2
-0.110332897573214	0.221443688510111	2
0.079686510994786	0.635006544220025	2
0.121785692288851	0.735669868261953	2
-0.00623559549703201	0.413291515348517	2
-0.00137557537913199	0.256223301522635	2
-0.019381587391156	0.286938904280791	2
-0.063855367661424	0.243462800069923	2
-0.02340893313865	0.128999092430783	262
0.096175819882136	0.494073162513994	22
0.089458514256489	0.522375245881468	22
0.02491673665328	0.401138020319931	22
0.099627727757892	0.412121795630243	22
-0.024754279437205	0.230844483870517	22
-0.049548570344671	0.306460776466591	22
-0.027339183699376	0.379014878309189	22
-0.083417046230477	0.245219932451413	22
0.066390047184251	0.560504058362402	22
0.018998893122692	0.43393643043949	22
0.088044206456951	0.643176208068985	36
0.104958487825918	0.335119987874504	36
0.013411227979478	0.241205948560947	36
0.061021758523874	0.423638814395472	36
-0.081134383426701	0.26555936594353	6
-0.04404963803398	0.356297741509448	6
0.102376011107536	0.604110244042564	6
-0.012199612911989	0.396074408335494	6
-0.020804431123829	0.358212646970294	6
0.008873055346793	0.333651237080839	6
0.118602726769173	0.720501819804994	6
-0.00774761167999299	0.285595386483251	6
-0.115355240845528	0.107999906356236	6
-0.089935392767071	0.25482931792237	6
-0.089999614923264	0.232076282830665	6
-0.07563194110535	0.477734033140466	150
-0.094337587099225	0.338331983967278	150
-0.059343951597818	0.419361292284777	150
-0.095375964941198	0.328378631081891	150
-0.061376797206943	0.341474950493293	150
0.070392138576383	0.687416501896121	150
0.027639189993329	0.534920020875897	150
0.043450151472962	0.521777772137582	150
-0.115903849707775	0.202519135350618	2
-0.080858606803261	0.306295453486384	2
-0.006799917866188	0.398587707554658	2
-0.072800630859042	0.191168404192041	2
0.101680026716376	0.495362666828388	2
-0.035718479797014	0.350870599682106	2
-0.06714267597102	0.17994779238926	2
-0.041381325162662	0.132391435330535	262
-0.083671985419804	0.211103421965846	22
-0.115364624773167	0.16767499700706	22
-0.057735378977762	0.260822496816533	22
-0.095111935945854	0.197902772247462	22
0.00129045274242301	0.350856560590756	22
-0.04867995122823	0.153755018919384	22
0.026457509384836	0.371272298683658	22
0.048081228038579	0.550077662728171	22
0.033194380764175	0.376329769945754	36
0.090989933279947	0.530427711292582	36
-0.093479780453553	0.183931973788784	36
-0.00728464531392301	0.423142966141282	6
-0.071709652887541	0.28680059622562	6
0.087401218269778	0.617641375256485	6
-0.071343269297085	0.262649467305249	6
-0.056509197575286	0.18011014019054	6
0.024424604584813	0.22817143849583	6
0.074716364024185	0.145013261379036	22
-0.005188384250953	0.126126205668917	6
0.034569999948476	0.413137322891386	6
0.036180618012123	0.524038769965519	6
-0.055087351699123	0.567580603004117	150
0.066120401934233	1.1614456840436	150
-0.034442952093328	0.690594999012501	150
-0.120540254723731	0.287233966192384	150
0.121583146874772	0.997321003737601	150
0.095123981541437	0.952628324741868	150
-0.037156562886095	0.399558054193926	150
-0.069686734558243	0.280425318546977	150
-0.077676367166067	0.28924670200278	150
0.095357039228445	0.673711838543071	150
0.052372061117833	0.57146220480666	2
0.10966471924848	0.611193713717261	2
0.060150633426166	0.614211856692058	2
0.099930241317667	0.652035949459059	2
-0.054046108909551	0.191832661157749	2
-0.059378860433511	0.230195122462443	2
-0.07112617973281	0.230459381984101	2
0.058673355506181	0.484634504158314	22
0.02049387990816	0.402288765455773	22
0.110265398067864	0.60633415197685	22
0.070034508923457	0.428752324141956	22
0.049350754762935	0.476199243155335	22
-0.113364027281347	0.139426740970103	22
-0.068064495465659	0.233002190811148	22
-0.057456988029333	0.203091701462454	22
-0.102321562309077	0.189758603747104	22
0.021549215202396	0.44656835311395	22
-0.056851071032208	0.320691399680518	22
0.062847162495695	0.532690051671521	22
-0.00764848096472801	0.357883479903808	36
-0.113397109897298	0.16418002144574	36
-0.011711636647437	0.294242527449758	36
-0.041086559036958	0.351230839681959	6
0.044305938873147	0.533311393825888	6
-0.082056534036807	0.262510024540594	6
-0.078971877941507	0.23995506880078	6
0.080373033736521	0.345258489585307	6
0.066091535308612	0.139464325974592	6
-0.090182924687678	0.248666494400069	6
-0.094801864759262	0.236541024423626	6
0.041551597931276	0.89017425294357	150
0.002670303550803	0.709686212285337	150
-0.073607566252171	0.409097221982449	150
-0.007095750859381	0.552760991806364	150
0.045530238185913	0.66182188755518	150
-0.055808233404272	0.334608534341898	2
0.10959421106799	0.76146442324596	2
0.039645793219159	0.620117749742774	2
-0.017675371800592	0.42665589285848	2
0.050931790897337	0.618059710166322	2
-0.030449160432294	0.381697009203801	2
0.086665604316896	0.4787023138717	2
0.113934487861954	0.531691866590232	2
-0.120297854033089	0.177171427753912	22
0.017068022363745	0.409104509879563	22
0.119815355337858	0.665184777470518	22
0.0721038736172	0.574517695944372	22
-0.106252748243141	0.157933516367291	16
0.124824948585933	0.536668312085426	22
-0.039162461566128	0.15059910094316	22
-0.063318293377606	0.16842791198263	22
0.076677254739256	0.661626993797129	22
0.011856859207654	0.454973131663367	22
-0.065428663353794	0.223053830757681	36
0.054281450243679	0.238432314385058	36
-0.058138842063592	0.211288484036413	36
-0.033433692982549	0.292151642666153	36
0.063931159221826	0.635886347886243	6
0.06918505596347	0.587265477309152	6
-0.09248075593596	0.260899825617705	6
0.074311704827621	0.23508103967719	6
-0.067351693572026	0.332008228783343	6
-0.096973956357495	0.252240657560927	6
0.122951004809682	2.40838443651531	150
-0.123893073902233	0.383085079352462	150
0.091256571492198	1.54894003296299	150
-0.047430657536873	0.574653844016328	150
0.088287764201712	0.948423875496442	150
0.024540556642342	0.608989962544368	150
-0.119724332466291	0.230168344447566	150
0.105261074493926	0.846327005072617	150
0.064610000974197	0.659564683688513	150
0.0282838576595	0.540432706898026	150
-0.091280591026069	0.277403890906926	2
-0.097915414599902	0.235656436549507	2
-0.061542048951144	0.301085939600141	2
-0.100904935037124	0.228136203396047	2
0.064888130605435	0.597867061066105	2
-0.027819559266501	0.375512759359273	2
0.035556051485434	0.517030827956152	2
-0.116374322742037	0.176376348326188	2
0.00912264388927603	0.363888672920799	2
-0.00162451914051001	0.132750589623495	2
-0.123094560804331	0.0916587197917712	2
-0.063836031208545	0.274626417420147	22
-0.047801242267245	0.300864608072219	22
-0.056200129248795	0.263947663822237	22
-0.050719304006115	0.298969085585716	22
0.029354462851914	0.399478041523228	22
-0.08096936596063	0.25142794048011	22
0.00381920551696202	0.246440194875218	22
-0.045758822371563	0.297882979561501	22
-0.031985363365745	0.376843343971082	22
0.025825727699456	0.503854833688299	36
-0.065554710636455	0.204673863456107	36
-0.045758745132965	0.361958238014545	6
-0.075078923069235	0.297987559927066	6
-0.046579871152252	0.325937885884501	6
0.101107774199275	0.313005715062819	6
0.090153624967144	0.31469932921485	6
-0.067116981710657	0.148903731080859	6
-0.102545764060757	0.170233269540279	6
-0.056129678984552	0.174948859860866	6
-0.101490606693742	0.92283280187685	2
0.099089850801259	1.66253540100062	150
0.042577463632124	0.72062092440808	150
-0.115260775263984	0.28623454297625	150
-0.106401991986296	0.28484525747079	150
-0.00907888199583901	0.489499042575396	150
-0.092618197163273	0.228154064249303	150
0.060149324176808	0.647212887045626	150
-0.071829191689488	0.293652118803484	150
0.043872359620964	0.495886016665787	2
-0.090747959658891	0.234843123286814	2
0.090109362601845	0.481842467159534	2
-0.091930192132872	0.22994935433296	2
-0.071295052938952	0.284605490303488	2
0.064655123443474	0.52663425760918	2
-0.087862832872795	0.211320238584141	2
-0.042399328654106	0.135430401492647	2
-0.024630919341929	0.309842698665092	22
0.00584580895852899	0.37260519122887	22
0.102011853115609	0.530657505762946	22
0.022664889033765	0.416546563782264	22
0.109948044338406	0.476158702061024	22
0.101186069553833	0.324609307324727	22
-0.097103895924776	0.203800400242627	22
0.002494803482261	0.392019224145122	22
0.120590433217021	0.578063136984251	36
-0.10398476743405	0.205231710885496	6
-0.018516191806421	0.342955286770982	6
0.073168842050956	0.322019250468843	6
0.038322119934859	0.253338502462874	6
-0.079364458824009	0.220378959331761	6
0.048433933454129	0.343931398345581	6
-0.038619745109829	2.26249933827528	2
0.057760383366211	2.28333967563839	2
0.032741727662512	0.935973930310623	150
-0.079011078166585	0.362334399342465	150
0.017576594241277	0.656816884333704	150
-0.10438517540157	0.293710778706908	150
0.010636661600953	0.562754677568104	150
0.09465806853342	0.830200105977322	150
-0.022979582175893	0.418334043737071	150
-0.065629930326326	0.330011563534782	150
-0.118715696438507	0.189793812734057	150
-0.034471491146688	0.314476872132256	2
0.111380472243703	0.634295305908689	2
-0.00417626463631801	0.435096756809046	2
-0.075197595410748	0.206560156303795	2
-0.042271735600637	0.221459063589877	2
-0.012869265080985	0.317219548131298	2
-0.056506237032318	0.22044723407691	2
-0.037472588929326	0.294818891724085	2
-0.109094649247615	0.16609007361822	2
0.055452415387836	0.41052925554897	22
-0.094688062380717	0.156242317001615	22
0.073459930644079	0.39594792152937	22
0.112782432592857	0.3964662806892	22
-0.097509949900639	0.179806198550557	22
-0.075537717162862	0.226374223171944	22
0.064983740946294	0.440323949188214	22
0.070324037476055	0.4085252831971	22
-0.101601321872401	0.154846235885635	22
-0.069966616662261	0.171788092559767	22
-0.094595681176527	0.175937209701669	22
-0.087595969653588	0.181542517110469	22
-0.073443569917859	0.256376003561721	6
0.104886042364337	0.443498986574519	36
0.018257990277658	0.388056439003436	36
-0.062626930962285	0.317844269700485	6
-0.06200493876907	0.304532712361526	6
-0.0712576122297	0.257633743912406	6
-0.001936158411426	0.276616514417546	6
-0.11052501576872	0.178854589986328	6
-0.05655801193526	0.196410142231411	194
-0.038426751885196	0.157479474921018	194
-0.104581110197584	0.143175322067431	6
-0.060102548263319	0.196736988913214	6
0.119870990506836	0.615888870653973	6
-0.00521441699514799	0.986678451022044	150
0.03422029277047	0.866834137156815	150
-0.081313449968439	0.423103326365068	150
0.097366483432251	0.866489010801203	150
-0.116649349999574	0.237679248877954	150
-0.058423442010191	0.382934777668905	150
-0.074539331722714	0.327297562273939	150
-0.101592959026598	0.210893446436946	150
-0.094425407955996	0.205489241274347	150
-0.040238522790458	0.282181933190198	150
0.040189172857471	0.432529992706889	2
0.049948474070183	0.461318664048806	2
-0.014809353545683	0.431963304083776	2
-0.046329802951938	0.194618850481321	2
-0.103539796927922	0.143378821775154	2
0.12330580402199	0.57005080361848	2
0.00568390653044598	0.43168694252992	2
-0.069055802812034	0.231279842269239	2
0.059931414972051	0.324869700961833	2
-0.00233523665041799	0.262632670972367	2
-0.00474403808516499	0.268547220506145	2
-0.116967616271341	0.197337063374285	2
-0.06141790887606	0.161287678618817	22
-0.000187421040288988	0.296358291315214	22
-0.100731414544793	0.146314880914432	22
0.013435264010832	0.326137638710262	22
0.075258296442353	0.492678749237469	22
-0.117729667565575	0.184124437145978	22
0.010433133860718	0.392803774598955	22
-0.046729629354514	0.265054739633683	22
0.042004278497579	0.392641936114902	22
-0.11143303361328	0.135652819373965	22
0.067813090255323	0.344566024183587	22
0.050294800710161	0.362273389285793	22
0.026774756911948	0.265323438419535	22
0.044146846684069	0.322461599799293	22
-0.044053330220612	0.329761622203571	36
-0.039259642280356	0.295110634100942	36
0.067018394980844	0.619285442829347	36
-0.057050081547748	0.207575745856572	36
-0.057760945726717	0.211721790599324	36
-0.088756556681244	0.175594973992179	6
-0.096503871092978	0.243849130462448	6
0.03155742766096	0.526716407345867	6
0.00409035104888	0.34202662109261	6
-0.067443918929585	0.256063048996268	6
-0.112181073389831	0.178965018416194	6
-0.010439598247449	0.400370950178984	6
0.038044995356157	0.79906512742031	150
0.046003985728137	0.576591568183925	150
-0.017663619468751	0.406031103425807	2
-0.034563652351866	0.323055719532267	2
0.08476743532628	0.615583199212452	2
-0.065240088385785	0.280194709068371	2
0.046560381851702	0.501224337544085	2
0.083191761880552	0.509182225528894	2
0.027956312841144	0.305739684830709	2
0.091058773987807	0.474242152101131	2
0.055045707275549	0.428600295569688	2
0.083652553269675	0.531370672790592	2
0.120126318589617	0.530242573270393	22
0.063945460289869	0.485561785306232	22
0.014492294391732	0.325939953252376	22
-0.106444823503313	0.169382400286031	22
-0.06198540113552	0.233017607981988	22
0.099637417804266	0.557537193083841	22
-0.066038502092362	0.172612535738942	22
0.068526968371914	0.251585470460149	22
0.110641872450712	0.537572461124484	22
0.00311101073648701	0.294206108999644	22
0.081185411940398	0.398373575553391	22
-0.069978878401447	0.24167849659271	22
-0.124235176955245	0.100535406653879	6
-0.115313901713244	0.100158961901022	36
-0.093339356847728	0.16889856276777	36
0.090080255216985	0.600350376533249	36
0.035543878587865	0.508964124458486	6
0.089065544869763	0.234331748543524	6
0.029669401542354	0.136157009339028	194
0.015609093178172	0.479707882719107	6
0.0889721990839	1.49045267739168	150
-0.120277228248187	0.289937777137418	150
-0.003874035113139	0.591458427845182	150
-0.04840628167705	0.459379230748435	150
0.0427184520743	0.634433898880666	150
0.057044842585515	0.634898637947148	150
0.100575662063895	0.817575891879434	150
0.00542794643253602	0.425090353241051	150
0.032301053686959	0.518501831704373	150
-0.05984079346064	0.308486257364353	150
-0.039270451925734	0.327704214359148	383
-0.070099122904722	0.243950422272656	2
-0.110919253355444	0.174350616595338	2
-0.097679043024051	0.191687818981948	2
-0.113039245286799	0.166268527554864	2
-0.059802922314249	0.19820492782435	2
-0.053292952877529	0.229977730481501	2
-0.014140752614237	0.268687240801985	2
0.04500873371377	0.250974710070649	2
-0.119037502620979	0.128281065210108	2
-0.019023852712921	0.285314414862964	22
-0.0636943612509	0.167477800202424	22
0.027793313322559	0.325427984333596	22
0.065482612936261	0.330582460570513	22
0.082827147079498	0.420722992287255	22
-0.120661247640844	0.134580330014373	22
-0.00628529697213101	0.274289206806252	22
-0.113233319878898	0.136362591868624	22
-0.049557367238881	0.204958727263951	22
-0.100245538402014	0.170318742340201	22
-0.098485886495203	0.168313586875771	22
-0.102865107511359	0.160509469609615	22
-0.013197658820978	0.325007247371517	36
-0.101174117418393	0.188152498052721	36
0.051690234117834	0.420056010165245	36
0.065983665914133	0.238129005239772	36
-0.067992204795367	0.228512051596346	36
0.088918284783095	0.423294435596326	36
-0.07056614873574	0.237773559977708	6
-0.119361724055565	0.14871678471293	6
-0.039487586975226	0.239881718505325	6
0.031224133363941	0.372044471382127	6
-0.025109192875866	0.332025576134054	6
-0.059469235088675	0.189637269756392	6
0.019032773945159	0.302922823455999	6
0.109679589942527	0.338245556929493	194
0.025088148251793	0.133834219662262	194
-0.052139425209672	0.266631409271646	6
0.080831413538638	0.579996795176226	6
-0.011789949800905	0.372539928956647	6
0.00476811132182797	0.425058268025423	6
-0.107643326108414	1.22565889159583	2
0.090535726553193	2.01008503074735	150
0.096235861132767	1.7765868022065	150
0.016778381864123	0.866264831988584	150
-0.029297219106879	0.600788813369733	150
-0.097030904901663	0.270656389038835	150
-0.039391626601822	0.444575727296332	150
-0.116392083149409	0.20515014027706	150
-0.063707515833829	0.281296716156579	2
-0.042964708588844	0.2408979223286	2
0.048135656480048	0.484708651450094	2
0.075277451814696	0.447140020998997	2
0.033706441137418	0.404818606180196	2
0.074880622522355	0.630154139309092	2
0.089479563904048	0.568915925290087	2
0.049797016416809	0.421211220858335	2
0.107518764208948	0.395528674387653	2
0.105446715835766	0.56255775236742	2
0.010739219006885	0.359455147249469	2
0.011913500802391	0.357095889408945	2
0.118929881068378	0.493621907618799	22
-0.049454949214713	0.345461640670158	22
0.058710407344715	0.41060335794922	22
0.04891450238303	0.442417575760329	22
0.078678237505893	0.414551660633505	22
-0.017839992561206	0.289736886929473	22
0.057148586780814	0.379016927543941	22
0.033976247108103	0.34493458985333	36
-0.082326511623444	0.216230168222265	36
0.051763958701293	0.46405875583888	36
-0.071598963758715	0.271704318890204	6
-0.07799616269483	0.241866450602163	36
-0.100334536634717	0.208184462696404	36
0.085024812937336	0.443799517769763	6
0.007638384936964	0.34790798082268	36
-0.065745363904234	0.221832908736722	36
0.043945235169106	0.468519799938087	36
0.106056016509897	0.51287121040459	6
0.081924697439195	0.438361874529443	6
-0.046745994955461	0.30183726449023	6
-0.090356738411246	0.228526370628791	6
0.051150790091825	0.328866780828126	194
0.01704872857621	0.239740416863777	6
-0.104752590145871	0.219079723523765	6
-0.002710157176226	0.469538842059212	6
-0.106766507874907	1.19584869996922	2
-0.033930057549357	0.362509574354147	2
-0.044698765209549	0.153808776586174	2
-0.086841272957259	0.218354069278796	22
-0.020464546944067	0.291526048103128	22
-0.061045703671849	0.165283332760468	6
0.04394328441439	0.472738287485029	36
0.053901419268985	0.487438973482573	36
-0.074697387192059	0.284507744099146	36
-0.048444980949951	0.341775308897422	36
-0.072946263725246	0.237672761825549	36
-0.040384392188401	0.155949126712518	6
-0.077524144547367	0.30089828671463	6
-0.054530514788382	0.991833267567561	2
-0.114034741762139	0.238290825723497	2
0.068207819615101	0.72928422891024	383
0.04900423669051	0.646526916994487	383
-0.070073786069577	0.327643131561297	2
-0.113046931789192	0.235017221365252	2
0.115699309243135	0.761669015823826	2
-0.105203818066608	0.143139631780916	2
-0.01707456310426	0.287725206688583	2
-0.110913640160609	0.190122720853384	2
0.095867863811357	0.332703592121592	2
0.110160278721149	0.237177348645496	2
0.078066685889643	0.325612043998672	2
-0.045502482498812	0.185723055443249	2
0.079733964798615	0.564208498196324	22
0.119576790219575	0.630983695710294	22
0.08041740392194	0.504294299863252	22
-0.009311819403444	0.298795090063964	36
0.075662750246101	0.689828505065873	36
-0.06784956156916	0.242053628984789	36
-0.053558863468366	0.26248907449907	36
-0.078633239184168	0.220705517040025	36
0.097321317498942	0.511432421147665	36
-0.039654916042007	0.365329561994657	36
0.10994416041986	0.725164869811625	36
0.00836003850419398	0.471684258318416	36
-0.101327690991925	0.223000841618363	6
-0.04282720681819	0.331896615702996	6
-0.05403387252668	0.159549176482392	6
-0.012242643400613	0.462478443004921	2
-0.038540213823546	0.402727557050364	2
-0.073100593503591	0.287371758787388	2
-0.055780654870717	0.208005329545817	2
-0.113685042418805	0.204992054104022	2
0.027848921866676	0.335163419512008	2
0.045110170818874	0.557865698931209	22
0.068492043780777	0.549247180385199	22
-0.122338857309351	0.194572141454709	22
0.058593086143856	0.506225534953138	22
0.024355766547999	0.377501930801574	22
0.077384700988681	0.491863377498487	22
0.104307640002618	0.604594974215088	22
0.033269619585941	0.472882312565005	22
0.066515399222445	0.470589700838183	22
-0.101479653491488	0.202473479512016	22
-0.063603607043875	0.333840631311807	36
0.040044224706078	0.453033435224619	36
0.101478111383151	0.778116888120202	36
-0.067843537240653	0.228794643803398	6
-0.046613805649977	0.133260668668579	194
-0.041330768773373	0.165720574922367	194
0.101268576605922	0.234036752168703	6
-0.060138568730858	0.249131400362811	6
-0.091778644572129	0.239196511221332	2
0.093524896973936	0.68348522999131	2
-0.109372919997743	0.203590516075689	2
-0.056723050611857	0.354988313471223	2
0.022588792943901	0.399209035618548	2
-0.052026805282998	0.175235820226136	2
0.063221996897453	0.490530655407776	22
-0.024855734136619	0.369530074906897	22
-0.08270220166382	0.246999045589774	22
-0.08949226613541	0.231326163807441	22
0.076073864394438	0.516300761413577	22
-0.062043340388255	0.274612982700081	36
-0.10171740959005	0.225548986380414	36
0.072495774348136	0.242179547375094	36
0.055743152249031	0.24868529812108	36
0.038626111378376	0.481183909013494	36
-0.097585843662021	0.23310961503615	36
-0.087974615705697	0.277118617641332	36
0.028097701493483	0.490552756979622	36
-0.050048904497518	0.173498821613547	6
-0.039954050480701	0.143031044683599	6
-0.053738422222731	0.153203855542737	194
0.075687694515821	0.404162898631254	6
0.056993994169659	0.618577189872865	6
0.00431478305413802	0.256652647195909	6
-0.061221164596854	0.458812883199488	2
0.107700862388635	0.659951735464307	2
0.088938367073614	0.636282654832031	2
-0.103165184385497	0.217622153487129	2
-0.026250004254695	0.338181386179053	2
0.058524045977323	0.559295495746679	22
-0.012782135781696	0.283292442916697	22
-0.111007236464727	0.179523636685025	22
-0.044604476787439	0.293435176317988	22
0.000229668187242016	0.346197442147025	22
0.062096574878444	0.499480216019395	22
-0.075176487035121	0.253038419026069	36
0.017609039179729	0.416985676202323	36
-0.102157159134627	0.220343349715132	36
-0.12283560390099	0.138972051524906	36
-0.101961078585734	0.167824668942805	36
-0.103989030680041	0.23061439513959	36
-0.114651178067077	0.206622963777935	36
-0.055926047281201	0.318612863495113	36
0.046417900287029	0.595787348574318	36
0.07147729317647	0.570689421149766	36
-0.07195184124163	0.283169975059078	6
0.124134919329959	0.543078437913711	6
0.011028488948304	0.136265751616833	6
0.043662910656714	0.246594289117969	6
-0.077660007478412	0.225421354181146	6
-0.04210771277186	0.163290537936564	6
-0.074120001014132	0.436127788328505	2
-0.115539324615108	0.30766528119764	2
-0.071836092858858	0.381369003361505	2
0.076764018647363	0.627651421345346	383
-0.106398770935121	0.256193484269186	2
-0.026981725550916	0.427943962436236	2
-0.092787464584388	0.253043018542914	2
0.021620516128264	0.49851751681441	2
-0.109394259812764	0.244403012366448	2
-0.006725565413951	0.418528624083995	2
0.040560973284935	0.444771634093934	2
0.02177895269638	0.35358612568963	2
0.048737071852855	0.490365168361525	2
0.10725267801048	0.334336749386806	2
-0.052570526695127	0.278005369299615	2
0.081456140279355	0.547333140069822	2
0.014078842349873	0.366414553451075	22
0.00337797495548398	0.40094216594464	22
0.0166246413213	0.385342235376514	22
0.038500319915194	0.449731328672671	22
-0.046726538805218	0.253163676386448	22
0.022343347972851	0.418303888201447	22
0.020255079651534	0.315519090834828	22
-0.046910795384515	0.295654890789098	22
0.042875919152932	0.446139128256271	36
-0.056350909218223	0.228532284015327	36
0.015826462000102	0.446978849069191	36
-0.118246602218029	0.201572601042072	36
-0.009170324803742	0.325712183414538	36
0.000439668077080013	0.434155310773124	36
-0.122453483865388	0.11300468065554	6
0.106040164179359	0.23473364637156	194
-0.106319938974528	0.150740875450999	6
-0.087230219235401	0.278571363680438	6
-0.115387525200026	0.19656834244144	6
-0.101603594710028	0.350996669334532	2
0.091156749925333	0.825050631865856	2
-0.068464839381454	0.36512124019266	2
0.083968290481881	0.762314414448898	2
-0.061661755531161	0.315695600383495	2
-0.012106588675531	0.453478639143366	2
-0.110095845608637	0.237745459574868	2
0.012972973671048	0.561762631418942	2
0.041298925299914	0.363870835921333	2
0.034922652185336	0.487685487755511	2
-0.103026877137986	0.199111630983247	2
-0.121270997662327	0.110806005165381	2
0.120910600720642	0.231256945155424	2
-0.05006497071239	0.195412188191589	2
-0.054836228627389	0.190823061258314	2
-0.038694058122883	0.299483711807066	2
-0.016333779885376	0.344267402000878	90
0.058537093483505	0.58007885270783	22
0.00818726495043398	0.435067034587265	22
0.104095783857742	0.485519637442027	22
0.043349403138397	0.447079998225642	22
-0.064587699292069	0.292443039405029	36
-0.087625056048706	0.264926659085032	36
0.095065259272842	0.634458769472409	36
0.062967421469688	0.325426181536343	36
-0.119931845721863	0.103908876902468	36
-0.012448211701642	0.427005328193264	36
0.083233480578193	0.597422985456119	36
-0.058652518263445	0.214648173459433	6
-0.064321987028004	0.175315604126568	194
0.085939741727516	0.235691613528372	194
0.118018026917487	0.214864026371107	6
-0.10635950669696	0.148068846346296	6
-0.017515536066752	0.349842169148533	6
-0.081276525723149	0.285465149085388	6
0.02901354047034	0.973968711764614	2
-0.000978938939116991	0.67452578868914	2
-0.02719267660169	0.461451589526538	2
-0.117773552944037	0.215859407797346	2
-0.065317631954061	0.33395179416531	2
0.07446669779158	0.606314939551929	2
0.070942653885069	0.543395853973722	2
-0.104644476803201	0.143767235779361	2
-0.032033046678275	0.27946311873597	2
0.068686991391728	0.562128511191831	2
-0.075986732285727	0.242894688321653	2
0.044384988853207	0.486598489978947	2
-0.094295897410595	0.212618273026161	22
0.085488322208333	0.522235843277119	22
0.034128298293031	0.47964379017618	22
-0.036834538402063	0.275909046557696	22
-0.054308973253865	0.23761010271647	22
-0.00240067713414899	0.343664017915751	22
0.00794262535497797	0.403783513098171	22
0.024088168341924	0.495230187112334	22
0.020857302378359	0.475496388151615	22
-0.033590036392882	0.373017786680749	36
0.023805774877537	0.361327408626309	6
-0.037841918533739	0.166866501898085	36
-0.066886513602525	0.250269633906498	36
0.016116187720254	0.39023802410322	36
-0.02216262281233	0.369403945280332	36
-0.080975448932846	0.261526836969609	36
-0.032963970389732	0.361846658199132	36
-0.038075080176074	0.332016541971939	36
-0.069874832251665	0.26206795541883	6
-0.106201104237897	0.184959249363825	6
-0.00566824894979601	0.365138074561461	6
0.076318196187189	0.317281944124163	48
-0.040711447028894	0.153187795102783	6
0.043448563096441	0.511233647690212	6
-0.044221260210049	0.709286155283733	2
-0.039370151031734	0.383383483992373	2
0.095924001579827	0.839983060293144	2
0.045613674811862	0.582754344604124	2
0.104969268640063	0.70107003723907	2
-0.057754938834632	0.269860910363178	2
0.078647565833136	0.497152594545574	2
0.081738457929138	0.568131030154797	2
-0.00680382898578399	0.349918906319168	2
-0.064170569395544	0.206518288053498	2
0.039218198016503	0.240424875341167	2
0.05475333490009	0.467741976076081	2
-0.102706148742077	0.20234729087281	2
-0.116455723239568	0.187576410862365	22
-0.091643884354437	0.192780401386826	22
-0.088978974162866	0.211999197163233	22
0.000237940883169974	0.26552289773292	22
-0.013923679775825	0.304090847212447	22
0.023547638528603	0.389762540037617	36
0.121405352567926	0.543462223009866	6
-0.124663397419748	0.091275684127964	36
0.064846603893899	0.501762895625327	36
0.00701702229958201	0.344513927886931	36
0.063007968992428	0.402012679021912	36
-0.12150982842812	0.165056816486904	36
-0.014157790816512	0.360873930675889	36
-0.068509243100184	0.279230142578474	6
-0.050004433272786	0.152589985425239	48
0.112133775032658	0.239156246284605	48
-0.03608713408765	0.125176740529805	6
0.002049181544587	0.134340956948841	6
-0.120824861247833	0.0982673523461417	6
-0.103130448254299	0.139920383346783	6
0.083963886039118	0.329095609469856	6
0.115247736074991	0.713380810259986	6
0.064302865252389	0.503354315996534	6
0.06286037455706	0.603198021685966	2
0.081979508743962	0.628024494106534	2
-0.093465287800421	0.212260980185569	2
0.043366904875629	0.499542287435929	2
-0.074672679278546	0.257509760137752	2
-0.055601794896503	0.208825936785743	2
0.046738455058088	0.483096583961078	22
-0.030334175220616	0.308595171713637	22
0.068623111477133	0.483733686188562	22
0.092564058115481	0.571378299220531	22
0.079584985624154	0.33399234815965	22
-0.01703009576932	0.289297522917662	22
-0.076184161311582	0.261285683024944	22
0.1212508403661	0.732456987634059	22
-0.089385588060612	0.208902639817791	36
-0.075310153280323	0.237862849738211	6
0.025812752325221	0.347032676878392	36
0.052902315087259	0.405838474786195	36
-0.018845323378858	0.330330310676182	36
-0.029364336825844	0.349202377912159	36
-0.01276458263791	0.385113047618583	36
0.045627880799566	0.495349494690845	6
-0.10332388894801	0.208574125615787	6
0.065043883067637	0.321403402631947	48
0.080654089398397	0.228658927426147	6
-0.039307149019125	0.168230046438261	6
-0.010910643833979	0.393603916767151	6
-0.032976092377505	0.330089020098591	6
-0.063910147670205	0.149682163222499	6
-0.114932020528031	0.597345970701089	2
-0.00352493948384	0.535914894910793	2
0.100663413608821	0.839150089002903	2
-0.040496233285627	0.404982794692158	2
0.043788567282167	0.655583816550278	2
-0.043912526037782	0.379717159730615	2
-0.033237875976852	0.392262043485619	2
-0.110403779947978	0.20177566368474	2
0.060255458251416	0.577386361114114	2
-0.042985376951603	0.328956836675143	2
-0.016278278164321	0.285381742908106	2
-0.059340664616623	0.253519941878666	2
-0.083342991976612	0.246450485905065	90
0.040568332772435	0.451145069521631	22
-0.101578445507159	0.206092528380351	22
-0.107367450917957	0.176598123581279	22
-0.011785177788943	0.353721093046804	22
0.096375487469005	0.584888999175872	22
-0.059879971270015	0.259674424843641	22
0.068173294672186	0.520294542182683	22
-0.086872404793596	0.205295045705197	36
-0.101307278893776	0.231056673053318	36
-0.00912415993741	0.390322706092258	36
0.039835746431705	0.355721378683251	48
-0.00270301568451101	0.293051544110143	48
0.080625650838236	0.227651492623598	48
0.052633816896983	0.244641102897423	6
0.072516963335192	0.144953409143719	6
-0.022431231444228	0.140314870512497	6
-0.106571125756281	1.20105600850999	2
-0.00381752789432999	0.460319770027382	2
-0.043743291135708	0.266232275192778	2
-0.062420830354166	0.265191414507533	2
-0.03089334367743	0.150568195811741	2
-0.03459738888269	0.314973315326015	90
-0.010932741374426	0.320705849219299	22
-0.00926379920318399	0.352372151934233	22
0.09715274636159	0.597881147479888	22
-0.110762243244895	0.180826290559885	22
-0.078070155287852	0.239919852552925	22
0.078307024205029	0.382869536599905	22
-0.00491610454621699	0.232973022612535	36
-0.118329693723469	0.186347775764999	36
0.025491253166545	0.407040151991317	22
0.010945715213237	0.437860446231156	22
-0.047489477509833	0.302659440250492	36
0.123435225856165	0.563495438592591	36
-0.060872804404428	0.230341305785955	36
0.012849484358901	0.368552163110549	36
0.027674386683589	0.420785900095205	36
-0.093361957072826	0.195393694145965	36
-0.00634209917093001	0.2997713118661	36
-0.063842835261711	0.278181061970832	36
-0.033194725916983	0.307996668198583	6
0.081170270304389	0.327679826926164	48
-0.098455758575653	0.151763831907259	48
0.064134821850634	0.235617469809129	48
-0.036133808044829	0.136465998842429	6
0.09202200917629	0.334119008903224	6
-0.074781038086124	0.270956221427256	6
-0.010894874377973	0.276182103720691	6
0.00412053224859299	0.530951373002984	2
0.067765972688744	0.529752644467732	2
-0.107958142159122	0.193774647589842	2
0.031551640943215	0.410671337992938	2
-0.114130329424427	0.153785529777712	2
0.124944747125035	0.68842870229446	2
-0.05094981032412	0.228549873672834	22
0.017693431099101	0.366335734876783	22
-0.070126130927555	0.250730740969408	22
-0.111549881403187	0.157058476741409	22
0.021899993506893	0.423311937753338	22
0.100021486493201	0.50502202861103	22
-0.090809284873895	0.190700041712843	22
0.048636407379671	0.416774507148199	22
0.060768871534092	0.416588681106352	36
0.116945739488225	0.506100344214071	36
-0.052662234788407	0.233971244636207	36
-0.11617184797423	0.173273227506414	22
0.058671693242207	0.427821805752496	36
-0.00976588648638901	0.290339675614514	36
-0.061443958609217	0.187910226038297	36
0.038051025589335	0.362231620464094	36
-0.1008778480789	0.202717544409283	36
-0.05690521582872	0.267355317435212	36
-0.021873213824413	0.31763941144314	36
0.017349896297703	0.351935124861988	36
-0.069738210084731	0.217577687538277	36
0.110656072169277	0.547629866241517	6
0.016721375759339	0.254599142460535	48
-0.11692987671015	0.127011534090857	6
-0.124736453069584	0.0936633877295732	6
-0.049999850004659	0.297168299130171	6
-0.063764990149565	0.266608309151793	6
-0.042006539694893	0.307225648399563	6
-0.091916985404686	0.80338620840111	2
-0.073078447372813	0.761445141849828	2
-0.108973502648124	0.279486005342368	2
-0.109393954286809	0.277933841720323	2
-0.046853601870403	0.359989080492627	2
0.115132870131074	0.826880161986612	2
0.104401138032768	0.667705095011145	2
-0.110362283040433	0.197973090796576	2
0.0708735086605	0.550014420484335	2
-0.104036489420681	0.20597102489163	90
0.00318900068011901	0.389768573366486	90
0.097818008704259	0.676841138344778	90
-0.00962121206576899	0.395503288239676	22
0.064123173578251	0.517141615626608	22
-0.027520619494161	0.314215693706593	22
-0.014644745560473	0.326063413824842	22
-0.019280308792854	0.315093399037586	22
0.011599890336435	0.415714421106523	22
-0.031200536548274	0.297407415950778	36
0.118425639274413	0.504532867817007	36
0.115914076745463	0.64346432108405	36
0.039108030782574	0.434677719806609	36
0.098668058123131	0.544623627189288	36
0.027058954321467	0.428542558162848	22
0.00268788257129599	0.41283223992742	22
-0.058996131393469	0.285920939268424	22
-0.077438968932018	0.263698733728213	22
0.009500977814836	0.345592173762104	36
0.035855144492692	0.416108615646438	36
0.053799599654951	0.494014775478593	36
0.114144970623312	0.617060350133223	36
0.117116213533829	0.601966628234071	36
-0.106216312928358	0.165087592423292	48
-0.122260721833494	0.150768163227222	6
0.00299772205049198	0.27895024165803	6
-0.064876912635894	0.23244390524643	6
-0.048538903684221	0.221225190645237	6
-0.051574926612222	0.192707920477582	6
0.024299517958972	0.462732294640428	6
-0.062608811969763	0.445163164850463	2
-0.121309812807393	0.143609147681491	2
0.022136706382772	0.38474346557465	2
-0.081260054934741	0.276970404396085	2
-0.113287729580391	0.207883223822668	2
0.094574027217849	0.403825672561905	2
0.07621842604861	0.562114114039698	22
-0.035755717926198	0.301713616612163	22
-0.092862362721689	0.1877491168975	22
-0.058549888574749	0.233261558108176	22
-0.021323050578605	0.308840217516136	22
0.038064784035223	0.420185916701446	22
0.022934680965955	0.386728697413539	22
-0.067741160639086	0.158356836742621	36
-0.100924868500177	0.184844012279019	36
-0.109067695691039	0.20300518315298	36
0.069026810563897	0.585869090475884	22
0.114255133126467	0.600597848681031	22
-0.056410509352432	0.310018598441275	36
-0.082364193021566	0.22533247009552	36
-0.00710522972385799	0.337654306889266	36
0.067200987475002	0.516432983415057	36
0.053767402416679	0.468883231907695	6
-0.111559440816019	0.12960073273836	6
0.00109964194564599	0.30764870709349	48
0.009301213277705	0.242397879340709	48
-0.043605381946459	0.130183913277369	6
-0.04211704152945	0.148338511424589	6
-0.076968295335866	0.176814967624363	6
-0.070356779955338	0.213837969786022	6
-0.115840698449202	0.192707917023774	6
0.021726352679218	0.402467640976192	6
-0.085193069678742	1.48647234269675	2
-0.034952280003109	0.421720851146305	2
-0.066139878648953	0.285916923174715	2
-0.115457187577973	0.104643888984072	2
0.083748695530937	0.241801536967958	2
-0.089662459614865	0.232157520785861	22
-0.08373986513178	0.241169006704726	22
-0.066078914870962	0.280962984269539	22
0.051151554140607	0.543592127568992	22
0.019943255606985	0.399223215074892	22
0.063547298271909	0.514858258246385	22
-0.093614910284246	0.212136582043403	22
-0.02199830941928	0.274571557119827	36
-0.016845373884259	0.308173940456634	36
0.02038756770781	0.441495661891581	36
-0.016306115372447	0.383062515265282	36
-0.058743695061635	0.272949839957224	36
0.101171805149545	0.58973219495309	22
-0.117088575640496	0.190587721462349	36
-0.061657501258875	0.220666982090952	36
-0.038340169802305	0.15331275436534	36
0.00292686362905198	0.367960513589736	36
0.010288908456431	0.347676550073436	36
0.00852858158358899	0.254096880299413	36
-0.032374248126851	0.308006375646232	36
-0.065758893324937	0.284069376860044	36
0.095546932857531	0.702839890245264	36
-0.120288598260772	0.16426843884669	6
-0.124124712355021	0.150081404521795	6
-0.016984795336267	0.131368932522233	48
-0.00681905310365499	0.243569807421739	48
-0.032700031972461	0.130528949394877	6
-0.061756688042607	0.180176613920232	6
-0.00293130261216801	0.128988765125298	6
-0.036836799280438	0.319197947205686	6
-0.010566062749627	0.278078991882261	6
0.03934036284869	0.320762897202945	6
-0.098751558333668	0.279230835514508	2
-0.117924915917686	0.263370213333833	2
-0.022584945361105	0.445116184745385	2
-0.005607893083213	0.452498281479668	2
-0.124928616615407	0.183616518482543	2
-0.122263073141016	0.195987983057898	2
0.00544578552443698	0.413631511590294	2
-0.044095101318027	0.327895551785556	22
-0.117909483659605	0.173599201597912	22
0.092600366001258	0.475433621499503	22
-0.06901564206421	0.225791693960122	22
0.065938107032742	0.427339470301957	22
-0.094873666484771	0.171637169931727	22
0.097618273436981	0.443599555314816	36
-0.032333654030103	0.28526901334419	36
0.023590721918214	0.367510125246411	36
0.124690627942728	0.653418065926797	36
-0.073533234230096	0.229217066869129	36
-0.062236881957443	0.239051807655739	36
0.00768320966750902	0.239865151103248	36
-0.124773794771246	0.101368900920433	36
-0.06112380916023	0.198748686338395	36
0.086327187105715	0.529811263271874	36
0.014250695988185	0.421430163968648	36
0.112287240697235	0.657274307176716	36
-0.102240657778918	0.211792627830729	6
-0.049682683985351	0.219333810047664	6
-0.121599132544996	0.1105765626703	6
0.069165003113793	0.247415134668087	48
-0.035726241923801	0.129125417202221	6
0.04192909381839	0.249440226679915	6
0.107793770309518	0.239334476346054	6
-0.017725792456236	0.130021904685306	6
-0.119401908145773	0.100854141625778	6
-0.11933819585006	0.310743832143679	2
-0.075679583729132	0.396990450169423	2
0.00259068974868298	0.707207852984305	2
-0.053235270852975	0.488075634231679	2
-0.048694485232514	0.354926671515625	2
-0.024364484488638	0.316896031806374	2
-0.019326363608598	0.401613691514989	2
0.096232902780172	0.45602200502329	2
-0.00453564407500501	0.235988113729429	2
0.034564005557345	0.426479493670308	22
-0.013327937227389	0.337815280551644	22
0.110436733630806	0.595610500196945	22
0.048247925906405	0.437695412855846	22
0.063749389602744	0.417948336511229	22
0.02654971531899	0.422448124115739	36
0.065775803656873	0.319544822364226	36
0.107831378461766	0.338091740004879	36
0.075046372277722	0.312903080519202	36
-0.037833269977481	0.317702658939803	36
-0.022164107277256	0.362911242962288	36
-0.00442518370459599	0.371038563221595	6
-0.036133808044829	0.136465998842429	48
0.1023762483101	0.232116199063257	48
-0.039373005082305	0.139743057178165	48
0.122678633595904	0.232305066193225	6
-0.034053192681019	0.275888660116229	6
0.042005571079256	0.49843012855786	6
0.062310311605064	0.319590067942436	6
-0.119976430921852	0.108670454979116	6
-0.096603976289109	0.398226997487505	2
0.058615461046113	0.923812436673526	2
0.075884245534853	0.968608130231093	2
-0.009690753646552	0.540706945084238	2
-0.056329688949164	0.423468213564416	2
-0.04872590479621	0.390333697977195	2
-0.105630795621369	0.237929913395034	2
0.093056909932016	0.650547087756826	2
0.030459169835462	0.497805166910886	2
0.043575203843559	0.412280633449409	2
0.00160754941834101	0.415149445001709	2
-0.073361834780427	0.256589033432861	2
-0.064233942185991	0.243896404156213	90
0.015888107397275	0.430669411929874	22
-0.068907079556343	0.237915946147527	22
-0.065736955590879	0.228612345406625	22
0.02477014371885	0.413500435058801	22
0.011544130966073	0.346431358515501	22
0.084142219630613	0.42040834671108	36
0.10603677490427	0.536163778176243	36
-0.094806330481657	0.190608939633281	36
0.024024710252669	0.403386484501145	36
0.059837323442406	0.479985547089583	36
-0.047279905750462	0.175227441324739	36
-0.114807149546644	0.157205376748588	96
-0.041856509886578	0.25717857896823	36
-0.048902567994208	0.272600305285717	36
0.066918935514796	0.56254867935936	36
-0.108685924157741	0.203487626517584	36
-0.075477558851276	0.231346603294681	36
0.083114666360109	0.472250406544166	36
0.055758790071199	0.243621810379151	48
0.010089934661629	0.237725905793401	48
-0.060893700064069	0.161200356914185	6
0.028806817798333	0.238248389989717	6
-0.038316066552577	0.133143665335409	6
-0.023225950787357	0.1245082969047	6
0.00516040425701503	0.23651051363456	6
-0.036544530401452	0.349223245831333	6
0.050997607715318	0.492948127480377	6
-0.051276485887121	0.218655715557986	6
0.028393980547084	1.00750655871996	2
-0.05632147651188	0.589225993032579	2
0.064372812088354	0.779058661303907	2
-0.122767349193081	0.238410239049412	2
-0.057804752566646	0.328851503819217	2
-0.092904900106679	0.200230029562608	2
-0.09107227259193	0.247022379010682	2
0.074885487395998	0.563215498977785	2
-0.114597466139182	0.133373954195182	90
0.02269495637829	0.247537490039409	90
0.022123409018236	0.251677105537856	90
0.114783869017674	0.662075558860871	22
0.008808138446115	0.381307028134793	22
-0.020601560787546	0.316994960638472	90
-0.00112202441312201	0.356298010936704	22
-0.124671565072309	0.143357831894351	36
-0.089760250215703	0.22282865261959	36
-0.120462546000239	0.17790321796308	36
0.00102591855115802	0.374634037726934	36
0.079382089161854	0.6305355456081	36
-0.023966823316531	0.316237486107384	36
0.075224119525181	0.427441967727201	36
-0.037339426841397	0.260861263834396	36
0.079478641238809	0.416303082760157	36
0.100847338669843	0.534056021076656	36
-0.09087197693459	0.178924028833474	36
-0.036142433334023	0.313641510821536	36
-0.057846108494317	0.287142277177607	36
-0.016338513479792	0.343275274142379	36
0.025043269767313	0.447229591816979	36
0.054687431956667	0.528440463831064	36
0.103581611296804	0.236420700034632	48
-0.040368343444165	0.167513743418689	48
0.080056323436512	0.300465652601533	6
-0.077477620148016	0.251840345874244	6
-0.046156499170659	0.302369202985915	6
0.10310944407334	1.33508327871529	2
-0.042160475058758	0.51242612693307	2
0.060137125354986	0.826953449600334	2
-0.089466627392129	0.301490274215588	2
0.046578211473455	0.76962562169882	2
0.077740025528521	0.47888067023612	2
-0.061243703227933	0.200120043984895	22
-0.123792704468686	0.108344707569935	22
-0.02603836285847	0.394344797192957	22
0.053337850824098	0.491404068098262	22
-0.083469288670832	0.214370800329437	90
-0.087908930470938	0.228396573189611	90
-0.049269647323243	0.324361174678236	22
-0.117349104640129	0.152447654541942	22
-0.013830461294867	0.288020655992345	36
-0.014137127428769	0.253028414094757	36
0.078015117329324	0.337419556393104	36
-0.11911632975671	0.168631791436566	36
0.021589013945679	0.501215741051955	36
0.016121527404358	0.360456363057674	36
-0.010518497370942	0.287390244111276	36
-0.058011129167126	0.14603973899916	36
-0.055844593610225	0.152328268628818	36
-0.090054029261241	0.191169556488336	96
-0.029498570639543	0.388418504260242	36
-0.061963715666237	0.27520986427604	36
-0.054500332031424	0.321115014149212	36
0.073320895238806	0.534679447966313	36
0.123474436213137	0.324773423499902	48
0.059095710642238	0.243026641047178	48
-0.042473985397933	0.132788537844522	6
0.087315745207979	0.650642857032376	6
-0.016550646924609	0.383898589516207	6
-0.081063570254389	0.699470860119272	2
0.099438512451591	1.75951742140017	2
-0.061565458150662	0.668401148869569	2
-0.091464730879303	0.366895634503185	2
0.056301127661652	0.752721664312953	2
-0.073753955286431	0.344234732334365	2
0.054709805100909	0.425796640457101	2
0.046176921417647	0.397956766737727	2
-0.031185228687904	0.326271515524385	2
-0.106224260309397	0.151503807935672	22
0.00647118981171702	0.462897263420164	22
0.049920181739359	0.515352451034185	22
-0.05277906401397	0.297876728136934	22
-0.070044624686507	0.2320728433492	22
0.031902327782338	0.392549988242254	22
0.012058222000977	0.411072780387279	22
0.043807881641805	0.32725252672083	36
0.10592979914947	0.319497354143456	36
-0.056532371615215	0.213068292512971	36
-0.07923212448377	0.254623863115838	36
-0.101256106707839	0.165057526424988	96
0.109859673320221	0.570189132394007	36
0.062616533702232	0.585766172762782	36
-0.059933700851453	0.267705032919547	36
-0.061015314964026	0.323045350914858	36
-0.06101001261911	0.195400396143633	6
-0.037524830627767	0.125305790884095	48
0.034481758886721	0.140371304627646	6
0.117646754248647	0.147974922798116	6
-0.121274962199453	0.191245661245916	6
-0.031301311149053	0.322327577553093	6
0.053773651060706	2.46333835485407	2
-0.077491296825168	0.486529370485517	2
0.00446178650714102	0.756304878263452	2
0.087044221996349	1.07237810442672	2
-0.055757516214971	0.454046613104004	2
0.09944804778584	0.898532239616299	2
0.099599778699791	0.562768389877373	2
0.00993437203834402	0.387901460817134	2
0.00940206091048201	0.436439007841531	2
0.092624122093184	0.489985008700595	90
0.034908158099389	0.235551618141478	90
-0.123097389540086	0.109787152382144	22
-0.123244601992404	0.142865553918393	22
0.025912927763802	0.439866334632129	22
-0.025857018577922	0.369224129719543	90
-0.08966841313829	0.234841901763052	90
0.024136819785939	0.476559795004904	22
0.040158057280657	0.31882422109621	36
-0.045676906088045	0.204933343484466	36
0.085939217332579	0.467462599861023	36
0.093289759820097	0.620000567979175	36
-0.023847867594262	0.387683292055623	36
-0.09870952437384	0.221639380718518	96
-0.000613781754592008	0.345844305517788	36
0.028054702471349	0.425593573387468	36
-0.047212980524671	0.342775759250477	36
-0.079332304531326	0.258753118528336	36
-0.115614094874816	0.180758750869751	36
-0.104910014289387	0.206484630087838	36
0.121571304202437	0.412030874188186	48
0.110236371447828	0.234231157241273	6
0.091929945590247	0.46900606163854	6
0.014205299144605	0.244079201570195	6
0.022104350766839	0.522500423184729	6
0.124019575806995	0.812244705236721	6
-0.056215604280808	0.189321044009817	6
-0.070041459335156	0.485046123217546	2
-0.058796808823376	0.50459190436987	2
0.098694914812623	0.791005793798693	2
-0.11296214835764	0.221026727708706	2
0.039070540406302	0.567277123829814	2
0.087210326779946	0.665847870627148	2
-0.042400458729372	0.337074367589494	90
0.00811912510034901	0.421929611869489	22
0.010684463952314	0.371293950909313	22
0.055269759220749	0.592528105750461	90
0.086918646850741	0.437350136484314	22
0.11471015391931	0.423593850760863	22
-0.107576459411552	0.158198268246755	36
-0.00749884330839901	0.247853640030446	36
0.017566745906159	0.366515482905019	36
0.036179540016478	0.340935308098051	36
-0.00956021613336599	0.260861428836713	36
-0.066562522511396	0.217421719785341	36
-0.00519199180813601	0.272558908212771	36
0.094563687047683	0.463619022932393	36
-0.102923369114017	0.212073128494552	96
0.079103761033693	0.497314273286253	36
-0.121302521583815	0.141915759931011	96
0.077969933047008	0.394678191334513	96
-0.123829304185948	0.173934075166841	96
-0.101626332183587	0.138282155305829	36
-0.019408532417878	0.263218992402019	36
0.067031904466165	0.561538150355456	36
0.04694895544413	0.327801040247411	48
-0.122667154469833	0.11724732683847	48
-0.027770810604988	0.145074489917096	6
-0.097482399668261	0.159679041550561	6
0.122653093537347	0.56267514637192	6
-0.056300324679667	0.227469680494447	6
-0.120168573814838	0.375164737391189	2
0.06483570356823	1.23235497682174	2
-0.03548005015529	0.602826468451449	2
0.105068961881376	1.12525205935644	2
-0.0575699579037	0.331759438977123	2
-0.051010411076771	0.343515787012885	2
-0.005745788999864	0.453325632493517	2
0.032415493200957	0.561399308863135	2
0.011729244717747	0.471455864841793	2
-0.05654023442255	0.265811816625541	22
0.048470311755382	0.487108338971195	22
-0.103598329149462	0.181893510237081	90
-0.106698562188333	0.179747132425726	90
0.108423529078946	0.735489878047925	90
0.116879998914165	0.488416942059274	22
0.122723886633844	0.504284247335851	22
-0.017129922459687	0.273389086160436	22
-0.101703211586417	0.175199118366996	36
0.09523303346857	0.52848588996538	36
-0.079645797045688	0.230983326064954	36
0.077249387487725	0.419093701295133	36
-0.025329456456783	0.28520038810838	36
-0.113530852893433	0.14797873038722	36
0.047111695277473	0.392945534628782	36
-0.093546782797852	0.173940189064892	36
-0.016535303025777	0.349376932818599	36
-0.115180481356355	0.214080563448985	36
0.103942585686935	0.554271956887727	36
0.105728419680482	0.605785403188378	36
-0.084999028272777	0.189678421223477	6
-0.076635027443495	0.225224441226949	6
-0.118453441812351	1.02022525503612	2
-0.112001707615237	0.456982508152585	2
-0.058838030894877	0.402164929324589	2
0.057963610370602	0.75515502038056	2
-0.104219816664735	0.248803523077333	2
0.117870367359487	0.562182108838839	2
0.014624631082571	0.395375909533863	2
-0.047059104029449	0.151485997736622	22
-0.060141316546616	0.188213031626427	22
-0.058201040233162	0.28829463597203	22
-0.101813404754047	0.218670891238474	36
-0.039858742846295	0.283787022759663	36
0.088815781647482	0.496404039227173	36
-0.00016989044313101	0.370927445997806	36
0.024094446585533	0.47462606798638	36
-0.099000414434625	0.200003204299697	96
0.047448951063847	0.35225329506371	36
0.095405132187491	0.328969643557202	36
-0.043635746394395	0.141832138773363	36
0.018729748641914	0.327773666482413	36
-0.047275557110794	0.202442511558455	36
0.064577150729515	0.409682973323157	36
-0.118134949483988	0.170732485170741	36
0.082329659203352	0.413183989044651	36
-0.120152622282812	0.178582705208589	36
-0.104924646684761	0.197643600430125	36
0.068079992740768	0.227342178230577	6
0.00562022282242702	0.26554226029446	6
0.072648971975234	0.145001714534294	6
0.108677351248482	0.539355628435289	6
-0.122609038781959	0.11338139110779	6
-0.083038944529563	0.276798473599142	2
-0.099199353886535	0.145085354980051	22
-0.037075474094095	0.158578427765599	22
0.039183955239645	0.330951205082205	22
-0.09330011541718	0.233692020924138	90
-0.034593250419398	0.298779064099683	36
-0.123689650596163	0.146215562257806	36
0.059796310535686	0.232754794133307	36
-0.11555891625181	0.117761265314327	36
-0.098676496917295	0.208215861058557	36
-0.09727437781515	0.197947610336563	36
0.091655001841427	0.415849378850521	36
0.104817743299332	0.330100716730942	6
0.042938821288051	0.140065114893188	6
0.033417322440643	0.135169324807475	6
0.102740181359069	0.320450107863945	6
-0.082449324968341	0.329095339128442	2
-0.019482706424639	0.294748973838066	2
-0.031639185317802	0.295638313707802	2
-0.021805521946529	0.461796999565328	2
-0.008164340163169	0.248328392208101	22
-0.069607865766623	0.192544578211015	22
0.012585491506901	0.370105711433574	22
0.025089122268557	0.490245620057064	22
0.011228295215117	0.403368946458772	22
0.018446861938631	0.242668702978581	36
0.034435939047205	0.314406699684892	36
-0.071724823612014	0.249325385204823	36
0.061085452156529	0.418683347572657	36
-0.058592505119405	0.172524070296384	36
-0.006812809184716	0.260906444575167	36
-0.096916936220219	0.220769029902748	36
0.00156551237717001	0.334669886647208	36
0.036180460093411	0.451543091493071	36
0.10920186337083	0.576219504373656	36
0.040470327496942	0.396762025539289	36
-0.036185492851365	0.336856711566057	36
-0.052740221407831	0.175821778050615	6
-0.00969541131923901	0.40053812488259	6
-0.114727041538932	0.195625793421816	6
-0.10137735324275	0.187427300949211	6
-0.075331628333309	0.400062111047594	2
0.096258560915797	0.46783445700023	22
0.034192647975361	0.25139143292475	22
-0.071947755161334	0.31819552909185	90
0.093239250756202	0.653289863315233	22
-0.031378495553805	0.327610342941338	36
0.111540692125469	0.539758071002735	36
-0.00101223053418201	0.280242421771105	36
-0.099345242518504	0.171355486032851	96
-0.117096117669376	0.110600744754759	36
0.082254361915175	0.400522841676592	36
0.047354135039673	0.440999860966149	36
0.041714264405842	0.331464703453068	36
-0.023329521631438	0.406600664606431	36
-0.021503814797616	0.344825400514552	36
0.073303137668775	0.463453264021241	36
0.098937127228514	0.33264816160121	6
-0.038312256414284	0.140521237331576	6
0.034159317728709	0.2381435559534	6
-0.101031833704547	0.239657349888237	6
0.017984704063032	0.467065590548321	6
-0.081566773562617	0.215091090634297	6
-0.095099128945518	0.354679692696936	2
0.123725073037037	0.741622101645621	2
-0.063101282305509	0.279382817120817	2
0.086648420678676	0.717771974108449	2
0.037088139329814	0.253356517849382	22
0.033176011591802	0.249790818259966	22
0.000911416088990979	0.329176245600352	22
-0.122164928965971	0.170109680804394	22
-0.038666512267944	0.403173316343594	90
0.048067942603939	0.611607444475036	22
0.091420181017455	0.651593661217572	22
-0.079632603869954	0.283713546325406	22
0.081099003359095	0.722183729081682	22
-0.00495819718993101	0.45901656422772	22
-0.105680581971351	0.211437891506627	36
0.079876448855013	0.509889581831369	36
-0.047355147907046	0.2276770111006	36
-0.093918140711665	0.219483352563017	36
-0.011908215344428	0.315987462839689	36
-0.066266925309059	0.231777170260405	36
0.064266764657402	0.43281196838988	36
-0.090510531463347	0.246737363672246	36
-0.055032549242535	0.295122314893984	36
-0.069211221514717	0.283358745638609	36
-0.046290413352571	0.335259645022437	36
-0.02092283180062	0.348658529176358	36
-0.116632664969061	0.11019574242916	36
0.087111446118475	0.229222271239675	6
0.047085132528893	0.237236302666267	6
-0.041825218627827	0.233111767251994	6
-0.032635943603514	0.129414925773328	6
-0.092764782947001	0.25721528434142	6
0.00857816514516402	0.408716378096355	6
-0.096223923089211	0.345155168769594	2
-0.027747768725722	0.377667687828841	2
0.099147832264141	0.858919821614089	2
-0.074468141292972	0.37043791590224	2
-0.043527056505342	0.276785862141624	22
-0.116200003310139	0.103147188140127	22
-0.098035322175791	0.217561608483939	22
0.00315539431808898	0.487362419764182	22
-0.023819944431272	0.4014491147583	22
-0.121976686940586	0.206899543209864	36
-0.060460377760716	0.320549139056557	22
-0.059903867764777	0.277908713476785	36
-0.072242818311549	0.240263636992607	36
0.013415695299855	0.252354613785141	36
-0.048105718798787	0.174302410134323	36
0.112879654395853	0.597578893106601	22
-0.00827434704395899	0.363822083940756	36
0.043637690087484	0.441056485733882	36
0.064407787908009	0.563080209165361	36
0.052453839990025	0.60049034109707	36
-0.051551583877862	0.317489526552459	36
-0.007244330233001	0.347834735962496	36
-0.049931116005732	0.252666817175558	36
-0.047007602911085	0.166457836411676	36
-0.00804676744593499	0.299714480171224	36
0.047464756672745	0.399836215334686	36
0.00342620045123498	0.468809785010416	36
0.052508646023895	0.549592313748496	36
-0.11900640704736	0.188119163764733	36
-0.1063813208969	0.146026647506181	36
0.006320898618419	0.258789012327047	6
-0.034176549548408	0.133784319740866	6
0.03736643038236	0.507215818969521	6
0.011466299076124	0.434899507066417	6
0.021641250958902	1.35380407466994	2
0.00585419907645501	0.973548544342871	2
0.012904370504883	0.556611976637128	2
-0.08701646291714	0.277327412460507	2
0.05596794501424	0.836311559358139	2
0.111304513969939	1.16272730859435	2
-0.089938843606399	0.193499836099236	22
-0.044100517107065	0.414866523966572	90
-0.096412676238897	0.279256591983943	22
0.111646182583218	0.753555972470084	36
-0.085756648331714	0.256284884440334	36
-0.06198848464045	0.231835806338101	36
0.116596310759444	0.461055147021495	36
-0.035510463388664	0.309536669509007	22
-0.04143405568315	0.285108878469224	36
0.104987999125404	0.320097645476483	36
0.067530711981392	0.518713567757565	36
-0.052799424525707	0.270490604341278	36
-0.048281604988775	0.360183753637533	36
-0.019602028484177	0.410530097078578	36
0.061432780452386	0.620560573395254	36
-0.011860316949807	0.376055723772631	36
-0.014143345005935	0.398188203515505	36
0.069924274154393	0.327863499466574	36
-0.059540279562609	0.124069523040002	6
0.103460199697964	0.22774340428951	77
-0.101622535536443	0.269048908752344	6
-0.083370343558974	1.05516242636696	2
0.00799780014338802	1.42034000836662	2
-0.058032227676678	0.463910618508632	2
-0.02580491861194	0.298160996806682	22
-0.017505990408318	0.340325614527377	22
-0.015059653413827	0.515982688534377	90
0.055248078894224	0.628527247129401	22
-0.109772598364396	0.222243864184586	36
0.030062819136673	0.564202850745712	22
0.120959952830363	0.744974336607026	36
0.034334130445394	0.505877617494789	36
-0.046046957378851	0.202527251846427	36
-0.032963742523185	0.203810921751115	36
-0.038391418604227	0.160071256218836	36
0.036856041506803	0.416497694549903	36
-0.088259295356799	0.244460253012721	36
0.064676513496401	0.581144155567477	36
0.115076751670316	0.602576523196628	36
-0.045102636135647	0.275924486282654	36
-0.038561171626282	0.299182402718642	36
-0.00118021192422199	0.300593083200639	36
-0.037228467957728	0.159978545422983	36
-0.054621422976566	0.218302737826269	36
-0.055010745616373	0.185850855948782	36
-0.114272455469815	0.207527222814844	36
-0.124815818363536	0.161583636255614	36
0.024848521957428	0.242628532723094	36
-0.031303385904949	0.120479168193079	6
0.020852473713352	0.129449083301761	6
0.059502619272602	0.240199479008573	6
-0.032930820834125	0.160214331941702	77
0.005098929552947	0.310642880653685	6
-0.073030256802791	0.25710410709211	6
-0.060353367074159	0.192573729026814	6
-0.104424799281933	0.270093199299134	22
-0.019652186546813	0.518150912396105	22
0.041637917262994	0.635756021388566	22
-0.105384234754907	0.254204935435336	22
-0.061811322976938	0.344868738272745	22
-0.119335562600784	0.189376248763392	36
-0.110210220745001	0.213625464283299	36
0.045812865026317	0.492297074543211	36
0.061153851859113	0.551355502377518	36
-0.102770904031799	0.146874560014766	36
-0.105325389734753	0.135811475967453	22
0.096832620009877	0.42036465519619	22
-0.104281746876732	0.179829294565661	36
-0.037844375937068	0.294141981197786	36
-0.103922901668452	0.215840649244923	36
-0.10969831300902	0.161695405236655	36
-0.107116605949942	0.188287541202579	36
-0.028715164407001	0.336108431818869	36
0.100011242899381	0.655560645084269	36
-0.09811602373456	0.183587910886208	6
-0.119977979130706	0.105570528448989	6
0.05963463069918	0.331374400810163	77
0.056355528655023	0.308365542439385	77
0.025502896676655	0.459864990555145	6
-0.117695220417979	0.199671415581839	6
0.00389125762254	0.272713565612448	6
-0.109673009247837	0.479092009693444	2
-0.085160816269535	0.327442221016219	2
-0.042526065173228	0.427801047668174	2
0.038766929909691	0.488633034327688	22
0.017989840232395	0.408322151204815	22
-0.071045646261799	0.381843132617325	22
0.099588670489169	0.949889024130125	22
-0.062350019014377	0.393814864997229	22
-0.010497328605854	0.514981172360148	22
0.123198740761593	0.825726303509478	22
-0.075467551396316	0.317319713285603	22
0.095685960938371	0.651817350497642	22
-0.020285819647619	0.351361652477011	36
-0.08814368538412	0.229727189192753	36
-0.009392179254228	0.345882670720864	36
-0.108602098610859	0.14155176143501	36
-0.00627513971383101	0.262034234208789	22
0.063239898680552	0.443509537121671	36
0.009550663907259	0.442950024727301	36
0.099787321618985	0.625448585351074	36
0.0040505811298	0.484937826122014	36
0.036327223903987	0.247260062413583	36
0.065396830074345	0.546555780701566	36
-0.08153950199437	0.267334176999374	36
-0.013633563936055	0.405536363507126	36
0.021593990741788	0.443601406801218	36
0.022700110846019	0.2375303807586	6
0.090280707606613	0.235334290216223	6
0.042198411363763	0.328279341214969	77
-0.010851459783128	1.2053982466311	2
-0.115188516298393	0.457354991888399	2
0.037421044479878	0.869396730568486	2
-0.106939950631557	0.406299694005041	2
-0.088025885421514	0.233098350024769	22
0.000321403718977986	0.598849282069622	22
0.083802955606001	0.765744676025157	22
0.08788324823753	0.812053182438884	22
0.00281860612734902	0.535790757495306	22
-0.110730454036257	0.213526244104828	36
-0.114901433157017	0.183391059726868	36
-0.09594095919796	0.175890719891639	36
0.03829052265343	0.247919710853126	22
-0.053369880924301	0.193601515689128	22
-0.122360941932893	0.153004835076266	36
-0.032334224344839	0.338071127587743	36
-0.00416391267489799	0.350891848004335	36
-0.09117757706242	0.231267523995517	36
0.085179551245135	0.523729519621146	36
0.06847051855653	0.243261697385156	36
0.095300207615982	0.582342765306132	36
0.019862130674407	0.48630142859671	36
0.020518505777189	0.478662052982812	36
-0.097561375894483	0.158482641176867	6
0.070608643145575	0.584282753260868	6
0.016658296750273	0.350366502368656	6
0.033637271142749	0.140091789933446	6
0.083721305278963	0.394483489044359	77
0.012794026249994	0.428041904484658	6
0.028883649863986	0.998142921839499	2
0.012332712058378	0.270878544539866	22
0.00317516174224802	0.246859163616031	22
-0.08731673496588	0.291138881117999	22
0.031019360934968	0.802879390316306	22
0.087448768829966	1.01188078804707	22
0.00149938025733498	0.667459614039479	22
-0.092918926226203	0.348088961608799	22
0.10938628846504	0.925708574393813	22
0.039869533815697	0.76328061896834	22
0.116740855423475	0.955161761177888	22
-0.083210201634919	0.287184319151597	36
0.021436220227973	0.508442133391572	22
0.011703568282404	0.52218006735618	22
-0.110339451767821	0.221311586650369	36
-0.015985460703114	0.28557281185443	36
0.01168374338844	0.251736458818125	36
0.062549200754302	0.341974467444109	22
0.109382879609124	0.846919271729519	36
-0.075160197797602	0.263464822864685	36
-0.050110041394713	0.23501791297563	36
0.057579203303344	0.24167388317531	36
0.005780174402433	0.357833329664807	36
-0.040355267263095	0.3024166111526	36
-0.095040440768436	0.1752051686731	36
-0.110758868003564	0.21831882900789	36
-0.118115047538598	0.205843624396485	36
-0.083854915347138	0.259155110363716	36
0.037369145540977	0.581679899611213	36
-0.108982933625727	0.208715340419592	36
-0.096281110206751	0.193723912331667	6
0.101651110564028	0.312055085265347	6
0.033531028200373	0.139093643643502	6
-0.035153824687468	0.149812030158064	6
-0.079700844647433	0.249035391239406	6
0.106007835444885	0.407543772377134	6
-0.006512513121432	0.301168500937765	22
0.109474203901203	0.680383873352961	22
0.092332687616027	1.10445074789404	22
-0.014113103015518	0.503041538304118	22
0.061252747073994	0.835533844197452	22
-0.029522099885654	0.473503926121926	22
0.099654242468888	0.849713387514232	22
-0.112122261709336	0.234470369000784	36
0.091939818600303	0.706583478057606	36
0.028572441699125	0.526621086677159	36
-0.004350347162316	0.470294262243424	36
-0.015689391662533	0.458114041167943	36
-0.052941214185836	0.282002271989188	36
-0.058310408717815	0.277605337150236	36
0.082453776372058	0.433436348547587	36
-0.039752228774456	0.265277260865346	36
-0.00408613818314299	0.364919846262374	36
-0.094073861370179	0.169137736912038	36
-0.000326475054366004	0.265051036188064	36
0.110661139626669	0.547398837901295	36
-0.06715461763334	0.312769592241224	36
0.122945505421502	0.778785804433916	36
-0.118398824020193	0.172113803222478	36
0.088841678434543	0.677098574955884	36
0.036408844952743	0.532954272600692	6
0.106929963241676	0.72734952497158	36
0.064449895947405	0.141954040430585	6
0.071020418710602	0.144210459052715	36
0.071688058723007	0.145070049837386	36
0.011678346734307	0.323801950391797	36
-0.076076974301619	0.299035371525627	6
-0.028735304402335	0.309204355708249	6
0.012747253418016	0.251396914292203	6
-0.102645140215672	0.14328012312514	6
0.069363310230013	0.383150802663903	22
0.018208939139338	0.495464526375413	22
0.121109608353857	0.679490536160359	22
-0.00599321434826799	0.53299226703245	22
0.018398453707454	0.644719031267166	22
-0.036802217930408	0.417316289700782	22
-0.00579322520805301	0.466913499554169	22
-0.03251647209313	0.407277543796563	22
-0.084343544257425	0.30537146404521	36
0.049685744232958	0.594840116258695	36
-0.060850742984699	0.305005348181245	22
-0.04324077586097	0.305317789145201	22
-0.111775778507874	0.128557563029047	22
-0.117093644268829	0.100474986593716	22
0.073849932275612	0.328963588017837	22
0.03756692449851	0.407724997426495	22
0.088289896518726	0.565324256529034	22
-0.110088655022451	0.177422570846212	22
-0.073213249005138	0.294449385129643	36
0.111798271439958	0.566159516400563	36
-0.052575603779289	0.293263726549504	36
-0.066415648244627	0.221629414878851	36
-0.07181253416407	0.224512783031234	36
-0.115418655168187	0.184991482343376	36
-0.106613975964017	0.214886398153543	36
0.022357007317383	0.484286518788192	36
0.00971003684928101	0.423673455337613	36
-0.113096536266902	0.20271432800925	36
0.073196502661105	0.311957804327324	36
0.110140585614071	0.329405241384953	6
0.071141756065215	0.241469386296493	6
0.100099240972125	0.222500520947249	6
-0.041489435109825	0.134113973635115	36
-0.018246014091502	0.230565864263433	36
-0.123474097205165	0.205484936984611	6
0.00393510245548601	0.445290461441031	6
0.122803722494825	0.599051367800534	6
-0.081835607392858	0.367768501212332	22
0.00167614760176898	0.416727952937275	22
0.018545020316048	0.683221377557714	22
-0.01038316995638	0.519365223373634	22
0.041780499800004	0.745073775565709	218
0.041912938037385	0.605970637229062	22
-0.114554684478183	0.213394709267043	22
0.00515210792190601	0.498710051223446	22
0.080310448277178	0.677285390833372	22
0.094594382643657	0.623231055094142	22
0.072562336699749	0.513824600411226	22
-0.08661206410623	0.214117785238105	22
-0.099045110106116	0.235757528239894	22
-0.103238554811233	0.175573958988426	22
0.025816520409871	0.35273911198397	22
-0.041073678796656	0.329255244961545	36
0.068339323715689	0.546968988480429	36
-0.053844765223043	0.253062518871759	36
-0.021313219159753	0.316180501827252	36
0.051111066297746	0.425586555560799	36
0.097599515415078	0.550439069139435	36
-0.124970707193612	0.150640654677533	36
0.059201018305098	0.472197750953577	36
0.116175162105666	0.564529356502958	36
-0.075509313835757	0.253046552412072	36
0.024763449622855	0.411844615677699	36
-0.118037958678217	0.120086264706675	36
-0.00917327864651299	0.295327076345409	36
-0.049596688139952	0.149390431016526	6
0.068212526948028	0.315562834866603	36
0.050486052491755	0.233679156825005	36
-0.05924506305153	0.290253100286379	6
0.107735649962277	0.755022720467853	6
0.013676713684415	0.445304083536752	6
0.053410853267834	0.868028767757793	22
-0.045166020256965	0.492408668866601	22
-0.113397061756758	0.316686989240359	22
0.086638584401471	0.91323318125179	22
-0.007172136755522	0.42860860065316	218
-0.117583124089563	0.175298811462287	22
-0.073928759007087	0.238201355122698	22
0.053111868562389	0.327941070086309	22
-0.030402554007218	0.286270468197389	22
-0.021993783189699	0.307744395618677	22
-0.061271675747656	0.229666755183328	22
-0.06566704766263	0.234929634265892	22
0.118073349499869	0.405485090508436	36
-0.051206918304248	0.223767360276734	36
-0.053742440586409	0.23615576157359	36
-0.052817377557224	0.288302983146392	36
0.116232303225413	0.487527847418986	36
-0.059987254548434	0.179424275548667	36
-0.089992396297791	0.211380107225613	36
0.010188714560888	0.38829312159456	36
-0.04069793744768	0.2966179708981	36
0.094829641390575	0.414763968657805	6
-0.068932585865546	0.205737088339965	6
0.047600830067676	0.405126098945944	36
-0.016348755424152	0.247936682890771	36
0.069823297978683	0.246373336407404	36
-0.012825993325223	0.272143647802744	36
-0.12405678439938	0.140025081487753	36
-0.0616296885677	0.230379156691062	36
-0.101797645315899	0.154766112523109	6
0.031672237363217	0.377849718232129	6
0.087527677830499	0.420629637334157	6
0.124385025352117	1.56754510204394	22
0.102851176951656	1.46878694911248	22
0.014882569348377	0.769854091653072	22
0.04605247379697	0.937542348450151	22
0.045087893455319	0.468039719392558	218
0.117978490586461	0.660223984662687	22
0.035156416883346	0.516768906874263	22
0.08144037248984	0.497859349250069	22
-0.006911993488396	0.288618785867739	36
-0.051375768686425	0.190012581710786	36
0.027113291526538	0.34045910049853	36
-0.086719672323034	0.20328540601802	36
0.079936907188162	0.411909586113432	36
-0.074039890234497	0.269157571679521	36
0.014251824477199	0.547959703680543	36
0.000709838517422012	0.231783582583961	36
-0.097562854091028	0.155392374976359	36
-0.110880237933657	0.121668269996926	36
-0.066916234588033	0.246154764561229	36
-0.098830627089142	0.222863925975916	36
-0.036616211052128	0.31667503358961	36
-0.030283782890679	0.276383304710708	6
-0.087750579236163	0.277822957377879	22
0.092639850804528	1.06981494148669	22
-0.061641034278731	0.273776057486734	22
0.121557490899154	0.639727734207588	22
-0.064130123437961	0.166925461577944	22
0.068542701994248	0.442844487620142	22
-0.034974070976443	0.237009231175797	22
-0.002007931962278	0.318570661630949	22
-0.057907850218108	0.239767156560292	22
0.040093972767361	0.390153039938062	36
-0.03564570167396	0.296993398564652	36
0.11075630668963	0.488313983998965	36
0.052749359156571	0.487679132147289	36
0.110567235143383	0.512597978849002	36
-0.040958473725211	0.268481911082069	36
0.069109358609087	0.445615268535717	36
0.027232052233091	0.260304644883588	6
0.088664905679033	0.385247640133346	6
-0.036521522016745	0.157192099083906	6
0.049690811279635	0.2435776284543	36
-0.000248796848791005	0.207514766939361	6
0.010404913089285	0.394827923189967	6
-0.068364301089973	0.429374414147468	218
0.086865056408198	0.890403997743361	218
-0.060709757058001	0.294602762118201	36
-0.024675051073691	0.323602210818937	36
-0.09431686700562	0.154946755874275	36
-0.021766005918617	0.296315306285833	22
0.06238370147603	0.503139092705714	22
-0.022517119297866	0.298295224470424	22
-0.074774343811963	0.274252369947975	36
-0.082011938800029	0.236410121567169	36
0.072726610275785	0.242277098007785	36
-0.014837567112392	0.285451898635268	36
-0.067412650443953	0.191543682537451	36
-0.109603019134115	0.143513665891683	36
0.114758140008862	0.55647684333958	36
0.056269264658848	0.511758027130218	36
-0.01367932800963	0.284457857905569	36
0.011976732767922	0.397679711554883	36
-0.118290945763635	0.100307886313352	6
-0.044479087802586	0.135431510945519	6
0.111837257014933	0.238127824132683	36
-0.122824570248529	0.17354674378406	6
0.037800262130603	0.373732577345125	6
0.115767114711576	0.905718814016141	218
0.0163844616283	0.608719556451699	36
0.121459893431898	0.960565888982496	36
0.111421210795727	0.827727397060423	36
-0.018181580994414	0.383343487193827	36
0.042198486948781	0.515123508973443	36
0.046255486691436	0.414409916439516	36
0.00340406902462098	0.349149239774413	22
-0.033086825502033	0.270035527369342	22
0.081203721126093	0.527160413181598	22
0.09967730740099	0.634994307038933	36
0.067992444397165	0.510857104976854	36
-0.010320714661035	0.280265133027163	36
0.117528273004319	0.407377053923288	36
-0.109849116120675	0.197870002704265	36
-0.034654012926494	0.347496635317647	36
0.110266957042988	0.699015396221726	36
-0.117241755625041	0.19690207656939	36
0.026190531741077	0.350315143959366	36
0.059105054684608	0.238802570998408	6
0.113053525621757	0.606727026251062	6
-0.035795485697355	0.353580666496758	6
-0.024662391680393	0.313368638391146	6
-0.076835544546001	0.673736503900783	22
0.045497338681724	0.563883311971705	36
0.112564490761463	0.776027215127545	36
-0.033930213445046	0.367082553126548	36
-0.00620016765029799	0.391281484211425	36
-0.05386002168913	0.174586606908959	22
-0.110660045973858	0.205981598168655	36
-0.044614576971971	0.323378557613541	36
0.032321310360026	0.449199935794053	36
-0.099716784690547	0.178649877375255	36
0.005637247224617	0.287076808481688	36
-0.070779772143495	0.265538917200898	36
0.117400353064309	0.59498427911833	36
0.069957720038071	0.535026725019795	36
0.045357718637531	0.443166311521852	36
0.029866871444438	0.442317473918964	36
-0.039321845264047	0.295790796764072	36
0.099572334579109	0.496959967062182	36
-0.054246659300451	0.163294181449562	6
0.063868915497715	0.243557788517501	36
0.034509147154544	0.141160902369366	36
-0.067464855702177	0.20179561154673	36
-0.034930833528113	0.133726917383613	6
-0.115769102630085	0.203611446673733	6
-0.109036260392788	0.147756540030038	6
0.106110758148317	1.01682147981276	36
-0.00936000202219001	0.531891164668399	36
-0.059378579168638	0.329205492395256	36
-0.079828077273023	0.255022749373237	36
0.071048319643511	0.485692874189075	22
-0.097628387628445	0.162476712335563	22
-0.074212816525179	0.234272621190636	36
-0.025390432190013	0.325618273347031	36
-0.019717590077638	0.330800588607115	36
-0.095446133751707	0.190236789750522	36
0.080887980403116	0.520210652785122	36
-0.048985082836587	0.14649401774222	36
-0.024457618888802	0.123180337295437	36
-0.046127417395274	0.154478558252067	36
-0.100319691987556	0.156842279996993	36
0.10467233108322	0.234600889900906	6
-0.074962077357217	0.276891200197456	6
-0.087947491132707	1.42370999329492	22
-0.00461825214723299	0.520281132348167	36
0.100469699932328	0.777940964745157	36
-0.06556784721253	0.284745863239804	36
-0.01362623949672	0.339163854901678	36
-0.060884674349581	0.259707165186903	36
0.00584510778400499	0.377030448147866	36
0.016463438052663	0.405469096374762	36
-0.060410240295999	0.16652126448847	36
-0.094092121560806	0.161862050553087	36
-0.073243195281948	0.207753695132945	6
0.00573645169521497	0.345664979399445	6
-0.035782538246482	0.19689321419703	36
0.043455446698639	0.254531671461796	36
0.088815781647482	0.496404039227173	6
0.08611191584969	1.87604366727096	36
-0.034777968393419	0.465312840501038	36
0.1082564093028	1.42955332194867	36
0.097788462506722	0.681390866719149	36
-0.085787289781542	0.235101948371458	36
-0.086721498861597	0.247227659295016	36
-0.118612375267304	0.174652050901443	36
-0.012195557525734	0.299264431323486	36
-0.00873312792710601	0.284285051624208	36
0.00106812786232202	0.27156281648002	36
0.031583872763715	0.138101833474856	36
0.022336963752917	1.5553139207666	36
-0.079181492860456	0.642619371026929	36
-0.051118947973566	0.677452059705407	36
0.080329859385996	1.20303217522851	36
-0.054799734904831	0.297978990412155	36
-0.10362022572076	0.205422657534924	36
0.112152711727745	0.623586636586964	22
-0.096616569012001	0.181910613804404	36
0.116763989665645	0.490001699577952	36
-0.023330923689549	0.291514199352306	36
-0.036327034486983	0.283720542022921	36
-0.052161034471208	0.156722478090324	36
-0.00433876814848799	0.421491812114932	6
-0.10332040960279	0.437296134522248	36
0.010218208272055	0.665608670741321	36
-0.000289095809142992	0.412788678255919	36
0.043245295262759	0.485644222098501	36
-0.082127859812303	0.268825277145806	36
0.035146769407617	0.44200974358499	36
-0.05416361622421	0.202417337845591	36
0.038358857563387	0.317334846689117	6
-0.099231924568138	0.136397979361443	36
0.093077572305856	0.33306989972851	36
0.022717695827325	0.25356230060945	36
-0.023726367624709	0.293653986078883	6
0.03708031648592	0.421527167111968	36
-0.092649695705013	0.269796871491291	36
-0.120454075818501	0.127632608212531	36
0.082960030699335	0.394821740457653	36
0.048873758279516	0.415735246849971	36
0.0610681354329	0.416393404217089	6
-0.03714048025898	0.425942111173052	6
0.032287689146464	0.35261919735889	36
-0.050641508546585	0.216435327062182	36
0.056781483336757	0.323316896248829	36
0.123921762268746	0.237955964465354	36
0.105166705183862	0.332777736313323	36
0.08400669456379	0.399296533182185	6
-0.120057494013599	0.151034716443363	36
-0.122807580991107	0.168025803208526	36
-0.124458141006135	0.208611809225921	36
0.057524417365582	0.323848315309833	36
0.10601822901806	0.409890714552756	6
0.106196708576451	0.233841012996846	6
-0.017913614461622	0.130749920118563	6
0.00602648568499498	0.267991824017605	6
0.108092238144433	0.593429631753948	36
0.042801992576612	0.339843050815148	36
-0.01142958759931	0.246823675415824	36
-0.003739418591306	0.265512047150347	36
-0.048274122833193	0.155411978325005	36
0.068899535082914	0.436892148444091	36
-0.040326974833305	0.133351686354926	36
-0.056434471623551	0.141935119084859	36
0.093944658290345	0.398939452826458	36
0.079714883245592	0.573191280522289	36
-0.038137619047356	0.147039979676592	36
-0.002715177448949	0.130207032312788	36
-0.091015510194578	0.162272938234529	6
-0.077885959484535	0.313057822099775	36
-0.110593854746793	0.148451250428296	36
0.014449629671016	0.565225766287334	36
0.086357029463197	0.61053677586555	36
-0.018730919896622	0.426968633861922	36
-0.057411503841841	0.203369395622314	6
0.118024539798799	0.681893347047781	36
0.096304374973097	0.437100065302449	36
-0.115940927422302	0.116437778648772	36
-0.054756497519875	0.175510270465665	36
0.060558186963655	0.339759851590461	36
-0.109429650347216	0.120769933945068	36
0.074736067316322	0.246432223127035	36
-0.020810420659593	0.274064245455488	36
0.050698087384663	0.552841133436943	36
-0.058727946764717	0.198726015906391	36
0.014363886236186	0.572195191326932	36
-0.017439368774381	0.338270551731993	36
-0.040330622163035	0.139742135169798	36
0.088140866554345	0.234164410343462	36
0.077471823626037	0.238988365012495	36
-0.035101591680653	0.150038579360963	36
-0.090552502598659	0.218139810438878	36
0.05904403825176	0.667835896773651	36
-0.100727463727036	0.150762357007287	36
0.090526955439258	0.696157966438264	36
0.118222950301222	0.463881369495912	36
0.016921305250561	0.50639617495673	36
0.112351411053692	0.333964222403356	36
-0.097454911935375	0.24191347723778	6
-0.052298694748938	0.163932428827493	6
0.012512715922652	0.458828111827744	36
-0.104756279999558	0.186544637779084	36
-0.045944794819176	0.269974288016417	36
0.079307408551487	0.442895496326653	36
0.00621336049361199	0.273024727969444	36
0.031083849629692	0.338298565753443	36
-0.00475059995525901	0.416172134417942	36
-0.07907049092141	0.228446616272377	36
0.109707570312721	0.472957399933984	36
-0.119684305230693	0.114696204592415	36
0.098500647006057	0.325611976359764	36
-0.121957885120357	0.0990346223982684	36
-0.05616714938461	0.195853125416435	36
0.104934878141171	0.421103560749798	36
-0.051796049868628	0.150326597311058	36
0.062371643875585	0.46197996085536	36
0.089509139003996	0.319771725794534	36
0.00598816492159798	0.240116220925881	36
0.073186297659692	0.462464863915083	36
0.04015060337957	0.544194864344865	36
0.045917648518718	0.529485301706169	36
0.021636799963835	0.415473475063556	36
-0.064722199412884	0.27547106189161	36
0.070066261450778	0.628683971539852	36
0.068841314078908	0.537501353373924	36
-0.115408336920429	0.207070339258959	36
-0.101581488213672	0.155434513729978	6
-0.114087923785783	0.248625959220593	36
0.069698679036884	0.719516345858339	36
-0.108855137133373	0.210194526960479	36
0.037010441627135	0.539644593074295	36
0.065966086666796	0.481013419607719	36
0.118106875083477	0.71438910765749	36
-0.030327109747865	0.269966010872548	36
0.083631390285178	0.425224339668158	36
-0.115986984282872	0.180244482186885	36
-0.037843961512744	0.331346952784682	36
0.106389137600873	0.561428041504008	36
0.029266252804852	0.345879009928751	36
0.00802878802529899	0.255505494431735	36
0.120741671235671	0.542268801695939	36
0.026086071045431	0.345054651847281	36
0.122029372261153	0.644690713679047	36
0.00866392394907301	0.398592436253009	36
-0.060846140614352	0.184225719332202	36
0.085179366760139	0.570960872137486	36
0.035680728460013	0.328213322626579	36
-0.044081526657192	0.288384207720907	36
0.124685404159305	0.492203206341937	36
-0.011593845560345	0.486130348367323	6
-0.042612283246533	2.19093816574883	36
-0.02091100591394	1.32777748811364	36
0.081207107807216	1.85830852511259	36
-0.074255173941995	0.323137998644609	36
-0.089548870974382	0.244562096180561	36
-0.109548021431363	0.186471353440926	36
-0.002566775883213	0.339280143083695	36
-0.022941147478267	0.278840590131071	36
0.041038257116414	0.351197364107814	36
0.00209943099016902	0.296183301304182	36
0.117855234137537	0.501606459400218	36
-0.01594951763298	0.331842207730636	36
0.039802403117518	0.358233488112593	36
-0.049091920047829	0.175776511735622	36
0.041182501334504	0.248723979162384	36
-0.046191603934657	0.249521869313078	36
-0.090513460944318	0.18610652994305	36
0.094790997632526	0.419767245075251	36
0.032821951454839	0.323522373111096	6
-0.00870519133633599	0.343808387561358	6
-0.073231488091376	0.213346573657975	6
-0.103388314398757	0.863289391023426	36
-0.092894490531499	0.179178866779296	12
0.01942778312795	0.255220978554147	36
-0.106833379526913	0.131961081272294	36
0.071522782715791	0.319902448026827	298
-0.05844503689142	0.196711902570005	298
0.014140856204038	0.257554548575338	298
-0.053030457874704	0.333853829187524	36
0.00568786354924999	0.319923424287202	36
0.103484119720638	0.458203534260786	36
0.108074095361497	0.236453549266573	36
-0.104775897207007	0.171518199108819	36
-0.089100222991995	0.172078553045999	36
0.117950221179907	0.596107789919415	36
-0.010056417075785	0.293893399716608	6
-0.058101529058186	0.427392079338573	36
-0.01657302259558	0.307482713050387	140
0.020791374123951	0.391010598488354	140
0.057796645268917	0.354219888263519	12
0.067769315792885	0.514752586100272	36
-0.104936338953219	0.214016817992564	298
-0.070343847125311	0.174519044960519	36
0.062055750655117	0.242186395310138	6
-0.104528523057572	0.157377831164352	6
-0.104854257302484	0.417895669876877	36
-0.053986870389358	0.50984413238351	36
-0.084598104768152	0.34151173590298	36
-0.088919518259027	0.335677865552747	36
-0.034444759859447	0.301259826078969	12
0.095857750399121	0.549031661158872	140
-0.030502684372377	0.38594117582137	140
-0.029933044966888	0.447182918457315	140
0.017341482985501	0.486437226176528	12
-0.110028121824707	0.215096323051997	36
0.030296180188684	0.22912401404371	36
0.08275805153537	0.230207049275907	36
-0.042573831044269	0.146738173933759	36
-0.05458692577918	0.187236085110835	36
0.123038500499796	0.235832763019412	36
-0.024973045533614	0.276528040097787	36
-0.120350104878997	0.390218917695871	36
0.019527941836298	0.869843881430889	36
0.075336685401308	0.925105364375869	36
-0.036501986891793	0.504729212074451	36
0.018688770438982	0.399123680933715	12
0.047377723967505	0.496396533312179	140
-0.114416088187377	0.22534348299944	140
-0.095798624265199	0.245867790832733	140
-0.082131382296537	0.244246960196922	36
0.063899890636313	0.644306011311866	36
-0.063903247335162	0.296045986478484	298
-0.020649584986513	0.267391392931267	36
0.099317005507069	0.543105832312595	36
-0.00335961517706099	0.239459947858975	36
0.081876404291971	0.324711330573067	36
0.00366188467394102	0.131537289400491	6
-0.030886872800976	0.130194067476893	36
-0.116903019825839	0.155231060082744	36
-0.099582530231969	0.215244109116791	6
-0.109690100919719	0.550580600077081	36
-0.003704628136107	0.755565817772426	36
-0.048509582378534	0.550782457352855	36
-0.083268983044269	0.331990916434209	36
-0.113189929850418	0.248379078718984	36
0.11209239394294	0.431871312414883	140
-0.080927460928842	0.277191032720871	140
-0.057008830474535	0.336905791426593	140
-0.066697504035466	0.325686572464222	140
-0.077478787169668	0.336007009569662	140
-0.019942921534237	0.438036482777073	140
-0.053135231675381	0.204618767238316	12
0.117044697378081	0.704953760754662	36
-0.091913218638046	0.227756205641491	36
0.00352760974260202	0.409150406465441	298
0.069220298920491	0.144271494460804	36
0.077423866698599	0.240482998965178	36
-0.098005165585538	0.198627376096836	6
-0.092570238953245	0.568674514425594	36
-0.11905472573953	0.353881807779465	36
0.049285471266334	0.974142431605042	36
0.066060124829539	0.962495449107267	36
-0.059604735427649	0.443991097031743	36
-0.098314214787799	0.290018043117479	140
-0.106825885513598	0.122143215476749	12
0.025336806230893	0.498877653103528	36
0.124310140662059	0.154191210620307	36
-0.020437680904904	0.127881065863375	6
-0.101655493805959	0.131605650032038	6
0.098173702144275	0.226198056856084	6
-0.029650021072817	0.434967104559198	6
-0.040254545595331	0.347276889205427	6
-0.030061656352663	0.316717342754251	6
0.054662403672227	1.22906392198033	36
0.041533241802995	0.986978610651164	36
0.051303884395449	0.644595922700275	140
-0.097644578677608	0.22925502727115	140
-0.112178560782437	0.231221418789718	140
-0.088546582793973	0.291414162930506	140
-0.049811770288074	0.271148103728386	12
-0.060354533159525	0.357600390758878	36
-0.098193581253179	0.260218959978909	36
0.017731287630064	0.444947801770238	36
-0.100134997268876	0.223810368250535	36
-0.056016535044902	0.12229661676574	6
-0.044357555212511	0.236536281071902	6
0.088126397060326	0.763092855279395	6
-0.057905279496611	0.381591488836749	6
0.093041982641469	1.95499920205744	36
0.085478145355426	1.52445427978614	36
-0.023612813385616	0.744620895023302	36
0.112206937848292	1.15856051461484	36
0.088061258727243	0.690600446571334	140
-0.099998480489694	0.26434863325883	140
-0.025197371010279	0.456847273160661	140
-0.086516549666886	0.302738159196863	140
-0.00413729775829899	0.396597074208056	140
-0.062740825187817	0.162565278207444	12
0.12348485765201	0.673526274634273	12
0.102876926018972	0.522394118577457	36
0.00681687943681603	0.387980003085842	36
0.015102530762066	0.398602632220334	36
-0.114414997470826	0.127153151923166	36
-0.050132570283414	0.135529837866821	36
0.078478518453473	0.241732655396939	36
0.096569704266372	1.85153099364172	36
-0.003855211467688	1.01114519884837	36
0.043241749036488	0.972828431700323	36
-0.00654391161668899	0.796728688090238	36
0.092486193671654	1.26397832072838	36
-0.081232994215255	0.308371181031313	140
-0.109616290928624	0.239871978042206	140
-0.068522894841399	0.3988781580443	140
-0.098056078500108	0.283521676473996	140
-0.116992525390733	0.225866056442602	140
0.044182989939992	0.479193171244297	12
-0.091072501141799	0.237867219599385	12
0.057562706330069	0.591680636432556	36
0.00768689503257802	0.432155314435179	36
0.00835345410277699	0.357117146418604	36
0.024268176562153	0.577350596425715	36
-0.10583286962826	0.224631775371616	36
0.039187412922487	0.484579757327603	36
-0.077863889176785	1.51657301544881	36
-0.05946349263289	1.31720776997689	36
0.069786583608516	1.91909349852079	36
-0.015723530949758	1.04472154133338	36
-0.073097179593524	0.253285334101684	36
0.022789741507104	0.418755985363798	36
-0.012420628367184	0.377033638038423	36
-0.013925856683031	0.453570928849232	36
-0.063706990823132	0.304395120779426	36
0.033296667388211	0.509308751294192	36
-0.038029031208711	0.343509841630754	36
-0.093707045761832	0.157642809079471	36
-0.036081502857352	0.140959855280912	36
-0.011132165588337	0.133178798982438	36
-0.090624242722008	1.38661343382952	36
-0.119393253392822	0.819531315189247	36
0.027232488611235	0.239805978327113	12
0.079739531416695	0.507158933587094	36
0.063573864403764	0.644166712244574	36
0.063981924595948	0.66066575048387	36
-0.067936275647513	0.269787574094619	36
0.032486928828301	0.528480505243474	36
-0.00490267200410999	0.343705159983484	36
0.027616036640674	0.136417956595523	36
-0.036275572355388	0.132666295400145	36
-0.028676193361746	0.138313267242175	6
0.019111763857657	0.234831436334978	6
-0.122020856645133	0.159536188191754	6
0.093437436503851	0.752898309245344	6
-0.109014474853524	0.291522427783398	71
-0.04483520770148	0.380063151362481	12
-0.092375234733835	0.232826483096156	12
-0.096050023478551	0.192653944571875	36
0.034820425423536	0.431889885416245	36
0.015762173753024	0.456859131808943	36
0.065446319793111	0.582017640910008	36
-0.045282750974031	0.26803703339022	36
-0.00615057244491499	0.346938712967349	36
-0.041588109329948	0.130925785388096	36
0.020010305671994	0.462997403202604	36
0.107263318237125	0.623942443010813	36
0.061729574389111	0.334459192685752	36
-0.112148600490198	0.267729110473627	71
-0.086082568438346	0.381256151807103	71
-0.045070178277994	0.462264179650822	71
-0.095525299831937	0.326031428336724	71
0.096194440280205	0.39226120680547	12
-0.089426971302443	0.231366549748441	36
-0.086703376168123	0.212229769332242	36
-0.077008435428697	0.291785009586175	36
-0.096914181568931	0.235792620464486	36
0.02777026003909	0.480954893921233	36
0.053614130323345	0.551462427974421	36
-0.12317570695748	0.192621686578991	36
-0.097670324620092	0.202313270530404	36
-0.07004103308474	0.26325690266834	36
-0.03714953836622	0.125428080214055	36
0.062608939772279	0.466398373235324	6
0.01241298020042	0.484829106282897	6
-0.018264123410076	0.404137733934217	36
0.025782934928471	0.591171125300483	71
0.017629576272382	0.6598443489759	71
0.045452707705044	0.84949401548518	71
-0.00438857156934	0.562820372155144	71
0.097307780591805	0.822334990214749	12
-0.074440643574016	0.32407319169084	12
0.116037960917648	0.685600075204834	36
-0.063402375767981	0.292285234794942	36
0.00528333141332799	0.46828793051119	36
0.083579343199681	0.593193594358072	36
-0.017212787939316	0.377579806102406	36
-0.075028195959817	0.253699255515296	36
0.124017956976589	0.610266807486522	36
0.041949971343181	0.345738532269869	36
-0.036132032038169	0.165835519785398	36
0.050585271897924	0.228933282647957	36
0.056670867179245	0.240282069166906	6
-0.065177443560232	0.189607704895168	6
-0.070526525526895	0.270657880965861	36
-0.018083566133091	0.41664198073057	71
0.031761943489688	0.77151184824413	71
0.036332085299872	0.668256189471916	71
-0.048174872024864	0.335793478012348	12
-0.123699320361662	0.175179944907984	12
-0.082125875326769	0.238394034464538	36
0.00150537075417301	0.397784419450002	36
-0.065048762169135	0.301491826829072	36
0.00152784250369098	0.417315056498238	36
-0.032640629192135	0.318849403826824	36
-0.015459889404134	0.320053357954356	36
-0.048755645271849	0.289649546253258	36
-0.054938976159246	0.164230946885197	36
0.03299479344214	0.231152960501452	6
-0.01125677822937	0.280452161978434	6
-0.049468776673597	0.298327368096119	6
-0.072163010258248	0.259653906820634	36
0.099881368808123	0.646403828400484	36
-0.062690647605381	0.436885566787048	71
-0.068789777201486	0.324914835876673	71
0.00624404798727202	0.57881832447055	71
-0.079127704974793	0.470657696476018	71
0.062160258160008	0.986242413231608	71
0.084560846785706	1.0397450980396	71
-0.120235447959808	0.290076821423434	71
-0.101835605727853	0.256413963705448	12
0.116384610401023	0.414781640086065	36
0.104586986122611	0.409129406909951	36
-0.054190385871829	0.213341307215383	36
-0.071099783469839	0.272278210541502	36
0.050235082828314	0.498963755359662	36
0.089946768975599	0.538867752227196	36
0.092938569879526	0.624036886411641	36
0.00894191242609899	0.445115812557118	36
0.01341280630753	0.405213661094368	36
0.082209842841876	0.488245928455182	36
-0.04681413182917	0.161322343060153	36
0.059152825444049	0.24406161496054	6
-0.042987410160524	0.14756069795946	6
0.000753248871630974	0.133162519642447	6
-0.00267348712439999	0.263274694030333	6
-0.086858769441384	0.178690184895721	6
-0.005098118491558	0.454848493849266	36
-0.057394140982753	0.274648189710278	36
-0.081979272277461	0.393706745844418	71
0.026747677915772	0.877088241870479	71
0.087294188345128	1.19130548230046	71
-0.066483176300495	0.50259002648868	71
-0.049324150139001	0.377603052523494	12
-0.120312559383516	0.109466628848408	36
0.032407288150357	0.387185790412956	36
-0.067631943960053	0.299391370247043	36
-0.013581345785013	0.3620037012646	36
-0.090569881318675	0.24973168609516	36
-0.072988801560568	0.266053330799383	36
-0.080789195281861	0.224935306616774	36
0.057859556569008	0.504160512575993	36
0.013324664784426	0.253341075310707	36
0.084813009011018	0.242444690801331	6
-0.01902901245585	0.129143587726845	6
-0.070549388601208	0.15913164496138	6
-0.00811557863597201	0.125376091820993	36
-0.118223585850909	0.189035519337803	6
-0.00613335430746301	0.390086397174838	36
-0.114216735210202	0.113141388909913	36
-0.093890914603995	0.306241967313368	71
0.096997495628023	1.22298638808886	71
-0.047787391590328	0.657757759475549	71
-0.054412827179049	0.578406894730447	71
-0.099322366807074	0.398684290499218	71
0.034941145677263	1.03822660565677	71
0.061974779596688	0.944009791313823	71
-0.020577121102707	0.453846696786606	12
-0.108184441353905	0.254110383973485	12
-0.000542368912706009	0.249758761987817	36
0.069697760643931	0.317346237823903	36
0.026709012069182	0.473563692096865	36
-0.096851552339564	0.218966753698615	36
0.038454822986729	0.448953342756446	36
-0.080923901806578	0.266657833796043	36
0.047387699581721	0.491966609002887	36
0.020075010417114	0.34936939052343	36
-0.097262372307668	0.125532436219145	36
0.10441866349809	0.234441937403048	6
0.032828685070843	0.13919628548156	36
-0.00527159703433	0.426470435628811	36
0.070589480049886	0.874349771287445	71
0.00684856081885599	0.853637505541647	71
-0.097046777779284	0.382629081872351	71
-0.111640965667761	0.334612253134638	71
0.00313515395228697	0.433063645556268	12
-0.098672934455777	0.155150572487402	36
0.065287772938532	0.47349757623025	36
-0.113560617400534	0.124655474218555	36
-0.092760256472664	0.20116374443747	36
0.083080606937924	0.643174948349732	36
0.00986590230608197	0.418572304801091	36
-0.080023492391014	0.262344898280371	36
0.012251482984132	0.416910933555634	36
-0.101539016321608	0.164301558716696	36
0.00734232606707502	0.133677865910099	36
0.056635876250155	0.24888251243946	36
0.072904477703496	0.147034585169118	36
0.00840834034150501	0.399707498530512	36
-0.025896481020704	0.363817181651343	36
0.095477282358857	1.63469838867321	71
0.100805505752072	1.71287048064097	71
0.097855243710266	1.60479080182235	71
0.00673895559858101	0.889713260151372	71
0.115631739987458	0.422914752993996	36
-0.057874554520267	0.24547837317672	36
0.099541942213303	0.785111990124246	36
-0.082766414163054	0.272132520483237	36
0.03728526319663	0.60023167716762	36
-0.00162216700273701	0.371085450953079	36
0.065866815919272	0.611283793611655	36
-0.063679162628516	0.308349416082391	36
-0.092057544919058	0.229827366276307	36
-0.073975704171054	0.190805825919138	36
0.032325556820398	0.137339059642469	36
0.027743578525704	0.245109565570025	36
0.084838658369882	0.231720047030389	36
0.116499491893047	0.312345862403225	36
0.089586206481523	0.335545582196174	36
-0.015044476199607	0.34365248581106	36
0.095907807747878	0.451292070356458	36
-0.111345580780182	0.575531502607234	71
0.075007616419097	1.77253691615769	71
-0.096333648406389	0.576113266022002	71
-0.086915886942279	0.201097111181345	36
-0.02158994930886	0.324775893660219	36
0.046542340550524	0.485401229415333	36
0.114021342347363	0.672950695346569	36
-0.101744021584975	0.146709181637611	36
-0.114952456811448	0.117135360702913	36
-0.035623170557953	0.170268874196287	36
0.07868598334966	0.224177946415499	36
-0.043342676748343	0.16981521405485	36
0.121809582836775	0.324478903868265	36
-0.00262115810942001	0.216822633397136	36
-0.017868568377584	0.344676222516014	36
0.044908541947485	0.325982646691196	36
-0.08438839198484	1.41426588676601	71
-0.043958004096379	0.356682338414126	36
0.041050718944628	0.56516164035242	36
0.114672104057849	0.602256057807379	36
0.024751217736929	0.445752916043059	36
-0.097900594375873	0.217419240188139	36
-0.092312863326448	0.180034872993845	36
-0.02098256052099	0.30467676156527	36
-0.102242030192031	0.145149685147554	36
-0.012615130051521	0.247734145215641	36
-0.026367332592841	0.293156205294297	36
0.10096390976981	0.604674284585229	36
0.094535428610422	0.555820352460892	36
-0.080338006902417	0.207643234935568	36
-0.018916113574353	1.01431053690042	71
0.013521123887711	0.580174459484227	36
0.071622585471531	0.621440634936969	36
-0.00490092344495699	0.423545119689429	36
0.086217676840892	0.598327316868745	36
0.100132040775728	0.413489538809451	36
-0.108044696977449	0.154992069035624	36
-0.053036315424426	0.213883184557311	36
-0.084939573128354	0.228767905808361	36
-0.016906570885797	0.410076200426738	36
0.041317702919109	0.492958158265584	36
-0.074462252221122	0.220306112626712	36
0.106664986140003	0.509839725366384	36
-0.010204379554986	0.305665931048266	36
-0.106924152711185	0.146190870837453	36
0.078522455566863	0.414849145217823	36
-0.116476466278468	0.150449047018261	36
-0.107238844008914	0.156310551948764	36
0.109968651029326	0.667773603756507	36
-0.05907664247196	0.324712971972033	36
-0.01972152543192	0.324379290785774	36
-0.071347819136778	0.85152589864232	71
-0.110768426083833	0.337175494777421	71
-0.108215863320573	0.350659907465122	71
-0.117408747558316	0.188434896946627	36
0.06728184315276	0.485798984069945	36
0.095079314200794	0.414860367774729	36
-0.094195647220327	0.24567044382928	36
-0.018027792707561	0.352291808101801	36
-0.049382740852138	0.230013174978332	36
-0.00945240206930301	0.294412460301736	36
0.118016191002026	0.564907877178245	36
-0.038066185123417	0.276547592082864	36
-0.047618042824448	0.229351411480973	36
-0.10352675254838	0.162478450132812	36
-0.03189122364266	0.263504764423587	36
-0.055329882838617	0.250950394131114	36
0.011811040206481	0.26407323646565	36
0.065295827223064	0.434713027445452	36
0.039460403146732	0.419721324134441	36
-0.123362533995165	0.499533494242699	71
0.02979030001752	1.1342155179789	71
-0.0965445861276	0.233858085154827	36
-0.065232777479958	0.366838545283987	36
-0.10987477548862	0.2045630859021	36
0.106449101926033	0.416396238304024	36
-0.057627966656997	0.203029337312536	36
-0.047704979241491	0.160702148819471	36
-0.057578497977016	0.305634735144751	36
-0.094453678943502	0.181140368119662	36
-0.101163302605927	0.151696343835049	6
0.109641789427218	0.402317605970923	36
-0.102352206245368	0.18122177875775	36
-0.045972123979796	0.233600855677772	36
0.00557187638270201	1.397590563261	71
-0.089382715881343	0.333214601664905	71
-0.090146730960874	0.276808898328773	12
-0.032831491132656	0.465983714497416	36
-0.00678590210153701	0.401061613647704	36
-0.114725291140386	0.136191659838492	36
0.120948736862698	0.473916231316761	36
-0.019522055187863	0.287782188256312	36
-0.01610190134277	0.330938862262059	36
-0.020568108591195	0.265525066884283	36
-0.029367449909464	0.336358088709678	36
-0.053634733060205	0.212269335304699	36
0.075511241425982	0.328318649448183	36
-0.101153588029665	0.168257025509991	36
0.078035358140471	0.588679596900245	36
0.116048369372197	0.424177146722335	36
0.101417240978425	0.479091935196188	36
-0.118843885185221	0.12205656563168	36
-0.119508460325184	0.11835563183904	36
-0.00324891383145101	0.261517918269302	36
0.043310389091596	2.04234866868111	71
-0.109368574848742	0.53191927428874	71
0.03960050855916	0.466557997423609	36
0.010834959868212	0.362531948192169	36
0.00659724969874398	0.28929935446776	36
0.050498043212103	0.388269816913017	36
-0.101030566951917	0.149593216980126	36
-0.061747296240855	0.238551812059075	36
-0.027906936034226	0.290706015963711	36
0.024918379862488	0.399113564242648	36
-0.05460558547012	0.247136673642061	36
0.026730013943657	0.384091447908495	36
0.102551316482681	0.432218815437256	36
-0.012059446946846	0.254504333819297	36
0.08863348072652	0.490633811296114	36
0.017201124385121	0.524684735424375	36
-0.094087413624645	1.05829861303086	71
-0.124908115052674	0.207292324656717	36
-0.064012178408817	0.273935586231602	36
0.102260487328508	0.722190098076881	36
0.105983685375384	0.702144560868524	36
0.048871486752375	0.504038711318436	36
-0.012223465887444	0.312811836518724	36
0.081189279445989	0.476927134343572	36
-0.039260727653917	0.14692341073906	36
-0.053789575511088	0.183105276022867	36
0.027569659900622	0.333373128529023	36
0.099098439896565	0.32868169276595	36
0.034090070352102	0.310496220386686	36
-0.000726199518742005	0.295220873872866	36
0.031080987278027	0.380654748491779	36
-0.068544929057627	0.241348623703094	36
-0.048156340137832	0.283724687432237	36
-0.011836655080168	0.375287052064866	36
0.102976276261672	0.696877624273991	36
-0.039133936274463	0.30523185762197	36
-0.00389072047995301	0.382068674195877	36
-0.008881439768684	0.337364586555504	36
0.065599936925466	0.303574287909604	36
0.046066016630825	0.241667727227205	36
-0.062109629184325	0.185195350359333	36
-0.118518973227219	0.19450480130602	36
-0.083663749085986	1.4205055746092	71
0.042819648719555	0.417617835509274	36
0.088697040467228	0.585482334711119	36
0.079651549762792	0.635394441802188	36
0.112606415411496	0.672564963034312	36
0.094760665332518	0.663489257403731	36
-0.00971671505801699	0.43018418017712	36
-0.028377910740486	0.370522432726229	36
-0.086548380156467	0.261451054435545	36
-0.021688703952527	0.352882534956135	36
0.09527500124594	0.602609145443468	36
0.088701890096115	0.610487428030053	36
0.051268655664511	0.319916892685495	36
0.124828695113634	0.223850443417332	39
-0.052218852025527	0.152145817160536	39
0.104564338741496	0.33935141320408	36
-0.093667354204931	0.221682613339715	36
0.036813403166973	0.442195635291635	36
0.019877617335612	0.500282614961096	36
-0.069885344170363	0.303970120327051	36
0.122640872121625	0.576808010876998	36
0.060213510641125	0.542360711594161	36
-0.09909361402609	0.257401505944608	36
-0.105296170274775	0.217624855752007	36
0.00854061765847097	0.407150085940711	36
-0.01187551259928	0.275553450174217	36
0.036051545050492	0.376631664563106	36
0.124310140662059	0.154191210620307	39
0.00779411093835197	0.136308814458191	39
0.103516737093945	0.23658879500785	36
0.013377992708338	0.506074935520538	36
0.016278481967022	0.429050180422909	36
-0.017944493287978	0.357916519193458	36
0.078325306883948	0.4345538158208	36
0.046864439295669	0.37845843930007	36
0.100845848059315	0.427116821132126	36
0.039190947147615	0.570449124743586	36
-0.096403291681992	0.189599251486055	36
-0.104780256876938	0.216526082586997	36
-0.053544921059848	0.352037054236675	36
0.100676764863763	0.498984801611277	36
-0.053896350549134	0.182629789005459	36
0.068551878474289	0.145530666940888	39
-0.001623517671378	0.129073749350339	36
0.092112953178419	0.693005790252446	36
0.07946405868152	0.74586657200499	36
-0.050989431145831	0.394168389113517	36
0.077362398028805	0.678731400092279	36
-0.014467259637147	0.380014731233728	36
-0.067414392018721	0.290322535975811	36
-0.07110552547044	0.328025874690572	36
0.049304614168089	0.6801675865363	36
-0.070330201373571	0.334965949218351	36
-0.042038435182657	0.366358873874147	36
-0.01750860048626	0.427799147590183	36
-0.107633418949421	0.187763365013774	36
-0.122343641576931	0.153239858369317	36
0.00323308637273501	0.264830509390422	36
0.029309621587524	0.225717143917426	36
0.00239391817419099	0.132570239835009	36
0.088175292428122	0.233688951234955	36
-0.00233167265105499	0.278858388883909	36
0.011421858114492	0.476276661393061	36
0.116631652472008	0.671705094595598	36
0.011985552736086	0.639061716793506	36
0.05458360966857	0.565153049685831	36
-0.088984670010779	0.332136515728362	36
0.116493543619262	0.960849126271948	36
-0.0933850635345	0.299820119815459	36
-0.057479600076577	0.42155951958125	36
-0.046158531616059	0.355917668690477	36
-0.065467535713484	0.265024780146193	36
-0.060562843948591	0.280800788476203	36
-0.0101526748316	0.271815955028539	36
-0.065535027655954	0.23998571894724	36
0.060921031868662	0.24621823028017	36
-0.036201451743463	0.1339100555685	36
-0.007493080189729	0.294562488302799	36
0.12175060312728	0.415413960679911	36
-0.016267310603374	0.497262696620943	36
-0.011842736728698	0.456892315601054	36
-0.017928168250312	0.43002757914668	36
-0.116759898872395	0.203895000092331	36
-0.122977095218544	0.136462238662022	36
-0.078095683075633	0.390191737855594	36
-0.12276466581143	0.249534003297791	36
0.07677001903223	0.834634619584058	36
-0.100542949186084	0.284649506064919	36
0.012639540355881	0.573969949676367	36
-0.124383041681274	0.210134368954352	36
-0.083481578046091	0.32705345538892	36
0.007626691205875	0.446873077406757	36
-0.062843674973561	0.253462500027219	36
-0.098649007062187	0.190199761667748	36
0.020873959300134	0.264971107517208	36
0.058962966729163	0.229320492991635	36
-0.033375638308481	0.386551480063324	36
0.016878053038245	0.50192045808768	36
-0.092077234680456	0.232378736054819	36
-0.102907389197764	0.165628308625493	36
-0.037593015184842	0.362651398812906	36
0.011727290347802	0.604884580327815	36
0.000912457030253	0.745900897180747	36
-0.034690072018777	0.550779427218736	36
0.111599712805313	1.11622476154358	36
0.101115691959408	0.908635278066087	36
-0.014168382819678	0.403220651254865	36
-0.038917022542442	0.489447089682925	36
-0.032407888566535	0.517203827071729	36
-0.014389670520447	0.509971753325382	36
0.117643588377417	0.933537447778657	36
-0.111324724257043	0.24302790374931	39
-0.003653058574033	0.28170126435658	36
0.124488470071694	0.154613237400397	36
-0.026482150018859	0.124432581925484	36
-0.00852795984279001	0.234385780759258	36
-0.084136634166477	0.310908623555728	36
-0.02385418084216	0.460692587945291	36
-0.025468461450652	0.616415107157896	71
-0.083715775624223	0.245505150685621	36
-0.108512105911911	0.261768560957672	36
-0.051254117426757	0.518485946673022	36
0.070832205870547	0.951153827095902	36
0.026498528647341	0.646854488649253	36
-0.034096491025956	0.427430724930455	36
0.121892772667197	0.872755877176046	39
-0.060597024165564	0.198226361469321	39
0.067244109663367	0.240143694565836	36
0.113261755683391	0.21823837382943	39
0.122699982295282	0.22921755085357	36
-0.122770291114241	0.21507584354733	36
-0.121088597943045	0.230551396757845	36
-0.064453964129882	0.316784379945026	36
0.061025761141048	0.560442830999324	36
-0.074614322886398	1.73504993248959	71
-0.012784722643281	2.04195033655272	71
0.038780708812325	1.76397723170864	71
-0.00480490351614299	0.434252106791086	36
-0.059645473444709	0.55286128409253	36
0.032349285858845	0.956447913446932	36
-0.123404958673165	0.302821095466744	36
-0.014685026010593	0.465441615780684	36
0.051259954701495	0.727438536739047	36
-0.051534754618958	0.475282285863294	36
-0.00705201788842	0.620401786977359	36
0.031898313742094	0.344056693734836	36
0.029405114551296	0.262806041208809	36
-0.122510323863228	0.192366328339651	36
-0.024233624813663	0.514195652787472	36
-0.098002751250669	0.301963417553779	36
0.057969725127455	0.571300112792783	36
-0.122327621263725	1.03182009509833	71
0.031220725003422	0.707810009044358	36
0.052569547318831	1.18045614341965	36
0.12421630283364	1.73542646485505	36
-0.053919817074035	0.634236844594068	36
0.011812187019584	0.90275738872237	36
0.043149491826262	1.01671043573513	36
-0.1112308744577	0.376259049252723	36
0.108613356592258	1.05748368053424	36
0.099410130949945	0.954814828659506	36
0.076421765072252	0.922510943617083	36
0.051682433586469	0.67375871848158	36
0.08873143915294	0.734609042191961	36
0.027053701303535	0.241096732913634	36
0.058814265791722	0.247515637663381	36
-0.04807744688886	0.17886539702809	36
-0.072833044974419	0.214058095399287	36
0.040716406634966	0.476701263996903	36
0.012034367925632	0.245988012803904	36
-0.015321302701712	0.247945964387971	36
-0.037912260047849	0.423113494471945	36
-0.081441184298504	0.30820864560671	36
0.042361119564454	0.691668121353332	36
0.019020283312761	1.41771166236519	36
-0.092944085996905	0.561558515997697	36
-0.082078597845082	0.507773072406787	36
-0.076918240691913	0.388500598179858	36
0.093036864586238	0.947425084769639	36
-0.096027789091925	0.330300039244629	36
-0.106956039118372	0.273279041688558	36
0.107206278361629	0.906973139391612	36
0.011394856173865	0.577771267230883	36
0.114824348926868	0.460170413184692	36
-0.000695614867594008	0.321217087524392	36
-0.091084424387771	0.195516606779184	36
-0.059402941388806	0.199327754491312	36
0.034845503487867	0.348364031719794	36
0.084526291671244	0.772454075210256	36
-0.09948666655321	0.276480956838043	36
-0.067370953519969	0.276557422427923	36
-0.067189059815424	0.422821821586625	36
-0.067755534101106	0.447631911468231	36
0.092618680125411	1.30888314586735	36
-0.082614061642808	0.413455472470625	36
0.014250383099431	0.76410239575355	36
0.060950840987493	0.995838259293614	36
-0.045390976900698	0.468969925308448	36
0.080568645592801	0.939824894991784	36
0.078291394237061	0.704025183756044	36
-0.048293787155298	0.261937592863385	36
0.10123321736594	0.225350066345186	36
-0.113603539758047	0.105212304304451	36
0.062138252700491	0.316771811318139	36
0.010662754407813	0.405962218513489	36
-0.119329280399734	0.126805385713966	39
-0.052646987450773	0.170475675024988	36
-0.112933513499849	0.835617985391553	71
0.116738680931316	1.9592035488085	36
0.000437373959634002	0.786673211041211	36
0.110034394215854	1.34511708988094	36
-0.099791086576557	0.298863703766428	36
-0.045352968792421	0.460318801987422	36
-0.035823909596289	0.395422214964924	36
-0.068731697296281	0.320143234597147	36
-0.039755715233023	0.385911140469689	36
-0.019834282494514	0.401232749134309	36
-0.010770902644928	0.250602846926924	36
-0.048329633072038	0.175160961918482	39
0.022093870833915	1.00299756597018	36
-0.019372163834265	0.569780837369508	36
0.087337261832826	0.773290576182174	36
-0.027727366443797	0.441507782568256	36
-0.104740408570814	0.234595982510553	36
-0.120995426117908	0.208105127638541	36
-0.089678820442739	0.174205004659135	36
0.004961917516903	1.75150859327943	36
0.105765278628469	0.672434221221437	36
-0.00145594664505699	0.267674976446453	36
-0.103410461707886	0.138100815930767	36
-0.0428144826501	0.253476883059225	36
-0.0213253729308	0.130564030416374	39
-0.055117006428473	0.263686196441055	39
-0.010008686724348	0.262894060953908	36
-0.056097277310661	0.205225994807052	36
0.008348704225142	0.411550421793428	36
-0.084474649946488	0.195095244257714	39
-0.062522749940157	0.256840074547202	39
-0.08396622089996	0.299869816878647	36
0.092757540434644	0.990525740967397	36
0.046140699122062	0.696012885884792	36
0.103837368123715	0.322060175311043	39
0.062548193010234	0.544179489397124	39
0.0309537862336	0.565805671222419	36
0.032824613649411	2.34373767709887	36
0.000297549425266996	1.36880119753331	36
0.05696109780326	1.02793057175132	36
-0.051878312200733	0.207517975140664	39
-0.111239198144815	0.203664993909568	36
-0.042660164856515	1.79957211690921	36
0.028143785747817	2.01110732772735	36
-0.04845662016044	0.322400325675299	36
0.12256300965282	0.53293835484662	36
-0.080816178639037	0.322430461830091	36
-0.00666244229117499	0.500344975252634	36
-0.10710894593555	0.217840189698856	36
-0.016256171975513	0.45463149825931	36
0.023293371392431	0.348869641143511	39
-0.070647341973097	0.256108970978032	39
-0.057296502378901	0.214434454874924	36
0.113149066838156	0.386398170944461	36
0.050255529625389	0.457569583649746	36
-0.012121700451694	0.49828855508698	36
-0.006275705960443	0.43275161432369	36
0.107344785263419	0.664612740800742	36
-0.088913416379662	0.196661056377044	36
-0.109544700277992	0.180120732848483	36
0.00287425154426302	0.261191243086278	36
-0.055801630071237	0.188502435081745	36
-0.065374436497817	0.26220308897391	39
-0.038269321853149	0.335587517215091	36
0.074784340922578	0.544491315178632	36
-0.112663456023022	1.16000653651934	36
-0.022820674738906	0.532146126735184	36
0.013876136827225	0.350589178443523	36
0.041832765321631	0.30843726724695	36
0.052648257074278	0.40587062647007	36
-0.103918836405045	1.24102431763493	36
-0.02800742673628	0.485584517158193	36
-0.00755818245079401	0.58412527287656	36
-0.064317769686948	0.16135614896994	36
0.121610344736088	0.488719417121353	36
-0.063907852822632	0.329572579269558	36
-0.095186734251669	0.266704349496063	36
-0.085758779857274	0.26407176287231	36
0.061379981172757	1.21827808946049	36
0.071124316062004	1.05521596284071	36
0.045152870953627	0.523048009637748	36
0.118739989649278	0.609131183309288	36
0.032828685070843	0.13919628548156	36
0.106002704316714	0.466612006516972	39
-0.046312002214342	0.148665277810432	39
0.043139703072323	0.306880703817866	36
-0.048990820398233	0.371522716873273	36
0.042000491131113	0.647985814253987	36
-0.122773769865266	0.231662515128628	36
0.060058408876383	1.55089954167296	36
0.00600082963660797	0.845715034428247	36
0.067499774054381	1.0858403010333	36
-0.05233783978193	0.425261750426961	36
0.100609485668754	0.937745931943562	36
-0.071203430760766	0.386914164879452	36
0.014212054443406	0.642078809415007	36
0.000918835697420017	0.773802060684644	36
-0.06012418908887	0.157261253056415	36
0.108370313129734	0.535878875019159	36
-0.102352440082379	0.197553031875475	36
0.013708822278789	0.353438960197488	36
-0.091647352118723	0.297680250092362	36
-0.055731108198013	0.322967628590746	36
-0.048425422725039	0.396786184980751	36
0.081933464571251	0.586636922738661	36
0.060508147175377	1.71956284697428	36
0.018430949372665	1.03783818698208	36
-0.11460193569504	0.334073555345949	103
0.091480853977264	0.501360708757313	36
-0.013665985771373	0.33652667068715	36
0.044420525239697	0.358957154815101	36
0.079812514131193	0.727459615399236	36
-0.030652334093512	0.391253899246908	36
0.09509163648703	0.94334869941553	36
-0.043276786069777	1.09598297316084	36
-0.109143676015061	0.544891045311351	36
-0.124370573063826	0.139866885015203	36
0.020141782918294	0.368920933241456	36
0.081666353869236	0.429733956304215	36
-0.051923276271593	0.341565205714218	39
-0.066247739487216	0.261302592094578	36
0.11738972222894	0.915918734280479	36
0.046960947860271	0.776595059165449	36
0.00421438039562799	0.556702737748581	36
0.017126109233282	0.47603867478453	36
-0.037254235378937	0.148034911672351	36
0.083361602094433	0.442629273061004	36
0.111616149975254	0.410116409437732	36
-0.120828507024354	0.245842830018207	36
0.061843142106783	0.679385496812922	36
-0.048480087783321	0.149509479836173	36
-0.019242693983554	0.131069798602658	36
0.01161052174849	0.230755852580291	39
-0.076759011691411	0.218171679384049	39
0.025408662109473	0.343597239579349	36
0.044104527335915	0.540897236735499	36
-0.068506331068324	0.352331218818268	36
0.022571926938834	0.369529481285358	36
0.086211024054679	0.395337399238883	36
0.051456696784424	0.233532338223947	36
-0.093384648992694	0.189912635562495	36
0.074221941602296	0.235961104880168	36
0.050603573524888	0.233422250397067	36
0.039219203155194	0.742853159577953	36
-0.090937843829726	0.431155205718153	36
-0.055375953373926	0.116785370469476	36
-0.048280036083557	0.181183212538996	36
-0.039740720052191	0.469780896086442	36
-0.066765402204574	0.336298009138579	36
-0.00117627459075301	0.245024041132043	36
-0.059027482202798	0.172075841489385	36
0.115314086561391	0.235800937122223	30
-0.026028700455798	0.345839851548887	36
-0.055624351539337	0.166206694305751	36
-0.055629516131165	0.163486566305182	36
0.01011096028055	0.694273889490951	36
0.102284732041982	0.960448052464045	36
0.020698082647164	1.02419545551389	36
-0.070248832256896	0.157326255285502	36
0.014383605840402	0.250550132195627	30
0.04746252562402	0.337931910935772	36
0.036795009098992	0.452941564657307	36
-0.04004004834784	0.303400882144146	36
0.013084611433181	0.254663331034861	36
0.099469216423267	1.08753272663077	36
0.012865919413694	0.60611976425782	36
0.115972544493708	0.858759143547952	36
0.045341505176589	0.691044364738424	36
0.082827805390313	0.226796538301915	36
0.101744956326266	0.330946055856447	36
-0.00106292211813799	0.25164689266688	36
-0.113525877578577	0.114673376511486	36
-0.041518927417735	0.131244297621922	30
0.031850298597474	0.137909069871617	36
-0.051424096408175	0.211140121201344	36
0.060464326979892	0.332299534366468	36
-0.05421308226548	0.43539192702667	36
-0.015857562686365	0.429254032978403	36
0.097939618420741	2.14103934520241	36
-0.043719509850514	0.154769565572879	36
0.085685874857192	0.393665403424107	36
-0.00299004167688799	0.62403111234899	36
0.113769656402991	0.950689419782955	36
0.05266759908757	1.58642659223909	36
0.100532871755708	0.405717541891521	36
-0.038287988197498	0.170097458188659	36
0.048388136883299	0.315011358273657	30
-0.084403498092818	0.248111076644061	36
-0.042289075960497	0.175593913700218	36
-0.023569743890131	0.565278208439727	36
-0.101221773860174	1.04903764542584	36
0.04499148447172	0.361586449854293	36
0.046349053267825	0.237634888003679	36
-0.050504570490806	0.640484568490001	36
-0.061176753915389	0.292767352260418	36
0.006345291556136	0.51163561282462	36
-0.105094978005239	0.177938692301328	30
-0.124131376481231	0.192951267345587	36
-0.066727656434448	0.318835227687862	36
-0.068747667262693	1.85115887778153	36
-0.033671185495972	1.32275518496278	36
-0.088321791066204	0.66603555146732	36
0.038366778785909	0.534130253174284	36
-0.027850845116842	0.414030841424397	36
-0.055902003946137	0.300444874258496	30
0.037857857151685	0.4873494940402	30
-0.00195628732960701	0.380662238581599	36
-0.057413792924817	0.337808530496655	36
0.071308099472068	0.597302235285067	36
-0.11747819053819	0.251119868540258	36
-0.04766066294347	0.41031792141269	30
-0.04227020803749	0.370621866742287	30
0.052181842811788	0.25127088914419	36
-0.045767055844754	0.370529281122157	36
-0.097897912421505	0.353127880874441	36
0.095368893871881	0.837441382716238	36
0.090649055299015	0.488954907921807	36
0.056208213821257	0.530705301048811	36
0.06544996812179	0.422829344538386	36
-0.087741304499853	0.311523741373262	36
-0.010310267089704	0.396326663437451	36
-0.034879257104618	0.47750761194862	30
0.00276579794510501	0.463747610253869	30
0.033284301228302	0.804707430907429	36
0.055941773395942	0.767102256629184	36
-0.057357037602061	0.504492565950983	36
0.10354506890818	0.717950149830448	36
0.034732329376442	1.05219458492108	30
-0.123195591470036	0.278876841208991	30
-0.059949269701324	0.4490495374807	36
-0.120243818903816	0.316156203653691	36
-0.106613170931514	0.327539596041486	36
-0.067090036906193	0.334057407829823	36
0.031047931925453	0.662752474928137	36
-0.03897042956002	0.476871930728219	36
0.116756628720607	0.999461193803177	36
-0.103166521868112	0.397027967953498	36
0.101353470038501	1.38989853860959	30
-0.041598596555602	0.665564510606713	36
0.041598005481566	1.05472970614853	30
0.066126374530921	1.08511596121904	30
0.079365442909436	1.01043998647997	36
-0.048471902937173	0.500002781985286	36
-0.00356245690985299	0.69215308476478	36
0.024539623647274	0.698597888935179	36
0.058075581213921	0.566485459985145	36
-0.105638824648428	1.38004362685624	36
-0.039814261445105	1.1889048149625	30
0.075696442688502	2.19636236686012	30
-0.091825215679984	0.659255998588085	30
-0.030489227061914	0.566761213677789	36
0.055452485881276	0.441771548705124	36
0.077220280130986	0.948975924197613	36
-0.019053920831783	0.567162359625216	36
0.031578083592236	0.807885109925544	36
-0.084227636609146	0.340467230636674	36
-0.039342457138726	0.552699971622971	36
0.009554129199843	0.740969437411329	36
0.105895614707926	1.67820026955588	30
-0.062178573264657	0.578288213836228	36
-0.038332028940979	0.433021102734425	36
-0.015200928978001	0.727627207015456	36
-0.098873342516443	0.160001289261999	36
0.081888895021755	1.49830886058408	30
-0.045580818928622	0.291405823048733	36
-0.05527534016637	0.506169676103126	36
0.02048383883208	0.630721501518929	36
-0.124834286318249	0.134205090340034	36
0.014556044034487	0.260185635926542	36
-0.100849339274226	1.19659639189777	36
0.072665151964357	1.13229566764439	36
-0.117387530486352	0.39398508448523	36
-0.10559448511658	0.413453795193754	36
0.070824155149281	0.824549193961568	36
-0.061454986905588	0.300488541607893	36
0.070893189553767	0.341486027822349	36
-0.036114023016513	0.500422802479004	36
-0.054600140648597	1.5698666825981	36
-0.071844751808879	0.584890906288836	36
-0.063408370396711	0.550983559793396	36
0.007506204702594	0.6280559709457	36
-0.034476794232267	0.694193223339513	36
0.079211159818512	1.12928668502737	36
0.122859752519569	1.05564423687156	36
-0.00278963227125501	0.636375647034094	36
0.062199560776889	0.574473214360641	36
0.042039169787501	0.503654443563998	36
-0.05194827467116	0.401298628877862	36
0.0395027247371	1.9262365087592	30
-0.00985778182052799	1.56724088386411	30
-0.086100986728573	0.60996598991348	36
-0.08409291617594	0.48200742159856	36
-0.069606354326171	0.55730181240576	36
-0.121462169626242	0.233679966572299	36
-0.005512923444602	0.312713036825923	36
-0.026549218336382	0.305551655165579	36
-0.117833383177328	0.233234315350691	36
-0.085315308451281	1.75258840270349	36
-0.057213725697745	0.417606028976872	36
-0.076031824742271	0.48856783493725	36
-0.038105844614373	0.436296693358241	36
0.070465780423065	0.51128223554793	36
0.058420790881575	0.401797230445628	36
-0.063358931926192	0.2145089008188	36
0.021886793344281	0.377520800239186	36
-0.122321740416173	0.209651454419546	36
-0.100870696702988	1.57224140101229	36
0.030546973975731	1.70102551580496	36
0.053286230416004	1.17188234751711	36
-0.065488563565785	0.413752451055833	36
-0.095365604939749	0.606983491789664	36
-0.062292781961184	0.684654886211669	36
0.083202267838345	1.28848129993029	36
-0.069509698120858	0.542853356405856	36
-0.114138255470758	0.371410338077086	36
0.122789670952582	0.781294273722469	36
-0.015837743589524	0.24336061015206	36
0.077871561393348	0.386724414093811	36
-0.046524105835676	0.2730507743319	36
-0.110865980953551	0.919880477280888	36
0.067256178447163	2.29035878382947	36
-0.116525082486737	0.246158390971438	36
0.055215427098311	1.43780317040884	36
-0.022330786403988	0.680061684044646	36
-0.090894650323146	0.430593416000977	36
-0.016842423066097	0.638417924591948	36
-0.055765232850006	0.156019333575441	36
-0.014277902658627	0.308213641156409	36
-0.04552360479877	0.439414383369289	36
0.00423736031065902	0.368384760591619	36
-0.029153489989794	1.3435308535925	36
0.11344904491727	1.491937274628	36
-0.117002908664276	0.250558419498546	36
0.123760546260615	1.7597683638148	36
-0.076806919205483	0.493012463366259	36
-0.015313388518779	0.657980937107907	36
-0.034075035101096	0.310349766589473	36
0.065459127436439	0.321953858005289	36
0.025478523159429	0.346094496768713	36
0.064459131299732	0.335949182872862	36
-0.077551605698618	0.234564731345761	36
-0.100099578736338	0.190707525985825	36
-0.107665573871516	0.173393333763182	36
-0.029952779733322	0.482940406635324	36
0.101075384374594	1.25827750599502	36
-0.115551196552777	0.313655227515124	36
-0.017213900599059	0.718288798254048	36
-0.112646416515133	0.37633407822407	36
0.056694318674381	0.804358634039879	36
-0.074983518963535	0.376040403544414	36
-0.011173809906706	0.328892590733051	36
-0.070639035015024	1.39433162129296	36
0.010077932521313	0.689706624287603	36
-0.107809176299085	0.398353643240897	36
0.035245147444363	1.22018257246815	36
0.095587834708834	1.49248724839831	36
0.10640270968509	1.5388649845989	36
0.051636349003045	0.829605366531981	36
-0.013156755773223	0.373635721883194	36
-0.056199408386847	0.254082880613255	36
0.072957409488209	0.658180530148249	36
-0.062707021380572	1.06791399372208	36
0.056140227637556	1.3198498621123	36
-0.071509569811582	0.845341636952846	36
0.020740805608153	0.952914527022138	36
0.022113979587538	0.468907646530374	36
0.032463681655357	0.398549442210792	36
-0.01636816669032	0.299288299036045	36
-0.078181623440484	0.272762646543135	36
-0.116833804567015	0.631966539889933	36
0.12491924970641	1.36092728822987	36
0.035622252132164	1.30350380119173	36
-0.042898187809839	0.864129677140399	36
-0.094975462669594	0.616978204323959	36
0.040282399398957	1.18974661197751	36
-0.115644534533376	0.354740824679172	36
0.085761238616792	0.653439454936459	36
-0.035677641455804	0.660019422814626	36
0.118772212908915	0.887829970669301	36
-0.064159722132391	0.358275678688588	36
0.093017759996736	0.876412932467525	36
0.011028488948304	0.136265751616833	47
-0.042434170150458	0.177414273279298	36
-0.114450204162695	0.141481716521831	36
0.00565859645497002	0.894744631436026	36
0.052164943652415	0.552281046106539	47
0.034204505346161	0.336627050164317	47
0.014888263729879	0.351278255426487	47
-0.040610232801756	0.306585613219172	47
0.06276395733329	2.00308883657427	36
0.056531532090782	1.66720511891483	36
-0.053136879548671	1.09621374148432	36
-0.116589814211324	0.631449537166611	36
-0.088438978603827	0.753549611990777	36
0.030104002762466	0.341453750602928	47
0.059217551503051	0.557131103826361	47
-0.102252629801267	0.905540972478409	36
-0.030629787649158	1.45068746096748	47
0.00649061667541501	1.72275164490352	47
0.020745560613769	1.67290339252192	47
-0.007338849288859	0.947723470367738	47
0.10599628993633	1.24855880598811	47
-0.014475619453024	0.777884384857809	47
-0.116372950621926	1.12020759744009	36
-0.089329164083287	0.757186844816274	47
0.099758718751014	1.96912384183243	47
-0.096928928039344	0.409405030631484	47
0.091637302023357	1.29419588537119	47
0.038100276801635	1.18022346519157	47
0.023528567495363	1.81145214786495	36
-0.02487095136169	0.88475237925588	47
0.03383478178296	1.01228497260742	47
-0.059044009273726	0.530267515301677	378
-0.103489636138201	0.434564594910892	378
-0.05676003584427	0.520645378527907	378
-0.122661786434029	0.197609318147754	378
-0.050885454463146	2.35410109702773	36
-0.075278276022801	1.63255203121123	36
-0.090289729232637	1.19481448263716	36
0.043540707714279	1.02027289247299	47
-0.069911828917566	0.370755660030194	378
-0.104931363856205	0.406909087995126	378
-0.040334239882695	2.22924641885842	36
0.012631529274929	1.99418832447549	36
0.108397016397374	0.68515311655115	47
0.073803979642072	0.581615651478713	47
-0.00679806656802701	0.492050591520891	378
0.099614713072439	1.66834024111069	47
0.010205830731771	0.562831506949492	47
-0.080008867744094	0.537281263617368	378
-0.118473167428422	1.27282995937139	47
0.070194307936943	1.48848507739171	47
0.043558487434084	0.699113903452149	47
0.026124695317952	0.7276241515693	47
-0.065437538934999	1.47079081271113	378
-0.042986402284605	0.648682036223466	378
-0.106546673882293	0.664996655958268	378
-0.086299238612212	0.920273105744185	378
0.0011614559382	1.5802034046637	378
-0.037213498714057	0.730213778362371	378
-0.028919714536416	0.602897308417267	378
-0.118481835772374	0.731954258654839	378
-0.034702226022019	0.656733706190393	378
0.023056243408898	1.36811205807949	378
-0.061342156090228	0.999296473998415	378
