x	y
-0.104086390183177	0.054086086675289
-0.00514013477198913	0.00392840983752416
-0.146698358736014	0.176089851281298
-0.151096676769554	0.177414695108884
-0.231698018572707	0.33709172378666
0.121815865026092	0.16015420345293
-0.174971374070855	0.0742346988679116
-0.748194039549682	0.929177964069102
-0.224737107106789	0.247824809397324
-0.115265159451433	0.130045169229441
-0.247455497818313	0.262144704036181
0.211156642010212	0.124605649324935
-0.678745806005947	0.495145060339298
-0.864138141910219	1.2973477514703
-0.543303940068388	0.593872865853699
0.0346283905168425	0.0254509690565579
-0.0180329862784573	0.0154377806764699
0.194204918448088	0.176733453207853
0.89081295990099	1.03429776755118
0.755676446181655	0.329796000386938
-0.255425068719275	0.393715805447931
-0.291844757611605	0.37438930076869
-0.325640249168322	0.39344490041091
-1.35155216816373	2.36340393875278
-0.317198103090354	0.230822786348806
-0.665080823943232	1.34345782956764
-0.471171748121472	0.38022551836862
0.20251047555523	0.219403470754698
-0.484732795560094	0.733925427339126
0.0231944883707847	0.0160378068678952
-0.168540667109905	0.0714085518997917
-0.0941335073947811	0.117116508670139
-0.544672208142004	0.846421522907353
-0.498716201818965	0.348085388698703
0.0771301946145974	0.0702229662907024
-0.41715178325187	0.587012695084986
0.0348255847563573	0.0251050825865688
0.0670173635415266	0.0250374023306498
-0.384657170123053	0.569931461250553
-0.348790104377721	0.574665094542507
-0.17630792869925	0.239881366903636
-0.123545125702462	0.138891278472348
-0.293036109799874	0.391601652129622
-0.175191160511243	0.0727863407789102
0.00976673340306346	0.00637378474812789
-0.814708752168764	1.18796631358711
-0.0291800641881112	0.0247874244888508
-0.618097331549592	0.651332802438226
-0.599082339525395	0.463994908679486
-0.276749743877793	0.340230224413009
-0.282787403801835	0.448440783000819
-0.226079467229877	0.32163013623641
-0.355481433301602	0.604525010630855
-0.168571435960686	0.224638539198377
-0.0466166315345803	0.0517690692832719
-1.05191287884325	0.563042306589644
0.551813402359805	0.361905388427461
-0.246884071028449	0.240996287107512
-0.42909633741346	0.482570654008956
-0.28120506432998	0.235753370553327
0.0720531647353631	0.0410663714027919
-1.34662515189429	0.648327892625957
-0.283982658879518	0.0971458489065751
-1.27417691821138	1.28208325620031
-0.252742132985126	0.394272231386255
-0.191992339436169	0.286007934083882
-0.155592286214395	0.204195620345853
-0.568869467092981	0.30840759174046
0.6018481578054	0.190738034893045
-0.214457753403369	0.190617007618835
-0.417318154585475	0.527572170164413
0.0893467403455308	0.0824746815879867
-0.11436358178226	0.0879287058717489
0.527206305602986	0.272374922927763
-0.430287207375365	0.262441351363104
0.0720810690176089	0.0326841493681619
-0.789126110807141	0.632030090018607
-0.382545096360388	0.663897441235898
-0.215365787658199	0.280688150596658
-0.333809896262563	0.546513199621777
-0.224306733369837	0.0843819985357089
-0.245572274851124	0.143334172770312
-0.000109030669999685	0.0000849947105231662
0.120524545343587	0.140009376470876
0.0246146600280298	0.0215314330419353
-0.65452984765753	0.640187434881088
-1.34902919699905	1.23242817171309
-0.884705770810032	0.666349198033339
-0.51261900784481	0.991744668724547
-0.772605511345057	0.551402711046363
-0.11676290339132	0.0568421993204412
0.809247659735108	0.809021748650985
-0.0569675255153299	0.0467926965582329
-0.0680623464673664	0.0630864875422987
-0.222663396237672	0.236529272536853
-1.17169651117523	1.77231021252762
-0.234658614017502	0.206601904310235
-0.0422286285895789	0.0476544528610056
0.370598775120259	0.580865051341375
-0.468652895141657	0.759337309740477
-0.215813643971559	0.261789792279975
-0.182397618546843	0.214967724030117
-0.644011114853353	1.1442757646574
-0.277628907573887	0.306671642577003
-0.193888079217688	0.208799970807874
-0.277818972778962	0.33103718687434
-0.522508520265331	0.610298997730425
-0.778805691426813	0.547442859536239
-0.13455178293321	0.0616065954983659
-0.271493381407033	0.147664409727011
0.863828471932991	0.780125631692143
-0.38133943425695	0.341358494591522
-0.0604006603284245	0.0566108363965076
-0.752380179592483	1.35043715102772
-0.856729237680692	1.17177647085937
-0.584856623223658	1.15773731251122
-0.222952831330681	0.297431685854742
0.198577797000412	0.255190407391171
-0.403942226722781	0.612146949752715
-0.0844067082688397	0.0911080370711199
-0.81128849435138	1.30003281944022
-1.52181528977868	2.73960259707906
0.125610502017365	0.100997808096083
-0.444747825368993	0.460285652115754
-0.355175205371976	0.327654828402944
-0.329695386212379	0.304585005309766
-0.846574370285491	1.65821788477336
-0.211759666619274	0.153076395191608
-0.373943403403126	0.278808100271761
0.0392892270795467	0.0351720441262361
-0.18356302523134	0.185486038227889
-0.032848893596537	0.0419053886529497
-0.293205140542308	0.360068590873283
0.116649424516398	0.134409672124452
-0.330000547704779	0.468654517815878
-0.832380756379421	1.60619907397109
-0.618783456363904	0.745365604837157
-1.16596811828578	2.37168615051557
-0.374859634796449	0.622226933332556
-0.890323394984698	1.41744345729875
-0.310652105996435	0.293703519106533
-0.287545223431034	0.336376041754262
-0.255601101916023	0.301050345985227
-0.778970968493868	0.712756942037444
-2.34927378678725	1.2780770147908
0.00300301726796284	0.00203700473570433
-0.32887771233974	0.246021327473807
0.270755337823077	0.33832711006565
0.115152517054969	0.145936641622464
-0.246420680456275	0.33078493635289
-0.401060191398048	0.491842788278488
-0.86843772176903	0.873859698127992
-0.27520189790794	0.458770258098293
-0.302956609628319	0.49558678847371
-0.382259763962185	0.582702663606537
-0.164712747164773	0.139527300706887
-0.854319962870948	1.36783196419349
-0.498061834021817	0.68743054789892
-0.1623303009331	0.193539172879967
-0.429996369260595	0.509676111596313
-0.210503509069236	0.171066965075401
-0.241491337685338	0.167674395982824
-0.721543589347467	0.946684947968092
-0.176246783128932	0.169322960623659
-0.109822960820049	0.11408835819854
-0.29503888111708	0.397754745314699
-0.490167857916239	0.67092665911929
-0.0480199272349479	0.0431490310864749
-0.375615884986715	0.45246045054317
-0.29458787407359	0.409818640112351
-0.276924224300644	0.362362008062829
-0.155717821066197	0.175267075252883
-0.443875131174799	0.493605154624394
-0.951254777376204	1.75265199902829
-0.708900236737792	1.44173757101762
-0.322571967972645	0.361258652651668
-0.586044374217558	0.74562128223447
-0.244582479762163	0.368716674429444
-0.057154639970876	0.0688291464950813
-0.369514809795567	0.637771336970978
-0.236518262724029	0.250632548190561
-1.43224737695009	1.18459749100271
-0.252243234177661	0.145106587502693
-0.685543490023637	0.343465523046935
-0.667121269797258	0.488952369383734
-0.805137320618117	1.2444472572504
-0.0650578991841973	0.0759671814742599
-0.298692896247648	0.546353357852181
0.105531248313522	0.145069928164188
-0.273341632712554	0.499433192097072
-0.0748936493244013	0.102920527577582
-0.366898214161225	0.560777632531486
-0.327173336917768	0.424012984396424
-0.314544932656446	0.528470720362395
-0.185604138460383	0.256809578929112
0.0317501143253122	0.0401365988057588
-0.255013759047544	0.436029121877156
0.177792556987256	0.165716559594674
-0.370142460320391	0.438894295793248
-0.141878075799323	0.176822948927042
-0.409456751105804	0.724166756529481
-0.309759535575946	0.616922826681932
-0.345920265037634	0.495771812367071
-0.575936422865509	0.487848556668924
-1.36395117562887	1.40978372876622
0.0327475191133443	0.0231633839873874
-0.590605634065548	0.446041516972725
0.33554538246154	0.430452025926667
0.0646307802557593	0.0594750981400357
-0.143101566476045	0.264642054376545
-0.144122535323656	0.170546281792467
-0.581550765491473	0.782156958729477
-0.572233403383192	0.659269494909622
-1.15344307494296	2.01012221293232
-0.62126650164747	1.05417908841604
-0.441449461482033	0.635784910521601
-0.354715958724447	0.427211048166455
-0.355564453690436	0.476348478026459
-0.10622992432715	0.130164236936976
-0.622602857848547	1.0321456699599
-1.11741470851284	2.7602280451069
-0.423702863718982	0.349160419458408
-0.469167415890297	0.442055392700989
-0.274333394563987	0.28307166723362
-0.195953201063482	0.235922925827324
-1.07248024010849	2.09504656069451
-0.228693781418151	0.243768449853837
-0.536153754691641	0.692806125161089
-0.269730337729087	0.28173186415661
-0.721035425367035	0.966543810695225
-0.524942977042697	0.529512066645057
0.0816133433779741	0.0283425950755037
-0.258853693610791	0.270942582589874
-0.225365897513503	0.229332983813386
0.318560849750362	0.464264545496391
-0.304997152084792	0.472193330808258
-0.78291470456391	1.85048231795905
-0.300624568001845	0.394777654321094
-0.251762610866298	0.259479609288938
-0.560453085475922	0.899909916383476
-0.483074145244428	0.772755977996824
0.196862655819009	0.192552535917916
-0.194471273099629	0.193448471345325
-0.207773488602219	0.228965342797217
-0.179835521625902	0.239139786077404
-0.162829118882036	0.228154712649399
-0.737260403451606	1.47784901031194
-0.756017474977024	1.10639489520953
-1.37059579405377	1.79392324959964
-0.386671715767803	0.323294639475651
-0.796597461549043	1.02380411190217
-0.73256944565843	1.13246199865733
-0.510549189979325	0.66625340154018
-0.394936555624836	0.478299773273116
-0.411041335863272	0.603903663904594
-0.13673485373173	0.140529431490061
-0.341537745643282	0.258153372444939
-0.482426225656821	0.806232853306696
-0.182366309826376	0.191145803505548
0.276473615638049	0.438877703944454
-0.398153251199893	0.534959699352866
-0.434323556561889	0.547595907124094
-0.45882435265557	0.700830729571024
-0.572333298760923	0.641659545558495
0.620103900839717	0.294902919302283
-0.747914240023164	0.865471120697215
-0.998974220977244	1.42024979259922
-0.135047239655047	0.176083314547732
-0.392344799113291	0.659613023905769
-0.145899733754854	0.20649893695995
-0.164719627983721	0.195981028971238
-1.09590015777525	1.77504756323532
-0.482672933902298	0.524812664409347
-0.124270417332322	0.136179627511396
-0.496049868612578	0.698945565916165
-0.423022418765895	0.477138760974388
0.403510683912796	0.544495313778527
0.611959972576981	0.71061859942728
-0.0110421261331551	0.00965258902809098
-0.082675915071496	0.0902197422843227
-0.338260564160273	0.546288146619293
0.224383413482873	0.30193230853848
-0.75673650265065	0.966699528994895
-1.21297584627166	1.53758107793912
-0.377543644272462	0.300677958587075
-0.774630315909703	0.553177051108005
-0.271916427494022	0.185011527553042
-0.368106058087368	0.38770216789548
-0.740666989659409	1.33112652011803
0.129222156669064	0.154904791516892
-0.423862880936664	0.601166614829579
-0.0841227701947078	0.102887060899641
-0.5435530728584	1.09034292992479
-0.420726958727673	0.544570166881834
-0.349061523942602	0.463100109405031
-0.207455771901384	0.182480554289216
0.532819583703884	0.445862263064877
-0.0147143892615601	0.0149331544946381
-0.452433779346355	0.73272487237863
-0.0558810759299662	0.0641171360224278
-0.913385344801617	1.22815763439084
-0.362900187809637	0.585139885060791
-0.378427303780451	0.400167955862723
0.214661779764901	0.128221186478572
-0.236704135031251	0.16599643403355
-0.735150823282093	0.723685472833504
0.317923904183928	0.234987984839273
0.278459496011871	0.252099712208884
-0.330256061721489	0.396753947164973
0.0920347095856457	0.121060880969847
-0.0989856012518381	0.0956978322704446
-0.178100247126698	0.0743011477770487
-0.465296529752512	0.207820972335089
-0.189791141321304	0.154678656182479
-0.417892525693276	1.06098961658039
-0.745181205023829	2.14706914352957
-0.40232990667986	0.828670338679714
-0.573638596201432	0.985259837181684
-0.211502355539236	0.273440084058402
-0.0220093021102345	0.0269463441230844
-0.317027755134961	0.723414987050164
-0.307483181128588	0.536562878868206
-0.211477631515478	0.312996671054549
-0.389086692130129	0.850035017975388
-0.740784627121632	1.15530721416403
0.37582564755897	0.237488846464193
-0.661856328333154	1.70388073903254
0.234990088869597	0.438372821524928
-0.00331015163098447	0.00418949606602979
-0.460074047354801	0.404258332347199
-0.485605597336737	0.522827969463124
-0.339431967636172	0.67232028939745
-0.587398972131876	1.45917274354734
0.129788938927588	0.213941022442911
-0.175384489611685	0.14372395771859
0.620072653008413	0.379917905106815
-0.121630597787504	0.0598555412338686
-0.532066451696387	0.410602249311542
-0.114479977184625	0.0548043231847215
-0.56111962772805	0.386914257437043
-0.0332794800980351	0.0241666826198399
-0.0966298677890663	0.0748070347809727
-0.0247220291741574	0.0340700300408498
-0.382996882362034	0.50121785837936
-1.02927845564908	0.664109118019359
-0.162410605955636	0.0674326176347761
-0.219275573914647	0.209014774443635
-0.508722197423284	1.14527556955793
-0.413299703353568	0.567647978779229
-0.519453559050104	1.00491476824314
-0.314313786179796	0.553034674908278
-0.0772244553246101	0.117493547997305
-0.129419659133617	0.151391191956673
-0.395820990121328	0.792879898849415
-0.163419494311818	0.270798917322304
-0.308038533376234	0.399750113405188
-0.737854974671192	0.823441179594116
-0.162240082846899	0.283360921516005
-0.148238882667106	0.228365746990427
-0.251548302782897	0.451913320852741
-0.25596558820056	0.520908087201429
0.402173423464377	0.887770366194655
-0.0821830629516225	0.128522478430064
-0.321828879622284	0.344858871973706
-0.270877946097871	0.185891717881357
-0.050011232717993	0.0287763747594098
0.0717897797014333	0.0305702772996875
1.00503816366406	0.592633601612004
-0.0811685080605249	0.044101867052635
0.0677329962454688	0.0528345001341733
-0.454275446908517	0.531899767200545
0.0644855074873458	0.103080327173813
-0.673378245053698	1.13881700321718
-0.461587040294807	0.207626455990267
-0.118905981648495	0.0882587543435272
-0.450731926713797	0.515945634101809
-0.274312373311121	0.377569744540459
-0.320773320110291	0.167937144984835
-0.4855485988272	0.593683764906307
-0.344568788922365	0.718757810789871
-0.499161212102683	1.13933765452488
-0.327580978752047	0.585186940614188
0.0403758086467178	0.0436026600006954
0.226771691436052	0.278763353823917
0.255214237644676	0.396139162647559
-0.286303462536964	0.572246880176397
-0.283674142457876	0.509713097976627
-0.333043686066996	0.651614036061485
-0.5615208081582	0.90285468913986
0.05305559574792	0.050338677775444
-0.475663829969561	0.854908853375209
-0.348709202100355	0.61103524325853
-0.813019092010342	1.36300310451723
-0.463012403812266	0.411255850317488
-0.152967769330586	0.248703482467398
0.16172994732506	0.25613312104252
-0.155712008691113	0.242161312808092
-0.21224793550081	0.171695204886753
-0.0678054871631005	0.0533003990589525
-0.141112468130663	0.151402040064653
-0.381570540807481	0.760887353336031
0.106860654081143	0.16649531902413
-0.364482507844952	0.694733800652101
-0.0147857047308333	0.0199339347088489
-0.44794320552794	0.502658965397929
-0.38122116903209	0.269494382025372
0.561212222928403	0.375303987639377
-0.132324441127528	0.0841951467490297
0.485223927663739	0.348380672742588
0.597863213192929	0.483526401800147
-0.376433793923413	0.306919416398189
0.185712957967056	0.170596090037264
-0.31928965643289	0.637171035001417
0.00293403737732847	0.00236407649468556
-1.05721562485654	0.568559131357452
-0.63154729950216	0.410098362352351
-0.682686018622294	0.501905047604744
-0.284146472222189	0.30791404308514
-0.543478433757696	0.666659453607184
-0.388426669908958	0.642538088903477
-1.02021139424608	0.756435041133165
-0.135405673219279	0.150595887050247
-0.311757569737369	0.512179642172324
-0.123009011370546	0.161122870536301
-0.296428389028101	0.401604729716104
0.311499867789362	0.581289261468041
-0.161169725731411	0.242481788454734
-0.103772542573408	0.149290309487347
0.422008510706103	0.625319899391943
0.675366390963121	1.15314112377542
0.0952049832018313	0.111015680156007
0.0206185617976503	0.0299370244666564
-0.192949919211162	0.305935518273739
-0.313446567233592	0.53658327996526
-0.00476305069794495	0.00419054218544637
-0.322255627640396	0.389084176038262
0.299869177107205	0.390447969821469
-0.0693022951861927	0.0829866469412335
-0.015416189245139	0.0136081408236357
-0.015093577213564	0.00922943151676758
0.446456974983379	0.933478321826028
0.685820609532542	1.64518739813041
-0.279614874279472	0.495589836096881
-0.605290443127813	0.687800998742087
-0.423954449120256	0.439896048513729
0.0795828145667879	0.0915801434410863
-0.265354667277717	0.492444393876984
0.328659985807151	0.56701462732891
-0.191676136029852	0.306156743226587
0.226108987618895	0.43703565419808
0.000623988147243903	0.000481954987227524
-0.165077057886798	0.103006086339176
0.558942849626235	0.362875261796906
0.371798753424872	0.224607045543268
1.27551855219165	1.08779776377115
1.13795608391426	1.02711344217581
0.0157432480868113	0.0124509601408808
0.442124874802575	0.568470535204257
-0.115874098878642	0.192398264592394
-0.602773598155999	0.876942047114707
-0.797192549459633	0.877614185240329
0.200206834821957	0.159239578469255
0.0120073492890478	0.0076743974293495
-0.637339040040617	0.583927525737982
-0.890472466974345	0.747604271915277
-0.53111413224097	0.407201400441613
-0.160034569312728	0.119009959188066
-0.204250706470278	0.229522815293988
0.078018921015344	0.0892062624962409
-0.790124081008911	1.67326944186703
-0.241978640639559	0.21398713098566
-0.125774010270216	0.145613098376746
-0.157299191370758	0.215901423994828
-0.0667122008746941	0.0787837365333107
-0.059469554264507	0.0670978591108335
-0.0887619749881011	0.0990754005151308
-0.649864175983832	1.04718418874316
-0.269728972663053	0.386788329703421
-0.402492863561748	0.687773706717599
-0.45869644127305	0.854208312993933
-0.157954169530419	0.196582291229088
-0.404858501523996	0.867752586418717
-0.265746715602808	0.352045856578076
-0.0110256881248235	0.0105448591325396
-0.838503481042718	1.46218096386262
-0.355814610398235	0.458845606269355
-0.0806172900816839	0.0868718961282471
-0.121214321622494	0.102946493265974
0.297085132528893	0.237236302666267
-0.0402133361152523	0.038367638634984
-0.319153896385686	0.435596220930966
-0.192539210143495	0.271091619207838
-0.301870924592478	0.454943769112941
-0.868089775084458	2.046344571439
-0.361070381173829	0.545537210832926
-0.0838849530133088	0.0974648781891341
0.111736807667024	0.129822177625855
0.00734761463546203	0.0070095621960053
-0.0585805899038319	0.0762407599375341
-0.300485173051308	0.475929962921249
-0.334550769531606	0.406751666828537
-0.0419893809256552	0.0335954061178416
0.0971770097643533	0.0952493126250341
0.0875727749570584	0.0800160350774755
-0.631160385155078	0.772283897687787
-0.235088524047215	0.29810772926259
-0.13522450566415	0.172144415421121
-0.111331085697726	0.174411206806482
-0.497104866098083	0.738965406531011
-1.0779373475566	1.28896931242129
-0.822730379659559	1.14688431896019
0.133151356491522	0.126724507476626
-0.115404160237381	0.0893793330897097
-0.588542108947232	0.618677053764273
0.490109783645263	0.450113531370231
0.041892113311054	0.0303630235406293
-0.566226492770075	0.638705691160365
0.50718394976881	0.532877443596714
-0.374876200790442	0.501323527911526
-0.0541687518137427	0.0603754818514179
-0.0372004690657328	0.042555452094632
0.160504759051311	0.161222942838635
-0.287405507837368	0.414639273710904
-0.14710534746528	0.181958724998354
0.297015598683801	0.334303915353121
-0.0405741250454324	0.046046127310177
-0.279644392477185	0.302279152814823
-0.0302549052527728	0.0278483135324404
-0.344695608476251	0.418337806014666
-0.179591247257438	0.216484457870881
-0.575774284555293	0.850432172879011
-0.733292585435162	1.04954955487794
-0.563015805778076	0.895841648847025
-0.272267902692671	0.321364263624025
-0.381627756832291	0.508834169458034
-0.125575351470756	0.0607451899688488
-0.28639450198028	0.31618546611981
-0.59967200496665	0.784495212911647
-0.112092534997563	0.13640130580159
-0.706397949572594	1.49395260881565
-0.626505461224666	1.26322413189264
0.172002389876886	0.216194747247119
-0.315803609057982	0.417948755543093
-0.115714123821099	0.0982754003475547
-0.241343274301484	0.234596888602247
0.188055440185267	0.251925090088093
-0.416798372197959	0.782231392004285
0.130232983117876	0.154963850793136
-0.286044615687769	0.361883917161278
0.0167230859186773	0.0140130273073139
-0.0414750300454199	0.0353557587566366
-0.0957697115809791	0.112117623666011
-0.335122734543456	0.562617029926597
-0.207603174434365	0.30016049471771
-0.254345605828518	0.435358464332016
-0.0932164134958575	0.0911428623006771
-0.642263444645597	1.04376170470008
0.25034196817296	0.263205468411699
-0.1898345876295	0.198598746790417
-0.0112288594066208	0.00983516492740519
-0.185285076898005	0.188949188370473
-0.0777088104861796	0.0702972472897361
-0.20340522360949	0.181498677204326
0.336462820132355	0.344593053384713
-0.903545488687987	1.29237565374208
-0.103321868871686	0.109359568766436
-0.404650025592651	0.525322549608847
0.193047158002323	0.226604836450617
-0.343199052017463	0.439615684938299
-0.712997702140858	1.31076297832708
0.231498909998896	0.257256975275808
0.100413941619134	0.092790536155125
0.100756299769038	0.0967714882455036
-0.109669896373695	0.113480304075763
0.857761076006871	0.749205412398502
0.541294450519347	0.330960488531924
-0.243470840678464	0.140532460290589
-0.488152902888207	0.495315230754455
-0.195572469475142	0.161871654960998
-0.150030203529222	0.141716147403387
-0.184541655339636	0.13153215849589
-0.0457560146969854	0.0327582191004403
0.0749974179481521	0.0345229576766643
0.0751526872729382	0.0421585402688463
-0.848396564088953	1.28826055425756
-0.198686268172447	0.278664243305132
0.0560426896664552	0.0551067459190875
0.0530317374282121	0.0505814596538279
-0.281448973220375	0.19353530172997
-0.998686329651784	1.18066812136611
1.14703675432771	0.902984352764035
0.0104877820501537	0.00783141993885558
-0.054366316541165	0.0711181019458145
-0.171323915937887	0.242568350425442
-0.205674920902798	0.249066641083379
-0.0725745058048534	0.0846903343575456
-0.00221387009627094	0.00221300885398856
-0.157715679182274	0.190137973281064
-0.329684189407543	0.585170407273398
0.119399964808522	0.16172018485234
-0.320699382394287	0.465792210710986
0.111603831742005	0.084379789504993
-0.514135024193877	0.619711579900157
-0.199903445057946	0.156073831094753
0.0796251260541899	0.066744018714055
-0.652122161055069	0.724361049963096
0.131393814809389	0.116948026153099
-0.160184961592271	0.147007855164298
-0.65624252012102	0.782398359919989
-1.14447367069496	1.63164868208967
-0.953901614121833	1.30550969262667
-0.720738798395524	1.02510173032666
-0.373532269548975	0.59420390962942
-0.319809816791896	0.505746230295709
-0.64749393242654	1.47626976988648
-0.35046757096281	0.459029568279691
0.0774399725624615	0.0969642926116391
-0.161106246946098	0.197819786155074
0.424603422117491	0.693656173319141
-0.0749882142576272	0.078176887248281
0.447736693919995	0.552765347139088
-0.280666258082786	0.289598942218325
-0.130509139930593	0.125302670960011
-0.653216993788318	0.936667650958361
-0.157540819011617	0.240271499767178
-0.823562112829386	1.42891403220972
-0.0752443520607279	0.0743871641995918
-0.68029750340917	0.769422625248049
0.0714421542765557	0.0277410538555867
-0.19069249194527	0.17525982405051
0.255741323380444	0.269396400636291
-0.326479391674178	0.461202292375
-0.0906803009433474	0.104361391351961
-0.404299513191562	0.562001032239328
-0.605058079760486	1.08003058385386
0.459202123546986	0.596057375573575
0.183553420129137	0.192361568800313
0.195956328135226	0.186907733708079
0.0514634086003748	0.0640331512197712
-0.57314483323126	1.15270383998476
0.150860108069715	0.17210906299238
0.396696650795315	0.511478882669215
0.250294919406392	0.342516263899269
-0.106154234801747	0.102699181106774
0.225922061845152	0.270362320552232
-0.055374588594825	0.0632001626052424
0.226414701437682	0.321999888653048
-0.0165608237186271	0.0230099976469622
-0.24386601812277	0.293416790480617
-0.373190843631124	0.470909075569535
0.0950989823778308	0.0857244115260103
-0.0316952713936128	0.0235417096782161
-0.252022157944253	0.259390140862989
0.0661807229700952	0.0549649368051045
-0.294352363385731	0.316659311660734
0.649481020416423	0.825214158837807
0.301500464955692	0.337317679009709
0.122480986985616	0.129957052767804
0.54523729738634	0.616287851639044
-0.384712588102316	0.464962189432056
-0.59411023243022	1.0013636717095
-0.121555013980352	0.115519124736835
0.459027414876405	0.517577165056027
-0.278247625927357	0.261771625038392
-0.132987470206309	0.114872573809727
0.611299535832485	0.191452642057638
-0.0802816281237872	0.0431909499995592
-1.55220176260644	1.39961359186449
-0.137545468047786	0.103722981496595
-0.213914098114091	0.152024806918963
-0.780883975721117	0.632338390288499
-0.307056727578618	0.290223283091158
0.10405058372802	0.0207332277446225
-0.323162402624511	0.16802573615634
-0.240683719649978	0.141318322452235
-0.145706320025658	0.125388492052385
-0.0197245810786368	0.0172303388011116
-0.353123571026726	0.431081678729486
-0.766121603926123	1.0336157187447
0.338097746992823	0.23702750233045
1.1419212420163	0.864535577949988
-0.235689888807006	0.163027573813766
0.296585460739751	0.238093189736163
0.575439148485038	1.14694107212299
-0.140891192890585	0.183190641883146
-0.215343537604309	0.288345167748511
0.143698001575096	0.163411182039079
-0.641337225184666	1.1695574269177
0.58169560759174	0.939180069059225
0.0125263082135667	0.0147472974787319
0.106434135772894	0.12745575559288
0.0814437582751696	0.0746639750417004
-0.272449367150555	0.236831493161194
-0.310182762265647	0.489453547262159
0.134676962854884	0.171218443311789
0.0061791168402487	0.00699670528934807
0.0355093267538985	0.0344181400919861
-0.30813774875606	0.483554155839508
0.152144137858782	0.201401543496647
0.560894336939373	0.83796425550171
-0.480956963031467	0.681674718949609
-0.274630476614064	0.391369303726731
-0.208201324146248	0.281635161383784
-0.624835145142489	0.877769776759826
-0.151449412959738	0.19844397159861
-0.419641594587671	0.570691556822411
-0.634945004631696	0.702966705869186
0.0553617321317715	0.0447939925110447
-0.350349415408123	0.396367550097982
-0.132150433300754	0.0591712485786089
-1.87675454621051	0.807822608657114
-0.897927029844884	0.756987842854518
-0.698726709722163	0.58629865693899
-0.425115628551691	0.309675912459821
-0.170208918455428	0.0722778921416843
-0.203368430463592	0.124536040641156
0.992355199592513	0.477920761949686
-0.880436229742275	0.589049293682159
0.618963815332042	0.287960490988701
-0.170819646331721	0.141846799561832
-0.0540432422515448	0.050281379225268
0.288885208262162	0.399895346569223
-0.0451417890588123	0.0307969555144035
-0.09657451477455	0.0498542897432231
0.630040324241522	0.39486248927648
0.514556088522563	0.346330333353188
0.206609628643105	0.136210028664301
0.290623730927715	0.411459451518514
0.242171586866324	0.41237337042071
0.47783712360244	0.997199368190456
0.132793171657897	0.184012851116813
0.441775424995679	0.863528624238636
-0.408539957258048	0.593768918767698
0.621409408371411	1.28992350688673
0.532301868895462	1.01128637744921
0.253518603275535	0.244126220925863
-0.230074783703954	0.174377016112052
-0.290539073885729	0.282097749345219
-0.767445882984162	1.45774210294497
-0.120070030806361	0.148153586601838
-0.0792288358633894	0.0978598097767859
-0.148260930102243	0.202930122351648
0.423019382105303	0.762794453533135
-0.233465647428862	0.359118573600274
0.170970802916655	0.248293207286404
0.59458612170684	0.948692788019055
-0.107290416493213	0.133581580952954
-0.025077598635571	0.0307733122192003
-0.278882488129822	0.265119948962523
-0.0478747972463008	0.0399841795783097
-0.67954524400401	0.171491799679183
-1.13425310578318	1.12123179395828
-0.073719909859666	0.0400587346707007
-0.279750920067571	0.15587459610834
-0.482871252712111	0.279923234809513
0.378582471966356	0.157137582371217
-0.681482569944125	0.170832896611459
1.50481894190235	0.765169123138617
0.996629964181583	0.491926754238425
-0.206341246833577	0.165961705243573
0.382256800677222	0.466465051340975
-0.600166173366042	0.797363422863203
-0.0693989468139884	0.0572029401857097
-0.0826988288549921	0.0450320521924166
0.285350866797564	0.14108854997708
0.716791206000083	0.415863741521168
-0.265117660568118	0.208189383051087
0.413338575340331	0.641705777246336
0.0135658720124701	0.017261935157347
-0.214806766543077	0.346860917524243
0.209067719631821	0.323370583395744
0.13859556128207	0.204132056167634
0.188653213049083	0.257933338278899
0.0683161570199017	0.0809668475721455
0.618811938304624	1.27568566588347
0.287811925574365	0.237261234668794
0.216470673137233	0.165452972620505
0.0417166700635764	0.0426171992669004
0.552845866445726	0.998135495709769
-0.199404353457685	0.271145599180988
0.143408413464155	0.156730374675452
-0.346408506836577	0.481062239134037
0.105741703494416	0.127093866763328
0.344893103444417	0.493678783953997
-0.158026749630102	0.182972470877655
-0.179391759906856	0.21009767594322
0.456372249245265	0.782031823768024
-0.434079705551858	0.691594399198053
-0.839186119351586	1.94935986917797
-0.433772394671986	0.622859708862344
-0.137142987291865	0.141404490813918
-0.755835971928862	0.985400078107435
-0.780954522512337	0.682258468211044
-0.0450942299857516	0.0318642965489226
-0.785912776020311	0.629642420180024
0.623441527854896	0.292667201052587
0.207563763679198	0.130984439367182
0.772148962331007	0.533489279946723
-0.333235630906506	0.276752619510745
0.115730879622979	0.0903742264373866
-0.130154006858244	0.133836422139662
-0.487849319723887	0.656400112045533
-0.355375015928349	0.372346131384126
-0.892763330122492	0.673200559334069
-0.114318506534496	0.0718754740142988
-0.114137611443136	0.0563947703931252
-0.487058383363912	0.455750420429838
-0.188396714692528	0.250410181414915
0.0337149323402919	0.0394211080721297
0.245291187772589	0.3752359546046
-0.0536034176581244	0.0657866810657433
-0.0462320344988051	0.0523545579986116
-0.378723426353702	0.583438070511364
-0.0582888017652679	0.0767492562720216
-0.165845929743941	0.226019836796441
-0.683217862909022	1.20021276099804
-0.127475598935611	0.110066790853647
-0.0625918440843913	0.0851972955590064
-0.014217657120109	0.0206976663344525
0.0850436655652998	0.120854041282678
0.0563998499323156	0.0456963956462323
0.197186981522336	0.160421240245323
0.627286803992173	0.72448343631586
0.408678923555289	0.429521293516916
0.741194561017941	1.05572320352882
0.125209420265908	0.0977940235046448
0.108983198028517	0.0774027488120931
-0.670823556220298	0.647362257440339
-0.417199750097216	0.438284956436734
-0.145141977783581	0.236563469367497
-0.468287119647409	0.669265317414415
0.00422773095311169	0.00385330485109192
0.241924917035348	0.256527590418731
0.0595813182683811	0.0569817225269433
0.201503484477033	0.164538236007083
-0.0339026099235357	0.0200501749449663
-0.0438484347955434	0.0406663504751889
-0.415343601995998	0.633884490339659
0.264086291933825	0.451695701362673
0.342243475812478	0.483131542309876
-0.296110036071479	0.420685357468554
0.899253131603443	2.20015675461752
0.0749132574955478	0.0884443934530732
0.0428211761032554	0.0478011769121414
-0.244483834509611	0.322615460052629
-0.558087969744644	1.39079682370724
-0.224233573228741	0.374780898540955
0.467189447713786	0.624949131923315
0.556700252037636	0.686549388360553
-0.195852469920341	0.203502578192471
-0.0174130278170669	0.015215275241183
-0.111726652486932	0.0990444045971399
-0.377528512290465	0.652273663408568
-0.160795745558855	0.241874076805896
-0.254763403956349	0.563327148470562
-0.308293912845997	0.5376443582541
0.108164167002358	0.116903616626359
-0.101069569507748	0.109854942609884
-0.190392655191104	0.249729475602817
-0.25951246824845	0.307264582757052
0.457182903489165	0.775202361275658
0.0456176752640361	0.051024769301753
0.289842799527159	0.42931552610064
0.145982088421438	0.177156613698514
-0.469564003542631	0.710336765851064
-0.28482271710075	0.268804544358228
-0.380415699691647	0.179923347258248
-0.640327208075422	0.584538729854536
0.113088338310217	0.0888037375156055
0.05690990268869	0.0281255436133013
-1.55303798775857	1.10520347399419
-0.277153348642808	0.151500701073451
0.975253108493828	0.374382643647549
-0.148209931846776	0.0670388208348094
0.0813561152623845	0.0476097829259812
-0.419796136033431	0.377690113224916
0.275766043597863	0.343015554178417
0.302775497996522	0.350712233511087
-1.1392970900182	1.61923789815463
-0.31303162104846	0.208215137932611
-0.876225854017428	0.653913065012125
0.5559801415964	0.363587240959255
0.321658675810702	0.241034227755324
-0.251913333961076	0.375105473739305
-0.576725815382216	1.32610027897184
0.385736511663056	0.709194097257115
-0.275946409849096	0.48795864434379
-0.0401768441798321	0.046160932337491
0.321554857809694	0.538510032136083
-0.247534553942359	0.414328207742406
0.0456198674358647	0.0475451256922127
-0.875328950615279	1.42088334465047
-0.367129084270565	0.365438380777563
-0.338896870843508	0.34211280848556
0.341516749678867	0.408834851915581
-0.565318120869571	0.975305120632884
-0.0437330247335356	0.0491595150358855
0.256341897466113	0.377702004756487
-0.110692484671311	0.143740531803604
0.0533347943293185	0.0600929990135447
0.148222730115328	0.217916816467315
-0.068818509691127	0.0736409060457117
-0.728961684405136	0.448367365567166
0.0944098947784804	0.0590178068975675
0.0720960720798408	0.0335474209053311
-0.140734865240521	0.0644974202796036
0.968744780230129	0.366841027592228
-0.838615034033444	0.397130321055471
0.106076103579482	0.0271375857902757
2.29095345327899	1.16118722336222
-0.88003497151058	0.590081289285019
-0.258420540520772	0.225182556779918
-0.710760807564143	1.11894088974542
-0.227355659817103	0.223646751007393
0.541364555412501	0.465105588382037
-1.24452047989844	0.71893596992324
0.468876507313273	0.26212773376823
-0.63722240703841	0.407273471530536
0.51353330445748	0.352186156153081
-0.530349760445054	0.805254643772876
-0.396668435446607	0.719077426574929
-0.516972838117848	1.05917730209403
0.45954174358543	0.946924486732196
-0.231639011183985	0.351851617907139
0.295890969985265	0.479272638453676
0.335602126764688	0.527591308758888
0.274967684191616	0.369707027866826
0.511671935238166	0.535463564304063
0.309855054442466	0.238361275440438
-0.670807796565555	0.842777572141445
-0.163494618763047	0.23293811873809
0.378254569978056	0.68959431608976
0.331097567146327	0.588220546490666
0.20027378781262	0.318218579293841
-0.0407004963587288	0.0518372125198817
0.057622238938023	0.0795259113626353
-0.0534105951619142	0.0670568767068711
-0.132636511577037	0.0607489628574167
-0.861974763046572	0.501869001859064
1.01674092042263	0.736920754403145
1.23100519382804	1.5679290471211
-0.14083508630984	0.0917471931832908
-1.19222067074537	0.375464044784782
0.874929574828812	0.571415188925395
0.900568465941631	0.239348135517457
0.822557689385418	0.443424675998475
-0.557614836101089	0.368732984994987
0.398270975182109	0.336854422645924
-0.500155262588666	0.674384447724389
-0.893952493520664	1.32501494021
-1.1711295172936	1.36167111432289
1.17388753869642	0.785480474431077
0.24664869295324	0.128244265543525
-0.694830374089738	0.332260928452973
-0.362512530009136	0.230357651978459
-0.0826332716168213	0.0968708073257701
-0.178467960136946	0.261397574279277
0.167331137480068	0.256398065616651
0.00228208150514551	0.00277646503138757
0.756624812343922	1.90731238835149
0.458522314890829	0.942184910035415
-0.240841638272018	0.362930552988479
-0.404620381504131	0.651729883047548
0.198227731177229	0.162643345267605
0.209659773029875	0.160446213665547
-0.000609418694040003	0.000467732022016257
0.0915692395855102	0.091367729245549
-0.0574979040453307	0.0713887422693765
0.721167002319998	1.58372678405661
-0.061927787484473	0.074690015412549
0.198110734437669	0.276080106927848
-0.166591626829026	0.220814269350254
-0.359144145584585	0.529173769574627
-0.22336289008223	0.0865650191114884
-0.468549301584875	0.207635949664246
-1.17230921078802	0.809220745272926
-0.379238093445234	0.28473329415516
-0.212800683519369	0.12900941311989
0.254229694127833	0.131828926234108
2.048683701033	1.43778073700995
-0.476367924391966	0.209744590203843
0.101469923650474	0.0256318678942387
-0.217819373683599	0.084629746905544
0.0953258903390144	0.0288808811444748
0.2181282852004	0.150162934565349
-0.150104536990389	0.136712662779392
-0.165723552785546	0.135345488241611
-1.43851578916367	1.61664178907563
1.16614019233069	0.767473035260424
1.16324998536317	0.778063748759436
-1.05586772685731	0.544051626754429
-0.673776780414938	0.507906023911278
-0.0614728893820865	0.0645851116020537
-0.4642827465817	0.90739828142038
-0.00711777158177827	0.00909302942418785
0.0737481619938745	0.0947254883483897
0.0492869693209577	0.0639159235925688
-0.269687254988623	0.416770177365863
-0.00980356229200502	0.0103082310514104
-0.201538109285844	0.256090124518873
0.200583938641994	0.163782502015138
0.0652725995804808	0.0516418216578837
-0.566232628971472	0.897470372159593
-0.0180670273350364	0.0195728525141114
-0.212967332438492	0.316673642084495
0.309385808457638	0.553153498039264
0.103415291945385	0.133937348691422
0.00310448769658039	0.00346762495183766
-0.999344311494699	0.853673351298047
0.208361175918539	0.170892338326082
-1.05147836453485	0.565021141737441
1.51147262642088	0.754587486166986
0.0706359432517223	0.027474385720958
1.26363379841856	0.559286281281705
-0.214480598787279	0.083256115922965
-0.693357606628203	0.568912832927762
0.576157293953196	0.47034857234624
0.143174933681117	0.159306461018934
-0.31805132487747	0.269517452007444
-0.052031903917792	0.0363153037414285
1.266196040084	1.05568495013587
0.216124938215681	0.134922338414424
0.625502215228725	0.296497952178579
-0.117062841826919	0.0584899854971827
-0.266484230423145	0.338211073143868
-0.086474897056642	0.112294311987694
-0.0968430762543751	0.125955010322782
-0.204927599318783	0.344748835643932
0.133700735247458	0.178293181619652
0.0461582636166941	0.0551298332621546
0.193659706139494	0.253472284672714
-0.2212734736191	0.297078442539899
-0.160163537515846	0.136249778460706
-0.420454101154431	0.444329076132482
-0.272380468193046	0.326363645775284
-0.310834393386025	0.363733512209287
-0.05905599353418	0.0583833503442701
0.404859550357291	0.587980591388886
-0.0240295395141049	0.0232562126521366
0.0582885257658105	0.0658478799589733
-0.0286422068666123	0.0302739904723459
-0.111051213817131	0.11330585414622
0.0703716371744548	0.0808371030438437
-0.363096964565593	0.560368599506302
-0.420691312700493	0.345099215078306
-0.893599845031503	0.697461843997938
-0.1614749123455	0.120286601458815
-0.812669013223965	1.03016081054206
-1.2733382831405	1.30151385451633
-0.561941553237555	0.380733822425791
1.00018391892109	0.491707768658475
0.973939617837008	0.380021135392973
0.475477173617121	0.257006255688071
0.0677578499050317	0.0306674617662066
-1.93260048426334	2.92580402694614
-0.321173071487432	0.38453985891268
-0.354637709466527	0.398373810707446
-0.540418952053854	0.588333119907637
-0.882929620415202	0.603496943751764
0.0775229107591413	0.0379249613342508
1.13433921752833	0.983715970317011
0.206677929721669	0.153982127711317
-0.282567358298892	0.407825588787106
0.241572769917052	0.354947449387313
-0.0842390862526005	0.118349390489958
0.0856947053099158	0.104831388279111
-0.603767012041773	1.18341272951105
-0.450508467521239	0.895502004366881
-0.129312564255221	0.167451542092328
0.0936200508005486	0.105349714400107
-0.0465710316965642	0.0465579726314608
0.690501549343235	0.922308657564653
-0.208136596010561	0.238074558289085
-0.277480015569368	0.347579194264437
0.190197211203594	0.215828896331285
-0.394712131188631	0.443322592696235
0.386266728436663	0.504103738488011
-0.0939788869874843	0.085606782401969
-0.0631273021499212	0.0586578048942738
-0.0697718657705221	0.0559848723466009
-0.111668189924673	0.106932728574338
0.00845898759170318	0.00771559377926532
-0.53974327037385	0.653015596331637
-0.0716469610734668	0.0715463304118535
-0.210533488215792	0.220794009648745
-0.362029049042272	0.484645289266668
-0.387125554661121	0.441242906461281
-0.480162145833904	0.491411324902781
0.0474053094317543	0.0336214070701284
-0.126795764619605	0.0981060064217129
-0.563440036199275	0.482528004749676
-0.712986207488462	0.687763181842176
-0.767945664248569	0.549188294438729
-0.643716572768961	0.414158277446744
0.526635018029326	0.538999846531766
-0.313755900505282	0.302697948834402
-0.36141389766981	0.370326912112747
-0.379324246198787	0.446848164308063
0.484877777574099	0.492549379310594
-0.542217984909384	0.586341353229695
0.322617703708993	0.242283645622921
-0.0732163766791066	0.0503340632070229
-0.282464435312481	0.193124625669401
-0.845967074563265	1.29887550262182
-0.277818972778962	0.33103718687434
-0.252296985478262	0.30913894293895
-0.0486705651955506	0.0511906170916606
0.163985099123073	0.191388248143316
-0.448276432360071	0.65592219423506
-0.476131204958565	0.752612718941558
-0.374272003994762	0.551600086449647
-0.356321368424005	0.448246477817218
0.291072786207869	0.406429819509797
-0.0317674455805037	0.0262286864291973
-0.173751751467968	0.162417487261569
-0.115176680318111	0.122097720544426
-0.0394131312056651	0.0369759856137585
-0.611738695516453	0.753686788451827
-0.166690613110847	0.169274858898374
-0.0472790258431112	0.0446536809201889
-0.500464207197305	0.768151990811576
-0.284072190973158	0.407358414342951
0.0348180125385526	0.0294728110126616
-0.0598433314349363	0.0485251819750589
-0.282971763398236	0.245668114527018
-0.953719623150071	0.961532773863179
0.328486433501255	0.299810742497506
-0.199419631556678	0.119236368398657
0.0711442239392399	0.0266838984518723
0.619014170568673	0.617396801079318
0.1078054962601	0.0813133569030384
-0.0532731177635462	0.0546626442786182
0.2304339762151	0.259393258376876
-0.15512034263541	0.130104716630174
0.307266389834273	0.348334946140193
-0.268969442225474	0.207214555157972
-0.388980950945097	0.368888725221233
0.727220185043795	0.871039776471144
-0.201996272900269	0.230301431343317
0.397187053592185	0.600205340808207
0.0971339285424902	0.105846226114245
0.346039208195536	0.424473865988758
0.0812754710546211	0.0876005938273594
-0.469584058200906	0.544647606967277
0.640073791283567	0.888605487647906
0.202893617841946	0.241026502518461
-0.555674979104813	0.818080404006754
-0.0287605913290906	0.033761974415389
0.250343304824875	0.295615514655379
-0.702902535323046	0.822873323242192
-0.690285066143679	0.77341547755604
-0.186117987016301	0.197054110130378
0.4002775705339	0.638338634595764
0.228558401756056	0.338129162654905
-0.435574889586428	0.543137211495492
-0.473890794620242	0.819920640393288
-0.0774786650591589	0.0780639140764955
-0.028821273773189	0.0242139770296199
-0.616275263649177	0.739080968579703
-0.385589694830138	0.448325819091645
-0.3709933333345	0.325457208515429
0.51275436163709	0.356208456873601
0.339949723535924	0.431560484166826
-0.368052643698593	0.480999675812442
0.349680404601427	0.615134866506778
-0.743047900426932	1.05247651198948
0.236392138734741	0.263637433479975
-0.0197711728218273	0.0171347886294378
-0.156882516299685	0.171377214480143
0.164147842386799	0.175573426443877
-0.00109613606446869	0.0010331690844189
-0.417414049363883	0.747191264822948
-0.391139366437512	0.558988359890967
0.414842408150359	0.567895069466709
0.514332753106687	0.659037499798085
-0.224366570175083	0.249192619414264
-0.68710722891225	0.907556399526274
0.373979277238038	0.336513507412626
-0.460674631165786	0.604166068296803
0.15704683509267	0.198568347364295
0.100065663218418	0.157200056860916
-0.405906821113163	0.650924030855939
-0.388064992411489	0.461447401628122
-0.0823266395501068	0.0813864886880725
-0.0751453501234545	0.067604117619636
-0.212201721065947	0.243974351778872
0.0305288240936706	0.030388739246672
-0.210530213068467	0.308076156317509
-0.0929867884029671	0.0920904522740124
-0.274835481016925	0.306896461383468
-0.370464808089641	0.429459193947659
0.123204201328074	0.100620788598163
-0.55268007949084	0.616504289034537
-0.221055102315391	0.179119399114684
-0.352504365059094	0.30015648129864
-0.940751863957194	1.01680699361881
-0.379834769516029	0.185577081563302
0.499234870248806	0.44868454885555
-0.596091942851772	0.642667074207268
0.154647963930486	0.177018490157681
0.134707917459405	0.12370232215615
-0.140939657562885	0.142089652893384
-0.157012951232778	0.169641930745773
0.246831353302098	0.267931600785196
-0.454458374573002	0.491528426169747
0.304540408191701	0.323263115432889
0.643160122216362	1.12095948432667
0.192260666504801	0.226605919352813
0.24790039561047	0.331909161918225
-0.184885537127218	0.214364422403578
0.246111771263693	0.267191431521215
0.134746477283203	0.117648535046014
0.19154434868536	0.206943811143151
-0.325846804967477	0.454748372252983
-0.134815031927014	0.15864679761242
0.0513956603185965	0.0675740340515071
-0.215130133441257	0.231741366000602
-0.448310763661322	0.626600100434835
-0.194613826368742	0.234939444511399
-0.0957394305129459	0.0739167467574878
-0.169881527153803	0.196425628295916
-0.126812350077651	0.156561658071114
-0.281230216862524	0.369154217707005
-0.0459995342203066	0.0528513556963548
-0.0986668833133887	0.101947045911024
-0.00348878846598995	0.00311640024532441
-0.29998933285172	0.360567139521569
-0.569527670371513	0.554061340349394
0.616998318248559	0.6499566576195
0.0391511427329076	0.0273612231026387
-0.0902561097035912	0.0616202578746287
-0.677341660405891	0.337007483911759
0.367979238765334	0.146436969512089
-0.0898236514540948	0.0602026111362661
-0.967115858263705	1.30616564073273
0.0960023561488036	0.0935262956912553
-0.059812303815573	0.0527257280497008
0.390671828547353	0.49561998993194
-0.326837915095818	0.354226700122883
-0.158837347708384	0.116312617546444
-0.754783918410178	0.873918699774775
-0.26405984961523	0.20814977722202
0.0726136548549417	0.0606953753521013
-0.338074015052053	0.499213717547067
-0.140201799575929	0.188636958515436
0.0481623788957161	0.0547267736357722
0.446967373128606	0.815200752743525
-0.472510308665686	0.81716010927705
0.555262395539906	1.03021906340508
0.260765193538285	0.365989603989943
0.13462411485235	0.165178138466385
0.255226670813684	0.355751909677016
0.189449031503706	0.198853679390564
-0.248902605272891	0.316053263976036
-0.133277912391827	0.152596147841126
-0.143400324251605	0.169188250692722
-0.0391928744834938	0.0229673279062153
-0.0412078308825069	0.0240532937699353
-0.401444248774922	0.593253816198521
-0.347823010751769	0.53212253749567
-0.150474407060405	0.140310822934822
0.401600728874511	0.625617031384671
-0.135051254721705	0.177011646272952
-0.134953038541652	0.128123008242398
-0.49605981826439	0.570714649060717
-0.596890003987831	0.683393118644271
-0.725358803615849	0.753957550876165
-0.952468319991238	0.952752256501123
-0.267890024641806	0.178457166126732
-0.426163330379943	0.301034620289533
-0.0854314341785795	0.0671582565036402
-0.376053975068591	0.281511385409652
-0.86802481452916	0.710390833706781
0.62495896943883	0.37335002341011
-1.24825655531613	1.09944064282646
-2.13753284467288	0.986427688777228
0.620608128738195	0.380096019651464
-0.598012799446989	0.464556142296025
0.220084608548135	0.150543446388054
-0.316646345964948	0.453577609543707
0.376549874319313	0.41257296508487
0.0247980770679444	0.0166458427153034
-0.115579063166316	0.0562551697687819
-0.689279009685333	0.347176643301093
0.0655469446628691	0.0367413014469572
0.480911336580437	0.352118646734907
-0.432848436242646	0.710408786054121
-0.28861183801906	0.447541626449858
-0.634866890067317	1.4555047952085
0.205104591353305	0.299580526810444
-0.154204540879981	0.209366497410762
-0.146219920381138	0.18890698454271
0.744108943651176	1.63933590611117
-0.151348438814793	0.181712970185779
0.342292084313761	0.395715342358212
0.00484598749028613	0.00402654624346291
-0.512263261946412	1.05311556711188
-0.418490126123622	0.667280744847678
-0.414827499322658	0.659385439770752
-0.404099152481504	0.622655842658833
-0.32970112701465	0.403618336496191
-0.371624265381406	0.616263428484348
-0.0433934745016656	0.0459939499581439
-0.424952835011742	0.558179366434727
0.0570826582865073	0.0721762747443685
0.264736103095678	0.351439103219724
0.00252081554246043	0.00206938289291236
-0.681061350001509	0.760330660127881
-0.417119461511896	0.362824276266936
-0.241316368189108	0.193341338461799
-0.263513927766078	0.21168043793411
-0.203326674091177	0.117933898395971
-0.73806368441143	0.456167650071771
0.828394405739765	0.938234043295358
-0.543637938580169	0.439029222429572
-0.74065172925068	0.454184022166352
-0.429653181452222	0.26260437592673
-0.676896746137156	0.346829299953969
0.610672214313	0.196281620263059
-1.0328662798732	0.667596439860765
-1.23815520746333	0.728558355964801
0.10491344625819	0.0711400965703616
-0.0591702697326184	0.061298880827093
0.0571376173509488	0.0526202992539795
-0.47764322855591	0.438301701378776
-0.323342222780316	0.17133576532155
-0.459012418272029	0.402093407531776
0.384030556879104	0.240821754752618
-0.723309292804201	0.702806743669378
-0.345241527639355	0.55274094714494
-0.0557562331109653	0.0766453309351112
0.637998399388763	1.63182902681682
0.22480980418887	0.338318368641357
-0.407316001301	0.723254459300411
0.019622354236933	0.0230324990630933
-0.0217247893212652	0.0242209626287116
0.00581028563412121	0.00590704800604487
0.0927210165809862	0.0926569601217215
0.390884614594261	0.343686727327692
0.0601016206559403	0.0729500133991165
-0.083940229348025	0.0843784384416396
-0.381597856451755	0.547300313295822
-0.228326812698354	0.30714296796807
0.369558517954965	0.594675811210571
0.487507780204063	0.884389111608483
1.20898749727289	2.81757467863575
-0.448358319869446	0.50024446753285
-0.452092629947811	0.391620467808201
-1.30623842536753	0.989321704285447
0.311948897443569	0.239440342659088
-0.707052993085903	0.607688915274533
-1.04688070743553	0.549289177285892
0.0665007922950246	0.0359611406502437
-0.0697534643707001	0.0474713365317258
0.246321259508265	0.129972569182966
-0.222596331882614	0.0858238875200113
0.708784275672571	0.414545025195877
1.40210131805325	0.460112791578606
0.313368026092604	0.138454036313004
-0.403946405483759	0.119121951911814
-0.583226124250085	0.543457154496943
0.252426067274776	0.281638334962399
-0.283417293837399	0.285658810305092
-0.984838008451382	1.40307371416187
0.717192815511038	0.414142781957284
0.713410605725141	0.42287595583578
-0.414137305800573	0.248921277129834
0.379578214293854	0.329759576386039
0.119832027934724	0.13864771789545
0.0889539137289633	0.127822976454
-0.0295397058941705	0.0382078077140523
-0.149158738087863	0.246894202832989
0.0375783789660567	0.0496663126393109
-0.00438818049177853	0.0053954526410292
-0.244007688752793	0.376836946925017
-0.0358802139456754	0.0387657156077094
-0.169718253980669	0.15755363421121
0.573339740859906	0.555691240715614
-0.382139536494158	0.563305684346753
-0.310940583455798	0.363707514780703
-0.828609520914859	1.56472187488997
-0.29645744279858	0.30414281625277
-0.254990383314055	0.372218043415412
-0.243286697592362	0.308258308960919
-0.152851438775838	0.197581220406057
-0.165055393771437	0.165878191586017
-0.0289458117708176	0.031188868361594
-0.0824693633127182	0.105959170347949
-0.0317926260702143	0.0373033189469581
-0.220353973768206	0.315938453928411
-0.119649558421599	0.142844860661292
-0.0306516443368693	0.0296690525060724
0.123820996659437	0.174156012459423
-0.240367426332134	0.28118184487517
0.206412869007623	0.160451149734503
-0.682798421120801	0.762384104934722
-0.445515820338417	0.447903313421433
-0.40462789337182	0.121429891152218
-0.885974611140456	0.76308488759315
-0.598676880108157	0.583120511712476
-0.283574781724533	0.191602077234114
-0.378624292035854	0.184472409493748
0.0967403703268525	0.06270023647712
0.109939555323256	0.0717265975770595
-1.24904320536309	0.712003711897789
-2.35570875849791	1.24774318925653
2.05890204087237	1.4304792815155
-1.18852611413385	0.369244129518915
0.602527023383035	0.190692919783538
0.751811359089345	0.320402071524352
0.473392695847748	0.443080194058397
0.443003907861462	0.660543886619221
-0.220701978824526	0.210262880496718
0.549536720553434	0.615710604577108
0.256165209836331	0.135638761169496
1.69153525911083	1.29214013631251
-0.240580932364969	0.142346737828965
0.0607564984773052	0.0323009564919015
0.0847808366985396	0.0965958475897414
-0.358515729095964	0.805611509452752
-0.0191211733873672	0.0235672225023979
-1.02120521759896	3.14781212298333
0.066282901123327	0.0914927881788749
-0.228230123738034	0.361938730988729
0.261198091144679	0.385518399685821
-0.261600489637407	0.35928464945692
-0.0343898211480305	0.0269155515961982
0.358812812614146	0.407328934593637
-0.51358271225999	0.912881298692844
-0.359127568152076	0.507415330355195
0.290352250711589	0.371899896560895
-0.619358745583593	0.896535508685304
-0.18263354957668	0.12744336206397
-0.389217317693738	0.513626127553025
0.669071175224786	1.31320599162236
-0.372173568571392	0.538973949107222
0.0937905312094601	0.107069696254649
-0.226171571781994	0.221083561577086
-0.168155648729443	0.19695424485057
0.0762979988595378	0.104514532757956
-0.629626993411902	1.11898362820442
0.442076680857428	0.66153616825383
-0.304329211921903	0.510605358210186
-0.0603888517180023	0.0619336774329027
0.970815586703981	1.45604610123254
0.11330975478623	0.0849796684618132
-1.27262153181027	1.69089996766927
0.0710614742255894	0.0264666360999712
-0.0872184685863722	0.0596333661887871
-0.939569068893215	1.01274391386101
-0.173927824225083	0.0723277618362842
-0.104027645889128	0.0697472274336823
-0.176781283542066	0.110466467988814
-0.371432870835617	0.169729317978987
-0.285289005191559	0.0990514042007715
-0.573610424963061	0.315757103087346
-0.680189777617331	0.173584993444494
-1.34662515189429	0.648327892625957
-0.388952528396935	0.189886799136246
0.720182631640954	0.712076169033986
0.42446426731564	0.5591723954928
-0.342822806360602	0.388064746113849
0.349994785562178	0.323840441518118
0.0690012436474018	0.0347120685512961
0.0670945668683763	0.0314636556502792
-0.38916387068339	0.188133279780452
0.0907498117682324	0.0537091127112688
-0.172136375005321	0.227525692264422
-0.352327877095103	0.688970207750393
-0.0810875579876102	0.120114292457023
-0.08716441108812	0.127597942572066
-0.0925637384853209	0.129828744176724
-0.437381774994169	0.908986618403724
-0.026085365847594	0.0303666116818285
0.163775323930489	0.216425591443539
-0.298114183899931	0.275013726391855
0.653265004427019	0.68167108549674
-0.326055017437622	0.521995572963775
-0.292215115208167	0.385984355827713
-0.979383343094713	2.30756072547912
-0.65413996855539	1.42926253625808
-0.146374856711371	0.11009183665474
0.0450498062162466	0.0523041285993671
-0.215023400696531	0.325438397849626
-0.328829725253871	0.418056788550588
0.0734376261357041	0.0851832082196938
0.184070154369575	0.274804057185916
-0.108113423558302	0.128281295140225
-0.456368524040834	0.843804560382125
-0.187929458002098	0.258699401986411
-0.402499258386196	0.554837529791271
-0.374183741002826	0.633599408491447
-0.521223030878369	0.929171447576478
-0.579304861868451	1.10369071321383
-0.238162163494236	0.374179607366797
0.133226012315474	0.171982713163189
-0.398310504024946	0.534129241338825
-0.108436525631463	0.112214700048438
-0.398218820067353	0.569467770042028
0.0632157587408847	0.0318371700280775
-1.00357112630228	1.09460712352116
0.0795921391392142	0.0797558569788808
-0.427731332317624	0.375417044952187
-0.487957762285513	0.403234258764077
-0.247768603591742	0.168852203023094
0.635997707266463	0.663109216428474
-0.371216449161565	0.396195456381141
0.678706471907754	0.688763457444343
0.762587228422938	0.525467706227137
-0.680438259417501	0.342312795188434
0.079198212943096	0.0270954213821848
-0.702972692043659	0.58495829228769
-0.246419335206642	0.1451335547524
-0.945478549054537	1.76924113325736
-0.760790763232267	1.76392415435312
0.00454245146794637	0.0047606936275563
-0.833692720896325	1.43362742125697
0.101533776021987	0.0624523424245475
0.216961496342402	0.150382680725556
0.311346541705145	0.231137898204042
0.696282990622289	0.942167366337548
-0.417703792015648	0.886439597763504
-0.141171564316343	0.222518509597783
0.200049376015908	0.317614933011996
-0.493932739414627	1.16015355923824
0.0353954628180456	0.0415197798098238
0.497983587438585	1.10568427390624
-0.0423641214596513	0.0601641260824299
0.234434571341502	0.427579306497779
-0.0869010870955591	0.101035755851038
-0.353965862770392	0.433729725217435
-0.941852352163144	2.14029944418157
-0.699470569285291	1.31448060523872
-0.68785537347081	1.33134057017476
-0.25672701165173	0.267899759458319
-0.360323012975505	0.414138767328257
-0.223552351878374	0.202284303320151
-0.608472292463126	0.957016885566048
-0.30342326892653	0.492221373900306
-0.0202215554053641	0.0199426201584751
-0.286161489898702	0.367703399950654
0.505477293308496	1.08798920978265
0.0782775034931739	0.0886184544353699
-0.659742942186157	1.49452730522112
-0.154144726533128	0.18481861548373
-0.151119812049376	0.174235882543943
-0.460915792388951	0.74512884156995
-0.421755657805153	0.81836630049639
-0.372663809552323	0.501822261371475
-0.524208451557774	0.999877742359348
0.073147377706373	0.0775273138243126
0.0486335782672846	0.0459762772590987
0.0149877386091929	0.0169962227824414
-0.387623697549407	0.281453170955816
-1.00923554240327	0.726984885800729
0.804007782353124	0.755675283662017
-0.614700301557271	0.808784715769219
0.0275281427470338	0.0245031647589562
-0.555280348019075	0.786349851600509
-0.0963138101282357	0.0765275821691881
-0.3006995924335	0.228898926576939
0.526986588049074	0.539444266748211
-0.113154860733428	0.109284119900114
-0.232910731816793	0.262775221209381
1.42651923076008	1.99779820358673
-0.126334640101112	0.0828004751401386
0.80516680920724	0.836874476674696
0.0829851752878934	0.0314948297566336
-0.422175646622641	0.338826653202561
0.0922782590781444	0.0578597977409869
-0.973020599776737	1.93941793543108
-0.774286079575277	1.83377137697994
-0.0449667813466291	0.0532477178465993
-0.685111809381232	1.3213592065725
0.227313766961482	0.134946621915581
0.0729725588695107	0.056711154667798
-0.533501719659683	0.497563103134693
0.134049146144237	0.119069000730366
-0.079558961642724	0.115339767110904
-0.193502150377546	0.301886097869189
-0.596487206700353	1.24830125470971
-0.453711850165286	0.865797889463866
-0.77413656719718	1.78863435480012
-0.0668738763530979	0.073571029602286
0.0644416036454794	0.100090928702038
-0.198838594433729	0.352339297096739
-0.180205348570928	0.236409576867933
0.133874719955341	0.107795482450714
-0.866469718026186	0.916301382659359
-0.74037542372418	1.12488511336271
-0.512889472730537	0.752972927647108
-0.212966711120364	0.427043687909371
-0.202418002329088	0.379464015426599
-0.102489296433879	0.16099356606811
-0.14952814599566	0.164995126694384
0.129021889521322	0.116511681438582
-0.111430233574979	0.0962779829281
0.443597293008677	0.414818536721213
0.454500176153053	1.05146504912472
-0.134204286764985	0.297465388869767
-0.582041757264282	1.32812190625781
-0.428296436067298	0.349341703885157
-0.87829464484813	0.839192234628919
-0.878757341853027	0.591934073894135
-0.685445223471164	0.504162245611307
-0.785323560954867	0.848740885358234
-0.199266461330539	0.215106607670766
0.0460209094048212	0.0577598955114615
-0.36140918669074	0.894187338567917
-0.570341065543566	0.482960604264633
-0.0477269551179566	0.0660451976696844
0.00655567076729583	0.00939254148501629
0.550778230427747	1.49990454476261
0.170638934354488	0.244246480092777
-0.339885238204135	0.892902652394676
0.0438249391591914	0.0661190512518098
0.0457377941756091	0.0650220852104886
-0.118655958492687	0.153074941399767
-0.236790001689023	0.389076647128487
-0.199541812394184	0.344734955197767
0.0125951040107144	0.0186562327457603
-0.395294269657546	0.92399417526994
0.36761267609457	0.714733758377091
0.000623435222085363	0.000639440635373838
0.0912517035655773	0.0922615380364369
-0.190769531732956	0.279971788099299
-0.296655823126532	0.609490350684662
0.390338714034862	0.556635156914492
-0.321510742169484	0.214460892034908
-0.0533102202468022	0.0811740418677072
0.180574464938831	0.332910013427173
0.0307241313245476	0.0450650205942071
0.0600026330990458	0.0612551925170576
0.310159984760604	0.42118333575825
0.211023577235027	0.347991362750496
0.198594443395285	0.380383240782572
-0.186833368304714	0.375626271520673
-0.0966434084037896	0.159720238243878
-0.226536840202089	0.550969867424878
0.0520561688701709	0.0651788250732457
0.440635406706189	0.496205867750666
1.23022696523227	1.39597891300032
0.349431852002556	0.32879414842812
0.3133075825999	0.236077944209671
0.0911989094713194	0.056306695176794
-0.0228896379607518	0.0258319881725737
-0.108624171078537	0.141494239877319
-0.0749178406497559	0.151402706329552
0.256153883826986	0.405010272418663
-0.722781962251624	0.687062726080441
-0.157952278764039	0.251424199897176
-0.160110414714135	0.237239354201893
-0.0328854242187704	0.0304323822176939
-0.00260147259409328	0.00199192133020784
-0.149855730286883	0.125476464347026
-0.0171421329431682	0.0104389657346548
-0.0517911209605717	0.0672996760830378
0.014936174631753	0.0237769281137875
0.167049550754072	0.226744156528265
0.458006168893416	0.34205852109425
-0.783995657261604	0.63975844240777
0.0726048293158712	0.0384197718514997
-0.679347027267087	0.34859050556139
-0.331710435039721	0.426444833165732
0.289145994425153	0.4480714982071
-0.433548661767085	0.906651490172484
0.0144491964149764	0.00866569151144154
-0.207673705927568	0.303959849499612
-0.211785750344034	0.424196624478409
-0.174685756606536	0.307137804217299
0.184043684579709	0.294612845157398
-0.286296518543282	0.677129421438086
-0.0199975897402207	0.0289769774050661
-0.395804248840468	0.918228601687391
-0.53030378299704	0.857377095994566
-0.61588984064398	1.34456042659388
-0.372544614237432	0.733016928251939
0.24555081002154	0.478022509042068
0.00631802848692816	0.00857255882385389
0.164683469829067	0.268932621478655
0.237281871334602	0.299345283280202
0.254923942958769	0.271121815551786
-0.00501350181954289	0.00561070842597506
-0.074263612248444	0.11081172001324
-0.267875565019164	0.288061590377542
-0.266671631438523	0.178928769430256
-0.247850797429097	0.477219091702452
0.103538465459411	0.162910861163035
-0.188746373759388	0.324432101831479
0.25726799387376	0.281014699637908
-0.217857386187669	0.248738170845896
0.194737691569976	0.303213539249956
-0.0579176899219647	0.0916870420068479
-0.226832545887196	0.441044538706721
-0.0460858492685518	0.0698055428127309
-0.426251901803685	1.30413497946427
0.366299744537572	0.565000260304176
0.592933045520355	0.629966502052525
0.530486080594588	0.545220900668702
0.393005975909247	0.342565572943307
0.306498776519101	0.240222300085497
-0.0676784040713638	0.0471053756168707
0.00965193639408635	0.00932782700853221
-0.0655893621630762	0.0652965224642874
0.105114842864595	0.204380872510346
0.108752834333991	0.125917979323471
-0.0622611639490711	0.0736754243840324
-0.213190703577911	0.209928432472381
-0.463256242995183	0.762101584589719
-0.382669125395466	0.502173775944727
-0.740514442511019	1.56724644144129
0.360262584987211	0.390855144127365
-0.0330309984079883	0.0307537279909901
0.287281363520188	0.424296015882136
-0.110004909002606	0.0957460206519077
0.14938078418091	0.159331581034284
-0.120681027248427	0.161455454293198
0.449253245823579	0.704973298231684
-0.54422810005787	0.97918018635323
0.109319809558258	0.108561306862401
0.00269728122570961	0.00190486478965126
0.0772566489387922	0.0709533943902389
-0.069004922732299	0.0633477763195503
-0.505876177048054	0.576272253997765
-0.138387010979221	0.14243865713036
-0.477925752885554	0.74438046086715
-0.209201021794228	0.244998936853229
-0.0110523350461673	0.0111319711052282
0.354103148004528	0.529837488354912
0.147260333202307	0.198210948150096
-0.183289696604023	0.245564345472255
-0.00398336221103458	0.00399277098188431
-0.781563203969017	1.74236222894943
-0.771000945227367	0.551516719105163
0.288798830755711	0.238936974572448
-0.654750020765916	0.76461667081328
-0.209572936981136	0.254743627715464
0.315793639442636	0.415895105204548
-0.171033983178685	0.173402462440348
-0.727988785277828	1.08271555900871
-0.447523839270161	0.454337276293474
-0.268677462014575	0.204683729447589
-0.245482556053443	0.276862622158196
-0.192256418375689	0.221552117396404
-0.43062479299723	0.413017567698475
0.0105863396153063	0.0068721610354337
0.362668222055361	0.338912156844685
-0.0963912900730602	0.0505944545436418
-0.0421759518610979	0.0294927297623815
0.449166588327511	0.418937553761506
0.179459909921764	0.213863632896441
-0.164396031625244	0.257348706627844
-0.318132905383716	0.542888865479743
-0.854211697519132	1.95999587412734
-0.349421766027629	0.340144817652195
0.718499769774577	0.822525791487673
-1.13435563656172	1.38373074818763
-0.561838973278534	0.931134108495043
0.178220150546287	0.308565837413608
-0.127548297339908	0.184834963874658
0.0944012609318342	0.118889449929593
-0.276190407799934	0.40900867442745
0.0649613522591437	0.0724889997168085
-0.148108555007043	0.171852130934121
0.119709966419979	0.174648125229506
-0.199566472262742	0.342698510692097
-0.274315104448067	0.405456967075682
-0.220150735981073	0.19798373011561
-0.120022423844081	0.0798584143200656
-0.545604260631514	0.733131174308417
-0.316113850689285	0.395202832213135
-0.436866137388284	0.568132872941404
0.238597661414233	0.27173907160837
-0.118917760913255	0.14303130548271
-0.274003444411152	0.327247880832864
0.493316704914975	0.807475792918411
-0.437616259145145	0.606650264442406
0.433510995659003	0.496955529524712
-0.30415003796907	0.448385071029223
-0.461022926599382	0.472969012446132
0.250727701805248	0.251117292171311
-0.137534455152142	0.154096959241583
-0.0703179839990673	0.0674427292213784
0.237319461770707	0.262535507324957
-0.10734548362472	0.119688593170752
-0.132867239137551	0.176270706581837
-0.253832479490116	0.328322987407746
-0.0481716649732145	0.0579301259088559
-0.387801324778871	0.541466558274662
-0.734887208710456	1.22347004810934
-0.282855229822287	0.435965098106235
1.17218626287252	0.802233188390861
-0.378987462602798	0.185634827344606
0.405693009138556	0.410163824006934
-0.280433850551347	0.366992431387034
-0.206935777027957	0.218044653399125
-0.815432083173644	1.24878317429676
-0.86210121161241	1.26140295875465
0.200206834821957	0.159239578469255
0.351724221505823	0.328178176316014
0.0507379414639659	0.0487182493215595
0.0950112467396315	0.0979644292422727
-0.0495483962863028	0.0345458399180061
-1.73473708651451	1.70138448410324
0.208627624578621	0.147455430859882
-2.06109233782311	1.52465331800478
-0.0979455653277976	0.0664128426477843
-0.343524371956247	0.485634906570654
-0.376928071265539	0.735264883317888
-0.143016026491822	0.194773119716201
-0.239086292953257	0.330126485188461
-0.0660503245149657	0.0461164700439965
-0.467213912721569	0.371704045132817
-0.0515445976209625	0.0360144039609747
0.0768323422421938	0.0685672181058623
-0.0467860647387035	0.0662816030314377
0.00367671866715275	0.00488756868030849
0.157699175569643	0.228316186452622
-0.238614291801209	0.396232074970909
-0.266123235536266	0.39894583513036
-0.443016207600526	0.862585977941529
-0.107842205007993	0.156797639338455
0.308933314244829	0.599061889966358
-0.305469654516207	0.402773990123041
-0.317109350112664	0.290224597058749
-0.25692627628901	0.355344571864781
-0.144578235753326	0.185649433827597
0.00211248304688178	0.0018993639936865
-0.524594043681996	0.894744061834043
-0.521339426529645	0.807093776504551
0.274036430923895	0.383358604310037
-0.162400440882945	0.177739438507227
-0.168047974140017	0.170080903405585
0.107730443328902	0.106536395066993
0.514949812964838	1.15871651124601
-0.014440936137424	0.0197684779654377
0.103318991876342	0.161946602106917
0.411543285982953	0.486094889474114
0.0669663924116405	0.0526392509803728
-0.241714834532093	0.222692981971323
-0.385417592949373	0.404455879328844
-0.225499500209891	0.202363388739249
-0.153246908889043	0.18018274357205
-0.691177363680474	1.33134812763023
-0.261138163377633	0.488903229975833
-0.167050082377408	0.193819334305153
-0.246528000016948	0.430589351805948
-0.109641269664515	0.148250484830774
-0.0653747793156467	0.0859841152662608
-0.00864676460789109	0.0102656020757991
-0.379147023312735	0.56079260865326
-0.271754997888905	0.338665995116159
0.101873072813811	0.115461903473414
-0.185445679101282	0.244565559236694
0.27377826082738	0.43565821807248
0.252923620132862	0.345057932913328
0.0501325001894439	0.0654493456204981
-0.383688618986972	0.531563604802293
0.464953007137005	0.6744128804343
0.603245031613136	1.0655518077694
-0.00201132116347644	0.00197039410322616
-0.602720472863693	0.941934839810258
-0.417736900799614	0.398979375104044
-0.201113809098254	0.123467009236881
-0.240784545275306	0.300550724347326
-0.317480743325161	0.568502207765037
0.387086419134851	0.706572033001233
-0.0186802347678702	0.0234907916220387
-0.352633151515199	0.681485143462431
-0.0193367300520822	0.020808439813594
-0.052808687035764	0.058188239611536
0.00718983982560898	0.00639999926301367
0.24976014687988	0.481821847423595
-0.00920788470882578	0.012338703112323
0.154356312147575	0.196200660184928
-0.290581133974239	0.416739407872872
-0.385815020044467	0.512146940376658
-0.163468725806667	0.166620784705892
0.267049447409917	0.345457191734486
-0.400498583433326	0.763295520672975
0.105562393297314	0.17247139101814
0.0959579281492124	0.155782684675337
-0.0316453373172408	0.032908353808695
-0.719615280700729	1.26574286617066
-0.444081116898598	0.513974620143262
0.396335939278018	0.342466156483373
0.431548907830595	0.429494563872884
-0.575418953504274	0.850232030774186
-0.186775327596258	0.257230152243987
-0.0880619689303838	0.0952696821775358
0.806681963305182	1.55552939465696
0.210446389058322	0.320732762401299
0.663503238254594	1.26356116038073
-0.161306820271515	0.212027735901879
0.0403069489986783	0.0393542623182243
-0.0734763910902699	0.0679796355910487
-0.335593739038323	0.358923288283996
-0.0564355147283613	0.0555796398521059
-0.389768443102315	0.598527371110677
-0.391390614776008	0.550835061591753
0.366034231150244	0.636450920839853
0.265038588716745	0.344819700840447
-0.191010292253753	0.218288830113527
-0.162653212876164	0.217629735994789
0.902407339430943	0.895546126531426
-0.0202249222693504	0.0122565030990871
0.107812836389996	0.106720150706233
-0.402177581353323	0.734145576979185
0.098547409033925	0.116428373446456
-0.451673065377309	0.626902922881336
0.223845872208148	0.291341618712138
-0.469805625742374	0.477059977783185
-0.0978605477720847	0.0869105408079319
0.276594748147012	0.340453650779357
-0.198001151894677	0.258596362324701
-0.0202294034410688	0.0174161813229128
-0.90927414603385	1.22117863099193
-1.02420928222257	1.4269944571001
-0.278438961806533	0.411091022440255
-0.296563340311179	0.579925533411974
-0.183912413716862	0.299248778833128
0.176932123964703	0.245086095882046
0.276202621695397	0.254881721104166
-0.0955708136165946	0.0759354112295405
-0.292399813910002	0.27158255479441
-0.508109998657902	0.673757959618847
0.156480194806905	0.25531478024696
-0.3504785437281	0.608302175210391
-0.479305562688896	0.842756217671295
0.0549950092491858	0.058436373288449
0.0163261984283904	0.0184167857251137
0.103432233255069	0.117314633310271
-0.36371976824823	0.763360504418129
-0.37281853971237	0.838894978749426
0.108327465535854	0.133523852061479
-0.119222796409449	0.101474343028652
-0.0693688816835284	0.0769646844637225
-0.29527489065667	0.430966166158268
0.297639633353424	0.449851369546069
-0.0713226891123677	0.0919725887477929
-0.377044939428608	0.635805178563323
-0.26467942415079	0.421900372462896
0.185571789473122	0.208201399643664
-0.653737063407724	1.22655284839987
0.340883696547198	0.41487816028904
-0.183388322522594	0.195701678737921
0.220801512927293	0.38162952640962
-0.229725603141523	0.498135239138867
-0.204546659743374	0.312446590384722
-0.414512567811092	0.965523942696081
-0.193693406544964	0.218226396720306
0.218777883564144	0.361345657240492
0.403296616249863	0.888273512242687
-0.253743876523214	0.475312355272812
-0.847689820585505	2.52946442506973
-0.115909036035611	0.165367637518456
0.287464952799333	0.443239515316392
-0.107268884638124	0.131530291366909
-0.362178705226374	0.675753793682865
0.143301860117095	0.195051730643151
0.249115382540514	0.386907216818282
0.172675268405895	0.268721120464024
0.117743426472535	0.141260704613485
-0.0989775412386642	0.118133260214789
-0.144990595293576	0.149340886951197
-0.674638073324102	1.18844384014614
-0.321933621385578	0.442743706213954
-0.524117786371849	1.06552666723003
-0.0785459777114585	0.110882651835429
0.166566015458641	0.230870228532684
-0.0143890098718362	0.0169333017761719
0.0663115579423259	0.0786371892981254
-0.0672934494123729	0.116329183110934
-0.290106363314236	0.577219458915707
-0.198951628723116	0.266340066380268
0.0550611977549294	0.0613946694214187
-0.475188947534076	0.631501230472743
0.42207942549593	0.565003964807083
0.392213944249153	0.625887856340999
-0.159386504039734	0.25394084873435
-0.0146841967962343	0.0186688163783696
-0.0956007270787202	0.166211769888459
-0.256711831476432	0.308055895896351
-0.671338914372309	1.25047693563122
-0.707150010725294	1.27899334423306
-0.38778671372145	0.672540210417306
-0.265179999790786	0.395926159943966
0.0331947577437126	0.0392676523638294
0.188407751695292	0.227538666623126
-0.518555267310167	0.888969730893788
0.373037886342488	0.563632492719924
0.12254702984967	0.135288988017414
0.330881971846387	0.413781656740595
-0.42973453655917	0.567108001641761
-0.439634684409091	0.9635443952431
0.13027451029916	0.195914913301011
0.0721559986665578	0.0940961013108828
-0.513991859851577	1.03537270400212
0.551783864958078	1.36391153098768
-0.446608363851516	0.751958531507644
0.147385160178382	0.211579580347771
0.0595417677920842	0.082274461173894
-0.552599029044543	1.24239542005182
-0.0804288447422461	0.107867704669938
-0.271313845338263	0.314153909647786
0.0243408353786065	0.0232619018413503
0.558975836536439	0.950377245426641
-0.516912508087781	1.19516036102088
0.0615590244491964	0.0695905688377666
-0.0655189700151536	0.0708510850355045
0.518784772821471	1.00909712049414
0.102429904869643	0.11121381180658
-0.0406118682462028	0.0425906804694827
0.197536065803904	0.215429230421814
-0.312650906826387	0.380557729630337
-0.530824865210397	0.791286362060232
-0.248648941038496	0.261872326135846
-0.419032097792011	0.591100614488221
-0.520760917825655	1.28461515126283
-0.325099420484813	0.564132095249588
-0.569254958244581	1.48481885620163
-0.219671869052002	0.276783275088371
0.333272399132485	0.431301689507307
-0.701706410100852	1.27353054680041
-0.243991923038548	0.430593520217101
0.759082179391992	2.36068925020832
0.461350948738456	0.989119455060483
-0.34772030695085	0.539672862243448
-0.0821969815205511	0.103844802812277
0.29282991843841	0.46346461062992
-0.481418024096921	0.737835543421839
0.0289378885102067	0.0404466327275657
-0.0327810136629708	0.0453090972572477
0.168522500910544	0.295946658742428
0.421419207124359	0.63469224765451
-0.716712222682254	1.67147680504295
-0.433095033935409	0.729851095370744
0.11500664320279	0.166915936631365
0.214316198839051	0.312421841647818
0.126796645791523	0.158624433851485
-0.308828410442051	0.395337488077178
0.0886659665251352	0.100564564727802
-0.59284248774109	1.0357902811094
0.285186049912362	0.356738305655539
-0.102261424347453	0.141587542611899
-0.152401349229659	0.220851737386871
-0.129206578069916	0.170672134100132
-0.248824255460479	0.311916257715313
-0.290968511015649	0.310185553043294
0.0331932650218886	0.0353857772436044
-0.278703193889213	0.476711408322205
0.705985779346639	1.18783615980215
0.282737915379095	0.426885794663364
0.0829601751726297	0.106570507073092
0.336307272967892	0.580790498584383
0.125309616271136	0.148463446166593
-0.506721674981844	0.653391589708824
0.679317365949583	1.15376010364811
-0.679617191885379	1.30435340937461
-0.0994646058637498	0.130542147977699
-0.77260470091239	1.36932311683636
-0.693748382688019	1.38721554752202
-0.0254520255719926	0.0299303149623558
0.272713670012062	0.347337885812553
-0.337247379329292	0.435971992610453
-0.543824772137627	0.894600827482651
-0.461022961284839	0.712992023171148
-0.772804355882633	1.41371836620635
-0.20677691281578	0.318132936958082
-0.546473586605276	1.18430049169034
-0.146057297125887	0.211290668334488
-0.398787607200815	0.843063500420793
0.487396942536028	0.756351762856109
-0.592684944000926	1.04442454346849
0.0354374428874831	0.0332993734031373
-0.812448033185462	1.93338125727868
-0.143303963156759	0.229444760230762
0.589666910561205	1.12807038268592
0.175103071952766	0.233611033305353
0.52964132432318	0.925574795547214
0.536274919534536	0.843955109782839
0.696173570819868	1.24903284406821
-0.277476323909364	0.481890096259056
0.0720527564063368	0.108264586510873
-0.439810649277346	0.991871060665854
0.138425179993122	0.15248550753593
-0.855514719524052	1.87146339021013
-0.421798852307194	0.701547601674556
0.383892883360431	0.475179135210367
0.365983801541556	0.408596141670478
0.673534930735799	1.08129296797472
-0.173856380285893	0.203655907467223
-0.3891011606956	0.602403472316588
0.0790839739263498	0.0878324665918485
-0.0175563353889078	0.0153557396204324
-0.0331055951780052	0.03651337519068
-0.169789107366302	0.209454561631604
-0.00637448601590704	0.00728671445066361
-0.648772440692434	0.917043516124728
-0.61985497156818	1.25267272617288
-0.209427359235761	0.268236265211828
-0.653082724703563	1.36821792944605
-0.0973168075437051	0.105665744301125
-0.100386845623969	0.116082011053198
0.243723581278446	0.341258835033192
-0.0701141586195274	0.0812520162187052
-0.0645637585858673	0.0730618758010687
-0.194970235285354	0.155909991018297
0.467056093409977	0.437194697233412
-0.306383588801428	0.322726066093222
-0.0543686999971067	0.0615449601296514
-0.192071664702886	0.254906356365035
-0.207672233683256	0.259854431954406
-0.388768168840456	0.532333075519119
-0.360017984499127	0.378426379996415
-0.903108201075128	1.32048397656457
0.817450063295499	1.58439334846754
0.0499548212776261	0.0593380279882924
-0.674400190434911	1.1032665948237
-0.937780734434495	1.10848892076647
-0.46806451365334	0.375168703297531
-0.560042462438301	0.645584075435989
0.0431683453549247	0.0321689318545211
-0.643090650923133	1.34509399313077
-0.1418100701903	0.196759533896112
-0.263029643472952	0.472920580503582
-0.0752019915736756	0.0937405624962593
-0.491902988929489	0.688565029232713
0.250562157147448	0.263126282839633
0.55913554297046	0.6946433017285
-0.0831033975442813	0.0864084750750969
0.0249380952123534	0.033657386795271
0.086207134582093	0.106887172409743
0.0937851515884864	0.112768182823429
-0.0430777733288972	0.0527319401718703
-0.166729713862025	0.195980766854188
0.149154967547776	0.197641114815986
-0.130940188435182	0.205552644604396
0.10083911648577	0.152252552984482
-0.15014769309032	0.219275003775585
0.18233316975519	0.207875044532929
-0.648381992763155	1.08341177318731
0.38863825890189	0.399078880364696
0.109087794127653	0.0747161664245232
-0.503707665407164	0.531414292425975
-0.25566109535501	0.280651229738171
0.343213326896802	0.489627770469277
-0.0349050441485971	0.033509547116861
-0.233085502367567	0.240655102664553
-0.0288731354338112	0.0248847139830083
-0.676379218059471	1.07766775796599
0.548616894257434	0.822424558816312
-0.954926170103039	1.66494530503776
-0.764333525173241	1.26298017927484
-0.543526485370236	0.80675993696171
0.117276279968231	0.126317571157945
-0.440972192465272	0.575821174316947
-0.790974825544907	1.43979353170229
0.384116192341844	0.242117081300317
0.526301982651223	0.44099404847576
-0.249028369210346	0.196008676811689
-0.638497761978763	1.13219683250181
-0.114851768221475	0.119977998036555
-0.268398945091991	0.281553103845833
-0.349904243201618	0.316528126948875
-0.593132934812103	0.866643031158329
-0.668812458338268	1.00558518191807
-0.444528220529677	0.494260286946373
-0.238110967411871	0.167428140037309
-0.868258477560369	0.497533282098595
-0.0723289596738333	0.038605699235128
-0.787094438304891	0.68231626237424
-0.46151276315488	0.65816520786941
0.055345709732604	0.0764641346222844
-0.669326105593865	1.56942708071114
-0.604031544505758	1.11450910615429
0.273944311464138	0.240009058465581
-0.699116398949385	0.823382713264423
0.0214046422357868	0.0137322333197091
-0.545762409770239	0.703624614871154
0.453859411291782	0.907567411240415
-0.31598149750705	0.501880991465152
0.246860100256803	0.384793195101065
-0.57081919210944	0.897937285531317
-0.208646152946042	0.251919676696287
-0.538092851019332	1.05445749280109
-0.084303558893677	0.116257868012453
-0.144267349054588	0.196069987834122
0.018692983646479	0.017870020279945
0.391250186414137	0.40659086727218
-0.721067712033169	1.30636128635574
-0.308449307159131	0.402072646762361
-0.104376098445859	0.0926341594839698
0.393570124535229	0.338508988236055
0.351632941940877	0.332670441603574
0.38038830866913	0.516502468616967
0.494948741492824	0.789269670299736
0.334354868579936	0.423623065460938
-0.519018905970163	0.638701746036633
-0.344764182292584	0.549169398019701
-0.342171525229637	0.457597197235055
-0.335458374744613	0.455552155455113
-0.731370473434196	1.08773369308495
-0.303733438279718	0.253356459973374
0.516482050375594	0.601437375182034
-0.159774683463911	0.162550545175056
-0.162763502725251	0.189125627288039
-0.256959528418219	0.301085527815169
0.628215641811086	0.973731412028355
-0.0825438679052189	0.0828459109039799
0.778277493964686	1.54487583052979
-0.169314149721059	0.181250906223623
-0.441799162360465	0.760780386197667
0.804054211375707	0.740920764905842
-0.32077967494976	0.293747943319834
-0.575337374294406	0.584034172977751
-0.877306599542746	1.78626331468602
-0.12114303987744	0.123761587928066
-0.323741983588049	0.609758573620433
-0.779752281076981	1.84231001572198
-0.317180295345906	0.462277729557595
-0.115709425586541	0.0990620664878048
0.28166842399454	0.236992465057054
0.0155111842111823	0.00997834878682673
0.263859733644192	0.240712102279546
-0.644092161458829	1.66310242496554
-0.161382038044442	0.226631535000098
0.266003623225355	0.353671311360588
-0.227793103921477	0.280348255976982
-0.143816359251442	0.158302907937108
-0.396360904309118	0.541581883904551
-0.286386970327179	0.44365197839612
-0.101095901268853	0.127547258471986
0.00391088986848938	0.00369943046857253
0.193591876610852	0.165081050369689
-0.377740605696293	0.554533354875565
-0.17295103810315	0.182795172325135
0.107786960920795	0.108930261021521
-0.261751941518791	0.248349042027748
0.660483560002624	0.81239411218996
0.265826480933721	0.244340090579793
-0.541604321786746	0.417701280713816
-0.0214440523376857	0.0187286362570956
-0.164989431113041	0.156192035205714
0.0829164662628077	0.0287163582670696
-0.353179184548911	0.378762085047825
-0.620166568461212	1.06416014202557
-0.569157730442428	0.473148635553016
-0.264314624579388	0.27606077794056
0.230000724109105	0.274259548466466
0.146713301923398	0.161269049511638
-0.0551248181846167	0.0515957373455599
0.257765774808517	0.247140761579
-0.377444348751939	0.508477373433636
-0.656108335416818	0.780889351176957
-0.200664287436692	0.244380834968527
-0.185814582504214	0.230567680917019
-0.129803828492752	0.132294453931387
-0.20123176873386	0.249721858150502
-0.611188725448249	1.09234524923695
-0.022182526852139	0.0189057186805247
-0.0856636055210053	0.0800149740621142
-0.434872007208816	0.517998127887757
0.227586616237721	0.269624244095062
-0.582631297065599	0.861658222829334
-0.148040070504819	0.150072917284024
-0.163181813822747	0.193951066298119
-0.19204770764609	0.219814676494592
-0.0825250491229158	0.0667007343573505
-0.0112252837490432	0.00676454022566191
0.110175370665545	0.0778619326379299
0.0145798237229158	0.00935382549004186
0.360231951294294	0.33135589928841
-0.245262299976741	0.272164153075837
0.237851591543387	0.260139304530477
-0.104342957732268	0.129584148745339
-0.0216248722956754	0.015966967374293
-0.362662023750824	0.818253023626587
-0.381546402418909	0.829149040292811
-0.352548162743337	0.650505077857366
0.858285116655676	1.12851759404913
0.35879721032642	0.240284037176854
0.905959180701573	0.88797689498103
1.4987724852946	1.46224956660948
-0.551128684426229	0.750270837946496
-0.220765762647796	0.301386061648066
-1.55456290593846	1.12130703522847
-1.57189257663708	0.577068211848612
-0.324535727805875	0.17247783587197
-0.205900143662623	0.192352722304687
-0.0277390462110606	0.0260748452277701
0.210270244849005	0.334838820918987
-0.282582956923236	0.500425442401433
0.0178163359121998	0.0199347732859254
-0.47158746312609	1.62263133335377
-0.198007893145946	0.407632505503245
-0.199958249800084	0.350500533369612
-0.398291394181856	0.758208085208972
0.200147433408754	0.399305875117435
-0.316396690575345	0.651597324151266
-0.033107003141928	0.0463855118635253
-0.208828322597439	0.366502662121857
-0.0506034668571611	0.0688887631276847
-0.38911787878612	0.437546209876435
-0.367727333664314	0.367796088285658
-0.0788876481487174	0.0870133905307341
-0.0172736828571177	0.0277803716138331
-0.122213338704053	0.218139815379387
-0.0864160811481108	0.130161745852487
0.0568228279918184	0.0905504942295419
-0.142085004145953	0.121603278369068
1.04171733559855	0.972229157982786
-0.756990760889822	0.511520573353612
-0.318167374136612	0.162005483124856
-0.378624292035854	0.184472409493748
2.06054763075856	1.40416456244562
0.0975881960445238	0.0643313056170599
0.612625412031569	0.727712055488533
-0.0117423393977118	0.0171275654868115
-0.204478508822955	0.231142414341324
-0.370732712967179	0.728989804080002
-0.0646411259547065	0.0844876318210869
-0.0707953398398402	0.0907363908631286
1.03663293320145	0.977523525972952
-0.563059831249675	0.37770505515321
-0.794146586292617	0.625726357263546
0.0782442377355794	0.0359894775500767
-0.289428726958015	0.298275466365165
-0.723133657472308	0.433788911880698
-0.590217609415161	0.240527030033409
-0.115322113024909	0.0568952107606352
-0.251548978956789	0.244127554289943
-0.3614095821754	0.568470334574644
-0.219227124541512	0.282098092710741
0.13172963353711	0.242710210301
-0.0268622126252517	0.0379703666156791
-0.321011457171125	0.598691565666446
-0.573031809468463	1.04461273542961
0.187852169198142	0.238255983537722
0.153305054860915	0.25495585373427
-0.521008232419855	1.12479174001607
-0.287598971702503	0.517381077934033
-0.32910309271644	0.377170649269618
-0.0265331672227532	0.0335058515146991
-0.117707227436989	0.164603897334963
-0.00097442825686582	0.00116753992032779
0.336086504448509	0.633255243780278
-0.0412546530247527	0.0536798227131024
-0.469540254077557	1.0114383550226
-0.31197954851305	0.314956193409646
-1.74067598250148	1.06348547387735
-1.05472040070491	0.569012542374208
0.831834083984581	0.456136626255975
0.315280918602941	0.142512851113756
0.516185090083924	0.215751392829261
1.01515822486933	0.734238852484067
-0.418736411043657	0.373605325649933
0.0193035583023752	0.0256779131702822
-0.441555800726004	0.532554915239311
-0.211965485231683	0.333195176407066
-0.00781990897580753	0.0102257571546004
-0.104262849454727	0.136591988115242
0.281103367796262	0.244329328667571
-0.214904792577088	0.153850890593115
0.597845863444279	0.484259358099896
1.67808738026311	1.88724297120213
-0.0326766765465029	0.0230553517848941
-0.00693797896397537	0.00708313231062053
-0.5021264928516	0.347795660432639
-0.323662238887128	0.167740585379794
-0.14290821215078	0.0926504996184611
-0.867223537973417	0.506337425637269
-0.314920078055155	0.161723603346969
-0.684954322743939	0.347281384757932
0.2791897292007	0.134614876370242
-0.391117689772127	0.187612574940256
-0.237297426013285	0.208491667123608
-0.152820781442279	0.213164074380814
-0.279671808001299	0.420821916529056
-0.354556590008389	0.456944189281716
-0.533977789631987	0.948705126312619
-0.250165571659905	0.365287956404387
-0.386097011778686	0.59117453941969
-0.321038484657367	0.485451818909189
-0.0769081182669191	0.0840897837556164
-0.048910043008101	0.0592302328306402
0.172060874368659	0.242789997038488
0.265568765616173	0.414677993741229
-0.159903983017007	0.116852838741099
-0.85046284290007	0.390359524759046
-0.206211341177546	0.126411601709458
-0.318183169266923	0.208618720941357
-0.219099417406144	0.0849843454746354
0.0727578963478282	0.0270010990041845
0.450124034534985	0.348406605866573
-0.58262727111543	0.619274431833903
-0.531023351370391	1.17178338914317
0.061799572349405	0.0467719657134113
-0.169468841575028	0.233990893755673
-0.176547772972662	0.268014806586517
0.0261679917510654	0.0331319998006937
-0.126813296307125	0.119318628293012
-0.10582960573353	0.0830793716990469
0.663800231405297	0.601273452846853
0.23586023994866	0.132816104566208
-0.195255814660873	0.210454954732021
-0.131474457431748	0.135713321679559
-0.231473451591134	0.20812177036066
0.620631323541871	0.391163955356887
0.072406335415922	0.0309978024891546
-0.209838521572927	0.127558266354846
-0.898049758950966	0.690764181965663
-0.561909181789564	0.309132017823648
-0.296638792253889	0.349246417053487
-0.238577613092859	0.34074067601873
-0.14738365735423	0.188333625715192
-0.190186488080816	0.284246190906595
-0.211203723024805	0.283913315948001
-0.0194547463334149	0.0208232811626306
0.0729351196273889	0.0842467688835675
0.278082358217282	0.252042784838797
1.48892129643481	1.85642783932587
0.00185004978070682	0.00110176566622218
0.591607470719458	0.466858357551234
0.0748955219845278	0.0443033692033207
-0.0764488938514308	0.0413733538581092
0.574624597343894	0.555019423878505
-0.1824869030521	0.147552406537954
-0.0936743284830258	0.139855288093156
-0.436723830176629	0.468811524241967
-0.111781196974841	0.0739637347308133
-0.468097994111764	0.839234340572509
0.00107421604225071	0.00126029628466763
0.042528667483774	0.0464142033857226
0.207074480749955	0.157117839801807
-0.124213364707671	0.0823922146424122
0.0779984076711114	0.045416432756272
0.548634871406833	0.35375215451948
-0.483097216864804	0.53340449645861
0.0558144410728686	0.0560799028365566
0.93898283813165	1.20670826203637
-0.112603897214015	0.0544162098648941
-0.323677476587922	0.171737957631577
-0.17453125502819	0.073734505689305
-0.243537653254624	0.362629106638701
-0.0854665093647874	0.0775664792474247
-0.575364992737047	1.14163514099572
-0.202501178548955	0.295082013246606
-0.0762610056255318	0.0869116719461952
-0.161822752750687	0.21899013020045
0.103915906189418	0.0684413848052922
-1.04774421916805	0.549237060918926
-0.386402716425814	0.1877400699217
0.212695818918021	0.156813986043303
-0.548242628097367	0.368198297189101
-0.321967429590377	0.168335463695327
0.642400334088904	0.495714405112722
-0.201279692368499	0.142152786686377
-0.566002499269134	1.23321003519019
-0.336886207638395	0.336216063862473
-0.679039872713365	1.11060746720434
0.153811912568461	0.149457784883162
0.20950379243104	0.361012291610824
-0.245793731972917	0.434560029492193
-0.163812676019041	0.227608400411891
0.134145482090588	0.128051190857153
0.419923884252338	0.421619787752091
-0.719720819887088	0.645451551439458
1.26793035832492	1.86491215707103
-0.338178359908038	0.504078277083718
-0.224110092489491	0.357677195241938
-0.372839774935864	0.552090317464631
-0.62608859185662	0.515720674830832
-0.234419951918537	0.135175499022849
-1.09994008325096	0.999546594379612
-0.240970341080569	0.137604565930275
-0.787186953556591	0.669743839350071
-1.16672870776287	1.33290109523295
-0.643496241110572	0.417745170118989
0.210558408356847	0.125783123859529
-0.732757338493032	0.457787704063793
-0.833716275258276	2.5063726955987
-0.151591621963431	0.141913391576557
-0.359471554082151	0.540068587440757
-0.714048478348365	1.7775763347158
-0.269206025580401	0.455147267371897
-0.182222908108782	0.264737515559997
-0.387154203121581	0.806391975896858
0.030455545635447	0.0292531968689464
-0.625026623864563	0.552921486065697
-0.429236289489014	0.315351043491942
0.870902409414566	1.07396751563447
-0.482361584320404	0.336904213470351
0.514375304332637	0.457041891322901
0.187758288102924	0.189018906370938
-0.311717877937691	0.37904929885918
-0.150727100116261	0.279091309805087
-0.385245824880135	0.506818219775393
-0.460805387044632	0.510630487566556
-0.331639937570954	0.356185827511885
-0.109695732410904	0.142382262248852
0.341177302263162	0.508020229055065
-0.271930412520804	0.370772190687399
-0.574801452163109	0.688863495364231
-0.521095494408012	0.533530434725315
-0.0569585138845701	0.0395558171589943
0.203238663404782	0.156549197607647
0.462516653544308	0.748140527626011
-0.109067458576593	0.153363479536466
0.00344130343014334	0.00334932406801227
-0.325738793973427	0.219402713978986
0.090665020934305	0.051936318085346
0.534119068809732	0.276949621711829
0.507908081733476	0.354795039041234
-0.416039088197157	0.336758330113649
-0.561433144802027	0.375632237979014
0.404523837301072	0.236143104904203
-0.694590702096436	0.575822581359701
-0.207683984918582	0.167928371153505
-0.32669820218621	0.511001926325062
0.287928029764446	0.431280432248505
-0.195455096117838	0.264185699543549
-0.268548909263517	0.440333292449035
-0.204117353694642	0.217733805253507
-0.785040430529976	0.688393031405254
-1.68764710809761	1.95496879732283
0.278079935553274	0.236633617776889
0.724233948622024	0.704454932156521
-0.206457860098844	0.148941020820477
-0.281662099137885	0.265245283427958
0.491137832005674	0.602632507308796
-0.250704223911035	0.489497715812905
-0.222809021481377	0.234716337641167
-0.596363288419146	0.974808852705018
-0.318328376096062	0.340551558052467
-0.422283493018878	0.584961590379643
0.0607382542867716	0.0599055549106959
0.0620496361214398	0.051027160349957
0.508800916186429	0.600900843577222
0.506283826564576	0.579196677443592
-0.15268900188913	0.126811800837476
0.359632788427567	0.424515010594319
0.343045661897539	0.42323949778009
0.274879277703299	0.353795230291362
-0.0989163455590774	0.0788625983100068
-0.023950409819364	0.0175207881458409
-0.307053500005454	0.260201027044244
-0.199805026479175	0.164281193701321
-0.961520670776659	0.924331600305821
-0.0486447806122038	0.0398519233821853
-0.539865315131269	0.502549219894519
-0.359674769553106	0.354762793871238
-0.951782116307999	1.36480698536813
-0.260923283009819	0.292307369821517
0.128690937929083	0.122307940845144
-0.173454929386222	0.210338396042622
-0.03321739994603	0.0317616424942994
-0.044955534777651	0.0326658251979006
-0.336072888365714	0.311729769281963
-0.421257919920545	0.440076050003291
-0.747609132047187	0.815192727663537
-0.323071786180776	0.293628745883826
-0.351977923237235	0.453066402812566
0.00595662362118966	0.00529597320989882
-0.0184454892526498	0.0216258732824191
-0.375015146531056	0.469232506394524
-0.63342360870423	0.968374639976971
-0.0571276313676801	0.0649430839170881
-0.0575445699794255	0.0509389731594744
-0.184784454980637	0.181436219178112
-0.0277755065214215	0.0204143991898581
-0.220741788052852	0.155766912694188
0.545309623931924	0.668159801855136
0.318311167623242	0.405638470149234
0.0116302200004299	0.0107805956254209
0.0212040549097539	0.0143004313893949
-0.00955118980196525	0.0071804066132496
-0.248663028048037	0.21975564863887
-0.151963280441586	0.126090347134627
0.967325687349409	1.40169721118099
-0.605080316007496	0.687535800824987
-0.409613062945862	0.32037984432685
-0.304565371566397	0.351752599759596
-0.63148946765784	0.817877864536848
-0.0868142879002631	0.0740050801403958
-0.349957293271268	0.458082508606853
-0.240190809577928	0.28083665249996
-0.665085367985192	1.04113417062145
-0.12107900085841	0.093011240007358
0.200331235971835	0.156237366585526
-0.496640379759186	0.529349521069936
-0.531863151580569	0.501607949984086
-0.511448057275057	0.56460425482785
0.0353415021212046	0.0315230173395082
-0.328842036053931	0.372300645706568
0.415566041842781	0.769411627847329
-0.946047119847491	1.58114815533385
0.0732102414945467	0.0895791146112855
-0.777796677879288	1.94057240740809
-0.231763589801704	0.247565777577455
0.0725701600081119	0.0603145692039507
-0.233927248707769	0.185801069753806
0.0175486993498801	0.0110972466201377
-0.280063840653674	0.351988337299916
0.104392084973613	0.152028005876064
0.151600177611126	0.183616548818661
-0.335446530540373	0.249258255259569
0.0801788260268408	0.0480074419495194
0.505708654004968	0.344977423046991
-0.0933008680930649	0.0632615132827059
-0.206283028787321	0.147850045555017
-0.06452033127909	0.0454772340440126
-0.115985161775827	0.0767023137172539
-0.229989949691486	0.273338584067934
-0.32708627548843	0.582711963981606
-0.980433900211891	2.34191014056913
0.262726554909996	0.366619710533898
-0.351075460240403	0.628496487876393
0.429525336683567	0.584565601625099
0.887666939844471	0.992296859704385
-0.257275641985646	0.220730093916588
0.56035062495307	0.63510242512457
0.210200595932806	0.154458517590653
0.416344024400479	0.415912351918379
-0.330095555623959	0.382749766271695
-0.411279228035561	0.493158417311946
-0.116184152846996	0.205466172757061
0.178884468701049	0.238168814369155
-0.519791924163688	0.70879013112276
-0.252636596654532	0.310228544483512
-0.514568697738834	0.762263332809755
-0.0304164326824219	0.028874467078414
-0.32877598553624	0.354526720355408
-0.114398973636263	0.11216981844057
-0.273406346802947	0.282964317534667
-0.260180514716415	0.223404567662583
-0.259442617631764	0.248823659286081
-0.203179940028701	0.237122525716614
-0.0743527228600013	0.0715463105815527
0.0402654623483071	0.0296910614698059
-0.208676136603241	0.167274252916485
-0.351661460946461	0.321797603657174
-0.537135986321435	0.508867719597779
0.0070820130065108	0.00564145929505927
-0.30607330995098	0.288552698004732
-0.490662307508535	0.507157286698816
0.72617347503444	0.791195358137894
0.802526970673512	1.53736838439231
0.0944293360947957	0.0920534520546922
0.291678132934608	0.331032869899178
0.0567534086482476	0.0433519907398318
-0.222005906774204	0.199182449366648
-0.0876563088076756	0.070028409241583
-0.281354701066536	0.25717224852608
-0.448489336121437	0.605709944008203
-0.201967169531096	0.234793306546491
-0.490091715649374	0.849463343742064
0.460547581437751	0.594410177315963
-0.0133989620236595	0.0116792643643353
0.25601706790736	0.249267427883063
0.748143834449445	1.1448938917248
-0.0281887971533821	0.0275576079775452
-0.437921831107949	0.607280493471479
-0.0577506222595097	0.0584191527906143
0.559863195876322	0.761697310106713
0.131702442240091	0.140230985639253
-0.63414503121458	0.904204171819009
-0.0180878655264112	0.0159376990374978
-0.560298566412579	0.793652967892456
-0.11216624701756	0.0962190883166507
-0.234842975524589	0.186065151294292
-0.420238818073446	0.374067094150027
-0.0982225172709444	0.077814329215757
0.417886760358114	0.509259457373369
-0.52825325204474	0.87330780765833
0.153959759586769	0.166114821427204
0.475029708232215	0.667812847058011
-0.0232016632236261	0.0200839579366482
-0.308563511126837	0.396911146815373
0.612818344051337	1.08325267862721
-0.26469756169988	0.369910420970352
0.467979818153003	0.810329320504111
-0.171723949445645	0.202960624436208
-1.07218855049028	1.80199282003553
-0.559741037632407	0.554274717097685
-0.148279177716555	0.137275637070074
-0.257682431529253	0.287753855833728
-0.213854161929609	0.252521836413927
-0.100652596472658	0.108328257350681
-0.654667771487912	0.943128383487208
-0.0776719435561357	0.0771554759922448
-0.434239045578906	0.695913946915657
-0.0384000537250225	0.0406039444626119
-0.00810040324803635	0.00892735851286592
-0.229344420491654	0.313155302826059
-0.892228803890788	0.683647585224085
-0.414263572083478	0.369886407151475
-0.119882805814131	0.0800919356599643
-0.11278045591457	0.0990309802794495
-0.329970173049153	0.52913755827982
-0.0949645287351715	0.122752585184896
0.447574502814576	0.86746179390835
0.00111666033015867	0.00118433017846969
0.349646999862828	0.501214080456782
-0.44114895937734	0.774721860423718
-0.154071008294024	0.202642826314615
-0.0306316707144756	0.0376295919227964
0.190763716478294	0.221254147539611
-0.480158509892204	0.496791897244999
-0.317026129638098	0.47585566173551
-0.28150998493617	0.396503851844605
-0.212630905467528	0.306128775232859
-0.414004223027928	0.660110413578583
-0.129315332978949	0.164735904986817
-0.280886087132138	0.392598223104005
-0.328049227394889	0.333879698791247
0.751088472302677	0.315091202197807
1.3494394922669	1.39029156609016
0.21549252039184	0.127265294031869
-0.113705734752456	0.0751640025434984
0.0557849427752382	0.067539632823622
-0.268840444666622	0.373972415226092
-0.0246057151862806	0.0289099347431781
-0.296858994062298	0.555240103635789
-0.109124830466441	0.158595804323798
-0.326016511145321	0.545919053582527
-0.149401063673207	0.210056931749636
-0.0908535283112928	0.11936129454016
0.0717403474844312	0.0598645529520825
0.142047467200297	0.128155442339673
-0.996896378508411	1.41156890243099
-0.385106096897896	0.544898227958782
-0.205481041975716	0.253350371871082
-0.47347168849469	0.903042612522455
-0.000916748529119236	0.00116817762865485
-0.382144822284496	0.700912755238384
-0.0472171245011429	0.0561224588149667
-0.228586403112355	0.254604187190296
-0.322367206721503	0.272538249616631
-0.487706174673956	0.280273325241838
-0.240683719649978	0.141318322452235
-1.53077858611223	1.59881458678632
-0.877248430030479	0.838100200912445
0.443617968371451	0.780170264758264
0.0981020198866952	0.132789164905758
0.0673212877640008	0.0915093849309455
-0.0242694927395663	0.0307595242016536
0.172837141586881	0.260075142652935
0.158963973187523	0.226210069344551
0.344041010788836	0.57415334537474
0.261641468477713	0.351689703150624
-0.626908992763221	0.900871629266415
-0.324638128181767	0.350128282898235
-1.7170725341703	2.25556418741518
0.0522669523966819	0.0391470514397608
0.029892200859378	0.0207461124378754
-0.0830343716345313	0.0939226020530556
-0.556117867570509	0.986785841876572
-0.0656109921974933	0.0740996551491871
-0.0509965309347657	0.0672662454750171
-0.469016893411828	0.963153896264372
-0.135384415935534	0.207011311858682
0.137615142343528	0.197285817612839
-1.43553490847765	1.16985678496977
-0.494524225431953	0.347077851319012
0.707681039930199	0.611453735122859
-0.0531832131253552	0.038292066801247
-0.207248492039722	0.254567564731373
-0.0877691027108487	0.12334335469374
-0.258345255221754	0.434937123564755
0.141410204483872	0.233072314989135
-0.089839011288497	0.124444319563668
0.450152708046181	0.887596724006476
-0.329202574331702	0.520240387144532
-0.00101986526045348	0.000974466958318115
0.30840231501845	0.336806534476496
-0.901874397494136	1.12608275390353
-0.192950818025985	0.139794136229414
0.517382271758907	0.603155666191346
-0.012133532514072	0.0100036078110712
-0.0301814502065165	0.029915743716832
-0.382673584748287	0.585112279310564
-0.435287813929111	0.880202798247528
-0.530114157673494	1.11906351512605
-1.0101482725224	0.711822260897315
-0.0955386545206682	0.0651425442576723
-0.429618300483369	0.613218673370676
-0.0528270347682282	0.0701627813497264
-0.00441155430117223	0.00534665961789858
-0.0609496417221887	0.0794390814552892
0.133697019462452	0.208602094047886
0.295325000614999	0.556380683105512
-0.135092266656499	0.177945499221248
0.496193254679116	0.920535403274586
0.0631495663645997	0.0497261121400294
-0.0740793444362141	0.0607685509265574
-0.141175778051379	0.105351479944049
-0.854090941884154	1.13877798955412
-0.181991193546002	0.18321236511963
-0.10383902257063	0.126824791752153
-0.464968767264452	0.946238670204692
-0.132348313671613	0.191798965082207
-0.574233643146622	1.37981067702009
-1.54290127771181	1.05925374169149
-0.116132766083077	0.174487858062497
-0.646935012002368	1.73284218382588
0.138042737069442	0.203981598958654
-0.144784654989537	0.215998359665432
0.0575134461522254	0.0810881898363281
0.0613934406371215	0.0727023589871042
0.123398949308929	0.156415204382081
0.207317776082518	0.192967307182109
-0.433530736117594	0.505723318723471
-0.0514008328960774	0.0566072595587291
-0.25075967485841	0.37036112377649
-0.13527389718075	0.204238297757113
-0.0966241505588709	0.121504366419555
-0.0571686385029221	0.0794285639099829
-0.282500250434042	0.464059509359257
0.142955344512738	0.178825847343594
0.0861616295627952	0.115590767790581
-0.630749981262037	1.51812342057785
-0.265752493806282	0.506249145404245
-0.211019503057713	0.357666789228264
0.0501053503555358	0.0654626383127728
0.0158240850567128	0.0195008119720854
0.0835232715226965	0.0998086840726542
0.185707805793979	0.196683266788719
0.60469943226205	0.721013167547431
-0.203071705060487	0.218828990327466
0.0266291672077355	0.0308963156047271
0.055330987830342	0.0608105036869151
-0.153798330733847	0.235827621015168
-0.379407196477141	0.705068335318065
0.080703619279341	0.115221982876432
0.0261899229529292	0.0360726604146119
0.0992978319538241	0.13034315185885
-0.157630629263381	0.236025038490618
-0.686681603205142	1.92849679619901
-0.195572841569521	0.307250653301153
-0.0845834444567062	0.117483658316887
-0.194432990180174	0.324261968264171
-0.295559980987278	0.51940829831986
-0.184515205458691	0.27917487689079
-0.163171146384161	0.221848166388364
0.546038224136466	0.547859402835193
0.0427622397896516	0.0309537062396485
-0.469243591752959	0.677185565361352
-0.521458128846642	1.04036878033884
-0.0106043571638787	0.0116047106566393
-0.126172226543303	0.171285499942713
-0.426682639154627	0.832117155005912
-0.284524350328223	0.353542180662123
-0.116246655073615	0.14736193467865
-0.306209687734073	0.574054149548857
-0.100387220722369	0.154555000784199
-0.00562373002338396	0.00786238383405143
-0.21479235733093	0.390760403352802
0.458446728455535	0.977023035448648
0.171693459069961	0.281312842888086
0.058982822660665	0.0794191360886614
-0.0217450404027587	0.0263526572325555
0.105839130471984	0.155262671583012
-0.29394153096341	0.544656403711813
-0.190593290775065	0.385962087143656
0.191575219567479	0.338159822674288
-0.176241489738582	0.30662621077378
0.219211318532098	0.400413369591889
-0.0322175310797939	0.0439448657924602
0.172410425489144	0.271242962801232
0.0573632968205255	0.0765925764472244
0.552005305935642	0.812700615904617
-0.239454372913248	0.228034789107739
-0.369946940079424	0.583511909853763
-0.25937800914565	0.365390680453417
-0.0528300376899812	0.0674704003943988
-0.210864442392869	0.270416144192544
-0.492067150696493	0.834515641266259
-0.221647326050898	0.396095858780554
-0.216038879965887	0.405733905617551
0.376650332793732	0.861012733390591
-0.0724608434602485	0.092496361560803
0.152342781738311	0.185757941486634
-0.192229250552999	0.281115540174751
-0.460386580052535	0.732915864136465
-0.0335534862827809	0.0401569532726795
0.150114367995015	0.197649846910513
0.0445400861260607	0.0473578870792403
-0.164752285463454	0.134082345858617
-0.145754471777413	0.138415562613509
-0.167589607749443	0.178822919858389
-0.0907830110621384	0.11610195357776
-0.508871149693955	1.13990055197723
-0.279759075498437	0.493103890887088
0.170933597867437	0.263280155569782
0.280270625416428	0.489749140385154
0.294073410302939	0.512393850899115
0.112351039587709	0.155199892074651
-0.0740658468663787	0.113660854171964
-0.0654969150524998	0.106235719771042
0.358654220507098	0.785582476159803
-0.301790347724879	0.413476065431059
-0.443684751196851	0.821786386736894
0.203841784109198	0.225257213312974
0.355323379412597	0.472708440038141
0.180343552181049	0.318422024659276
0.253587674493706	0.506716917831822
-0.224065542857087	0.407529976342055
-0.730827264576438	1.45525985500335
-0.452757732137637	0.636811247041415
0.320344638652896	0.503273786682847
-0.0120483187447261	0.0118371686475806
0.123974330584668	0.128898545273504
0.0333257475988443	0.0373114854598369
-0.157169121351935	0.185156330131579
-0.192005865002501	0.269569309558625
0.385220161849443	0.601837881747026
0.127995337535982	0.169553482811297
-0.129804711792726	0.134757880215065
-0.327860641655864	0.440215482654852
-0.139355084436981	0.148266765917191
-0.175962233641626	0.300055925930576
-0.136749325891438	0.216758568752687
-0.428022363415091	0.729430950807233
-0.276826263709304	0.404136739056023
-0.500306394938294	0.876703663754125
-0.0458704606823564	0.0468427180231758
-0.528836912105297	0.955328032677595
-0.102107798110966	0.161946789608593
-0.0457806817289744	0.0637845723601147
-0.201719713508166	0.403515368767836
-0.227958946559847	0.351024872628167
-0.67653221044802	1.27844232029613
-0.167746249162914	0.20307242946073
-0.331394983409667	0.456816381823467
0.0820139511448279	0.0778870487669332
-0.279918740983424	0.427384786768963
-0.574679315827102	1.34248931409882
-0.899941976043601	2.36513995102552
0.0842336527914556	0.123016401494361
0.165283751427644	0.262344798864556
0.043546030462833	0.0549711460823472
-0.271117370545087	0.426843292191091
0.105840210460345	0.135667744555461
-0.0266498446388518	0.0327623895191246
-0.0164138128033704	0.0194536745263817
0.182486445002883	0.280458620401984
-0.0224020694165647	0.0131972996075081
-0.561459546593636	0.480113556938137
0.873370041677109	0.562405757260518
0.711143669688697	0.402648785230081
-1.578345611336	0.583903709205876
-1.81062476214359	1.52905841894423
-0.334702564241144	0.384082001508094
-0.524567903734403	0.537268623938786
-0.081926140888072	0.0439332909106191
0.531326302868765	0.272136466509842
0.212803960676609	0.142537403192891
-0.0317347468131526	0.0185681199250896
0.0640167738467006	0.0803432585523339
-0.00958780572506521	0.0125507488037426
-0.220820093286857	0.383947434628523
-0.347144501199739	0.683280664850499
-0.175912942662535	0.257172755889938
-0.20389391782377	0.373465118674617
-0.399853447262115	0.849562287432211
-0.53126067565907	1.14507097173029
0.0262580148668862	0.0219421327828236
-0.348245684953128	0.378261740990789
-0.695806935179	1.27627487724925
-1.02809818895998	2.44783100356385
-0.311657651379064	0.419815514975584
-0.0953436265143866	0.111239745350614
-0.117887320814553	0.17468939226385
-0.261784386450293	0.502721404817514
-0.250631480610224	0.47881767631205
0.105029101842945	0.154125023921835
0.0439398377456528	0.0577465868198568
-0.281672779177465	0.483409562239548
0.230798739969756	0.362117979278664
-0.582163870366615	1.36585169346781
0.0487259065947602	0.0692631156635391
-0.109577994742143	0.175338561751844
0.0922228609951588	0.0565037345789853
-0.424659687518807	0.253978137099119
0.24837548085949	0.132750589623495
-1.19418487875217	0.376339280552953
-1.5731860362422	0.587684446610205
-0.271853735093061	0.185307226747541
-0.242319334332682	0.171145643720373
-0.424077936897509	0.589181671726909
-0.330907998561559	0.42994984828786
-1.05671609895091	1.53661696509634
-0.113847977723196	0.0554807911917334
-1.05884368749296	0.559271538372831
1.4374143043761	1.14787112673653
-0.0394298269645533	0.0278182897981875
-0.322977302134815	0.553484111586262
-0.37582916006114	0.870222783214044
0.146237371100209	0.240959340937873
0.278246932171127	0.549763724335092
0.0185413168089593	0.0240185203851977
0.153632685382042	0.24676604310936
-0.00942643582924494	0.0113993616080935
-0.523836369566679	0.947831093558153
-0.00651055906387378	0.00494296648668434
-0.0544888341659723	0.0448693065407015
-0.619318942287023	1.10240930448965
-0.395585088193547	0.502831608636851
-0.599050463096	1.06854641575991
-0.353972656984893	0.432578563461301
-0.201466118487188	0.258473244910678
-0.208883613922656	0.283124998743613
-0.220160245264355	0.287281429421415
-0.156090922621665	0.146623554467232
0.00863221750766941	0.00868179480754946
-0.0267896161018832	0.0348265201462954
0.168865616573299	0.26555936594353
0.0758157210945567	0.108662548552925
0.20595036196602	0.356297741509448
-0.117962529054895	0.17127904294819
0.478881872587344	1.11278297870954
0.352376011107536	0.604110244042564
0.237800387088011	0.396074408335494
-0.14784373279677	0.239028496902435
-0.201029459329212	0.322718299977083
0.229195568876171	0.358212646970294
0.258873055346793	0.333651237080839
0.0504724305256643	0.0546749872313962
0.368602726769173	0.720501819804994
-0.153360372071246	0.183260509286801
0.0571718387511911	0.0298471275002869
-1.80519529889492	1.45151164223965
-0.207591964863753	0.127037888027883
-0.167187923771817	0.103966201410123
0.0948095108071095	0.0615178883953589
-0.785566389590343	0.282423372188504
-2.32502433358512	1.9206699654126
-0.345848432432983	0.311093839905231
0.242252388320007	0.285595386483251
-0.290327837945528	0.2591398007502
0.134644759154472	0.107999906356236
-0.664112716957378	0.478858389507544
-0.879701052916327	0.590018928290887
0.0712076890694551	0.0354073632612245
0.609416610658135	0.481059669882199
-0.474724133080559	0.740059200084114
0.160064607232929	0.25482931792237
-0.106240853154311	0.154651610126115
0.160000385076736	0.232076282830665
0.00183290679585754	0.00241217403578404
-0.0639604673647682	0.0861083929381128
0.413273423232068	0.740226941176515
-0.191730260932534	0.233230088942545
0.388448167119282	0.405387789869828
0.0560759837564069	0.0429867357010667
-0.271336737645829	0.318459559474136
-0.429258200409583	0.310719189762776
-0.689063895719545	1.0055484780294
-0.0909025120500195	0.0980325861302957
-0.113868003559576	0.138460126631669
-0.038801089054429	0.0510683035761099
-0.165963490686694	0.248642658668505
0.242715354686077	0.423142966141282
0.385453890611235	0.765116896709721
0.178290347112459	0.28680059622562
0.337401218269778	0.617641375256485
0.491184252390805	0.979478344958682
0.000390540462460857	0.000544971985282498
-0.0950402090489448	0.135624083125038
0.178656730702915	0.262649467305249
0.0646095558705228	0.0793124019651072
0.416985729676357	0.697894371744484
-0.6645434000708	1.29604039297266
-0.356810573380006	0.634980076419739
0.0309150170306621	0.0315065263081718
0.193490802424714	0.18011014019054
0.929927606244912	0.813885683868166
2.84164867603431	1.92084908439627
0.410787638804922	0.247375064651821
1.14413987154024	0.879894841337144
0.274424604584813	0.22817143849583
-0.416649019835873	0.334010198465817
-0.377517294881448	0.454225358696279
-0.513287502111285	0.58050267852793
-0.669418232453314	0.709748746557834
0.0969527470055529	0.0567146832760455
-0.736011176539944	0.455597370360721
0.244811615749047	0.126126205668917
-0.282282211200814	0.239323058280089
0.284569999948476	0.413137322891386
-0.326579990764682	0.59370927392177
0.286180618012123	0.524038769965519
-0.0633800419611045	0.0864208179993789
0.388972688240403	0.857303411020914
0.102526815245886	0.144780984872721
-0.152032023674805	0.21192244339301
0.0237228812163169	0.0258902208384114
-0.319769516279228	0.396064637331106
-0.2141323144618	0.173618552907208
-0.67511402628826	1.11739388526515
-0.087007918497533	0.090472593360934
-0.381536797684057	0.504854813441333
-0.259461541479999	0.35978692715143
-0.488515071834828	0.858510277611785
-0.0267661702338013	0.0355790715240174
-0.471012190872037	0.8413418275667
-0.175002388514048	0.291726523479899
0.0706111763788649	0.0949824486116958
-0.0318540616754008	0.0420950859692557
0.208913440963042	0.351230839681959
0.294305938873147	0.533311393825888
-0.153048998559586	0.213002729127175
0.167943465963193	0.262510024540594
-0.204471435767012	0.323941690194456
0.171028122058493	0.23995506880078
-0.810399269807996	1.85500473776521
-0.0769241223962943	0.0762181489579559
-0.196409716695395	0.304084594797143
1.04525983760844	2.21717311485039
-0.048323913347212	0.0409907795596769
0.330373033736521	0.345258489585307
0.0698708917879346	0.0320465020455657
0.574866604279857	0.56521230720599
0.84912203805273	0.867715892118276
0.757137334848435	0.630873776731757
-1.00434465942076	0.811804500859971
-0.0735474119337957	0.0394761956131181
-0.223023787886039	0.0829773229622235
1.14885904278873	1.08214620257489
-0.592653124967275	0.457233081341536
-1.64572411232353	2.14876014372194
0.724831518611253	1.11471208159436
-0.249154276912634	0.235503392203116
-0.663365570633303	0.836475138984982
0.316091535308612	0.139464325974592
-0.0832820919078858	0.0453144106494447
0.0717554779884823	0.0383267786608151
-0.179441831138726	0.129517623697516
-0.288234442303043	0.447379569160738
-0.0878416664590406	0.112362136705506
0.0901325103013226	0.126294292967062
0.159817075312322	0.248666494400069
-0.178651049375601	0.294062802937182
0.155198135240738	0.236541024423626
-0.340193831575475	0.595105857644791
0.665215064633858	1.31343534156225
0.0350140683170351	0.0306162223964611
-0.0107758180461707	0.0081893875768261
-0.298714863881856	0.368269192047514
-0.43135309180555	0.980018265187242
-0.300897856953612	0.580259189049258
-0.188474580204596	0.336413952583097
0.390684250896849	0.875571954668408
0.0581859080146245	0.0872320289686983
0.313931159221826	0.635886347886243
0.31918505596347	0.587265477309152
0.717815851398617	2.03474221365512
0.741158982513566	2.40233516783989
-0.10007640622184	0.141674308572149
0.15751924406404	0.260899825617705
-0.152247374258572	0.216734526095706
0.740280147022503	1.30026061608446
-0.125014165079146	0.184115776762553
-0.115217091907171	0.128219775158191
0.00733038416447112	0.00622154391844068
0.0850450747036013	0.0318949052659228
0.377298122231842	0.155619628304856
0.611452928192629	0.568710519828426
-0.377042691868264	0.282613971163987
-0.132279486492164	0.059298260866136
0.0766546240022958	0.0328977045786148
-0.293590631709158	0.0970084360245026
-0.282711997500357	0.152977074694645
-0.637593414163961	0.415524254904032
-0.337836922923704	0.25374014399961
0.0209819414805559	0.0206103862086648
-0.264769260916635	0.273662024585622
-0.00510881254924086	0.00390093291728802
-0.60878025332854	0.450291298284932
0.324311704827621	0.23508103967719
0.37910409106208	0.156614003571178
-0.0477470852695231	0.0269460674955793
-0.333669657483371	0.511066880557864
0.182648306427974	0.332008228783343
0.153026043642505	0.252240657560927
0.0789932161945563	0.125587370651615
0.098909222860326	0.153522752896776
0.0758228859553394	0.114370339486813
0.0394880938008792	0.0521671817225552
-0.308720509847487	0.479074620493016
-0.498064870095765	0.585479547462322
0.389690124625114	0.336318282414025
-0.43160894013868	0.723696832939506
-0.539189972359361	0.574041187717806
-0.254817474863094	0.174751848457341
-0.183022712166676	0.228448465291648
-0.277665991380649	0.323322081490003
-0.392740884937328	0.547105134033667
0.0528530599078909	0.0514242081552895
0.0207959560861201	0.0266846150404408
0.036233060065235	0.0487358176643616
-0.251582997238626	0.481696812381238
-0.150635164900511	0.246176920106321
0.204241254867035	0.361958238014545
0.174921076930765	0.297987559927066
-0.094570335457023	0.131056383911975
0.407385548009144	0.854063877435879
-0.113634884776502	0.171105063380028
-0.307964191722875	0.615326935023197
0.0194861736612659	0.0259963524825594
-0.544247082555318	0.97926246944831
0.599771939873223	1.1035122781673
0.203420128847748	0.325937885884501
0.500798232763246	0.79713737533075
0.031699131348199	0.0228749757630156
-0.214480598787279	0.083256115922965
0.462571181632982	0.17119012482422
0.628272896265579	0.387676359091721
0.351107774199275	0.313005715062819
0.340153624967144	0.31469932921485
0.635955208289304	0.487954387313493
-0.37388414149481	0.239637260286233
-0.466091259751886	0.207064071481377
0.0648445155266606	0.0298711962716924
0.182883018289343	0.148903731080859
0.118567553028531	0.104434099576734
-0.0612366069913433	0.0560187960811865
-0.0586175218615502	0.048927811702483
0.522605951045326	0.264664551816007
0.561622505203685	0.369091978735925
0.0679142557995291	0.0290879692006158
0.622362981943182	0.384644994008692
0.147454235939243	0.170233269540279
-0.221641426294381	0.393119421108656
-0.154066266305509	0.261539469638178
-0.0166544314357796	0.0241577579182384
-0.0519663254519361	0.0753469367743482
-0.200130579906292	0.360066274027729
-0.0522679994341155	0.0663077777540438
0.425162438968829	0.865062538910747
0.193870321015448	0.174948859860866
0.481735569531589	0.500167531622266
-0.421236879833525	0.797849304728225
-0.436691561339504	0.687222764526701
-0.62016753290324	1.015786889657
-0.183203558084317	0.135109686369494
1.02598479686139	1.29036967254485
-0.655403371531177	0.784103271011182
-0.15470199633833	0.204824974588422
0.0385682709692433	0.0414053410653836
-0.453029193257357	0.625716491774804
-0.271202757073815	0.37161181111275
0.520061474747949	1.20557830326145
-0.490461236682208	0.905355525989692
-0.27049877330648	0.468612228460714
-0.139254081198194	0.201491195364195
-0.0299144706949655	0.0370806282651565
0.39576314834576	0.789103277515408
0.0708842783475495	0.0864410169357458
0.450008902441556	0.90111290955177
0.0826621067794074	0.10258379096431
-0.0930298640076218	0.11809125356225
0.14601523256595	0.205231710885496
0.231483808193579	0.342955286770982
-0.261688733806166	0.328071126746328
-0.0103337133095916	0.0124187575476964
-0.284231262633156	0.412322573561008
0.323168842050956	0.322019250468843
0.288322119934859	0.253338502462874
0.0995019005871828	0.0248659510830599
-0.275167476895285	0.189064151510406
-0.104595511985809	0.0808937368409866
0.650328272084273	0.68007356454815
0.100262181894544	0.0683976605861798
-0.174631157147688	0.109146334437072
-0.115008150619208	0.0573363454134077
-0.117062841826919	0.0584899854971827
-0.225074796578339	0.0835965379046929
-0.0891164446777404	0.0607490346679271
-0.180223218348909	0.178970682149029
-0.670515749470893	0.960032464805966
-0.929470350190918	1.05727839032317
1.48401135756136	1.43881440108953
0.757693578698504	0.314952253723941
0.626345628152053	0.394217354508747
0.0157305954618226	0.0101398626435195
-0.358449469300377	0.501096481349704
-0.22119373093553	0.37109012850754
-0.186867097028277	0.298438011861545
-0.160344998898759	0.237436969853791
-0.260005317171027	0.446038529189048
-0.177990097861255	0.284372926212656
-0.150219168999332	0.216783363295859
0.170635541175991	0.220378959331761
0.298433933454129	0.343931398345581
0.0460204433784368	0.0332293797687843
-0.227310063339035	0.292520387295351
0.0151445096875307	0.017384413407516
-0.123146797039834	0.164822218445126
0.176556430082141	0.256376003561721
-0.0975414624301125	0.129415085585472
-0.400037033030719	0.532885039269741
-0.147139945475734	0.198721319344736
-0.589155167074766	1.14980034998757
-0.365933076073404	0.588743853303719
-0.225892107557606	0.289729971063414
-0.350699499647123	0.530589019345094
0.0879802435512551	0.128855132315437
-0.0929652038395363	0.146012529150749
-0.117123432932514	0.190736975596829
0.0879721363295103	0.112711398334557
-0.803087801984845	1.86624827860881
-0.135431378288349	0.161301013368439
-0.222796997709154	0.265466676573531
-0.49072016917633	0.573502190690236
0.375123898895306	0.512632961722683
-0.770227256518236	1.53825339128313
0.0504787107842128	0.0571643798084649
0.0515119643210112	0.0625116693102783
-0.489893277165892	1.09354544590053
0.187373069037715	0.317844269700485
-0.482892672090488	0.891337871039763
0.18799506123093	0.304532712361526
0.1787423877703	0.257633743912406
0.664671263115698	1.13766814277933
0.248063841588574	0.276616514417546
-0.607514756372565	1.04878292461075
0.0333679732317303	0.0319898844991776
-0.200623959023725	0.229926215090699
0.13947498423128	0.178854589986328
-0.331045054955314	0.424853464455704
0.0862432571825036	0.0835329275088147
-0.150784235952366	0.134582096329943
0.145418889802416	0.143175322067431
0.0661932326945971	0.0813183941518787
-0.0928090395676961	0.11121563062246
0.768183172487065	1.47018650482477
0.0518209398137421	0.0628252694211598
-0.291899181538355	0.35502948397929
0.189897451736681	0.196736988913214
-0.0801021822438235	0.0796003984018753
-0.298569647066712	0.529391225927205
-0.089526011009738	0.131127246413605
-0.0595942561106946	0.0761961501733901
0.369870990506836	0.615888870653973
-0.101235532169589	0.135210665966217
-0.34235742959395	0.557249412168069
-0.214606115215924	0.318213748848066
-0.533446503085941	1.27722411768217
-0.241465586993649	0.438863717820174
0.0949727673986441	0.156458053000069
0.119151316395023	0.145012742290851
-0.263840250691028	0.334302934278908
-0.486604271642482	0.740732039009444
-0.243697183871339	0.39448408629104
-0.559656003810614	1.06832960875571
0.0188391346953258	0.0260832540254468
0.0116480824111058	0.0146257850398668
-0.0900909575172057	0.138062167759413
-0.353740644583881	0.555228498208138
-0.359869057446973	0.378393087068487
0.0326960658572698	0.0514301877133529
-0.439932255671282	1.1338642398104
-0.206736184727743	0.234723994781931
-0.61355879211848	0.810147320771116
-0.389710348998024	0.438678924536849
0.161243443318756	0.175594973992179
-0.000102051096761733	0.000175309747968072
-0.083527426452306	0.110583437413306
0.153496128907022	0.243849130462448
-0.268261869174331	0.611936379056845
-0.480590290434774	0.758241834850797
-0.192027221649074	0.300966137760098
0.28155742766096	0.526716407345867
0.061614661260082	0.0895959107379615
0.534202478073185	1.03354407465898
0.25409035104888	0.34202662109261
-0.288874396712693	0.33206895192008
-0.67898033944081	1.15530501075851
0.182556081070415	0.256063048996268
-0.344830124816058	0.65650081219783
-0.0790295052698307	0.0914164417906657
0.137818926610169	0.178965018416194
-0.793550064673864	0.760796741335356
-0.398194856856136	0.636288223782767
-0.309712166032894	0.419701069177199
-0.232106010348283	0.39947475945498
-0.331964387876968	0.484182058071337
-0.0498981968277254	0.0550356840965035
-0.0123648252429235	0.0120781676435611
-0.0258394233708255	0.0326562531240695
-0.11365832016736	0.149117911054358
-0.111539476850684	0.139021328450399
-0.125373359824744	0.204093294833769
-0.0773398270369384	0.107348665077061
-0.302910193624312	0.396108720591125
0.728051924098883	1.41852081536306
-0.394545202115709	0.612080672888716
-0.343699522206958	0.400362110344804
-0.0143482889193575	0.0143580087970679
0.239560401752551	0.400370950178984
-0.0895179090887236	0.130080313181975
-0.322479968241404	0.838170355766734
-0.0770270110010662	0.101728772352444
-0.628715539649191	1.0751908698134
-0.807448664116967	1.75539329926616
0.125764823044755	0.100535406653879
-0.191127303278627	0.138682997753333
-0.517794113506108	0.998236616471742
-0.605424818033624	1.12206413544937
0.0423641089714801	0.0530416002861256
-0.338256815625765	0.576890030855687
-0.129417277564719	0.187309023652064
0.0136396855335538	0.0171294523067889
-0.655548832824416	1.55319068056708
-0.278106331353285	0.452776029232775
-0.150996321837642	0.208622836210396
0.285543878587865	0.508964124458486
-0.229036107944986	0.303036546563465
-0.01668857843935	0.0199345821705928
-0.0179074759278988	0.0219041274429014
-0.138990747721961	0.188845211263234
-0.0287014834617645	0.027498979217842
-0.733615591252232	1.10848929666809
0.110769426452443	0.113254010251214
0.618503501948999	0.294775054534849
0.831834083984581	0.456136626255975
-0.722301955490408	0.707297267551367
-0.417943888778707	0.464291285662306
-0.392710093929492	0.284900185165729
-0.528023159468724	0.417306272487736
-1.3621929259814	1.53312066404438
0.339065544869763	0.234331748543524
-0.568581360943469	0.382012222327644
-0.231378978265688	0.129873336949579
-0.854733914930522	0.37775994056086
-0.48034788778902	0.273775852504312
0.856469650728234	0.7519025684532
0.0170628605467144	0.0137841300176293
-0.301879293086512	0.392201819876094
-0.0912584911589717	0.095888767471639
-0.00348878846598995	0.00311640024532441
-0.643716572768961	0.414158277446744
0.477732029405971	0.343403392919467
0.838134983420733	0.961957931301504
0.0258938267113183	0.0175301283425875
-0.589026703354173	1.28686278346907
-0.0851855802035464	0.119126954425073
-0.02475715440341	0.0340785798973854
-0.386823447543913	0.726648223257881
0.265609093178172	0.479707882719107
-0.421775557387473	0.831070280512252
-0.232972869014613	0.380813439468675
-0.265892566099893	0.4851159597324
-0.100114655129213	0.109577777116301
-0.217527063655652	0.196010663595018
-0.220564407927956	0.280731004114768
-0.190540737209159	0.220254805933889
-0.873250619625042	1.65348995525754
0.0485817415220502	0.0364086542646962
-0.109267822461472	0.126507704110158
0.17943385126426	0.237773559977708
0.130638275944435	0.14871678471293
-0.260428009559421	0.351344236234927
0.00173300602098642	0.00179266767043992
-0.242313568424586	0.286414924839845
-0.581614998111865	0.91502971913906
0.210512413024774	0.239881718505325
-0.135017563949904	0.160039105827775
-0.0516200159307438	0.0587125750091618
-0.3629786263341	0.504526659596926
0.281224133363941	0.372044471382127
0.224890807124134	0.332025576134054
0.751130765156988	1.69321553352703
0.0531277372926585	0.052987732764833
0.190530764911325	0.189637269756392
0.269032773945159	0.302922823455999
-1.03128574830035	0.660315672676219
-1.01670893845947	0.759190559423976
-1.1438589379545	0.909145746768742
-0.23281477038092	0.181638923340869
-0.857946374333224	0.925038522568922
-0.15940416368792	0.115072200503171
0.122211310504466	0.091159469017763
-0.272029192784502	0.186573023398849
-1.55541886975857	0.836763247040953
1.26267122304354	0.570800922805817
0.0679909004069854	0.0338539495069585
-0.0846310572090825	0.043270496070949
-0.133342891325019	0.115702708280179
-0.0821324971858735	0.0748390307521575
-0.125943648752637	0.109335294839233
-0.223967977046317	0.233736670466964
0.505513281712078	0.345753436043435
-0.00639441872705378	0.00386610478359389
-0.186276965918043	0.111242792441876
-0.314368872032837	0.290304785076489
-0.145416909160327	0.199701342737698
-0.276310486063498	0.431494914514637
0.692934885186236	1.55875887741768
0.197860574790328	0.266631409271646
0.330831413538638	0.579996795176226
-0.450763724608282	0.737462546463271
0.238210050199095	0.372539928956647
0.254768111321828	0.425058268025423
-0.0643111463583945	0.0582872482466536
-0.253612862875842	0.242147578785697
-0.308316497973159	0.54115658643408
0.178401036241285	0.271704318890204
-0.106173647813375	0.166978103484553
-0.213823500744747	0.298103266993071
-0.410233276681593	0.980067102318206
-0.128332025404222	0.212496117684425
-0.0647543167832201	0.0716174623151677
0.335024812937336	0.443799517769763
-0.142312481180786	0.17094189212132
-0.317450523007224	0.349756093369358
0.356056016509897	0.51287121040459
0.331924697439195	0.438361874529443
-0.216414521028542	0.280058359635237
-0.155939123890625	0.221184787289873
-0.181122583288224	0.30233037382661
-0.169603050326372	0.298094837738993
0.203254005044539	0.30183726449023
-0.0719460245308726	0.112185902472064
0.010707982736351	0.0144579668130291
-0.444356593849321	0.88230203171396
-0.205661748773851	0.284759747147324
-0.315434893642414	0.308736212420904
1.20916629433235	2.15506364201385
-0.623877467392485	0.901280678665224
0.464010962318405	0.786675144350263
-0.0314232187527912	0.0340871931210837
-0.152846761772379	0.185962971911899
0.159643261588754	0.228526370628791
-0.684374237760591	0.982924691783533
-0.356425299130558	0.479400423454484
-0.141229811458003	0.133757321263774
0.016406321737731	0.0106431048418934
-0.683278495434184	0.354071500412226
-0.314903110440929	0.316751684239043
0.26704872857621	0.239740416863777
-0.0813080026279468	0.0996506889166805
-0.245918643319331	0.378210926319204
-0.0903013148735268	0.116826460299489
-0.0197463867425316	0.0213092662315255
-0.174272663631291	0.188537885908057
-1.03791414041209	1.87747686143162
-0.136020842474214	0.130181032749729
-0.214247043022755	0.360881685673048
-0.309825574084349	0.655816311569906
0.145247409854129	0.219079723523765
0.11344820852299	0.140261054091431
-0.472504572267867	0.861831234598119
0.446105005329434	0.721779958674844
-0.11089424328145	0.146875300087654
0.247289842823774	0.469538842059212
-0.372858873002823	0.913243995021792
-0.463770648440786	1.27700745805615
-0.0467441807015293	0.0556820126377127
-0.280819072292715	0.451142444111926
-0.21903679745439	0.267014784249365
0.188954296328151	0.165283332760468
-0.212314184923896	0.328887090697571
-0.217648822304091	0.344080136435161
-0.226349565671625	0.398006837558469
0.070555622130403	0.0933869095792906
0.115239917295165	0.166351595524245
-0.13093920808173	0.196097630649257
0.0659362930070856	0.0746294525007372
-0.458560421243212	0.777529376742882
-0.00324935571221142	0.00392279172949374
0.092493668611597	0.119675964150568
0.41158950268006	0.524539448629274
-0.161656046633249	0.152348356681982
-0.363708194687134	0.443253449289018
-0.2777058673523	0.154284974353096
2.55336210785719	2.34604606976193
-0.0255610633265392	0.0151956798570913
0.109672665628111	0.0921367438049137
-0.857245851981712	0.930978251312165
-0.422229365680395	0.410725902456518
0.209615607811599	0.155949126712518
-0.889082229172951	0.694499155453715
-0.481439385976675	0.279252400460962
-1.74315814378704	1.07072553502785
-0.521554498966791	0.400412458253597
-0.0916357989577346	0.047880610524459
-0.0951455365834745	0.0743059877340684
-0.326186300952991	0.463852565459771
-0.422561312673465	0.608031592574968
-1.33007863723425	2.03526689726353
0.478785928247187	0.337033933362679
-0.637941786770011	0.396758454285733
-0.531218196493586	0.418627325234575
0.601007210843035	0.64391002880198
-0.645480713386748	1.59967137140224
0.172475855452633	0.30089828671463
-0.298049977711508	0.534469578991145
-0.245380080034761	0.45300659138093
-0.120140976038494	0.194944964602203
-0.42546839783621	0.964303026000399
-0.323803467019012	0.612835549281674
-0.129166069233984	0.176133367830785
-0.382533074275763	0.4033778364989
-0.682439094617702	0.983445480575425
-0.325621950923234	0.458222814210635
-0.396330521166775	0.531795882124349
-0.99918964402461	1.17677769730938
-0.626190490312269	0.814668907695387
-0.0702868365354437	0.0791775464777386
-0.109633643162915	0.166320327791984
-0.437244728757885	0.893579398032649
-0.196151614269128	0.303615634992231
0.148672309008075	0.223000841618363
-0.116007771335424	0.17018720262579
0.20717279318181	0.331896615702996
-0.123264502831597	0.163409023320016
0.629813020817036	1.07279076995681
-0.0315769108138298	0.0399992645415445
-0.35396790990052	0.533798893485204
0.00482276320369989	0.00402416838570499
0.124657008758234	0.0975807436135799
0.114647049340141	0.0952843952443585
-0.14098178696072	0.0639472335095248
-0.129613620599992	0.0584180976628965
-0.554867229131089	0.366003113089793
-1.07564686175503	1.27530392868753
0.19596612747332	0.159549176482392
-0.636505635859515	0.557093038772205
-0.592978058041034	0.242649637197246
-0.381651538046387	0.187230078362011
0.760128203876775	0.737557922016005
-0.0603809939249629	0.0668204611209322
0.0656247002127579	0.0568606076916205
0.542175585607012	0.610492957083765
-0.675624838764531	0.494414020250071
-0.487763074383128	0.28012431952439
-0.3744744107095	0.173411049181311
-1.41731950085634	1.73862245591671
-0.0541840664954588	0.0670286947871818
-0.2397063127314	0.422079374175371
-0.221078431910772	0.42203646664945
0.0643180697668653	0.097539783463945
-0.176989008640871	0.325423837487846
-0.112964099153586	0.183655712344022
-0.306223391939943	0.504902081819171
-0.608476898228584	1.27252839154326
-0.0134045929703257	0.0116955649391165
0.0717039579197047	0.0627650938221775
-0.555970154402	1.08380298797795
0.0201619259801809	0.0213960826754626
-0.123412553092784	0.161207289375947
-0.355811219241556	0.645701985562975
-0.34861180965517	0.398238087240048
-0.0410713471242686	0.0466269623080323
-0.0936756040105492	0.142798559857464
-0.435997005547861	0.904535114817948
-0.317446266306117	0.665873874823255
-0.553354618552276	1.61052009021587
-0.262128193785625	0.46322602340002
-0.234391581121987	0.401668133325835
-0.0569729438256897	0.0671352109956752
0.182156462759347	0.228794643803398
0.0867497500677453	0.126761748280012
-0.167865720241494	0.223625092119378
-0.453714385712784	0.556720611516074
0.466981301070723	0.499720018808585
-0.615321987112204	0.846631918519877
0.0715918136064508	0.0331364000902028
-0.119725161270156	0.0787114156797503
-0.42935110832535	0.313970318821258
0.462151234174708	0.509969361078768
0.612106388321675	0.707098588045399
-0.87661828226893	0.747586801668295
-0.786958526010035	0.283890270364317
0.87613521067213	0.573736926641683
-1.02392888276675	0.639044443601814
0.532304701052473	0.458987167557969
-0.318651861210006	0.361434474228548
0.392215160962773	0.49371979421578
-0.63271905100162	0.698423082228156
0.351268576605922	0.234036752168703
0.70484476553487	0.407804585006163
-0.461813035202485	0.404600956293541
0.527612666541089	0.44327337143787
0.189861431269142	0.249131400362811
-0.0288991504290115	0.0407514257939519
-0.20986296125613	0.406745784808227
-0.173961424052105	0.31297421846135
-0.303677552652548	0.584066543465895
0.053902290393967	0.0832641869995774
-0.345783651956189	0.677140236731967
-0.0937575039925855	0.126335485674699
0.0886160845498839	0.0817173148351978
-0.23332054753366	0.224779347713846
-0.480998361061074	1.06808401012766
-0.681561532400144	0.98591012102505
0.0314766645045085	0.0337696547465385
-0.38891997999071	0.620505179570441
-0.237296087824376	0.359237039138341
0.0812349534987058	0.112645921592221
-0.456422908935966	0.855368457674244
-0.492199194730716	0.769450949145653
0.0564167915384732	0.0565349993462896
-0.313650576396932	0.563069589138233
-0.0463772219105354	0.0521248593752336
0.199951095502482	0.173498821613547
0.723920062827413	0.873861877883337
-0.239153238067506	0.228881499395637
0.0805479571541822	0.0311882242657911
-1.57346692189443	0.565521078918384
-0.203328832140404	0.120118369887208
-0.0105870264130167	0.00778852631435101
0.210045949519299	0.143031044683599
0.110612142538479	0.0219515466829541
-0.147002256425498	0.0665812425344596
-0.729851050056084	0.443817915867218
-0.216179032946298	0.174700295133485
0.325687694515821	0.404162898631254
-0.366965620256126	0.417962662716541
-0.526269484196074	0.668828671531009
-0.174989930223237	0.073658306121222
0.874091134328134	0.576735790404082
-2.19945175971805	1.60990938410368
-0.181790449283963	0.132935296981616
-0.141660709613439	0.179671279290887
-0.205933187986961	0.356589976742753
-0.487691009884723	1.13681805157281
0.306993994169659	0.618577189872865
-0.482416024656672	1.12669436833106
-0.245928167625938	0.411464681972112
-0.308840753386166	0.526252191399936
0.0948241839841909	0.119522692276087
0.254314783054138	0.256652647195909
-0.46286709379078	0.535659153646564
-0.348701455038063	0.492801914332005
-0.077507140945615	0.0537903663676234
-0.17773113341397	0.273831859797226
0.105285368965595	0.14398785288469
0.0036443527803507	0.00427345622550515
-0.266396019181805	0.45947062533255
-0.390607704560221	0.595396043787892
-0.0521440150044194	0.0565466276333764
0.17804815875837	0.283169975059078
0.374134919329959	0.543078437913711
-0.136170003048019	0.115432503283638
-0.424094052386605	0.44859152684941
0.00343574742142552	0.0029106181591977
-1.23570295884033	0.743421854231178
0.261028488948304	0.136265751616833
0.45488338984647	0.348685346408424
-0.913701253919286	1.06172256062952
-0.285151200664061	0.247026104572554
-1.35113722250183	1.25165801024399
-0.549193764534408	0.367511765089724
0.0643713734140626	0.0339420832140373
-0.0715490457574509	0.0501518741103184
-0.0229824111898463	0.0224758715093006
-0.39016914703519	0.510739394852268
0.117912337940572	0.0872658790670642
-1.25265170797462	1.0663160279825
-0.885368052383895	0.590021401505367
0.893413486441654	0.655203163236627
0.293662910656714	0.246594289117969
-0.274095160427856	0.415726753287761
-0.327276033317749	0.653821315565448
-0.167877904322651	0.297577856653099
-0.112407449437856	0.185269839642133
-0.388575952631558	0.823564625326145
0.728766529559295	2.14953428000539
-0.105738077661928	0.147208587005329
0.172339992521588	0.225421354181146
0.439886352299799	0.573929590418314
0.20789228722814	0.163290537936564
-0.4174453257888	0.750519259220082
-0.271325930060814	0.336764749961767
-0.222250066683257	0.286876491737999
-0.287606149121051	0.505519526917044
0.0103029247948846	0.0123480058382229
-0.0587283873144025	0.0794370092385653
-0.530084976933222	1.01409400807583
0.0350566430147728	0.0378098485103347
-0.0424796879921194	0.0541567755935713
-0.146386582780089	0.19801158374208
-0.0610921393777059	0.0491234519704378
0.127546516134612	0.11300468065554
-0.123464932554602	0.106515735609044
0.0782399659951571	0.0333934283555983
0.463029394419512	0.260386256256438
0.0379413747378239	0.027076578224463
-0.492947082498446	0.461262994342357
-0.167750145182524	0.0714555548265266
0.459273980527094	0.258562567823442
0.0456647274217664	0.0340724326428788
-0.260843416758052	0.306356705989723
0.143680061025472	0.150740875450999
0.0593739948602697	0.0476943348779957
-0.706785893233243	0.640275541887032
-1.54647369724844	1.06903237370396
-0.798442546335308	0.764020777490279
0.379235984248367	0.322540358521521
-0.285410399639492	0.416851836483499
0.0315073573670579	0.0423062719979664
-0.0749172429280682	0.109184129472845
0.162769780764599	0.278571363680438
-0.432590184284447	0.880217574203997
0.134612474799974	0.19656834244144
-0.197384691819999	0.26935608851465
-0.0740235190413887	0.0952486296250707
-0.839111362153529	1.31513778140933
-0.489280485705621	0.539569628103085
-0.368660151152193	0.663182460970543
-0.005571101792197	0.00553530324782618
-0.518583777417535	0.846202977146753
-0.678941690235772	1.16870258385295
-0.182074878647242	0.26612395276601
-0.374485628682317	0.661813712511444
-0.665149409184323	1.44288676427284
0.816201925524297	1.5086315065329
-0.0621734235224001	0.0831654825618164
-0.0461086755424598	0.0544724630454157
-0.158796907699754	0.151009945308007
0.419692323474257	0.551204409491882
0.191347481736555	0.214648173459433
0.0665844327656705	0.0309141601208432
-0.376422493636619	0.177027962891359
-0.927443569875021	1.05881693526717
0.0279791541769142	0.0194866068860293
-0.426566452177442	0.264406254022271
-1.03014710590756	1.09517529700553
-0.76439228547191	0.534369978621341
-0.859311746487749	0.495239008728642
-0.171436779684448	0.106751886048288
-1.74551154762727	1.04550826149262
0.368018026917487	0.214864026371107
-0.787551521840309	0.643164832145991
-0.207807113459548	0.149689900239722
0.14364049330304	0.148068846346296
-0.457634843934892	0.520396088088482
-0.571873606760739	0.769729403755979
-0.555734592292365	0.37171417442061
-0.376898137466865	0.281092453112718
-0.885569221417231	0.683749827099566
0.032613247584977	0.0234451924114465
0.232484463933248	0.349842169148533
-0.260584566597552	0.480714266056072
0.168723474276851	0.285465149085388
-0.0775921029988526	0.11757076961422
-0.0779182513886635	0.114726140229534
-0.266070469477016	0.476351065326554
-0.331991171745328	0.559387955491909
-0.0354109593115246	0.0428718431202075
0.045588562475162	0.0467037988923102
0.737428224932251	1.19353154813726
-0.233600921875105	0.372279185998288
-0.133694432019327	0.175404342546534
-0.429802430346059	0.733399473535009
-0.162544175325419	0.217225352161741
0.273805774877537	0.361327408626309
-0.590544547695833	1.016751867276
-0.0566554394699389	0.0748241655059444
0.180125167748335	0.26206795541883
-0.254966622287505	0.377272142344691
0.143798895762103	0.184959249363825
-0.354464652191526	0.670754021243313
0.244331751050204	0.365138074561461
0.539250579717923	0.676926106773376
-0.0670090686820574	0.0472010659002121
-0.160999549994887	0.146727070149298
-0.240055830699383	0.170285569430304
0.209288552971106	0.153187795102783
-0.786461716784627	0.738262103339125
-0.0392600837161834	0.0227012096583626
-0.645946070727258	0.583279198349414
-0.387600722781086	0.315091168073233
0.0741445484485513	0.0344239717729222
-0.120605233124347	0.0555451063867578
0.0987812727861107	0.0296939410161489
-0.285624157853992	0.158777589122632
0.506497458949132	0.351602927859012
0.701544787876612	0.781919285817336
-0.0382916725227198	0.0388870686768327
-0.456653512492841	0.561276826889553
-1.1552534436004	1.18824410849663
0.633978103037019	0.47785400378031
0.0634637148870329	0.0332134952941953
0.692453995216202	0.506777256786907
-0.424005200667277	0.309951654797853
-0.379079737764767	0.558563188433569
-0.390990560861469	0.839063949008981
-0.0348686671117695	0.0484697573944094
-0.355846345696304	0.743306348171668
-0.055404255455469	0.0754751202922714
0.441864434303163	0.950223754197411
0.293448563096441	0.511233647690212
-0.116235541581904	0.156949832059956
0.0596462962643041	0.0568576600699264
0.611991590483661	0.720110309825917
-0.200065101206157	0.29232679824356
0.371405352567926	0.543462223009866
0.0922736199900056	0.104417087334947
-0.399359171506262	0.491439465026575
-0.0749597326270532	0.091398908815166
0.181490756899816	0.279230142578474
-0.0835092292010658	0.0906315986459629
-0.182559968104011	0.195637662920153
0.0545998487439638	0.0642907862433223
-0.0889714904363188	0.0956146404197904
-0.481298685377165	0.594928283840097
-1.43758413482903	1.1847226164751
-0.436740497416034	0.314078165761169
-0.0653220701650733	0.0354557290987125
0.21391286591235	0.125176740529805
0.103835808462657	0.0693553372605998
-0.170434339398447	0.105449810283483
1.68986221070754	1.55385989526899
0.252049181544587	0.134340956948841
1.20028793825502	0.676456008273206
0.53449587665573	0.278453455438827
0.709046891642225	0.403418332668364
0.129175138752167	0.0982673523461417
-0.01733905391673	0.0149905650625544
0.146869551745701	0.139920383346783
0.333963886039118	0.329095609469856
-0.0914834176664905	0.0464997465223305
0.0766546240022958	0.0328977045786148
-0.957749485894122	0.950582648305451
-0.154464663623976	0.0983080350860438
0.0143101205352166	0.0151095199516023
-0.40674867085059	0.752282757734172
0.00300702910676356	0.00365702105492374
-0.342252659730232	0.595229772233474
-0.22332799594417	0.348586395822851
0.365247736074991	0.713380810259986
0.0217912902475496	0.024666830266325
0.314302865252389	0.503354315996534
-0.135199391845438	0.126914634214008
0.000678044055356185	0.000506335415200421
-0.133234424629229	0.161945256394665
0.174689846719677	0.237862849738211
-0.458342747635813	0.856964872807403
-0.33006327828952	0.427709051153756
-0.349856442936589	0.617501157742136
0.295627880799566	0.495349494690845
-0.659404817807991	1.3302601923105
0.728736497975568	1.20554232036381
0.14667611105199	0.208574125615787
0.0853908371162041	0.0914464840850253
-0.0478703558104332	0.0433003546309307
-0.469799795342808	0.211626582557433
-0.287751710443929	0.0977172419835556
-0.0553640540662327	0.0318257340982198
-1.13387906538008	1.36606938440542
0.330654089398397	0.228658927426147
-0.381324984428754	0.281838844246724
-0.00779210088220872	0.00464309928072983
1.67685299443205	1.59060183089833
0.823608180354463	0.442950985148301
0.0676818634996582	0.0285799865173447
-0.220547738493538	0.0834103983547806
0.083640509139886	0.0290224603402324
-0.893288741689292	0.674436657103896
0.210692850980875	0.168230046438261
-0.474597745755248	0.548742183327201
-0.416528419520346	0.52920345895093
-0.125314472059682	0.0948315779656317
-0.880349756599271	0.67033736885675
1.01605656727884	0.727208964470926
0.45285347585047	0.348577862410457
0.811884042088466	1.09139381732979
-0.390686590332714	0.622403135247499
-0.283863399031461	0.496267615265425
-0.615458422188923	1.38763976361935
0.0605053137678909	0.0812268465091185
0.239089356166021	0.393603916767151
0.081081737793467	0.11586172387139
-0.386473315167071	0.697904898292829
0.217023907622495	0.330089020098591
0.597065856075581	0.938338409612347
0.186089852329795	0.149682163222499
-0.577935136354997	1.24413717360277
-0.656766221989598	1.41931016369885
-0.916843818909709	1.84406404796467
-0.321341294775268	0.526427782880831
-0.238273914596827	0.398202452251974
-0.0520992816871758	0.0626266194243105
-0.079392819161488	0.0842198616688369
0.0903150056953556	0.120777060431046
-0.280341814938832	0.158165933843798
-0.434379179436034	0.266860355004978
-0.69320683510922	0.768361411301983
-0.564623545304532	0.305065861313608
-0.614675768662513	0.50923888332062
0.302633816896983	0.244641102897423
-0.580923678676853	0.543164293130536
-0.885110584216232	0.591692192064175
0.322516963335192	0.144953409143719
0.227568768555772	0.140314870512497
0.461258025465588	0.170273180706361
0.055578543624552	0.0215043838118209
-0.14098178696072	0.0639472335095248
-0.591071772723533	0.619564685846616
0.103122276775881	0.101727362546752
0.437051210490213	0.580859993863075
-0.0708585178143014	0.0581366094818112
-1.14462554825583	1.15665266459336
-0.565399359534315	0.376649197795055
0.0688308659102908	0.0369444682503881
-0.590102186878331	0.526456646899311
-0.282629965683816	0.388607392363015
-0.348529354633353	0.687987382184595
-0.32183156434225	0.639406576821607
-0.049937738303524	0.0640986562133691
-0.0716420400765226	0.0998508257587895
0.0000372662672723724	0.0000447238030758826
-0.24462179243198	0.391415224023313
0.688622270971951	1.35734751544117
-0.284852711963842	0.322710428915535
0.0532192087494352	0.0437097139396631
-0.626904935931521	1.02422325308017
-0.381684137650115	0.662690886066132
-0.0459145277414582	0.0527687065824139
0.0440908987445198	0.042122034184517
0.216805274083017	0.307996668198583
-0.176293477917455	0.205518749476667
-0.880805228113915	0.585002164633833
-0.0235215753561017	0.0140373916782058
-1.12099666767163	1.45606173617219
-0.110796935646311	0.0867249678678125
-0.726481005302344	0.690896535922915
0.213866191955171	0.136465998842429
-0.887091030094736	0.677946644507312
0.824088601477155	0.919876160122808
-1.28400540261835	1.26886931615655
0.0687418060798118	0.0384321451885731
-0.235522674817651	0.136458869269528
0.533998012346052	0.273790544134084
-2.34562935451562	1.27681841829062
-0.879530383823644	0.573917781761741
-0.631452867456304	0.409765505357606
0.34202200917629	0.334119008903224
-0.259080035314419	0.362092304791656
-0.277274906272882	0.328081545531351
-0.587100689829201	0.621752883783034
-1.55604504136809	1.38400895766185
-0.283373219574522	0.156076222277549
-0.146046010086126	0.0935125596898154
0.385300805558479	0.421803603424301
-0.355729635051913	0.498964397494545
0.175218961913876	0.270956221427256
-0.381280632448616	0.713531392237131
-0.0742530158398052	0.109425489318127
0.0785844686653001	0.105327589634592
-0.33000014895287	0.601349926559423
-0.415126917220347	0.816383973309156
0.376830784016591	0.572858083565666
0.239105125622027	0.276182103720691
0.630396024452546	0.843357953865689
-0.399545448086344	0.614779474453686
-0.290712968523104	0.362901098853462
-0.198184820942686	0.22618888325491
-0.240238780558048	0.322043047390592
0.360656072169277	0.547629866241517
0.0351863716734401	0.0379906480202694
-0.595274652242231	1.04484712991516
-0.15104190865803	0.193357987178203
0.012847584531882	0.0137495823628473
-0.0384691325355939	0.0365950453567199
-0.269900200736301	0.238021822740126
-0.635950118973393	0.649117031618935
0.0290536965150349	0.024497995378583
0.616730064994228	0.894090284972514
-0.0985802636967701	0.0886950832116204
-0.057356426444883	0.0478438856850821
-0.0371394446684689	0.0352349175195205
0.13307012328985	0.127011534090857
-0.310388028470402	0.358346176821312
0.050872688667487	0.0398345050648318
-0.449417152230726	0.431343462783715
-0.150629387798905	0.112537133733191
-1.44163781278839	1.94325743010533
-0.791608160755745	0.635132589122341
-0.229683888388995	0.086137818884928
-0.0952723517446445	0.064520551731051
0.401322798258494	0.383289254682649
-0.752546240987824	1.23608715201811
-0.467643831095796	0.636729966180918
0.111412463425936	0.116322954983052
0.0859312915917153	0.0772429286251773
0.0409794544527773	0.0306306634694537
-1.61828545890538	3.21013410984379
0.125263546930416	0.0936633877295732
0.0978708770895493	0.112016499389788
0.00199427596290853	0.00212475415929838
-0.0532771496371605	0.0629834528985309
0.200000149995341	0.297168299130171
0.186235009850435	0.266608309151793
0.0597613602008013	0.070383796878626
0.0758293366341149	0.0958033485275701
0.207993460305107	0.307225648399563
-0.104507742991713	0.127726024527567
-0.221594378152282	0.346120265003588
-0.502299372978164	0.752501325574021
-0.412319973818294	0.698072461212576
-0.449513309858149	0.789303280496716
-0.228000351677104	0.344681311012611
-0.0998556730903483	0.133681457791708
0.00627672810243068	0.00710672543377533
-0.127628580206697	0.181913024325577
-0.444062337856882	0.933386268393713
0.0710146905088212	0.0939014254167683
-0.0254911141539921	0.0316989283461019
-0.508109355019698	0.846714993564542
0.0457500684552695	0.0532365238957664
-0.174187877851991	0.254563031064911
0.113128418441257	0.15916769764994
-0.128484800792143	0.172845901952093
-0.0720576390885344	0.094555559776377
-0.0526730316456654	0.0600032218317759
-0.296584143706312	0.405139984133716
-0.138581198336707	0.120173103647688
-0.610165383406709	0.613434191121787
0.0787070129007971	0.0673993723489324
-0.416039161131662	0.495872677382844
-0.811219306925627	1.31029087036441
-0.249287721888674	0.242199087227986
0.127739278166506	0.150768163227222
0.659684681352693	0.879037965333065
-0.0506739411713256	0.0415861558666036
-0.807101509662286	1.10327507251554
-0.0688390635718722	0.0560207665635294
-0.136180334121432	0.104625056570882
0.252997722050492	0.27895024165803
-0.259252651984826	0.202432644475186
-0.860946563230062	0.493565928103269
-0.239847027167046	0.195330632449888
-0.474039179265615	0.521129970328777
0.185123087364106	0.23244390524643
0.201461096315779	0.221225190645237
-0.206910157777703	0.244443003244492
-0.197867949748779	0.188903933259894
-0.753480324489939	0.98423395473159
0.198425073387778	0.192707920477582
-0.106223879627405	0.0945220352559308
-0.257803844865275	0.344362117771558
-0.094497299618345	0.122980086988916
-0.185688886397016	0.282369429888893
-0.0141057839600356	0.0185046068904394
0.708289263774267	1.82244749625134
0.274299517958972	0.462732294640428
-0.19943470125176	0.299152189076726
-0.0779151498733565	0.103896838761388
-0.306028182039963	0.536558889863556
-0.38829724551684	0.723431093601382
-0.0248727915632446	0.023724394793443
-0.504511608476226	0.758161324980773
-0.176713182634053	0.145815404232047
-0.277557214905615	0.259318350610352
-0.226196520133312	0.221910542178445
-0.348935596205926	0.373906807509287
-0.286220494075615	0.419478638669603
0.0818319456832288	0.103113881207319
0.0187703655676853	0.0222078978435638
-0.0265369719910832	0.0347171621514141
-0.19577589219471	0.308285031661697
0.0144700140137825	0.0178804947396465
-0.148554138506838	0.227722699131399
-0.181605689655208	0.237899377503857
-0.186602752804758	0.275583591947195
0.0789176622400696	0.0859007621963988
-0.0450319000135925	0.0485604566144503
-0.162832043529515	0.217917420018317
0.303767402416679	0.468883231907695
0.138440559183981	0.12960073273836
-0.113575586327554	0.0990382693643352
-0.465296529752512	0.207820972335089
-0.0758602812752419	0.0410658364585392
0.206394618053541	0.130183913277369
-1.1018657019524	0.991171966988727
0.20788295847055	0.148338511424589
0.116548473282247	0.0848693186190323
-0.698782100674739	0.581836168324395
0.0750628287976993	0.0317633716189768
1.82133307851658	1.46868126966559
0.461509184970063	0.165982955502898
1.01444204717943	0.719130182436612
-0.954762555938969	0.954335175516172
-0.524386514922745	0.672637574838827
-0.0984584007325448	0.0964901947696136
0.173031704664134	0.176814967624363
-0.417139876814517	0.396775828699016
0.45682901053252	0.248623886128259
-0.374631829311839	0.24220712971288
-0.695630296664879	0.575206822827154
-0.612674787072769	0.61165788099711
0.179643220044662	0.213837969786022
-0.385864132258832	0.730866702264712
-0.299821161483988	0.531547809653356
-0.243109003968314	0.435341971153591
0.134159301550798	0.192707917023774
-0.168765570525872	0.229270435848345
-0.20438512624295	0.285821038181518
0.271726352679218	0.402467640976192
-0.393801439457163	0.48324365267864
0.123559280222914	0.107242285775513
-0.316820696800017	0.290722988222339
-0.150700745957214	0.230485036212046
0.119636885545932	0.167346667603633
-0.188812249338998	0.248693258593752
0.070379360898293	0.0916978839666015
0.129711401739228	0.16426843884669
0.125875287644979	0.150081404521795
-0.314831996214568	0.450626676857571
-0.513999088234728	1.12997593804461
0.510970167893749	0.994889706607832
-0.028885787032153	0.0238987285318514
-0.152607040315171	0.142168315967952
-0.176716468813526	0.069249051212587
-0.548481920100847	0.464612480863046
-0.36450228383676	0.232628916660818
-0.0245969847223229	0.0143583759511648
0.217299968027539	0.130528949394877
-0.254128537535645	0.197140119882226
-0.0939196218601172	0.062725054595827
-0.561764499547665	0.378862665023711
1.14183400391463	0.871491861688754
-0.165195699739527	0.104134183473949
-1.19289213945769	0.376770234731613
0.913396134649281	0.685322719897966
-0.274081060695807	0.151111990739313
-0.570692559728875	0.590362197166049
0.188243311957393	0.180176613920232
-0.716399593490776	1.23638515494967
0.45338694411111	0.497749654569206
0.247068697387832	0.128988765125298
0.0391927520217675	0.0284073276644442
-0.321625113634487	0.168771667252165
-0.0296903871807686	0.0174525505284123
-0.384466188590005	0.68430619528474
0.427433805496219	0.852811443532192
-0.0826761913819599	0.125099714131749
0.46757614568819	1.17458631447594
-0.551840429242132	1.33000325648301
-0.0904077823382392	0.134111741239397
-0.228759606232302	0.345114247218759
0.213163200719562	0.319197947205686
0.239433937250373	0.278078991882261
0.28934036284869	0.320762897202945
0.0253836573218342	0.0254545321311155
-0.0582665704794484	0.0762832870720131
-0.0624379535250924	0.0760288183849775
0.147759342221082	0.211792627830729
-0.359960027260972	0.4927089006151
-0.125396854537379	0.143619635063869
-0.188853509402282	0.274848927075886
0.200317316014649	0.219333810047664
0.128400867455004	0.1105765626703
-0.17879625221083	0.15872767745774
-0.995646877354436	0.848392156862286
-0.888483902149358	0.703801651617856
0.214273758076199	0.129125417202221
-0.038061661378351	0.0222611981707582
0.29192909381839	0.249440226679915
0.477993987271487	0.34467101122001
-1.31706788596412	1.01776769337441
-0.489379243374366	0.344413891224562
-1.34865763061961	0.664133609474497
-1.34293496031056	0.661678855471875
0.357793770309518	0.239334476346054
0.379481202346547	0.340188140333076
0.0505959664171322	0.0531798645366993
-0.143190716017868	0.146240999950592
-0.355090080754979	0.348752909551969
-1.32000961134064	0.991470318846883
-0.203166668316529	0.124569745396519
0.232274207543764	0.130021904685306
0.130598091854227	0.100854141625778
-0.228834370457216	0.281832987619581
-0.423803682211257	0.830037569027653
0.107012142379005	0.155628163368063
-0.534998247183662	1.23501137153949
-0.315885178616702	0.615843229403965
0.071443392582385	0.0990440522214413
-0.25847375310525	0.407558492640943
-0.544096419823858	1.18414433320771
-0.300611361881826	0.375896195435886
-1.46241169584343	2.18643836756191
-0.116580978232435	0.133918563047077
-0.223063274425544	0.31380096465416
0.073884251599174	0.101127080568898
0.526866192306454	1.06624677572554
0.245574816295404	0.371038563221595
0.123424747017504	0.154939423698783
-0.166611526140436	0.170998192220322
-0.315293973607575	0.4958583282683
0.594222421633069	0.978598471219213
-0.0403093007118257	0.03457507027375
-0.39694378162134	0.391873887765575
-0.0937011437346786	0.0738309734267909
0.0637176155848152	0.0338588263061084
-0.289457954348024	0.230738735703754
-0.502674882277861	0.435673191011653
-0.0287451630299936	0.0170955236117083
-0.0801378904918229	0.0642628381228442
-0.117539090310911	0.0904372038357348
-0.41094725360513	0.329134742851614
-0.8696426149903	0.503781953706302
-1.55316489399119	1.08817176228756
0.0966339155080583	0.028844403628746
0.372678633595904	0.232305066193225
-0.300239458211431	0.227834384305116
-0.526632458807315	0.536609630004618
0.495033817526647	0.576206043326506
0.494107275030232	0.658096983204598
-0.164418304545508	0.136921688912329
-0.201971972497742	0.121604857588118
0.928428984739821	0.783535032575158
-0.596815900918454	0.461058700453447
-0.351320139189097	0.405391268426582
0.215946807318981	0.275888660116229
0.292005571079256	0.49843012855786
-0.276712694602255	0.495249468360068
-0.242398488521232	0.421241559082586
0.488311449473394	1.12783050253358
0.00611967257404249	0.00701155833933058
-0.0837503579035218	0.10848024924608
0.512514923623065	0.874675786620471
0.312310311605064	0.319590067942436
0.130023569078148	0.108670454979116
-0.0250114146615688	0.0264165883875929
0.106260638773403	0.120888764976689
-0.0327644547026648	0.039915526365746
-0.158434739929962	0.210763804833408
0.0711741502994601	0.0829840261049595
-0.0202187050140005	0.0238681771738996
-0.112148909982803	0.118795685217432
0.0474611712675141	0.0452191557296029
-0.702813027053758	0.818308734928417
-1.05973581667027	1.29969861071054
-0.862413679430765	0.875801950230002
-0.235432622581633	0.16141193058752
-0.375905545219806	0.279132575154823
0.189106299935931	0.161200356914185
0.278806817798333	0.238248389989717
0.211683933447423	0.133143665335409
-0.114396051826099	0.0554750650793123
0.226774049212643	0.1245082969047
-0.283982658879518	0.0971458489065751
-0.495252708618157	0.29067088248363
-0.213305341021551	0.152611638492657
0.255160404257015	0.23651051363456
-0.0424064865956699	0.0360273966318066
0.414307261557919	0.573202483227478
0.5378114971445	0.616533242240192
-0.423467842076964	0.346640696486178
-0.42605345351206	0.310567946663549
-0.881629788659176	0.738799495553574
0.0966305562974936	0.086477015629195
-0.425188711062274	0.704125316931091
0.213455469598548	0.349223245831333
-0.334471080552436	0.607981337269049
-0.088411679378214	0.122653140386917
-0.111954707424996	0.151830886249393
-0.0369412971990784	0.044795261418735
0.300997607715318	0.492948127480377
0.712427158287144	1.39973034358895
0.198723514112879	0.218655715557986
-0.171697459293785	0.152659047231455
0.11021025310698	0.130579867735444
0.3924982365111	0.653763656571176
-0.100254903866585	0.128124748257218
0.66199269697533	1.28458137609071
-0.0470085242245615	0.039975902477668
0.684632602263104	0.984815571689563
-0.216361749128451	0.241521887886369
-0.703713826008535	0.635609698711877
-0.63880186175115	0.80679243229291
-0.0487434653298832	0.0347354956238981
-0.85971531476028	0.868055874508697
0.415878384635553	0.244224998469112
0.0619818409716046	0.0325714330212572
0.0887526651886554	0.0268441700832459
0.510437590435844	0.349293114497003
-1.24946961972257	1.50162630885731
0.330056323436512	0.300465652601533
-0.0674373708304922	0.0665268043514234
-0.546158364688594	0.801296340226541
-0.305649170341631	0.286980796829721
-1.14390941099002	1.18707699929714
0.825186209485303	0.655449876887775
0.109223314760616	0.0718967533277276
0.520138159228086	0.607863642270424
-0.376781532542999	0.644586726583727
0.0130237595570223	0.0161025774804705
-0.0620981092164244	0.0822403708991082
0.37553911931418	0.796593634301517
0.172522379851984	0.251840345874244
0.0697322350137277	0.0897034114370826
0.203843500829341	0.302369202985915
0.955501163107281	2.12645077543029
0.444799964077903	0.625981871061089
-0.161530528319405	0.150909857878581
-0.308744767439398	0.359243870220108
-0.0554212194399672	0.0683677612100447
-0.161154115831514	0.206126659215821
-0.19893898903923	0.180471716063419
0.638101952917148	0.730704788779054
0.0615391100286437	0.0522081191424058
0.0662403876096517	0.0310401175030175
-0.637971359347304	0.585074628678536
-0.52493106850136	0.412843437990406
-0.209997962149357	0.14438832050988
0.207526014602067	0.132788537844522
-1.92633837395712	1.72110971199431
-1.01705627940513	0.76161931435975
-0.524891755018072	0.412841935561876
-1.57249605166863	0.585466951630457
0.763452321283868	0.526286126920497
0.0614229260737044	0.0304252718312587
0.112136510002045	0.0799690387306627
-0.0442682896161534	0.0406927097458549
-0.239881314726454	0.270549727136272
-0.0621289089627548	0.0501072616840867
-0.11083209585909	0.0712858035470812
-0.362591853051211	0.231624397498396
1.13895341370214	1.02477946810543
-0.407130685739176	0.322729942888762
-0.63602451295007	1.04039700850899
0.337315745207979	0.650642857032376
-0.0450029131584234	0.0595056743080188
0.455553370426048	1.0532877809805
-0.193978674716575	0.316988060829767
0.38836615939124	0.801764487698714
0.233449353075391	0.383898589516207
-0.0751065826477203	0.0818218735514134
0.713449046029165	1.25939866182152
-0.240311783077154	0.230159439274098
-0.312668021646321	0.451269746276809
0.18898998738089	0.195400396143633
0.0913438001113295	0.117516823490362
0.787318261270128	1.80005347017595
1.01685258353124	1.78488730640253
0.789848180578864	0.996943774602668
-0.324972851509499	0.301875354719146
-0.70512997784527	0.624163532077513
-1.7476192294694	1.73298069950053
-0.0339297643062864	0.0194679507317605
0.769093591387467	0.539635967696795
-0.161905319662742	0.0998696638554744
0.110610657416351	0.0790870629997911
0.284481758886721	0.140371304627646
-0.2858904667375	0.0993119442028246
-0.860946563230062	0.493565928103269
-0.68082595532939	0.349959396762014
0.367646754248647	0.147974922798116
1.45443365534537	1.17422171629725
-0.808492913917547	0.972193409854357
-0.249769245063598	0.292694921605259
-0.214085164631606	0.241899299291166
-0.0688656663030648	0.046982160259988
-0.364127091622431	0.234290765798
-0.285474877030225	0.157079713920667
0.0538684728212089	0.0209216330485365
-1.09887352429685	1.00044301768562
-0.169999893983059	0.194539584501582
0.442712568020808	0.974663517512138
0.128725037800547	0.191245661245916
0.397867891516115	0.880329976246859
-0.244852086893934	0.460400297517031
0.0478975163018236	0.0650567588324515
0.218698688850947	0.322327577553093
0.435887274184924	0.657265826183791
0.662403120537464	0.793991175894979
-0.579323032333685	0.707504538784024
0.0694137942287074	0.0950115627179931
0.648333907808895	1.31863800325735
-0.184916381772579	0.170247270229266
-1.07403310530414	1.71543157853712
0.0803273514081809	0.0748398612104229
-0.435039875876564	0.2610908024796
-0.386526324211106	0.187285494031687
-0.424217332798646	0.383362818396004
-0.875305119194697	0.794781561415444
0.360236371447828	0.234231157241273
-0.491184744009923	0.287965652480739
-0.281650256478897	0.156593596868352
0.124607571618954	0.0948236896337516
0.429093662473699	0.414437550133892
-0.545643773079783	0.347205093211529
0.7095306172524	0.419838456135063
-0.0747389373144957	0.0403972909851125
-1.09172121791923	0.469245496250149
-0.56880902151448	0.311785490431902
-0.677047757868005	0.507883586279128
-0.944672225007937	0.993559414631894
0.341929945590247	0.46900606163854
-0.300685646029799	0.292067232170941
0.264205299144605	0.244079201570195
-1.10484921063912	1.23599152414085
-0.466213156348932	0.364581956614682
1.06316147748219	1.09069401124183
-0.550136466802222	0.590641234724931
-0.280348843809485	0.424567683073645
0.122143009115703	0.188545721175272
0.272104350766839	0.522500423184729
0.374019575806995	0.812244705236721
-0.0124190200693918	0.0164937639277587
-0.152206471905625	0.248298654512951
-0.011935406192386	0.0122677953587402
-0.193631115928532	0.269272375244448
-0.535698420806184	0.689514380662319
0.193784395719192	0.189321044009817
0.033372868359596	0.0382199885249863
0.00384477216881214	0.00443317341219422
-0.361774686100604	0.530862915125307
-0.179439347400594	0.214341789062733
-0.00672589326117152	0.00592332491714083
-0.383910326311547	0.374269254744038
-0.166263382600549	0.153229715878179
-0.457849446171299	0.690394387941624
-0.852785609400119	1.42803952415276
-0.371276001461659	0.42127081960354
0.080069368679026	0.0708950864433524
-0.45645902570211	0.472551284127826
0.614366061952586	0.727965765984879
-0.976975622976211	1.22974594606733
0.222229189395012	0.145074489917096
-0.16858195419977	0.0707650577051375
-0.489640114147011	0.497079710072889
0.0760415250207128	0.0646994677673108
0.010500772131553	0.0107498954981501
0.47500986918947	0.657814538883693
0.152517600331739	0.159679041550561
-0.191820867833684	0.1574410736817
-0.134459296145203	0.151815371350886
0.041356334140389	0.0378043718420979
0.0584186655736906	0.0505284828533694
-0.0767228376711749	0.0892926862834574
-0.217908034900737	0.342987620043285
0.372653093537347	0.56267514637192
-0.381252448764128	0.447200103715503
0.0448044998796318	0.0499133323451769
-0.236812541365793	0.260775560665112
-0.444078705234646	0.710341760079636
-0.347921236210138	0.583221218434981
-0.226176144143507	0.321878608663406
0.00146944328938775	0.00203772246628514
0.193699675320333	0.227469680494447
-0.225097422625177	0.339576220910109
-0.148991699463067	0.174165680047712
0.378586010626692	0.560307864411391
0.57681707739119	0.858667916091052
0.435253274099299	0.403246998941886
-0.649979715806361	0.945021369115411
-0.303627860571605	0.321580177199202
-0.370358480424322	0.5287499475989
-0.566422621071984	0.751091855528309
-0.139939401680993	0.131097483436032
1.15233258661812	1.82529019309394
-0.0629547541629696	0.051879607945129
1.04376351315788	1.45259437026588
-0.37906503254389	0.313260029204333
0.470457209174501	0.438282223638822
-0.785405874318035	0.280911254386557
-0.555605842673286	0.546211324133888
-0.231013263979669	0.237324568497669
-0.185620962335448	0.202999472746183
0.165000971727223	0.189678421223477
-0.118997921121809	0.132766179034436
-0.192056404413545	0.216455914186097
-0.380061817037075	0.370142017688114
-0.0954205942689189	0.0853352493015892
-0.214892942323649	0.211716182427783
-0.0766674019932782	0.0975389672911275
-0.569142131901545	1.22719692956282
0.0100391625118159	0.011323116022226
0.173364972556505	0.225224441226949
-0.678384778871284	1.35703398743897
0.44887079813265	0.744061760223857
-0.154465843986306	0.183801740590504
-0.0300649189772359	0.0414858148989853
0.481224808781564	1.01936342889246
0.101363044630008	0.149259412279388
0.108760919048561	0.125864343267955
-0.445557164935039	0.494601471043594
-0.365666388129033	0.389869993032853
0.102323809717994	0.077323157393805
0.0832491892921421	0.0283118012840608
-1.09623801258504	0.47018755789837
-0.217304068698609	0.083855568343684
-0.156553698951603	0.116991857370764
-0.561821797065703	0.477599288280538
0.430210228379064	0.340384019347963
-0.324803072377773	0.216268691824009
-0.111007579935066	0.0548908820432173
-0.372726435188865	0.235397631498006
0.120448223276278	0.0900820676489353
0.0784557564861222	0.0431789252626581
0.318079992740768	0.227342178230577
-1.02577735179771	0.650245935447844
-0.293143435300984	0.0995131272523846
0.975253108493828	0.374382643647549
-0.11836119774046	0.0581128410530334
-0.48397732770934	0.277247039628545
-0.627162430949706	0.395686027977078
0.255620222822427	0.26554226029446
0.322648971975234	0.145001714534294
0.0708232118826428	0.0301028001377486
-0.205547337428068	0.142763356469288
-0.617360149140599	1.14762168690018
-0.292672136410986	0.520748501049251
0.0948488288145071	0.133912820716343
-0.421494004810426	0.83203796663096
-0.549087898327282	1.3224117652035
-0.00168225102472838	0.00214452859674109
0.00927200443537765	0.010100622386397
0.358677351248482	0.539355628435289
-0.147601822220576	0.136215890517075
0.127390961218041	0.11338139110779
-0.569126764426699	0.604410498221364
0.354817743299332	0.330100716730942
0.754953737569998	0.32848772026176
0.754243969247715	0.322958053743226
0.292938821288051	0.140065114893188
-0.932610395293842	1.0700289872379
0.00192047931783189	0.00117613535891089
0.619413388665488	0.380144863301732
-1.01473163128797	0.7508222464066
0.628471407445892	0.390867069054243
0.638478159928714	0.481025219036402
-0.60761261766602	0.455497740129391
-0.624991383026838	0.533870585682346
-0.275240965923029	0.153188437470314
0.283417322440643	0.135169324807475
0.753523250873723	0.320936977948129
-0.283982658879518	0.0971458489065751
0.752936596504218	0.327978568691342
1.71891055491136	0.964537312416492
1.13737364057271	1.01124371525988
0.352740181359069	0.320450107863945
-0.312736498187464	0.470174765078418
-0.320411846993509	0.548371040150523
0.0957487163502411	0.131798555227889
-0.0157093423975618	0.0193347132086893
-0.116800149092974	0.180364380974512
-0.413432949359878	0.834649565642378
-0.121642371537731	0.148816214220132
0.0623145494889608	0.0663349419556007
0.486703169580086	0.519186902093739
-0.256496222015635	0.198716058555033
-0.572119883517365	0.764413220040039
-0.607856481722638	0.69434247959493
-0.301724760010805	0.231481605602699
-0.388922930326782	0.382244082407385
-0.723360491135536	0.427584094812363
-0.178268258824541	0.0754849531006097
0.0864475015161512	0.0519352595306657
0.106974916668986	0.0717973672432206
-0.273999486341081	0.185468635282446
1.67821930660547	1.57823428757834
-0.138556394270666	0.0638884163744545
-0.68082595532939	0.349959396762014
0.0933258717671766	0.0283062155826926
0.104134548089417	0.0676138332548635
-0.646970285193516	0.584489342199731
0.553502442251995	0.365934637514413
0.82526362843018	0.44218150183096
0.197259778592169	0.175821778050615
0.0761827703593872	0.0325718495998252
-0.110694862103993	0.054431970884746
-0.472939438240245	0.370746464152512
-0.65051100467936	1.29504394945988
0.240304588680761	0.40053812488259
0.135272958461068	0.195625793421816
0.0630021292934097	0.0857048296510616
-0.279016497175085	0.502027956167467
0.14862264675725	0.187427300949211
0.089932681391927	0.104605053379172
-0.551428700356918	0.933169745451813
-0.240505084716967	0.212098797011736
-0.696381603837211	0.805617327330933
-0.142164013346451	0.158818568111075
-0.11483616455115	0.101697697390969
-0.541944959355386	0.61885259947116
0.0668319512284857	0.0282631794984816
-0.488129126320644	0.327477195599913
-0.885181738950639	0.756688103102458
0.348937127228514	0.33264816160121
-1.4988757317843	1.73068003104789
-1.06024030702497	1.05571105877646
-0.430946296672609	0.264234980662998
-1.25511728290092	1.0775340371939
-1.74609548096035	1.76902674401913
-0.108849061390207	0.071115127971572
-0.025543871797818	0.0149813955070675
0.211687743585716	0.140521237331576
1.32039291042874	0.967095537287809
-0.141936961157442	0.107834890254724
-0.0737640335269148	0.071466289207909
-0.192867383750972	0.190347707695833
0.284159317728709	0.2381435559534
0.0711931620411453	0.0299189372945575
-0.363183843148702	0.23180786657459
1.16070992319437	1.59202103501698
-0.492733101697087	0.859611293795792
-0.00350347322722279	0.00446693177923126
0.0732213623771193	0.101471484383101
-0.178488911770759	0.291120459145057
0.148968166295453	0.239657349888237
0.267984704063032	0.467065590548321
0.452496407215962	0.895848413229661
0.168433226437383	0.215091090634297
-0.185707451885854	0.168181281067842
0.0590923943381156	0.0489982550840722
0.0200622333633438	0.0198126531690609
-0.199319415576548	0.197433346004244
-0.659625115894212	1.15844252566825
-0.32407516211848	0.322131117976914
0.816274165901325	1.3075866702437
-1.05750243990448	0.546076916737789
0.760537396966111	0.520696788672778
0.337111446118475	0.229222271239675
-0.144970671377201	0.109401534628794
0.297085132528893	0.237236302666267
-0.373048772093432	0.274909874562377
-0.0542229469142885	0.0302250048899068
0.0824254651323366	0.0462408500449368
1.02561445564495	0.858541375463626
-0.265754328911628	0.141475394091819
-0.0429206703891023	0.0306867167539228
-0.112742110578554	0.0553027834641448
0.4231178705634	0.246580906073827
0.208174781372173	0.233111767251994
0.217364056396486	0.129414925773328
1.48962167886489	1.47153660278419
-0.0957405607616381	0.0493685474800476
-1.88951105705926	2.5096256449951
-0.416987900322039	0.65506012402791
-0.299529642061207	0.548663715626302
0.112179232418025	0.169149889318135
-0.255472719076942	0.480496517149799
0.0823645797380249	0.120534950549944
0.157235217052999	0.25721528434142
0.258578165145164	0.408716378096355
-0.182666438216396	0.258685005648167
-0.0286996353015181	0.0244512323806228
0.492357714479868	0.594923992248711
-0.298611873001273	0.498560094729039
-0.361850988004729	0.606147472848107
-0.276849432867006	0.431138332828481
-1.14727878882147	2.85457869713193
-0.0610535184724654	0.0610240437982733
-0.354510782624768	0.530695919178649
-0.764960254241729	1.03216255592209
0.256320898618419	0.258789012327047
0.0632160874871402	0.0330914001041601
0.0750628287976993	0.0317633716189768
0.401815298185775	0.322934170526891
-0.802635380721684	0.965668269436959
0.963597399102259	0.920817006408075
-0.299514104590367	0.233066382298394
-0.62923711188426	0.358450318850458
-0.167295073751015	0.104363752963195
0.215823450451592	0.133784319740866
-0.026452725542479	0.0153748865022985
-0.234028977508907	0.206548947305327
0.603138383124007	0.471768794923878
0.763133465217701	0.523209068328048
0.0700153637357338	0.0369886214845536
-0.200047842984023	0.122574567361988
-0.434621147847765	0.318333852963641
-0.116858345073939	0.0890777065496021
-0.0242525075005127	0.0251535375641466
-0.226123659723306	0.376721051950099
-0.332177999100878	0.683097491897164
0.0312867506544803	0.042889051441134
-0.349494060814566	0.656094911737376
0.28736643038236	0.507215818969521
0.411572642750102	0.803691162737182
0.261466299076124	0.434899507066417
0.471934305348379	0.674919223672714
-0.615816226217024	0.81322496278274
-0.636064715827339	1.47739455585777
-0.159693850511622	0.218048402830505
0.119256893323087	0.118909621893359
-0.132659234901507	0.19575105727151
-0.213820141977019	0.279235789424007
-0.451776831309264	0.432138313841643
-0.561845042908594	0.379016197134416
-0.174154988969265	0.0743971962743796
-0.0532375943960512	0.0302947226608954
1.67480157631504	2.43559618399227
0.190459720437391	0.124069523040002
-0.106014751103057	0.0787275618253697
-1.20267908786949	1.14201409063281
-0.882981783262543	0.67526563027954
0.0648445155266606	0.0298711962716924
-0.050011232717993	0.0287763747594098
0.407361089110468	0.341315041642672
-0.141909729759256	0.0918609809845115
-0.947058523576655	1.00763396323492
-0.82903515800228	2.0199102637141
-0.138330227804037	0.226829941051077
-0.421319112760374	0.954396609065066
0.148377464463557	0.269048908752344
-0.152223850663713	0.25097356824039
-0.521784615038815	1.26777534303864
0.0925358804817323	0.130697114637053
-0.243878048068387	0.37466073842952
0.0990849077444226	0.105195789797341
-0.271210991538823	0.33499263567696
-0.157929890370259	0.213757869729398
-0.39765262614918	0.55929704256661
-0.384337094598386	0.332301969953923
-0.686762718870407	0.759744608465226
-0.486859686702393	0.289005498980208
0.46079819905728	0.168213028535086
0.82526362843018	0.44218150183096
0.0567917070820071	0.0434685822562322
0.710787031685632	0.615205395739173
-0.284831650119372	0.158188863542311
0.218696614095051	0.120479168193079
-0.321294755930062	0.164790208912286
0.270852473713352	0.129449083301761
-0.494035504098179	0.347711294769368
-0.0100683508213237	0.00609933954217333
0.309502619272602	0.240199479008573
0.820902896403227	0.441498069797868
0.0739296089329371	0.0365489438789741
0.532025028620649	0.263747645033247
1.14778658101674	1.1407981337496
0.75408530597299	0.618781073234965
0.255098929552947	0.310642880653685
-0.315242140756803	0.564198699659962
-0.225801332651746	0.411947467785833
-0.127006450197253	0.196413254308452
-0.342681312374979	0.674650798258077
0.176969743197209	0.25710410709211
0.0810101950387539	0.101342085959597
-0.545011006599839	0.950411143063496
0.189646632925841	0.192573729026814
-0.209601417920595	0.208003421917357
-0.0468524322591701	0.0624928296109558
-0.175627942024535	0.251359834744275
0.15188397626544	0.183587910886208
0.0257549421060715	0.0265774337434992
-0.151544161996737	0.215760115092901
0.0447982004803049	0.0469694660923719
0.130022020869294	0.105570528448989
-0.185497654290712	0.148655214707365
-0.380777265990343	0.489622837519793
-0.132150433300754	0.0591712485786089
0.0770256414622853	0.0330720573752277
0.693415512581952	0.505375612891218
-0.262947642829827	0.231052315333986
0.037495928899053	0.0256693617400331
-0.641322755518741	0.600847636694725
-0.870915893915982	0.563478043832758
-0.082660179471659	0.0443585854576061
-0.168327032166975	0.10613140574446
0.0224013893358118	0.0151956393554502
-0.0820433818638672	0.055835754096826
1.3228910433848	0.981165728079142
-0.276300730638789	0.182384427940616
-0.166222324806459	0.105251927896135
-0.343708536050801	0.290737550891859
0.275502896676655	0.459864990555145
-0.343515177309585	0.63717602732588
-0.234749873831953	0.436887859750749
-0.374978506390708	0.792955597472582
-0.183541125766943	0.316320808396722
-0.0285420110979406	0.0408311089415943
0.132304779582021	0.199671415581839
-0.0499483626352425	0.055874141230544
-0.442491555439771	0.641465178396809
0.25389125762254	0.272713565612448
-0.0344475808524386	0.0433733478220141
-0.0896884255365472	0.12920746519901
-0.182782109794535	0.245185342909888
-0.038214596845748	0.0449296575584437
-0.396606234089487	0.580038771053669
0.572131033793718	0.921563424940974
-0.552700050206886	1.24941702851309
-0.138600161317971	0.161185387455226
0.485774785354552	0.60214385736436
0.272700110846019	0.2375303807586
-0.0910776865592902	0.0816045017964517
0.0884973199932165	0.0511442915902984
-0.0842064281806776	0.0582093680534258
0.340280707606613	0.235334290216223
0.907616250356553	0.678294503439435
-0.583174532639906	0.237182325711345
1.31881515886733	0.991115447035976
-0.0531168654123204	0.0296006990662876
0.536128592038515	0.455440599589331
-0.169600064081375	0.0695309950766131
-0.0889855613363298	0.0472134566220974
-0.524814016982505	0.415693107602231
-0.130267344148496	0.145996466966765
-0.247345675355695	0.393324816127884
-0.193133281896445	0.316201906621062
0.114640549635371	0.182830607709408
-0.281709596258961	0.527676105827184
0.581087501076695	1.42550446999778
0.3763205083187	0.651040152555242
-0.0646515011026484	0.0766838707925804
0.466711214727277	0.557955005481959
-1.04269570770897	1.41314302605192
-0.114869658828568	0.157197932010163
-0.039765166345771	0.0525746796806415
-0.190689623139068	0.292271800588263
-0.163094037701661	0.236001401576735
-0.0153492515224121	0.0157317506520768
0.152438624105517	0.158482641176867
0.320608643145575	0.584282753260868
0.266658296750273	0.350366502368656
0.964726990296031	1.19942880016215
-0.636733563514317	0.726938831265106
-0.0455587901907127	0.0328160451771384
-0.174696392276893	0.11002289233791
0.495029850877644	0.439510144461504
-0.383303364908645	0.343724919984291
0.283637271142749	0.140091789933446
0.825259022102756	0.444861524889743
-0.320398807005026	0.167076225874952
0.692063932734982	0.499488513487682
-0.446170219763353	0.417213811245077
-0.398575319355267	0.646205991706527
-0.232110052464866	0.426603784577873
-0.311968595266276	0.697128023228008
0.0269729613049047	0.0375523261468709
-0.102226643382374	0.157340862838759
-0.627233868413956	1.58507871691518
0.262794026249994	0.428041904484658
0.076062597798339	0.0982570532404996
-0.131005983107661	0.112283646255559
-0.555967940509057	0.618469930989511
-0.159687255367291	0.235197372501858
-0.0377247819912991	0.0501189787329768
-0.488584760986215	1.15403271544117
-0.628689595108116	1.64675873171659
-0.0906485628595432	0.105097684590356
0.153718889793249	0.193723912331667
-0.0938940088362	0.131770802710646
-0.055764866991414	0.056993499329876
-0.224033286521728	0.2171176404747
0.351651110564028	0.312055085265347
-0.2824699271034	0.289908226089637
0.283531028200373	0.139093643643502
-0.0182188924793387	0.011050962938867
0.214846175312532	0.149812030158064
-0.17657327033307	0.107914166659612
-0.789639426519079	0.625759217886791
-0.0713672452169925	0.0395546383616399
-0.124982747585312	0.0603700545445456
-0.170414149507646	0.0715560897991019
-0.790298630931852	0.772157577709099
-0.186656324227348	0.24918418816995
-0.174952717054278	0.317554812704689
-0.428494219034071	1.08114578283081
-0.0424755297304107	0.0637549794162124
-0.0133806624560915	0.01732965217103
-0.176943739064305	0.297293219943617
0.170299155352567	0.249035391239406
0.115565738311752	0.140619603577933
0.356007835444885	0.407543772377134
-0.429653905611637	0.382989568974313
-0.180377914975402	0.290542176796889
0.286408844952743	0.532954272600692
-0.275829388271033	0.495787791804705
-0.250929079386536	0.354814213360225
-0.797950654308767	1.55661371340257
-0.754385838040946	0.979818221829733
0.0751055792049927	0.0629317562845492
0.457640373623571	0.243344209061512
0.314449895947405	0.141954040430585
0.997617449708534	0.502467099556154
0.107505463723233	0.0764090069720367
-0.0137794313580355	0.0083403812583115
0.088037879421648	0.0547142595667511
1.01515822486933	0.734238852484067
-1.22933443548108	0.721282565069048
0.621491699652023	0.39377137860388
-0.0541845500313496	0.0312362639611617
-0.434610040467993	0.313874659175012
-0.151304533666805	0.192328695323555
-0.25431624055109	0.514613015732626
0.0610934962586211	0.0942441044476747
-0.170150482332293	0.304446498152841
-0.67209313154824	2.01581220778042
0.173923025698381	0.299035371525627
0.441138615284481	0.99495445740067
0.221264695597665	0.309204355708249
0.262747253418016	0.251396914292203
0.147354859784328	0.14328012312514
-0.395372032600456	0.733984908272676
-0.141175851012365	0.121387461822806
-0.0360241444993701	0.0308574642043411
0.874813994107735	0.559108240414668
0.0778695622190477	0.0333881195702517
0.0563390612579968	0.0274991094760222
0.360140585614071	0.329405241384953
0.321141756065215	0.241469386296493
-0.118236021957036	0.0577155197169445
0.350099240972125	0.222500520947249
-0.149909147659197	0.0673343968038564
-1.9198413728305	1.75449734450319
-1.43429349335973	1.78309001508772
0.560346909491702	0.360128639336014
-0.781622833096771	0.601693552965082
-0.627280375796818	1.15615979571695
0.12284205300506	0.179621328515399
-0.345172640442575	0.685856604571325
0.0117211071518305	0.0150759607750243
0.126525902794835	0.205484936984611
0.253935102455486	0.445290461441031
0.110261348697387	0.144600560046434
0.372803722494825	0.599051367800534
-0.428887892127456	0.449136564611989
-0.0893916771121841	0.0724073188378686
-0.787305733400222	0.70596162153919
-0.321291716098211	0.168582735116161
0.200403311860048	0.149390431016526
-0.154336698806949	0.144730854822542
-0.273491335427659	0.236376745881865
-0.0139889342930388	0.01024760333761
-0.710043142348444	0.885671581027681
-0.262614813329192	0.20499108604196
0.45541613678916	0.404507477410261
-1.47729973121828	2.07945172748026
0.19075493694847	0.290253100286379
0.357735649962277	0.755022720467853
-0.0650485162813363	0.0863725049245705
-0.0470761158928221	0.0604908514063498
0.0121893559912468	0.0159353393130072
0.263676713684415	0.445304083536752
-0.104605860844024	0.144407787277675
0.570004612465438	1.28711754063493
-0.436143182321673	0.709036357777716
-0.665130586410704	1.23502350533217
-0.0710876087419805	0.0800685350934386
-0.0220791594587622	0.0210943749504106
0.344829641390575	0.414763968657805
0.181067414134454	0.205737088339965
0.0134186958665143	0.0119518567265898
0.426865056440458	0.561425133632337
-0.584482808805379	0.978070155030242
-0.0958043246441445	0.138911765048919
-0.187241289441837	0.238890706881121
-0.622285288209368	0.820428403978577
-0.0452536565686949	0.0378544493855589
-0.306641795884244	0.286021023988428
-0.130865814263487	0.123277202087404
-0.247146594093386	0.382053433891154
-0.273388513130333	0.43132504784254
-0.0782712392878618	0.0780166664859331
0.148202354684101	0.154766112523109
0.281672237363217	0.377849718232129
0.337527677830499	0.420629637334157
0.609599013923478	0.908208388757028
-0.177657757768197	0.232735820365561
-0.439077349207338	0.6912483613394
-0.00535346197773938	0.00734148139752213
-0.125537583134195	0.16189681390116
-0.137447243673554	0.187805839046054
-0.222178578803227	0.31562971821255
0.0584588402873179	0.0673129929767676
-0.205278783330996	0.278260323756376
-0.263570641842455	0.32452722902069
-0.213343494070623	0.243698918927336
0.219716217109321	0.276383304710708
0.0578576009535736	0.0648860989179962
-0.228081839805786	0.453789111230754
0.0149355421153282	0.0173224256352228
-0.0698000409026915	0.0945275589054812
-0.631848599205017	1.08737923191809
0.858262659348843	1.71973359691509
-0.243816144045471	0.274618053148365
-0.779943320389119	1.25651907770803
-0.276057984028295	0.475105021439384
-0.669401327046319	1.36030586802721
0.0344985455236966	0.0444049058376885
0.584975563370008	1.16312793207029
-0.244221368593357	0.236638276096512
0.443494739040157	0.567229466180823
-0.975588144008361	1.64655442779454
-0.109731944704238	0.113564412806648
-0.141484218391705	0.144456955142762
0.0400407798585424	0.0510324751673656
0.101318394922181	0.139537501625553
0.0934555678423322	0.169300927194193
0.0210853580121606	0.0279055317598857
-0.0583828778098439	0.0650755869472581
-0.169716158454755	0.225029797682454
-0.0924578531132831	0.0923731441732831
-0.712555894707865	0.907737325160838
-0.866238062900298	1.02542421649671
0.644402926656144	1.04392782803131
-0.0654067629791906	0.0460903768083406
1.04491340332248	0.933264603191382
-0.705661980924779	0.837382704358677
-0.0622893975294996	0.0494832003606009
0.277232052233091	0.260304644883588
-0.0450023560283012	0.0374944332771634
0.338664905679033	0.385247640133346
0.429221656160465	0.416111241113521
0.213478477983255	0.157192099083906
-0.601997408663019	0.587990192058118
-0.0579070787475799	0.0403328417893147
-0.721476083583729	0.694485145551232
-0.789511443621308	0.690098202559169
-0.108278851178079	0.0702294413791135
-0.466150252529685	0.371281421629169
-0.561600431733949	0.874735987081625
-0.41089773416732	0.601064068149218
-0.378436930681236	0.469709262566906
-0.360219575742436	0.405659402201718
-0.598915165647281	0.455538299642473
0.249751203151209	0.207514766939361
-0.694089939618226	0.991488068276724
-0.327943535896124	0.55298040112308
0.00557944662762347	0.00671692547285335
0.425076384834212	0.692381159086663
0.608013929587628	1.22802198575812
0.0800917436648256	0.0921526290625086
-0.40998144810413	0.666502656946277
-0.181483718903925	0.269716289658755
0.260404913089285	0.394827923189967
0.449676794718824	0.837513910965994
-0.115225276258536	0.110488416221226
-0.174547983939949	0.169925885639959
-0.12566231506486	0.152474253069399
0.0465036665991206	0.0558220394774079
-0.603077868252594	1.08334014834508
-0.123473645605874	0.104696923188066
-0.25046199796366	0.212962901543245
-0.398450710052629	0.478069887811134
0.0765422773409087	0.0350999984901032
-0.194488540057937	0.115968583070746
-0.138581198336707	0.120173103647688
-0.100388394419504	0.0766827829401388
0.114533037620301	0.0818488767811103
0.108151956104388	0.0835888911735241
-0.0709217426081146	0.0488579298608044
0.131709054236365	0.100307886313352
0.205520912197414	0.135431510945519
-0.610741999469638	0.584717789650108
-0.0664340996573285	0.0459719981962098
0.765816669246178	0.52238926514258
-0.324535727805875	0.17247783587197
-1.18852611413385	0.369244129518915
-0.732527966875433	0.443541518351396
-0.45178659684626	0.430196539674293
-0.461349697833791	0.59694567152783
-0.570828552987065	0.520103010524346
-0.465509088391033	0.365175630393445
-0.0806710541032168	0.0439405485228191
-0.117475052942517	0.089856414881297
0.127175429751471	0.17354674378406
0.0306571113975016	0.0374810176406691
-0.0681100417163887	0.0830989614358557
0.00668279571387052	0.00832673149951329
-0.516343193777977	1.15312347499339
-0.00539503256217241	0.00654259723437596
-0.270894017670499	0.46775257523074
-0.0723001814093402	0.085864107240763
0.287800262130603	0.373732577345125
-0.106556802057967	0.0951102371815134
-0.117865632026287	0.0775925547862797
-0.521279389413402	0.582603802644559
-0.0201608058069543	0.0197622933564519
-0.0735898712915035	0.0949809569322747
-0.230537870715761	0.25821217415527
-0.313679056493065	0.580465470570088
-0.0884916863332993	0.0782795470464076
-0.358204096218054	0.378018221224116
-0.597681572717698	0.672575488896551
-0.472303445978938	0.213469597925624
-0.152061245654591	0.0669865503582336
-0.859512516265551	0.928358727421365
-0.960845097567099	0.948275703906843
-0.222176793854978	0.148890027834589
0.309105054684608	0.238802570998408
-0.0140969728567453	0.00815890698552317
0.535218258851096	0.276896267562825
1.69316234621298	1.24792399832549
-0.290862713805515	0.158060161366473
-0.406547865393034	0.121331427371424
-0.878458198601867	0.666224913716212
-0.650030457870058	0.730658290459295
-0.868985800464629	1.23850178867854
-0.311442370566577	0.263657570270401
-0.784960377510965	0.283322844437863
-0.142531169729604	0.0656453716262504
1.17806966162847	0.756610658011216
-0.529795662816607	0.475419154897854
0.363053525621757	0.606727026251062
-0.240451676842245	0.446622088921429
-0.171302560726121	0.289062784218025
-0.405023894482711	0.850652564447012
0.214204514302645	0.353580666496758
-0.304725489409688	0.578886422188711
0.225337608319607	0.313368638391146
-0.282964325005626	0.403613410558066
-0.943894400376094	1.42136025579894
0.100397754476285	0.0730328545358513
-0.510179715946986	0.595841213740173
-0.312445201132074	0.438594571748872
-0.285781790667975	0.510225856674431
-0.617305344939833	1.20176260888718
-0.531690340008009	0.963603371922935
-0.119207238965464	0.114628267513744
-0.515756604801869	0.990571390778678
-0.212792835217206	0.242371618914954
-0.144299803880316	0.123043193521367
0.195753340699549	0.163294181449562
-0.860764632930305	0.866447874871891
-0.571427652674933	0.317094974726757
-1.35743678298587	0.619269918495134
-0.427364787850272	0.346339246743916
-0.995717476271996	0.812089437444627
-0.490454461839363	0.346880803826526
-0.266626555464905	0.141634198322649
-0.498823894446719	0.427200199670632
-0.382321138745622	0.28239425915269
-1.43553490847765	1.16985678496977
-0.484539004769296	0.275634839565241
-1.20336423407659	0.363384534228817
-1.05137456221338	0.56504311561369
-0.787689321630869	0.797878182130866
-0.82814105834627	1.15953696149674
0.546260139759772	0.456035498718417
-0.759912096439525	0.533036533977942
-1.01071413548925	0.750278356189361
0.215069166471887	0.133726917383613
-0.203396953429931	0.119937759631874
-0.745223959071737	1.51456940558412
0.134230897369915	0.203611446673733
-0.536025552064265	1.2544478355761
-0.049320813099887	0.0660973926816067
-0.0254943738339749	0.0316729665329657
-0.0650232397556336	0.0910165115175071
-0.172921717806415	0.244396964166543
-0.174934070582511	0.216943603319802
0.140963739607212	0.147756540030038
-0.255403186971385	0.222738950054464
-0.179913855274915	0.16113454507766
-0.209058468697902	0.247411859573544
-0.572473326942128	1.03481040972085
-0.459064973648848	0.794181020664383
0.0260507410714353	0.0229722049546402
0.024137102266717	0.0261655426510315
-0.276313026499493	0.435429938011999
-0.247944648971485	0.345150718480781
-0.0532689675957096	0.0646154608092473
-0.427455177664103	0.808602873735982
-0.551498715129758	1.27458981620236
-0.480719628356957	0.856720329423841
-0.164447703334573	0.221998173530384
-0.172640463306096	0.253479668458817
-0.226225516178456	0.34509587021899
-0.190756215420134	0.27375303002684
-0.268331908591024	0.374297659473223
-0.186897911947009	0.220212679213803
0.113661586653686	0.162140972746612
0.102191505905482	0.109776598872459
-0.233115112670837	0.229387046680482
-0.530279639514593	0.688686171423841
-0.502305405615967	0.285553163113005
-0.158122793852754	0.116098729325491
-0.687781304021653	0.772071567240859
-0.152360341999552	0.0974480738400768
-0.241060799687674	0.138348638349666
-0.0308445506964379	0.0223343589609493
-0.185970740788719	0.148917017445557
0.0996089658410163	0.0621047106828042
-0.86041593850502	0.486953632245887
-0.485396513214652	0.340468068164599
-0.550657402292049	0.532587350236161
-0.810101281778176	1.15964528310543
-0.433234181799812	0.267054489783213
0.0672544291032829	0.0355541385936298
0.35467233108322	0.234600889900906
-0.145522408195164	0.110702891324854
-0.425427265805668	0.786895574347071
-0.199276924917627	0.304124827450918
-0.270369835661893	0.506649954604918
0.175037922642783	0.276891200197456
0.0296976754653484	0.0365650338765549
-0.164324407608365	0.246869238393097
-0.0135869497958116	0.0175740904457725
0.124362591343057	0.150582702385614
-0.0921549282974524	0.0891618459587359
-0.0830134932362662	0.0752196563997267
-0.353716814822372	0.555452634097636
-0.329126034587325	0.518431692577714
0.176756804718052	0.207753695132945
-0.283809557462958	0.365019030466338
-0.341489260623855	0.544476966995699
0.555901535389114	1.09793649544091
-0.377340140385403	0.628187259555434
-0.274443060046668	0.399887969699429
-0.228046925755973	0.332384433473374
-0.112392252755242	0.145031186718562
-0.0658204951548104	0.0713415174388805
-0.34125761253344	0.555129325767113
0.255736451695215	0.345664979399445
-0.172867640472799	0.17335111548916
-0.380226424529247	0.610653736412428
-0.397056619522949	0.626083031420184
-0.691453851741979	1.30979898828686
0.114969189130523	0.134646774808456
-0.0366846328461288	0.0422721875126269
-0.535200414931421	0.926488004105375
-0.122991873828242	0.149244057325329
-0.554446665098486	0.95636382526367
-0.152952172295129	0.164753835768946
-0.242060592849133	0.140832102584732
-0.313854457717909	0.342505511962466
-0.209952964083616	0.168621323257394
-1.11373371433204	1.46470368667142
-0.250939566268323	0.221785247735312
-1.44164394250968	1.62345463067468
-0.514999960432423	0.876323667933407
-0.668821542492159	1.03818418077899
-0.116368699005078	0.0732163632761267
0.495708732166512	0.446767705821934
-0.418732649717978	0.342245168380753
0.670792175891942	1.14023145078226
-0.18103695153952	0.280925545140817
-0.436260295394394	0.893435739394711
-0.0776435506414987	0.099795434505943
-0.534005124208524	1.15165504597978
-0.0929914504129962	0.122230481507195
-0.065757279062849	0.0806507077981116
-0.539907998905182	1.32375000456658
-0.83704784607825	2.67565636825185
0.338815781647482	0.496404039227173
-0.814852598831192	1.45515606386635
-0.116395355974622	0.139104692439358
-0.420864878099899	0.584583828547292
-0.0786983035822708	0.0780493610400681
-0.00131057980600847	0.00158118566810724
-0.328576399231137	0.608780312536385
-0.314766331937345	0.585884058925558
-0.407812437305568	0.486742734157565
-0.714543731710917	0.876067782939291
-0.0215808505997812	0.0175915993142455
-0.34709950516939	0.368830076351516
-0.225706052408271	0.27401192754813
-0.0401726250595522	0.0363866516312502
-0.75537301161348	1.10444095540473
-0.272177516024658	0.280708796053659
-0.472626702468572	0.566426416815502
-0.441035685619961	0.522443781945406
-0.534215867988839	1.03538583875656
-0.186815781766783	0.293836565224385
-0.118721378180067	0.17978917825102
-0.109967964265217	0.107341621294771
-0.491963611533088	0.911903289737154
-0.835309710834414	1.42184841357532
-0.494690368384177	0.67899660637385
-0.507908296210359	0.861982725742214
-0.372066582631224	0.57723271822324
-0.0504552564467352	0.0566090137532993
0.435685444192273	0.675686316979681
0.110101426288045	0.117146911592082
-0.000387489975995381	0.000316183446301594
0.0770129103385654	0.108249722524915
-0.690018362675344	1.87995789381768
-0.0882499714054845	0.111169169144127
-0.484455437796191	0.779796739593948
-0.345508745812461	0.436029168595917
-0.23994173224769	0.270642138344568
-0.308247642754264	0.420359238830584
-0.715079622692025	1.71373564039494
-0.16145328897789	0.248924341280416
-0.382443975178571	0.981012631178777
-0.388154240640088	0.73943221716414
-0.409322634547583	0.64192675162327
-0.41593566882922	0.629720111802603
-0.381025775348756	0.477960146238803
0.111235090987032	0.111775235022173
-0.113404092782877	0.139180683932682
-0.278767789519054	0.376582008729101
-0.141720424455294	0.174416657752437
-0.186803252467303	0.223089550982712
0.0898582231327006	0.100137380889473
-0.314348987066702	0.450360029040707
-0.82088868666279	1.49761589907497
-0.516645775516639	0.702921695128182
-0.336021272777921	0.389499918603132
-0.399375669070992	0.500236880092501
-0.667764818234581	1.32158801076969
-0.299044784397824	0.410880022066927
-0.139692382245403	0.172937767419235
-0.227816644235696	0.275502064833042
-0.904516639707276	2.32166256544251
-0.122285362591321	0.128136486294502
-0.562098485229854	0.753956953229848
-0.509213035239661	0.557820438525432
-0.563967467417393	0.94830627009458
-0.469763654903199	0.768254263651966
-0.11334275414948	0.12866879884635
-0.0811811167315112	0.0642752281091693
-0.379453942857694	0.363661638269978
-0.00706382517329582	0.00520937186804181
-0.622828943581555	1.05186661795641
-1.04763086261134	2.94361915151349
-0.712819278373958	1.5281325563209
-0.266714461937929	0.371840955945573
-0.725828703271694	1.43329842849113
-0.778034790019322	1.55582569065483
-0.511625271064229	0.901411568544329
-0.575274667344023	1.28871814080853
-0.795706053014808	2.03319246983508
0.245661231851512	0.421491812114932
-0.3340300447635	0.430138870318816
-0.143274394803686	0.215235695412931
-0.209445496986808	0.251384943453722
-1.03189227851563	1.93043013152082
0.288358857563387	0.317334846689117
0.083475616654795	0.0742356534004429
-0.251073761658344	0.375367354143849
0.0948897967709433	0.137467334316141
-0.0470606907919902	0.0333878329306392
-0.177780850271196	0.129576283506336
-0.26622944075153	0.254413752777772
-0.290979341666415	0.372649014973359
0.226273632375291	0.293653986078883
-0.00759825841420007	0.00824207922646549
-0.814395741485245	1.23306322213275
-0.609065334571395	1.02227877845968
-0.207369516649077	0.248040580394465
0.434109572606315	0.685937664703481
0.393843400602855	0.655778960043536
0.3110681354329	0.416393404217089
-0.231557291827175	0.338564745725741
0.00161699061278991	0.00165583106075226
-0.34932340383079	0.517058392917236
-0.0591217779626234	0.0601301705652383
-0.785304199980662	1.03069845198064
-0.755108669062252	1.49335806418067
-0.47416267435874	0.559274454993069
-0.585601308397739	0.820935080926079
-0.0560872090276576	0.0624057227658493
-0.34107998467757	0.571253941485617
0.21285951974102	0.425942111173052
-0.172954805957661	0.232243941857647
-0.1716741683888	0.330286248533694
-0.476811288471568	1.3253076819556
-0.302406855415489	0.671530680566202
0.33400669456379	0.399296533182185
-0.184279050455804	0.148374302083573
0.784685568336452	0.90018176076427
0.0727564697740989	0.0361000346928627
-0.48016401846519	0.327105318583525
-0.0697067487568343	0.0592711399060206
0.0908369036532606	0.0903863329254087
-0.349379890292742	0.610036267500899
-0.238927251917811	0.137070657239132
-0.675669465090177	1.07146091367867
-0.464477734449483	0.410587539621529
-0.127184966267264	0.10999513115566
0.0524669964277329	0.0565797076949231
-0.0248481859687449	0.0386707831689514
-0.310186242630794	0.709560962814393
-0.217500699439541	0.409549829724076
0.00750584486497235	0.0114608361606139
0.35601822901806	0.409890714552756
0.356196708576451	0.233841012996846
-0.243127823383873	0.140996325874647
0.232086385538378	0.130749920118563
0.802833804633004	0.722730840906151
0.0633999402682092	0.0314578754191213
0.256026485684995	0.267991824017605
-0.100084087679051	0.0983911237744136
-0.150189836634561	0.30336288681271
-0.171769494623616	0.214720877673227
-0.115308057281259	0.161029711874454
-0.119750072626718	0.100309266729754
-0.379714076105891	0.344222173549551
-0.334964828683127	0.254145642807081
-0.998378310461655	0.84307826081057
-0.332798307292902	0.383488306190209
-0.590217609415161	0.240527030033409
-0.113824220445567	0.0566038668940579
0.158984489805422	0.162272938234529
0.58755078372654	0.90557987529597
-0.373957103933392	0.631216172822532
0.0572796737298625	0.054568151661136
0.496681836889295	0.807974630704878
-0.421147212011816	0.909615156345343
0.0773523072650681	0.114807581012261
-0.262202835934534	0.440687795169832
-0.145286463062196	0.231956953442357
-0.642984002840096	0.884156567606422
-0.0019950719956739	0.00123620873709344
0.378212150060138	0.336995719830096
-0.659396188104984	0.67462693245018
-0.304267906925418	0.229336892548093
-1.07417201377846	1.26004213854399
0.469583979230287	0.506549361116758
0.192588496158159	0.203369395622314
0.463436338091641	1.36683904711417
-0.354420377004359	0.55670310025417
-0.525753534075929	0.400947600588363
-0.371264861249621	0.469501917413125
-0.403748533525329	0.718144251591043
-0.172824596557349	0.27030990981694
-0.601670212670675	1.21306633267667
-0.159636978911165	0.175611535446674
0.481625355367343	0.963517310470154
0.0288048604549417	0.0441373443295512
-0.179129622188726	0.335282434195101
0.152545088064625	0.24191347723778
-0.249595423760217	0.517040310900094
-0.0283229792545312	0.027715323672684
0.197701305251062	0.163932428827493
-0.199466661296551	0.163006182538195
-0.10009053740338	0.0784930711559999
-0.465114741519647	0.372142367681432
-0.0477470852695231	0.0269460674955793
-0.264637432334951	0.287334059978023
-0.272580444734982	0.375185004432068
-0.46109477361005	1.42437160533397
0.400814592172127	0.552496639682068
-0.2701297456246	0.213032473915457
-0.203723571142975	0.21591957545804
-0.363543351070596	0.603257004727576
-0.476665723424799	0.922358792217781
-0.107883166935276	0.102339671360236
-0.107109320414197	0.118517850781599
-0.454392382799008	0.789352109516355
-0.45877362012322	0.946134276760963
-0.571208382194034	1.33568407553099
-0.473573246276084	0.854242698857556
-0.346210189522731	0.711980730247255
0.148418511786328	0.155434513729978
-0.0724972088025116	0.0589068668646878
-0.454064898534913	0.436582002222586
-0.047877493382371	0.0405519657370537
-0.160550666867633	0.13283157769087
-0.114265759999589	0.10202353466319
-0.648979450168762	1.09505044509346
0.106120657158586	0.116299585382499
-0.119169043125123	0.221007336488767
-0.595876392996814	1.05432093598336
-0.285450676461093	0.392071971730347
-0.205716330305681	0.24969637405217
-0.426934185968008	0.714778693272597
-0.240727916157679	0.342580918905504
-0.0665788383031081	0.0802841316948766
-0.335220153692258	0.478541668990585
0.0337802152025839	0.0337878652828244
-0.111826944515972	0.144790627067938
-0.119287937151837	0.158113273645932
-0.197019075947714	0.207575595667767
-0.025871334632907	0.0269280106261307
0.49850455378289	0.725218602638793
-0.296458908151807	0.347472914490627
-0.30876350937343	0.356436847122694
-0.346819671074754	0.565396649329831
-0.252662299478407	0.405358011127711
0.238406154439655	0.486130348367323
-0.703570427174268	1.35141927229202
-0.299294914889065	0.423102927750375
-0.360603470656841	0.482163071901621
-0.557481716386114	1.01704057559157
-0.483574944174856	0.579228424888168
0.0791563986929449	0.0731535982908322
0.282821951454839	0.323522373111096
0.484754765029689	0.925737778510651
0.241294808663664	0.343808387561358
-0.512200979094737	0.891926459202036
-0.222809980558082	0.286936048958053
-0.32645289870349	0.471756441664681
0.176768511908624	0.213346573657975
-0.420357613428105	0.646342717335651
-0.508054149262162	0.965396405335359
0.0476432114609631	0.0592516610005344
-0.0362245065545851	0.0491460043311216
0.63485919742677	0.859949185182974
-0.313573475902639	0.426104926940107
-0.560625607333428	1.01124130826499
-0.448368623082111	0.702679341243157
-0.597264469223051	0.819899827310242
-0.32387176081821	0.31626747390646
-0.343067683405373	0.361971009055019
-0.802042691167661	1.38873537741902
-0.414163876834347	0.694308277253503
-0.0222646262066917	0.0194859147872967
-0.23738331511354	0.434519567522526
-0.474541947381489	0.975383324125463
-0.801991122596781	1.66662926460206
-1.04432175872564	1.52392272010931
-0.735057586249152	1.13093691656321
0.239943582924215	0.293893399716608
-1.1529161434159	2.12814681351063
-0.177444819148069	0.263571307361035
-0.228850343003274	0.412654075820122
-0.283081757930538	0.688242455574538
-0.753975530944985	1.41975013793949
-0.379753654349369	0.182451538885386
-0.584472046607656	0.238825644450794
-0.788558662259151	0.6809799428853
-0.439150781673156	0.518726923002821
-0.0674529015837412	0.0470349935281618
-0.384395964838279	0.288175730682534
-0.54788273309201	0.448398896337373
-0.574712219617735	0.311553480614791
-0.609810472233115	0.585268168673075
-0.618259678749563	0.612507227436075
-0.164893418949279	0.118831837372022
0.312055750655117	0.242186395310138
-1.17931970529758	0.818254152118288
-0.487134301022989	0.281442725615208
-0.677673156573365	0.168004274710191
-1.04472930146822	2.63609337147983
-0.990710761086119	1.4803088356458
-0.236329775149335	0.13812778343234
-0.112605573860976	0.0749725717546134
-0.167286236697274	0.105932907997349
0.00316915595780513	0.00274493421682012
0.0409713701009785	0.0563858245851239
-0.114868555732664	0.169364323201023
-0.0282640355636514	0.0390439068412924
-0.029757728323022	0.0439176018600563
-0.0302025337826731	0.0408216650278035
-0.258628906333355	0.45384276008266
-0.377059658770115	0.794442665071688
-0.0350011102617821	0.044849648677474
0.145471476942428	0.157377831164352
-0.121114326316409	0.128518555768394
-0.324713802800717	0.219331719638627
-0.00174897085982047	0.00108018170271664
-1.03843263751723	0.647537177367335
-1.54680458975207	1.10413228078385
-0.175708172850034	0.111546442284572
-0.325633143175558	0.216934878286197
-0.646002233020585	0.407358795613239
-0.249910247763462	0.142354624976341
-0.523115136927003	0.533263449756814
-0.00334134697232864	0.00422731032344619
-0.0291980481865725	0.0404090890458243
-0.285400426020419	0.559580381267849
-0.00825026439302728	0.0114375319411242
-0.344534093095404	0.715774317556019
-0.970158054105488	2.60111714522991
-0.423817399071505	0.753124305472003
-0.187874919716979	0.189221882126024
0.118024334187435	0.132918260395641
-1.0363944704996	1.09832245496159
-0.38854427934013	0.286493597429288
-0.0938905242263438	0.0495099084531441
-0.557800185789209	0.372625292136698
-0.359261075255939	0.255060228297986
-0.470125622389356	0.438055760434412
0.253661884673941	0.131537289400491
-0.380600048182437	0.183153098879475
-0.48969769722715	0.286923278693269
-0.41181827601141	0.124233945308599
-0.197965803805783	0.119065491150613
-0.345760354715531	0.291322165714643
-1.28612849365323	1.84409080902643
-0.0497842046385818	0.0764423232492965
-0.138840916982367	0.237525267178344
-0.261767534238428	0.553794706767826
-0.270770623855117	0.534507350818027
0.066250993705729	0.100237904007589
-0.531694439175374	1.25373765995045
0.150417469768031	0.215244109116791
-0.143604854511757	0.121206695329166
-0.529525246560164	0.776419728042844
-0.274227317082823	0.184188577504423
-0.868432642989182	0.506252969329086
-0.830646716243351	0.373576300440126
-1.88127701252826	0.803661374721916
-1.74178588282875	1.04864767539115
0.835465765940503	0.435211514464567
-0.681273324358264	0.498099488631874
-0.475661848733252	0.555126583681448
-0.234555509967629	0.230468780891762
-0.603533268397484	0.684384366392403
-1.02178485966863	0.762210236942679
-0.631235270175083	0.411328806990035
-0.334095950875796	0.254183541698838
-0.121286985557786	0.146323850932707
-0.138241644287119	0.220581502764443
0.0828198693420535	0.123098623640542
-0.384806525998424	0.862207224754236
0.0823337269061353	0.119377570565901
-0.481527517373389	1.06478325754132
0.151994834414462	0.198627376096836
-0.0136937972147567	0.0130174573789208
0.529601639231062	0.54425924275857
-0.201633139836679	0.183113851559694
0.393189530106256	0.239680950129091
0.229562319095096	0.127881065863375
1.00019290347589	0.495972361830645
0.553341288142587	0.364796031545985
0.070852514594881	0.0380919053830322
-0.101965269750029	0.0678530493631027
-0.345909906609331	0.464979644376805
-0.400637419777659	0.484508358953778
0.148344506194041	0.131605650032038
0.0654135650392771	0.0362513826556575
-0.0499957867656197	0.0288542993853547
0.0648774412611233	0.0300984925731596
0.348173702144275	0.226198056856084
-0.0124308838169526	0.0138159758892553
0.10999411377725	0.174390783611985
-0.611522057874825	1.60843132917723
0.220349978927183	0.434967104559198
-0.000388057818209276	0.000365527940251686
-0.217019384367993	0.387351102976263
0.209745454404669	0.347276889205427
0.219938343647337	0.316717342754251
0.448060621056103	0.563371375636571
0.0210865599241331	0.017053287531339
-0.740925397969408	0.861961246574286
-0.174323639522402	0.125240424059203
-0.625250331790549	0.659046667515439
0.0616547637729735	0.0308108033923241
0.193983464955098	0.12229661676574
-0.465229800367755	0.639301250993855
0.0897344972733718	0.107573189367377
-0.115318625567342	0.150831499746917
-0.358379217290611	0.586983919645802
-0.0639038130494786	0.0734018135911622
-0.130263193562282	0.138841553601516
0.205642444787489	0.236536281071902
-0.185946362993784	0.223396038173478
0.104798737861295	0.142852716208372
-0.234647979917158	0.457815417869109
-0.00979993551805035	0.0137427067791843
0.3760662224576	0.786866464591667
-0.100959030092862	0.161577842505135
-0.11245369856941	0.165737081875922
-0.012905222764374	0.018217801679877
0.338126397060326	0.763092855279395
-0.0450417278926584	0.0657953997088978
0.192094720503389	0.381591488836749
0.0904426624091308	0.104129180713742
-0.631920637401407	0.410389383564384
-0.702527589186482	0.629710807572098
-0.090490311877744	0.0470502836261136
-0.570225851798626	0.318330321806802
-0.0127866206876593	0.00962907079762044
-0.597918840564319	0.947050515152649
-0.395193877885645	0.52278703614467
-0.282240449998878	0.280702770328233
0.0563390612579968	0.0274991094760222
-0.0574302057265166	0.0326930901447968
2.33884189075796	1.91029158705566
-0.0701024016487941	0.048070606246746
-0.248267792981879	0.381845887437103
-0.272800371735426	0.538517202741351
-0.191288280493252	0.366074929163266
-0.0935691923220514	0.154618483777668
-0.519243806716904	1.30511383100241
-0.16329456393988	0.271620230523155
-0.0286098891779043	0.0355244677276628
-0.150556875619583	0.233356655896745
-0.255195705957783	0.300025762417951
-0.332251785074533	0.368275985623058
-0.956879799395486	0.943374043381507
-1.64560478815622	2.1626696860123
-0.564801771778165	0.303600444510434
-1.17055439627563	0.802469921338645
-0.132732382381518	0.0598401178335038
-0.185789181733819	0.148898415891044
-0.0273557026142092	0.0283527602166546
-0.266009051495457	0.308514707727343
-0.235740835668468	0.208471619916381
-0.241347325485571	0.1417404121373
1.16955992494612	0.768673895979566
0.0857321507602065	0.0482071013934466
-0.576313867090088	0.529854530878189
-0.270233448072804	0.382319459468392
-0.2120093163348	0.396416809197238
-0.106835171813246	0.18402636153245
-0.256226699751916	0.52623631264362
-0.189820442455668	0.189503108076922
-0.124278507695494	0.117062104407308
-0.419773871774732	0.255049972968641
0.0802209450302158	0.0481203103162266
-0.56627385871345	0.373618480995854
-0.591677476144533	0.238479883782137
-0.368540629839311	0.23389096548475
-0.606084434616009	0.591841216495955
-0.128790373732561	0.132876446540888
-0.0356233957120666	0.0307477064426802
-0.360694927847119	0.346776309449507
-1.34953954389865	1.24563469312197
-0.490084868514311	0.348041194579936
1.94163335813695	1.72432393267121
0.0202518620366922	0.0134745016011864
-0.389637505954149	0.645873669293126
0.124758329251868	0.189016421447424
-0.0839577470181418	0.124085645543181
-0.35162510795444	0.401876950820727
-0.128957846230311	0.0976980856237021
-0.522699515924916	0.402024834862677
-0.140783317254698	0.0918779873457934
0.0661370437266141	0.0349162136507254
0.221323806638254	0.138313267242175
-0.733099443890862	0.443058767528998
0.0176040055623582	0.0166177053310586
-0.740764591314182	1.26552885218679
-1.10020385331114	1.48162001806939
-0.168392829659712	0.104928424389339
-1.34708751054084	1.26775638029052
1.02326477195225	0.846002815669298
0.269111763857657	0.234831436334978
0.127979143354867	0.159536188191754
0.343437436503851	0.752898309245344
-0.282594841695066	0.589089177726869
-0.260829608484707	0.481650916722709
-1.03671737852944	0.662238802795534
-0.201364244705709	0.141526858181715
-0.0513326403292373	0.036898157530849
-0.78625827712161	0.758058817656304
-0.787950455783243	0.623301303430785
0.400461209561187	0.343123137916237
0.0397625851281546	0.0384546060637114
-0.507382211416263	0.580576833089792
-0.276078150362978	0.302103457421266
0.0918772192560629	0.0533082731799622
-0.972450719718717	0.885409999051952
0.0759801654283345	0.0448810306548324
0.575863933641429	0.565726288061008
0.0718984966815255	0.0874838623122366
-0.740369929317781	2.19327077518347
-0.20561091407294	0.350406077936
-0.264776802742046	0.491984656902451
-1.03962140588097	1.08839710171813
0.457073125774357	0.347101242420061
-0.140195082919596	0.105775508540875
-0.41273660661397	0.327882162489414
0.113294147010875	0.0740012838962866
-0.0401494104344849	0.0234077870188592
-0.484726600473381	0.340998682080143
-0.287435478521673	0.0919905654642465
-0.124522405613313	0.0820186591779763
0.0649698309809352	0.0529242435203693
0.312608939772279	0.466398373235324
0.59035808152297	0.843152120040619
0.389320094461273	0.480366527624619
-0.331738539031299	0.252309166047328
0.470206980384109	0.330866897196847
-0.285464109119936	0.214967866510468
0.0393588271518121	0.0349344904330756
-0.387077487702566	0.632841941535573
0.26241298020042	0.484829106282897
-0.0803587089080279	0.12571185325713
-0.186334708140094	0.314570852435985
-1.64789124493814	1.56850566418136
-0.25075375534344	0.237765308188371
-0.661427966922777	0.649510793218809
-0.463647024436948	0.412532322624326
0.306670867179245	0.240282069166906
-0.113510284867372	0.0562371359648466
0.756262256531153	0.330018108756483
-0.0370303357845072	0.0214595226079932
-0.803596749216942	0.942316860855335
-0.447536772449359	0.492502319014456
0.37616748273381	0.434278913765422
0.184822556439768	0.189607704895168
-0.0116870872504033	0.00889674746315945
0.674552092790987	0.669190315884059
-0.0626875001999902	0.0422406692731866
-0.179763986318084	0.127439115021988
-0.402690988380014	0.478792038226796
0.116351789506521	0.153493280311248
-0.0750701382185385	0.104207862334957
-0.0464374034045962	0.0614813518328099
-0.311773094007528	0.339248581234387
-0.558598585317231	0.637311680958579
-0.497543531376405	0.529520883448297
0.720023746349085	0.841054055797771
0.0974082891573121	0.0603063165977596
1.56323574938858	1.37927050356592
-0.0298079565434794	0.017689215865821
-1.1974731969935	0.370253111208302
1.45856518961569	1.94252086696877
0.28299479344214	0.231152960501452
-0.338360946188437	0.341357421992323
0.23874322177063	0.280452161978434
0.0487264635244376	0.0454697192135662
-0.453814088678141	0.466825038944187
-0.685200023999793	0.505317548175065
-0.118418234525938	0.0764843205091378
-0.015242652682206	0.00918398746355741
-0.532444597300261	0.568939907271716
-0.132764414364809	0.150947393302956
0.200531223326403	0.298327368096119
-0.212665423737037	0.310390509967703
0.0318797930659274	0.0412385070857301
0.000354341151153923	0.000415394248673576
-0.380225977322294	0.286335873692517
-0.456361910001892	0.433722734314286
-0.765403965875285	0.545509779139623
0.766505938635542	0.520750046305502
0.309152825444049	0.24406161496054
0.207012589839476	0.14756069795946
-0.591643746309014	0.449125151462358
-0.198983054794632	0.121514405563473
0.250753248871631	0.133162519642447
0.093944832564521	0.0281302645862108
-0.423032742682047	0.263870811558425
-0.174759846570178	0.104447261771151
0.817883061406209	0.744152759009814
0.2473265128756	0.263274694030333
0.163141230558616	0.178690184895721
-0.415544346683548	0.465936178920975
-0.117207736299516	0.057348877619464
0.613669434292095	0.482424717614478
-0.145076981149887	0.0943411360871847
-0.545182295777686	0.536531499159506
0.563396142844738	1.0509731771937
0.0305595762858597	0.0402657602164882
-0.0615892648876844	0.0826737278309343
-0.348501647266639	0.687185567421814
-0.267481075846793	0.446583858584332
-0.573651351219795	0.519075732164847
-0.973477777502763	1.26138262544653
-0.525010039671698	0.396960253780062
0.334813009011018	0.242444690801331
-0.56082925670534	0.377550386521887
-0.113375599778685	0.0561150446326078
-0.516526306000038	0.39368703783555
-1.19123743349957	1.32948207052204
-0.773441524260866	0.603172511927888
1.71201847631818	1.00627372178963
-2.42823166109394	2.24217615036322
-0.46493172316985	0.20831261577668
0.23097098754415	0.129143587726845
-0.0902450405568719	0.0729466667580129
0.00348472396584567	0.00268263856698888
0.179450611398792	0.15913164496138
-0.190066490869517	0.156301442767551
-0.983105976777317	0.912267271401203
-0.706933169864176	0.641935049781778
-0.798160885481516	0.862913782638676
-0.511137433902048	1.05387561827737
-0.234493826238313	0.378438791345493
0.131776414149091	0.189035519337803
0.515731006623046	1.22283233721362
-0.264998500433187	0.502452603350405
-1.43901177470487	1.20512452476056
-0.811011890244025	1.04100694238447
-0.114364307898592	0.0745619862016256
0.879165878075398	0.975404643011359
0.35441866349809	0.234441937403048
-0.875044931817713	0.833708614681651
-0.432468945518189	0.31844184895001
-1.27963605555574	1.29406139322282
-0.64261178794778	0.415146099653206
-0.279187087013369	0.0938324964532172
-1.2541656244097	1.10006722152916
-0.48434023378057	0.284610278845498
0.0933652041376648	0.0581768882334736
-0.134555491850106	0.129080608626867
-0.158901593584608	0.133327626476452
-0.247303232168403	0.233003078274594
-0.888568900820779	0.601095666461426
-0.632491052471189	0.548061613504122
-0.0981225402497148	0.11488790347622
-0.0251886119419918	0.0299666067773025
-0.0260464670212452	0.0315727998686423
-0.302844680384971	0.579032017300941
-0.712322673162459	0.671819087047157
-0.490811919543479	0.343696765312744
-0.24540448699943	0.173379366329384
-0.469377097360084	0.376115721795796
-0.780742436536775	0.609623764450615
-1.09657669722252	0.962644257974049
-0.560741600858018	0.380163974679564
-0.214480598787279	0.083256115922965
-0.24465211315635	0.143300540156648
-1.09695006152426	0.461890347665801
-0.13972992693665	0.0908892319493754
-0.513593958392656	0.555168515500953
0.0566654871258155	0.0457437828610551
-0.489767995364473	0.455018393622744
0.0385544921535298	0.0407130200954179
-0.599849373101364	1.22312527901259
0.100005018822533	0.141451617164652
-1.17315208331094	0.808244035587295
-0.689279009685333	0.347176643301093
-0.475786241765645	0.267466712587677
-0.296887432965597	0.252545288878519
-0.0689290835121773	0.0615799938140279
-0.0942960520761018	0.092418990852023
0.0858265220171029	0.0962769139350376
0.388941883358162	0.850052916223924
-0.197370133075314	0.353185209318095
-0.174338007409524	0.293739600214037
-0.249295573947618	0.449393632422539
-0.329969757998523	0.654016558523341
-1.5731860362422	0.587684446610205
-0.0245793719630059	0.0235410715638101
-0.135026308197757	0.146113365331286
-0.269892224544526	0.233868238700851
-0.451828417375873	0.93458435185845
-0.199056143766393	0.281253918765887
-0.684754327332448	0.338914038966225
-0.112669793397943	0.117934654352542
-0.39457925273733	0.503409428697479
-0.50373241528161	0.635692268076732
-0.13341258107191	0.163064041170312
-0.38682821052326	0.35197287050354
-0.0141710780198281	0.00855959193279974
-0.478559606018706	0.679646409082165
0.0351945813849282	0.0405945108662693
0.0260817452442947	0.0242724607067742
-0.406518575567632	0.546055145320899
-0.629101883341879	0.936007300909458
-0.512538914756229	0.506985385000513
-0.84635518817264	0.386134509745199
-0.923393052127129	1.45769685793944
-0.381855712340046	0.552560350367466
-0.311828503375593	0.442799382368041
-0.485632063363899	0.61079933392786
-0.34315494134305	0.431515280347483
-0.327992473008804	0.527633253202741
0.0459434568516791	0.0603515339537778
-0.157154012736344	0.131841924707038
0.148836697394073	0.151696343835049
0.0546991329093601	0.062329272393353
-0.244676544959419	0.405569263859767
