x	y
1.3167642568005	0.979982943519006
1.26158521942176	1.06939747946598
0.874338194073579	0.766904517953626
0.819661972422536	0.439828905301878
1.20899298944482	0.682084897317869
1.01439687163596	0.594162801105088
0.871955802198665	0.574537952452351
0.471628250036241	0.256731046337703
0.85982003698626	0.745903215390861
1.01162010320712	0.625953211176268
0.994408059672365	1.32794945425647
0.413145376574354	0.242564161583038
0.0844520605426984	0.0499469158461836
-0.138578801929166	0.0628029668414437
0.425164394772994	0.350515446880273
0.668970800091835	0.832840461703859
0.0696207988680656	0.0369367118149757
0.475811741180356	0.343156570825761
0.215470072506171	0.128612223041048
-0.912974933956618	1.16720969719969
0.562477474927507	0.467215120490967
0.363916880795082	0.336257047496824
0.634001297124696	1.24459469737187
0.449234097240904	0.84193070950262
-0.311519071498766	0.48427691117439
-0.165369512941419	0.219233305240546
0.110139821183379	0.136761455759991
0.201536135354334	0.27216106836032
0.0346568013925126	0.0396115824962211
0.544968079707673	1.05120656989395
0.385602578031227	0.622286617699464
0.152970106154556	0.216390084890522
0.750130450816693	1.92172608914057
0.277601113609662	0.517564103716209
0.618185101595944	2.02360898301247
-0.0783250150661211	0.119531027334428
0.121812354130945	0.204599472161995
-0.0136016712678176	0.0182925595950803
0.0957476142218315	0.154039957452521
0.222324558330795	0.457016850735563
0.107458234269972	0.179263339833531
0.376063956545239	0.889513903224738
0.239948056106993	0.375159811482889
0.0492004081377959	0.0469425306756538
0.196171232096237	0.248291458517856
-0.215166059181396	0.290610209504828
-0.000785477092075092	0.000862203216904154
0.245820391413564	0.417689124312997
0.257036676949269	0.432315590092094
0.423764281177439	0.998920387637947
0.16785943362286	0.343801781406575
0.0773165571626228	0.119402381410183
0.244419977418319	0.4705823527556
0.103108401965116	0.165427125272025
0.323205696041538	0.323428058595906
0.251517153186399	0.257559974134733
0.353657790993752	0.321582436442626
-0.552049696647797	0.555420718912496
0.432490735192183	0.339337065925463
-0.168499836451744	0.154219199258711
0.608130176262606	0.860615935665053
0.626889922877272	0.869120776046113
0.394079837110383	0.524235756881336
0.906457073815039	1.76715976791569
0.0793854928849362	0.0712581773107705
0.114473209806094	0.1361028753885
0.293070706970884	0.512217912819999
0.454834510849359	1.08460855583819
0.345862960827069	0.796264907052184
-0.0433751467318996	0.0742843180244453
-0.104973740938607	0.141546038363105
0.304538710851962	0.506088669023207
0.212232893607273	0.353347466125138
0.0836710831829128	0.0370835622399005
-0.782159343397264	0.682637043358265
0.990853967878383	1.40039143854591
-0.300680519658385	0.231445755846416
0.656841441816049	0.745129446869625
0.0986348889430324	0.154159690451563
0.136101925431369	0.220203272935511
0.0482059718600683	0.0713680045674037
0.224919447084955	0.385490068609899
0.180053020733266	0.296174591380392
0.10606312321409	0.198695150651772
-0.0636728466796353	0.0836219678414824
0.335466972089175	0.610542029411224
0.233662457678752	0.344798234480803
1.55145202855036	1.08808181488656
-0.180967643816734	0.112509519205269
0.881901342981849	0.569546876679542
0.802466031706246	0.827101206470231
0.306003454987386	0.245740938243931
0.651805585339344	0.72526416306807
0.58158318320129	0.64518559897529
-0.0149719215853709	0.0203884157559444
-0.0926966910060492	0.13581446920218
0.0220370667690449	0.0246254272808413
0.278909382343137	0.567978364444286
0.243450617904223	0.541978389968489
-0.0485458337560193	0.057408409040066
0.524622342511792	1.114450434196
0.554354031183619	0.556713983923763
0.307498163067869	0.227383662187765
0.912761594658719	1.10456931869071
0.602807462738951	0.804310066292399
1.53825503568321	1.73280035051246
0.3454266991403	0.240541955870239
0.622684789531723	0.392580231393021
0.517748664929143	0.360321798210984
-0.0137241911686825	0.0163461142843785
0.291516016471604	0.560140766586024
0.0235773928386302	0.0275231653233238
-0.093857666869986	0.129539686837389
-0.463689175454719	1.22229828844471
-0.43295017790159	0.743127990777512
0.113873984544085	0.12975412964705
0.468883151283831	0.883922889908887
1.01157929360652	1.57928438832205
1.56296946725695	1.34610517560785
0.0325862633303828	0.0234495554394798
-0.0944293212952061	0.0479952744850081
0.21274943586736	0.132721379161054
0.130045019917912	0.217041992096699
0.0474695018826791	0.0606514274673159
0.0749917063306111	0.111743540560078
-0.2197953923932	0.467080735373993
-0.214453616298137	0.331194932327748
-0.0695534335643598	0.0887551988593875
0.156347854615948	0.231899240314767
-0.115683714370131	0.075521201045078
0.0996201566495535	0.196281326938622
-0.0231315785770395	0.0327269462923161
-0.165542762525768	0.27859147050033
0.209636252237297	0.249008690420715
0.187509722553353	0.242007075733654
0.0593107226133386	0.0445890876849673
-0.0191363002374286	0.0162287911915282
0.180916394561266	0.163859157625626
-0.0421546884387652	0.0298685399293575
0.0258136703074913	0.0398084868041578
-0.0589667799659505	0.0903758249464584
-0.113888779445792	0.208088077383123
-0.00770239345723508	0.0114468349640114
0.0762755960848693	0.121666688023126
0.206032908937747	0.348234517414789
0.0268590570369382	0.0291029089634941
0.417593682461958	0.654653085806095
0.0279801756355279	0.0317877728993343
0.177824028168101	0.230157261153845
0.321804567970154	0.564999696112932
0.286408261231748	0.75603588566087
0.383484979994821	0.70555729381123
0.324137707532552	0.608488259349309
0.163770257994049	0.184365303230412
0.0712338036214824	0.10182340060512
0.182313920459091	0.345573871417632
0.981413240504826	0.92711155981766
0.538820521717022	0.265772790464664
1.49083292038036	1.48482327924355
0.127253654053494	0.193512190162357
-0.229271082180789	0.419614375129138
0.341535742159087	0.715713318861171
0.0911004752911436	0.138941727255147
-0.0458323036504645	0.068494731577992
-0.0827585193888676	0.137654436111151
0.0983867012181121	0.168084606802343
-0.00561219496106495	0.00879981443673183
-0.0503472124943399	0.0735026643512661
-0.0474496269102762	0.0753622177218411
0.13322547246673	0.250370083860908
0.164053278977449	0.300885179753112
0.626459855620826	0.867771027375164
0.857493825991233	1.64737153354247
0.427250497732538	0.504423309299555
0.470563606272322	0.572929579339541
0.479600199379852	0.655115530747178
0.197043583448625	0.229186575679374
-0.192585241599189	0.21968184797067
0.387182712361104	0.574369198183637
0.0534706190509071	0.0841668896658503
-0.0439593497719702	0.0745103469241873
0.160449136587337	0.269416750771379
-0.0442109561026703	0.0648747755047981
0.0550188994458243	0.0929606282191165
0.0819710923388711	0.116466759016839
0.163960599594848	0.31444092174284
0.128516653233583	0.215375796540352
0.367298611520027	0.881593663879902
0.392455423057244	0.952388198623719
0.0923689113379045	0.150054700493324
0.10704287953603	0.155938800177509
-0.22593597979174	0.421357323208254
0.480678104593434	1.3718078015339
0.514784872287813	0.599935577478818
0.306515770808699	0.592300367461963
-0.110120362296561	0.168226580006801
0.294787409674159	0.603496761432614
0.157148745062369	0.24773659950751
0.0201674898368913	0.0260317408960741
0.133394512158951	0.177901224836518
0.491626489508857	1.30198683872257
0.366031271828783	0.807012606108696
0.1143842821167	0.187350864288587
0.052161500342942	0.0679624282023548
0.0931291600973453	0.156533132058038
0.171170476506981	0.346060220511186
0.102213191827588	0.199826065532317
0.159376690696254	0.185661743384555
0.631164480442985	1.24513472123368
-0.0263993471718475	0.0472884049847359
0.054544529489952	0.110657883631923
0.17981813662809	0.404929610483219
0.0230128960791917	0.040437514364916
0.426957044603302	1.25097236301203
0.169454303469718	0.361836915081301
0.15242954545805	0.213959024990367
0.146359000468972	0.261526458456128
0.445621769463686	0.790647764309435
0.363052374798866	0.642433367587494
0.210034001424723	0.348461891035565
0.331093364006151	0.643943336590857
-0.345499248527385	0.630216911668118
0.287923402555763	0.284392005289098
0.41764720398606	0.920044762904809
0.446511342932098	0.337884006894593
1.14639444520744	1.25698103307959
0.510981180707357	0.445469167600432
0.458013749430912	0.339530015482924
0.102944597028003	0.16106391377347
-0.00625633335929563	0.00873542978347683
-0.528653298328118	1.47508593280618
-0.0789549374692274	0.12219875358047
-0.117549607632182	0.192057400695877
-0.435409864361522	0.922531116072786
0.168129119006194	0.299987848892662
-0.0486463927559201	0.067029359268305
-0.104508663150913	0.142512767259131
-0.133961527133517	0.236286853714809
0.0895920531716496	0.144790283932717
-0.155172783059035	0.288920341923346
-0.00732742231384422	0.0120349333914699
0.106498139387467	0.197083462708447
0.179730072312204	0.282166996467803
0.501242550388021	0.944477325243988
0.28884179872464	0.514525547022817
0.215749952561155	0.331978409083609
0.142034260096554	0.213016710152515
0.183262399258783	0.354021871184526
0.356425031343256	0.665806636772508
0.10391340703445	0.166452477792089
-0.142020700926677	0.221098854922964
0.244692361716388	0.475940755263488
0.477106375655937	1.17903810696933
-0.217715607336654	0.38408034436783
-0.143898789559906	0.26240960037643
0.115874820909934	0.194129794284249
0.183016213076646	0.307355786638998
0.119866500401004	0.17351853624513
0.450144434998712	0.580028413270927
0.524910546710698	0.58536673051576
0.307642224152557	0.395588945488028
0.710220428513793	1.4814955685561
0.275471618893802	0.414616528946191
0.315736521027557	0.494938643148223
0.649749488608224	0.897586646380618
0.206157454751575	0.271733289958377
0.641882968652742	1.0163873055678
0.319162053308214	0.325152270040552
0.320288560927238	0.333956314989993
0.319501669273402	0.423200063595001
-0.170737708925513	0.18469491383978
0.154811126346616	0.176161519521909
0.0670574043001766	0.0762805388578884
-0.0450659726861947	0.0518975748869208
0.0264451366933706	0.0298898722521558
0.110820268109812	0.171631775967683
0.433152754483407	1.27668126227241
-0.383035020130538	1.22586153835496
0.0152722673498167	0.0228927765220827
-0.139816181843943	0.174847609623825
-0.267728740657981	0.391119597284131
0.262374052381111	0.363482515643282
0.250221603976083	0.447010853081235
0.223079587216082	0.455182219098659
-0.246778331425116	0.475520287581151
0.211393089521728	0.404090248278531
0.0552159640212389	0.0803530580944573
0.417671902895692	0.954883843405009
0.398382454025238	0.984120287016031
0.127715052908989	0.183528936772384
0.329862150370308	0.636625503649671
0.55403119766825	0.992098565636199
0.287141325670403	0.413060186604912
0.38071493874534	0.53807229235125
0.267707968241792	0.369911637813628
0.386424830896859	0.668917776527552
0.253445200745789	0.395620971181083
0.449647450038044	0.737940431168105
0.373492874214204	0.624628172971219
0.369280790256832	0.416766350690854
0.241707496985725	0.300750767424805
0.15925631648867	0.18542508045526
0.0566864185854834	0.0434671063317385
0.384142323422086	0.513252004532179
0.696061435067382	0.942790093712594
-0.795698921031463	0.814479755259739
-0.380261334935047	0.34346802957065
-0.22953116384902	0.242486412403791
1.26890630811907	2.09307203511493
-0.633655249612629	0.863845656020688
0.140082545507815	0.144659876476874
0.0977129183321731	0.10435573170738
0.242248534194522	0.610377385530143
0.139518612703399	0.318153022520162
-0.383217538165241	1.13081542412379
-0.123070216928032	0.186390908218852
0.232467920694278	0.395264929742002
0.344751917944302	0.707904233200447
0.18585629645229	0.333002953576067
0.175817392193385	0.315740567673546
0.127523309121903	0.219720845041052
0.185633639254913	0.375679707314116
-0.0264975084722165	0.0407309976326932
0.0239410270756262	0.0354160484010993
0.183337930600592	0.375563559095864
-0.209934722204039	0.397996853528613
0.2522876202054	0.562731518154085
0.314410461392337	0.409387089486544
0.37145279944474	0.473402708990119
0.14780739579161	0.167354589979017
0.534805977972936	0.976856125711403
0.465528145396309	0.646297599517237
0.649052676093289	1.06771972782063
0.393891951035168	0.575826460839726
0.603885299082636	1.36670288028288
0.467928674315836	0.653315235011132
0.326646837441056	0.427493983196839
0.411627819546625	0.566555273348929
0.777735711575405	1.29650996699283
0.356148597849118	0.612804962373159
0.516606555038326	1.23211517319866
0.323192151159948	0.566224930281632
0.304035228945924	0.482095104871151
-0.368952524412305	0.667571054812569
0.520169496242457	1.22838474491666
0.451641620337795	0.761835631191629
0.196190900049283	0.236290463215476
0.0481146248998061	0.0584470818183249
0.520384059002121	1.20310293266026
0.807251270437428	1.8553227696672
0.411915108615023	0.638047412632541
-0.207756048706119	0.286699525005157
0.435758507931271	0.770728954827296
0.122171261287894	0.13950248319426
-0.110890145846076	0.116626936813358
0.460729500736993	0.511590386519941
0.752294217711108	1.82070923861342
0.4088688933477	0.711758123443151
0.299635320921157	0.44600294942191
0.298798714683002	0.527682991274391
0.153188850987926	0.23030105511958
0.156079606522177	0.363129635391924
0.0145357422730714	0.0268657542011821
-0.10963218993023	0.181198302771258
-0.081170925656941	0.0890391304833688
0.6932451482104	1.17242499765067
0.144878720786316	0.152093193831674
0.546521270988198	0.777560457828003
0.405012647590643	0.789528847183454
0.371292816960981	0.733740746369913
0.252442284174607	0.356908752680286
0.3199398572713	0.408144486370752
0.297692725250518	0.342118281921846
0.426294097106809	0.93952504084465
0.286135982691584	0.602009101781683
0.0858844427841089	0.160327185214422
0.021371721164142	0.0257793912078299
0.376945081807431	0.917761957042365
-0.0971447763579503	0.166188680668563
0.124453784323195	0.216409632863721
0.331921377088287	0.687596102355451
0.55883231016747	1.51964653451313
0.422312638399391	1.26367683979966
0.433979672414727	0.862915068066135
0.325005671811448	0.645105913799289
0.333824079596486	0.562773373672038
-0.0459289127807328	0.0613943674231568
0.493590724639057	0.896159369678944
0.131796005613085	0.175743488783971
0.181169108062477	0.24575461528222
0.154370848989087	0.226510498719235
0.670928629162276	1.50568246728758
0.437602187306273	0.81795478506762
0.29600881188885	0.42553693978991
0.224422955892919	0.288652472580006
0.594294521931784	1.41813518505006
0.256459279487603	0.389208822559183
0.631208068788434	1.25597567022494
0.291340669787874	0.485830868360633
0.109000637789807	0.150403440742773
0.359882090640478	0.600044798225644
0.34035429473233	0.640357589056085
-0.327213826691513	0.622172095616516
0.0456084935042125	0.0614731237144898
0.0711906994683956	0.110159302015131
0.359010547402425	0.769849335928913
0.559687509067953	0.848873384372232
0.727113001392748	0.797930089955371
0.596786004129484	0.465642997012794
0.112109559319642	0.158572725778068
0.0973257579327435	0.0941226006371097
0.0407223769555721	0.0353623251587408
0.975723641418114	2.06211296049401
-0.0907671543722338	0.0861434701144791
-0.719918197923834	0.702014061543184
0.536884013309538	0.773482399122619
0.191792108485796	0.201678625569998
0.752045329419059	0.623337177426846
-0.170599560888874	0.0718238935862817
-0.0640344200764967	0.0512539037832128
-0.144131398643882	0.108625641931518
0.285546958617308	0.326229786011337
0.730137093211541	1.03218924452281
0.626585225058011	0.939278612188345
0.113517242071726	0.0771028112576196
0.082668815319373	0.138877290769252
0.25202034279455	0.525623410915176
0.216772519379091	0.51025020787965
-0.218407863846628	0.466933972754691
-0.185866813760646	0.266639180987704
0.368485403012924	0.652182764812432
0.600959200776274	1.46895733328454
0.265179276905185	0.371228134787342
0.476832730250264	1.12425627028981
0.375966105607393	0.862143913162033
-0.441762911127222	1.02406891989491
0.347020685954124	0.65017489881022
-0.0169443614672683	0.0173971842066153
-0.464733295399693	0.948250818898932
0.634023758690821	1.55053381997821
0.399617856265938	0.798456738134685
-0.0910982955684813	0.143081396239074
0.0656503058511728	0.0929136160073577
0.0174470545635195	0.0220760178841725
0.120767778007169	0.198583910337285
-0.00658648307674736	0.00905955278262319
0.0337329038345929	0.0438077520102099
0.133867269852168	0.207637677821406
0.936029889594191	1.91591414607087
0.187606537407535	0.223581427554015
0.888727457104147	1.80516439617598
1.05323745455514	2.45210663006973
0.187608584251677	0.205595893424873
0.262087230129269	0.349386423844613
0.508406090451714	0.894075597479321
0.204763891454965	0.251679562377082
0.0810681881969586	0.0944951449713048
0.619247392314595	1.24050968173546
0.0640060195657615	0.0762823212761873
0.0560656545724329	0.0675732028616542
0.721239770949987	1.41648946857317
0.244229065617194	0.295237870813307
0.545840187205528	0.903587616850512
0.10887611173386	0.149140143012001
0.245744725872213	0.345852600716167
0.194095116836663	0.176628599270138
0.543395584947079	0.898968356570019
0.297772194810277	0.312280628162192
0.0537344118054787	0.0552797132509136
-0.550472540851587	0.854289477805352
-0.0785650886761993	0.0688210683976133
0.103033277568939	0.108241269011649
-0.314159058672515	0.373904139290663
-0.103518553162879	0.0948104726685589
0.177500227032727	0.204920025914298
-0.168792180322156	0.1558906686084
0.201889275653878	0.176333845699033
0.255531111427875	0.246820369740244
-0.0855709874024833	0.0777211378340603
0.101569004928167	0.100118702719938
0.220508215139323	0.246098846081267
0.244790059580617	0.258541169269716
0.494460390982986	0.874785558347781
0.328609968534294	0.420093916164869
0.21598547097108	0.286705896132116
0.15901162079035	0.241581581617694
-0.104959962296606	0.204254944560807
0.302094622333277	0.879115404292502
-0.591063017376911	1.43261547268812
-0.386693929105408	0.405728286136564
-0.147547406039579	0.123875300450622
0.458316057107055	0.593273068445337
0.917781542550579	1.34291842494635
0.636058124168685	1.13911498869044
-0.107215865753126	0.140151929229719
0.310027364590607	0.33363021599078
0.460955238238965	0.768330595927658
0.636307503904388	1.23969797896859
-0.392036550426761	0.552453576800894
-0.581555160585633	0.780255542219246
-0.0925096460851167	0.083866613578353
-0.214376024705769	0.332822400487222
-0.0987207010388036	0.150251301542884
-0.0658596604992557	0.104256908750474
0.285230890682335	0.451591089456856
-0.256539062934101	0.432353690615282
0.301911514888938	0.58384430892202
0.570826011252557	1.11380245167797
0.0764726774779782	0.0920311031311839
0.533281654450352	0.918703514564634
-0.0850580170153892	0.11889185971851
-0.378841385790598	0.669776496725759
-0.0638342993770729	0.0792705069724366
0.323669599053885	0.546956803548563
0.242183652181955	0.360003890802227
0.538684860321004	0.951186306868942
0.759051372061416	1.71659430376156
0.269037632791203	0.429833732464782
0.475615681113882	0.868099829504118
0.410951976710986	0.681314746358819
0.328915776844904	0.50448247953502
0.448318759409629	0.716906603540685
-0.00718481076175334	0.0070480807662952
-0.196298566147851	0.284180561066444
0.230670346084322	0.355113973923638
-0.0102129513500216	0.0110878466000251
0.043209191558676	0.0579652376278343
-0.0569933912066834	0.0815144652787625
-0.0707430405852377	0.0846444351686574
0.203036481284091	0.180784867226178
0.810285811689707	0.927829833570542
0.760764405009317	0.815739455486942
0.122449463328696	0.139744031733588
0.278843558231163	0.244276707111962
-0.0577238542966288	0.0464420571557738
0.970200930364156	1.66386456770928
0.248808284755003	0.268494505020621
-0.21906948895576	0.173515775011854
0.566071950337734	0.71099120998991
-0.412519448971905	0.382747433684449
0.813583834888575	0.647448020947107
0.223373755328758	0.145953358632603
0.0310396126398251	0.0231187381088996
1.36935046979038	1.90927092033909
0.359550702788634	0.328250187230627
0.1430732111871	0.129663929086836
0.00443704252485165	0.0035439960055919
0.185149259706514	0.162208619048303
0.218595395483211	0.68308001773003
0.030552341857786	0.0542580870790482
0.391963852293759	0.748398163103077
0.134321691110796	0.206601563570933
-0.108743711800352	0.168426481422222
-0.419031620095039	1.42805743194513
0.256623551153761	0.757715212977402
-0.0125169368009917	0.017892840069086
-0.0667796734243115	0.0656562252855393
-0.00434982214234192	0.00332873885440306
0.0300051128677096	0.0302857278363869
0.332384690103221	0.420161977793553
0.0553030292703908	0.0645650615451558
0.156958231199827	0.244746949600318
0.358225516146931	0.501172587005215
-0.0573739165405887	0.0585815806735679
0.336727939245663	0.788795701644657
0.469864388162531	0.852590808538704
0.227464215803168	0.544249495914599
0.130694156556241	0.160332695031481
-0.203338818188674	0.280589379964312
0.498360021660638	0.686589462443491
-0.580781578400371	1.00342514582966
0.0882262418954974	0.13035521483607
0.169413238251207	0.331464891805262
0.115546442010731	0.210686811089471
-0.270218509690436	0.509934496817104
0.752277699802575	2.27574736066262
0.16272270733751	0.284076742545368
0.139684828191422	0.241514916686341
0.472289933078506	1.20667788877043
0.528859142118521	1.31608306335526
0.171785356854121	0.261435816681464
-0.0130473005219747	0.0147730593352547
-0.534719949435819	1.0958435771642
0.0638380192792592	0.0942553847397436
0.385900867223883	0.780616730821857
0.0921787020020499	0.123420624402578
0.0462630845904436	0.0598711214642885
0.276404103683731	0.459631570708895
0.250573038939429	0.376770443442566
0.563554109195919	1.36082046242203
-0.0456704145173825	0.0526090919752537
0.485705141118316	0.804481536716824
-0.238411630833004	0.402136821490659
-0.0918905987061937	0.138015476473531
0.243218126250058	0.427766687414669
0.4830226801377	1.1324667501573
0.156537877315687	0.293661674201424
-0.0463640662577539	0.0648607400916533
0.195281196762687	0.16190531731899
0.450416243407829	0.737140592969853
0.0340814582960415	0.0310045392153446
-0.361845522777362	0.322882029768848
-0.108369008051874	0.106175394959464
0.253206815433614	0.294473572286857
-0.261641964517649	0.228500063664308
0.0854700876648407	0.0746825821486332
-0.785098120490538	0.75012963172615
0.0710666329628941	0.0376789816113755
0.081280800949105	0.0487712138279016
-0.283501474073812	0.29485197630677
0.300253122263408	0.243850104056871
0.391403391263443	0.393932932504776
-0.157300899041631	0.174281378573483
0.231965762696863	0.75558969073537
0.0996056638858701	0.211950794081826
-0.00244586321555068	0.00267218067392807
0.528705881955529	1.36617358249014
0.106384193068431	0.151263666230325
-0.0669393303105814	0.0993625993479064
-0.445701160708249	1.76463261035232
-0.101804688346039	0.250373895104352
0.09065658182718	0.149295257303855
0.448189240154291	0.510495110393705
0.828583457350154	1.50127305710854
0.122725680642161	0.130779752509356
0.573310717591398	0.848318035344596
0.12493737211565	0.146943809558998
0.193501448798575	0.328577195441554
-0.0414301088898712	0.0387754959903527
0.912322509461068	2.30923294170088
0.320424030858306	0.766478755043404
0.131652963588256	0.179106918513684
-0.0595362092642995	0.111172303124836
0.204194923570443	0.432939614520001
0.172529158627094	0.251020224606085
0.28676956815635	0.466157020856701
-0.570608994912202	0.797029550042332
0.179554696737118	0.258563818053952
0.0860240712275885	0.137203077666177
0.0748446850648527	0.13613213758313
0.341126624247321	0.642351672674815
0.00301020306612582	0.00441857750381315
0.130273699908945	0.223079617354571
0.121278001641312	0.213206172617345
0.646779383170459	1.74319895827068
0.218547179570483	0.380631219790314
0.0301798353592006	0.0340362974915206
0.414114770503522	0.743007184843365
-0.0412995141356952	0.0550506354352305
-0.111253197590986	0.169291096185074
0.563808135236804	1.25079037507836
0.363730976596437	0.630704803315769
0.150137544829178	0.201119861062846
0.395259651944415	0.734509082108125
-0.203342157612983	0.297975101880872
0.426699721511639	0.629947900272166
0.195079381896949	0.328378871377178
0.114835359036345	0.164809333745226
0.0905887759296285	0.129979493333172
0.0637143724056747	0.0922876488201055
0.207655541501352	0.15438659955293
1.03066804927283	1.28994539934251
0.128613519919891	0.100823610562609
-0.236886355056515	0.321978187072029
0.19328005544044	0.201471675761171
0.0697916336008403	0.0605140908554156
0.66696401959495	1.12219440260998
0.00417321501516291	0.00364645675719028
-0.424845391369205	0.348976080431016
0.173282481599543	0.176802291884649
-0.882550350833771	0.824621529169103
0.569840146343847	0.477596144450545
0.113727110617896	0.0818053561238941
0.444509648208784	0.437399485869225
0.104549927389411	0.070630859833958
0.124914239742651	0.108031099656715
0.298499694351895	0.459835282378884
0.447234096410657	0.576222357642841
0.140379863164166	0.32933100572446
-0.274832294771771	0.607205548112555
0.225964940348548	0.467103857635289
0.165203627186342	0.271378137493348
-0.209801218270282	0.430372647527849
0.00611088634286035	0.0106528237617699
-0.31328536394219	0.880136225889127
-0.293775573834023	0.724507017481635
0.325487041531925	0.541629172882248
0.778042942598018	1.73000215873003
0.533450148392664	1.13156328162272
0.212707006736131	0.285100000496527
0.784255388019394	1.95360954677157
-0.0365370089585959	0.0492525084359663
0.0390911404849264	0.0461937924855332
0.154140889612834	0.239539771353236
0.0616931041217518	0.0976228495767124
0.197148524878113	0.397228518762445
0.462090940838572	1.21707583561805
0.142539931647107	0.231804047525273
0.0469398816249256	0.0619504504675063
0.179213055560739	0.244657401374523
0.0293081192887402	0.0372635978371019
-0.0171963318796738	0.0236688723878704
0.107369529859628	0.182101936335063
-0.0491576521098549	0.0689341614365048
0.135405695588137	0.231556076144479
0.419844149858047	0.993930042312577
0.361868007717754	0.730271403506385
0.733268652027237	2.01556547740372
0.713945614576925	1.47397171921073
0.41340689992089	0.506819230075619
0.324696481482959	0.406804288183098
0.277929643101027	0.3293124455482
0.540596334211404	0.762667438757029
0.338306585263805	0.43157270720895
0.504975089745065	0.974550185675856
-0.018408976660372	0.0190599935235306
0.465024697415972	0.674711575907912
-0.0580225846393586	0.0652462762221302
0.0610623598976791	0.0627743282278372
0.112762439545338	0.126194650396218
-0.0832842531098403	0.0975189048027448
-0.586902586607939	0.846595567317425
0.454110710408578	0.659965858911374
0.273383394816096	0.359317052537176
0.00839709628110095	0.00854647613323087
0.0334706994366761	0.0287240210778134
-0.167073421813238	0.168480854903703
0.728199478883083	1.05912097139069
0.137724271479434	0.137566335491971
0.659255836720235	1.33550023904745
-0.319706899362703	0.431589023742061
0.0989419591319313	0.099713456687148
0.0492874059099129	0.0480371869512194
-0.0648573673484872	0.072870946777805
0.494730348872818	0.602377749442063
0.145975547444115	0.15190812362073
0.779250588885562	1.10385385735464
-0.189392915980306	0.175183578975636
0.00596986885669398	0.0050545288771338
-0.140494844124987	0.144298194059961
-0.0550261897322818	0.0458945928836604
0.371861851708079	1.45750743557557
0.153118860717549	0.399114647761132
0.105815451008976	0.206040931882092
0.0811485263608476	0.1575165095546
-0.170143314870766	0.335594408418713
0.264848628079179	0.644331157824444
-0.140754797009486	0.301393807185601
-0.204731458851314	0.565479444935472
-0.13870545901512	0.297758176514235
-0.137923905787479	0.246526423451763
0.347565201702491	0.665163518814569
-0.00773403516085305	0.0100147624304734
0.117741363199744	0.183918211307713
-0.0223593212084825	0.0290742067405824
-0.0211478449402042	0.0313975594930193
-0.211309953984688	0.379648650160716
0.100768746715562	0.166340476197084
-0.0522953515776824	0.0874111587036624
0.358947412479197	0.931377782696405
0.0302540450592699	0.0422354172841468
0.00336925014545588	0.00486591184007032
0.545739128319755	1.47093883187746
-0.0617208113550366	0.0946272737666773
-0.312656932281365	0.617735992984227
0.0882167137760107	0.132083409873272
0.382802732725028	0.613791160470911
0.343002836343073	0.389556551116183
0.285838051006763	0.362332645875292
0.446666821621264	0.746696964875081
-0.162732579571648	0.235407664749222
0.528215892921233	1.06276069952112
-0.166663375183778	0.203286451217873
-0.366808313767133	0.536633165756668
0.480903394591934	0.842535789748925
0.174592370863184	0.238070288179072
0.043833397223459	0.0529145872544013
-0.0386907470959462	0.0378676584570969
-0.234842635635429	0.282650928547771
0.414074226021208	0.575487586769385
0.0107798454013699	0.0134452699364841
0.213527436309702	0.384831451970989
-0.0517239226952638	0.0617711055180317
0.650256970857613	1.24943422752098
-0.0652414474816477	0.0773286734409145
0.140815946287071	0.169370802637278
0.0194896740876098	0.0214932354783943
0.0113865853999314	0.0134508606196463
0.438667309778074	0.782245419631668
-0.286244521302095	0.428126381802913
0.381625120474884	0.673045871140332
0.22736852321875	0.317625693851895
-0.329773354363798	0.518361128327166
0.0378298811298326	0.043517574322484
0.186786537968923	0.239378600915835
-0.104699302017472	0.10030578702185
0.884183801110724	1.67712567599481
0.168755929054613	0.428208944357627
0.302043149289614	0.772935634543087
0.0964352775178286	0.212453527583085
0.0891524165112762	0.201930572667398
0.241425933035329	0.668987288230003
-0.25377240010763	0.645975460233114
0.148494134279649	0.352954056634595
0.0449393506075926	0.078676464587506
0.39568968376785	1.18815914245656
-0.0254672666003062	0.0502729245702827
0.130259979982108	0.273910505187902
-0.238785616855668	0.51043207082673
-0.0369680140192655	0.059415678257808
0.494049599725928	1.42304962823814
-0.00842251764069943	0.0127891763709632
-0.330159133805818	0.864273752368972
-0.0930785462067968	0.169596054233628
0.244278243805706	0.609348444215383
-0.0861164079168222	0.165700725046132
0.167355891208439	0.377857146655426
0.189575906664239	0.335539965911734
0.331476979886126	0.561394720092464
0.209002495201066	0.326597667131475
0.0589791446958497	0.0861020300589743
0.600576647885676	2.13391211257982
0.086462807712685	0.150878529703131
0.0671411359559454	0.112794065579082
0.451093106203429	0.644856142818922
0.384675821974891	0.457487674297205
0.122510048742866	0.0822426542482175
0.906560587715895	1.2685081581105
0.678287021347944	0.774319116346232
0.823763682309245	1.00977818511807
0.507048318969548	0.744573782266203
0.200466158831427	0.282490756744974
-0.282336109090025	0.503530977846501
0.0588389132686469	0.0636616373847953
-0.0644359571955179	0.0772229715264964
-0.256239821654234	0.396683775671701
0.108892558952097	0.14923314198449
0.218613738329653	0.296724830958285
0.980847512418348	1.84043413880103
-0.000265170023986872	0.0000257924772503201
0.28145775563213	0.340231769013527
0.120216198321689	0.138349604212103
-0.0118187344926123	0.0147645432924903
0.252698722201886	0.496373674037554
0.385324533907488	0.828703088326769
0.186837707466439	0.317505112245057
0.427803266866062	0.909707748951504
0.131975093240762	0.210100366104595
-0.0493219362785324	0.0596572824572618
-0.211186878196443	0.332759027119681
-0.186991777293957	0.310397843006431
0.539301670493065	1.13405635599627
-0.0215925605737362	0.0253681165510228
0.0896296538339691	0.120449475531499
-0.25398712902627	0.443161441571959
-0.0335944635197078	0.0435775227418687
0.118158106987769	0.159061347930562
0.255234669361732	0.40671735154273
0.537225900993962	1.80903448937517
0.437534606945519	1.26879274377467
0.208593201390132	0.619085825496077
-0.0292741783398981	0.0716525105497479
0.198965004065109	0.591586525803857
-0.0451755254684545	0.0945685760894758
0.0790518619177126	0.191328735134361
0.260219069335436	0.519748968468187
-0.0296322665524571	0.0660473515525772
-0.265160532362873	0.73614491832832
-0.276855385681602	0.833377668330751
0.0965146584704391	0.195405303970753
0.119165885180802	0.266463718257415
-0.12085814720061	0.230277271950087
0.0320114924553428	0.0650805980879963
-0.00170031089459093	0.00277001865085969
0.0597818737358274	0.103063083099539
-0.238183696846935	0.744657879234862
-0.12505492981572	0.1629660204815
0.452161141196025	0.731951117375353
-0.360750280100965	0.511085918219523
-0.494814562912617	0.818710687376154
0.106645655458045	0.1580822018503
0.103800419969185	0.203175340920488
0.136134589091598	0.281506670489572
0.226211721621089	0.552339412363608
0.108076161031855	0.175656463698735
0.649145448518467	0.667462273152254
0.334123472004165	0.245491964866362
-0.243137170355475	0.172520421060134
0.346548302823648	0.445574086056129
0.589776262821818	0.637977943250447
0.599303953749234	0.684777651908565
0.614478306321615	1.11320142007048
0.277885357769969	0.502617248853234
0.0510185007662756	0.0476243625853899
0.185012994291847	0.182281283443367
0.332443023537866	0.487436623803792
-0.256667730341995	0.445229481248946
-0.317801326782498	0.428560504482847
-0.114476138502777	0.0872851142458434
-0.0504453932769879	0.0363440008820973
0.00857918320830903	0.00588420735222934
0.128867142534092	0.111908329268715
-0.149787513749354	0.208669270480814
0.220522365497656	0.489621300343552
-0.289100920238858	0.636167833152763
-0.19412778717885	0.386235889811202
-0.391660839772513	0.996267732157978
0.110812577488689	0.189212299833799
-0.244708753204122	0.366936355228804
0.267585990391959	0.41951233324059
-0.164221441389833	0.255484413854391
-0.14270841705771	0.206864047230469
-0.157144648987754	0.251197843362863
-0.764585763124662	2.18641689052962
-0.23298698725568	0.425004866442529
0.175664774128551	0.350161450937913
-0.47067686278248	1.07148320662034
0.00461339946630689	0.00567179641088197
0.356117938707051	1.53835672126496
-0.0497911553650051	0.109646023201347
-0.00548807380758293	0.0106940934281392
-0.36902521375074	1.12574999560435
0.0540157948605669	0.101979305109472
0.153111942359406	0.331629983225866
0.201148668856211	0.455604053406943
0.0068763008761603	0.0105456439691203
0.165904596661052	0.389853039541552
0.0019516583192176	0.00310267518069524
-0.0170249827765443	0.0262554348509525
-0.0711550457430484	0.158874269062894
-0.2118599135186	0.342511274888343
0.0447494270486066	0.0504154904900518
-0.370239214034022	0.541505472684244
0.114230900659264	0.144992373536395
0.0356939611696813	0.0488013948726521
0.0652713557814208	0.122168407540441
0.353590529534301	0.940198586979194
-0.0259886445489263	0.0430504066623717
0.165155994104017	0.371538190534306
0.1632441008815	0.292439079887915
0.436671107892786	0.349112215698315
0.463274479797564	0.515814281630538
-0.280723139453858	0.353352944334982
-0.0174235514672175	0.0129035145474923
0.289970213359079	0.237257260017447
0.0507324029817301	0.0563133278022626
0.208919404711535	0.342859161081909
-0.356121702338869	0.435048395547303
0.450407792767613	0.673456627670215
0.805623352974049	1.65513217280517
0.328925585899677	0.613909707350634
-0.115764329068809	0.117925552097469
-0.238011222381914	0.204008589480762
-0.0636443268326316	0.0447142596268693
0.442152751426024	0.627612614281578
-0.406903284852033	0.595818919279931
-0.15566835695514	0.222094268388677
0.329667777049952	0.756519968255589
0.173935619251119	0.314206540284181
-0.0623269971060703	0.0909718465491314
-0.024898903674407	0.0342464156534904
-0.0878925631909991	0.136626459719823
0.21674658375216	0.279530320546785
0.411402873121497	0.80592246320214
-0.717225167257498	1.8080915001533
-0.0889740267515263	0.11790887827178
-0.307745319570995	0.535903624317676
-0.0739025159022954	0.103722257473914
-0.223382640506589	0.363346745287407
-0.176433871192351	0.285348161279209
-0.400116765999035	0.704879857657874
-0.196460332991028	0.290694268124107
0.309953626273151	0.542698052621501
0.4199010450459	0.958489938954782
0.264445944548372	1.4119355976792
0.258131580046444	1.29664670116122
0.0381935797782228	0.0674686591483301
0.330783485056328	0.77069898722351
0.137498871135288	0.28394946718
0.0718161056685439	0.123837843581185
0.162335021785105	0.334152443908031
0.0163884462816618	0.0276105447781505
0.079157508166158	0.138949162330215
0.253972480624123	0.622599636826324
0.196745441695565	0.486885007151333
0.126411509762125	0.290863824611284
0.0260284581029447	0.0403522808747055
0.10571750325575	0.162976855529744
0.0465495000427143	0.0617966037054412
0.217831263469392	0.406662082149956
0.236693665015176	0.484217337915051
-0.187651311004654	0.372720968519785
-0.0132972821012944	0.0225862241567619
0.262562197566708	0.48685789220335
0.227666931431548	0.52133548868783
0.193023122804609	0.206438835656867
0.367052952211859	0.607196902971997
0.402496199548744	0.500508159480503
0.672280503211093	0.999894170276089
1.01582234574187	1.17746237122213
0.181255338851507	0.274822041879157
0.367299743296746	0.645770349972812
0.303472261014066	0.431539489192485
-0.276811944521623	0.379582235088208
-0.422614133028888	0.73015604908472
-0.140854638939852	0.202523647459014
0.14422761968494	0.183572856568968
0.545921263587896	0.776978069736192
-0.1655701974292	0.180178314349431
0.581481934262071	0.909633758164985
0.247247265464368	0.351566318938493
0.41584179436896	0.858796318995829
0.0702546571926291	0.0973332552278366
0.0957360797815077	0.112449548854573
0.239221319949043	0.365350935147285
0.356451243718103	0.613244028491846
0.0918649378940929	0.110174153212408
0.42105536789863	0.820116401449373
-0.419150403949199	0.695898051162416
-0.393268582075844	0.664589524467089
0.374641459731329	0.689461866449421
0.0926549961065847	0.112938904145752
0.383508127903854	0.665043619378984
-0.0911795514214155	0.109787492016575
-0.37266703961271	0.615172889771555
0.18465412965341	0.22148999844528
0.366090177983008	0.555300390184546
0.561227435050618	1.02166493806819
-0.0970257459145177	0.249619855769725
0.0669005532730445	0.148542056085762
0.152817152149493	0.319214134893872
-0.0540195327624813	0.0994974868730728
0.376944877377906	1.04186477872343
-0.170263671309218	0.33462059741409
-0.0474710152621628	0.0829917875177217
-0.194553797769936	0.469617878397634
0.0186414409457495	0.0313470035779369
0.487187839915042	1.72066723320879
-0.132701979201798	0.318921054630864
-0.0575659556870372	0.0863180262424049
0.0332003672848266	0.0423890388094401
-0.618800509681558	1.43784916698904
0.120481253345207	0.16875741743825
0.123267988426504	0.204714666270106
-0.116953059000403	0.234139008706145
-0.418389678771861	1.23484544995899
0.250137012473909	0.581231371924372
0.766172662615814	1.14787830155444
0.871887158504818	1.2486552569889
0.184340109518694	0.181868357846838
0.716860748021519	1.18023027340653
-0.206785435251514	0.220846823124807
0.386916856219463	0.423624329977803
0.196990529651909	0.179201316697742
-0.348148379993135	0.608057914437126
0.538113962340881	1.27728485473242
0.145429153513959	0.156590139659614
-0.0103726251603832	0.0118721409428649
-0.126627768569855	0.166758187511314
-0.164323748968417	0.258131706085665
-0.938399631875705	2.40825301951525
-0.641593699908569	1.01608894863312
0.335303653013597	0.330699213951096
0.220585673116584	0.259137425195162
-0.00736022387981303	0.00788880402879392
0.0446347305306807	0.0624291094107113
0.304362273679683	0.56631522512004
0.257517576337974	0.491542369168225
-0.364141554700502	0.719282493445864
-0.363221824696977	0.732809992791449
0.490208602527977	1.21620459209167
-0.0893550609150271	0.122201559216902
-0.000239315364175857	0.000239130799068896
0.382082923875967	0.703414094986024
0.402554825428892	0.726636029392669
-0.336861463770043	0.594046529444253
0.311478511618462	0.448856844246622
0.235359692731985	0.373088963469497
-0.0941917674346584	0.131925266346141
0.308214586357465	0.44733907319824
-0.0632931770655094	0.151504699840196
-0.0637367744278224	0.120035179775485
-0.466462333702541	1.26075225728851
0.0354785618360105	0.0526995876692982
0.148583338409705	0.261314967170766
0.22444869272324	0.447232652007736
0.355982755108095	0.857280079142111
-0.278442006318334	0.60766924465437
0.114420551451499	0.196927624945017
0.143964946331307	0.315852484457382
0.142171834094784	0.322221416220709
-0.206065533915063	0.460453832281341
-0.0326449695895406	0.0574984223228995
-0.305375820626967	0.739413557890294
-0.0185915202643362	0.0286694335956038
0.0222220486684681	0.0367643325283873
0.072844349513747	0.130514547907537
-0.128135873540438	0.244358003522942
0.128934759095621	0.200095170150372
0.0928394089087376	0.165606017455571
0.196370538549481	0.387540990174106
-0.0513641706022973	0.0578080647892378
0.42553590759625	0.742323811253311
0.154860238051484	0.195386022161272
0.318586368168592	0.463839783184548
-0.305998411327237	0.411006281032231
0.230732351345116	0.347987412251605
0.418827086694046	0.756312399424314
-0.0240233615097273	0.0231496358266512
0.285645236241779	0.397545168174086
0.3115737140498	0.498467663073055
0.348259477351329	0.707196271973868
0.130622334098179	0.191524735183934
0.0577723844558437	0.0715117151529869
-0.16142100259978	0.220584909487077
-0.322574875987221	0.507315485242307
0.158218061428309	0.234423604808523
-0.156657168714038	0.248537750077171
0.0518508282667477	0.0642136761734366
0.537913455320058	0.951737949622293
0.61762981307392	1.33006643687825
0.00299293130238554	0.00420999403945226
-0.311989741499428	0.671005334291751
-0.258119824856537	0.462636385937857
-0.135990259797847	0.159553117961765
0.561404962654172	0.899872747206615
0.178984701127358	0.235127614594927
0.662837401246193	1.35924410584062
0.0331357852615783	0.0402675721825736
-0.159180753605729	0.192552140738485
0.192295090937297	0.249352130438611
-0.143889156790203	0.172174083369766
0.197632721393326	0.267619207561718
0.258126680510812	0.359418590249463
-0.252948879617	0.314320117288432
0.435550985301035	0.645435047078515
-0.358877587443809	0.450890582431173
0.446972715574115	0.583338145963417
0.698478973829218	1.32280896702355
0.484139923172505	0.748905853940764
0.34907309478056	0.542905778733075
0.499806353891735	0.876564366741736
0.104713887427228	0.108615153900424
0.135760440728882	0.123909672161028
0.392093238446564	0.511458149772202
0.188227584321377	0.186542799332463
-0.179710187340046	0.230630994030001
-0.0451830554043045	0.0565741616728039
0.00505647729826007	0.00518426967023823
0.182791105190001	0.23708348293593
-0.0300726915149845	0.0414380975108832
0.0605991406517038	0.0814936059032209
0.0731157335844525	0.134964875048719
-0.160036827827381	0.330271864837072
-0.361242336823805	0.961081928039794
0.416452167009816	1.05919499928257
0.259807730542793	0.601196244711732
0.479624471012895	0.927667766605999
-0.338570808920429	0.500987832549262
-0.590732521197656	0.753697787758561
0.2227125221105	0.277527286850769
0.0644406433361721	0.0901924301964929
0.281541659270685	0.507576379082301
0.0344613463765922	0.0426928401197879
0.162728138455256	0.26934769511314
-0.00650012905000037	0.0098418468452668
0.0803327359593381	0.10293998335989
0.223433379977797	0.359929636591412
-0.102129286887834	0.146090190482014
0.0514248701669396	0.0683068083543167
0.555930281063802	1.13436348337744
0.0411217587596269	0.0512454051268053
0.418248900004146	0.867759490142285
0.313607463137337	0.461515565936209
-0.173230877000579	0.245426768350234
0.567932526450175	1.26681841984441
-0.144669835439022	0.174997059846905
-0.0753389690147735	0.0966068545439015
0.129122281415102	0.148019487001187
0.48266085458381	0.917758823278813
0.155441780311772	0.196528590390856
0.241744641893425	0.361217789269065
-0.0439941442836222	0.0492281509537704
0.25860818388376	0.347506505265733
0.109261259738567	0.151014793860794
-0.495357603295018	1.0416628052442
0.0495308372764129	0.0648551323659432
0.0371388353021311	0.0492605887407547
0.468982509144462	1.13635392217574
-0.290734324586033	0.5078007525104
-0.160976768223541	0.152157482538376
0.902894106644863	0.67574624167432
0.0846570699374434	0.0434028707033293
0.20763468034857	0.14712804178897
0.594738723665773	0.460758979565363
-0.0900224290690849	0.0860708178372617
-0.795958181749024	0.910878499569548
-0.061100234405208	0.0404532297276477
-0.337347310792966	0.310371804871894
-0.168093119768162	0.136094974180897
-1.91805443504057	1.68281426978927
0.401752340596865	0.40664756666982
-0.529053085484867	0.417933946048941
-1.00807505297568	0.716606409012544
-0.119259713621316	0.0586267835249625
1.14343668268795	1.38877930614642
0.198837837742691	0.141858728949329
0.364379785232049	0.481471578383345
0.411018461019872	0.619568106840574
0.332875494748682	0.689466229184923
0.0283012468066662	0.0279220854087496
0.0372141232825092	0.0433544852658578
0.204083150514401	0.389942586404438
0.174724962801904	0.283684448910352
0.116422380261208	0.250306330632869
-0.0300914501275352	0.05488235725632
0.162418467596259	0.37490566433558
0.247691432521011	0.638070607502903
0.25143008077743	0.647221837949822
0.155519211690208	0.226690347706574
0.237269026124986	0.330544131539668
0.138411916477039	0.150207357512274
0.134137323366097	0.151338591239812
0.115926485096677	0.18593224656561
0.12777145580019	0.186701973705718
0.262951170700797	0.54838730030333
-0.0303979615032137	0.0470876069973599
0.0507781608110398	0.0732987291291406
0.0937010077940049	0.136898457651016
-0.228199867783239	0.459649755149001
0.261913703517388	0.653751695790318
0.146768518480956	0.212735859908454
0.586585361992296	1.32825192044721
0.316841524934342	0.586022525730964
0.142632601373061	0.223766074986023
0.251648018771624	0.503262487835329
0.191414595084191	0.331286281039139
-0.288100572108485	0.492716039659761
0.251096273347866	0.409973150784477
0.0839283750299988	0.119116455894768
0.364955035257036	0.728429621527928
-0.102630520399448	0.138527624439543
0.280231157002677	0.492034932325718
0.189010942818305	0.292899144910521
0.312724879480032	0.629436295701712
0.214007328139635	0.357331543334928
0.272840004553382	0.429492754561622
-0.480026659899312	0.90972275374433
0.326534880961379	0.505747700487024
1.15284884441513	2.683299476049
-0.167102529054096	0.274212029837758
-0.182247320305051	0.337974188150982
0.0395889052299709	0.0542263207287341
0.205535866387743	0.389843790540075
-0.0558382188474478	0.0861507886626542
-0.160462009742349	0.231910952235407
0.384342014184624	0.402465588675683
0.481169367768224	0.34942514739639
0.354403669972098	0.221543072215559
0.718241169282603	0.716612398250358
0.505894131474322	0.439110674663738
0.0622451593232749	0.0617498875646574
-0.235481911698708	0.203470211005443
0.219367388267826	0.165351062875427
0.468984190254934	0.592768241575219
0.313115345880666	0.307409676980789
0.601987211039351	0.477204992230003
-0.0687254997391955	0.0568589680142234
0.435924055452796	0.306703766072115
-1.09946716425731	1.21741262495759
0.256071044237825	0.134299454678979
-0.351284254844009	0.316448870558467
0.0904902032726338	0.0584719447753368
0.645730798289701	0.731125757595097
0.712894223500646	0.997480155545097
0.82264891953735	1.81706932187272
0.530730459198801	0.902050174211592
-0.399057560133888	0.572817955535689
0.22994766070189	0.362232529906445
-0.0365754142822869	0.050398777747715
0.308119195258667	0.39514877755127
-0.25429447334688	0.400326952600289
0.11369718011192	0.190036193069238
0.015160336041481	0.0190163128962571
0.111715441714244	0.233963036510371
-0.361819436111523	1.14638212578495
-0.317604672579941	0.891615640252868
-0.149821186250655	0.332538358236824
-0.0386816349562857	0.0659320799637453
0.383762575404104	0.842927663287338
-0.0187312657475198	0.0219909313157066
0.106941869763667	0.211878148482242
0.055599341814312	0.0754402036997071
-0.0845182549786175	0.136236465322183
0.124953969990274	0.226318330367825
-0.0730712968355218	0.115538042230427
0.292222263659207	0.569569825496299
-0.136026101120984	0.239374203006506
0.14799394378943	0.308751429128807
-0.0305599357286909	0.0366723344806155
0.0272173759734414	0.0334120535249796
-0.0400273845718985	0.04848660826628
-0.0875951140684534	0.13430047874996
0.496773473469679	1.20029318284435
0.191872218764679	0.348398901033628
0.170393083647447	0.263231546202136
0.191404705287491	0.315118436521694
-0.188021353354198	0.308944488258466
0.328348264959808	0.622369676253206
-0.301203453811343	0.581205598363706
0.0405452649520745	0.0564948104939802
-0.165650661803987	0.271049885057805
0.192704895928367	0.360012459122618
0.188571682282584	0.296136786033558
0.167891482112787	0.260646911667015
0.185673376101241	0.297365542978898
0.821863988022519	1.83228465981447
0.102285960417221	0.136755116368575
0.398725241947626	0.743992960304549
0.423466091988313	0.851398462153607
0.155177311319647	0.186049219220993
0.250533487036961	0.468307094680614
-0.192918373445273	0.330209333396398
0.108354781432368	0.179394427088278
0.0307129896973385	0.0475721644025139
0.0430985416268772	0.0664428416516223
-0.112305856997614	0.168300087161242
0.296756892139635	0.326906399325325
-0.702850179080181	0.626280823328871
0.90235602542471	0.658194443585574
0.401093559508866	0.341609890141237
0.385365252850678	0.333119238077087
-0.170796477588406	0.226885150871198
-0.516310438596381	0.639687250174083
0.124150384667239	0.0910953268218847
0.348269053331984	0.397465558890238
-0.444322713251993	0.472724503725525
-0.328904629924483	0.219153963223968
-0.239780921341953	0.187535525244424
-0.515651527456333	0.428825224961789
0.367306194130327	0.226475172914633
-0.104864121086275	0.0531689956114311
0.0345850867167902	0.0249530387695507
-0.245347940297992	0.194795572842746
-0.123138802820525	0.0947384178033825
0.0581294776770114	0.0441106274295771
0.683270151593411	1.27995834245275
0.500671496393424	0.737041122388523
0.783633309651843	1.47137843460188
0.238353100313232	0.285222084418336
-0.213661432706986	0.291394221763511
0.00863440879077783	0.0109617541328951
0.334562309920854	0.488051567357334
0.639132040639475	1.33860406022733
0.000850870254917652	0.00107815626518416
0.0804852262376407	0.111415205732025
0.221436979738252	0.564411623779173
0.128255536188973	0.279678943640379
-0.118459063967949	0.255362674155898
0.0890253271580298	0.170183772022968
0.0601558040645585	0.106950390669607
0.126163735898722	0.179185180272451
0.207674348911005	0.272534174092639
0.220226912014521	0.355705320272027
0.177214002823522	0.331962441247223
0.173049912568846	0.299472304603567
0.0149832979181348	0.0218180036978493
-0.174832065733459	0.288067752003159
0.0495903162267227	0.0766277773971619
-0.110062194612198	0.203643428111003
0.360695473114958	0.634138729710295
0.296788311528832	0.46522247403006
0.229794476497299	0.354149553760062
-0.0503461052531668	0.0720071289282854
-0.090864783108072	0.139244829053694
0.125917593426361	0.197312254842811
-0.155454908084369	0.271400144937854
0.538815647928372	1.33263669578201
0.422058350009117	0.906251241630164
0.356993140370581	0.713837772842983
0.0515809035111303	0.0711357264391845
0.186549568910423	0.306690910051942
0.131326228137056	0.203895168566078
0.490972116329793	1.15601292999339
-0.170310284869419	0.255455319503763
-0.106323054045158	0.160708524298926
0.756173771808439	2.07889198736698
0.0599176996023232	0.0764202892690793
0.414231484217447	0.780481480196436
0.41961906758626	0.863010120674522
0.596418794540164	1.67405675136799
-0.121178342843889	0.1386109942387
0.385893114366931	0.686516713752558
-0.00438825966027449	0.00548187035854114
0.440405707218482	0.787469748440405
0.19190574896568	0.253311582531501
0.0941645802770182	0.125718396988652
0.0407670828910638	0.0583351131141141
0.524136122592716	1.25530941786526
0.0501880930017868	0.0705414731643953
-0.00446208124276046	0.0061097829607974
-0.333784855275714	0.646816014513871
-0.0498267835888195	0.0356991588290258
0.210475174208729	0.152272680650787
-0.207751476985111	0.126065154109755
0.0288339662126457	0.0201256306785361
0.457077096493542	0.351342355917006
-0.227268676659696	0.271496629625564
-0.558404342895759	0.541793674068201
-0.892317507451092	0.701501939238096
0.257280088525984	0.238020626367431
0.197462064538532	0.174045214102055
-0.485923817194755	0.342624064208608
0.139548057183295	0.115150960712169
0.815637639198635	0.634635758493098
-0.11836119774046	0.0581128410530334
-0.772407843844865	0.552645121416598
0.509336346351537	0.442692668141232
0.56254135957542	0.363867936414113
0.38321732045728	0.340307049285782
0.109537584043292	0.0796793012747201
0.2954893441522	0.795165116870405
0.140843921362592	0.253652868786575
0.441684588050344	1.29897364783918
0.36755034681688	0.799868573334057
-0.0242125733513048	0.0341643721952844
0.313126126747821	0.714251091630295
0.199823198231835	0.358295875330086
-0.0576721396040148	0.0866230557882633
0.404310805971907	1.13372106804559
0.154414879659811	0.369931784095192
0.205111432111906	0.492659846298157
0.410631943856481	1.11053658162725
0.0572724946617475	0.0957386820056112
0.273417837430767	0.601377394812421
0.200077382034718	0.431293752518256
0.0875997587314256	0.154597044140125
-0.117091227897707	0.203183735086936
0.10763799711853	0.179906713297342
0.131252681177935	0.238196262227232
0.382069150103707	0.913443589587768
-0.0908726934783022	0.158007601691978
0.149488117791697	0.26487610847939
-0.110458510846497	0.189282228321594
-0.211817955065851	0.366333759686374
0.392435542163514	0.909850722056729
0.11502232688535	0.179467644719519
0.245765601528196	0.372226345727637
-0.486637598327772	0.992952297210594
-0.00724996938059381	0.00852853690560334
0.136868548111084	0.176467917336271
0.119022458451728	0.145638269380195
0.094603777357848	0.113129044283161
-0.354804329948451	0.523343750604249
-0.041506100638268	0.0481812768293666
0.577369348259264	1.00894622435554
-0.0899149946478604	0.121783967592698
0.219633267863864	0.302483033742771
-0.0369704190628549	0.0458442395077425
-0.216889714710671	0.251994103850113
-0.283132864263135	0.392440780597559
0.396275814290916	0.565176251628161
0.0862019784614213	0.0973971768783401
0.693180060527052	1.38678914212584
0.140237720977322	0.193199941664618
-0.0625564407189216	0.0888264139392999
0.258360594182063	0.416406065175628
0.102216313561288	0.126787110827908
0.0865253877360085	0.112711909908097
0.364340482918284	0.651961886121488
0.131195185050268	0.203649167095692
0.058973079834687	0.0731632296007633
-0.330435867498276	0.535157537193685
-0.938411942367394	2.53001522429634
0.223252789442719	0.352541239151191
0.229309082011371	0.367781978848737
0.0623382223198233	0.090145687782019
-0.0919756265562561	0.110739701897489
0.0769955094213075	0.0796578484540853
-0.0205388177192728	0.0216051980134932
0.724428340132171	1.26202576372177
0.144084153920799	0.168630688692239
-0.0123521364539558	0.0130494715357813
-0.00675310382918616	0.00656383676475839
0.050985371868013	0.0470612110024873
0.272106161041378	0.329017536432341
0.821858408204149	1.34831087628551
-0.183479433934155	0.196586921542242
0.618323591031305	1.03380243944294
-0.0674137391678555	0.0680037740513407
0.0236285513079633	0.0199138871903242
0.242726529302767	0.252091251018615
-0.00331671564625164	0.00290057373826513
0.203880325298551	0.224100257729098
0.198663011996196	0.204598637559055
0.230113894462824	0.267447862760596
0.208110183750249	0.241334694263881
0.249273952953922	0.977048166835714
0.184608081550272	0.535145317670035
0.185559058069853	0.544666601531518
0.420162211830767	1.30445109125365
0.183741741255208	0.536115670461145
0.175323228820158	0.417897822930689
-0.0341677448243625	0.0563006370473811
-0.00457411602435029	0.00981126557785028
0.523572336095956	0.960347672611477
-0.140904523512359	0.154669340565074
0.425473237104969	0.647150725693605
-0.097895142396199	0.104836758445637
0.114299361169944	0.153428698589355
-0.0491985012599052	0.0898867909120839
0.520958304930999	2.01915282792404
0.12719170080516	0.214149251261589
0.384650546454761	0.822471287957397
0.290707120059148	0.491249451829678
-0.103912851454766	0.0916313899478795
0.28063631687115	0.55240911239268
0.0215102096991736	0.0296563406052697
0.109967129605738	0.161036647514707
0.0159029531321446	0.0150618424348015
0.212060522388883	0.173251452363679
1.37674759921502	1.28005297529649
-0.557501987773949	0.37509636719674
-0.339088862592151	0.257503331440576
0.0656019547524643	0.0366591200911819
-0.367399736954195	0.239052704881105
0.836489938090448	0.936476826363015
0.989271816998226	1.06606262644624
0.382276951500418	0.339845758299532
0.201838978902302	0.179233737489625
-0.425688021158587	0.340218742907464
0.502394413949776	0.343501193053519
0.756504425805518	0.717918940087452
0.707704957594037	0.604561287921341
0.775402763527964	0.536670376080559
1.77812569040086	2.37959651739323
0.111325924701529	0.0784216729057504
0.634931407008656	0.668654432967201
-0.478918390969387	0.677469039321604
0.135707427506866	0.20101211106018
-0.463427339994582	0.651279006120854
-0.261742828853689	0.306150435697356
-0.179432584663623	0.192138498006672
-0.0157614339722917	0.018487380970086
-0.398788758696016	0.426100978992793
0.0650297364243377	0.031942772231488
-0.45404618093801	0.386499704724819
-0.74532755790722	0.875491334274711
1.37973228438265	1.88145286824935
-0.529658401186741	0.874991893433428
-0.0192485535577458	0.0290893005264477
0.128502629032616	0.210998608929543
-0.0294083563451179	0.0428676463498329
0.12592655734963	0.233169344003535
0.140500599253879	0.248263324629459
0.718109712822599	1.15741300908663
0.31261766545379	0.496337719789546
0.282237352835449	0.522169202442906
0.218587495715313	0.309789373889972
-0.124270874766104	0.176242041460122
0.310291803191319	0.580660783701035
-0.0194933956781505	0.0239603171146212
-0.241272693425996	0.446696341738598
-0.0535502471054384	0.0725014316169402
-0.142437429369816	0.212236306962294
0.185735851368884	0.269195805640197
0.14351059270414	0.247157300686692
0.0922046500283814	0.121535522873999
0.576329743581058	3.366882500639
0.482582526407398	2.05141450415279
0.347037840961249	1.19554512532638
0.179058446735441	0.442284409560641
-0.039767463000848	0.075003018358516
0.206305408448416	0.46620430583786
0.0147840235422536	0.0245362600702474
0.214964561794348	0.584255313893461
0.163951675317169	0.230892526281104
-0.463476978899614	0.846736279774466
0.361759291093845	0.655287870543621
-0.246561640660142	0.378390766763719
0.79114096589884	2.58452325492241
0.209333770021292	0.44855985851335
0.253609949209168	0.501054442792125
0.424599228276311	0.880482820296879
0.183852152899196	0.287496731131461
-0.123247598768404	0.168343451542986
0.0855652922750364	0.121934028975654
0.319522194536513	0.676108411200056
-0.0566005322579809	0.0821133326101866
0.100968257278757	0.121024521297465
0.131205537126625	0.113643656976345
0.313495483405873	0.319095289861073
0.119331883522656	0.0959474622716416
-0.705001463070588	0.573084186674484
0.749815294503796	0.794379735226318
0.596621140191536	0.631925639348982
0.498798082330409	0.529988170788313
0.185149259706514	0.162208619048303
0.993588628852195	1.48483120852127
0.0772892635226909	0.0706089115027254
0.20436472334466	0.162779633315603
-0.555962519470792	0.555882009002051
-0.500353657306338	0.432568343606536
0.41079824126358	0.340628515956531
-0.556168140370872	0.474497776145464
0.198953449576138	0.179480154874403
0.67535281421254	0.852106961277128
-0.105793207702224	0.0816896250013863
0.127638175529958	0.149593237625764
0.367070747205409	0.606825653242881
0.0279569801647318	0.02508055691108
0.25620497025965	0.36158873410375
0.111040985738223	0.140591660892414
-0.289203480094396	0.514370650544393
-0.0961822787341507	0.0928348792763641
0.202069103917097	0.165136166801346
0.380074176405373	0.32690706011947
0.0175289200797414	0.0146245386137001
-0.541356902017978	0.581249965146807
0.182248393339518	0.244789267677676
-0.243924437328265	0.42536848822998
-0.0363072922001072	0.0450689212197282
-0.288342735338043	0.500822462416281
0.063517549043053	0.0825888061331574
-0.238350924884196	0.381186157055124
0.0199853329475992	0.022573871439758
-0.00033922061988208	0.000429720198960212
0.137072851473485	0.207826009747199
0.217280167635507	0.331638999487554
0.225741198083145	0.338987219954287
0.107300922860449	0.148458798268516
-0.0308994255053216	0.0412898706141114
0.529432632383045	1.1132208449461
-0.150058939653824	0.207769857386554
0.194190723076403	0.278752606588231
0.39977314542672	0.711046775120835
0.0697166407386404	0.0968684202180462
0.44447233995297	2.04319663120301
-0.00195346660748036	0.003703274122245
0.0415708327498002	0.0787516745599615
0.0964429648673431	0.19309561279142
0.254019384785863	0.666662809827807
0.206630570559859	0.42032880758636
-0.313753375961378	0.790073152396712
0.383793171330173	1.27131411019202
0.599072847682937	1.40016891607482
-0.522454399496576	0.871901192631408
0.0783280744933756	0.100114017550332
-0.229838117175802	0.339895546195329
-0.255149652787721	0.472319478600149
0.521404887777177	1.77516523414003
0.353403688125755	0.657309548473909
0.22025370219184	0.386084721359444
-0.286259698585237	0.520478955446912
-0.0883873753680754	0.109047773232505
-0.180576559101049	0.294679566945557
0.189495780657206	0.295369358878554
-0.435611397165538	0.779251035931445
-0.182878124618934	0.222533523295326
0.247715588418086	0.241708613934756
0.368510588103165	0.32097415420654
-0.415370765406712	0.369347596594126
-0.62511917860853	0.654212572483383
0.901712866714784	0.941819525688316
-0.991551464605125	1.25219959789591
-0.251596800997066	0.236785374692958
0.205533391180225	0.15943863637613
0.115562873361	0.0900781848217417
-0.166040498794872	0.156789148284442
0.0294745664857406	0.020626166123248
0.756275697001262	0.80280732798343
-0.731431760466038	0.805257534415651
0.267176642927514	0.240257831576183
-0.791888931299002	0.864855217686987
0.122625693613789	0.104733762486517
0.114976234596033	0.0916823977683899
0.902526198784579	1.3920183566517
-0.325670252400435	0.448172364914856
0.116185576797606	0.165621062775958
0.221082290396558	0.250791120519949
0.396526958436118	0.480142080354954
-0.00987080103818846	0.00988860769322309
0.0825088166117445	0.113854905841267
-0.194589048989135	0.222057603949071
0.402313580655364	0.333957753429713
-0.213720513441569	0.154640787898802
0.197966305170649	0.147046538124978
-0.133410411276123	0.139709079833933
0.173627484412934	0.212091651255303
-0.266202213964593	0.484092780083546
0.126691944632898	0.195530184813747
0.0870323127915502	0.115792827927118
-0.319943398506035	0.516499062080994
-0.362758904177402	0.687023399280965
0.370508295158779	0.557932766355011
-0.0890167534864461	0.0989557127308495
0.0266946355467512	0.0304125642870364
0.25176817288726	0.344935540098103
-0.206254504541779	0.289163198601164
-0.0389746425671529	0.0457430645661725
0.143621676149084	0.192587920656067
-0.27095247731306	0.402358548852489
0.355196787791418	0.574962299082267
0.486689116716002	0.829190470790151
0.315904405368192	0.51498410394782
0.329179331817424	1.66417959980034
0.41538879483105	2.35433539160182
0.562447496763821	3.07616703557112
0.491711161345517	2.25671691804974
0.483453132610296	1.87893263207849
0.0886145018415261	0.205726877816692
0.318784494913566	1.04273987040463
0.0657053504462742	0.135863866779163
0.355087648929535	1.48208562235857
0.160217378756126	0.282376410554335
-0.15615379561384	0.236187417411495
-0.140381246083016	0.203327486843985
-0.219850373731253	0.373043286024903
0.244311528994655	0.50335414704351
0.072815630840934	0.101199298920386
0.381466253037923	1.01616071270174
0.275607557099958	0.543120557442106
0.0884402203361059	0.146538433290557
0.181025875186505	0.366927231945525
0.0918263228719862	0.153085038394194
-0.273745259465589	0.524586816496471
0.0819419396840128	0.115371499890525
-0.078477423073609	0.131815225361422
0.246417278097538	0.501616375240369
-0.188551062322051	0.331948875621513
-0.00590050461035225	0.00582893221749879
0.141182634370209	0.130935538782722
-0.140434940214309	0.120663618668242
0.0448003214337041	0.0350187432867624
0.643383315503976	0.809950620586999
0.11395017756495	0.0839050465774916
0.474393144300459	0.521157728242097
-0.00173577596119962	0.000874955498754674
-0.993375471082582	1.23186492907782
-1.77092115215556	2.67960664251974
0.517517829431043	0.823315083886788
-0.620560397550666	0.663025593662737
-1.02528576169831	1.55043499024382
0.0710735202103562	0.0577322540741205
-0.0622138237023619	0.042934604709019
0.377147687264332	0.325941411090143
0.515922032296713	0.458335277165632
-0.326528612723514	0.246824414802734
-0.0310589430011529	0.0229609067813378
-0.101853183641715	0.131262909303874
0.523882607915938	1.31867422442994
-0.445592806320175	0.648309586331275
-0.231249080106239	0.317277592678599
0.595654144570725	1.1510202938489
-0.0400813337900986	0.0515778447088264
-0.172045947945647	0.202002476671589
-0.314857548061601	0.295847823980068
0.723836468050517	0.936659064123504
0.059783023061437	0.0474189210045651
-0.155056541250623	0.152872438952101
-0.27616596945622	0.417639499960487
-0.378851224740317	0.835534719763675
0.128816421865217	0.185897788438458
0.293071664297491	0.598320582980476
0.525361591783735	1.19728318804186
-0.351358763825761	0.716203661139175
0.301766562279564	0.428375628775475
0.113043437943302	0.140574002743108
0.714508524863326	1.52424801145948
0.53484231110908	1.17714848670963
-0.0594025830873157	0.0742792409052262
-0.0339945821911574	0.046800046228851
0.202781665068349	0.306126830418844
0.420477692296278	0.870846159213965
0.577689873889201	1.31441807553958
0.183959344556108	0.285102685858222
0.553489442467099	2.94461308248937
0.492668506248862	1.84895124299829
0.892112877427494	4.62162684699426
0.678570902901736	2.34211243895
0.700489552492841	2.89612663944228
0.655228977292635	3.16299362002695
0.36508006473555	0.731666831124438
0.657891360976828	2.21209566826384
0.111368301891252	0.252762531436701
0.409197113372324	1.18215499935839
0.0270144707037659	0.0544894456006337
0.0870395107369424	0.177055071068286
0.392726939320842	1.26853558187579
0.243773139233793	0.638779135809522
0.38165060291223	1.1905922431256
0.324524933892681	0.751093919923555
0.118278643604974	0.221040429931816
0.169901133255172	0.372059283261697
0.233462451192883	0.474346388787936
0.638211991485552	2.2386067110007
0.0747925887056157	0.114007993852879
-0.192124911008726	0.385766758056224
0.213535908031506	0.485848397046198
0.291341117550568	0.520118581243615
0.208465728741372	0.306109433038539
0.00462827932399686	0.00556593856673911
-0.0554255178375083	0.0736882401484393
-0.0490498446205936	0.0639866919982254
-0.229446751167951	0.366544726149382
-0.0241179453723695	0.0263923052155725
0.525257390981043	1.01126997227099
0.214766366729789	0.327788160840422
0.275099503970207	0.459345205421266
0.349940095322157	0.604847411685155
-0.134831069599124	0.169658382086072
0.316701110178556	0.539466234974332
-0.405944907923424	0.819883647811837
-0.172742883380354	0.217596259554768
0.263305714150615	0.37466263396111
-0.38503628679218	0.599479622759947
-0.227118221669597	0.277376193534733
-0.577038776219727	0.994760522223236
-0.301564445701918	0.408848142024637
0.288491472067328	0.432789429591045
0.315176824702835	0.570078173316728
0.275675583935565	0.576534182646049
0.514066655654347	0.854080575928715
0.0153448939297341	0.0164382723087194
-0.359870403287932	0.625324908337877
0.121312283749628	0.165927682100134
0.348804590648535	0.583419521109434
-0.539508177813216	1.28661999229898
-0.296083423956417	0.490451917752536
0.257233032202936	0.418694798820536
0.143443416757371	0.20232304126267
0.370904846861515	0.787093889879273
-0.300736907987991	0.529765815596737
0.299353742826045	0.331786440445711
0.0289119561521879	0.0207818904128204
0.395035047701694	0.330876822548136
-0.048997694416393	0.0404377620363282
1.06736645574347	1.18064848480772
0.196435866782723	0.197507560183772
0.333592321342354	0.238936921246432
0.445861760429947	0.505660897688386
0.737454742808325	6.79285901159711
0.335462226900737	1.28126199910875
0.824028453611791	5.09391876917313
0.84593750461922	4.35111220072668
0.820784459339555	4.59022632873597
0.430267503022858	1.94305087320777
0.634417917721385	2.01244312743933
0.0686963729318144	0.123607817851125
0.689915665292326	3.94701561217615
0.0474674500794362	0.0858890217472948
0.159687035419351	0.46829162113365
0.0124210854500607	0.0253773739792101
0.182331777810367	0.509214118738087
-0.179628913923473	0.477163653007337
-0.241484692488875	0.734633797906798
0.327994005483454	0.812096677859747
0.212436904499999	0.411500840314772
0.282795914340461	0.878352623217882
0.279465369701466	0.621775907417584
0.276617409336471	0.644230350404536
0.187992793495193	0.322731164182438
0.00333545664851612	0.00415603018919308
-0.0488816575014596	0.0770988922965055
-0.08829485262014	0.136296166243935
0.146567523682196	0.225100218096645
0.0444272569144644	0.0577573434829038
-0.282864278890439	0.518941410927901
0.310359060974495	0.531413202620166
-0.0943623035833397	0.137763342347993
0.332408556429519	0.546537672193292
-0.264518481397755	0.449797610861106
0.780497399297579	2.20656761783958
0.0281610452526483	0.034718412824374
-0.534384682389245	1.08438502246682
-0.180070501797298	0.276963457032889
0.0153210500324008	0.0184485148677104
0.189804858338633	0.263025329232254
0.0528984681045325	0.064785756201843
-0.1453588660969	0.204891545297843
0.198142215487313	0.264290098890835
-0.185761048132721	0.29559906782082
0.0543508468492436	0.0745561577920061
0.0394383708214544	0.0430726403727611
-0.0791987439070847	0.104627192106291
0.126007785410564	0.181812210442436
-0.381224962849573	0.651957319683914
-0.0123271340734877	0.0131830505828076
0.243634898617505	0.444717837496239
-0.0256450643843545	0.0325438192108825
0.145748120063015	0.224611306030799
-0.00278019156608704	0.00374674029136894
-0.464011209568976	1.18529299102641
0.0918687114975755	0.14103975060389
0.146496519682343	0.153640380694778
0.208099278812149	0.154050411242066
-0.0350839624476365	0.0257062656736135
-0.0225137062682323	0.0163606084108599
0.568078026705813	1.2827047342137
0.160803687165992	0.178193114134252
0.203166751230899	0.180762510152892
0.533758047854432	0.895275864457771
0.201436556284234	0.155234446551111
0.569643714364233	0.803776646689965
0.497769593029887	0.448003266779929
0.310281325396072	0.323999975441233
0.793083911211326	1.21633895854014
0.318849925343571	0.343675750673331
0.361032379873595	3.24126015715739
0.421364148524467	3.11107102308734
0.411107937490355	2.55962834093437
0.510802097036056	3.15616451089229
0.415094275520517	2.09197370959933
0.279660058000468	1.10639816203842
0.483206425822231	2.39244279876471
0.113614950725395	0.34458474558269
0.198389821042282	0.449865703696263
-0.0731271290893933	0.109771603897478
-0.047709254462626	0.0720248163184168
-0.0474476065413632	0.0741520340936728
0.0157735977656335	0.0268453826646666
0.111940307893748	0.254160687007603
0.0690458113153738	0.111891434598682
0.279254759145327	0.667111717634687
0.302625051868366	0.692693997223544
0.0199106272451179	0.0314206488635893
-0.329283462313369	0.802385259655618
0.318786889580813	0.579942245644865
-0.115240279272611	0.113043646669926
0.269099239387257	0.258930331476107
0.445638788145269	0.497944324449624
-0.122807861621188	0.0984769130602656
0.576318633124752	0.836388018379454
0.391259512520889	0.42656067358813
0.0943224869367001	0.0931003892143379
-0.359063001629163	0.35602643992203
-0.340331657129173	0.36162760711143
-0.062096471356815	0.0619416333440001
0.401405451305052	0.421848918843035
0.368464119010816	0.418155518601922
0.293743062352132	0.234946816376148
0.299565172017307	0.249865703349723
0.0689668603994172	0.0584636464584013
-0.486704444177537	0.504100888872362
0.489487564678221	0.521312555655666
0.206287540302126	0.230159017188758
0.303617534092437	0.490321087067832
0.200380495676503	0.3315609817684
-0.0501641424062995	0.0469431808702583
0.0144515399036082	0.0157640638658937
0.476615454409248	0.971859427171306
-0.650448903862197	1.91089722594696
-0.139687897095096	0.170999750527018
-0.0210153386388564	0.0177845807830207
0.199728050887662	0.205679587634019
0.535625031193669	0.677043692211184
-0.0431676546689952	0.0501041256747465
-0.485547380642198	1.05957796841496
0.152516211453111	0.265425574826435
0.284167092551267	0.507649947398917
0.174087864648408	0.273539132212248
0.234828440022995	0.346869214245863
0.0223621207844118	0.0297458862526099
-0.0512149792468876	0.0714215627301692
-0.0386528730959195	0.0543152997504872
0.316775222079016	3.65636283964644
0.0784286454368983	0.354605353143887
0.268200437765582	1.69821591741754
0.214836840572092	0.908404929852867
0.180922120611927	0.799731598157098
0.111226691029764	0.337532092437831
0.238951270594089	0.70873941830067
-0.0112883187846891	0.0273746911312814
0.958902589153229	2.11865765906082
0.41197564838886	0.565144937686541
0.308684847708396	0.351635973799767
0.0695741490905242	0.067000322311227
0.411841321069225	0.869541419612008
-0.102778766937764	0.234477201386757
0.325717865881391	1.22840969503167
0.469017583243232	1.05137530692259
-0.00691503411952536	0.00686244156575669
0.453604770572465	0.546364292768328
0.115051480744184	0.178775517411467
-0.229238082193717	0.433467193551533
-0.0223527004756163	0.0295268045346338
-0.120616678181473	0.126609667814581
0.559708537961562	0.37002203567558
0.552274859599962	0.352501900402637
-0.0812018467090193	0.0447837863175316
0.283897014443789	0.137954625985392
1.01635622814537	0.740780345705213
0.436792373521442	0.338304234225053
-0.212861287308135	0.129067117289029
-0.183195729355572	0.112208546086139
1.25909127596583	1.02630289062794
0.537692559318257	0.522274267768379
0.0720790546598283	0.0380492674228494
2.05114270811155	1.43373662128885
2.05128098744579	1.40845651048439
-0.734494714474408	0.453141137325756
0.0502758484532251	0.0217163817911598
1.01353545671271	0.710292945537521
0.256606811412926	0.135398240320282
-0.532088863935551	0.413706190216541
-0.502658629782124	0.583289316216701
-0.289682882517993	0.460029793429079
0.77593553919082	1.18349999905917
-0.12677838952533	0.131671965240053
-0.60691818865537	0.897491295463088
-0.309041637607746	0.576706577116687
-1.01425637102353	1.13593505929268
-0.785222943783837	0.693494210944755
0.557330550506851	0.365546047237716
0.451673579078568	0.332396559850132
1.64921708895611	2.23296971735264
0.60714038773021	0.717895846341739
0.00809587935654973	0.0113455839937916
0.0190712621706057	0.0307210141625141
0.250350308001154	0.520464083378188
0.0444083258585665	0.0655853941874497
0.162729497198285	0.925503101839562
0.156352829924072	0.660641045473665
0.110013049620374	0.391505870587582
0.229945361248074	0.918164311399611
0.308910333586296	1.06967954414483
0.279478092804287	1.15337393452515
0.441536625436267	0.717061126177466
0.0536775704860896	0.0515747162061935
0.481163991402814	0.725502511674799
0.00028777067570725	0.0000852298975527251
0.20194796672289	0.319665138075217
-0.0169199711826546	0.0275913472096313
0.476062131202819	1.69586348967608
0.0969711577858252	0.210518353005041
0.0847380884867363	0.0773777094014153
0.192594080220262	0.186096205016005
0.501023374072864	1.08118899704251
-0.0899721898410057	0.130847523455758
-0.125149716710219	0.176454506375757
0.381301974443051	0.381839805085975
-0.548620006453946	0.362377925414313
-0.137353085991004	0.0623091255268274
-0.99582381735181	0.82015917009307
-0.957060153042827	0.96101563893851
-0.482047256779283	0.381841318413264
0.972945244378216	0.915013368681636
0.866187061691787	0.561928237508025
-0.0412507856335477	0.0240866340034731
-0.493976763476961	0.346638397451575
-0.198386703172168	0.160856960118179
0.347556030038495	0.240388134240086
-0.990288668408198	0.789785608456409
0.0769888180135923	0.045540985994361
0.779085292937324	0.529430497477316
-0.0510732129557576	0.0292666395820069
0.0802209450302158	0.0481203103162266
0.0749198187987172	0.0443043572463508
-0.117609228558155	0.0783103599532933
0.208731433434933	0.144904837511452
0.233730246604917	0.333255604519196
-0.241348487280447	0.169627282525662
-0.284040850203219	0.259944323956806
0.346546552146735	0.403419170385817
0.0878461759696793	0.0982258153789575
-1.00165040523887	1.42620209470804
1.15292378602481	0.860134525446921
0.0661923058409716	0.0347335449173376
0.0732494558311284	0.0360778958897765
0.320246841109621	0.243476730129085
0.1941353803282	0.181044037986698
0.134107513661337	0.246099946842629
0.162671351166909	0.343791548700547
0.165438473618857	0.311778429380031
0.172446984907383	1.33397504452415
0.185445926509994	1.16283991514557
0.233818105291566	1.5018584158126
0.445987151398459	3.02916552395877
0.477254710970745	2.68898870833729
0.191347973256338	0.766775851962244
0.119452016215313	0.16242510595121
0.05139422935738	0.053948794020963
0.277941747763633	0.392369409743732
0.11954098049187	0.141135668033163
0.386412060453685	0.864697512258779
0.18768534008503	0.446349454682727
0.0992395379497838	0.237537524163135
0.130563202929605	0.341526357695813
0.194658712264027	0.553565150719382
0.276372180021921	0.545846569772593
0.211705430684546	0.318593603549786
0.366769078785519	0.717845061057575
0.35289166106132	0.839587810192196
0.137188762776455	0.202598613275712
0.0874803790310126	0.129049540372113
-0.191744970143323	0.300277304303687
1.13887714794845	2.23347289766372
0.194200873147698	0.148289700385989
0.0938318364891648	0.0560379237517188
0.665007399263127	0.589547765305561
-1.55186605536915	1.36704789422727
-0.117674050431482	0.0783828971215223
-1.03162439825321	0.66151598287348
-0.735683519294003	0.456102339589713
0.52997153479043	0.455211266906933
0.198848351982512	0.119625691345862
0.20631832559335	0.170449877416405
-1.75761282543406	1.98913940016395
0.101797726376721	0.0725484341197561
1.16618952511699	0.748043008749078
1.50330787067542	1.80764094761057
0.819100071195131	0.627713323926333
0.215069166471887	0.133726917383613
0.331638668598797	0.243622467524227
-0.0127555724758324	0.00960914119318456
0.614939777457317	0.854607539449986
0.0915004543410696	0.106354803719353
0.417510844859615	0.483255112671631
-0.348148494306046	0.412942789284409
0.634989457892737	0.97367792663187
-0.100216503804599	0.11956879254825
0.209334586666311	0.171150307641769
0.903039540750619	0.896450989750527
0.102545011779951	0.068239383880847
0.826124428158413	0.656147059551876
-0.078243855668464	0.0542802909111303
0.385443610122343	0.432825219504169
0.00748763818366203	0.0120167996624359
-0.0345027958628439	0.0539599827701859
0.0832438116657473	0.14781495458402
0.176075745660358	0.349035020562651
0.021770445487641	0.0340791733137896
0.162853957814581	0.973839460757935
0.518608363226578	4.21053798795581
0.500791464182772	3.50216019201042
0.319853007244022	1.67826903234587
0.935750975289786	3.14111549331531
0.243943007847041	0.363996227091118
0.714922286548167	1.46485562519608
0.226915912454313	0.291717796802389
0.369727417295322	0.770613112768222
0.334474332869799	0.931901843149367
0.445351632944016	1.70744989298686
0.322735478541099	1.11151938440425
0.149806165217552	0.361335527647137
0.557940014908241	1.418129557402
0.443773067017862	0.884330025707585
0.235032270150672	0.256857673102665
0.0760278632324431	0.102770258955925
-0.479131902683996	1.02685555571106
-0.247226516355262	0.404823224905285
0.599693959654015	0.842346516432606
0.31513549329135	0.251047018498733
-0.0773735761258119	0.0423299118051431
0.0895253246974595	0.0528783270309397
-0.137718436660165	0.0610713540669825
-0.878959815918289	0.591192077356994
-0.217440058331136	0.174526334019165
0.803002907473577	0.754618896594662
0.928957558445998	0.789232889437747
-0.789409724976566	0.69864382359178
0.533212023068493	0.535761981309101
0.594715179016216	0.478334786090768
0.114390471204595	0.0769380191162574
-1.67969549682815	1.32075378636809
-0.484449403636966	0.335965531862018
0.688449003034111	0.506458624938606
0.909375192282297	0.67176653506035
-1.24597163168882	1.08712772072752
0.541770016270172	0.543728848356389
0.397853528912297	0.500775384366378
0.110856888001488	0.129151402304268
-0.230752300072303	0.204838141846057
0.182542727730924	0.16583669020532
0.366606624180002	0.387826268504226
0.191761417577091	0.255090508020622
0.417541049850964	0.422583988826593
0.870212874059126	0.776862744711901
-0.976545449844433	0.901451223428557
-0.368416525021836	0.239541562845689
0.634221966399652	0.475633680752384
0.287765821591147	0.354389817956026
-0.136823190882734	0.222971474238467
-0.0760238190410823	0.117589774928942
-0.116513225636457	0.18817100763484
-0.0680525323575502	0.105680457611048
0.0083574562919058	0.0117423093705555
0.0644658918491095	0.099282604057738
0.250378791782734	2.32232459875921
0.641477785779995	7.10201656733037
0.453136512061786	3.95911423709099
0.42653845829934	2.8093924551627
1.04414599591765	4.6819055398887
0.280917160307808	0.574379344791707
0.524670786273951	1.23021985851515
-0.136044160441172	0.198358510182982
0.604285241204397	1.85638576686621
0.474876359301414	1.86601949480518
0.487357670369281	2.10827930848194
0.450590770522228	1.15186395534093
0.530045505595429	1.30209683231857
0.611455165454533	1.29553580264777
0.124429578685316	0.192200544842195
0.0461487308152074	0.0688722771730299
0.171287724749021	0.287682146795331
-0.568001320838215	0.789077054032476
-0.28520178432975	0.245867609959274
0.0834113929916377	0.0482242713077464
0.4654956904423	0.351899725833983
1.98049689737828	2.93924900130066
-0.0980603822481309	0.0664021834737783
-0.532302939331361	0.413613201082982
0.2087019922293	0.138141108509973
-0.3257841806848	0.243677195116908
-0.235318115107712	0.137632304153491
-0.840999959421631	0.989471067028652
0.208491628471433	0.131536709293353
-0.182981493878671	0.133561518484434
0.885181171855958	0.831922793755486
1.14147489082774	1.15406912884595
-0.89694090543209	0.685173137243361
0.315574471870228	0.234972241904257
-1.18286328449721	0.828985236472029
0.3874410092773	0.413948521919831
1.13080647533155	2.13492351725287
0.148015359037188	0.192297061238608
-0.0684565981315021	0.0605275541554047
-0.424607281184661	0.465513637243057
0.0550785757033169	0.0483993285778698
0.0842710810895397	0.0995941380206042
-0.343190475121192	0.4113411291471
-0.20663248281649	0.123447740380316
1.1682930462958	1.25058242164803
0.272631758645091	0.243849859025954
0.369384300910761	0.330427851833888
0.162635407510823	0.182195432257021
0.163759404739209	0.284173884932699
0.479196443539011	1.25329778637514
0.128693778769156	0.23504529326875
0.112142311370632	0.18702186498464
0.659457472505821	1.673936636898
0.360095426775318	3.2537541942266
0.284790889046496	2.52322864309634
0.485111977093579	3.50536059729838
0.579196666695007	2.34778321885893
0.60226793959428	2.11091457884259
0.352613326107833	0.914339047744771
0.567199657515701	2.23015784475705
0.460577048790723	1.72954714973097
0.469709692289495	2.08381125207465
0.416406639522476	0.964122682879109
0.292620663731835	0.585715104712146
-0.0169418641895056	0.0235274473410723
0.416036647001961	0.950312133043425
-0.0786305889189878	0.0999075608458564
0.711479220858928	1.08686010496868
-0.430427909112057	0.534074733858661
0.634942787047874	0.873278012920816
0.464485458723629	0.516247026299302
0.410487357715732	0.484496943183515
-0.312069611488456	0.315260455661278
0.941249150113907	1.71543603593603
-0.42247462598238	0.441990295286633
-0.529590464791224	0.708452228850137
0.611700319452324	1.03845496601462
0.113933017881961	0.0910165209192301
-0.00677864764590564	0.00520603513142919
0.359337100241989	0.385176227416175
-0.308623601499915	0.30429514978326
0.551803736261668	0.619612974580364
0.495652141914304	0.522463487767859
0.600713835837245	0.65448887311007
0.437736504616954	0.486701454356861
0.611433082503737	1.02444259687789
-0.368120140933869	0.468405224688081
0.192471485489722	0.191060545191069
0.59309971770618	0.918064050167049
0.374335716294014	0.432082027338314
0.511711448020471	0.881052763658427
0.415168376301479	0.521431606275045
0.0514735487370552	0.0392902011563721
0.283164384850948	0.247814637563903
0.566245765113392	0.70776889322044
0.258356415653059	0.310553562456769
0.182756198031212	0.259342366360066
0.61868450651318	1.49767417738488
0.245335052792608	0.329715266161494
0.170491175458876	0.342764596588964
-0.030540241893932	0.0335991969876347
-0.0899709080691558	0.0597209523858331
0.304530848435994	0.235937854086075
-0.277779114109335	0.264536628994541
-0.321534561547419	0.215490291915749
0.721247833007993	0.72152847848703
0.333913354409541	0.233676868116218
-0.36150047346798	0.229872151616055
0.099075385317717	0.0573116698190786
-0.291637228160478	0.21969932817586
-0.0959688077490394	0.0739769211808338
-0.642362301974298	0.577890940165596
1.15870420620546	1.46748274232439
-0.552051317472646	0.377239613728315
-0.141918351085451	0.0918665337781374
-0.566625709621235	0.31307565270895
0.193295913086719	0.14374848094895
-0.768344002352346	0.545232415973062
-0.0286903109717962	0.0171011883128955
-0.0843530164248011	0.0909970231116759
-0.00262307801681516	0.00349579397703795
0.346474046955688	0.400801687540793
0.296645476812181	0.314591627982947
0.0702530818163969	0.0732733915116477
-0.333044992096762	0.595364641963461
0.580812557850425	0.598832266437512
1.23810506495584	1.32750251470684
0.10906263260651	0.070109714379336
-0.556018534153468	0.382899158136511
0.905405962705885	0.893463873269107
0.640610301957051	1.14300674089864
0.422745877232013	0.987548189347046
0.135982306723856	0.250743655113458
0.325390079380609	0.508527924403129
-0.489598505096148	0.550636770704293
0.12584578755509	0.102487191704442
-0.565406935972304	0.561759074289587
0.619065125568727	0.649305096413897
0.203816947547934	0.144232926776003
-0.0581902262274241	0.0410289258577184
0.117199683991559	0.0858128631580567
0.917265290757436	1.1555022903437
0.030195942529393	0.0202817852028418
-0.501969907517259	0.755153779483135
-0.727360328268129	0.752002677967885
-0.358015402269353	0.297835171608299
0.100598280401604	0.0645903070522344
0.676104008725025	0.607084859472656
-0.700846125382292	0.578054869027897
0.723586995068478	0.701818244780304
0.31259475908515	0.25091929908142
0.0713429260315127	0.0585921958643042
0.454216224383281	0.754217500623605
0.283367151731307	0.495452831473778
-0.270748915562697	0.268902519026102
0.214602957960394	0.239548177794658
0.0634461803766234	0.0694770319020398
0.0516702832349343	0.0736602489078901
-0.106436276667392	0.0945698654292656
-0.333323873133094	0.311322927167429
0.566657050980679	0.465442899383961
1.33617597965111	2.32807608753389
0.408287524027451	0.879515437694659
0.562251353646147	1.13355334962591
0.263303319525932	0.341903931597326
0.195249167363415	0.227715467762717
0.627808012783631	0.795118056829101
0.673320218947329	0.992309926817114
0.475294922033088	0.726559118848241
0.526696570424116	0.855578487822754
0.687261686243846	1.20685364382523
-0.155692903106532	0.207220846370666
0.387116527375083	0.490081645265792
0.100963839395586	0.0950356728909964
-0.428560390617268	0.50906159838009
-0.0751175188399232	0.0617009086112407
0.259792433351591	0.257292634858111
-0.114408868718245	0.1104804119757
0.84626048192613	1.27815203770504
-0.100157905278376	0.107995477127232
-0.0285101385587608	0.0354224655190272
0.537264131536481	1.0682729390372
0.129850702560045	0.157308870936039
-0.0547471502722483	0.0601768607970959
0.176585856600619	0.227627448674201
0.0999265972687495	0.137759700144563
0.126999011269148	0.170614634584599
0.36877021757702	0.488085482824914
0.14307134283813	0.14286658932364
0.241856205458574	0.266188267138756
0.139339257048358	0.18384147959828
0.465345158958899	0.970312061776266
0.326351581229362	0.425898618041892
0.484689747656796	0.599253953453816
0.75180577232538	1.12516308034281
0.37133710008292	0.336766747890741
0.916027774319297	1.45336076942453
-0.112385896284048	0.0881600948433231
0.388210296317128	0.622183551562133
0.287556734598019	0.24472712446548
-0.361867480274001	0.383733721404855
-0.143515826907946	0.123011092899043
0.529295846154227	0.526416616270573
0.281374886593248	0.260012199360066
-0.430646485805312	0.449609985869511
-0.0655475612841453	0.0464191424047457
0.718782734263697	1.11630997392967
0.0194920384453967	0.0228636274051462
0.192589509658098	0.39192273023614
0.550378549989315	0.968267030438107
0.00490663299951508	0.00534401795965297
0.0142962989555275	0.0170222960619945
-0.184791358735554	0.332073384097756
0.00038957423996912	0.000490086044165539
0.00680366152464523	0.00569772400232538
-0.221694296092732	0.193154825518332
0.379027661980096	0.414031988768156
0.151585660994324	0.187658940429672
0.294513249239135	0.579092944142326
0.287848039154006	0.526050327958801
0.246274573012887	0.408907003813951
-0.131648816557825	0.189595043841203
0.0070888191208385	0.00908654599783266
0.218409438980387	0.341624664259659
-0.436996920527741	0.884927045390151
-0.0917631793911837	0.123064656084757
0.506322079374139	1.04483505499372
0.0739872055279295	0.0946796780812537
0.135269797940004	0.182809695955503
0.265334316417676	0.433111119653519
-0.044354065180587	0.0591934834427798
0.00285410543224049	0.00342453660447395
-0.283695146813283	0.38346076086674
0.24809742724825	0.371299307638481
0.299256896456807	0.516559472329921
0.0742910567122384	0.102859954599489
0.260731139660996	0.396270974919803
-0.0669992952814211	0.0967950768159702
-0.1432821962239	0.209840829055869
0.204456627721969	0.332830991988142
-0.126335371509991	0.20716796680068
0.507286137891476	1.21102187353385
1.16871119392516	1.49904704419562
0.124231210253337	0.225943498737253
0.0802398699526155	0.130607343224834
0.248605204491732	0.496267656939586
0.326778349834096	0.716319512235787
0.150296364490441	0.258777928929712
0.240869535773148	0.455374478745125
-0.150743308510029	0.266884020022603
-0.225206403235549	0.412383623062791
0.585750292043674	1.38859982409344
-0.309419593491592	0.579190194763326
0.0340220683052113	0.0444540446226013
-0.129251468689396	0.168142848681896
-0.05146738986014	0.0687194669902723
0.492244189312685	1.07896276791068
-0.447748063956535	0.803115640173899
-0.510416386445558	1.21611676738314
0.213530599749385	0.413932361094171
-0.22149580898704	0.289496812441137
0.00543005020722385	0.00619674170751394
0.229296225855895	0.375505546490992
0.213878924378339	0.322009005606419
-0.0780996595087601	0.0837634829505456
-0.139558088947188	0.205296152000668
-0.286452755355306	0.557159451695428
0.115165240825306	0.17212365719201
-0.0928354721272578	0.146494244586318
0.185306982547507	0.341847444833356
0.40378576200306	0.403920389786445
0.416787608050279	0.247601824530456
0.864927014531281	0.789438628294658
0.208726810452864	0.164107567061889
0.149834795557798	0.290716548136117
0.0377619831533331	0.0617217861472563
0.251424364416414	0.500476099456379
-0.18463709474191	0.318393243233505
0.195564601040306	0.368671885672393
0.387387433436941	0.86480252148604
-0.0186986490537983	0.0252269050891376
0.273586313283307	0.575024731659814
-0.299969686686836	0.558922741562394
0.194693710382269	0.352356648307867
-0.0397084607050102	0.0571228580944889
-0.261513027501404	0.478746058336622
0.283229072647285	0.515493864316553
-0.0165490420580709	0.0218289988372193
-0.190353976998272	0.315548057168642
-0.280789178927918	0.491798407870278
-0.262603669382984	0.494184854424191
-0.268171171578654	0.483250871530062
0.0090995057884801	0.00952434458020386
-0.0272163814645374	0.0343791464601337
0.339100401667348	0.59423079566053
-0.199020471368129	0.283117843820247
0.489956200055506	0.750364148676353
0.296428920641765	0.560593497790887
-0.0242908848568065	0.0328992960166042
-0.31966025796438	0.664843819640918
-0.214499405738267	0.376230068477206
-0.220384080917834	0.393112485308322
0.0352145052227911	0.0422085315200859
-0.451207035325755	0.45980569662646
-0.333305772621946	0.218363456961644
0.573954099389811	0.469095891552072
0.466335892942987	0.419680375331061
0.26113701141486	0.584535657221361
0.322682383022565	0.735272050792135
0.243771966500479	0.47121955923339
0.426449055835813	1.03891952499436
0.442881668000667	0.940506409862277
-0.129336058731179	0.197443723493739
0.182438535977378	0.319075811705484
0.811893376366218	2.47311018065494
0.338608195160714	0.601608824028908
0.243858032185876	0.459072718788886
-0.132297616882737	0.204865654752927
0.149312606864928	0.233045774172823
0.0659495955967945	0.0901943857607075
-0.133141884969803	0.183381837695233
0.0254513895337643	0.0303299439065357
0.340982112790061	0.611786610467061
0.227478032690998	0.395008183136973
0.279791117591079	0.456830319293725
0.34320610524723	0.67309172064641
0.0711041531614416	0.107846281146509
0.273474695898057	0.415925797719724
-0.33173201478005	0.557053477787927
0.650885430728774	1.49974794203078
0.0419238140713388	0.0496378120516833
-0.163340505665735	0.207490902803882
-0.148957064602607	0.222005140724626
0.172185868427487	0.247464557929248
0.0894828561846176	0.118338415332292
0.438559562323416	0.944121778924147
0.129339423407222	0.197217931445599
0.199749006035895	0.297405106973557
0.297901801576529	0.311568268651428
-1.75986337799018	0.996228081985066
1.88252669021831	2.02163074628679
0.491360022643753	0.511833015463361
0.941955898813164	1.47278005687679
0.469686900168254	0.442296180949119
0.729882993079834	2.37626900982771
0.322415716422786	0.641421570119252
0.0188824157147871	0.0254991699911862
0.601216989449129	1.64236939148162
-0.13378871479031	0.192030322156195
0.0197132046470972	0.0252447417663268
0.258208262021866	0.435571998294213
0.272884910486986	0.453487113493253
0.134601201063636	0.214580564287122
-0.145899035900929	0.226732839091958
0.198026419108447	0.281445543648526
-0.0440580882689582	0.0548178085724093
0.0698161461627551	0.0851754811903504
0.221188046791516	0.3105120719031
0.142179084437293	0.214685658515056
0.0452121299071089	0.0532092265696244
0.858271740946092	1.8838030657656
-0.0565218902141193	0.0751056977316679
0.261157687024505	0.478862901541028
-0.130945725729562	0.179508716783727
0.71184560223509	1.58509865421647
0.379115116724	0.703387016793001
0.449618603643204	0.913521453919666
-0.0189942663537805	0.0222616276599738
0.287254768597737	0.548528656376165
-0.814456894952904	2.11623819766096
0.366166864407179	0.688765045399266
0.337973854059774	0.631704339211666
0.362197157580857	0.848830416897537
0.300444481271406	0.555067966765538
0.397786366606221	0.560457771744313
-0.181490725940613	0.182262782016646
0.0587132752969157	0.045161238051021
0.400443547263485	0.419710717543332
0.151680117951539	0.140513970160682
0.136226295127584	0.170474833623088
0.26793080017017	0.340725241222088
-0.598451845083978	0.765606794711908
0.284834525215525	0.312403687403189
0.420630423942606	0.550441927487242
0.653850760708313	0.736511286634357
0.499266809036353	0.891501991865207
0.869496884975435	1.9525074892435
0.239951962817493	0.248046103636251
0.0216795268977204	0.0177992515647536
0.339031321212276	0.441923581917036
0.682557846646758	0.890066502321638
0.561846196368616	0.879282410618118
-0.179789657342665	0.222318386028553
-0.579430197665304	1.12257081766031
0.47687450775545	0.745989157449347
-0.347675227997492	0.450372686962782
0.490289054040324	0.662768574061157
0.844478827158317	1.20397912732543
0.0428839909633588	0.0332322882002339
-0.264814439818745	0.256013357043682
0.256128003097757	0.233308197887002
-0.00594065785485344	0.00590742124514197
0.0543957325894592	0.0668217874672304
0.0326408341118723	0.0438037020952879
-0.377068302896034	0.532625001084575
0.0295772005256688	0.0344735912757243
0.463097023147429	0.802999112654612
0.224195004463119	0.417073785859165
0.101133739420394	0.130141878653157
0.852120554799661	1.2085352989275
0.0783397577773266	0.0692587990681523
0.397871694469417	0.489715135487474
-0.119519033866945	0.138428435370546
0.281879159012238	0.513174332545989
-0.00358894076284166	0.00488272498857321
0.119999171481599	0.173263038392921
0.230484839248985	0.402969549927153
0.261956503022272	0.459497311541789
0.266433935229762	0.452180803910648
0.668337111273833	1.3582462493304
0.28033932606684	0.477028091669722
0.17576659446813	0.235511737841222
1.04554982548094	1.86030346634875
0.127021916561527	0.101880944709096
-0.697149822984553	0.828152774691653
0.132865387805649	0.11340815185434
0.129082943592131	0.110155903134088
-0.236180207709037	0.246325617797927
0.0377494665070569	0.0341350499463666
-0.0167890713141721	0.0182776683993617
0.449761476770253	0.495273610461672
-0.192804256854838	0.157536775069085
0.537104962851449	0.618803951012833
-0.0551125748008569	0.0395791157305322
-0.168227648839488	0.123944372592225
0.552180834219289	0.61938154015087
0.598769785671928	0.614438425665385
-0.031241371081923	0.0266695594726469
-0.0992792784796628	0.108249958175088
0.139032805192051	0.22073657524355
0.162355245671527	0.192266026682724
0.0791277880622897	0.0896386960540349
-0.286886979663936	0.443665474922433
-0.099939906415857	0.137120243428231
-0.409221965041047	0.634085043529101
-0.0329734078428518	0.0237052082481881
0.110327910125442	0.0830063505618118
-0.25820155979519	0.198991921187789
0.678204727969511	1.29030366272797
0.201562683306152	0.303062350434459
0.338607294678313	0.78652112787555
0.138844026795397	0.208873764577408
-0.0377640834422737	0.0521930921634075
0.411176320914107	0.874055980674802
0.392841364686394	0.865823903396176
0.055425355742792	0.0699680144690191
0.0560542129917117	0.0676807160517427
-0.0650668839197929	0.0910744164568971
0.423709163373334	0.838448313434875
0.416236155797029	0.794715892646595
0.200866475088409	0.144080264858857
-0.469311238378923	0.379402708015517
-0.0403195863243506	0.0287279158869875
-0.239145398157456	0.187191108224532
-0.0351176977075331	0.0202898811410943
-0.626058472119175	0.532189724023317
-0.659261816194349	0.992745432327018
0.661726388185084	0.592335761423385
-0.929028668979551	1.03762166513321
-1.1768448671234	1.3368946719542
0.0717554779884823	0.0383267786608151
-0.886208198144246	0.770628532717357
-0.325645532892491	0.216281099109399
-0.702939931628061	0.579759091516821
-0.432877676525993	0.455098440990586
-0.844383289556603	1.38795558764609
0.0741071642654865	0.0942162659403423
-0.297820108111437	0.303915979716866
-0.424269529199452	0.469000945995774
0.231878590053739	0.300896721965403
-0.399555147360424	0.633385116469319
0.253599025069516	0.236394505299052
-0.282300335722184	0.193041091082751
0.256932157681408	0.135671018323139
1.24737070354416	1.16492845646837
-0.0029845896593299	0.00181153612744702
0.135603704116181	0.137487268629154
-0.0982560188981163	0.151957685397986
0.321603167000357	0.713677444222524
0.222787513637263	0.458793993356238
0.309414977654571	0.623613223475848
0.340934729839978	0.739929219862336
0.191393968684448	0.219959791929492
0.110664378321562	0.148838554983351
-0.288417087681992	0.492864442870468
0.247344889296532	0.375481007040835
0.541219480861	1.1969148584472
0.43900307840323	0.998209043077509
0.275394564957923	0.305727581553045
0.440905738569848	0.505966261513581
0.417018193461359	0.474648579005176
0.333975377278506	0.338011151288736
0.466291207409185	0.504508411912022
-0.2328214805393	0.240043519709936
0.319162053308214	0.325152270040552
-0.243522408277526	0.234996742817354
0.191246655768887	0.176015525017016
-0.457254357802004	0.625580860206574
0.19628173125089	0.182346940581836
-0.068252845561244	0.0558456500123676
0.035308028771232	0.026848476748922
0.994682989262855	1.4254044288398
-0.597484775748551	0.580396940170325
0.279422650983057	0.247801388268216
-0.104503943992662	0.0676504666649986
0.596516220328912	0.872129198295511
-0.109624024789867	0.121089603982511
0.0381896055158968	0.0503524042029101
-0.441026959324751	0.524712993224453
0.664560300871744	0.991370503533831
0.306012936035664	0.387117408310713
-0.233822965532193	0.394029547325373
0.541670952347265	0.831399339631695
0.200590011388307	0.147845594936248
-0.809122373585292	0.937835532665143
0.594518532931968	0.723377116112381
0.364521731887952	0.456266297946728
0.286822879519818	0.388274599873884
-0.166374902082063	0.289342756932482
0.214401933991186	0.404658313376514
0.257785730273113	0.543801130617513
0.203602493743148	0.361984986060537
-0.291617844068126	0.620502807289302
0.351236695797724	0.527774770458417
0.389887956142261	0.710862535153813
0.314793099108562	0.557254287838731
0.265238796965287	0.457430595225141
0.196140889698217	0.325530492252133
-0.131376974763865	0.186968291878438
-0.0783235718025679	0.0953075147644832
-0.228474324776963	0.310759094228278
-0.32146165029397	0.503153375038797
0.798627124306619	1.92386278862069
-0.535368056493569	0.954224197201914
0.130933143373827	0.144523269770586
-0.155000663185387	0.246227948545848
-0.563006500958752	0.963154053132239
0.485473955846313	0.927573789253272
0.284023539169542	0.359065035975921
-0.194545339370897	0.217530498757599
0.339752949979986	0.402298150969614
0.139609781447047	0.152395287452645
0.830496142536595	1.40287612976973
-0.593330278113637	1.2226813712069
-0.010870526720542	0.0132899315478725
0.537324902689759	1.01415083624227
0.00359580933565985	0.00356257321903779
-0.67119268933921	1.41105656660648
-0.0964928719775476	0.111980200169475
0.3691270711434	0.624759530228078
-0.051317810585662	0.0615203979418799
0.415969506180926	0.568488877420432
-0.318729036560909	0.429595864919842
-0.0540836545436622	0.0606990900207371
0.713659972920299	1.64054419634259
0.165159943121138	0.26343343719718
-0.305700874633562	0.418842589765612
-0.130643508872634	0.124551516049791
0.243508952631025	0.256538869996192
0.53412184899632	0.81284022110365
0.199428813329808	0.228562555288657
0.153429837958151	0.210858469852687
0.505842430289564	0.850612228248595
0.253715332922401	0.572339682612261
0.344047641311371	0.787118759801628
0.21599313352223	0.408348124505447
0.527619234804372	1.25862172165524
0.304592770028057	0.558425696373982
0.373915155598561	0.760114805664846
-0.0670509037014474	0.0860504245764006
-0.0196532289907723	0.0250863937722958
0.129456714121035	0.164844883708366
-0.402172630495566	0.828449843535528
0.287885435325641	0.439761383637145
0.428694625716059	0.824893779225992
-0.0390186544819865	0.0507418277911967
0.265532338917039	0.342588669078056
0.0439764360553298	0.0482155187137289
0.408987610725808	0.765663388610805
-0.199174396715243	0.247147564407059
-0.0188840002195291	0.0230147671351638
0.100060461693196	0.153790962375284
0.244567631781419	0.302432466875745
0.185846820457732	0.238590220452657
0.442788302069793	0.784806840068788
0.192019149704784	0.234907673750076
0.391775896346708	0.551999039888402
0.206820258535746	0.308124406433118
-0.099660273576711	0.141817233456222
-0.024933838679709	0.0296718043304011
0.0546890599585333	0.0663390367314206
0.0647093669389548	0.0924476030404445
0.409919725494924	0.798235918361296
0.39623348110111	0.57122136518449
0.203386592776884	0.143223083972133
-0.808934208529377	1.04795890031886
-0.186606297123793	0.150664297595965
0.453826022699362	0.347181103675223
0.107667467936196	0.139938983785011
0.333207347597783	1.11306529582554
0.428308664338106	1.33656190449793
-0.137052563537571	0.239074487729028
0.202977854102075	0.391838236732224
-0.0494123910269977	0.0674089101654516
0.36526554402696	0.821187832698195
0.192328369081414	0.336152101300239
0.048053904853544	0.0657059950034657
-0.253455202809238	0.413956170180116
-0.0400502155463454	0.0561267241779869
-0.259779429475237	0.501236742348809
-0.122993609670627	0.166560162053314
0.0551529902737257	0.0705341120928046
-0.0484677659933768	0.0576215015719043
0.415947673743915	0.713390737877213
0.634990150985324	1.37592234661488
0.115071809861908	0.153040551895408
-0.116621202252737	0.142155368685408
0.14136813768525	0.198041329411825
0.0953935176586544	0.142707705413441
0.290981664016903	0.421569504867397
-0.06451207493625	0.0765558352115239
0.423722385448181	0.839528604019807
0.146570597739594	0.201826626149282
0.156476739606685	0.195847561227925
-0.037965127290983	0.0496138661090161
0.102963240624879	0.139894753571793
0.42097306725471	0.817635331007834
0.113134460050461	0.175470244963668
0.0364696205255178	0.0529173627788431
0.263594810758737	0.3799966537232
0.551943772500688	0.686597001940105
0.370578218675381	0.409360471885728
1.31356876021252	2.13419905040875
0.161779226330768	0.492302457193633
0.153537624644223	0.375382336775073
0.132078026456741	0.282855373249516
0.073797673708431	0.103820017940217
0.254478570474728	0.456866161037405
0.263822109437918	0.405003556108
-0.178525927779651	0.207764181384584
-0.12703862270416	0.149771120054065
-0.204695567911983	0.286141681175574
0.00554903478536683	0.00555289688714011
-0.353391554639378	0.546573943226145
-0.0693177279809067	0.0784581918784206
0.29060534940189	0.525407252436074
-0.0958177377721443	0.0921902930565928
0.15521272972404	0.184499754857331
-0.403425159759346	0.498971529965306
-0.345941400010206	0.389748328213896
0.409433194526292	0.544233843087674
-0.0542365885648788	0.0458042551917236
-0.106733349934848	0.0927030541764
-0.150144351606538	0.184846613762869
-0.449283485313697	0.92382333893802
-0.220785155911114	0.417506867349433
0.18823600916156	0.252633816888421
0.185685056009247	0.262084481855564
-0.096059003841032	0.12552501483571
-0.110576450805281	0.167508708009883
0.336413514503923	0.425629069277476
0.119394913971448	0.148310936115241
-0.209497153648749	0.354966201014748
0.259712275479441	0.487930073502734
0.520059341634866	1.03374174634568
0.147728790032851	0.349152894759039
0.239878989614896	0.742383779628716
-0.0724303342260252	0.126031628477876
0.100273518892567	0.166303742524523
0.43844656296198	0.983898999355884
0.175806449657621	0.297086430323691
-0.0679990214558056	0.091840980079349
0.617924133298395	1.71548480281237
0.0223125784625656	0.0290950995141506
-0.247532818690157	0.351900324040305
0.366247136469574	0.698780860357801
-0.0541650987393156	0.0802436398865909
0.635666681769693	1.40429502962917
0.028240828393137	0.0336211496802922
-0.57641239320824	1.10087510791816
-0.0340122279302449	0.0348130708116349
0.0896601578926161	0.11387717372262
-0.175222925202744	0.247830575453404
0.00528270152858365	0.00486238233180463
-0.361535204365384	0.593608286941041
-0.425669749945193	0.985605735902593
0.537151453204133	1.03961832440119
0.361417109326385	0.562814065819287
0.104940163213833	0.131758622315151
0.105876330177177	0.134432322970845
-0.0716445760430923	0.0914387713512015
0.141565424016529	0.210053695947947
0.183754454280093	0.557907219526381
0.227714704265635	0.779339298139368
-0.0212764833134862	0.0381531713902782
-0.090761925471452	0.167035987140103
0.435151267143187	1.10630630031041
0.502873914623758	1.3557142661717
-0.0781795406052262	0.114879621962306
0.127714526752449	0.197786191888382
-0.061545563349877	0.084111765673305
0.256657585275598	0.4106738053407
-0.363445116363629	0.760536473561626
-0.112389104107931	0.198872347904083
-0.0461848133352989	0.0596971480646864
-0.234380147770253	0.404944357300663
0.336590537904349	0.578335334780231
0.554683208550937	0.933053080428074
0.0985257172408687	0.121855087697076
0.211186195628032	0.289078477639508
-0.0471609210235036	0.0536307622725151
-0.149214678237365	0.225723483704356
0.349939069045059	0.773334385971745
0.338967771722215	0.602289905898461
-0.142457327146666	0.210993306460371
0.56247334336379	1.17354111503336
-0.102847084673431	0.138992278447614
0.00857879658309956	0.0111077719364402
-0.098861793229076	0.150246855843833
0.209394779877324	0.303811987057328
0.176097407121096	0.242433020333747
0.229562181036988	0.857965893060593
0.364358315889768	1.18850740630517
0.0883071914645002	0.173198166792933
-0.0859031225799127	0.15434195429065
-0.211844701671695	0.404408416281944
-0.27276369907799	0.501507710029131
0.14445246474873	0.27717882516677
0.229283504758872	0.435907405523749
0.0308436733886341	0.0422958611713623
0.194347939301804	0.340391695017987
-0.0671409654754248	0.115397576057726
0.181268232517557	0.280227982799766
-0.0430853124388252	0.0543446438687413
0.223732908872008	0.337560675905223
0.0435785151443016	0.0526201168476365
-0.207024892351383	0.298389869831101
0.280251999739904	0.420691232134868
0.0433020061655029	0.0471527469422791
0.05294070486379	0.0744929667363337
-0.047173678975736	0.071432869616345
0.116105575981531	0.164818826528665
-0.00379570343391348	0.00477376183023712
0.0718076831046437	0.107266716323413
-0.166406716544958	0.277855869781073
-0.149355653821631	0.241736011858464
-0.089910633106029	0.1204448754928
0.765029413091618	1.72506257860391
0.324613646153135	0.540815080948597
0.225010003242715	0.432498366227128
0.13757421000391	0.462175394569996
0.0786881630152421	0.173826344089403
-0.0498991338413154	0.0883068833310395
0.561229132111415	1.89370940916435
0.800713736620974	2.83771062571554
0.736118543920245	2.38776726172153
0.144075794328973	0.233346262643661
0.470248248222369	1.17987171689678
0.32485893774405	0.64631987802157
-0.0418171006743559	0.064051765229899
0.267356591075344	0.660701815995747
-0.256702619296227	0.427579453364452
-0.203528217721934	0.320086434553779
-0.016260571127179	0.0195090850852372
0.407384698817245	0.613652118062839
0.33024840790641	0.55623849639513
-0.211829591382267	0.307027953067731
0.156558241701615	0.199980501922222
0.0490331497329375	0.0753484952346303
-0.0671942895585996	0.0945380722113051
-0.452711697079165	1.05055694025387
0.177253723504478	0.296182264303685
-0.484290072848325	1.35405590801221
-0.344956478033788	0.691927222857646
-0.641913055575805	1.38155053713061
-0.216516193144308	0.29260768347415
0.470753395837636	0.911438711237985
0.378387830191933	0.76809041720969
0.152058713841092	0.627881631304245
0.232508012371849	1.12075398987029
0.397014919817637	1.79949772101859
0.191273040667364	0.547092111602069
0.562988205768492	2.46809950441193
0.377176984808867	1.13378076135957
0.384173503405191	1.00899728822873
0.356992917646935	0.945884389160532
0.265089572245745	0.528222600224659
0.119227639883713	0.217481570458565
0.374328058515424	0.92392723614972
0.0598404461720378	0.107685913959542
0.107591707623061	0.168634089254179
-0.280553610374891	0.548093674746195
-0.349947888250115	0.674788338313263
0.314613133148412	0.573708402169576
0.199928949160575	0.307722947329711
0.60850613165645	1.36282988371617
0.110321992831113	0.192475852998214
-0.0991083349016337	0.170765012674415
0.0275976533268387	0.0355378163240856
0.163290699802472	0.261232887426202
-0.230368634376827	0.383037437761434
-0.249248946025349	0.489844351862995
-0.162924399561753	0.271716477249592
-0.2978150409138	0.545876982702585
0.289853313511406	0.445171617044435
0.489494881970922	1.13449261164035
0.0765948660681576	0.121441823101713
0.455342400718977	4.46576188748066
0.372390069467545	2.35197646284587
0.339849691978404	2.44615119994924
0.585812637247811	4.44225649303852
0.224287615467348	0.920372939683669
0.475420454351019	2.49677702305624
0.310055551580772	1.09508997291856
0.352044589775334	1.22306570451382
0.446290420873031	1.64056919894408
0.0666621344091772	0.138234826559832
0.181890323496017	0.41689849940716
0.204926231093487	0.507917489357467
0.18685423830853	0.449904552903974
0.0267522491181435	0.0445261769921065
0.0296231745189365	0.0468977447314133
0.383932667302503	1.01078757154111
0.0165388061742347	0.0220285124078418
0.259026227849448	0.481912198373437
0.244288767863266	0.485544002500898
0.266048198992386	0.504338813806744
0.242094222846752	0.36385369896195
-0.193440767788297	0.297561761949698
0.0548810854450972	0.0790912248221397
-0.220517321338524	0.385371591891056
0.390739584580388	0.808542517152002
-0.246926418547939	0.551725196737376
0.419015430800695	0.982047684201208
0.135921166103457	0.233309764933894
-0.0724922875451544	0.109280893752023
-0.0624579592815827	0.10488771235797
0.360235777087458	1.73087585378366
-0.0766150332149358	0.195801820708171
0.130847476280362	0.302565031008858
0.345305088232146	1.01929141957903
0.319478486337065	0.799162935224344
0.0949950716181151	0.158665911522864
0.0848154163723034	0.131074764742195
0.203694482297958	0.391744970959901
0.0786832440984134	0.123970019369203
-0.034052423253501	0.0642955583532277
0.170404297429922	0.268041115974396
-0.272483004085506	0.509174884916531
0.603765560210758	1.37253343872847
0.207953908833521	0.308087990825307
0.0378553585011974	0.0420859813055947
-0.00105753734250567	0.00124137236489556
-0.0968161667263236	0.117257208147869
0.437400681828754	0.995636527700418
0.13645896440828	0.267876939979825
-0.0607255629308624	0.0834405700999512
-0.0384412258337719	0.0512234875297164
0.236800384130916	0.456364467667622
0.114988147999031	0.204182586432408
0.0896319775206584	0.132826826433559
0.128065066533004	0.170442642392117
-0.667470408748206	1.32910273947745
0.0438236324271289	0.0572833177979338
0.582722072065681	4.78528107200261
0.308592241169469	1.44443963496801
0.339184191683559	1.30088541923444
0.606752276303561	2.84893671054701
0.173920625007336	0.402413930679384
0.151472118778036	0.318772703654156
-0.149830237957949	0.269894168585606
-0.0965886671915761	0.157164157282184
-0.326365415723893	0.761657560578567
-0.195601748212539	0.459972593267091
0.173270103288871	0.287051341785515
-0.660740089366503	1.80474519833451
0.358844037806587	0.614904739110793
0.346416778323544	0.591989355305977
0.335779797748912	0.529320705991681
0.249993450585746	0.381773872143559
0.0395179133525656	0.0676412669610123
-0.027803196234216	0.0382975979295935
0.0408973425463615	0.0530065080863608
0.197215229758016	0.3543526111864
0.0467243992872117	0.0542676101603368
0.0836535962691553	0.108925776990806
0.0873571616957645	0.127574624802501
0.411264638223012	5.70125800650501
0.612482932760677	6.46370672359726
0.422631039490948	2.7345643061362
0.344947373593045	1.54272067178697
0.2006109243033	0.589790734870313
0.10926388185886	0.248742929654132
0.321490096140955	0.9196019744676
0.151754609119781	0.304589697915564
0.029860616255451	0.0492323959122711
-0.225795160679936	0.513747534372489
-0.407320684133429	1.27857210711957
-0.0481396051649632	0.0744968153668447
-0.165699528893695	0.271396345300568
0.25808381814202	0.455028606261449
0.639299234278766	1.41242061596229
0.213894853720906	0.392568379508307
0.191843645827365	0.230435711625942
