x	y	clickSelects
-0.124251709287116	0.416816652722614	83
-0.11963165870815	0.661299797256143	63
0.058424059684866	0.37235635560313	126
0.123003393272961	0.726280348036092	17
-0.040796764249154	0.251373762055457	17
0.033655209049847	0.27901960161322	17
-0.076051168563758	0.758341522636902	17
-0.081432730862859	0.590857488515808	17
-0.124071892343458	0.469531023611192	17
-0.044551255339904	0.595293341402991	17
0.05213523971274	0.688815665021499	17
0.104765052236669	0.190269183274272	17
-0.034019234627306	0.257000277871244	32
-0.078192177943742	0.557094339002823	32
-0.053499684368003	0.479138130968421	32
-0.076778630344599	0.347387899714036	32
0.075867564686712	0.86259494476648	32
-0.115499557958574	0.332231899520096	32
-0.089519551333259	0.240366099001218	145
-0.089404975123841	0.42748488683443	145
0.063513415307253	0.532075738417798	145
0.00245102587017598	0.501054496044156	145
0.124413626142846	0.385326104266119	145
-0.080533505731718	0.238115859106835	145
0.063611534175839	0.462670589934954	145
0.098900239480283	0.484482692763568	145
0.08629479651702	0.459255058881509	145
-0.037785964205438	0.346420508970907	145
-0.07882104342292	0.342661293462804	145
0.062443457473967	0.449003476930057	5
0.017649873881045	0.356885827154229	5
-0.032810854823182	0.437992929700777	5
-0.099914397089571	0.230053507696272	5
0.030105337186734	0.273015603366497	5
-0.08203391528437	0.24887710200453	76
0.026109200461071	0.274354435917546	23
-0.033312781830018	0.259796568402092	23
-0.036116812573292	0.169003815490307	23
-0.118447720501305	0.234726804638156	31
0.114721966276934	0.285600699040104	31
-0.122940813123817	0.153706427838324	31
0.116784012078429	0.292937993269613	31
-0.032645439405029	0.169750552912953	57
-0.032324822116013	0.260175022392526	57
0.107116254064547	0.196239636588593	14
-0.12313046228062	0.149524423061072	88
-0.119370230125287	0.153052552242055	88
0.120615158184511	0.291189161872613	88
0.104765052236669	0.190269183274272	11
-0.036559475900318	0.257466958898411	11
-0.113754405872372	0.827770798362142	83
-0.014092937888251	1.00449436638457	83
-0.112322064665156	0.64221211086628	83
0.00544769519384603	1.4038152163991	83
0.08215418492857	0.879756838434661	126
-0.068585166168779	0.578897153263193	17
0.069101779263508	1.3387042776911	17
0.104131587152764	0.480921709442752	17
0.036260534884385	0.549866992710632	17
0.049527415058784	0.688662493376634	17
-0.110832421445797	0.640569859979507	17
-0.087994659372899	0.828002898489665	17
-0.120302379243711	0.337769512590459	17
-0.049548117125588	0.770275658596554	32
0.018893288962467	0.827812829333031	32
-0.075361645574849	0.428113325451882	32
0.063474316384916	0.372565917582089	46
0.032711230140647	0.773935636350767	145
0.040683667111007	0.798256620096684	145
-0.07404153591856	0.484551014409684	145
-0.068024144811032	0.489616606511437	145
-0.000106648789161001	0.866555576360128	145
-0.056716084711504	0.585820961790739	145
0.066657050980679	0.465442899383961	145
-0.082194439084589	0.344688790403473	145
-0.065586905947612	0.499862732973824	145
-0.063853103821924	0.42543786628201	145
-0.114118251637517	0.329951306675513	46
-0.070771598208035	0.426250160320502	5
-0.011370547145682	0.438329226673447	5
0.072799440695528	0.763892984053936	5
0.013903031018609	0.510995376150842	5
-0.075102302165584	0.410258554798023	5
0.087408506724476	0.537450328023816	5
0.064753980799136	0.461139384864601	76
-0.090134081293634	0.237364515450965	31
-0.12207638254837	0.237663194702658	31
-0.015711754765436	0.35344134967725	14
-0.121144928797732	0.23797492176248	88
-0.122280210839532	0.236255706749873	88
-0.119130631222321	0.23924453592121	88
0.032057385234408	0.277816917762979	88
-0.104547799059798	0.341388626602354	29
-0.08901425759807	0.240703522419909	29
0.1070673823464	0.190602569583027	11
0.024943257655811	0.537860105810507	11
-0.031862043512476	1.88429813297976	63
-0.076554555569572	1.17239992934808	63
-0.076136933129557	1.31688142102334	83
0.061897405906905	1.07961683284126	126
0.011512801056121	1.35675021476096	126
-0.043348123382805	0.942542220741664	17
-0.031308070442854	1.08407241221455	17
-0.015328472160457	0.849317203600157	17
-0.083211885140982	0.92791577032754	17
-0.106797694335106	0.824924321579335	17
-0.000299819137863977	1.26368946745413	17
0.011315798700875	1.05633712520966	17
0.00598135311226999	1.23350914992712	17
0.026183404484192	1.03450311727229	17
-0.058235748575797	0.904692261107417	17
-0.114603725814682	0.490795250413331	17
0.071976037679937	1.06056422253199	17
0.021455819576666	0.541046060334358	17
0.031227786316285	0.601718431916544	17
-0.113952490257038	0.74659380497492	32
0.010044743473288	0.824956532554455	32
-0.099210494232371	0.616675800500783	32
-0.077068279270081	0.664174625777457	32
-0.084743017427654	0.649843530737749	32
0.039339613449302	0.975225336851507	32
-0.108882326736911	0.684463883486922	32
-0.071211726297114	0.747547207617114	32
-0.061288414131267	0.573280656810674	32
-0.068483750813147	0.8077111472771	145
0.054418271315028	0.753389943477263	145
0.033693162351863	0.851480002792134	145
-0.12389947176888	0.568055469377025	145
-0.018763483780337	0.512271633470529	145
0.065900714938399	0.785558202896463	145
-0.072125260749323	0.584582534737491	145
-0.098470317764545	0.389263953526678	145
0.014621539227187	0.519066586612752	5
-0.074547907295092	0.421008632380853	5
-0.060469622116215	0.424662701922963	5
-0.121409092948985	0.336438646843223	5
-0.031686047806502	0.4298366146076	76
0.0438827172112261	0.536488129466598	76
-0.04981650998239	0.488522655503956	76
-0.02831587218351	0.437762568332636	76
-0.077646769466173	0.343034177236003	76
-0.012752280727227	0.514479536900785	23
0.031121439868277	0.458158641634847	31
-0.115773696311938	0.243021777256165	57
0.005295584727803	0.350494519218374	14
-0.116671700074887	0.331981904823053	29
0.00745918779093902	0.427244906042913	29
0.081468821357786	0.467304116295275	11
-0.106778129635846	0.79048414006391	63
0.093434089752033	1.31133413692377	63
-0.021449382641456	0.948557325559282	83
-0.045330885758123	1.0244275091145	126
-0.124516382457794	0.589393458887046	17
-0.044442993933597	0.516626012839179	17
0.017709268597337	1.36618448450181	17
0.050529247575347	1.395984262104	17
-0.033872291591409	0.518243963473255	32
-0.0862897678976	0.96333125278804	32
-0.023182263035938	0.345283243910161	32
-0.092983261508979	0.588628664575567	32
-0.056609216007086	1.04401920174237	46
-0.120172882561289	0.648796057426914	145
0.037164463267254	0.772161110480696	145
-0.114053806765917	0.598898166539867	145
-0.123324870753934	0.458876997218886	145
-0.074643588633823	0.347395536654446	5
0.120375751675568	0.883592764058541	5
0.031679325722616	0.272579304525559	5
-0.100486332305357	0.338102108037536	23
-0.124093538090654	0.426331242042624	31
-0.090385007450169	0.239323648155585	31
-0.086260280222481	0.332373584953666	31
0.057422525332422	0.456964711010971	3
0.111912281257636	0.289344135130075	57
0.049928589328806	0.699132151824373	14
0.093763136390828	0.466241328765756	14
-0.064071361158328	0.418595393291888	88
-0.122183429804402	0.153079212813478	88
0.110672214313	0.196281620263059	29
0.020933623965017	0.357836077169714	29
0.109149016427175	0.565146343593816	20
0.028046181510988	0.272513184872445	11
-0.109612747766917	0.469397274061172	83
0.016037277940615	1.14077919551711	126
-0.115241629172628	0.750111007921617	126
-0.085416673193006	0.747631577100194	17
0.0227435011002261	0.614954684705431	17
-0.10940874877072	0.676234186774326	17
0.062940251575019	1.1862061219451	17
0.044024765923774	0.538829745502053	17
-0.092126467404107	0.59460469504004	17
-0.076428665406765	1.03738695356815	17
-0.022593568741846	1.21060571477296	17
-0.087540831491124	1.10823889304378	17
0.050195542845246	0.616427474855661	32
0.061092823946404	0.370029987566166	32
0.055586415658848	0.371741894092947	32
-0.024198727229246	0.341790828063448	32
0.113813540195752	0.372485441853207	145
-0.09446417040135	1.06273674306816	145
-0.02523132971709	0.879594740300973	145
0.02461093839152	0.595370076714738	145
-0.108107822535802	0.343020897592899	145
0.019075295317066	0.258916314067362	145
-0.014202258478423	0.518377880044956	46
-0.073555155847472	0.492056526201943	46
0.120082663791571	0.37407816885144	5
0.118513246071429	0.290107476397442	5
0.050397669408514	0.547918382495401	23
-0.014931429084875	0.752710472870052	31
-0.120217669855813	0.326069007598634	31
-0.121417528033644	0.157137582371217	31
0.119117632827392	0.375530465029544	14
-0.03920180094272	0.168213028535086	29
0.017710210649981	0.885972562428199	11
0.0873902307992131	1.34491659822814	63
0.025592651163178	0.830215058627964	63
-0.105954372205235	0.698814392104137	126
-0.058195440615401	0.838453378524837	17
-0.094579808819616	0.6101753727335	17
-0.110414011153953	0.767446311310893	17
-0.063376973747165	0.951804248060776	17
-0.012513127088661	0.583163728006671	17
-0.069769529726439	0.421014053754895	17
0.056558406538693	0.696709035316998	17
0.041894083396003	0.536468241288952	17
-0.03166633145934	0.664635728154775	17
0.0979716730263	1.19072353363828	17
-0.075349232256842	0.654178198398233	17
-0.108030189121787	0.763464124529739	17
-0.031530762249072	0.889585717890168	32
-0.114610533816097	0.707324814300132	32
0.0884228909595331	1.37273427024307	32
0.066615485851763	1.10204592347726	32
0.048196870786433	0.536245581342469	32
-0.050230491509246	0.434130443310212	32
-0.049944955523891	0.428589276133468	32
-0.038699903530839	0.927674030561732	32
-0.095214805102428	0.343927413311709	32
0.099227240966972	1.19108655091889	145
0.057066636826404	0.525068236903733	145
0.065994407670275	0.778504267805058	145
-0.00414438543690598	0.499938837022782	145
-0.055649796480203	0.765343477337796	145
0.093208394118517	1.15052520587893	145
-0.030503517278828	0.519828364893522	145
-0.076201166745845	0.578106447253516	145
0.068786298045684	0.477330683446783	145
0.009133137919492	0.350921199577893	145
0.062093793083685	0.363059376669973	145
-0.045232537745432	0.24423932608245	46
0.030375985007955	0.277536871318746	5
-0.02199108093638	0.345140530488786	76
0.123555206668978	0.385252059629654	124
0.02842691070946	0.273639827950373	124
-0.088286476594465	0.240404582232463	76
0.0294882019700921	0.439281745962013	31
-0.045998174135187	0.161072714058838	31
-0.029074780177972	0.262230329645071	31
-0.033442431935163	0.352287797142393	3
0.105809260051378	0.192030035651762	3
-0.086239767003756	0.391509496981485	14
-0.09311274945476	0.241249227090493	14
-0.038131062770454	0.170448106894729	29
0.107116254064547	0.196239636588593	29
0.00382107545280297	0.646804372106541	29
0.074282450022885	0.562197032434133	11
0.121374155504569	0.300315625071135	11
0.071813180662041	0.757264156923392	11
0.053019166853813	1.12142030492482	63
-0.10640518958993	0.344769330688284	63
0.070383828198768	0.700147740423037	126
0.071630374635295	0.87173505676612	17
-0.113952967597281	0.419932030712398	17
-0.057361211708834	0.893893915685137	17
-0.038780455706409	0.349767513696187	17
0.061251606725547	0.360590040195585	17
-0.015579218144845	0.582267449073718	17
-0.099792919101682	0.656259742719883	17
-0.124466898991311	0.716399083694721	17
-0.084434837034505	0.247149346894294	32
0.043810906508768	1.39921546800288	32
0.028175571124835	0.276201246251983	32
0.117243908322523	0.294772066401508	32
-0.08797206126789	0.24336106185218	32
0.019953421781727	0.360484801451747	32
-0.083633482505131	0.235279541391174	32
-0.031970075942346	0.261327698319706	32
0.029851547013496	0.453666226152566	32
-0.084747544760318	0.247713398955293	32
-0.039189183332748	0.781631143069918	145
-0.071394065486712	0.332978578796759	145
-0.026418496748117	0.339092586710542	145
0.023328152715751	0.270709126529207	145
-0.006923640417002	0.52326284713143	145
-0.00468693645048102	0.602858272830105	145
-0.11680737760647	0.407001656004403	145
-0.106425901089308	0.505475816489772	145
0.029536845305292	0.27509173512336	145
-0.038741974534412	0.170273180706361	46
-0.041571927117021	0.255395684610607	46
0.014335012034236	0.3579583208877	46
-0.088653261968204	0.240603771532595	46
0.092535238913246	0.473327010280365	5
0.0293968423254219	0.276269573677659	5
-0.084561707920555	0.239979953255124	98
-0.013971852337071	0.429901393911085	5
0.119303235297621	0.295575655273168	5
0.122176028415297	0.30039163175096	5
-0.028225543467559	0.260257635937755	23
-0.038741974534412	0.170273180706361	31
-0.06818996943409	0.336505942189097	153
0.114229940886066	0.19011185640502	31
-0.03662306276289	0.356069696645735	31
-0.122464636659931	0.233252654980085	14
-0.044920067087009	0.239860452759884	238
0.107116254064547	0.196239636588593	238
0.110672214313	0.196281620263059	88
0.107744337287113	0.193833004664726	29
-0.026336994290226	0.44547594155181	14
0.024596925852199	0.774674846189377	29
-0.052457869325442	0.334963214345762	11
-0.017610783460835	0.584729334897904	11
-0.001038565922797	0.917452508652831	63
0.087543054398456	0.705187220240138	63
0.1123466530264	0.724822072859653	63
0.049704722589207	0.551746483238812	63
-0.00887513915621901	0.512570939739765	63
0.068458853334054	0.785516386973642	126
-0.00722792202415501	0.814195115700989	126
0.075414192854838	1.17216591465631	17
0.074995741031948	0.561771658237317	17
0.0437385592213641	1.76848321728405	17
-0.00470772183052298	1.51287670493807	17
-0.043368422731169	1.51247287270698	17
-0.102080956084542	0.668158269053609	17
-0.00763498126395401	1.05560747547421	17
0.118516871179279	0.360295419552231	17
-0.102585069968489	0.667375819275947	17
-0.092753469985017	0.898888767253627	17
0.043389814219269	1.14215366690969	17
-0.094069399787416	0.492083370771965	32
-0.057287325362234	0.500619714585322	32
-0.085775877843199	0.919021338734175	32
0.067009980993512	1.08005471702725	32
0.07566723802089	1.58659813325931	32
0.031216164440675	0.278384351983116	32
-0.086792160939782	0.245733968758565	32
0.03327708230527	0.279111472154581	32
-0.049363362206146	0.89181633525449	32
-0.034866867501862	0.261553232928001	32
-0.038832571387095	0.1674472053289	32
0.01817745799801	0.604628727100162	145
-0.033312781830018	0.259796568402092	145
0.102101056863989	0.476410314684124	145
-0.089052264977374	0.328197344023308	145
-0.106210168197497	0.978288385244386	145
-0.050681638007761	0.42626968767773	145
0.096864720237912	0.558214517688511	145
-0.05073391898068	0.738733277448794	145
0.1177046991311	0.292303149109695	145
0.117484523325291	0.383880343739883	145
0.022369275708728	0.256492811962117	145
0.0977454912262909	0.945966377513184	130
0.034376779910015	0.276735021102773	46
-0.031332942817355	0.167664711344566	5
0.100013191399108	0.789265461932489	76
0.0448941895235619	0.546926517421839	76
-0.038741974534412	0.170273180706361	31
-0.039906911432633	0.168119333111972	182
0.105761697872459	0.192944023586423	31
-0.063497354281274	0.347890376358189	31
0.112658464750081	0.191638955770673	14
-0.085048136615432	0.506354533570175	238
-0.073096253983632	0.416820922565517	14
-0.121347146070073	0.574934239727738	14
0.085005882045787	0.794042597265526	29
-0.041216304608561	0.828441497607476	11
-0.084747544760318	0.247713398955293	20
-0.10921793791336	0.574573173388421	63
-0.080392510156805	1.31270812800734	126
0.102013460679894	1.80185511488774	17
0.028100070371966	1.8323337332309	17
-0.010019571936669	1.53209263383304	17
0.119742153824025	0.81258016499874	17
-0.061401680645665	0.806508238119224	126
-0.085415407246114	0.605347075138097	17
0.011141107718398	0.859836741342052	17
-0.088911469203152	0.401197067786646	17
0.118883815072305	0.739493962253933	17
-0.049890514817681	0.436413156938613	17
0.123539299907672	0.569006889571541	17
-0.047078488173422	1.00655156750001	32
-0.046029665080392	0.342351294875927	32
-0.037520636789569	0.165398269029896	32
0.059428437563346	0.466628926720007	32
0.016612276788645	0.403448536166296	32
0.05716843468566	0.437451255122559	32
-0.112451915849592	0.512138186385745	32
-0.088233398093027	0.32828801916561	187
-0.057238802821415	0.494304803851635	32
-0.113267900156412	0.449754151394848	32
-0.00349354803456797	0.440134354042602	145
0.0434980340333651	0.467961654338723	145
-0.064059082930427	0.340025080340512	145
-0.04512085193356	0.739480343301999	145
0.067839766449676	0.763169388232273	145
-0.113940871831162	0.410158209895426	145
0.0912271370220959	0.849769305966213	145
-0.122682546477224	0.68104763508612	145
-0.062615831339885	0.423723431782971	145
-0.093981207686242	0.24018080747688	145
0.066705939860378	0.468430700423648	130
0.044136947533275	0.650564826114112	130
0.123545750462657	0.393451503485886	130
-0.081240643876769	0.342603304663973	5
0.11884518880031	0.294899484701892	5
0.124661380483826	0.386124031694849	124
0.121695055076019	0.662901978571688	76
-0.037428818367018	0.17119012482422	153
-0.087161544850568	0.241762310788518	31
-0.024909667631656	0.446333386852616	56
-0.082080808146564	0.241831140591354	56
0.120103900839717	0.294902919302283	14
-0.077559609667744	0.424829826185252	238
-0.036116812573292	0.169003815490307	88
0.106438580421474	0.196297204852593	14
0.104666543107589	0.933578510376663	14
-0.003128940656276	0.452158944299952	29
-0.100073967291481	0.42387423893993	29
-0.00812133774704499	0.684120556297911	29
-0.124607222673299	0.407561472035091	11
0.121374155504569	0.300315625071135	11
-0.09682274473217	0.34028836588649	11
0.016349282621395	2.30629934356603	63
-0.02746477512543	1.07191003073	63
0.0929678794999001	1.3718901498158	63
-0.114664529814726	0.920138337414327	63
-0.054872947217868	1.0541485294139	83
-0.015461500116592	1.20854430320774	17
0.053090683170824	1.43011933883464	17
-0.101706201778977	0.913615138993222	17
-0.091381214946869	0.825591501480087	17
-0.110450657709783	0.680199191450933	17
-0.094658641806465	1.04908892827889	126
-0.088334075536104	1.12585320607145	17
-0.047261999230563	0.654334173591775	17
0.108876350108014	0.810120728464466	17
-0.123973567497313	0.844475383046115	187
-0.071872719753862	1.04260490872497	32
-0.116951284056933	0.381688005512468	32
0.111466451379472	0.719007743795836	187
-0.114151789548965	0.61194500368661	32
-0.043345815784479	0.441017942820193	32
-0.087787834373601	0.408972749222366	32
0.112946014866503	1.0392460681549	145
0.00898877434706103	0.76003467361657	145
-0.122092919183243	0.413268735365926	46
0.00731665011015803	0.529606052917692	145
-0.032685808152365	0.50923552052693	145
0.046019617581161	0.672785732020903	145
-0.038698114867559	0.443944365644591	145
-0.050231876772838	0.579515966874225	145
0.053490362691653	1.09388295969465	145
0.031524522639474	1.37439020866803	145
-0.070739768091007	0.658767154095736	145
0.010900490506764	0.75502522360813	145
0.11383837836733	1.16162564313316	145
-0.011110513458525	0.443867385298867	145
-0.017298967422223	0.442496717150817	145
-0.036630052860914	0.794024065938206	145
0.038763725836237	0.59342460212307	130
0.110452296310547	0.484178860861513	130
-0.024952234314013	0.436340913032668	130
-0.045018012813881	0.351141950914665	130
-0.062999188265269	0.342445483516138	5
-0.077938175377073	0.337168645981445	5
-0.119334596490778	0.238536449667724	76
0.016224914666148	0.363937353397835	76
-0.082898915927844	0.247523352932053	76
0.02842691070946	0.273639827950373	31
-0.086621489116301	0.248820772808889	31
0.035572354173656	0.526084562743016	31
-0.088026491197292	0.240717210705697	31
0.119303235297621	0.295575655273168	229
0.10310195910536	0.481427029948189	14
-0.019888520342105	0.349137522307671	14
0.00066460263442103	0.436176153975252	14
0.090520901279129	0.46604085508297	14
-0.123464237785138	0.154878487765711	29
0.065779844269743	0.374093749133137	14
0.102679622093744	0.561268447815126	14
0.059428437563346	0.466628926720007	14
-0.079098328471568	0.48345315038786	14
-0.042820248487533	0.251641033247047	11
-0.043918229059609	0.341238156623988	20
-0.119334596490778	0.238536449667724	11
0.113771839855293	0.80529046753421	11
0.041848088078955	2.07343919979142	126
0.041961271452998	1.20740592388852	17
0.061022213745217	1.48582761763399	375
0.010357851575439	0.869607039824898	32
-0.020020935659083	0.746165106830513	46
0.076584092607462	0.998820778380192	145
-0.106870345462904	0.563925788420478	145
-0.101162739490524	0.413192028993832	130
0.00106167871993601	0.675252029125619	5
-0.107593009484865	0.338856574717362	5
-0.055399437230988	0.494222108415139	76
-0.045073366195043	0.348739120751794	3
0.093794717896204	0.461320871828429	31
0.124413626142846	0.385326104266119	56
-0.098650155997478	0.333286755159314	56
0.053465461282328	0.620619576030819	14
-0.07914131144269	0.345376446387417	14
0.034288204044161	0.459802710504517	14
-0.099786718357818	0.483591659979063	14
-0.048370461812932	0.421173205839322	11
0.093092248858394	0.562155268903107	11
0.072640478267038	1.52941557339037	126
-0.094892010982437	0.946239255384014	126
-0.09166964519786	1.17208969512649	17
-0.106648582163082	0.417747657724577	126
-0.058982947760337	1.08667946147938	17
-0.024223179687556	0.745034309645487	375
0.083646905571851	1.54746562550826	375
-0.037271381125972	0.623841483079366	32
-0.054194714098342	0.568018242171825	32
-0.063949031387818	0.744763013821566	187
-0.067188383217333	0.805302384721282	32
-0.023824832179021	0.515256239662574	145
-0.01817447572528	0.663550856187468	145
-0.085060763216263	0.63639585534965	145
-0.031935065325492	0.772494620750418	46
-0.071633612224963	0.482095447420142	130
0.122878458248869	1.01375626458092	130
-0.061973870098454	0.503333109565652	5
0.00924290843696296	0.6290768100558	5
0.083921027170165	0.768447430575914	31
0.092316423475128	0.614209522672836	14
-0.034757930614674	0.169372980204178	14
-0.089730334995874	0.410575936407627	14
-0.092800632969078	0.418719007292795	88
-0.040090810274713	0.507071790152104	14
-0.044179069165512	0.429002510864346	14
0.040389176467054	0.464739319402767	14
-0.037066720345865	0.253181430859911	11
-0.02645439682932	0.343936076978623	20
0.010119090134875	0.359882577638674	11
0.078915049208983	1.31491547093897	126
0.111663169242349	1.59160746656271	126
0.0274854369502	0.812041099351066	17
-0.037623591004201	1.01169429545631	17
0.030068550567959	0.453843932209183	126
-0.069876759976302	0.413384219153931	126
0.1087673340376	0.932779908219837	375
-0.093615483472755	0.34046175681211	17
-0.034084660850687	0.261349890345762	38
0.115741793177465	0.546590699958311	187
-0.071965810435898	0.331636403311038	187
0.055052688936045	0.362822070517255	187
-0.012957473797742	0.743852642327471	32
0.065649084813423	0.87195349352216	115
-0.02997746213452	0.851349560365756	115
0.026450379085	0.428829329117898	115
-0.079746791502801	0.808588898454713	145
-0.099653030149329	0.635867025988649	145
0.083011728774267	0.679791617684538	145
-0.043270727779085	0.253036475992025	145
0.0685881658727801	0.777287819741404	145
-0.045232061492242	0.651158710427991	46
-0.111721779508456	0.579188593231769	46
0.036824215127147	0.810651985481383	46
-0.11144427791683	0.545376472631969	130
-0.12117423479931	0.534539852916318	130
0.0310717415480249	0.683413850896588	130
-0.055758254081732	0.585838710248779	130
-0.052655441669975	0.699983996319759	130
-0.090479576445975	0.670245551225459	130
-0.046534976644772	0.57076849797891	5
0.088242094341606	0.820824994757142	5
0.00831540744951598	0.762421468736805	5
0.112825487744928	0.807153553766594	76
0.036400095724169	0.619936753770051	31
-0.00895522861021297	0.507697700876663	31
-0.106372525232513	0.406987432114047	31
-0.102709423272311	0.404444417785487	31
0.062491054394584	0.535262642589913	31
0.096825643329452	0.480397676268264	56
0.016520349416431	0.443268421947893	56
0.063619200326735	0.442945276867526	56
0.00971021454300902	0.529196260687637	56
0.083091942133475	0.448304657407732	3
-0.025031019624247	0.435423988280682	3
0.00939304924943696	0.444391800213952	14
-0.046151514100448	0.434849009170642	29
-0.118851795506809	0.155393760337778	29
-0.036022116104189	0.167812976319387	11
-0.066963513986188	0.577413438928782	20
-0.103163741615061	0.335926657471559	17
-0.0864778007587	0.245288833515417	126
0.063929858299229	0.370614298836587	126
-0.098240631993421	0.330199701159651	126
0.11223430114456	0.716971653363459	126
0.011848178523915	1.16191295368737	126
0.0282377089549321	0.888685155023257	126
-0.113966128376365	0.618245768024118	17
0.027906269147152	1.3539183078997	375
-0.091304010777659	0.653058385663025	375
-0.053417538076637	0.918793004392898	375
-0.103387232594215	0.605857384367263	17
-0.046173977300638	0.347181103675223	38
-0.116724281901376	0.505274452326108	32
0.090012791095981	1.0313673383567	32
0.0632300780520531	0.772284077555182	32
-0.110146130102058	0.782967763810708	32
-0.075145796197201	0.645498509841231	115
-0.119606440268563	0.54385197408179	145
0.06333090027221	0.885412373257918	46
-0.115847073705232	0.690443667870199	145
-0.095162761159057	0.238321155236929	145
-0.11980400829879	0.503876564149034	46
-0.051248772152904	0.747857655835165	130
0.043781884696335	0.738502738953254	130
-0.063949296529927	0.691787235012071	130
-0.099196052940091	0.489302418971913	130
-0.110815880134459	0.407281724348429	5
0.088576821124406	0.782848154327742	5
-0.075098396248058	0.417109173142111	5
0.05300987399973	0.672085335436529	5
0.027773767813065	0.838889335825799	5
0.060430665424977	0.468613359592488	56
0.010109408643303	0.439253318279648	56
0.045730181496035	0.699214075036242	56
-0.120858409505569	0.389877971063499	3
0.00796441147839	0.446458141144717	14
0.107116254064547	0.196239636588593	14
-0.0527011237702	0.502842752569214	88
0.123979718904468	0.556531223980686	14
-0.011534366888497	0.515617732483293	14
-0.090080056375951	0.245620087031824	11
0.0729876627920421	0.55596039777293	20
0.101170086955385	0.187591958950496	20
-0.122225903036309	0.409853339696726	11
-0.047698051897984	0.558179247534217	404
-0.00841326854947799	0.988093134292926	126
-0.00226521708058702	0.507196029047725	17
0.124514654508913	0.927898084432346	126
0.01526675032749	0.438943321141247	126
-0.122149248860636	0.33855342661324	126
-0.066375826800863	0.700984750789371	17
0.089526772049055	2.17681555917122	17
0.071578807456009	0.865622855274675	375
0.031704455822089	0.269012995774616	187
-0.00484147894771603	0.526359684587592	187
-0.088489147742545	0.609928821453005	32
-0.068970427577977	0.464724783198902	32
-0.03776224938608	0.354488208150751	32
0.023394821930818	1.0548722297397	115
0.04501072544494	0.53988176944014	115
-0.031691291377214	0.66209202252751	46
0.052101010565767	1.03370168211559	145
-0.071037812611826	0.748780554558275	46
-0.03964215591864	0.585702764886184	46
0.00434816828256901	0.902786168703354	130
-0.123156753992592	0.415907915587939	5
-0.037282235598424	0.647599609797341	5
-0.042660834392472	0.165213255461846	31
-0.092487684502014	0.238025923834943	31
0.035956636177628	0.614198968453925	31
-0.115988513218863	0.403202750069709	31
0.0296398922794719	0.273268660010599	56
0.075092744713172	0.632455596540999	56
-0.060945917963888	0.343361504590698	14
-0.123051739607931	0.239876399933169	14
0.0388994008196319	0.668767225259239	29
-0.092976707241595	0.427415417625716	14
-0.036139026634131	0.26056762059576	29
-0.119370230125287	0.153052552242055	11
-0.036221078911333	0.254826066825777	20
-0.103804208478053	0.531505192691116	83
-0.035750543721973	0.42743312406165	83
-0.015873933495934	1.05901745961999	126
-0.048004899060788	0.829568646902229	126
0.110558493532716	0.982957446761094	126
0.119102955563553	0.387543655515789	126
-0.1124629185711	0.865648113342912	17
0.044038323905179	0.961759195242148	375
-0.018907400636646	0.745126205915025	375
0.099916469063425	0.48279727251478	38
0.105367856187422	0.568756527793775	38
0.087252254684405	0.460805200747873	187
0.106438580421474	0.196297204852593	187
-0.072107103941273	0.478488967745348	32
0.072694525433276	0.450709790457457	32
0.118503501948999	0.294775054534849	46
0.016497292792198	0.532613146504025	145
0.041527033152262	0.910523550072065	145
-0.079098127475096	0.486141426636229	46
-0.00545772436976999	0.75350074649394	145
-0.036682809468032	0.167394975011293	145
0.05836363209814	0.444563441260007	89
-0.106974657145687	0.344423988605708	145
-0.059962001655028	0.635503979086461	46
-0.101110432816971	0.487506112741374	130
-0.097153323385284	0.567246756456538	130
0.120836140746441	1.08385630591216	130
0.105064005778978	0.933081214670994	130
-0.104906101400192	0.495631951266496	5
-0.055354230585247	0.476364534018606	5
-0.104105690595174	0.45876598770981	5
0.103151928480142	0.476649728580721	5
0.092908241896279	0.930741462998109	5
0.068631932236715	0.624051064336933	76
-0.046453941548426	0.430152563371597	76
-0.116040302990861	0.154913338889907	31
0.054120873217726	0.454763057084136	3
0.117484523325291	0.383880343739883	56
0.091580376121879	0.533437316584461	56
-0.052521074740496	0.437564932922697	56
-0.032324822116013	0.260175022392526	11
-0.089065412923337	0.335153574191534	29
0.059342168321202	0.456369602653986	14
-0.018618639040813	0.43543301515097	14
0.027206305602986	0.272374922927763	29
-0.088599077080945	0.24725776913988	29
0.106076682834373	0.1907845205604	29
0.120103900839717	0.294902919302283	11
0.124153555055682	1.00191493977076	404
-0.00713365994510501	0.716177063479979	126
0.005424421446523	1.04690099083748	126
0.025369962086874	0.26312545353611	126
-0.075096677068926	0.52339069198903	126
-0.122736244999443	0.503697719361734	17
-0.118849509649348	0.152277745865175	38
0.121491699652023	0.39377137860388	187
0.098973387527063	0.476493887942357	187
-0.066219696772168	0.338549786741432	32
0.024381854609827	0.95071061864664	32
0.067229881758306	1.44986098487467	187
0.043694744666803	0.464206861669223	115
0.0588593958736	1.17777220423624	145
0.112450535436706	1.49125365726612	46
0.076694570351001	0.97188061698429	46
-0.088707225135653	0.765172829869017	46
0.02514543161912	0.435254839791684	145
0.031596235338096	0.278834836530003	145
-0.124987192837285	0.153756313078902	145
-0.105752254498073	0.3267792880868	145
-0.048300829962486	0.542784302209863	130
-0.106521394684417	0.480226235272843	5
0.0348929176396861	0.595022827891388	5
0.040755554250389	0.831206540928207	46
0.041450776236402	0.693583464176069	76
-0.092798010797273	0.241154251381392	31
-0.01845531716821	0.428722864071285	3
-0.043990026368567	0.345495060347011	56
0.095194330084841	0.647045319261406	3
-0.037428818367018	0.17119012482422	11
-0.037750145794399	0.348871020510923	14
-0.110485167440957	0.312778440860768	14
0.09733729072652	0.649417898052129	29
-0.108071739831473	0.326466954088399	14
0.026236004482199	0.269931638520672	11
0.077664675468918	0.784759137751768	11
-0.094240619696198	0.730843643197987	404
-0.089523671209289	0.991307285888625	91
0.035363700485027	0.875596546655597	91
0.00906161314056597	0.717507998967279	126
0.109037925570555	0.723796520222333	126
-0.086789029754908	0.561533381137277	375
-0.015859664581132	0.356962248683034	187
-0.038118086753427	0.254822913165877	187
-0.120531073693076	0.73431071288349	32
-0.112881580119922	0.770750331773347	115
-0.085485067325718	0.767466570062029	115
0.069074495547519	0.553465491935026	46
-0.063534737322407	0.495120356606196	45
0.074483903711403	1.18767632560933	46
-0.115506216302317	0.574255838444674	130
-0.068822947808095	0.744889000215034	130
0.12324414511847	0.943197668368135	46
-0.081535569596415	0.498936027953551	5
-0.051515731352473	0.560290359899568	5
0.062561274251391	0.856310655961171	5
-0.025915899153104	0.514810968767811	3
-0.034443547982488	0.556111030807517	3
-0.082504142902811	0.41081652128533	3
0.09687678960711	0.564799305319431	56
-0.084311572553317	0.427553331574463	3
0.116444665584441	0.29229134127608	20
0.057858449843928	0.365487287670158	11
-0.033350342768006	0.172084389046937	11
-0.111911092822056	1.27654873512884	404
0.0692484389545031	1.05200857338576	91
-0.068483250770953	0.506934448860601	126
-0.025295750846948	0.345610232986873	126
0.014186536012471	0.607577489074222	126
-0.037685173525567	0.354287593594207	126
-0.00771984445916601	0.64345876665697	126
0.087157806082419	0.560921111983794	126
-0.104772956412666	0.578260981166122	126
-0.026607804184951	0.725401519350335	126
0.064190211358808	1.31928617669613	17
0.09586025941429	0.472482559215055	17
0.063929858299229	0.370614298836587	187
-0.111804316984045	0.334162764998042	32
-0.011346571450339	0.564962987686349	32
0.029666875596674	0.732332873939061	32
-0.082039098126391	0.593902236627932	45
-0.070526951086231	0.504347967977403	45
-0.059738980688208	0.491787736705101	45
-0.097503704025804	0.653642699758913	46
0.084744051948624	0.861081709373279	145
0.08669238785371	0.912459765834966	145
0.026236004482199	0.269931638520672	145
0.101625000342452	0.55230475432306	145
-0.084657918458071	0.623836597208849	46
-0.007024325772719	0.675611715800363	46
0.109430901355334	0.803629451863606	46
-0.111539378425749	0.32387126998621	46
0.017548702197146	0.565839906538498	46
0.044299437438865	0.754750481828279	10
-0.036574328765851	0.256419552017439	31
-0.015613552219705	0.577224638600021	3
-0.038738571716999	0.252391649601265	3
-0.103227508692677	0.336813907795476	56
-0.010063766232466	0.442452092259623	3
-0.023176398364899	0.351343101524465	14
0.021997502276236	0.530342742671306	14
-0.042067850587925	0.252576813082688	14
-0.036559475900318	0.257466958898411	11
0.1177046991311	0.292303149109695	11
-0.120316837975651	0.150451869349028	11
-0.036777777174125	1.39056703222181	404
-0.059389153802597	0.762150557440923	404
0.00138930820623595	0.759441433449735	404
-0.088097463361623	0.697877942821472	404
-0.058070344696104	0.588446314812743	126
-0.095591049172529	0.414139643834648	126
-0.055481941195543	0.328872576879396	126
-0.090978239192141	0.835351353626427	126
-0.044528493412424	0.738187846858058	17
-0.029586489309198	0.338407302014818	38
0.00860779631947095	0.352043753426241	187
-0.124906072320005	0.455543991652965	32
0.028441611881701	0.539537291076918	32
0.088454770408404	0.456841200292183	187
0.03892155875876	1.29848671526948	32
-0.108319729855963	0.821636779131882	32
-0.041495924520774	1.00114205047537	115
-0.119117374148815	0.752212124135986	115
0.004308841126198	0.521486983152523	115
0.027206305602986	0.272374922927763	115
-0.00315541470098202	0.678705457489002	46
-0.098338516432375	0.6377170420296	45
0.026948536221888	0.598914946881386	45
0.0425776814069569	0.76914122837766	45
0.062966677931968	0.855314530477269	46
-0.113352441330654	0.735088510571118	46
-0.06628884121609	0.849408412751023	46
-0.033350342768006	0.172084389046937	145
-0.121812853404864	0.239416246848591	145
0.10920455477781	0.715760174547521	46
0.013430059402767	0.748957585154234	46
-0.063459513862688	0.600819419755725	46
-0.120797263670079	0.551999542615029	46
0.00528411549798402	0.729154748794409	46
-0.099604250289133	0.513895420851665	46
-0.10354592309754	0.397133972827916	46
-0.12178921721767	0.55968450837198	46
-0.080804369355231	0.616567563903828	46
0.050461893465513	0.979857580870805	5
0.066160035617945	0.894489844456039	5
-0.019869698193244	0.577550700532712	46
-0.072576091303861	0.536146500994102	46
0.11884518880031	0.294899484701892	31
0.105327393301891	0.795200057356254	3
0.01299383680155	0.594382956749115	3
-0.123451229879876	0.337104592590668	3
0.053103729436411	0.450808588309028	3
-0.123466438459383	0.154986833026645	11
-0.066472581135894	0.416911511652194	14
0.014402706901007	0.504395361533043	14
-0.092941105766395	0.420805153197156	14
0.107744337287113	0.193833004664726	11
-0.0864778007587	0.245288833515417	11
-0.066259194975882	1.23832637685882	404
-0.085363138759154	1.47757378249643	404
-0.067900761785862	0.774235755766792	404
0.044750075159418	1.15646076345046	404
-0.05615704436194	0.643920578375145	126
-0.094085969067683	0.772296797198719	126
0.015467701941568	1.07366395163105	126
0.061789013799603	0.371853517646819	126
-0.1228164842862	0.236281997973836	126
-0.012531485373955	0.42299409716906	126
0.038281382338738	0.462518225165746	126
0.064563653762283	0.682600774718175	126
0.058714372969386	0.840853364614274	17
-0.092532696253524	0.709587972626	375
-0.101564647298943	0.415759549380216	375
-0.118887592906665	0.235187730014341	187
0.00624674458236596	0.764648426508907	32
0.019487599073301	0.601359485847426	32
-0.035167652459982	0.874104090279248	32
-0.088046764806091	0.93080257054015	32
-0.085970021020644	0.49004308177826	32
0.0405652269867099	1.02713406671685	115
0.066220431030913	0.989039524723889	115
0.012650168817808	0.354713214102411	115
-0.032882705928708	0.260836180495704	115
-0.099796145608118	0.675751756520011	45
-0.110542653974083	0.469477659300712	45
0.06307783549799	1.1069263397259	46
0.0459822475121861	0.821164473244856	46
0.030375985007955	0.277536871318746	145
0.028161051273638	0.810342923593713	46
0.002035254254246	0.748784594755902	46
0.018727472702169	0.774560655815189	46
0.110017458601709	1.16471095948858	46
-0.038277174398954	0.512813664610661	46
-0.027524283083748	0.592949212029196	46
0.068111035997	0.699733575883338	5
-0.00494915843333399	0.655891270170553	5
-0.078442599267753	0.576095215956704	5
-0.000178023047658016	0.755417047624908	46
-0.088648916170201	0.494181839162113	46
0.00837497509857899	0.711498751640713	10
0.036437602926238	0.278170929327626	31
0.120109386206035	0.462499633725684	31
-0.11907860254964	0.238245290878387	31
-0.062831340970985	0.488452057544352	3
0.089188512502364	0.633300245010138	3
-0.122701877768158	0.155619628304856	56
-0.05960770961477	0.49124579823268	3
0.015760984525076	0.355214252103633	11
0.0967326322777	0.550137670496945	14
0.036351045700221	0.465803621548124	14
0.0730699121840041	0.629805380482711	14
0.058017281289493	0.363274426888565	14
0.099757548587649	0.567237100052596	11
-0.021126908577017	0.439522272595451	11
0.025509480927035	1.08957216884351	404
-0.110701469683822	0.933943633998518	404
-0.101866098350967	0.331911682296541	404
-0.089514296861586	0.3298249090105	126
-0.063551384324954	0.34563335434966	126
-0.054427018482056	0.946071014337373	91
-0.12172944075728	0.608851967086375	126
-0.067753277258446	0.559662959758378	126
0.039150982873436	0.912000717861196	126
-0.092468168524031	0.590175875570739	17
0.00740898172373905	0.663133891683335	375
0.025771644848902	0.267149853561474	38
-0.107822847121224	0.238103575457008	38
-0.054530751575643	0.330389203323026	17
-0.039906911432633	0.168119333111972	17
0.0615997350645911	0.759341937360047	187
-0.109581969454944	0.412925365494314	32
-0.041574904713594	0.255805637806858	187
-0.020986904547346	1.04660383335989	32
-0.120721514890211	0.739591969000644	32
0.012948790914748	0.690875985042881	32
-0.037814480879176	0.250862298574552	115
-0.015386789755045	0.925498928831098	45
0.032886915943828	0.671820147418656	145
0.056330627479209	0.450699508901155	145
0.0318673953806971	0.877794836546587	46
-0.092598198032881	0.685164356277908	46
0.122783401195084	1.11813187425886	5
0.010190080665781	0.527095821330229	46
-0.110587467737731	0.316301402132064	10
-0.05715357579975	0.488344055367893	3
0.118044082173265	0.295575239347576	56
-0.123949887689962	0.239600944751301	56
0.00802732149476804	0.349326646901201	56
0.0499737348027121	0.620515597651701	3
0.01212886820873	0.360420506899973	14
-0.017167809355355	0.500726551082621	14
-0.065117052698794	0.341630525481912	14
0.03744651534091	0.450181027278717	11
0.039350114608331	0.464426580262952	11
-0.117821693734927	0.562258595878333	404
-0.067320704271699	0.770323298572452	126
0.0681640406369129	0.616438827932887	126
-0.121597534332758	0.889517916495552	126
-0.124143280766759	0.234805411441891	126
0.036742393523688	0.450462515148633	126
-0.014656477901943	0.353719573218057	126
-0.032357290475193	0.827652322111234	91
-0.018480232156433	0.439250647023453	126
-0.00388286338955501	0.650610770019647	126
-0.032841431566229	0.757839437561702	126
-0.064676260529875	0.635018345700543	126
-0.07458288473791	0.61660570374555	126
-0.08783792319697	0.799608085107266	17
-0.111325884325601	0.46665342645325	375
-0.057301936175205	0.937162615011301	375
-0.067143946488233	0.338752720492189	17
-0.01881557373462	0.341373986069005	17
-0.041960437750381	0.343097032469083	187
-0.039251951579408	0.642650561887827	32
-0.072192617766384	0.564838196692674	32
-0.117604088791712	0.740201909849945	32
-0.055225891874527	0.952946731967515	32
-0.107124733713689	0.755197156382496	115
-0.026633805322752	0.846038055490719	115
-0.109386809856753	0.418615085394065	45
-0.0335116635375	0.910826893654254	45
0.063510716795386	1.11024618051209	46
-0.114135517292987	0.416432118992405	46
0.00164253830066696	0.925774838843813	145
-0.037822217860115	0.261379480193382	145
0.011327441592245	0.35366956912109	145
0.062832170602761	0.626385864457171	145
0.053375333819755	0.895903730139368	46
0.033386090646405	1.02074062649896	46
0.117583336848609	0.770213125375714	46
-0.120181667194169	0.543956955681954	5
-0.079895980490935	0.400574992026096	5
-0.055623050553142	0.618666365185029	5
-0.052583704831841	0.56531103278933	5
-0.089739067072898	0.320219692091985	46
-0.093667842142959	0.238821763547565	3
-0.123121537717857	0.408053280586994	3
-0.02106587261197	0.352071875373504	3
0.032496612455909	0.61042790085521	3
0.00697519802065905	0.528305311981603	3
-0.038976721873787	0.253940767629331	11
-0.092422615561555	0.328619856606744	14
0.059527860781281	0.372841719534314	14
0.00309721009322295	0.438422331327343	14
-0.040878077635095	0.419387050288668	14
0.019454357273887	0.259834514183543	11
0.105761697872459	0.192944023586423	11
0.0730117032205631	0.46397063201752	404
0.105167328606836	1.01930750413834	126
0.015356160633179	0.536580793038989	126
-0.028963721421308	0.493743073318809	126
0.016069281142947	0.353708325794563	91
-0.100950365914399	0.607342367156219	91
-0.092561669289211	0.495758302909547	126
0.046700559387674	1.00937629505629	375
-0.08124429109809	0.51225461956227	375
0.102172109744783	0.780230529154623	375
-0.028371749963759	0.256731046337703	18
0.00694695170814996	0.673528839260619	187
0.120555857501583	0.780902393279399	32
-0.104850487374838	0.328404870677503	187
-0.060149199066038	0.824619488401977	32
0.0908442349657	0.769927041488606	32
0.094626995439337	0.808123597661729	32
-0.120554962860279	0.336657088571443	32
-0.095680088927337	0.559324625298168	115
-0.049186819792193	0.656201746330414	115
-0.072955374107358	0.347713220239903	115
0.077542370906557	0.941400562613673	45
0.059143459127296	1.01565160365458	45
-0.093718419998591	0.414566512060176	45
0.036762097966684	0.751191645790756	45
0.049654130216	0.852659474399684	46
-0.01678552728319	0.682768578828432	46
-0.102998839981576	0.567849052460897	46
-0.101114685347728	0.415157737978307	46
0.04087326086184	0.764655713231676	5
0.00268650209229704	0.516366772131561	5
0.00334921691948698	0.602974574534514	5
-0.11560707890491	0.420547202220073	5
-0.049692511719798	0.499100008689396	10
-0.051303634356853	0.337661025048009	31
0.01419580458811	0.594745890214211	31
0.042826114032155	0.539552446805157	31
0.012768051655871	0.34575862531122	56
0.0304443356467869	0.533823594009663	3
-0.106836835340442	0.404230053512458	3
0.052512906220996	0.3620333138715	11
0.121831815365533	0.298279151007993	11
0.118044082173265	0.295575239347576	11
-0.091074949787382	0.328005195938822	14
0.0712875383998131	0.561002947106226	14
0.105761697872459	0.192944023586423	11
-0.119613228151583	0.154666017197929	11
-0.030582004780849	0.166101538107693	11
0.10868573937603	0.189751600074443	11
0.00158734640617997	0.888407433584522	404
0.046729153390029	0.741506971789067	404
0.124973568751595	1.84128290712762	404
0.099213756100558	0.647555992504975	126
0.067479232844321	0.549736575648759	126
-0.082571007914475	0.567722658285433	126
0.02352882519815	0.898317670156224	91
-0.062305731344955	0.350025048844951	91
0.04487245780807	1.20349201877361	126
-0.097650252786753	0.701751983731248	126
0.011812014480988	1.03023822827578	17
0.023701267627486	0.88820548619716	375
-0.086854623425646	0.242564161583038	18
-0.103227508692677	0.336813907795476	187
0.044256068213229	0.655281651724422	187
-0.1069863401342	0.733320911748566	32
0.117543000829548	1.3362281812948	32
0.11781805466962	0.384068763744602	115
0.00820256572492295	0.349579341912013	46
0.056231954635484	0.558568270293128	45
0.098916419330452	0.861597602280618	45
0.039301493625522	0.531514093862086	46
0.00380102983626895	0.806726794043599	46
0.10060918328786	1.08962103444385	46
-0.055809407475417	0.707029356165937	46
0.062155175227084	0.708221342527447	5
0.031843281249972	0.788718188010121	46
-0.061234563372654	0.351182827779535	10
-0.00151941616421197	0.449780644166355	31
-0.034866867501862	0.261553232928001	31
-0.07078609157185	0.433384473120945	31
-0.012368776910025	0.423935134167091	31
-0.064100647149795	0.340825241766681	3
-0.025117384789753	0.338047489345675	56
0.067329842251695	0.613254762131018	3
-0.079679429113836	0.247766002079968	14
0.040143178806912	0.509109707216924	14
-0.123464237785138	0.154878487765711	11
0.105131658984536	0.192077174457203	11
-0.039444183270585	0.169536895809198	11
-0.037520636789569	0.165398269029896	11
-0.091528017759677	0.508915570977853	11
-0.055437966223272	0.430804061292523	11
0.032548054975799	0.275433654915929	11
0.0273824921935471	1.04638764991253	404
-0.061120830197608	0.504992328041146	126
-0.077407546943799	0.50701159692692	126
-0.103357595625771	0.646098713085869	91
-0.100412155908392	0.888209315527979	126
0.027860443315912	1.14512022134335	17
-0.008237504945455	0.706019810491875	17
-0.074835605227006	0.350515446880273	18
-0.024188258819644	0.343156570825761	18
0.062477474927507	0.467215120490967	18
-0.070652172229723	0.864512941043578	187
0.027218560377447	0.839028931832627	32
-0.052657724550028	0.903893529380807	32
-0.1174367411133	0.333105897161905	32
-0.012447694328566	0.809105822807693	45
-0.098240358419396	0.49817577104019	45
-0.055496198938562	0.831806350884943	46
0.019920523540775	0.359220557581596	145
0.037749696426968	0.737122888355809	46
0.124287973439835	0.954664810039742	46
0.075468084437035	0.832333670134984	46
0.00971300680041098	0.59125447960464	5
0.122975329085813	0.55253829210443	46
0.029154829645933	0.27436546930991	31
0.057858449843928	0.365487287670158	3
-0.102395502159303	0.33553276635389	31
-0.039955714564141	0.245667335127259	31
0.00999793852241704	0.352228165979264	31
0.02539265373777	0.270941942264214	3
0.11884518880031	0.294899484701892	3
0.034756237427776	0.276084000562041	3
0.10527276096345	0.475901940780862	3
-0.103371072472164	0.33586878432386	11
-0.051330666681927	0.341112335135687	11
-0.116215039441257	0.333019441542909	11
0.014300053146985	0.452391351507234	14
0.055281875630147	0.450931794591137	11
-0.083013974474899	0.246202069147961	14
0.109364660235101	0.192108126013548	11
-0.042230246424914	0.24396417180975	11
-0.043274514343805	0.167301125738001	9
0.092611823509737	0.623035920756394	11
-0.120476583627706	1.16797048292399	404
-0.098842372042487	1.17022333490231	126
0.011209517673597	1.65752576599059	126
-0.079075829153746	0.908658823032285	126
-0.034081431699876	0.961787005626307	91
-0.00573385330770199	0.824173667076646	17
0.093559110412095	0.886546058331444	17
-0.087073120343028	0.561616741999242	375
0.00952000309777801	0.928871275966001	375
-0.035569645514276	0.7751938756421	17
-0.056710774060533	0.812674320513905	17
-0.050765902759096	0.84193070950262	18
0.044968079707673	1.05120656989395	18
-0.114397421968773	0.622286617699464	18
-0.019876107582876	0.51939516601957	187
0.120030065522202	1.59926590630207	187
-0.070272656061597	0.881703277568684	187
-0.104115073169466	0.421307165140391	32
0.01950605364725	0.540830281163687	32
-0.051329211891159	0.504757251295387	32
0.013654518862939	0.508566172664119	32
-0.048628708517598	0.991376533206219	32
-0.072582732713072	0.489289265116022	115
0.029039945535848	0.537185682739709	115
-0.079384660085088	0.41833301503721	115
-0.09917849457258	0.331327860637101	115
-0.105389254610082	0.392976685025883	115
-0.004455787340512	0.671779225407863	45
0.051644865772131	0.668143868268149	45
-0.109053731776057	0.343020809395594	45
0.025419067144147	0.526596211349643	45
-0.083093069990391	0.419427672207236	45
0.108911652824844	0.882876223711967	45
-0.015156498241404	0.820072484960598	45
-0.049477944298982	0.674551305631332	46
-0.025233360719304	1.2697922180822	46
0.086852443889095	1.19000201575989	46
-0.053269110637097	0.485103904455638	46
0.052598472278842	0.544376042462184	46
-0.085143313430155	0.341543129446319	46
0.095853071748437	0.464928788668177	46
-0.056926380211222	0.349440600990864	5
-0.088063201095789	0.332919723762677	5
-0.097402411137372	0.335856129307358	5
0.066735731519025	0.472308520824132	5
-0.09362364069222	0.239752637495695	46
0.014021095328331	0.362423563223453	46
0.022486618545688	0.269389544586491	10
-0.121606253427706	0.399327729185937	31
-0.115680434974213	0.23254051168049	31
0.121374155504569	0.300315625071135	292
-0.07888781899401	0.349235522542577	3
0.048478451027502	0.550476553847063	3
0.0529700669565371	0.362525048226031	11
-0.012840321864623	0.50332598153001	11
-0.115450657454007	0.334383261649848	11
0.119965548722349	0.660575875853536	11
-0.035978718497293	0.167489197782734	14
0.012570953291109	0.524800842378687	11
-0.047270346545341	0.499108229457129	9
0.009142579148672	0.5347518909333	9
0.028180030445722	0.446103794183088	11
-0.117959257601639	2.09147897490973	404
-0.117199419707447	1.10695781079722	126
-0.059824387302512	0.579741932978787	126
-0.090617397961949	0.714118802077441	126
0.00297838744519896	2.01676990137458	126
-0.00700222031610898	1.68704348885007	91
-0.050293612495347	0.416410731773261	17
0.094383938074588	0.647805124213348	375
-0.119493564854864	0.342625458008252	375
-0.06615917444883	0.340300271590745	375
0.00248620696194601	0.52569678640198	17
0.118185101595944	2.02360898301247	18
-0.123936043454761	0.889513903224738	18
-0.042031356284053	0.746539438062406	187
0.013465235995391	0.452455749256192	32
0.036516167188675	0.67187344814302	32
0.063673632768538	0.543231056444563	180
0.01811642275143	0.365072238023992	115
0.016224914666148	0.363937353397835	115
0.05941451335591	0.360637769735887	115
-0.054195409281078	0.583145319367669	45
0.022727578213586	0.349235415501599	46
-0.042525826076677	0.491620802109523	145
-0.064668243830856	0.702071190934703	46
-0.024796935262218	0.584687879559503	46
-0.056237095763304	0.626776371894114	46
-0.036221078911333	0.254826066825777	5
0.036180339869341	0.271141057346511	46
0.113518258250218	0.289496295259063	46
0.032057385234408	0.277816917762979	46
-0.124750437025265	0.154754574779314	10
0.012327549694524	0.357412121517201	10
0.122176028415297	0.30039163175096	31
-0.027026370489015	0.259301890275739	3
0.026109200461071	0.274354435917546	10
0.104084947982952	0.187941745908954	11
-0.00229318681164697	0.719966200826385	11
0.013972991446293	0.828604333539781	11
-0.12499895142021	0.335538945858109	11
0.110672214313	0.196281620263059	11
-0.107008365321738	0.505365452781671	11
0.0907485851177	0.791146687504284	11
-0.05155286908626	0.803299909232064	11
-0.036300860112185	0.713849880947484	11
0.043606286532408	0.417920354562511	11
0.109669186134674	0.752569735699647	11
-0.11537980395457	1.23411919514765	126
-0.082752620600004	0.990441267641148	91
-0.010945658753609	1.35177354543564	91
-0.118571474065804	0.856258575806475	91
0.07192967711823	0.985055883781893	17
0.034349278620692	0.829065882523365	17
-0.07804340783313	0.576088759351388	17
-0.076759620640741	0.875773069648546	17
-0.063338948059781	0.775262239209522	17
0.119510711077685	1.33200678111817	17
-0.085950706999028	0.477206839806616	187
-0.039382893214319	1.0555498781426	187
0.100755621360862	0.639886925320813	187
0.102147568032776	0.779332786356305	32
0.056970305882211	0.6932738041003	32
-0.010554266324177	0.7907684279499	32
-0.086331846872013	0.630226122186761	180
-0.00346444103388799	0.600153463295272	115
-0.112786512183001	0.661734926510269	32
-0.094153411621491	0.483385873741903	45
-0.100916543588968	0.592785280082417	46
0.022105045298268	0.268394846365774	46
0.09256729682154	0.696321672335808	5
0.097845863444279	0.484259358099896	46
-0.114239663076749	0.480738663579262	10
0.070907455986517	0.471958899639712	10
-0.09028539188525	0.335426760010312	31
0.055427562653013	0.364003529573245	31
-0.090080056375951	0.245620087031824	31
0.010500752156827	0.356020594728746	3
-0.03281752276987	0.258913314045361	3
-0.034019110913735	0.261730063989823	3
-0.034710039280428	0.165774053229995	11
-0.034663954232636	0.171168824875759	11
0.055814121891	0.369250787286975	11
0.063474316384916	0.372565917582089	11
-0.056181739136581	0.5084580542185	11
-0.00673342026894003	0.587336525273657	11
0.051118073808449	0.543070869036556	9
-0.089860768248701	1.59438186238853	404
0.00292659130565098	1.74005367454989	404
-0.023050447133759	0.848779992757481	91
-0.025806267425022	0.739384001511923	91
-0.092240553241793	1.05031889692056	91
-0.076235718822561	0.998920387637947	18
-0.038234556686418	1.16120279852368	17
-0.063332094080423	0.737403291675969	17
-0.00183587269371299	0.86706560927942	17
-0.075305931272702	0.77903183718108	375
0.047562259813081	1.12235760478492	375
-0.067509264807817	0.339337065925463	18
0.108130176262606	0.860615935665053	18
-0.105920162889617	0.524235756881336	18
-0.105403740333039	0.583236025035681	187
-0.039799380047632	0.676741383157368	187
-0.032961171143827	0.646193754809757	32
0.0354212803552419	0.841105880618298	32
-0.038460373373185	0.685450548052035	180
0.0759214630345531	0.932156712636477	180
0.010668144682825	0.65521695536012	32
0.0163246294189801	0.870063121767058	45
-0.119926718662445	0.469061231978144	45
-0.048044717838293	0.555338506890873	45
-0.053421885258025	0.503690884614297	45
-0.021335260117384	0.998181260953377	46
0.057507036659544	0.645239718476837	46
0.123932936705332	0.654486314666739	5
0.053268815268278	0.616049362509017	46
-0.061068345250932	0.34623355791686	5
-0.092434966280259	0.34266750928394	46
0.073014191054355	0.470971675130986	46
0.045750195932317	0.545820767205592	10
0.042968479226466	0.536657708780964	31
-0.04255912584962	0.433129644696497	31
0.059575711438292	0.451521535860047	31
0.062481461267009	0.468985886007703	31
-0.090392467282554	0.246754023026511	3
0.017848694829826	0.360942997656712	3
0.112714800904848	0.29013437449059	10
-0.120134167782187	0.157364775324881	10
-0.017358431886015	0.438032058869771	10
-0.083569550991472	0.247852888620494	11
0.037762529793073	0.449577856587646	11
0.0688597393816101	0.466061750927796	11
-0.038622072998561	0.255179063154716	11
-0.085080245799052	0.341927124223383	11
0.117484148507589	0.381117388013033	11
0.106487653965323	0.188950825814122	9
-0.088027503016262	0.498662994631624	9
-0.02423418309186	0.350462588668244	11
-0.100394213808263	1.13538639630377	404
-0.083259600362241	2.15342205599641	404
-0.038385790501567	1.03776543328633	404
0.00322287345189098	0.597705296340163	91
-0.040853065365639	0.349593837873153	91
-0.062687845416634	0.588831180045419	91
-0.045165489150641	1.08460855583819	18
0.090169762471995	1.10178435317135	375
-0.036021210129577	0.500421028859854	17
-0.042653091377855	1.01454934552307	187
0.030813976902577	1.18437718483622	187
0.043901575027222	1.18664464682353	187
0.015960724678912	0.800778155012247	32
-0.103523209892301	0.578497971204337	32
-0.06486978086796	0.738242329054632	32
0.113173194760643	0.577665884094874	32
-0.09022980431893	0.683675382863151	180
-0.015224341772195	0.74292146838008	180
-0.09449129859101	0.579736671550846	115
0.00538318659471204	0.799402464683171	180
0.071135856240596	0.859437983564218	45
-0.079815963631513	0.582739653033478	45
-0.071455805448202	0.638331946630105	45
-0.081730955447128	0.339246624293362	46
0.033436875852223	0.695107173801773	46
-0.083067618980179	0.326853302268426	46
-0.067405157232553	0.427158025582359	46
-0.020952519065102	0.345039069253936	46
-0.052411514745737	0.341595933514259	31
-0.084283752484179	0.344133476052218	31
0.015660681106505	0.350051435336803	10
0.035552159870872	0.454657046158526	10
-0.087474101101469	0.241839657991383	11
-0.103430627806062	0.335885146097661	11
0.064263633543693	0.375905026854921	11
0.032145425650833	0.444899802452055	11
-0.043977712789126	0.166581685500735	11
-0.072515394244747	2.17458050812706	404
-0.063064144616531	1.66426758356403	404
0.00320577662390198	1.06096955312862	404
-0.106728700915891	0.67512127365547	126
-0.022290378151152	1.35573111100008	126
-0.099653753228977	0.333333893495917	91
-0.124802377996631	0.392848121044558	91
-0.084385823880202	0.863973943227855	91
-0.116988734885523	0.370280575667067	17
0.09946980722793	0.570785478625431	17
0.08158318320129	0.64518559897529	18
0.04195315521026	1.03522403448631	187
-0.025896735795061	0.584203157179253	32
-0.096747105998453	0.771489047689907	180
-0.034633973789868	0.911157901984105	180
-0.023504125061467	0.778240919712555	45
-0.106275398806339	0.576035213486948	45
0.024830157791792	0.669251298447328	45
0.096809936545915	1.21099320038592	45
-0.070868693066811	0.944009885241092	46
0.080352874043238	1.41719174161131	46
-0.032466374472642	0.261128133448473	46
-0.022011527361331	0.340813655737209	46
0.017519502762084	0.450602759577366	46
0.048253768136668	0.682123105921769	46
-0.019909560991483	0.68251355885163	46
-0.022981422381766	0.630853127001197	46
-0.106404043938459	0.492878136244757	5
0.01953909253429	0.680017626227649	5
0.073209782399505	0.768868680820257	5
-0.045306213206894	0.436039973790019	5
-0.092087926388567	0.483624975119681	146
-0.03307289741249	0.567149428407989	46
-0.091756968337902	0.503063572515698	46
-0.03573162822359	0.510641650098585	10
-0.063584115066678	0.503875405751957	10
-0.118062002014126	0.338419460443234	31
-0.030514939233616	0.429495112720957	31
0.011417799408369	0.357338934671435	10
0.017748664929143	0.360321798210984	10
0.036615104929709	0.45113892499531	10
-0.091573399635901	0.244813524645327	11
-0.052749045514251	0.427529593781524	11
0.00749181362810902	0.45249628852241	11
-0.080732011369704	0.417173868563005	11
-0.106348566528784	0.571386867370018	11
0.014814156619272	0.757946454409844	11
-0.091030211442732	0.730441341205263	404
-0.07209373663248	1.52168602483738	404
0.00237615398888402	2.00261848742084	404
-0.039570458828663	0.777052136869375	91
-0.030732653207812	0.927054227089735	91
-0.078372132514044	0.4309240296951	91
-0.091888129683105	0.757192384991915	91
0.024622342511792	1.114450434196	18
0.022016284097269	0.533915584035667	17
-0.00204736139975398	0.452738589366023	17
0.054354031183619	0.556713983923763	18
0.102807462738951	0.804310066292399	18
0.122684789531723	0.392580231393021	18
0.017748664929143	0.360321798210984	18
-0.00280530739580598	0.799132418773968	66
-0.042589798010354	0.675523875705182	66
-0.022079866779982	0.897747471709581	66
-0.093660500837519	0.707239868305101	187
0.018774973469131	0.711508702453018	187
-0.011521271616528	0.352691440512963	32
0.110385219658227	1.36671583988758	180
0.098516651915134	1.25895485562644	45
0.057983194621218	1.26422529154528	45
0.112280938272519	0.632657433973895	46
-0.087335919211974	0.844432652432637	46
-0.083766661154596	0.562060912976735	46
-0.046755520294603	0.783880614816679	46
-0.067003704926147	0.633838458205449	46
0.088402794748268	0.986193799652142	5
-0.111913336755175	0.539651395997817	5
0.018584251446281	0.797178173224072	5
-0.097224024771007	0.485679527619407	5
-0.00622847364684398	0.646254508561328	146
-0.095847010732447	0.493071207933214	146
-0.02710832975553	0.65180976302695	46
0.055984272242612	0.76721794185078	46
0.121570544031383	0.37974039108884	31
0.112764021695568	0.353424829144497	10
-0.015608644463451	0.436523301072959	10
-0.105399675964425	0.325793945573009	374
0.123433745258194	0.300375612073727	11
0.096893725695942	0.470695268892949	11
-0.085867259150039	0.329103539527545	11
-0.111448275080844	0.333144456385502	11
-0.040726019472906	0.258562567823442	11
0.093769207794187	0.468161067952519	11
0.094724357851414	0.479255569649284	11
0.109331586850026	0.943434876517265	11
0.081157426665659	1.89355364542306	91
-0.043090720955358	2.10139661448388	404
-0.076451694224827	1.58222686085465	404
-0.112259866316159	1.14864357750128	404
-0.081839681735852	0.889186122627659	126
-0.065326006138348	0.418476400001141	91
-0.092593301540263	0.61199922765751	91
0.054366504010531	0.682108849327445	91
-0.031116848716169	0.883922889908887	18
0.0205066329845161	0.952711097944853	375
-0.080484767199561	0.418081247004295	17
0.0963984073836111	1.12324192708868	187
0.062903543077724	1.25162484662575	66
0.01366208249025	0.750407725754319	66
-0.030706270061266	0.815776959005587	66
0.07374382509491	1.13436564054454	66
0.038151304562085	0.950458530280595	32
-0.107121317904867	0.494374898981392	180
-0.016387283559057	0.8871657488481	180
-0.106863614071533	0.56369761357531	180
0.040560307403104	0.459466443703064	32
0.056418840120529	0.44870943122558	46
-0.002527382376462	0.667941986517741	46
-0.046023608120786	0.676604814874771	46
-0.058640757664333	0.496913285701955	5
0.123056786118954	0.791449998394003	5
-0.114746430398853	0.405528286157642	146
-0.071299757482461	0.499861031751117	146
-0.083479094003123	0.391885221891073	146
-0.080227044777274	0.495669950375473	46
-0.077050374881074	0.479798380084956	35
-0.051667007114601	0.430916625466504	3
0.058252906608786	0.453883423647435	3
-0.09432373970932	0.323405010624444	3
0.015742905065809	0.358434060920419	10
0.0653770143495031	0.367562087315169	10
0.064176164847854	0.36636298967776	10
0.0000297376873109601	0.45339553839096	374
0.118855093242925	0.290823428785565	11
-0.037838515736471	0.160475834462695	11
0.00884121205108401	0.451554342534857	11
-0.097802172150507	0.341137164702917	11
-0.071430577184872	0.337213222032354	11
-0.032742081351883	0.16980666750579	11
-0.050271383581718	0.332602549089377	11
-0.11628443254961	0.150761573142331	9
-0.100193832893282	0.403915904426503	9
-0.084391692459819	0.245222293936872	11
-0.075063996828456	1.81087313901431	91
0.05763856285189	1.65778491118901	404
-0.0112224705083	0.524139766398663	91
-0.023182850529539	0.53947029353487	91
-0.07080753514663	1.23735972546035	91
-0.063829628300495	0.729466083386533	91
-0.105428234516163	0.739632094581169	91
-0.059484809433982	1.1308039482153	17
-0.094008996065503	0.67379071684487	375
0.067380046957166	1.03901436457194	375
-0.044607293354637	0.499095037265351	17
-0.029073923035497	0.424017673134368	17
0.092329819986208	0.639416611251232	187
-0.05926756104342	0.871622939724827	66
-0.11484639156594	0.584570582674764	66
-0.11943559376215	0.647066207098776	32
-0.096969158280277	0.654200244440345	46
-0.079895887810178	0.917771456753713	46
0.116619678452462	0.380255642558964	46
-0.123416196650352	0.233587995193778	46
0.016916232799162	0.671267187276185	46
-0.111142333733631	0.332945935512816	146
0.069721832733175	0.699279524304878	46
-0.072261748471017	0.428286547474247	35
-0.073159013433032	0.418720019041826	35
-0.095309188481695	0.33556817329545	3
-0.04294382054461	0.353169349786414	3
-0.031123492686727	0.26212773376823	10
-0.030454001653301	0.440809564270522	10
-0.066238842786831	0.343631551479592	11
-0.021868798462386	0.519399162830666	9
0.117243908322523	0.294772066401508	9
-0.080893428543835	0.481123116256161	9
-0.008790734226786	1.01691419904691	91
-0.089533695085911	0.63378503941501	91
0.092577398001332	1.24116106757643	91
0.0831194617798851	1.04263774063364	375
0.095596873604162	1.0804224752112	375
-0.122047191470158	0.675150375792183	375
-0.005931346977325	1.08842413560574	375
-0.123315362306392	0.407105402420352	17
0.0333765423068571	1.09465935722691	17
-0.113119482263053	0.462355081612924	66
-0.028313072227988	0.656182837314221	32
-0.114839229284008	0.494724345325394	32
0.031050612219034	0.605286764491348	180
-0.051360671241609	0.500862466266603	180
0.104893030316922	1.0430386122535	32
-0.050234797934894	0.758949702393573	46
0.103760359593923	1.12236575804355	46
-0.123467323737174	0.480741567127799	45
-0.036219147487361	0.565423026062425	45
0.00468387290901295	0.818311586992232	45
0.043189594387639	0.69110034108595	45
-0.107282429752112	0.483576502968908	45
-0.062053388579287	0.345730847626062	46
0.00338986050121504	0.501714309576482	46
-0.112559784955906	0.335987470334188	46
0.063100885143181	0.612543298199537	46
0.063826308812034	0.607217739112494	5
0.045722129137744	0.604077113663271	5
-0.069687971668546	0.419938987530976	5
-0.031943328165947	0.5100787673605	5
-0.067643914349658	0.32801934336334	5
-0.056124435633866	0.415470488020904	146
-0.04822553826184	0.345185223134705	146
0.010946373325155	0.45573846730097	46
-0.017584846313701	0.511294237043716	35
-0.040753800604258	0.350690512859665	10
-0.041924243518504	0.253881786121877	10
-0.122704837494111	0.154195425356161	10
0.013316922361465	0.355779611047067	10
0.00884121205108401	0.451554342534857	10
-0.109937201442535	0.340577879376249	11
0.090639426732803	0.450741471062065	11
0.11236219702008	0.715206539371221	11
0.040443067662615	0.537256192084656	11
-0.028710075252183	0.443174492285907	11
0.048289786983117	0.677016595103788	375
0.121948431194498	1.04367931605404	375
-0.082406317538042	0.654653085806095	18
-0.057785943591212	1.02709349205221	187
0.016306237988436	0.450407152944417	32
-0.097929632851066	0.343357999236696	32
-0.063318970380086	0.535258243326205	180
0.098961765792921	0.466440422403811	32
-0.059686918944359	0.662185170969922	32
0.012321725176677	0.681342965339905	46
-0.098234642192173	0.410756711876774	46
-0.04181769166825	0.599522655263987	45
-0.118991037360109	0.493663274760053	46
-0.00831866938815001	0.526280227569528	43
0.090482137884722	0.676965531829124	43
0.037945046766122	0.779745672580433	46
-0.042940988986388	0.332329642000982	5
-0.090080056375951	0.245620087031824	5
-0.00714557755897399	0.525191534619899	5
-0.04400157471139	0.35277817107163	5
0.122028824163154	0.382005162651869	146
-0.124227223060424	0.15484577409301	146
0.02842691070946	0.273639827950373	3
0.0651533400001491	0.368520161652089	10
0.023328152715751	0.270709126529207	11
-0.03822338494884	0.479307184006297	11
-0.094591630138836	0.33876641853741	11
0.051471028958201	0.542692288977034	11
0.10400964502195	0.886708281151896	11
-0.095227834588931	0.41043835162263	11
0.015833258542971	0.506641386943781	11
-0.027658914643413	0.443103648227431	11
-0.10058094488558	1.11453481409597	91
-0.106871828484434	0.763991407790944	91
-0.116515020005179	0.70555729381123	18
0.038820521717022	0.265772790464664	18
-0.039468093772481	0.253515425763723	375
-0.085273557363283	0.492196583916672	66
-0.029570610644384	0.260862337484025	66
-0.086378615479446	0.248007786900751	66
-0.115522062830868	0.152896413770275	32
0.1177046991311	0.292303149109695	32
-0.013256482156453	1.08255399914926	180
0.0288826213855941	0.267207370391241	45
0.014625117409775	0.595568065491868	45
-0.054518823885237	0.432648944400721	45
0.030757371613683	0.276371666285676	46
0.106076682834373	0.1907845205604	5
0.107116254064547	0.196239636588593	5
0.029266510647494	0.273776422599101	5
-0.035368081376528	0.171078548704993	146
0.107116254064547	0.196239636588593	46
-0.044855031178394	0.244594217457739	10
0.102527023383035	0.190692919783538	10
0.1070673823464	0.190602569583027	3
0.07168935056235	0.631886715369381	10
0.124625411585057	0.388056359992966	10
-0.122940813123817	0.153706427838324	10
0.1070673823464	0.190602569583027	202
-0.037428818367018	0.17119012482422	10
0.091701418759131	0.45130921162107	11
-0.038131062770454	0.170448106894729	11
-0.056257591223137	0.501028015221048	11
-0.092174082567759	0.417836692548119	11
0.00238418022185605	0.590906773932853	9
-0.022122488185618	0.352813981257536	11
-0.121440215666759	0.781993820416586	91
-0.072749502267462	0.504423309299555	18
-0.029436393727678	0.572929579339541	18
-0.020399800620148	0.655115530747178	18
0.107553982191009	0.867750766716522	17
-0.00145765562248001	0.591396949472195	375
0.031410317389993	0.747868752990995	375
0.069428761337347	0.60462373704237	375
0.048011756300119	0.882685011095312	375
0.031786146127724	0.962512392264658	17
-0.08674930332813	0.737409479772783	17
-0.112817287638896	0.574369198183637	18
-0.00655911705394902	0.443677209555712	66
-0.09550832768745	0.339069571560853	32
0.031442875278327	0.974360423307406	32
0.032267724331482	0.60669990454629	32
0.011177322875277	0.593821112988272	45
0.035301865049587	0.973563289107103	45
0.001729855902174	0.610352965216758	45
-0.061224733992552	0.410919190147396	45
0.000128132093364042	0.606313757079649	43
0.031843281518283	0.434680346396784	46
0.00727505787306604	0.591086424375953	5
-0.070032747979517	0.623309811850967	5
-0.019901294103353	0.33847307767526	146
0.084381757135663	0.429463862889038	46
0.064703602701278	0.464556373265077	10
0.053106258948358	0.445743805981811	10
0.122352918105893	0.394648912314223	10
-0.123949887689962	0.239600944751301	10
-0.102827660139822	0.336386943770322	3
0.107744337287113	0.193833004664726	3
-0.12492565701924	0.153786318684142	10
0.074385224288952	0.544824134738705	11
-0.013448979491142	0.441647800238465	11
-0.052291727965211	0.330313398067287	11
-0.124227223060424	0.15484577409301	11
0.121831815365533	0.298279151007993	11
0.108579266336358	0.570282158008859	11
-0.00714557755897399	0.525191534619899	11
0.00623954819713901	0.673954015775214	11
0.010370714419874	0.445767123912056	11
0.102873584144145	0.65706967904258	11
0.111661766907362	2.11162433175636	91
-0.121906321990395	1.02792835833017	91
-0.107544576942756	0.952388198623719	18
-0.019321895406566	1.3718078015339	18
0.014784872287813	0.599935577478818	18
0.026806540070125	0.541412525573916	17
-0.063107540994574	0.431820682607183	375
0.0121771797157521	0.767234905379362	375
0.0646656521229	0.88672583897985	17
-0.041601208696173	0.505488910022002	17
-0.00837351049114299	1.30198683872257	18
0.048945580451658	0.671539831304432	66
0.117145318035904	0.566896504343821	66
0.06657224606626	0.455550647888218	32
-0.013941218941537	0.441044271297712	32
-0.084242075823424	0.331047501743923	32
0.013014214334043	0.362158119470447	32
0.087336284327215	0.461182811076713	32
0.115873603737866	0.372586781629539	32
0.099096113291581	1.24969188596195	45
-0.084019506658977	0.328899019835705	45
0.021996528053028	0.604107355028245	45
-0.029533548807193	0.655425270257444	45
-0.10207368229629	0.575826723235761	46
-0.102656539725561	0.409892693857933	5
-0.025693232495113	0.254345555086032	5
-0.120654660749162	0.156709729794293	5
-0.087548425801364	0.247396885259413	5
0.0572695148090721	0.369633286717904	46
-0.111614903058068	0.413993331051466	146
0.114322654968893	0.287274979586383	146
0.026613666483059	0.267303690567537	146
-0.116546877548727	0.345136421513562	10
0.0355964012633661	0.2780111615483	10
-0.038832571387095	0.1674472053289	3
0.0308367841455101	0.274654576404259	3
0.093143630007834	0.561914072905789	3
-0.048519458997646	0.15896715667936	10
-0.119371610060135	0.156937862219665	10
-0.032037882132122	0.169898954015918	10
-0.066549186564627	0.423336934332926	11
-0.088033080275025	0.246474305260856	11
-0.083218776131848	0.649748990047597	11
-0.044975961530296	0.34855545539141	9
-0.034488284382579	0.589664183112746	11
-0.036221078911333	0.254826066825777	11
-0.11664538036627	0.330576886590693	11
-0.073042955396698	1.25097236301203	18
-0.123979693843599	0.458262301357932	91
-0.096698188536055	0.409869446491676	91
-0.054378230536314	0.790647764309435	18
-0.08235279601394	0.920044762904809	18
-0.043990026368567	0.345495060347011	17
-0.053488657067902	0.337884006894593	18
0.010981180707357	0.445469167600432	18
-0.041986250569088	0.339530015482924	18
-0.074667037774959	0.315784899779743	17
-0.120997157400466	0.612781200708786	17
-0.07995602741616	0.919218557733933	66
-0.024642990464877	1.26985263106608	66
-0.082000864688067	0.335271160921272	66
-0.00988255507575497	0.984703235588357	66
-0.117769997736642	0.406560456947436	66
0.095394675724938	0.794789073067936	66
-0.122943906713524	0.152936152612466	66
0.058090653683853	0.362216229612418	32
0.0152191981984841	0.363674715922989	32
0.030760293132173	0.451687095021492	32
-0.026167091680229	0.336281892599915	32
-0.045298769922498	0.51508903124191	32
-0.070375243451489	0.340656866308316	45
-0.032466374472642	0.261128133448473	45
-0.040724476823907	0.770531043669992	45
0.022947908390591	0.26854627748059	43
-0.121747267201408	0.491783787282256	43
-0.025774377255525	0.506415202103389	43
0.017259562295673	0.61513582059378	5
0.114024914821827	0.281050513245989	5
0.124490719936463	0.387511454717238	5
0.029266510647494	0.273776422599101	146
-0.038741974534412	0.170273180706361	146
-0.041865894936395	0.16407596704467	146
0.10842208332039	0.193782715895591	10
-0.037428818367018	0.17119012482422	10
0.12045020705262	0.287108083113298	10
-0.00160393293945099	0.72638019359754	3
0.104217208945081	0.563182393068176	3
0.111299535832485	0.191452642057638	10
-0.039518766555637	0.25463739404401	10
0.111299535832485	0.191452642057638	11
0.0665320647779321	0.371639525704531	11
0.052189551920011	0.548473855018302	11
0.0604756966441991	0.450470036178399	9
-0.122701877768158	0.155619628304856	11
0.00124255038802101	0.944477325243988	18
-0.022893624344063	1.17903810696933	18
-0.049855565001288	0.580028413270927	18
0.024910546710698	0.58536673051576	18
-0.043532582433662	0.508790902360555	17
-0.118808681503066	0.383382244099458	17
-0.035510750041792	1.17517583612726	66
-0.092562128016334	0.740565290444729	66
-0.00363486210062303	0.601768527183005	32
-0.00808561471376601	0.563489268469225	32
0.031890803226026	0.612282156761881	32
-0.11045695423334	0.414116168029131	45
-0.010411381312667	0.570100522591131	45
-0.00958437371354598	0.43245384197192	45
0.059800407349074	0.552480530164056	45
-0.121225796326403	0.58081334243994	45
-0.081408832493551	0.781186746337388	45
-0.054574874294406	0.513374888201845	46
-0.041870403801413	0.348588877913	43
0.042238193309194	0.616627134072912	43
0.034119068809732	0.276949621711829	43
0.02243698156847	0.525380489430833	5
0.067632810205646	0.371252036159469	5
0.043694744666803	0.464206861669223	5
0.056470461611829	0.359640588788866	46
0.057416721293735	0.443958519457703	146
-0.11737911851969	0.406421926761743	146
-0.082898915927844	0.247523352932053	10
-0.085452140381426	0.249432407821908	10
0.00776583023433097	0.344295609441129	10
0.060238656186582	0.362709113714592	3
-0.012605947518561	0.345813612637748	10
-0.040758456024708	0.165886008744708	10
0.105761697872459	0.192944023586423	10
-0.036116812573292	0.169003815490307	10
-0.12313046228062	0.149524423061072	190
0.120631323541871	0.391163955356887	10
-0.083596910851171	0.248834867321065	11
0.014214209002777	0.36201176427427	11
-0.036725836654025	0.170560724530011	11
-0.038039028447138	0.169651769655581	11
-0.070348044705963	0.48275240071411	11
0.028553211526149	0.27682236857975	9
0.122528917078711	0.570216656040887	9
-0.118533862061863	0.327597514763218	11
-0.066847245516593	1.27668126227241	18
-0.06015037722052	1.08257813023678	91
-0.082328097104308	0.954883843405009	18
-0.101617545974762	0.984120287016031	18
0.05403119766825	0.992098565636199	18
-0.11928506125466	0.53807229235125	18
-0.113575169103141	0.668917776527552	18
-0.050352549961956	0.737940431168105	18
-0.115857676577914	0.513252004532179	18
0.042662291109771	1.17539059149547	66
-0.083704443778196	0.740409119282281	66
0.019565644706089	0.686502208668117	66
-0.013146236248493	0.486627630039669	66
0.113956351613674	0.806564993453387	66
-0.049686493941335	0.491873485871925	66
0.026841404492829	0.725531423174267	32
0.085881473108202	0.711100802621638	32
-0.091195739324097	0.511878300206593	32
-0.099367660071899	0.418561781551997	45
0.071970997546415	0.793078897699609	45
-0.037792251626156	0.435733603337901	45
-0.118368520216268	0.484196681432425	45
0.10001686150026	0.565557888584463	46
-0.06917471463997	0.480846639174424	46
-0.021201346413582	0.352507907941673	43
-0.047811030800447	0.422666304472768	43
-0.095909535407442	0.342308443844811	5
0.010765001585115	0.348289686609489	146
-0.085030029273205	0.339533434340656	10
0.057248822907702	0.455742676863342	3
0.050721627862324	0.354788775148363	3
0.069806590999992	0.468416137442058	3
0.124699603730539	0.295249099371964	310
0.066481327230149	0.371385037913658	10
-0.030454001653301	0.440809564270522	10
-0.087657130924927	0.244026466017701	10
-0.026536374090981	0.339927345959278	10
-0.124227223060424	0.15484577409301	11
-0.034019110913735	0.261730063989823	11
0.008903574178178	0.503222963515189	11
0.028613877495017	0.533280611158519	11
0.058403328642341	0.463205404802836	11
-0.108423705956505	0.337970131001745	11
0.088233089454967	0.622929032091981	11
-0.024062749356475	1.9184371280383	91
0.014841441679695	1.24851791419517	91
0.0348059779729361	0.976856125711403	18
-0.034471854603691	0.646297599517237	18
-0.106108048964832	0.575826460839726	18
0.103885299082636	1.36670288028288	18
-0.032071325684164	0.653315235011132	18
-0.088372180453375	0.566555273348929	18
0.016606555038326	1.23211517319866	18
0.020169496242457	1.22838474491666	18
-0.048358379662205	0.761835631191629	18
0.020384059002121	1.20310293266026	18
-0.088084891384977	0.638047412632541	18
-0.064241492068729	0.770728954827296	18
-0.039270499263007	0.511590386519941	18
-0.0911311066523	0.711758123443151	18
-0.066301869605842	1.0270541570835	66
-0.113510138915302	0.339969187306634	66
-0.102585935594547	0.419937019968504	66
-0.069642618805866	0.418780241556029	66
-0.024392910502033	0.514391601990019	66
0.093535177420354	0.71223357951726	66
-0.040874399040486	0.596957030499917	66
-0.100907302003545	0.642921205420469	239
-0.004816717493135	0.807613638919921	32
0.105284735307391	0.720660439373429	45
-0.08318531088144	0.421220509397543	45
-0.121559078959054	0.675642115240313	45
0.113842111051708	1.21956089363772	45
-0.090380716961083	0.724203890790991	45
-0.030309445800386	0.496088955511369	43
-0.054632891372827	0.417173397864851	43
0.020511161775259	0.525522061349731	5
0.069328227837844	0.614813381464158	5
0.052430748561761	0.554812598603698	46
-0.115675581665929	0.336903147764476	146
0.111650328994464	0.729813389106503	10
-0.074480726563068	0.566727357470663	10
0.0278170967213151	0.449206482007634	10
-0.024237426732171	0.349546191194019	10
-0.029267933087921	0.166957579216483	10
-0.101907409526614	0.414179538960856	10
-0.054129078297674	0.429064467915277	11
0.0550521710408241	0.619537277962171	234
0.034119068809732	0.276949621711829	234
-0.026650104500414	0.324657899264105	11
0.039192077076319	0.542160807328541	11
-0.124745996752446	0.40068855492379	11
0.046521270988198	0.777560457828003	18
-0.094987352409357	0.789528847183454	18
-0.073705902893191	0.93952504084465	18
-0.123054918192569	0.917761957042365	18
0.05883231016747	1.51964653451313	18
-0.077687361600609	1.26367683979966	18
-0.066020327585273	0.862915068066135	18
-0.00640927536094299	0.896159369678944	18
-0.062397812693727	0.81795478506762	18
0.094294521931784	1.41813518505006	18
-0.047283024260996	0.835126104119225	17
0.084593600672218	1.21676808038974	17
0.059687509067953	0.848873384372232	18
0.096786004129484	0.465642997012794	18
0.0368840133095381	0.773482399122619	18
0.124670798426607	1.29303335047564	66
0.031031157460742	1.11544363387687	66
-0.116886974907059	0.755208922958818	66
0.016644145718073	0.756100882627384	132
-0.040848189976262	0.598581908282058	66
-0.049621586909664	0.624127394307228	66
-0.057882466623857	0.489448552338585	32
-0.072297879745466	0.617283701669524	32
-0.047096286770076	0.653331658744754	32
-0.079597607705789	0.567535076938884	239
0.071960727654511	0.924930959120779	239
-0.073719656305469	0.754472932642274	239
-0.103323128435247	0.678765580021269	45
0.045885335088741	0.857428448311474	45
-0.046147278344797	0.570691295246473	45
0.022680870789569	0.750441062441054	45
-0.033872291591409	0.518243963473255	45
0.08193088050429	0.81758204340445	45
0.027209381407485	1.09730513464617	45
-0.122856825346803	0.397833012173488	45
-0.114463573011536	0.75352561892615	45
-0.048189953179644	0.342875403572784	45
-0.122045476038523	0.240727983186481	43
0.067053260659097	0.770543947426691	43
-0.00405284603045403	0.568590038455789	5
0.05008325665194	0.673315835738739	5
-0.080027823959864	0.410448464340185	5
-0.047649247670668	0.413200534596884	46
-0.06894760936287	0.425423647618884	10
-0.064351368629993	0.344835488747031	10
0.060455615325648	0.468680287228525	10
-0.04337753351323	0.438303822172341	10
-0.056481608529648	0.412943152815071	10
0.018851360425977	0.36120771485141	3
0.118769293078124	0.378929508373779	310
0.123221652589862	0.384719566188132	10
0.104275620605826	0.646329237140198	10
-0.016912763240213	0.356086536644214	234
0.058043410520228	0.366921702788739	11
-0.036192585436392	0.430480451177451	11
-0.025343298695236	0.259311224283283	9
0.037361704498347	0.619835404722063	11
-0.046997094686101	0.432552066203672	11
0.098233977372721	0.751645392651601	11
0.084430591328048	0.635843100432367	11
0.100959200776274	1.46895733328454	18
-0.106712118719626	0.923927151628928	91
-0.023167269749736	1.12425627028981	18
-0.124033894392607	0.862143913162033	18
-0.100382143734062	0.798456738134685	18
0.00840609045171403	0.894075597479321	18
0.0984141687837	0.881819253054902	17
0.084492401630311	1.08525953957387	17
0.119247392314595	1.24050968173546	18
0.045840187205528	0.903587616850512	18
0.043395584947079	0.898968356570019	18
-0.005539609017014	0.874785558347781	18
-0.094503938089282	0.718027375483651	187
-0.055869369820237	0.901970956042419	66
-0.046088908941787	0.50021453793399	66
0.05520814327834	0.555521334778654	132
-0.009448374881255	0.516707768368966	66
-0.071156715263538	0.506092412369365	66
-0.00796032083773202	0.608131670363421	32
-0.045696552753684	0.493124161253024	32
-0.018829311271551	0.524640941933517	239
0.052180140976827	0.655174590983134	45
0.038954745183623	0.679297738768835	45
-0.07078609157185	0.433384473120945	45
-0.11532377315482	0.343503690867448	45
-0.070406026748198	0.721067868287299	45
-0.033005986595691	0.832415396811431	45
0.0182591881469381	0.520408752117452	43
0.0966966728654171	0.723170914979339	43
-0.056987922684272	0.508328030085345	43
-0.029991531251309	0.42795055131091	43
0.00742542165209703	0.444652088299303	5
0.00204732196483803	0.439462084364697	46
0.063521194168368	0.461370643247067	46
-0.108479864030863	0.338612146136801	46
0.061561617562831	0.368983774152498	46
-0.048080752991915	0.398970551934556	46
0.0311366324258719	0.446108111336787	46
0.048966864451401	0.493032394381861	10
-0.043176689697196	0.500954793959148	10
0.017960413695173	0.461156412934204	3
0.034240884975004	0.459478859224213	10
0.032436138358508	0.279686685505066	10
0.070019055605031	0.550361018441311	10
-0.091164333435263	0.338317763637484	10
-0.032037882132122	0.169898954015918	234
0.039588450719373	0.274223653643289	234
-0.106481661836929	0.325324486362374	11
-0.037175100309036	0.164663773834528	151
-0.090201833367515	0.345983806188725	11
-0.048019246021877	0.43523445914575	11
-0.088992753323096	0.422138856682121	11
0.095933576358905	0.714912805605443	11
-0.020932005592914	0.345436218113763	11
-0.034191785055107	1.89321637122002	91
-0.041683942892945	0.593273068445337	18
-0.039044761761035	0.768330595927658	18
0.0708260112525571	1.11380245167797	18
0.033281654450352	0.918703514564634	18
0.038684860321004	0.951186306868942	18
-0.024384318886118	0.868099829504118	18
-0.089048023289014	0.681314746358819	18
-0.054722972727885	0.706413484540098	17
-0.051681240590371	0.716906603540685	18
0.0660719503377341	0.71099120998991	18
0.00138647636728095	1.07014562269005	66
0.0299337447903481	1.10295480176713	66
-0.028236773983908	0.522531062039004	132
0.073778685524451	0.86516320373391	239
-0.030261034960246	0.73519484932818	239
0.065204696621073	0.613335167429154	46
0.039053449339423	0.69414638930787	45
-0.046697563877094	0.513206026049772	45
-0.084607624995428	0.50553609039709	45
-0.110058503488151	0.55091400334756	45
-0.120842599862496	0.545270540317213	45
0.054956271809538	0.978886667909722	45
-0.01363899586846	0.344247862924116	45
0.10482131258011	0.784786871709203	43
-0.114937660131711	0.42399654118952	43
-0.087148407057168	0.484397390019127	43
0.041020381179896	0.599244421229607	43
-0.10555400442748	0.341599504854063	46
0.113039685362653	0.650392161202376	46
0.00256857624194196	0.525046195678104	46
0.11909202530508	0.633370888528841	46
0.084274078647392	0.448419393318448	10
-0.067474708278705	0.342128917808394	10
-0.097929632851066	0.343357999236696	3
0.020641937557709	0.358451876619385	10
0.011123615356191	0.360767283934192	10
-0.036078173337876	0.25426328895858	10
0.114434409857463	0.286976166354935	10
0.029086929020574	0.450818568748139	11
-0.121422136967937	0.15232751874163	11
0.113482358170401	0.369555226882592	11
0.046592966201098	0.530216964343489	11
0.105131658984536	0.192077174457203	151
0.05236727758785	0.616912595976851	11
-0.108036147706241	0.748398163103077	18
-0.030135611837469	0.852590808538704	18
-0.00163997833936202	0.686589462443491	18
-0.027710066921494	1.20667788877043	18
0.028859142118521	1.31608306335526	18
-0.114099132776117	0.780616730821857	18
0.061969450994419	1.11752708227607	17
-0.088824252225459	0.574903039138045	17
-0.023830201197934	1.02008686081241	17
0.063554109195919	1.36082046242203	18
-0.014294858881684	0.804481536716824	18
-0.0169773198623	1.1324667501573	18
-0.049583756592171	0.737140592969853	18
-0.108596608736557	0.393932932504776	18
0.052411218575569	0.783135584424239	66
-0.039103900065405	0.65292395873033	66
0.034222790548714	0.891506507549068	132
-0.054910681738967	0.638013517288752	66
-0.095940378558576	0.488664297647734	66
0.103202830079961	1.07364975513383	66
-0.076466528790072	0.84881503815642	32
-0.117003960146958	0.474001139931515	46
-0.038739762798451	0.349292579774298	46
-0.070068290208751	0.566625506843511	45
-0.04534460367902	0.554991386455792	45
0.0620529057882671	0.758108261280123	45
-0.099363979274926	0.569198222394192	45
0.052180661231115	0.862359021239924	45
0.028673509708137	0.604242351776512	45
0.00723172376919801	0.590406191611806	45
-0.039781078044868	0.348089520228694	45
0.00349779471963096	0.519551467402609	45
0.011056843493926	0.519201589718684	43
-0.061052487549368	0.648783756333405	43
-0.065009423577069	0.529411364503451	43
-0.084547603682146	0.421019686686872	46
0.095508651269892	0.64352752877391	46
0.070856629395278	0.703963962212541	3
-0.065046163704239	0.337466938560966	3
-0.062305731344955	0.350025048844951	3
0.072934295344688	0.560736314190798	10
0.015965289410089	0.357254842792358	10
-0.01595759056852	0.35200993530295	10
0.00460633344264005	0.341070912783847	10
0.031726047439119	0.51027014318861	10
-0.015171277866165	0.44322217629741	10
0.069074495547519	0.553465491935026	10
0.074010589589307	0.470383209475623	10
0.119975965211451	0.376917411764661	234
-0.069720534118385	0.328933800635365	11
0.030572081553974	0.263888133310781	11
-0.050238487613367	0.424014789390252	11
0.0719605644628321	0.472236655502385	11
0.059251698699291	0.360173554759861	11
-0.087006768664812	2.22659684251044	91
0.028705881955529	1.36617358249014	18
-0.051810759845709	0.510495110393705	18
0.073310717591398	0.848318035344596	18
-0.085885229496478	0.743007184843365	18
0.063808135236804	1.25079037507836	18
-0.080483680404006	0.747045195328008	17
-0.104740348055585	0.734509082108125	18
-0.073300278488361	0.629947900272166	18
0.0698401463438471	0.477596144450545	18
-0.055490351791216	0.437399485869225	18
-0.052765903589343	0.576222357642841	18
-0.00765513224255998	0.856812936617502	66
-0.069873196603975	0.433794019442819	187
-0.097253817052913	0.621521342355985	66
0.0396867784845339	0.953477626718113	66
0.072779266315008	0.548012798238048	46
0.015090926803038	0.813191725486541	45
-0.03411815943285	0.495850626760218	45
-0.056290318690276	0.475411555203711	45
-0.043131809265015	0.437851182719794	46
-0.107299521356422	0.572843215366488	43
0.101363255408998	0.909691191237816	43
-0.01647907717964	0.581008541208993	46
0.027091665330669	0.598788998476632	46
0.06466881322614	0.681544685024232	46
0.056442149006636	0.691968855834884	46
0.029449817485811	0.533968631900271	46
0.103213013445516	0.649933671865393	46
-0.103877240590328	0.415019876747246	46
0.0304443356467869	0.533823594009663	46
0.0242265715576609	0.535538573060574	10
-0.115675581665929	0.336903147764476	3
0.009142579148672	0.5347518909333	3
0.048685703231194	0.55074575408774	10
0.092648598354936	0.465626913631191	10
-0.034532276673442	0.346329249475911	10
-0.023182263035938	0.345283243910161	10
-0.120808491150376	0.241294733735502	10
0.043559304383081	0.470478544714362	10
0.026750835765175	0.269581710740838	10
0.123649496089001	0.564779377332386	10
0.055245071106923	0.357288823901562	234
0.120631323541871	0.391163955356887	234
0.029266510647494	0.273776422599101	11
0.029304094218303	0.453244848471507	11
-0.046063906889698	0.343603903190987	11
0.016214179497661	0.453104118490734	11
-0.043977712789126	0.166581685500735	15
-0.124227223060424	0.15484577409301	15
-0.036071469872592	0.168480882499742	151
0.120037502408248	0.551500571030751	11
0.115234577623924	0.292817657819837	11
0.033450148392664	1.13156328162272	18
-0.037909059161428	1.21707583561805	18
-0.080155850141953	0.993930042312577	18
-0.08659310007911	0.506819230075619	18
0.040596334211404	0.762667438757029	18
-0.011722735105683	0.743313652624521	17
-0.124969316080466	0.407440295412744	17
-0.058491760017564	0.548033342002913	17
0.00381393725939005	0.662161023650167	17
0.004975089745065	0.974550185675856	18
-0.034975302584028	0.674711575907912	18
-0.045889289591422	0.659965858911374	18
-0.00526965112718197	0.602377749442063	18
0.09868500492885	0.804451402027192	66
0.026679046612636	0.515198008093144	66
-0.079615139775623	0.503390651331785	66
0.117674549648908	0.777263095515039	46
-0.084564216075478	0.746351020392361	32
-0.10113786783118	0.571224982033833	32
0.122941241802021	1.17079525194305	32
-0.032909108589924	0.577705218794271	32
0.097131183625119	0.715381926256327	32
-0.116784093549642	0.403514193519261	46
-0.083834493928809	0.505079668264118	46
-0.069801307290159	0.498730030786574	45
-0.11528051186813	0.394717347159812	45
0.00375515969679197	0.45195584867452	45
0.0249723487976971	0.539710129265072	45
0.072840625944989	0.699605958842708	45
-0.100126523175061	0.405500500253264	43
-0.06744250115473	0.334348923459164	46
-0.091249631313854	0.237401194018607	46
-0.090080056375951	0.245620087031824	10
0.059542479723534	0.361235816003574	10
0.061622505203685	0.369091978735925	3
-0.122704837494111	0.154195425356161	10
-0.038131062770454	0.170448106894729	10
-0.040313143880189	0.250612589974047	10
0.0132734394271951	0.441792781754123	11
0.110672214313	0.196281620263059	11
0.10579924268487	0.656337410914329	151
0.058786220399236	0.365424840024158	11
0.00833666532988497	0.532711801023681	11
0.122362981943182	0.384644994008692	11
0.045739128319755	1.47093883187746	18
-0.117197267274972	0.613791160470911	18
-0.102698483761405	0.632949602013651	17
-0.053333178378736	0.746696964875081	18
0.0282158929212331	1.06276069952112	18
-0.019096605408066	0.842535789748925	18
-0.085925773978792	0.575487586769385	18
-0.061332690221926	0.782245419631668	18
-0.118374879525116	0.673045871140332	18
-0.093441668907821	0.699009214443034	187
0.044507780031626	0.765454658683157	187
0.00707116311542699	0.446027821415411	32
0.063378664356446	0.920379235097605	239
0.071862187542598	0.923821421556683	46
0.03712757551186	0.542108808885836	45
0.070500923553089	1.15586328422565	69
-0.121503270876632	0.466508553221874	69
0.037265791983974	0.460929466882226	43
0.089220073362258	0.804043170892597	46
0.094752664443314	0.472828837587578	43
-0.119316481460574	0.339843312507434	43
-0.045047835807221	0.331908355425568	43
0.123959792913916	0.393701850338643	43
-0.086457701582866	0.336454127370252	43
0.046437023588512	0.461958534754395	43
-0.026153872498269	0.335037164222455	46
0.057669482274421	0.373932999149161	46
0.091477216061336	0.467930708900587	10
-0.039796678532309	0.349989221157283	3
-0.034935986463051	0.261830310287342	10
-0.039856631226368	0.351425093653037	3
-0.008991879932021	0.449883260041279	11
-0.033312781830018	0.259796568402092	11
-0.043274514343805	0.167301125738001	234
0.08158318320129	0.64518559897529	151
0.00763857400442403	0.438584203089684	151
-0.099479943311279	0.330452045910226	151
0.07008243445646	0.704925660567028	151
0.017049408160309	0.743877583913698	151
-0.020703262412279	0.688211363258234	11
0.095739143077229	0.478854781000977	11
0.040182037021401	0.766962253950276	11
-0.023024041624439	0.33509318141093	11
-0.10431031623215	1.18815914245656	18
-0.00595040027407201	1.42304962823814	18
0.100576647885676	2.13391211257982	18
-0.048906893796571	0.644856142818922	18
-0.115324178025109	0.457487674297205	18
0.053465461282328	0.620619576030819	17
0.00704831896954805	0.744573782266203	18
-0.114675466092512	0.828703088326769	18
-0.072196733133938	0.909707748951504	18
0.039301670493065	1.13405635599627	18
0.020138159228086	0.607863642270424	187
0.040346845511409	0.462674589343551	66
0.122064761803069	1.04208806043742	32
-0.043309301193038	0.849104283278929	45
0.076806603192922	0.564475822148521	45
-0.042698738189124	0.433441442852228	45
-0.00933257364289197	0.441262755266135	45
0.069226281352729	0.621056839897232	46
0.097863213192929	0.483526401800147	46
-0.07976877632514	0.34259459429841	46
0.121802015579605	0.374754812066285	43
-0.040913680643743	0.35214886016872	43
0.067677558293989	0.469865735215912	43
-0.068134712895509	0.328102285051541	46
0.06050604174593	0.375607501174433	46
0.049497850016153	0.35450837459103	10
-0.105120428184054	0.540647527717818	10
-0.096254455297104	0.500522994862505	10
-0.082003625902397	0.429772603428967	10
0.026304115982806	0.607048071750663	10
-0.095476162698928	0.236143104904203	3
0.057858449843928	0.365487287670158	3
-0.039906911432633	0.168119333111972	10
0.124690550033415	0.295749161140533	10
-0.083569550991472	0.247852888620494	10
-0.035978718497293	0.167489197782734	10
-0.032742081351883	0.16980666750579	10
-0.0871044487621	0.242973781031373	11
-0.067892233750064	0.498539312112931	11
-0.112856481083555	0.406595196213317	11
0.030375985007955	0.277536871318746	11
0.091510979180318	0.640259695170592	15
0.106829905470978	0.652647082837566	151
-0.044387812823035	0.578227755311853	151
0.040252152490832	0.818587220900234	11
-0.123933892696787	0.231895154501531	11
0.0228023450670241	0.526094475012592	11
0.0372259009939619	1.80903448937517	18
-0.062465393054481	1.26879274377467	18
-0.047838858803975	0.731951117375353	18
-0.101294756235441	1.05927637803042	17
0.0897762628218181	0.637977943250447	18
0.099303953749234	0.684777651908565	18
0.114478306321615	1.11320142007048	18
-0.092658272106161	0.659863584853327	187
-0.118802420768694	0.748828962708859	66
0.103247972974768	1.62766821964479	66
0.0219360143535	0.360433571875468	66
0.0656560038390141	0.466017576502125	66
0.018052451663104	0.352884224656163	66
0.075430368131323	1.47651908489302	32
-0.049683682805646	0.658143495420457	45
0.07105438104185	0.560357785796358	45
-0.09581511397563	0.586197758223256	43
0.120733588596209	0.384514793785164	43
0.029918706940732	0.525256478683118	43
-0.087106006462819	0.244056732430363	43
-0.121422136967937	0.15232751874163	10
-0.029570610644384	0.260862337484025	10
0.122538321636484	0.780421207926079	10
0.02837945827755	0.597879400636542	10
0.045870724173221	0.692235524997479	3
0.067756391975145	0.469415156896719	3
-0.118851795506809	0.155393760337778	3
-0.018626322969639	0.594323701420027	11
-0.047867913603151	0.583334652838048	11
-0.039444183270585	0.169536895809198	11
-0.08009403939306	0.419833259832481	151
0.028909410652694	0.536061561701593	11
0.108211736091876	0.657662287362628	11
-0.037428818367018	0.17119012482422	11
0.030865406316773	0.268868639561096	11
-0.063328892107214	0.349112215698315	18
-0.036725520202436	0.515814281630538	18
-0.028559513472053	0.440315750768007	17
-0.024077455686896	0.599933292744733	17
-0.049592207232387	0.673456627670215	18
-0.057847248573976	0.627612614281578	18
-0.088597126878503	0.80592246320214	18
-0.0800989549541	0.958489938954782	18
-0.027775597818783	1.15676986643194	66
-0.083272346005976	0.805225183336836	66
-0.052053021286691	0.9834105258897	66
-0.088131388340444	0.424846316354575	187
-0.088276938088491	0.330727332947634	132
-0.039059417007872	0.937520516381051	46
-0.062175069690525	0.429732548100128	32
-0.060258190761218	0.348765724127004	32
-0.067141537748763	0.665934842105595	239
-0.00468661527891801	0.584236598641962	239
-0.076964246989037	0.32658154103461	46
0.00722963519569897	0.349956496087518	43
-0.086366688177831	0.339424390946485	43
0.118503501948999	0.294775054534849	43
-0.116087644147996	0.240935387431612	43
-0.122798133721149	0.23267628747441	43
0.120409945088842	0.378202454232841	46
-0.122827384492414	0.239745377661882	10
-0.037428818367018	0.17119012482422	10
0.122182539175452	0.286229752039433	10
-0.034019110913735	0.261730063989823	10
0.039098995956693	0.543868763211083	11
0.026930730949093	0.445095948894158	11
-0.042660834392472	0.165213255461846	11
0.0308367841455101	0.274654576404259	84
-0.035441826435646	0.498808393221361	151
0.055031107514804	0.706368511608448	11
0.11715149728901	0.379645071205882	11
0.045000772035765	1.64782192684498	17
-0.064122767446812	0.428262574832823	17
-0.096322934970063	0.498761780602265	17
-0.097503800451256	0.500508159480503	18
0.0459212635878961	0.776978069736192	18
0.081481934262071	0.909633758164985	18
-0.08415820563104	0.858796318995829	18
-0.07894463210137	0.820116401449373	18
-0.116491872096146	0.665043619378984	18
0.061227435050618	1.02166493806819	18
0.00301277850499504	0.451301891971174	66
0.059827068151067	0.860249288827861	66
-0.077687599317342	0.430645915701012	66
-0.113185646037067	0.766707322105679	46
0.07968474673433	0.569511461793679	32
0.107446249021968	0.789810647339326	239
-0.057855818087551	0.730037282367671	239
0.019477199003713	0.752616289937295	45
-0.10021202014376	0.416337948904688	45
-0.014153900077391	0.756647550226115	191
0.00542677904261801	0.448024906749628	191
0.014482442619895	0.561201574360012	46
0.000452036254622978	0.682519505070667	46
0.121557045798398	0.951742341014693	43
-0.07734395529269	0.426794910547868	50
-0.038774817136167	0.355776645384523	46
-0.047209386022224	0.344459960400676	3
0.120103900839717	0.294902919302283	3
0.100941519955214	0.469017301159232	3
-0.116311735445151	0.239065257484464	10
0.0712875383998131	0.561002947106226	10
0.032402754205432	0.268103715231466	10
-0.029462076037528	0.337429007391831	10
-0.074439924119601	0.344254658541707	10
0.021856034927855	0.461591918104572	11
-0.052457869325442	0.334963214345762	11
0.02539265373777	0.270941942264214	11
0.098094023588976	0.841129132103217	15
0.119303235297621	0.295575655273168	15
-0.064063367096541	0.342255900664679	11
-0.123055122622094	1.04186477872343	18
-0.012812160084958	1.72066723320879	18
0.027236827105098	1.46948558854635	17
-0.124233633585028	0.956894380684522	17
-0.113083143780537	0.423624329977803	18
0.038113962340881	1.27728485473242	18
-0.00979139747202301	1.21620459209167	18
-0.117917076124033	0.703414094986024	18
-0.097445174571108	0.726636029392669	18
-0.102909509340908	0.895790550466312	187
-0.05353095650734	0.953395326156072	66
0.018668876715041	0.942616810851742	66
0.068729759968639	0.473386643505871	132
0.028305737712751	0.526725553356134	66
-0.035560361053368	0.351751924222274	66
0.079424597077931	0.878527975439941	32
-0.077483130945209	0.592937250731831	239
-0.057300535931884	0.497005009316387	45
-0.06471193419299	0.419295686931763	45
-0.034951083415961	0.596515084026914	45
0.059300586466445	0.46325612478235	46
-0.114344587953402	0.613483887217929	43
-0.020946980315613	0.347542723106933	43
0.01895133020336	0.360218890716893	43
-0.091967892609611	0.320258622326837	50
-0.041885537140929	0.35242659035956	43
0.108960898949434	0.61882582894881	10
0.093652452728578	0.564909644704433	10
0.027390672377282	0.492103504913692	3
-0.121347552808214	0.235747889903153	10
0.017867956087273	0.353192814261834	3
0.0874170560263871	0.68762185107691	10
-0.036682809468032	0.167394975011293	11
0.027588352965934	0.272318485556156	11
-0.048031996592477	0.421370026887079	84
-0.075703198564305	0.510850135439332	15
-0.12328133167016	0.57571380921975	15
-0.042716942404593	0.584935135341916	15
0.00922135709808503	0.668604161956573	11
-0.07446409240375	0.742323811253311	18
-0.081172913305954	0.756312399424314	18
0.037913455320058	0.951737949622293	18
0.11762981307392	1.33006643687825	18
0.061404962654172	0.899872747206615	18
-0.064449014698965	0.645435047078515	18
-0.053027284425885	0.583338145963417	18
-0.015860076827495	0.748905853940764	18
-0.000193646108265	0.876564366741736	18
-0.031071818002837	0.659278481246222	187
0.043560095596998	1.3756724893351	187
0.032859921935628	0.687228013040455	66
-0.018605581206743	0.741541769146551	66
-0.00850673378562	0.598501609424286	66
0.063203623650002	0.667719858555648	66
-0.079152067141427	0.686378059776238	66
-0.0172487098907	0.950426864476617	46
0.094625701466884	1.01404958220697	32
0.02800106945584	0.939795227204449	32
-0.033607236718806	0.653265202583831	239
-0.041608029025593	0.856566743131042	46
-0.094544630308409	0.557670437320705	46
-0.084281533164959	0.496005550688216	45
-0.094254486193867	0.578415288957204	45
-0.071682753304821	0.501486267281013	45
0.099681308048618	1.03070238565779	191
0.121359164025917	0.944817858621291	191
0.067175590245537	0.626985762705559	46
0.056223052015155	0.610074555908507	46
0.084591484672175	0.634907838937783	43
-0.090133810122414	0.653065861594833	43
0.106632880156881	0.782915784130018	43
0.073510112819497	0.632250488005044	10
-0.089248452867195	0.403517021268796	10
0.00339819927503104	0.52703001329122	3
0.000751812765762971	0.666073329136618	3
-0.113872860857759	0.337894037616893	10
-0.027826169330224	0.436950793121159	3
0.01094929625904	0.346594017074251	3
-0.120216906535393	0.237589483832265	10
0.013636721746062	0.537341103679107	10
0.027206305602986	0.272374922927763	10
0.104188665539405	0.472017603028776	21
-0.063182635851662	0.392457510410508	21
0.033350473760247	0.460090979259159	11
0.056514934439456	0.373311971442493	11
-0.035055826760881	0.322651734901736	84
0.086119965771771	0.607473842176526	15
0.0104368904664049	0.345139807783934	15
0.057416721293735	0.443958519457703	11
-0.107906761553436	0.511458149772202	18
-0.083547832990184	1.05919499928257	18
-0.020375528987105	0.927667766605999	18
0.0559302810638021	1.13436348337744	18
-0.081751099995854	0.867759490142285	18
0.067932526450175	1.26681841984441	18
-0.01733914541619	0.917758823278813	18
-0.031017490855538	1.13635392217574	18
0.094738723665773	0.460758979565363	18
-0.098247659403135	0.40664756666982	18
0.010115451621634	1.07389206205716	187
0.076338506368189	1.27692225126262	66
0.040251780433417	0.74718434968074	187
-0.112490026982059	0.497451534950608	66
-0.056550423844423	0.668109961944142	66
-0.106914335670107	0.562920803407871	66
-0.083672082245978	0.337166405150918	46
0.11621820503371	1.39246873750658	32
0.114110339399958	0.95994450253303	239
0.044980921767985	0.77006555614076	239
-0.052949821791042	0.643765741977566	239
-0.008226453761708	0.567200750028691	239
-0.000660033836750007	0.812620668569918	45
0.048723812645779	0.670623401552105	45
0.122177107869846	0.374377007230458	191
-0.016767599255348	0.351834189288469	191
-0.051552766203254	0.428391325750688	191
0.117295403561447	0.81302248889822	43
0.114103138803259	0.630637403679113	50
-0.012769905365831	0.58786836562471	50
-0.099720098261676	0.411719503447611	43
-0.098576364417854	0.397451264248982	46
0.00653965693396397	0.591259765806055	46
-0.075380745556047	0.483616408594679	46
-0.079977241492562	0.416026531801122	10
0.046682418199324	0.607268798125968	10
0.120193271184841	0.792790171168006	10
0.035751441092422	0.44120234576175	3
-0.090474557398406	0.344454655766679	3
0.122417339798462	0.648991799556118	10
-0.027216119791261	0.333523312939598	10
0.061432408345196	0.468699440831327	10
-0.101983111376211	0.223030060477043	10
0.010904036778609	0.35705897192102	10
-0.124227223060424	0.15484577409301	10
-0.036619997688981	0.260853123718258	10
-0.122479912077177	0.23310644096654	10
-0.121929786089179	0.241155424977442	10
-0.026454914467434	0.346500739968369	11
0.0913310581286409	0.611346705151691	84
-0.032037882132122	0.169898954015918	11
-0.12492565701924	0.153786318684142	11
-0.088981538980128	0.619568106840574	18
0.0865853619922961	1.32825192044721	18
-0.115657985815376	0.402465588675683	18
-0.018830632231776	0.34942514739639	18
0.00589413147432205	0.439110674663738	18
-0.031015809745066	0.592768241575219	18
0.101987211039351	0.477204992230003	18
-0.064075944547204	0.306703766072115	18
0.0818507948703	1.13680658724198	66
0.027165893486822	0.94729927073488	66
0.072440458165972	0.836434021015489	239
-0.046638668443564	0.772444372664363	239
-0.024459918470793	0.495731727071653	239
-0.095703038471985	0.64152500583008	45
-0.051438732672149	0.332443433206119	191
-0.022160547205577	0.34897698160239	191
-0.049789894798338	0.56621536381477	191
-0.11210230547614	0.463151252591782	43
0.073479574107571	0.835322221567308	43
-0.023410682085561	0.571301523970916	50
0.122133882973782	0.973842164980683	43
0.007677647567502	0.66531982363895	46
-0.034622891551196	0.557041308674627	10
0.032095244981749	0.767151817037285	10
-0.041655198961963	0.505190720381423	3
-0.123738251107139	0.328514054721526	10
0.0140834851218	0.346008712997326	10
0.038498009758379	0.275957693700396	10
-0.110631337075762	0.32451141699312	21
-0.103746078417273	0.33437580763477	21
0.00792695101645002	0.344271448558436	21
0.087325506572536	0.459255271074456	11
-0.027186089909702	0.431695642888797	11
-0.015846733145299	0.355777199289144	11
-0.095476162698928	0.236143104904203	15
-0.104620461979099	0.49862296145298	15
-0.108527780404054	0.485150894035356	11
-0.054544657180776	0.626685844078183	15
0.030730459198801	0.902050174211592	18
-0.116237424595896	0.842927663287338	18
-0.00322652653032102	1.20029318284435	18
-0.101274758052374	0.743992960304549	18
-0.076533908011687	0.851398462153607	18
-0.098906440491134	0.341609890141237	18
-0.114634747149322	0.333119238077087	18
-0.118748843371252	0.803921595110944	66
-0.11323946099752	0.657660346207478	66
-0.089679859012632	0.756579289888373	66
0.023224718529666	1.08967798515009	66
0.083454412293185	1.25559047522037	132
-0.124850620958526	0.592150627985928	66
-0.093139119884672	0.714737129789068	239
0.09255863878174	0.474825139671108	46
0.05701123358156	0.817444010566317	46
-0.06317802048667	0.771820035094867	45
0.065113920449916	1.26955743746534	45
-0.118023045027711	0.399708538205453	45
0.021067894449272	0.529442376424386	191
0.0127025485003121	0.985732851944288	46
-0.083264898475646	0.482437590081907	43
-0.00179304765358301	0.592625823885155	43
-0.119029006467032	0.582667181254674	43
-0.00668746717388102	0.730662498586196	43
0.104854341193797	0.796514408664439	43
-0.035944511387347	0.572829518121658	46
0.039303299659308	0.681058405782961	10
0.0521411626006359	0.785275693925886	10
0.059617141575036	0.627802047894251	10
-0.06600151842176	0.42307723531234	10
0.118906376908401	0.294328523542723	10
0.116289378758054	0.379551444422286	10
-0.091134743135403	0.346606430953685	10
-0.108029350899721	0.403677642136148	10
0.00970607774473498	0.530701388263308	10
0.057858449843928	0.365487287670158	10
0.093619370556425	0.556969751197709	10
0.0156359526507091	0.508281474363023	10
-0.027998919346775	0.432123633936142	10
-0.05101911293245	0.491554758361021	21
0.039771623392176	0.601920155014894	21
-0.015677981365344	0.439462333382137	11
-0.056191865974039	0.498382910436068	11
0.110402973968422	0.693370645672927	11
0.066751318985258	0.460280081141916	15
-0.043918229059609	0.341238156623988	15
-0.012711534067653	0.35732477448355	15
-0.107537131736512	0.339049588954825	15
-0.124659210781026	0.232036401329677	11
-0.119488507178838	0.427069325339289	11
0.090543573044924	0.789357047984527	319
0.000671496393424009	0.737041122388523	18
0.038815647928372	1.33263669578201	18
-0.077941649990883	0.906251241630164	18
-0.00902788367020701	1.15601292999339	18
-0.085768515782553	0.780481480196436	18
-0.08038093241374	0.863010120674522	18
0.096418794540164	1.67405675136799	18
-0.114106885633069	0.686516713752558	18
-0.059594292781518	0.787469748440405	18
0.024136122592716	1.25530941786526	18
-0.042922903506458	0.351342355917006	18
0.00933634635153702	0.442692668141232	18
0.06254135957542	0.363867936414113	18
-0.11678267954272	0.340307049285782	18
-0.048046417643373	0.758465037506594	66
-0.044063973356451	0.505152176305904	187
-0.034589631779888	0.850006939024806	66
-0.047346067108862	0.845787613934226	66
0.059203374520708	0.970373602400502	239
-0.02691204627321	0.76229912617095	66
-0.052708099129807	0.50417107926915	46
0.052052327936185	0.544491293980924	46
-0.104204562334149	0.334182851754049	46
-0.035215732394739	0.433351499842261	46
0.070786099558195	1.33000094262234	69
0.016032095491886	0.444260369366139	46
-0.065541539165207	0.495695498536671	50
-0.055436538062629	0.593164493408883	43
-0.109130822511862	0.482890337474072	43
-0.06396707193211	0.482377823409383	43
-0.029266201303391	0.604393336494047	46
-0.042918596138065	0.504912432780865	10
-0.00819443725491598	0.524062428772843	10
0.015325195476889	0.45182983205656	10
0.012722004341427	0.534660180041648	10
-0.013663772757392	0.43531371682353	10
-0.030245490359043	0.42488276801499	10
-0.11350639438802	0.335965075019843	21
-0.086213243133991	0.403242010073949	21
-0.089397187634102	0.420837331721893	21
0.085183883653354	0.557456509570587	15
0.02752691942073	0.539840812994972	84
-0.03982390523933	0.2532875376073	84
0.017748664929143	0.360321798210984	15
0.031216164440675	0.278384351983116	15
-0.06611078560233	0.408369023920768	319
0.011024843712283	0.358763123152028	15
-0.058315411949656	1.29897364783918	18
-0.095689194028093	1.13372106804559	18
-0.089368056143519	1.11053658162725	18
-0.106297242576717	0.945320147174683	17
-0.117930849896293	0.913443589587768	18
-0.107564457836486	0.909850722056729	18
0.077369348259264	1.00894622435554	18
-0.103724185709084	0.565176251628161	18
0.118323591031305	1.03380243944294	18
0.106913103313653	1.32915270707854	187
-0.061200213279349	0.570308878830923	66
0.09337748569822	0.852267626546033	66
0.090719448572694	1.20580745375257	66
0.068573885969318	1.01615364149138	46
0.115128213792468	0.726536341078278	45
0.045989324680959	1.23917712041828	69
-0.047135085426608	0.557762709882577	191
0.01001350057242	0.651080212687749	46
-0.111475383029205	0.346487485973092	46
0.108768564441616	0.795794863276648	50
-0.122058414970765	0.415529240770215	43
-0.084029006154977	0.420794402615269	43
0.059736558355062	0.540238765169499	46
-0.106817945936685	0.414637189717873	46
-0.018968375258023	0.434855509568631	53
0.04961868790282	0.552147783397064	10
0.028652508161508	0.543518088773705	10
-0.051815615389213	0.653190443105171	10
0.029170254987355	0.609585575181749	10
0.067473802286931	0.555296756467484	10
-0.063328892107214	0.349112215698315	10
-0.038722441932971	0.350321621868199	10
0.042379694654469	0.683170366747888	11
0.00429546410298898	0.50241002746154	11
0.025984793890114	0.269310887601475	15
-0.114440644897211	0.346262795517492	15
-0.115618298369827	0.337107722742751	15
0.033350473760247	0.460090979259159	84
0.013953297107092	0.499345003700744	15
-0.120202737570253	0.33296119192219	319
-0.079837788169233	1.30445109125365	18
0.023572336095956	0.960347672611477	18
-0.074526762895031	0.647150725693605	18
0.020958304930999	2.01915282792404	18
-0.115349453545239	0.822471287957397	18
-0.117723048499582	0.339845758299532	18
0.00239441394977602	0.343501193053519	18
-0.113798947001211	0.477220724352775	187
-0.082305351560649	0.73232235779222	66
-0.06711983997696	0.850904972969535	66
0.011324907225661	0.355300745065401	66
0.0538539577560691	0.355706438317258	132
0.062017332630632	0.37155475650686	132
-0.037775080224289	0.255837300913433	66
-0.053845203229524	0.870815780075537	66
0.028808327803579	0.271714179580837	66
0.0595778703022351	0.372974152701911	66
0.119110951792938	1.00256876149322	46
0.026958125121331	0.682103489229475	46
-0.039522517724986	0.259825757166927	45
-0.083941569799438	0.236982394486421	45
0.0794214720568081	0.625677522718022	45
-0.087543653685274	0.409314116626822	45
0.096455141333311	0.549300917391518	69
-0.105155292483111	0.747605749330039	45
-0.012084528777326	0.90976737165443	45
0.033591256710835	1.06317690652765	191
-0.084647556986231	0.334994297314001	46
-0.037428818367018	0.17119012482422	46
-0.03458399502228	0.260442679527163	43
-0.123212119841969	0.235941922167492	43
0.082669271829501	0.528980552905111	46
0.022105045298268	0.268394846365774	53
-0.034084660850687	0.261349890345762	53
-0.108593054465378	0.41865922719449	10
-0.038832571387095	0.1674472053289	10
0.043392761870113	0.462482566800396	10
-0.038131062770454	0.170448106894729	10
-0.043274514343805	0.167301125738001	10
0.063557679357121	0.456409822613049	10
0.105396505415079	0.188448686370911	10
-0.121747267201408	0.491783787282256	11
0.079859457325023	0.897628319451128	11
0.116181092336172	0.653104614779054	84
-0.047046160498065	0.583540741319767	84
0.10603794082857	0.791864075348482	15
0.023343773892883	0.831142430186057	319
-0.09096769515572	0.328941685652444	319
-0.017417473592602	2.05141450415279	18
-0.075400771723689	0.880482820296879	18
0.096621140191536	0.631925639348982	18
-0.00120191766959099	0.529988170788313	18
-0.08920175873642	0.340628515956531	18
-0.119925823594627	0.32690706011947	18
0.0294326323830451	1.1132208449461	18
-0.10022685457328	0.711046775120835	18
-0.000428919195929023	0.934310592744775	187
-0.000854642763661984	1.06273626254351	187
-0.04016467981469	0.901608757026028	66
0.085851119573341	0.456184804829241	66
-0.029720798521075	0.336844944693231	66
-0.050337708069555	0.344372857467193	66
-0.117319369653481	0.397960408961126	66
0.032558355282854	0.602038259146487	66
-0.036068447015808	0.259584925362157	66
0.033239101204949	0.539648239832625	66
0.0252188004614	0.598176490058002	66
-0.060776350404459	0.41767236811894	46
-0.00940990160272698	0.595500874104127	45
-0.115969443120896	0.240821754752618	69
-0.118544285410049	0.490466656344674	69
-0.034251603559688	0.501616182666415	45
-0.076901603880825	0.559814653200964	191
-0.105267133755823	0.33761896439827	46
-0.034866867501862	0.261553232928001	43
-0.093038116162952	0.239768691731271	53
0.049874035843921	0.350422585458836	53
0.060458184312713	0.370068932872985	53
0.024423951638693	0.271100356484947	10
-0.03281861131608	0.262316887584818	10
-0.043270727779085	0.253036475992025	10
-0.124225781894903	0.152250919596889	21
-0.124227223060424	0.15484577409301	21
-0.027453173798852	0.510748279095224	11
0.0645684002373	0.462927113003902	11
0.031618976999543	0.586248661304984	84
-0.112701923447854	0.511681962609676	84
-0.00756439680591697	0.735176813686061	376
-0.015037637818319	0.572360231221476	15
-0.081792807720234	0.343002629176243	15
0.097741392451892	0.911636712092451	319
0.121374155504569	0.300315625071135	319
-0.042067850587925	0.252576813082688	319
-0.085429154204753	0.241428017437499	319
-0.05552766004703	2.04319663120301	18
-0.116206828669827	1.27131411019202	18
0.099072847682937	1.40016891607482	18
0.021404887777177	1.77516523414003	18
-0.103473041563882	0.480142080354954	18
-0.097686419344636	0.333957753429713	18
-0.013310883283998	0.829190470790151	18
0.063879745644272	1.20407096021752	187
-0.120425264894202	0.477905351615692	66
-0.029928638891403	0.908735692816136	66
0.061514192794205	0.460807845956473	66
0.00858935126196103	0.449460543039532	66
0.0134475521116481	0.455982503642369	66
0.119527440917213	0.547711630853158	66
0.079459851437873	0.562749807748101	66
-0.087557156138864	0.238778372412243	66
-0.067104551225451	0.53903723945794	46
0.073142056276327	0.613819585504467	46
-0.109754049075469	0.663943458405972	45
0.00400368106058402	0.802756409320223	191
0.01130314536665	0.771290217732022	46
-0.069275199742516	0.346884133075283	46
0.116784012078429	0.292937993269613	43
-0.069387875428775	0.342835948452543	43
-0.090545296229961	0.489885494468866	43
-0.027475816598678	0.33918077834043	43
-0.047417110117267	0.245316682950569	46
0.089615749482571	0.454184169076617	53
-0.040670116221593	0.251644531615713	53
0.011002636864199	0.357313612401655	53
-0.00839042026667403	0.355568368793476	10
-0.080833268743896	0.3409571914386	108
-0.089082349133059	0.238445948183835	10
-0.018846853294616	0.434474707910194	10
-0.010121916583314	0.591966216270702	10
0.042023741004426	0.269613976843768	10
-0.031123492686727	0.26212773376823	21
-0.040955265879641	0.348535873581551	11
-0.087161544850568	0.241762310788518	11
-0.116444162469338	0.332556148455607	15
0.122656765860703	0.7355336165261	11
0.046371007338059	0.692663646895275	84
-0.08461120516895	2.35433539160182	18
-0.00828883865448299	2.25671691804974	18
-0.016546867389704	1.87893263207849	18
-0.118533746962077	1.01616071270174	18
-0.025606855699541	0.521157728242097	18
0.017517829431043	0.823315083886788	18
-0.122852312735668	0.325941411090143	18
0.015922032296713	0.458335277165632	18
0.023882607915938	1.31867422442994	18
0.095654144570725	1.1510202938489	18
0.025361591783735	1.19728318804186	18
0.03484231110908	1.17714848670963	18
-0.079522307703722	0.870846159213965	18
0.077689873889201	1.31441807553958	18
-0.121218449661925	0.716155493185215	187
0.0667459416948431	0.988673528278937	66
0.0307382607218391	0.533715751302784	66
0.045361083576838	0.540382499181095	66
-0.088936474471081	0.743946933991416	66
-0.056811604191851	0.642932610217406	66
-0.012404829821507	0.446846983372805	69
-0.075326649018761	1.01753456391555	69
-0.00387392745384901	0.597699602114645	69
-0.021177938053275	0.808437692185692	191
0.00677632474662504	0.602080458136403	46
0.102066012990401	0.485252635136688	46
-0.03361812141844	0.255780818447674	43
-0.042820248487533	0.251641033247047	43
-0.077335245915572	0.491744832866472	43
0.107116254064547	0.196239636588593	10
0.105761697872459	0.192944023586423	10
-0.017061240141888	0.420291244756255	10
-0.058155384431822	0.35237187265861	10
-0.032313785803001	0.482237792631641	10
-0.00768357444805901	0.450734811294601	10
0.10842208332039	0.193782715895591	21
-0.035368081376528	0.171078548704993	75
-0.113592055756662	0.346454399409797	21
-0.118015568913652	0.322062765027302	84
0.03605639342103	0.816031744875102	376
-0.121034979583944	0.427173559828062	376
0.118075295461625	0.658463807725298	319
0.029266510647494	0.273776422599101	319
-0.090880180111767	0.656238887520416	15
-0.00733149375113801	1.84895124299829	18
-0.090802886627676	1.18215499935839	18
-0.107273060679158	1.26853558187579	18
-0.11834939708777	1.1905922431256	18
0.025257390981043	1.01126997227099	18
0.014066655654347	0.854080575928715	18
-0.104964952298306	0.330876822548136	18
-0.054138239570053	0.505660897688386	18
0.058672906040257	0.633450944637853	187
-0.047520536765979	0.879822326351083	187
-0.00607488960987102	0.951388796025985	187
-0.030506358095114	0.674614776596928	66
0.08815410082458	0.711361084300033	187
-0.115525796432047	0.672705356752111	187
0.03513379113462	0.835669772590604	66
0.051902919022965	0.781568239854788	187
0.040787251396388	0.833077207169814	66
-0.055798755207959	0.692424663974736	46
-0.089218554244536	0.5183308051807	34
-0.076478890316619	0.578985532170911	34
-0.093906822270689	0.423968567274987	46
-0.039493969174673	0.79611374116159	69
0.049779478298799	0.348164251235313	191
-0.079324984830791	0.420350213000786	191
-0.00817955680829002	0.520313627279359	191
-0.024182257097138	0.582596409084696	46
0.100944097076681	0.71366996029613	82
-0.053083609225848	0.741662817568389	46
-0.083570259145013	0.494937772608061	43
0.052553985950959	0.737887864228383	43
0.0392674278202	0.517818438904876	53
-0.018622183611896	0.599929816099292	53
-0.114336960300855	0.404958841101876	53
0.024165501526369	0.533918901262087	53
-0.070160468558163	0.415793191218542	53
-0.049552548241278	0.428488382764726	53
0.118231607799508	0.653569267855676	21
-0.00324285825586002	0.504032801658418	10
0.00790482851864904	0.451158898642036	10
-0.028700364452208	0.434657532772418	10
-0.00944892144010101	0.354473388914291	10
-0.065752170921765	0.332945731626145	10
-0.106974657145687	0.344423988605708	75
-0.045009591898443	0.344494278397158	15
-0.051267384764958	0.331714531066655	11
-0.049220889954929	0.346053777667597	15
0.093698243905371	0.47473672635299	376
-0.067535313931996	0.497470104389862	376
-0.069454460550902	0.337999753773695	376
-0.038039028447138	0.169651769655581	376
0.098918865025157	0.482138041904184	319
-0.069732496977142	1.94305087320777	18
0.068078026705813	1.2827047342137	18
0.033758047854432	0.895275864457771	18
0.069643714364233	0.803776646689965	18
-0.00223040697011301	0.448003266779929	18
-0.07463046554441	0.962103735826219	66
-0.040423673068054	0.714219878808885	187
-0.059836451654901	0.765568222532108	187
-0.012170900786316	0.678471586779938	187
-0.119394712373859	0.565136258683427	66
-0.109845527331465	0.420483696438534	287
-0.121143682251078	0.614740853267541	34
-0.071158186566281	0.58567681482522	46
0.111843342722458	0.951755308958024	46
0.00106052951859104	0.817836278829957	45
-0.066957455714322	0.874240697067395	69
-0.079561559106832	0.632668459006917	82
0.0485185858132861	0.757683842448359	43
-0.00357835155618902	0.678646956336417	53
0.088380778245912	0.696985621488406	21
-0.1174367411133	0.333105897161905	10
-0.029783755132519	0.332070109813631	10
0.100053438583738	0.471443898500148	11
0.00891376806341404	0.355670331058241	74
0.00491088268391704	0.34651684861456	74
-0.022995834591377	0.339893944478176	74
-0.108526087432916	0.404411681013097	84
-0.052890687460999	0.591699487946953	376
0.117484523325291	0.383880343739883	376
0.042392256660806	0.76909592343376	319
-0.084905724479483	2.09197370959933	18
-0.016793574177769	2.39244279876471	18
-0.083519831109625	1.19545926911484	91
-0.054361211854731	0.497944324449624	18
0.076318633124752	0.836388018379454	18
-0.108740487479111	0.42656067358813	18
-0.098594548694948	0.421848918843035	18
-0.010512435321779	0.521312555655666	18
-0.023384545590752	0.971859427171306	18
0.035625031193669	0.677043692211184	18
-0.104127761843507	0.870698888789125	8
0.067706381911477	0.467842637885039	187
0.069806590999992	0.468416137442058	187
0.102383539237472	0.627865975598424	66
-0.026607304152252	0.443080194058397	66
0.010528638435739	0.588455971503592	66
0.0934357104765679	0.641483063681528	187
-0.010721135945037	0.585228957967677	287
-0.072353812615058	0.487800888179141	34
0.116263033400388	0.970054712141624	45
0.041500958836007	0.785806855720165	69
-0.047576534821977	0.655391081246588	69
0.033157526302106	0.460060442930181	82
0.038281382338738	0.462518225165746	46
-0.060310068842997	0.412510362448514	43
-0.100423596879032	0.340544479977401	53
-0.116984997703262	0.236646361284597	53
-0.091014065958723	0.234834102506857	53
-0.00196455987081601	0.456124384238882	10
0.058090653683853	0.362216229612418	10
-0.12207638254837	0.237663194702658	10
0.105809260051378	0.192030035651762	10
0.067233122593594	0.372094069687614	10
-0.05634261956121	0.497136472521415	21
-0.040056283045798	0.166590566785555	21
-0.077204966435398	0.347126801332505	75
0.108051131390798	1.03496576647689	15
0.0234515464127471	0.265474015400723	74
-0.036116812573292	0.169003815490307	74
0.011219190647981	0.445250530795502	15
0.074372006772815	0.698192202608683	84
0.055484117903609	0.848593962563513	84
0.116269965840056	0.651643182818749	319
-0.08802435161114	0.565144937686541	18
-0.088158678930775	0.869541419612008	18
-0.030982416756768	1.05137530692259	18
-0.046395229427535	0.546364292768328	18
0.059708537961562	0.37002203567558	18
0.052274859599962	0.352501900402637	18
-0.063207626478558	0.338304234225053	18
0.037692559318257	0.522274267768379	18
0.057330550506851	0.365546047237716	18
-0.048326420921432	0.332396559850132	18
0.10714038773021	0.717895846341739	18
-0.070395601474053	0.702769251440641	187
0.1070673823464	0.190602569583027	66
-0.035021914548748	0.250869171994571	287
0.11729791636999	0.296030921652972	287
-0.12492565701924	0.153786318684142	34
-0.036022116104189	0.167812976319387	45
-0.10500447974171	0.324098522903978	69
0.089708933389152	0.837721854276686	45
0.121159231872676	0.392933041527872	82
0.105809260051378	0.192030035651762	43
-0.118606113003673	0.153238899660812	43
-0.12492565701924	0.153786318684142	46
-0.088653261968204	0.240603771532595	43
0.035284297355576	0.460576096405691	21
-0.03733534348116	0.166932761544528	10
0.03533758638478	0.276317470452617	10
0.105809260051378	0.192030035651762	75
-0.123466438459383	0.154986833026645	75
-0.042207896306743	0.436051971054546	75
0.105761697872459	0.192944023586423	74
-0.053430530980686	0.339277579622289	319
-0.058463374563733	0.717061126177466	18
-0.018836008597186	0.725502511674799	18
-0.023937868797181	1.69586348967608	18
0.00102337407286401	1.08118899704251	18
-0.118698025556949	0.381839805085975	18
0.044937047136784	0.764155488393906	187
-0.083881174387052	0.247461475695832	66
0.00901390488859499	0.358219242524536	66
-0.037369779426575	0.850285997495034	66
0.00738070984518102	0.447569402888254	66
-0.124750437025265	0.154754574779314	187
0.019808548145395	0.733260465692017	34
-0.030183715440302	0.79247835394749	69
0.067699954400287	0.91401838166042	191
-0.122943906713524	0.152936152612466	82
0.101170086955385	0.187591958950496	82
0.124281565190067	0.284107626758214	46
0.023791821508785	0.267557035303162	46
0.034873377810684	0.274648622997512	53
-0.036819092554208	0.168285527716812	28
0.118388044234458	0.290020631711492	28
0.105131658984536	0.192077174457203	10
-0.062013951513835	0.345063150514941	10
-0.075503769911009	0.556918973548572	75
-0.123466438459383	0.154986833026645	75
-0.080127473360092	0.490574999599728	75
0.053103729436411	0.450808588309028	15
-0.055742144002723	0.930004754182083	84
-0.023396747156157	0.345119284310507	15
-0.118086520659727	0.154495638834484	319
-0.113587939546315	0.864697512258779	18
0.02997153479043	0.455211266906933	18
0.114939777457317	0.854607539449986	18
-0.082489155140385	0.483255112671631	18
-0.114556389877657	0.432825219504169	18
-0.039625589435728	1.08588137754432	187
0.00560806117042501	0.752376479114181	8
0.08339866709748	1.12291401681477	8
0.02494521292803	1.0691345935911	8
0.0501594446267371	0.629716859316004	187
-0.083881174387052	0.247461475695832	66
0.01121464057664	0.534253407207396	66
-0.046035222757972	0.244843619309033	66
-0.049875965465015	0.348406605866573	66
-0.060370987657197	0.84286777092214	66
-0.053839110115933	0.828830270752805	66
-0.080640892401512	0.425151726213195	66
-0.047176408682402	0.333163307996486	287
0.01787410573619	1.00429395954793	287
-0.111626358517212	0.422360263223962	287
-0.016885939782047	0.814196720846983	34
-0.087912887802357	0.420194606291833	45
-0.07497100613892	0.349832341154916	45
0.05610591179017	0.7786448627047	45
0.093030479652897	1.06817231926719	82
-0.036422777529894	0.256306147144459	82
-0.056639627094836	0.497463794345572	274
0.029995285997489	0.275198343236907	46
0.035218258851096	0.276896267562825	43
-0.090718182399768	0.418367106450792	46
-0.079385259712025	0.246028249404436	28
0.1177046991311	0.292303149109695	21
-0.124750437025265	0.154754574779314	53
0.120103900839717	0.294902919302283	53
-0.034567445618487	0.256052241478625	53
0.011753595501798	0.35411732578167	21
-0.083569550991472	0.247852888620494	21
-0.112719751021321	0.580555004239129	21
0.027588352965934	0.272318485556156	21
0.107794720553126	0.192973850280304	10
0.116784012078429	0.292937993269613	10
0.11781805466962	0.384068763744602	10
-0.038741974534412	0.170273180706361	10
-0.00843108915524299	0.441854010536635	10
0.090460058494495	0.472722657114432	75
0.107744337287113	0.193833004664726	74
-0.032645439405029	0.169750552912953	15
0.00825328188550301	0.841160586656162	376
0.033998012346052	0.273790544134084	319
0.118503501948999	0.294775054534849	319
-0.054648367055984	1.70744989298686	18
0.057940014908241	1.418129557402	18
-0.056226932982138	0.884330025707585	18
0.099693959654015	0.842346516432606	18
0.033212023068493	0.535761981309101	18
0.094715179016216	0.478334786090768	18
0.041770016270172	0.543728848356389	18
-0.102146471087703	0.500775384366378	18
-0.082458950149036	0.422583988826593	18
-0.050900226924551	0.886084897716553	187
0.0255113490812789	0.960704437698292	187
-0.018780091882341	1.11159622993814	8
-0.015710016788456	0.352769063184628	187
0.123889560816211	0.295665225948317	66
0.068786298045684	0.477330683446783	66
0.060730947558201	0.371170614063516	66
0.031923236522719	0.647384531981342	66
0.098981652403816	0.466132638770252	66
-0.090392467282554	0.246754023026511	66
0.117252370946976	0.283723879477146	287
0.034957781549803	0.68532015180808	287
-0.049499170372885	0.875156417516461	287
-0.082176022090322	0.508192084435307	34
0.0665320647779321	0.371639525704531	45
0.119123410344913	0.856951513884868	69
-0.041303184167398	0.506198778837048	69
0.113173804548913	0.290555138419548	82
0.11598339687416	0.292145646656678	82
-0.075167108416858	0.503876445314703	274
0.023873442159657	0.529702774256813	43
-0.031332942817355	0.167664711344566	43
-0.124750437025265	0.154754574779314	53
0.105761697872459	0.192944023586423	53
-0.12089590893792	0.156614003571178	21
-0.017957002199114	0.509194190935471	21
0.115127992739023	0.281994003881842	10
0.120103900839717	0.294902919302283	10
-0.033666177072651	0.26214058477374	75
0.059527860781281	0.372841719534314	75
-0.03035619848236	0.517805738734915	75
-0.043274514343805	0.167301125738001	74
0.037279844023176	0.276577043026919	74
-0.039522517724986	0.259825757166927	84
-0.097406976560589	0.343077572042464	84
-0.044885344980136	0.332653397986675	84
0.036394607558468	0.576761852336708	84
0.059675948594725	0.694588397443955	376
-0.124750437025265	0.154754574779314	319
0.062562451546158	0.469251724697267	319
0.024670786273951	1.23021985851515	18
0.104285241204397	1.85638576686621	18
-0.025123640698586	1.86601949480518	18
-0.012642329630719	2.10827930848194	18
-0.049409229477772	1.15186395534093	18
-0.050825211550158	0.92003785617951	91
-0.088056374764688	1.02480661645013	91
0.030045505595429	1.30209683231857	18
0.111455165454533	1.29553580264777	18
-0.0345043095577	0.351899725833983	18
-0.1125589907227	0.413948521919831	18
-0.020803556460989	1.25329778637514	18
0.062441090769585	1.1912295650154	187
-0.058152193240775	0.723126597024187	187
-0.047182791949829	0.347940614486955	66
-0.031376570742335	0.35639154795265	66
0.095831910665651	0.465833894435325	66
0.013330917652384	0.358284528114929	66
0.00683236884678895	0.43952298647636	253
-0.094182179035297	0.230905554168821	253
0.0120080618238591	0.360496641859232	287
0.100048917665223	1.13609893088578	277
0.119620384029812	0.647408316827326	277
0.00360218915142396	0.340199736703289	45
-0.102941440197284	0.41814012488621	45
-0.077390566293769	0.486568393607733	69
0.019092779033996	0.7626057601457	69
0.085183883653354	0.557456509570587	69
-0.083257411261381	0.245911816956935	82
0.121824670461131	0.389999357596611	82
0.072634347807891	0.692011859782901	43
0.0979345171937121	0.463852702973759	28
0.035178929580351	0.461851946055071	28
0.030019579105298	0.268241752258541	28
-0.120941348994437	0.238460549730979	21
-0.087791594885262	0.246881897349445	53
0.016414389456323	0.459849225688404	53
0.050383213647054	0.603959987119397	53
-0.09146252193496	0.507620727871037	53
-0.037514041464004	0.430487804039589	10
0.123433745258194	0.300375612073727	21
0.120103900839717	0.294902919302283	10
0.104084947982952	0.187941745908954	21
0.014008229061147	0.455937741366707	10
0.11867881070768	0.38553753081319	75
-0.120660026661305	0.149972607112605	75
0.113975877700968	0.291349012572157	75
0.106438580421474	0.196297204852593	15
-0.012804595152074	0.442338349660672	84
-0.083836114544537	0.246003621868492	319
-0.092085709469151	0.326814987363447	319
0.079196666695007	2.34778321885893	18
0.10226793959428	2.11091457884259	18
0.067199657515701	2.23015784475705	18
-0.039422951209277	1.72954714973097	18
-0.030290307710505	2.08381125207465	18
-0.00428525005231301	1.39561077535759	91
-0.083593360477524	0.964122682879109	18
-0.083963352998039	0.950312133043425	18
-0.035514541276371	0.516247026299302	18
-0.089512642284268	0.484496943183515	18
0.111700319452324	1.03845496601462	18
0.051803736261668	0.619612974580364	18
-0.00434785808569599	0.522463487767859	18
0.100713835837245	0.65448887311007	18
-0.062263495383046	0.486701454356861	18
0.111433082503737	1.02444259687789	18
0.09309971770618	0.918064050167049	18
0.011711448020471	0.881052763658427	18
-0.084831623698521	0.521431606275045	18
0.066245765113392	0.70776889322044	18
0.049225852196007	1.36321920612754	187
0.052268570353476	0.553664948593181	66
0.098981652403816	0.466132638770252	66
0.054172300825043	0.454410215492115	66
-0.076342380265768	0.481532042870463	66
0.0392107076129971	0.685461111299692	253
0.016576303986196	0.522784056162913	253
-0.102350320061594	0.325882919077541	187
0.067690559880858	0.622676438710183	287
-0.115969443120896	0.240821754752618	277
0.112420296421972	0.363695523969389	45
0.027629036732679	0.440981735697815	45
0.06466097730378	0.461712844713513	45
0.034213106125571	0.923673171255541	45
-0.087558713967866	0.574630780835744	45
-0.012958018682359	0.656513174400775	69
0.118272198835118	0.655824126725036	82
-0.123519315049119	0.400199779933793	82
0.01832090274534	0.596811813067607	43
-0.087106006462819	0.244056732430363	28
-0.034371581064957	0.258798246706694	28
0.038369456904556	0.272993462293857	28
-0.102729474294781	0.332329743287499	53
0.119360381854659	0.292384357496358	10
-0.03982390523933	0.2532875376073	10
-0.039906911432633	0.168119333111972	149
0.11965785326885	0.290914300978886	21
0.105131658984536	0.192077174457203	75
0.113518258250218	0.289496295259063	84
-0.079085000360081	0.346877516457889	84
0.087348387272022	0.459541722599659	84
-0.086850473307232	0.605323595123398	84
-0.061418480580255	0.564378859527631	15
-0.00521692172131	0.585520173997393	319
-0.081168091448743	0.249105780944589	319
0.013700853398241	0.452792166183284	319
0.11868450651318	1.49767417738488	18
0.080812557850425	0.598832266437512	18
-0.111541775273584	0.574548069175844	8
0.024145348837934	0.952967782672895	8
-0.034306577994451	0.959071850992034	8
0.122354686587881	0.572055402358698	187
0.1177046991311	0.292303149109695	66
-0.088599077080945	0.24725776913988	66
-0.117540462492171	0.232678214592931	66
-0.084079682382165	0.341558428579671	253
-0.042421816162367	0.254724206626475	253
0.01004345591963	1.14008627474548	34
-0.080461378603763	0.248550774878521	45
0.015769946167518	0.892938049559429	45
0.034157771917551	0.75245128022114	45
-0.011630216741273	0.749128092518039	69
0.121831815365533	0.298279151007993	82
-0.111948577213491	0.24169520145002	46
-0.121656835063255	0.153940639044104	46
-0.120316837975651	0.150451869349028	46
-0.081073175041123	0.245144710899262	43
-0.037428818367018	0.17119012482422	28
0.032436138358508	0.279686685505066	28
-0.086378615479446	0.248007786900751	21
-0.112477373410522	0.411184814194132	53
0.0699748832506329	0.840397443041062	53
-0.113126327632807	0.623632259659082	21
0.120103900839717	0.294902919302283	149
0.059906506738172	0.781984218912315	21
0.12098498810126	0.376080399060909	21
-0.036725836654025	0.170560724530011	75
0.017016002980042	0.363408506046686	75
-0.036819092554208	0.168285527716812	75
0.114721966276934	0.285600699040104	15
0.106076682834373	0.1907845205604	15
0.109364660235101	0.192108126013548	84
-0.1236016249118	0.142006539133623	84
0.119313698662542	0.29561321428137	319
-0.077254122767987	0.987548189347046	18
0.119065125568727	0.649305096413897	18
-0.045783775616719	0.754217500623605	18
0.066657050980679	0.465442899383961	18
0.025426573111537	1.49818493383829	187
0.115753034886258	1.50575472282182	187
-0.049790411387063	0.430649409509722	8
-0.083475027570871	0.753562765683906	8
0.052336029848828	0.601527769099087	187
-0.019864057662311	0.337678367162783	66
0.057407534126927	0.446831240291565	66
0.011385794973048	0.350130746318675	66
0.074812836623084	0.56159871078018	66
0.0920243936247081	0.710053694096542	253
0.012242329282655	0.883963401598181	187
0.013905507939189	0.459343106886924	187
0.038533149590967	0.465521043275753	34
0.061323628975167	0.513843186079139	45
-0.078948496277521	0.411840801322927	45
-0.110558925377204	0.332538007763777	45
0.086111789818929	1.02320641858699	69
0.062527508762537	0.471199202289594	69
0.07711164549516	0.470092120162519	28
0.058823294750849	0.372100206911543	28
0.092632232292199	0.477338575009369	28
0.022605951045326	0.264664551816007	28
-0.080925737566906	0.618142298555699	53
0.0648380880598301	0.70071065500264	21
0.036101577989783	0.617737699807022	21
-0.091573399635901	0.244813524645327	21
0.028508386847776	0.266129220801187	149
0.120161037528633	0.291219406935801	21
0.030485934984505	0.273162203988928	21
0.08418964792328	0.454962718392867	75
0.107116254064547	0.196239636588593	15
-0.040056283045798	0.166590566785555	84
0.107794720553126	0.192973850280304	84
0.00583458196702702	0.717980463748926	84
0.0885704835674051	0.448763092265046	15
-0.031536711953656	0.790981847445863	15
0.103428622034653	1.17065858394572	15
-0.091712475972549	0.879515437694659	18
0.062251353646147	1.13355334962591	18
-0.024705077966912	0.726559118848241	18
0.026696570424116	0.855578487822754	18
-0.112883472624917	0.490081645265792	18
0.037264131536481	1.0682729390372	18
0.00737541088372595	1.34363430185393	187
-0.124247090535976	0.786108607923232	8
-0.105176910927733	0.390714726835045	66
-0.031818517219579	0.505037945740925	66
0.079948773557572	0.711794945348819	66
-0.081385039384561	0.701221725130952	66
0.122238399366303	0.741166447841174	253
-0.08481419981393	0.335703698535212	253
-0.00694748629833303	0.850253845309918	187
0.037015500871536	0.675056140251194	34
0.069076424690916	0.622052502256941	45
-0.04883538112727	0.432743726629931	45
-0.099519840995427	0.411104446042904	45
-0.00065263586106501	0.45359693157453	45
-0.070651351979292	0.78750531340322	45
-0.062053388579287	0.345730847626062	82
-0.10904590851675	0.314733571760801	46
0.00603097756144599	0.44593941309327	46
-0.062688623107232	0.492242479152266	28
-0.040826724303893	0.350496423894411	28
0.096806292837313	0.473443433432152	28
0.040615899576253	0.46475059552261	28
-0.053408585450085	0.418568736035851	53
0.019701767009355	0.513978365619206	53
-0.1174367411133	0.333105897161905	53
0.066079501760875	0.615445442278872	53
-0.099556452736515	0.419710717543332	21
-0.048165210408151	0.346957636362143	21
-0.031288043959149	0.167596969313008	21
-0.093735677937947	0.235852136188196	75
0.012041845766892	0.454045489988877	75
-0.034789456259255	0.493908449224454	75
-0.12089590893792	0.156614003571178	75
-0.050632327432049	0.711058875417485	15
0.00792795254532797	0.71450593720173	319
-0.034654841041101	0.970312061776266	18
-0.015310252343204	0.599253953453816	18
-0.111789703682872	0.622183551562133	18
0.029295846154227	0.526416616270573	18
0.050378549989315	0.968267030438107	18
-0.120972338019904	0.414031988768156	18
-0.046311513279352	0.908136224867645	187
-0.00541356992355102	0.953858074519206	187
-0.029541549032786	1.13402065580956	187
0.082657285575107	0.636038780985401	8
-0.11534799114779	0.9276843394398	8
-0.039202255257794	0.73099351898923	8
-0.09236849919581	0.342501332309911	66
0.035074725459614	0.674471620842455	66
-0.113879090675226	0.633006891973135	253
-0.025548532782572	0.445420648593412	187
0.088956287173994	1.25370639539538	187
0.037616059585624	0.774826246922696	45
0.00716928855937404	0.83298698123444	45
0.032363516188492	0.545247362142855	69
-0.009416601320487	0.354553131693026	28
-0.08088966633215	0.818471924269154	46
-0.045994179781467	0.339002124522683	28
0.098974814369539	0.565901046006076	28
-0.121596629672555	0.23619543817983	28
-0.063072436182058	0.341568348673748	28
0.028046181510988	0.272513184872445	28
-0.03670904309775	0.347488247202739	28
-0.028593492357551	0.258269306621296	21
0.038117393696501	0.889577092886666	53
-0.073182907960091	0.657084574704753	53
-0.065372797292673	0.345348357676339	53
0.124848874845653	0.390733638883954	21
0.121159231872676	0.392933041527872	21
0.025014366482658	0.269842936852081	75
-0.085926362884796	0.246436685891453	21
-0.00582209288611502	0.418745648363621	75
-0.032594593694575	0.429498189351365	75
-0.119613228151583	0.154666017197929	75
0.118031093527942	1.02667033956482	15
0.099179192820347	0.638169397719515	319
0.024550352130536	0.270793502844477	319
-0.124948914456524	0.321722127978831	319
0.00632207937413898	1.04483505499372	18
0.00728613789147603	1.21102187353385	18
-0.093132110026675	0.333510499534565	187
0.019477199003713	0.752616289937295	187
0.066670392842844	1.27655023541276	187
-0.096981765253245	0.84133289315738	8
0.106710657628156	1.28436063705875	66
0.058586254837609	1.09848598253938	66
-0.072874477998848	0.639044408649354	66
-0.05332041037654	0.632198064411087	66
-0.00197335703218399	0.807851101267153	66
-0.092645560629912	0.603450402090584	66
-0.106078920558657	0.714466710821504	66
0.072356648962998	0.371612541583696	187
-0.09086310346018	0.651183029097569	253
-0.048903106366179	0.587135338615851	253
0.114079688433338	1.09494065440424	253
-0.093433096355312	0.627193913823236	187
-0.075746146028378	0.65483179925679	187
-0.123652966144675	0.643864108794544	187
-0.03040705501555	0.809683281831303	34
-0.088850482023208	0.652276790807053	34
0.038364194285726	0.671622553651905	34
0.016572648280946	0.93842632837956	45
0.096372261947082	0.867606328768672	45
-0.086663044421154	0.507577401164187	45
0.122914281312195	0.784411050190211	28
-0.066067341202007	0.583863447959126	28
-0.101716684147142	0.454417353083424	46
0.00162828066196197	0.598652311779149	28
-0.060078798721536	0.594956697245551	28
0.063525598269363	0.691851865148053	28
-0.098751179724277	0.495306609624139	28
0.080368151723738	0.790674951653362	28
-0.066647432207836	0.565554638995321	28
0.0585221946024011	0.451179990266123	21
0.049413250983405	0.550709041058083	163
0.121584979447433	0.563387424866716	163
-0.101775677724588	0.334254889736402	21
0.047470053348097	0.545190952432302	21
-0.056875971804521	0.345950140327277	75
-0.072744430077631	0.430149319976066	75
0.062548038171636	0.371640736510046	75
-0.081665398058576	0.339524272799459	84
-0.119225261217264	0.333255169289118	84
-0.097281638597889	0.336252145240237	84
0.023977721121043	0.436907999012739	15
0.083210556881958	0.777026801858719	15
0.018511772389736	0.358050188862018	15
0.025167184292034	0.600431022417704	319
-0.097387582217424	0.902698522690044	91
0.085750292043674	1.38859982409344	18
-0.00775581068731501	1.07896276791068	18
-0.09621423799694	0.403920389786445	18
-0.083212391949721	0.247601824530456	18
0.056203416360736	0.452363181464823	187
-0.061407343548046	0.762846216596968	187
-0.042913527862895	0.769671614398911	8
0.046811718701718	0.822077685004516	8
0.097852376959375	0.721764645208701	8
-0.092938938305306	0.627808749923192	66
0.103320797907143	1.46669721840722	66
-0.108350662732555	0.651395264889826	66
-0.017900653222255	0.512057733956156	253
-0.100147035435152	0.638475870659122	253
-0.04328833476593	0.886842330328999	253
0.09480553015308	1.26867206235447	253
-0.023299637304073	0.444290377858097	34
-0.046565223350431	0.641701339261898	34
-0.035412038330711	0.716956104074938	34
0.093422550937338	0.870119728103179	45
0.032129281213937	0.599445409572079	45
-0.03084147443157	0.444565774289524	45
-0.116322964915887	0.732045580757863	45
-0.102361878351105	0.737757050396391	45
-0.079842179582356	0.403883384503718	69
-0.093314449375025	0.636502924722698	28
0.085403006408898	1.15901029668682	28
-0.02785255389608	0.67678479921069	28
-0.121792876094901	0.489060576639667	28
-0.103004194595054	0.5797736571623	28
0.039400439338444	0.762730272698919	28
0.05055378320868	0.816544594663661	28
-0.060631981427683	0.423867935489371	21
0.00844455661735699	0.530259589920922	21
0.04391113220127	0.60007130055125	21
0.00585768973323797	0.439668532125104	21
-0.053828299578317	0.42368887763523	21
0.100288892480746	0.555944838901151	163
-0.089112339038774	0.330973940584923	163
-0.011740457184546	0.517354808061793	75
-0.041863290670558	0.336592303507049	75
-0.058712691801267	0.416660324031351	75
-0.080185314195369	0.245532332918814	75
-0.011206752472673	0.435862548877438	75
-0.047093413701946	0.346651523593563	15
-0.098986974372863	0.480721962839187	319
-0.112612566563059	0.86480252148604	18
-0.010043799944494	0.750364148676353	18
0.073954099389811	0.469095891552072	18
-0.033664107057013	0.419680375331061	18
-0.121283200410565	0.404677706745557	8
-0.041728513027835	0.878454032843993	8
0.062762094412093	1.14214856936783	66
-0.037095577583132	0.846229657413106	66
-0.0569417046566	1.01366145300048	66
-0.070857633759109	0.646730557007058	66
-0.108503232917077	0.418149536529219	253
0.023766250526463	1.06040081324682	253
0.041164363623006	0.908346027434355	253
-0.083772785253611	0.479839515920981	187
-0.037663274932099	0.351314184643596	34
-0.055275667560233	0.642708675875257	277
0.00119984928119699	0.688682079694965	45
-0.069982554176943	0.615166134083757	45
0.00279449158845602	1.06408107723825	45
0.051529599478611	0.694122244122797	69
-0.087791594885262	0.246881897349445	69
-0.087106006462819	0.244056732430363	69
0.051116394917382	0.770928828635296	28
0.067598447795494	0.917609059775106	28
-0.079943289211578	0.564043304417225	28
0.044161750008625	0.78048396977164	28
-0.035490401833394	0.666326103782498	28
0.00716527994176397	0.72657505990224	53
-0.036528954074896	0.599896499321591	53
-0.06195968446515	0.426381828442602	53
0.00444400353834795	0.525956391397783	21
-0.018692898554943	0.513096963974242	1
0.080343636601983	0.558036018278026	21
-0.095162761159057	0.238321155236929	75
-0.086239122152258	0.243823769930444	75
-0.061393293571623	0.430551630778222	75
-0.015647415112663	0.429618099075281	75
0.110672214313	0.196281620263059	84
-0.117346172891911	0.484911416853124	319
-0.058300213427858	0.418991838888131	319
-0.073550944164187	1.03891952499436	18
-0.057118331999333	0.940506409862277	18
-0.061440437676584	0.944121778924147	18
-0.008639977356247	0.511833015463361	18
-0.030313099831746	0.442296180949119	18
-0.12279531712594	0.67227425553952	8
0.049470207986164	0.991354289931794	8
0.001710622489974	1.00611575756407	8
-0.009157821431235	0.726526665661342	8
-0.012158382013843	0.796284640934179	8
-0.046961968796776	0.841334757617162	66
-0.124214570237707	0.6188007073185	66
-0.029160068152243	0.747300733138719	66
-0.108305302021511	0.724280408143915	253
0.012695667118686	0.818002476708301	253
0.071441496974865	0.986748850112146	34
-0.096658839519084	0.630127473712191	277
0.0696060074945421	0.930506750342747	45
-0.053846060921522	0.34714123439181	69
0.08542902441628	0.87699253133078	28
0.05422332856557	0.681627424853527	28
0.031302999694537	0.606353722272556	28
-0.051512499906825	0.642658236550258	28
-0.075299321353309	0.656056067878922	28
0.00988872416408704	0.665404160838717	28
0.115638092162766	0.887517902048137	53
-0.08283698183985	0.500899885178049	53
-0.0852639069142	0.426714026414722	53
0.065737574679182	0.470334589976996	21
0.120884976580113	0.723001525608502	1
0.0501977175107891	0.34814387829279	21
-0.064842006172317	0.429337469101553	75
0.092535238913246	0.473327010280365	75
0.02539265373777	0.270941942264214	75
-0.015876050920408	0.348362945799673	75
0.120561472774132	0.291109129914707	75
0.0333740857022909	0.646531569090425	15
0.036815120971692	0.277371294435825	15
-0.06844223160837	1.27680886641064	91
0.101216989449129	1.64236939148162	18
-0.120884883276	0.703387016793001	18
-0.050381396356796	0.913521453919666	18
-0.102213633393779	0.560457771744313	18
-0.099556452736515	0.419710717543332	18
-0.079369576057394	0.550441927487242	18
-0.049892297743755	0.429492543210702	8
-0.107895475191819	0.548934753011228	8
-0.035573662143312	0.656567347347648	8
-0.062851216069149	0.919655573721945	8
-0.12069500012163	0.697174036815053	8
0.000287786796337008	1.0784659208393	8
-0.051734503531056	0.658055975557137	187
-0.113161483960898	0.500778260617089	66
0.097756579456209	1.01260096993515	253
0.096041999446807	0.870188552132234	253
-0.085309452401263	0.538262749373728	253
-0.030316950718895	0.887104778971545	253
-0.123845595634124	0.409342949228687	34
0.00383289712486901	0.661542339975795	34
0.037337754211783	0.697934421024663	45
-0.088811779861524	0.488312672655413	45
-0.093480340081345	0.481169566240873	45
0.017592297170913	0.773849369145838	45
-0.07463503297953	0.688876087726752	45
0.066496459232932	0.686693400516326	69
-0.026900423105516	0.442278358767664	69
-0.010439560290376	0.524762668795436	28
0.115568762129824	0.880004173095453	28
0.078119311540222	0.777893785317271	28
0.087691424664629	0.702822997456491	28
-0.062927375069935	0.498912003335923	28
-0.096853175050553	0.419805282592549	28
0.075421595022163	0.639011420160742	28
-0.00291912861591198	0.577585758009832	28
0.076678834172339	0.633975238982969	21
0.088034182473808	0.85050413722763	21
-0.055351119264231	0.575769011573095	53
-0.00891792595267399	0.450451899199226	21
-0.074547907295092	0.421008632380853	21
0.092519946615688	0.468949415511986	21
-0.026719167098013	0.445660473188721	1
-0.04650718918317	0.420917351463807	21
-0.040292283127228	0.479150606554696	21
0.00831150874789699	0.524844184535405	21
-0.061032954390861	0.342024262355941	21
-0.074280212520039	0.247106242689224	21
-0.096364594597969	0.338636186027085	21
-0.112154593714176	0.337618914083572	75
-0.019108721516306	0.352421287877159	75
0.069910908753394	0.611191680868945	75
0.046610269335051	0.546328313044483	75
0.018851360425977	0.36120771485141	75
0.063616644987613	0.467372747291261	75
0.058650449784406	0.368279557123793	75
0.121491699652023	0.39377137860388	75
-0.120875583832284	0.340227306448027	84
0.0714251299465361	0.705566698526758	319
0.064477208250572	0.541619294276027	319
-0.00073319096364699	0.891501991865207	18
0.061846196368616	0.879282410618118	18
-0.02312549224455	0.745989157449347	18
-0.00971094595967598	0.662768574061157	18
-0.036902976852571	0.802999112654612	18
-0.102128305530583	0.489715135487474	18
-0.079611650194356	0.773290296765302	8
-0.110641508429029	0.758822700699004	8
-0.022919511686795	0.518621182607471	8
-0.037419370569566	1.04912098749525	8
-0.041295984420416	0.508586778187868	8
-0.04998462450131	0.421576703060937	8
0.100029457713287	0.467056398886836	8
-0.049436650095893	0.577633473743018	253
0.088883771239328	0.722802064888777	34
0.118030579083132	0.654794953614795	34
-0.050027886080983	0.506394740828474	34
-0.121703200425459	0.603204476410734	45
-0.00933834159056801	0.689338490512469	45
0.11354391525766	0.866496809805414	69
-0.015724458807962	0.723577684722612	69
0.0596903320447511	0.73963338614492	69
0.01729108380083	0.682577046608993	28
0.026396500735858	0.941985188572169	28
0.0564700563275981	0.54640871147298	28
0.016255761938232	0.594157131486617	28
-0.020410154706253	0.576580170697076	21
-0.09315197142596	0.324608340684054	53
-0.032528571908872	0.349349795926216	53
0.00883949915457405	0.759109044388721	53
-0.089482104890301	0.341146533043784	21
-0.024080536737139	0.578353932189686	21
-0.056926380211222	0.349440600990864	1
-0.104974727958636	0.341556044374132	21
0.032852006991999	0.610030965343615	21
-0.105745878647819	0.420700545131998	21
0.034873377810684	0.274648622997512	21
0.052512906220996	0.3620333138715	75
-0.036116812573292	0.169003815490307	75
-0.036671739539853	0.483836527066847	75
-0.088841178984009	0.24411425229479	21
0.121169901850347	0.381925742163621	75
-0.019126501230383	0.348959727176513	84
-0.032396805797116	0.646687044644175	84
-0.071452369453606	0.746567308725815	84
-0.094848827585766	0.238208690394585	15
-0.035392550394364	0.508023184018531	319
-0.050238523229747	0.495273610461672	18
0.037104962851449	0.618803951012833	18
0.052180834219289	0.61938154015087	18
0.098769785671928	0.614438425665385	18
-0.088823679085893	0.874055980674802	18
-0.107158635313606	0.865823903396176	18
-0.076290836626666	0.838448313434875	18
-0.083763844202971	0.794715892646595	18
-0.008050654010272	0.873509019110994	8
-0.098469802845702	0.795271078355901	8
0.0723198363283371	1.36028001651045	8
0.045675042334005	1.27562698224678	8
0.014628889073339	0.355198796755624	8
-0.035124246023016	0.515845317343607	187
0.099919479102174	0.478573807911207	253
0.04724953334902	0.536949514974554	253
-0.090198836881054	0.81472999141214	34
-0.00795498832869002	0.512306833312806	45
-0.124865258887468	0.231924280545895	45
0.010825060243274	0.348551553833917	277
-0.124668664720218	0.478705717382769	69
-0.032680029229523	0.697291185199529	69
0.025369453780365	0.688996237492997	28
-0.083212391949721	0.247601824530456	69
-0.03281861131608	0.262316887584818	4
0.119209093550955	0.38268383323468	21
0.117243908322523	0.294772066401508	53
0.041737376956236	0.851323789084394	53
0.030482998434999	0.27518969587138	21
-0.073418550528861	0.410478196525705	21
0.106438580421474	0.196297204852593	75
-0.030679343070201	0.166613920522896	75
-0.081843028632092	0.241610356757195	75
0.105809260051378	0.192030035651762	75
-0.106711324150609	0.504396599113894	84
-0.095474920372191	0.617046428615722	15
0.041219480861	1.1969148584472	18
-0.06099692159677	0.998209043077509	18
-0.094748168733344	0.853141030205442	8
-0.019753992132488	1.0177577217869	8
0.007648116062552	1.21614585476381	8
0.055321087029468	0.452563851532618	8
0.087252254684405	0.460805200747873	66
-0.064522518171196	0.345185216839927	187
-0.057315595770366	0.744998500174253	66
0.061480440920808	0.451560990661676	187
-0.017775677535627	0.632882420434786	34
0.118503501948999	0.294775054534849	277
-0.11106161093852	0.336207216980389	45
0.116951418990842	0.3777528173249	45
0.04688165067392	0.54289383123713	69
-0.033802547551952	0.726537203139003	69
-0.099985120401872	0.624551381974924	28
-0.031647864089427	0.425674070371309	28
0.059479655683428	0.366746871292833	28
0.124413626142846	0.385326104266119	28
-0.098228345622402	0.426622109181676	28
0.025771644848902	0.267149853561474	28
-0.111971654050212	0.423192897548839	4
-0.119535316125778	0.148794471715547	28
0.017636886407284	0.532239869731843	21
-0.074640509806341	0.510332557639764	21
-0.084524905845052	0.24970717819358	21
-0.090048134983982	0.573835013501836	21
0.107744337287113	0.193833004664726	1
0.120573214559768	0.298287983002043	1
0.120115082151289	0.297604428220623	1
-0.037428818367018	0.17119012482422	21
0.107116254064547	0.196239636588593	75
0.10842208332039	0.193782715895591	75
-0.028593492357551	0.258269306621296	21
0.05459852002683	0.36426339705844	15
0.055330123906097	1.08155938676314	84
-0.022757634985273	0.73991835645898	15
-0.123726995844017	2.106912362612	91
-0.059094261430152	0.505966261513581	18
-0.082981806538641	0.474648579005176	18
-0.033708792590815	0.504508411912022	18
0.096516220328912	0.872129198295511	18
0.041670952347265	0.831399339631695	18
0.094518532931968	0.723377116112381	18
-0.110112043857739	0.710862535153813	18
-0.021706536678633	0.999705888742232	8
-0.034891103461688	1.00212249620351	8
0.036300160285786	0.463546533471176	8
0.098882942984281	0.482872288978075	66
-0.053846775760801	0.496405962493294	66
-0.109740256999774	0.952140221431049	66
0.06050604174593	0.375607501174433	64
0.066388669373127	0.538719030785464	34
0.0448941895235619	0.546926517421839	45
-0.08036557747687	0.569096290492963	69
-0.015634577686533	0.510392738271944	28
0.050721627862324	0.354788775148363	28
-0.02539847573922	0.348112429210805	28
-0.012771038528522	0.348577050608971	28
0.024674653744465	0.26266429119	28
0.010765001585115	0.348289686609489	28
0.00360218915142396	0.340199736703289	28
0.00228782848123599	0.321115508799001	28
-0.090541785346769	0.344637892359224	21
0.093228131819901	0.717464924290197	21
0.058598293766281	0.374090508290602	21
-0.036927114115465	0.255548301496468	21
-0.117322714538602	0.154681347475564	21
-0.086607233554588	0.241266365795489	21
0.11598339687416	0.292145646656678	75
0.0386462022097071	0.534114176278772	75
0.100537162389064	0.190219356722843	75
0.1070673823464	0.190602569583027	196
-0.071571102045904	0.76920233314766	84
-0.123508634052855	2.20745659401477	91
-0.014526044153687	0.927573789253272	18
0.037324902689759	1.01415083624227	18
-0.084030493819074	0.568488877420432	18
0.03412184899632	0.81284022110365	18
0.00584243028956399	0.850612228248595	18
0.000233946600543988	0.508895813320801	8
-0.047516432033222	1.03423989090494	8
-0.066347928762124	0.817631720636357	8
-0.023750533170863	1.0013668040156	8
-0.119480366240942	0.401978263003339	8
0.057084502478491	0.619045784629278	8
0.11611078284855	0.804799548778125	8
-0.044545119320265	0.634557435907759	66
-0.121880604931345	0.398394761405124	66
0.061909289147431	0.626384707017361	66
0.016748641603576	0.939945982253938	187
-0.072861443486662	0.493787501389588	34
0.071536905810115	0.696161588842543	34
-0.088443223726724	0.563929032883629	69
0.000850001739034045	0.948409261153606	69
0.084451530665285	0.770838197328354	69
0.00773346096071303	0.594373993512456	28
-0.047988679584631	0.435059399788228	28
-0.0590057972062	0.407897643637366	28
-0.015214028358175	0.422917364124916	21
0.0686341099021091	0.452682757449434	21
-0.086820062197883	0.327192486663554	1
0.097489681792969	0.57096576205201	1
-0.069380216223915	0.322860698660712	1
-0.083881174387052	0.247461475695832	21
-0.085429154204753	0.241428017437499	75
0.056514934439456	0.373311971442493	75
0.110488154549418	0.775639862572085	15
-0.069664855891279	0.493257540553999	84
-0.084753223397814	0.335400489490771	15
0.027619234804372	1.25862172165524	18
-0.071305374283941	0.824893779225992	18
-0.091012389274192	0.765663388610805	18
-0.057211697930207	0.784806840068788	18
-0.108224103653292	0.551999039888402	18
-0.090080274505076	0.798235918361296	18
-0.10376651889889	0.57122136518449	18
-0.046173977300638	0.347181103675223	18
-0.035058387706161	0.913151518271655	8
-0.072526862107624	0.646017871285199	8
-0.011716113692726	0.710700257164742	66
-0.051158522061215	0.667266124592206	66
-0.069451615459513	0.565040678856929	66
-0.02333394654349	0.676422722263291	66
0.106556178324109	0.80798297880846	66
-0.024806532957043	0.858054178018298	66
-0.057415558543049	0.813547413752346	187
-0.079504094723638	0.426966241847215	187
-0.082527528178001	0.648114322241762	64
0.076753208167033	0.75744464780974	187
-0.117066949720429	0.489235944069942	187
0.097397643529418	0.713749916256713	45
0.0143693747886769	0.607716319065164	45
0.037163164861366	0.677350737520246	45
0.061454163681223	0.469603744233694	28
-0.051393002369721	0.342456214043629	28
0.090699969300813	0.558304436816235	28
0.00775615553467601	0.596387780687102	28
0.024444638698553	0.52747550599415	28
0.072557958762174	0.632772806805218	28
-0.00463537620461102	0.666494290894776	4
-0.034357823337803	0.420104421193025	21
0.052839062001937	0.609177408566301	21
-0.060310068842997	0.412510362448514	21
-0.091975607315555	0.347191800642156	21
0.02374655968761	0.531520116426116	21
-0.109691641536925	0.418487317798862	21
-0.030881382052257	0.428598835315142	21
0.029485066724842	0.543355128122148	21
0.065708517260082	0.549693256805561	21
-0.056445518299944	0.437903306014861	168
-0.113812388134214	0.414635768919218	1
-0.102243066569555	0.328565886765321	1
-0.062915868733521	0.332881738303492	1
0.0654145817908231	0.374084047418684	1
-0.033666177072651	0.26214058477374	75
-0.034866867501862	0.261553232928001	75
-0.042421816162367	0.254724206626475	75
-0.080856261369723	0.249014273272702	196
0.124077886189686	0.39143084352842	15
-0.066900665023206	0.426549756040358	15
-0.09783026536336	2.46478165900954	91
-0.071691335661894	1.33656190449793	18
-0.084052326256085	0.713390737877213	18
-0.076277614551819	0.839528604019807	18
-0.07902693274529	0.817635331007834	18
0.051943772500688	0.686597001940105	18
-0.121958929709775	0.473001984678806	8
-0.077978524764891	0.649185264878345	8
-0.093715694589604	0.975821028701641	8
-0.077893688003786	0.643184897080296	187
0.05222771126746	0.784888686862433	66
0.057087721507294	0.84085538162894	66
-0.00996948784276003	1.0210114167469	66
-0.114429332733939	0.769624909833146	187
-0.118043641612033	0.586873651278258	64
-0.013150535918817	0.588594008920771	64
-0.106753800422508	0.474596863756921	64
0.0475006077346321	0.757484434242949	64
0.00225552448241695	0.60914573064567	187
0.098116944742304	0.844703154383243	187
-0.10022442643083	0.50333354705147	34
-0.04288824650754	0.346420039642642	28
0.035208360774195	0.456916715094975	28
-0.00934383435314001	0.406818590528626	28
0.058288247891061	0.848746120218471	28
0.023571045645381	0.588287432273953	4
-0.00285247703777097	0.531674752347588	21
-0.013820972082383	0.51844537368403	21
0.050257397656929	0.543173227859431	21
-0.00284860769170398	0.610974518148519	21
-0.092587728492714	0.331459053544367	1
-0.067278929964071	0.431727661440444	1
-0.068212592523707	0.324286651583987	1
-0.118212218495081	0.240258472250408	159
-0.12417435244103	0.237488846464193	1
-0.086201014165771	0.33268281207583	1
-0.060208578569906	0.352720417947098	75
0.124490719936463	0.387511454717238	75
0.053897222925734	0.364522564200895	75
-0.090566805473708	0.544233843087674	18
0.020059341634866	1.03374174634568	18
-0.055247382697625	0.789122120361321	8
0.00137801273859794	0.982554790867553	8
-0.117138297365166	0.587419100752343	8
0.055227721523002	0.609612995722343	66
0.021754702002397	0.609451688211117	66
0.026081446525415	0.833783962799035	66
-0.000924357256061992	0.433553541696434	64
-0.05769394232879	0.893304764261383	187
0.079753039858625	1.06946458499976	187
0.0957769096378011	0.478770201873332	34
-0.037769513533518	0.661100186262221	34
0.057884979911828	1.26453270326517	34
0.090173574423791	0.806610105255952	28
0.078997411159379	0.753290106712196	28
-0.00163315035002098	0.591177402811844	28
-0.024229624094535	0.348700414668224	28
0.016848389925237	0.764680692279677	28
-0.047720651704758	0.419218278899328	4
-0.052531818243245	0.410753043366292	21
-0.059228476422927	0.352445976270268	21
0.069359636759409	0.607676586399385	21
-0.042542000523839	0.627665392600991	21
0.00821615265727704	0.348688343720939	1
-0.084870993157523	0.237253278847046	1
-0.109736673703898	0.402093097027884	75
-0.107124542431698	0.428673941516566	75
0.028077460673301	0.530460814208592	75
0.120115082151289	0.297604428220623	58
0.01340721205328	0.42061124873789	15
-0.00579860972671398	0.714080261168092	15
-0.027055623219325	0.503490167536862	15
0.060059072782626	0.372557204278814	1
-0.06155343703802	0.983898999355884	18
0.117924133298395	1.71548480281237	18
0.037151453204133	1.03961832440119	18
0.020989414939278	0.741440433821419	55
-0.063094743535236	0.423907423065566	8
-0.085317445176831	0.811381039190657	8
-0.032703923461224	0.823425364073748	8
0.065008481452866	0.777259099705179	8
-0.036377358699081	0.560629212790763	66
-0.060728046750199	0.57490604912446	66
-0.086471084611914	0.487952788696363	66
0.116342000302286	1.23659308117602	66
0.057700053811959	0.936740307077731	64
-0.01626806263181	0.591924764672928	64
0.050680408545893	0.681541143530861	64
-0.122214622162846	0.52142405280952	187
-0.060425107297779	0.578651996124168	187
-0.068818886833447	0.558018858307333	34
-0.08895731874544	0.50454427797826	277
-0.033359631367204	0.432330571202243	34
-0.081716432994677	0.498312527686768	45
-0.108513940966972	0.400611237185228	45
-0.088667800117147	0.7866222185103	45
-0.089270009174283	0.40333786138204	28
-0.046521315112415	0.514724326888521	28
0.106972206293278	0.793037844630009	69
-0.11496438964599	0.335609935599755	28
0.021443391167589	0.611370350550709	4
-0.117136924652287	0.321915222388243	21
-0.016319905121459	0.440368984565676	21
-0.063151428209152	0.346050911896892	21
0.043309569850273	0.450893271842546	168
-0.122455187638203	0.334839778768488	1
-0.048088685814677	0.338564394028848	1
0.108671047448906	0.566753536950078	1
-0.117958479666683	0.238175033553092	75
0.119673771981454	0.559027251497132	75
0.096177936066971	0.564485669109004	75
0.115544134153299	0.371459610952417	58
-0.00955601901443398	0.445921361669005	1
-0.018991513579181	0.356333995352516	1
-0.112563692183509	0.420745270279651	1
-0.108741270049102	0.320935442425799	1
-0.064848732856813	1.10630630031041	18
0.00287391462375797	1.3557142661717	18
0.054683208550937	0.933053080428074	18
0.06247334336379	1.17354111503336	18
-0.014601695742632	0.778901570786551	55
0.0421859668505929	0.856537285353915	8
-0.101547788786148	0.578027072712337	8
-0.014383229469254	0.983284818490881	8
-0.104162181402977	0.571345595875546	8
-0.045627490327496	0.633601363684456	66
0.066864619449316	0.761741091111009	66
-0.108338696510133	0.508866264842633	66
0.104414893590732	1.50925950600778	187
0.111333473894638	0.779638521108175	64
0.02223280276302	0.530370085109043	45
-0.08887478414649	0.61580328549233	45
-0.117519705530697	0.747760792920578	34
-0.103915663516871	0.715745195549128	34
-0.003725806356904	0.508678663807122	28
-0.012677545211975	0.564673167711364	28
0.00627260260065199	0.532037006006661	28
0.067533179267623	0.550342616386206	28
-0.053961557665824	0.499107596066899	69
-0.085779866307691	0.341531971567819	21
0.0205051369792419	0.714421490118009	21
0.038509237444901	0.620085366677887	21
-0.075233277881473	0.417315697276217	21
0.036256742895915	0.463371872948808	166
0.034605146017487	0.545815685126669	166
-0.05750181048996	0.429939918396217	166
0.100038445642604	0.47653791373722	1
-0.094531517212426	0.340774067433519	1
0.106821697786408	0.54934174325781	21
-0.121582763129408	0.321490690670958	75
-0.101496495885229	0.326435036639315	15
-0.031324886831731	0.585190372203202	15
0.037159687208611	0.464359985353428	58
-0.043821080630444	0.513250981942681	15
-0.063943828428683	0.503854841467176	1
-0.11348649913315	0.921559709613608	8
-0.073720157155539	1.22555514514819	8
0.0883319988865901	1.41850717993998	8
0.072608068123779	1.38798407830382	187
0.107655977892792	0.927620174215168	187
-0.069283976025467	0.762700876838713	66
-0.040860264659807	0.649670225090716	66
-0.067793835138381	0.564667861840039	66
-0.058560579464807	0.511977768079518	64
-0.089071166249025	0.590894641719623	187
0.020927906130053	0.965219564352286	187
0.11502904799546	1.28477592073421	45
0.103511255547916	1.46043629768372	69
-0.076848010522816	0.421855424010714	28
-0.065922847810735	0.480951028650201	28
-0.121892328854741	0.63131659186206	69
0.00994695378000798	0.53455994695364	21
-0.120951853727785	0.398865486678681	168
-0.050711155126468	0.430776122551629	1
-0.020049165044058	0.353990180011528	1
0.046975181993682	0.55005980327925	75
-0.104691142840851	0.495279390744079	75
-0.059231507603814	0.432495459843153	58
0.0812046373378	0.91496201490861	1
0.061229132111415	1.89370940916435	18
-0.029751751777631	1.17987171689678	18
-0.092615301182755	0.613652118062839	18
-0.029246604162364	0.911438711237985	18
-0.121612169808067	0.76809041720969	18
-0.108915503613671	0.829489309532914	8
-0.032303895066943	0.903842199643591	8
0.027199930410432	0.758938703656821	8
0.00723097298942699	0.687816698028558	64
-0.109498381639147	0.414584535083656	64
-0.121062455678295	0.481847756009312	64
0.063383882061398	0.659704356395044	187
-0.067217745953401	0.651793653068956	34
-0.065781254653316	0.415309273108655	34
-0.03461138230495	0.495109460655708	277
-0.087117771862746	0.337607687101008	45
-0.04383775584524	0.578082487209132	28
-0.05607225191153	0.340794153237231	28
-0.033294674634193	0.436896411345692	28
-0.012383111292079	0.958082680980469	4
-0.036570481746632	0.590959453140776	21
-0.008977847892508	0.57674060796777	21
-0.034530731554811	0.568998988449692	21
-0.093727825621375	0.240399366672704	166
0.04831913979882	0.34745168794455	1
-0.03771578105408	0.346889437592223	75
-0.025425560269661	0.341217524550483	75
-0.052587791725461	0.482798155636288	75
-0.057503878349377	0.314016056761925	75
0.0232988047657799	0.671001783020709	1
-0.102985080182363	1.79949772101859	18
0.062988205768492	2.46809950441193	18
-0.122823015191133	1.13378076135957	18
-0.115826496594809	1.00899728822873	18
0.10850613165645	1.36282988371617	18
-0.010505118029078	1.13449261164035	18
0.08383933338963	1.06719495633542	8
-0.113046574167849	0.632950414623748	8
0.015205374846063	0.903907750792142	8
-0.056728416956323	1.00495876336577	8
0.12113867009203	1.80220627090939	8
0.087348261927929	1.58433507957156	8
-0.115666775995487	0.774066762134608	8
-0.08907041047678	0.844399123564069	187
-0.032460043060205	0.599485759309855	66
0.04949412571241	0.904843676947458	187
-0.123363660986772	0.494052913238565	187
-0.060649626926924	0.71316415401803	187
-0.056161627429625	0.567457812711072	34
-0.039751944515801	0.436233266407668	34
0.00765690757545701	0.663094450742147	277
0.00483151621101696	1.05178798715433	69
0.118123734346251	0.880959278268011	28
0.073096408068714	0.705452995892555	28
-0.068862902748333	0.474411934644776	28
0.116103591903052	0.733140564765475	28
0.00150142469118097	0.43517001931946	21
-0.031045877172928	0.437189413485756	21
-0.086958738754643	0.422984679688639	21
0.019988793923186	0.52416894523079	21
-0.091267932119511	0.582820299550619	21
-0.121634592476526	0.327803159516815	1
-0.122048919227413	0.385078592272876	1
-0.105872557094965	0.338043204844338	1
0.00159245856371304	0.5149123236684	1
0.039423955718767	0.614038520014599	1
-0.046576984217046	0.425915765588148	75
-0.044829859579312	0.250619363043513	58
-0.011202337028465	0.516147142817481	58
-0.024579545648981	2.49677702305624	18
-0.053709579126969	1.64056919894408	18
-0.116067332697497	1.01078757154111	18
-0.109260415419612	0.808542517152002	18
-0.080984569199305	0.982047684201208	18
-0.021414012742098	0.638006913450964	55
-0.071600334938921	0.495977720993131	55
0.012634396160962	0.348116514890445	8
-0.02109319278975	0.889707446732501	8
0.094336971816176	1.25473969161523	8
-0.000284639114631002	1.01676751151886	8
0.107159574320657	1.13840420539493	187
-0.071941353338932	0.714927617895048	66
-0.11467088138979	0.610169664829526	187
0.049987256269507	0.968245780981328	34
-0.00339049274464598	0.660439546464398	34
-0.092277495913026	0.483616843380116	34
-0.115808644608908	0.41694972101536	34
-0.10672327671821	0.406681944745894	34
-0.120100520840124	0.421849878612311	34
-0.043924408763799	0.893073461742841	69
0.048971005395517	0.772862443827953	69
-0.031789474128352	0.663339846173376	28
0.024305224995239	0.608207301304981	28
-0.034105945999499	0.565377130490584	28
-0.100779837750681	0.457484441866253	28
0.070744447323349	0.629993953902209	28
0.065750605607786	0.538014638807406	69
0.061269755649047	1.11467369404089	69
-0.100775735584153	0.503353193688989	69
-0.049941852280377	0.588980080041029	69
0.062507981620513	0.775240617675839	69
-0.063082102309071	0.585609792078653	69
-0.105309145620709	0.596779396410553	21
-0.052075496949599	0.564680931719921	21
-0.1032218455765	0.413258529323172	21
-0.101032111872919	0.403210380554244	168
-0.04242072955877	0.505566205088066	1
-0.042541825249158	0.506567411963774	1
-0.107045720401383	0.406364554077699	1
-0.048165210408151	0.346957636362143	1
0.059402014464669	0.462949210375436	1
0.040245723644918	0.535178813662489	75
-0.038023385075537	0.429513105505025	75
0.092537929045039	0.562676850616261	75
-0.118541431157839	0.332094805927334	58
-0.088890606217351	0.238787507502351	58
0.011947494668346	0.684971188288736	1
0.103765560210758	1.37253343872847	18
-0.062599318171246	0.995636527700418	18
0.0108810405570841	0.931307874778066	8
-0.121941905598566	0.742655097249784	8
0.072214768411062	0.792190305085308	187
0.000652216137512984	0.64315207242008	187
-0.120937165956643	0.396243928378069	66
-0.055538962682917	0.690426431797287	187
0.00780800017829997	0.58063773706421	64
0.054133535047507	0.625385155629876	187
-0.092066987960575	0.502606867762871	187
0.089201183930326	1.00443299444354	187
-0.073475891130036	0.746188782905955	187
0.111997359588034	0.781220007757084	34
0.00560064321987397	0.521598147087665	34
-0.043257518717916	0.497305559442402	34
-0.083069760713932	0.343423592313079	34
-0.071818775016807	0.414030901964189	34
-0.069574071673642	0.41961246184323	34
-0.04533128430748	0.896605829903751	34
-0.094054940963413	0.567729544527342	69
0.00606456712614301	0.52592909483326	28
0.088729989063065	0.632862708476569	28
0.0769901058157561	0.565503418684043	28
-0.10617840352535	0.3313182593678	69
-0.11636133469908	0.343042077441111	21
-0.015349686400992	0.440225201522189	21
0.058305354892456	0.445306586861042	1
-0.058248797639234	0.350725203417845	1
-0.085926362884796	0.246436685891453	21
-0.090392467282554	0.246754023026511	21
-0.104691142840851	0.495279390744079	15
-0.036068447015808	0.259584925362157	58
0.119303235297621	0.295575655273168	58
0.078453258105462	0.866369881225296	58
-0.013519164845962	0.582527760439029	58
-0.11822497414745	0.401585157013306	58
-0.02030210285176	0.505934547236341	1
0.0343003383152241	0.607518883271002	187
0.071298591519687	0.864227107718413	64
-0.087840182243061	0.824691693917001	64
-0.113627217435355	0.41731740141498	187
0.124131779766826	0.763274259234786	34
0.010572004521117	0.437754321060794	34
0.087040242323421	1.24430539304429	34
-0.076392984766497	0.637538931702542	34
0.048336862862995	0.940560609950217	69
0.039976331297494	0.525145041877127	28
-0.055336576163887	0.430498106577667	28
0.00943218030790804	0.443301628171017	28
-0.060249950058437	0.434369625483324	28
0.101468950431318	0.726836180543515	69
0.010012489378682	0.452345141294902	21
0.093920408661793	0.543730453901004	21
-0.108154599050181	0.340894744708228	1
-0.100816603887229	0.33571860108818	1
0.010541216099243	0.349983233598449	75
0.052677964989255	0.347323425137742	15
-0.093434607764055	0.494836573193193	58
-0.120071393609511	0.418078189227076	58
0.053816602673061	0.744180588313175	15
-0.104224991924539	0.331458195117831	1
-0.025205409523223	0.437140721076393	1
0.124077886189686	0.39143084352842	1
0.0940491609619299	1.34703743285089	44
0.04875744281825	0.698967145863983	187
-0.045570060002463	0.502751783879208	8
0.00455079446326201	0.67999948366477	187
-0.053181054359802	0.580356222522152	66
-0.052576592381484	1.00149603065334	187
0.012239683823083	0.789045381378354	187
-0.048407009401478	0.510484742916233	64
-0.00623970227416099	0.575098473657896	64
-0.098312711917644	0.782373340018911	64
0.041384925828324	0.620791540262928	34
0.122558159016274	0.742251450109583	34
0.00941942991167199	0.833467763405899	277
-0.038190448075922	0.501857665492597	34
-0.088722869153345	0.401665141203483	34
0.025228871745289	0.79240889203145	34
-0.099821330572318	0.573324872548701	34
0.103554851361375	0.644101830957272	28
0.053369052760345	0.553068852086617	28
-0.015953954917312	0.668276292736809	69
-0.042909687877632	0.54648936174093	69
-0.119261630853001	0.331456997567525	69
-0.122912865812275	0.400683070079221	4
-0.068786640100049	0.496726683308794	21
-0.0546046871844	0.493593960387173	21
0.00461041706486698	0.516574248824385	21
-0.087219817878876	0.413609193875531	1
0.0965506609621361	0.55672803815816	1
0.101133107561173	0.53689542778475	1
0.069582181081834	0.694692412968401	1
0.065682900947989	0.474236786023754	1
-0.024110953345981	0.340745494099738	1
0.095956845260299	0.566579329044064	85
0.071802466749084	0.541813554394458	75
0.059027105535742	0.518387739736989	58
-0.023541002614568	0.647760078409296	58
0.001089253290393	0.663308729639939	1
-0.109091238797022	0.330806651518099	1
0.00742652050660198	0.767492128235833	55
0.120488033644446	0.761990779541694	55
-0.10981888877843	0.493146595818139	55
-0.00407577970968298	0.592688600281028	55
-0.020693716767817	0.518078938551837	339
-0.00467086569916297	0.583904615679446	8
-0.085078030581409	0.349238602005246	8
-0.116306847351113	0.762138295725051	44
-0.038519183888814	0.84629227514654	64
-0.035738383258993	0.875239480253004	34
-0.108387770679888	0.423147293610033	28
-0.072845041325041	0.421675304914846	28
-0.076693658882995	0.551388256705147	21
-0.095567033369883	0.493600253843763	21
-0.043255886206011	0.435132077355297	134
0.026606623971558	0.500529146674223	1
0.087734142095411	0.632414920660397	1
-0.081664723377775	0.407244384777234	75
-0.100017772329959	0.338709352355259	1
0.104139157572555	0.576717294706553	75
0.00901390488859499	0.358219242524536	58
0.072827077613511	0.617296643948959	58
0.016718709815969	0.517409739574975	58
0.0221497854164781	0.52792421137355	1
0.032304701052473	0.458987167557969	58
-0.025239732391318	0.342310218687936	58
-0.026176358298444	0.254509188203466	58
0.012530355099423	0.349185722775978	15
-0.013951552237507	0.58432159661063	1
-0.08631823757283	0.330063823023884	1
-0.098718773797634	0.707476956966403	55
0.019694387633848	0.348343128442751	55
-0.020932005592914	0.345436218113763	339
-0.113394212822263	0.334850749092975	339
-0.029074780177972	0.262230329645071	339
0.014841236409219	0.348828020484174	8
0.118274538110254	0.555352901899233	8
-0.078825292352062	0.414793477753179	8
-0.012933360279876	0.596135063981035	8
-0.085241786914498	0.74061865460328	8
0.032753884423104	0.672951917747187	8
-0.091454976073239	0.344019474907798	187
0.049966272751983	0.779317556575606	34
-0.07617493049072	0.692244477032289	34
-0.069114317687013	0.657766768223386	34
-0.088330691596652	0.544077735503676	69
-0.070497710621032	0.400857296957399	28
-0.124987192837285	0.153756313078902	134
0.027331658932861	0.276756807690439	134
-0.076328834171066	0.547558022443506	1
-0.073272864570724	0.495844575779952	85
-0.097369934641584	0.423893658244838	15
-0.083964638456727	0.478293822684718	15
-0.030977048037952	0.591794877628466	58
0.013088521644361	0.684510825850836	1
-0.11156188188706	0.464247189631618	58
-0.080704498789046	0.550648041358267	15
-0.113678629004587	0.714569098852472	55
-0.00202500329177802	0.526019948290833	339
-0.085986617158339	0.243259607022198	339
0.010501387844682	0.455088034461385	339
0.117718378750357	0.375655278718127	339
-0.120924107502839	0.24200971903748	8
-0.065041035934773	0.501254998335946	44
-0.040261227904853	0.782612495965958	44
0.081974575426127	1.33530034059265	44
-0.113821211620426	0.413105512747817	8
-0.055325124863204	0.576131256084645	8
0.055668313277745	1.15322272734711	187
0.00962700869989097	1.17999477372686	8
0.001729855902174	0.610352965216758	64
-0.072629577998585	0.761305020505927	64
-0.108479864030863	0.338612146136801	64
-0.122758503616023	0.551886561228744	34
-0.115810282075693	0.330583099701595	34
0.0708945125888319	0.47626069511492	34
-0.08234706400579	0.540363206223625	69
0.060430665424977	0.468613359592488	28
0.062631343764327	0.468784318440754	28
-0.04289097104898	0.755549927342656	69
-0.115281176265048	0.570788746113437	21
-0.057660226251696	0.966947950297113	21
-0.03572655327096	0.256129386280784	134
0.119303235297621	0.295575655273168	134
0.048555806704263	0.543491044639232	1
-0.034532671281808	0.485790528802254	1
0.093654254717856	0.771839769454675	1
-0.10829456434979	0.408760978691752	58
0.023328152715751	0.270709126529207	58
-0.038039028447138	0.169651769655581	58
0.065030775186251	0.635644729908869	1
0.071689123470441	0.702622051911763	1
-0.09204509950086	0.34772364210067	55
-0.122179578312941	0.156385234326318	339
0.112651012356263	0.912849653299656	44
0.047821955701256	0.672347320982572	8
0.115290489559606	0.928626622723081	34
-0.097708978691749	0.630232574425087	34
-0.045273328030668	0.948626322934901	34
0.109905264550121	0.276688446678206	69
-0.110216004775595	0.341691344507632	28
-0.041293525449633	0.68805321663198	28
-0.087580909183669	0.647542031049016	69
-0.00826537427889101	0.959773128873766	21
0.124413626142846	0.385326104266119	134
-0.023770383798034	0.711770204240564	1
0.0461194977707881	0.547111543769196	1
-0.060253785704249	0.350915957066974	1
-0.101867256819235	0.415660563728227	1
-0.114623959050422	0.40875731448728	1
-0.058293081752044	0.512476032609994	1
0.123988865442141	0.964366502365923	1
0.108291756618022	0.980063562494319	1
-0.117566477775511	0.152514274129361	58
-0.036819092554208	0.168285527716812	58
0.0152191981984841	0.363674715922989	58
-0.032645439405029	0.169750552912953	58
-0.04573773065125	0.15997561669177	1
-0.03458399502228	0.260442679527163	1
-0.116663297932221	0.417626536492067	1
-0.103664060721982	0.342466156483373	339
0.06195230841305	0.694727912204859	44
-0.110680518220836	0.513914435312649	44
0.054817770469858	0.705758743415638	8
0.017902865127673	0.825222014683728	8
-0.120736817682151	0.237114391103566	187
-0.094820271724248	0.724768445784737	34
-0.047447972945464	0.783942531080457	34
0.057657489063346	0.734749147580404	34
-0.051327739753016	0.800995769840142	34
-0.118502159649786	0.405849451993337	69
-0.069668944488736	0.702278404579145	69
0.034770935123138	1.09942738176989	69
-0.121282696415975	0.614982167433024	69
-0.016708376905075	1.01784193429271	69
-0.091906069291342	0.766955606792239	21
-0.003262437823225	0.515515033540212	21
0.055176774770735	0.888811636319288	1
0.097810270922333	0.872339221392856	1
-0.098951178300059	0.498042539364838	1
-0.105932153081601	0.573406311277338	1
-0.093328790705823	0.606280762587642	1
0.020835151960136	0.361149377453025	1
0.057900730612646	0.630503847530982	1
-0.045465414201926	0.502577828990338	1
-0.081793890719977	0.560926484450651	1
-0.031626882939834	0.657814787443865	1
0.073826819113239	0.629652924612418	58
0.010120404645355	0.589312670967344	58
-0.095827212375489	0.344848714174831	58
0.121159231872676	0.392933041527872	58
-0.11477245621665	0.140670931066733	58
0.106438580421474	0.196297204852593	154
-0.104691142840851	0.495279390744079	1
-0.09429404157432	0.239378552095081	339
-0.121453399944894	0.334744675885349	339
0.075461692165784	0.546010728240914	8
0.119119014938742	0.659250089616522	8
0.083108204344336	0.988521060989485	8
0.00552844832631405	0.697103698632721	8
0.088593700818478	0.70574511408004	8
0.00784824817711505	0.524109906503633	8
-0.124593901896172	0.338214620263211	8
-0.040080826938894	1.18722996287468	8
0.09310412971418	1.5270096731668	8
-0.00258801533941	0.603741471147775	187
-0.105522963948602	0.343315254723509	64
0.116401448598195	1.47361591718438	34
-0.054523766408646	0.484936386533084	34
0.01939777061721	0.599388972918066	34
0.062859676189855	1.41028072421081	34
0.087618141061005	0.834265439675839	34
0.10842208332039	0.193782715895591	69
-0.090410538401141	0.581443171876392	28
0.086999217648445	1.0223562858261	28
-0.082366312055143	0.688496372027755	21
-0.06560936436442	0.718703697186862	21
-0.028027871105801	0.651126363281407	21
0.039588450719373	0.274223653643289	134
-0.082392380482434	0.246608045165163	134
-0.10614753233797	0.577057015732524	1
-0.022391203507963	0.586931797980072	1
-0.068732735782835	0.494724816929177	1
-0.00638509770162099	0.56456398018233	58
0.00340083225660603	0.344832522953464	58
-0.124750437025265	0.154754574779314	1
-0.113992824498432	0.150800062587082	154
0.073482217018038	0.906803743539208	1
-0.00917159372781101	0.598206984859299	1
0.00420687287906696	1.42834359674166	55
-0.121665871649582	0.235066767994625	339
0.020281155046937	0.526668815228573	339
-0.101954041408357	0.33585052265608	339
-0.084351874283458	0.839037442143628	8
-0.022891892607615	0.84048651283067	8
0.048067658620511	1.51904101520018	8
-0.121686593470976	0.824689745163864	8
-0.124248895312735	0.515397049658763	187
-0.095580192070981	0.695947585792273	64
-0.071519934979856	0.408143244212479	64
0.010689195178273	1.09813462083986	34
-0.107183304518471	0.70638483690619	34
0.020678127472782	0.25716851948414	69
0.111534587029895	1.00147268823075	28
-0.033077738801935	0.797067421483824	69
-0.04910349472393	0.948245796669642	21
-0.105823704369322	0.563609158566952	21
0.103213013445516	0.649933671865393	134
0.023328152715751	0.270709126529207	134
-0.033936729660899	0.50869592239056	168
0.103386557396599	0.991701822657509	1
-0.09615590692486	0.551012299077425	1
0.028470844297407	0.686103641153169	1
-0.015040045052847	0.73140180877339	1
-0.042421816162367	0.254724206626475	58
0.026236004482199	0.269931638520672	58
0.072010596207467	0.468282910751999	1
-0.120100246985399	0.480220540027457	1
0.043247426480265	0.602755205695853	339
-0.077051341556497	0.244989092348135	339
-0.021772244652844	0.251740725908332	339
0.00620593540332304	0.523785046039529	44
-0.073110878723526	0.423143354945064	8
-0.034209888558486	0.592250659250359	8
0.056046560351976	0.911625674020521	8
0.047972370356858	1.3898880191304	8
-0.072538672691631	0.504403017110805	8
0.018437218680816	1.05559913223504	64
-0.124865258887468	0.231924280545895	64
-0.100648112123726	0.677002329625924	34
-0.057514079083754	0.903197429946711	34
-0.051631156533117	0.704809037868699	34
0.0980958937942919	0.572245062658154	34
-0.121822630412928	0.239254283679076	69
0.124407554289341	0.392711131760932	69
0.111275862322896	1.12079423103737	69
-0.082698937591306	0.750218138644584	69
-0.102513489429704	0.825577649175474	21
-0.02617617031251	0.866801302836574	21
-0.106960759616823	0.627916742900984	21
0.050473157113618	1.29029458308899	21
0.017584906533145	0.516145566839215	168
0.102732760806052	0.958003171976333	1
0.020481339006141	0.839113286581043	1
-0.073872695407742	0.564259181291789	1
-0.035293169065889	0.492787892237725	1
-0.085777039486693	0.501679408196342	1
0.019384343640795	0.521954553427341	1
-0.082194439084589	0.344688790403473	1
-0.00666706787392801	0.601979115838303	1
0.122176028415297	0.30039163175096	1
0.018851360425977	0.36120771485141	1
-0.06017671634435	1.00117234769065	55
0.00415113767630504	0.595771762972084	339
-0.022160581995105	0.349438192681285	339
0.014964946876532	0.35639405039637	339
0.034756237427776	0.276084000562041	339
-0.012787314569462	0.529320158507053	8
-0.099787325715369	0.402689487716974	8
0.037781187312523	1.06149221105185	8
0.029493876076621	0.601805203304125	8
-0.062144381307074	1.03572211914214	8
0.014840550114931	1.2239897933125	8
-0.060043274711908	0.988845849660294	8
0.036208098800471	1.12618804887598	64
-0.075483303625698	0.562812498721301	187
-0.085205062896803	0.339149853556054	34
0.07047889193813	1.01113066348984	65
-0.058491760017564	0.548033342002913	65
-0.064229332047975	0.346967332765686	69
-0.00654822700549801	1.06168206939705	69
-0.049231425912469	0.720832268103149	69
-0.017948337959577	0.961308414644052	21
0.021844823680319	1.06539568335378	21
-0.107869293295094	0.763175498643167	21
-0.046153551801749	0.463462507408561	21
0.010102204516297	0.814201311805601	1
-0.057637226414702	0.644030002686633	1
-0.065082262954041	0.340493260107844	1
-0.00767317347225999	0.518668467430533	1
0.027293629872077	0.605333016612401	1
-0.100139458466573	0.338459293722427	1
0.097659153647917	0.776547366525119	1
-0.079366488450442	0.493273947691704	1
0.00232462087910001	0.449141820705744	58
-0.054726977559056	0.649749048055597	58
-0.089171098160635	0.332030032080342	58
-0.03733534348116	0.166932761544528	15
-0.024044357768141	0.338122858845314	15
-0.089890321037636	0.24212542575471	15
0.05974268864577	0.6232640418297	339
-0.00423633485876401	0.586991366601416	339
0.00549129007528204	0.3481279875359	339
-0.081407584432512	0.243800759621786	339
-0.114282427925669	0.482516191489482	44
-0.017245074696072	0.666211129723429	8
-0.017573731335989	0.578978990979861	8
-0.114388479194977	0.904598922995668	8
-0.00212328036109299	1.18766893922082	8
0.00365325012145201	1.20633854428796	64
0.087699922864829	0.543971113793452	64
0.040485355000173	1.118322699881	34
-0.081232464247296	0.772460545575357	34
-0.111665842910785	0.475264804192742	65
0.12113784735544	1.53725172577272	69
-0.00600419747353098	0.670591791872513	69
-0.102400095154791	0.717841226484492	1
-0.062729518333983	0.71151079125821	21
-0.096000983472104	0.4248914967749	21
-0.124211591759844	0.597389405806494	21
-0.092047841523585	0.417188003178229	1
-0.035695482457068	0.504153393187104	1
0.094190706235951	0.551985584861508	1
-0.062874657503207	0.570335065675073	1
-0.078841712129138	0.643705593565326	1
-0.099875614404224	0.420334354551774	1
-0.062634643776444	0.574868865248908	1
0.005144731453533	0.817573516583837	1
-0.036546980734984	0.660022196423929	1
-0.033014107557793	0.665566784707173	1
0.122290373127453	0.288368697790908	15
-0.036116812573292	0.169003815490307	1
0.060597423771162	0.887518269477127	1
0.060478708688129	0.466919961296203	1
-0.036154481024342	0.499815268996805	339
0.054103799673076	0.449620343001664	339
-0.029260133580056	0.751609823994954	44
-0.108444247639586	0.639775392830138	8
-0.111684629650507	0.744784033504718	8
-0.00961254763345698	1.2259502450578	8
-0.05318207433492	0.784744393002646	64
0.00410581078058303	0.831759432385791	34
0.026238201062066	1.06620312039678	34
0.097853390135663	0.473250031391831	137
0.101030690380526	0.647966200392045	69
-0.089560943619022	0.73950379210744	69
0.044366833763925	0.920591602459024	1
-0.118048533699201	0.612455205915388	4
-0.056251296336985	0.692829816544272	1
-0.085391896838447	0.598460518085588	21
0.080198867127083	1.13630926148054	21
-0.12058568371633	0.50558981180082	21
0.092424501823874	0.642465815650005	136
0.035994496986688	0.455041514130541	136
-0.107235797168127	0.407902958990865	168
-0.116797701977545	0.56280820176196	168
-0.062793116103984	0.486445682872411	1
0.086952282614136	0.714511664789723	1
-0.119317257601729	0.401940712702782	1
-0.09232004727285	0.403271105989408	1
-0.054678179682974	0.49620899283634	1
-0.000241160877434976	0.640349463562987	1
-0.036725836654025	0.170560724530011	15
-0.015944551659748	0.354248097877959	339
-0.010600262034337	0.359311650612896	339
-0.072164575072331	0.546566227436297	44
-0.073922965293815	0.425039652196919	8
-0.122225281871621	0.410034659023004	8
-0.04193775628223	0.972190999160215	187
-0.019826433665976	1.01377047101486	64
0.048080866237307	0.54129523881989	64
-0.098671403029717	0.489860260003666	187
-0.112019881252187	0.668325884647665	34
-0.083925075952297	0.787412420856191	34
0.0444826675930941	1.02150976160889	34
-0.021293517766785	0.676245685169641	34
-0.00976462188751098	0.588601317466871	34
-0.030923349897937	0.638831514070414	34
0.057402656075177	1.04049324480954	34
-0.014877635824459	0.933771790633205	34
0.034753330482583	0.663022146727017	137
-0.093755307863822	0.770994419004167	1
-0.033055482000191	0.563014452802334	21
-0.00882223627534201	0.59656642848981	21
0.00582523127124102	0.836417677801312	21
-0.039444183270585	0.169536895809198	136
0.123468979421107	0.385517073666681	136
-0.118855600374715	0.423677002624258	168
-0.084561505160208	0.701573070074072	1
0.023709098002808	0.269477917917966	1
-0.057359264150458	0.596166148472082	1
0.122708477915677	0.74097365555038	1
0.069936110881385	0.840850280508292	1
-0.094441694017771	0.544675114689435	1
0.071073954774012	0.532989056750419	1
-0.045021588295836	0.160080458851035	15
-0.091063248995708	0.242105810312664	15
0.022698105078681	0.257337940060666	1
-0.038589577801051	0.16673263343972	1
-0.074432689010046	0.479849265331051	1
-0.086990474690058	0.240397425139095	1
0.066578560469565	0.531217023367841	339
0.00702804149689196	0.668175694468784	44
-0.106242428539714	0.544916837364414	44
-0.089924096396726	0.838085698179162	44
0.044399626309631	0.681721401444458	8
-0.018723699179302	0.73829063859136	8
-0.08061221894818	1.00692193478097	8
-0.1217082306368	0.864551190717296	8
-0.062967297087613	1.15153427996349	8
-0.059919055809418	0.661074993611931	64
-0.053045654319382	0.660765164750285	34
-0.076674926587136	0.49484109920947	34
-0.064172500718456	0.914820911487088	34
-0.098534993877058	0.340685341636071	65
-0.054470793240204	0.572537694131655	137
0.017291441906533	1.04367637966031	133
-0.103439225299294	0.706312651429569	133
-0.041153528865752	1.03188813623853	69
0.06854989511954	1.11626505318456	1
0.074014103072735	1.13593718847739	1
-0.120313883947016	0.677691198436662	21
-0.096915435927622	0.759129446096139	21
0.049479068594193	0.903735100078674	21
-0.013150910321896	0.975729138090947	21
-0.072546538574614	0.638274856023611	21
-0.039591841229916	0.251552165520816	136
0.100242234118622	1.1580446282895	1
0.114577909068559	1.16352459908422	1
0.025512321533259	0.951342348078585	1
-0.121575048065826	0.626982681820702	1
0.00102057458969396	0.818392784166503	1
-0.093331172093392	0.589246994603641	1
-0.008050745858455	0.752229016108307	1
-0.061693415619717	0.56940573636349	1
0.01375584790375	0.357073815505897	1
-0.08881007742742	0.57459279962347	1
-0.08809765385758	0.236376128661719	1
-0.094438095007173	0.475068975335661	1
0.059527860781281	0.372841719534314	15
0.12040286577051	0.384325033379978	1
-0.084765334508365	0.248226619785059	1
0.064603799385489	0.837756115871533	1
-0.100058972838563	0.500860845796411	1
0.056201005034966	0.460036459585828	1
0.096745114224014	0.540035990131811	339
0.065148214396054	0.858175374893605	44
0.033010748610819	0.958156263663167	8
-0.033225225927093	0.517036990966524	8
-0.112373781478502	0.855892881673675	8
0.12000378867548	1.21940398577918	8
-0.108812311084033	0.508539240221366	187
-0.098436523060395	0.55864351557596	187
-0.099059670894814	0.493594950337021	187
-0.071797580324648	0.345364381454978	187
-0.0281925469725	0.440363535537954	64
0.029995285997489	0.275198343236907	64
-0.00715746698946401	0.659902271451613	187
-0.057758104210359	0.873888499983833	34
0.039048753621948	1.24411911234155	34
0.114254207389501	0.85517559882823	34
0.080833415443455	1.27837324759008	34
0.062101414920468	1.29113500213076	34
-0.121131809068557	0.491997314431601	137
0.1070673823464	0.190602569583027	137
0.01300876423363	0.439291254831325	133
0.04207948959634	1.08401484547376	133
-0.123603858780941	0.684753559838842	69
-0.084929058691988	0.75563518175222	1
-0.053797080823436	0.487542821135175	21
0.016298098721609	0.948916750679148	21
-0.019153672617191	0.556094442726991	168
-0.017849860539268	0.661061204447199	1
0.00868091209686705	0.822864635293921	1
-0.015966927653315	0.526966650874328	1
-0.122701877768158	0.155619628304856	1
-0.098039489762361	0.509712983562864	1
0.049081747561422	0.939718742089023	1
-0.083062638427764	0.34352762060152	1
0.053669390129143	0.364674839095977	1
0.031326302868765	0.272136466509842	1
0.117484523325291	0.383880343739883	1
0.100933558195029	0.472369118228336	1
-0.00827937939155998	0.655665274599792	1
0.088135481030631	0.917476157110709	1
0.052186272990477	0.363182151713367	339
-0.058670333663969	0.577620439277579	339
0.071083526538145	0.472043700834036	339
-0.033563454255772	0.350265081726394	339
-0.117111602062054	0.608476837794412	8
-0.077649280798334	0.737866141632873	8
-0.121820689696359	0.714185863254826	64
-0.116736592276608	0.678057608040912	64
-0.065383917918653	0.803045699750933	64
-0.021104912852977	0.353111144714783	64
0.051365257932895	0.68860822281396	34
-0.01265354830094	0.78825928775976	34
-0.084615620049696	0.684410386972297	34
0.023997650027955	0.911779191420482	34
-0.084892780805152	0.246009091243678	65
-0.017532971952021	0.739919966376482	137
0.015604764959247	0.356270262175344	137
-0.028455050794416	0.675348821811528	133
-0.048546789865869	0.747831105146249	133
0.022844397250702	1.14227391988068	69
0.030944452498106	0.978836403412972	1
-0.045073366195043	0.348739120751794	21
0.075387619228787	0.909215723973778	1
-0.063216840677286	0.576019208003958	1
-0.085981974661122	0.426739892989397	1
-0.029455944155035	0.511537313965968	1
-0.056445518299944	0.437903306014861	1
-0.084080660049923	0.480937892304752	1
-0.106410944298158	0.483002091283281	1
-0.121417528033644	0.157137582371217	15
0.0296398922794719	0.273268660010599	1
-0.111312100839933	0.423299453719663	8
-0.087548425801364	0.247396885259413	339
0.04461007782241	0.755532122737749	339
-0.035728155110647	0.576773555854237	8
0.0315279972332539	0.761025415978767	8
-0.00646419044993202	1.24102256240971	8
-0.068135252817427	1.05434168031227	8
0.11296310930798	1.61208941080619	8
0.00298608629513797	0.989639050801705	64
-0.095750185072802	0.340551918821247	64
0.00302751666951095	0.793501239359469	187
0.100096080521636	0.805491493245005	34
0.087756859229711	1.26242144116164	34
0.11969261321573	1.34681395930753	34
0.107091175173822	1.23958326504551	34
0.079124032638879	0.626932992438905	34
-0.063845212432593	0.853665991899127	34
-0.048804464424828	0.728142522153843	137
0.00145831080373204	0.686053841301577	137
0.049031932396632	0.975276759312873	137
-0.059410551780696	0.64037983647787	137
-0.041952416449092	0.343725723434652	133
-0.113206831277995	0.674659437786391	69
-0.033625128336241	0.879416973725461	21
0.0150504285154111	0.930942180234248	1
-0.120239706352766	0.673225303561052	1
-0.119535316125778	0.148794471715547	136
0.062443457473967	0.449003476930057	136
-0.037270912629726	0.829221939580048	1
-0.00983832095654202	0.809600188156198	1
0.0812963906108321	0.720627269494173	1
-0.095245542532997	0.531525551876612	1
-0.065328338390769	0.493982077251665	1
-0.073871823823795	0.482773113892039	1
-0.071023231619354	0.513382278719207	1
-0.056905780668759	0.426391036765226	1
-0.040145656178723	0.166564037535308	1
0.0788962063237601	0.872741306738172	1
-0.067343733642578	0.34332344743934	339
-0.12103565436848	0.401943483997652	339
0.04051664457383	0.46788224476303	339
-0.09288106370115	0.490249132328483	44
-0.07528625257637	0.581686960776469	44
0.113359354332666	0.9543860407746	8
-0.071187745365723	0.797560768853002	8
-0.079398597504577	0.582807605472609	8
-0.071608006958551	1.05601756922843	8
-0.00181389381103397	0.60058582822917	64
0.010055388530548	0.536225015544102	64
0.00636624661696505	0.821603577666271	64
-0.090069705054001	0.238619386129307	187
-0.04400157471139	0.35277817107163	187
0.015467708782321	1.09043761166259	34
0.105051452945707	1.32449512865892	34
-0.036927114115465	0.255548301496468	137
-0.1009788075181	0.807403360349049	69
-0.030648412417154	0.622820779032309	33
0.01603841095723	0.99906204072922	21
-0.039414445138081	0.512511718915686	21
-0.097653669733143	0.568154521042518	21
0.059626909164456	1.06441311927811	21
0.013977988493738	0.347801794664915	136
0.102071811651652	0.479436645067272	136
-0.042614133194653	0.777506387985685	1
0.106778405182569	0.646929339226323	1
-0.027974031184594	0.432601694838381	13
0.056849613106615	0.624274325574548	1
-0.083914381647646	0.417557630047745	1
-0.07082120174239	0.582230663641471	1
-0.124529564579295	0.480801345828592	1
-0.062852000087082	0.758806137364605	1
-0.040721059305408	0.255109373174384	1
-0.062718881881923	2.21517207906549	55
-0.004620553382361	2.32672626183323	55
-0.059387957592829	1.52583427212628	55
0.022369275708728	0.256492811962117	339
0.00500356181815997	0.336095357056039	339
-0.105763812751067	0.505712194516609	8
-0.092966247538093	0.51841144126179	8
-0.107809663849455	0.79781858353178	8
-0.053640263709832	0.808148791068958	8
-0.124887532663998	0.670596368545811	8
-0.076762738659638	0.616820716731984	8
0.09531734825915	1.48584244164683	187
0.041645163209337	0.879698727097934	64
0.019445013892527	0.459867085544272	64
-0.00800173763756701	0.851830444820437	64
0.057994582906338	1.18590950118257	64
-0.039479536014174	0.938202503680638	64
-0.083325897476314	0.471923826312007	64
-0.015595297829287	0.872647659000602	34
-0.059852054389979	0.493396996888145	34
-0.123980986246904	0.562798362817695	34
0.047480584680038	0.697682664837098	137
-0.110624124880396	0.338915876601324	65
-0.08186739967412	0.248474639704124	133
0.050761653847747	0.700801299207803	133
-0.076376034334613	0.645840050504012	133
-0.044589906154633	0.884592202156939	133
-0.064693730381209	0.604764787823428	133
-0.112892877996535	0.574848825435985	133
0.098685715688836	1.12539563491873	33
-0.066741191786553	0.717460225271393	1
-0.073882150661679	0.651352611684065	1
-0.016855621211951	0.597072824127286	1
-0.085243871167787	0.58105088344721	1
0.111195689261241	0.841739888304027	1
0.05489393780262	0.613437261023311	13
-0.087785513057227	0.5487836944357	1
0.113671243240928	0.877232715124589	1
-0.00915082906585901	0.514209738816073	1
-0.118518992584238	0.40206488576403	1
-0.00926158894151302	0.441970208720948	1
0.024636786313149	0.265222505929048	1
0.062715471988682	0.370641505977095	1
-0.015965728492727	2.49156942279173	8
-0.099671187563616	0.480764377608767	8
0.09308251289709	0.78213374620529	8
-0.101247288264501	0.573133040839821	339
-0.036207986245182	0.506411749775918	339
0.03636126176141	0.455409876003149	339
-0.061626190250915	0.724345718239473	44
-0.064505905970224	0.994720166125798	8
0.012745037704073	1.02077201707246	187
0.107140667310173	1.26931128790221	64
-0.028603214569792	0.742162254629925	64
-0.088236739505995	0.730043922333006	64
-0.026844717711348	0.756640973970252	64
0.043279426859711	0.896989661057978	64
-0.08578832103612	0.571874182593137	64
0.117173827352888	0.633320090909033	64
0.00380655870012503	0.511742852640177	64
-0.065302622728564	0.719612693214785	34
0.027368667983832	0.969325421471817	34
-0.068451092169405	0.429494563872884	137
0.0974600226371139	0.647790293478152	133
0.05863503695527	0.845237628200585	133
-0.034156046877107	0.738557596385216	133
-0.017745469118655	0.73592373545911	133
-0.072929769563008	0.685155289337056	133
-0.121481438420393	0.56758800666819	33
-0.120423268200574	0.556168004439767	33
0.042351888658861	0.954299197138012	21
-0.117647465876299	0.539759611176751	21
-0.119891418520447	0.568041204641613	21
-0.023218110355125	0.346790774787894	136
-0.000624059623301976	0.680502554588309	1
-0.018036118282687	0.676316631798416	1
0.018339909424118	0.605173833883825	1
0.053323340964725	0.689730825458836	1
-0.014035227064922	0.512275278283545	1
-0.059478269135511	0.463910921538349	1
-0.107348795572974	0.343909049320079	1
0.0194199033312999	0.583349678924322	1
-0.089769911852716	0.245329067270795	15
-0.035713655395429	0.260206430895574	15
0.027206305602986	0.272374922927763	1
-0.060515559710716	0.344924711995588	1
-0.036022116104189	0.167812976319387	1
-0.057918181200708	0.586105441881034	1
0.097995777371178	0.624796771081032	1
0.121305156634463	2.11378049136561	8
0.05497498869527	0.707043712621671	339
0.087837929973055	0.814115206326895	339
-0.096504174023029	0.52414160181058	44
-0.04815510507967	0.927436940454987	8
-0.022645844093861	0.863823453690154	64
-0.121885121275704	0.408548084753167	64
-0.028168903147591	0.897830890643718	34
0.051193310565848	0.863504975554827	34
-0.029120746071332	0.631061080021054	34
-0.120540573278887	0.765002515480794	137
0.108650361343167	1.09629114313419	33
-0.09477861628915	0.559174701803395	4
-0.044287819671174	0.770477380572678	1
0.0712369677811821	0.987384088657632	1
0.088140236922102	1.00351029011943	168
-0.056146304686493	0.595478822199521	1
0.100587813066588	0.824710848471181	1
0.108015192322175	0.844841399278784	1
0.00523970138877605	0.5797673920716	13
-0.106584813899041	0.406903063380044	1
-0.011151302077297	0.730165799122336	13
0.028370798651836	0.589304149213016	1
-0.044584224588108	0.593031359241422	1
-0.069845316671723	0.334806039852181	1
-0.08649769745412	0.491706047316384	1
-0.041979920395968	1.71179307123712	8
-0.054399664956977	1.62349077090778	8
0.044560858734821	2.10317013548886	8
0.007512520158654	1.10724234682131	339
0.018752369156757	1.14175802359472	44
-0.117601370812384	0.406030638608985	8
-0.092976707241595	0.427415417625716	8
-0.042118993179662	0.508605315076484	8
-0.025666149415832	0.441238494635322	64
-0.033185740731836	0.417764708960536	64
-0.09841417679925	0.503347815229	64
0.052500344867445	0.968614858882278	64
-0.120659282350331	0.33636604967512	34
-0.00438944049283302	0.600031987692907	34
-0.076009957118448	0.58527268115638	34
-0.100975167153644	0.684459548139857	65
0.023425970131099	0.789953468901031	65
-0.031348154749284	0.668532404965225	65
-0.099190552636643	0.51276480313571	133
-0.112448324685542	0.33714754129275	133
0.044691588410912	0.542291608490202	133
-0.084690934449194	0.33332936930576	33
0.0222616203988421	0.530338185273422	1
-0.031542492885474	0.421029485885892	1
0.108555232505464	0.545301197214547	1
-0.088950952262764	0.323886252599914	1
0.039644219522135	0.46052122917892	1
0.092674651885517	1.03422401146144	168
-0.047149560484554	0.339780053198249	1
0.046569962236013	0.462730456158671	1
0.028317084780104	0.686532165285149	13
-0.08645411516064	0.426896098509672	1
0.09708001802398	0.845414619822204	1
0.00445045311311498	0.446626385300072	1
-0.049270354933525	0.568110859551632	1
-0.00221754608541402	0.513486628266232	1
0.09071714405454	0.851004614658043	1
0.075565501215367	0.710996306831573	15
0.00661378592351003	0.527463442497998	1
-0.079575441722644	0.419763049900309	15
-0.082603564914076	0.500824062895879	1
-0.053910827462903	0.506372023297775	1
-0.064629218503058	1.88842260354528	8
-0.00367493313768102	1.0531062733612	339
-0.080328548198957	0.590836447501301	339
0.013295171724773	0.530617036070705	44
0.024116776296502	0.878962867241175	44
-0.021113290207434	0.867610599664721	8
0.070097163347805	0.893283338410845	8
-0.064603869536511	0.804351672032609	8
0.00930541055473499	0.953609997616197	8
-0.00325928927879499	0.815288945683043	8
0.071549864552885	0.844885899655596	8
-0.043025481503862	0.666728527063128	64
-0.113051133791303	0.667306781452485	64
-0.034326540831674	0.650529164456911	64
0.0476914917200501	0.698415113130263	64
-0.113603816423265	0.406575119534522	64
-0.015079414874184	0.670902571849706	64
-0.069945402064738	0.56065906776492	64
0.064195294641232	0.824397464250076	187
-0.110983293617948	0.4073435463587	64
-0.115644952064624	0.45731098585761	34
-0.040789644848041	0.583347227705176	34
-0.00860566969057902	0.594644259693285	65
-0.026357320144294	0.76285619503083	137
-0.123041184599243	0.458878937353601	65
0.057417898574133	0.755138699419372	133
0.033455615849919	0.765531591505403	133
0.062403083380965	0.691252179011748	133
0.077054047408047	0.874929522000993	33
-0.066019434709808	0.564666886777029	1
-0.088744820939305	0.393686285009933	1
0.065049015621572	0.678143335588867	1
-0.029374278365715	0.430258368329042	1
0.046312999773835	0.654877780349362	168
0.049706060344287	0.585886110680474	168
-0.099611571904643	0.420304980716995	1
0.012590685394685	0.582614886574133	168
0.086191456978211	0.5637815040204	1
-0.043146051207084	0.438398282709237	13
-0.032308300912719	0.506487651060598	1
0.050507193950198	0.541549306404215	13
-0.050282708812669	0.339222797659663	1
0.057259786499972	0.554288175171225	1
-0.00963689263649697	0.508578793688568	1
-0.057878389445274	0.501501611637855	1
-0.114900600568729	0.32867299404933	1
0.033611683820241	0.449489908417051	1
0.037401562748712	0.461884433150286	335
-0.048110495989812	2.35006629061652	8
-0.066961543146459	1.01061162009444	339
-0.060470965597012	1.0712629168091	339
0.121330693403956	1.60237555372917	339
-0.032826778581918	0.732701258820169	339
0.109544975834438	0.862417158470772	339
-0.106625989039993	0.537109769958029	339
0.056585414555582	1.14477519597863	44
0.00269838689751001	0.685107291763001	8
-0.00423646951221401	1.04489995468269	8
-0.024406759109847	0.902892152699267	8
-0.05788164241323	0.773101069627658	8
0.072386396003347	1.04796044713678	8
-0.116814066009676	0.630047171332196	64
-0.009288195889819	0.770704108510346	64
-0.093838309344863	0.507946062982758	34
0.066050828638742	0.839473559677311	34
0.031516101486209	0.77340714378999	34
0.033764252090552	0.890257517338901	137
0.022960468385668	0.930048307550348	137
-0.057774574799616	0.48428496974276	65
-0.023055148846972	0.582065690101694	133
-0.076560534443123	0.529574001737422	133
-0.120458621483531	0.49251058047905	133
0.018322099281138	0.663723340928452	133
-0.00507366914045898	0.814444283912712	133
0.077722819972649	0.844727929844715	33
-0.049412782537352	0.591112684987987	1
-0.047300826978121	0.674528954448654	1
-0.101453874792573	0.496693252509048	1
0.00765395427992899	0.654903739559172	1
-0.016550326941467	0.625139256215843	1
-0.024854586469659	0.583341223231558	1
-0.016559060568564	0.512631159078087	1
0.010005498440253	0.675968913195669	1
-0.088056957457964	0.498369509811186	168
-0.019961439840211	0.576987839492715	1
-0.066389624715921	0.483216819407449	1
-0.033353329092922	0.499378392370115	1
-0.023194292668986	0.435646626034218	1
-0.058591778956257	0.478407603258211	1
0.098542135402555	0.62455666538463	1
0.012796521561046	0.533497429832331	1
-0.097475449521667	0.336011021803151	1
-0.00744195881725501	0.355361583516619	1
-0.115478260214791	0.341698070519854	1
-0.033445542005497	0.167283528283612	15
-0.120472643900368	0.328493258103297	1
-0.098579066472265	0.398408090091424	1
-0.020283363188449	0.709769000238363	335
-0.086182336995091	1.89038394988111	8
-0.121508996069164	0.779675899820649	339
0.065148214396054	0.858175374893605	339
-0.100039704322749	0.759909881570339	44
0.048435420735236	1.10818480012423	44
-0.094055225626286	0.655081725220147	8
-0.081204179309375	0.624012606521933	8
0.074524241928316	0.926245755276163	8
-0.090334470513301	0.597019578534954	187
-0.065103684720664	0.572057636226434	34
0.074984518273434	0.693850950404306	34
-0.04262405445056	0.581837252272545	34
-0.114146169880544	0.501675092794341	34
0.027738047987636	0.738859124023959	133
0.089763100919482	0.958843498578642	33
0.064158534352705	0.701787378311041	1
0.077460209357815	0.792540185803509	1
0.062431173168265	0.674372365761397	1
0.056849613106615	0.624274325574548	1
0.023239908652908	0.611957163384621	1
-0.092569733237023	0.466244643965979	1
-0.034716333719426	0.427309877097112	1
0.108247060263164	0.716532547255022	1
-0.00107428094388301	0.598431244648254	1
0.014944853621666	0.614649026241703	1
0.035334120556047	0.464186777746434	1
-0.088042816436046	0.477941923950075	1
-0.024126210325058	0.560230046346707	1
-0.036705952792816	0.508249137367897	1
-0.010960811393988	0.436653950832182	1
-0.079094329574636	0.415946559084981	1
-0.030196095572755	0.437147745640766	1
0.031284568472272	0.441503183774664	1
0.100168758081777	0.554318631389897	1
0.049471636778692	0.615338858771809	1
0.102997004430213	0.733779898548399	1
0.0655366506757989	0.442970614078746	1
-0.062307296537674	0.340894159540827	1
-0.093735677937947	0.235852136188196	1
-0.050634990134884	0.48248535046911	1
-0.012192461798788	0.48275017327332	1
0.032266835753642	0.543556185870951	15
0.03122507814222	0.607084395691558	1
-0.077202580476066	0.421529101493055	1
0.034327300139971	0.534322662659431	1
0.10050982222584	1.28043337246319	44
-0.00704286427717399	0.882603912750905	8
-0.111806918925373	0.856999888230465	8
0.116662694458394	0.893394236335188	8
-0.021971923848774	0.583301633971154	8
-0.027146581949535	0.575890899918315	8
-0.113254411311519	0.507275133022604	64
-0.036886402953872	0.430999625101919	64
-0.108824465414268	0.512631328525092	34
0.031317524926273	0.545053542050517	34
-0.048431046218246	0.626329258158508	65
-0.055378884701707	0.662665600032948	137
0.038567685919105	0.842981401240466	137
-0.028050051805115	0.566554972336473	133
0.081671762396542	0.70998686565063	65
-0.111309077797084	0.33531021214013	133
0.052071332616775	0.614095477253796	133
-0.098393997892272	0.334516296397225	133
-0.1032218455765	0.413258529323172	1
0.020452049598453	0.604980734029809	1
-0.092307416069434	0.417976127161894	1
0.031515390415701	0.440969364372391	1
0.068870974119053	0.54493078479826	1
-0.0129991172354	0.434217630972353	1
-0.113029915317624	0.329782687736834	1
0.021969034805981	0.747671208823638	1
-0.120789457653376	0.402177704040285	1
0.032195258966272	0.610268601423203	1
-0.124348561704985	0.23327121924133	1
-0.068046055804072	0.431822957579062	1
0.053030895433394	0.624468896197928	1
0.00557930754275704	0.447700156840651	1
-0.117687131602348	0.497762421056049	1
0.04694741134912	0.609041787498897	339
-0.078887794086392	0.488227111813594	44
-0.014770289417275	0.67142039060779	339
0.0894008620497701	1.04370091983511	8
-0.113021878751366	0.851797973451743	8
-0.079854357939399	0.902920297240019	8
0.096390183766113	1.32188152822734	8
-0.063825391137353	0.787969977757945	8
0.063350394966862	1.20655147031571	8
0.0453352877047371	1.24490863550425	8
-0.040672941590984	0.764413971630102	8
-0.021575040085266	0.715637363696858	64
0.107999961817979	0.866565645875252	187
-0.025588617162473	0.836063602445684	187
-0.116322575724053	0.420275565149794	187
-0.0000226277762819804	0.66186648302066	34
0.111407721518269	1.13567287649539	87
-0.00938614677629601	0.680231746888773	34
-0.111659259727164	0.525440056714393	34
0.057155542230273	0.777978111630549	65
-0.099175141083633	0.718498451723967	137
-0.076891105420322	0.721092684774343	137
0.023816762966221	0.615800966649209	65
-0.00854427153092902	0.627773457686756	133
0.10463988679519	0.733916868654576	133
-0.011778601783957	0.669428282016381	133
-0.004586701025945	0.815154857849477	33
-0.111388026181746	0.5004664377897	33
0.077757479939583	0.923135387422093	33
0.081337286990257	0.917318343812857	1
-0.070984929498407	0.563625206609753	1
0.032431773636556	0.747869348476906	1
0.078566284757473	0.725739742616952	1
0.068238052994511	0.77859274024596	1
-0.034894206135826	0.654175634962857	1
-0.037742381629767	0.644092997760531	1
-0.01366253401625	0.588835596495383	1
-0.121174860645676	0.471000085343246	1
-0.00822463338228102	0.817143234640421	1
0.01179075230975	0.741529769521355	168
0.0109747931417939	0.503401649001822	168
-0.073663579065737	0.336486775982361	168
-0.069030108390209	0.499547754466491	1
0.023349458433393	0.754368069627952	1
0.041605510035495	0.615230229143043	1
0.00711787177974599	0.584640063918501	1
0.111858454370331	0.72440398339474	1
-0.068725618617101	0.419502383391855	1
0.121687991847249	0.562008852147823	1
-0.015596946437656	0.430680139064307	1
-0.088033080275025	0.246474305260856	79
-0.084524905845052	0.24970717819358	79
-0.107415712156489	0.696174736467456	339
-0.06012138479918	0.341765422109886	339
0.069098700134181	0.615520008133907	339
-0.030519783688351	0.572516869091835	44
0.069035948113745	0.85361042176714	44
-0.071178430837697	0.756170058371767	8
-0.042054513202336	0.891849378023512	64
0.111631591250148	1.23466560037046	34
0.091611784855307	0.79336616793082	34
0.099565109737438	1.13806818596766	65
-0.086802921543965	0.73593713659953	137
0.065871314661898	0.792690580748089	137
-0.088769015151018	0.690586197371795	137
-0.099353822075884	0.408090463133088	133
0.105640267897768	0.793059016825093	133
0.046687187708615	0.844715207084388	133
-0.072577985826312	0.641859112014012	1
-0.066165527147679	0.662576674988198	1
-0.111509632859668	0.591172059806046	1
-0.056524425709976	0.419437176633483	1
0.07703817508117	0.774451909627097	1
0.069174107887913	0.853842298549405	1
-0.094857784394323	0.481963477307748	1
-0.055421657791779	0.487013460006811	1
-0.052725815568074	0.565636536299746	16
-0.078930443326478	0.338436980014265	1
0.040261950188667	0.464576471879957	1
-0.120316837975651	0.150451869349028	79
-0.035273887308091	0.165314268540086	79
-0.031970989657394	0.261272111340478	1
-0.120369937538628	0.58477605589082	339
-0.032340450025974	1.07917259238178	339
0.030874816392254	0.986692650722577	339
-0.063946075923608	0.679430538229798	339
-0.113993570167275	0.66840040422536	44
0.063317692851116	0.943976142754119	8
-0.019200458651295	0.720181814681926	34
-0.031448795301637	0.908208065404616	34
-0.012459277299866	0.513700432747394	34
0.0769122518145809	1.10869254810625	34
-0.072531264966379	0.687437364282792	87
-0.00135421233720801	0.564956213490321	34
0.064042177072838	0.375453580500863	65
-0.011793172676084	0.513173216900526	133
-0.093092089228281	0.651717940200153	65
-0.099900699156983	0.624175534266259	1
-0.120533162509067	0.531861118961905	4
0.097108979984048	0.646035237035959	1
0.041156105193249	0.860614693912769	1
-0.098470064089475	0.341415787837419	1
0.022057088598183	0.356714428243608	1
-0.10545612067672	0.623090570480209	1
-0.069849555091212	0.643583545722521	1
0.083481914405991	0.969804622712905	1
-0.083979531823393	0.576204993986446	1
0.104454849013116	0.188901910214474	79
-0.039293982313558	0.164274646277181	1
0.0822034953334601	1.29445557554858	339
0.0185025765710209	0.856032416213241	339
0.018330013390141	0.534524568776578	8
-0.091344345864399	0.677669924414678	44
0.00729439270448296	0.824172062074594	8
-0.122268436634833	0.908861093426794	64
0.051777017905182	0.881847335533189	64
-0.00188030899531899	0.456703784828378	64
-0.080904653620325	0.345034926360899	187
0.10521339100129	0.474355625162547	187
0.00120536439597196	0.924474370770466	34
0.027703090908706	0.763566876744394	34
-0.114851097022841	0.653036430994026	34
0.051855643871948	1.10869718947699	34
-0.079057875824698	0.747019931227968	137
-0.084146734830054	0.641000343531663	137
0.059976372768677	0.365432946910201	137
-0.057085998443461	0.742189579150604	1
-0.070810238664366	0.807576028477364	1
-0.120337881742727	0.237705185500258	1
0.025145684572387	0.268024632089504	16
-0.071488662332893	0.577658530241118	16
0.037976313815031	0.262123310890038	15
0.119313698662542	0.29561321428137	79
-0.036819092554208	0.168285527716812	79
-0.085354424327426	0.338593673153096	15
-0.119233331553588	0.659431321889241	1
0.054534134513644	1.1081429276637	8
-0.104686847974644	0.486738080700683	8
-0.102696780980105	0.715304066433489	8
-0.061944651418449	1.04104703790133	8
-0.123041066637191	0.747366009232231	8
-0.04634018424829	0.494722704160156	64
-0.089249364593167	0.399793743189811	187
-0.121357949828288	0.506488458676348	34
-0.056100558252195	0.347159642326694	137
-0.054758381236786	0.482854824643535	65
0.113160157105159	1.03893418842937	65
-0.060021691347102	0.589984796518396	65
-0.105031134038187	0.495362250037604	65
0.00506237872317195	0.763435568338296	33
-0.079359009771425	0.628602661607873	33
0.104978409316009	1.10008540794003	1
0.00214886559126704	0.741158891871726	1
-0.074568472342511	0.5564631207118	1
0.092590285939809	0.841444604096562	1
-0.016223057331634	0.66865002090794	1
-0.122818450470031	0.332769634277036	1
-0.085726095082436	0.414152973616236	1
-0.016891957635353	0.430079454831892	16
-0.122827733579111	0.549056816281601	16
0.063659623502594	0.836093273606348	97
0.035073120462091	0.539012824880169	1
-0.091775207461658	1.84327499074257	339
0.072011712064474	2.3449058372979	339
-0.060490941349995	1.06083768648962	339
-0.031864927426329	0.864897193029494	339
0.0655214407620241	1.33298423092724	8
-0.036962328129284	0.892504528787653	8
-0.082400714103387	0.762305321071986	8
-0.024096191057809	0.728131665430737	8
-0.084510332935461	0.692834569177017	8
-0.123299178984427	0.407424975345447	187
-0.040242062188166	0.58306301740816	187
-0.034847069257367	0.769062599593562	34
0.053475018365569	0.746799176587577	87
0.101022750455409	0.878691855818918	87
0.014601777729126	0.655354709726903	34
0.045149161491347	0.604416750957269	34
-0.104887040589973	0.829222578606678	65
0.109902692478023	0.873933916660627	137
-0.037848765825292	0.509969361078768	389
-0.067092859680073	0.419818848957002	389
0.076699064169284	0.633184382426914	65
0.062507981620513	0.775240617675839	33
-0.070910756120049	0.558999530485736	33
-0.086415929654216	0.492145599922043	1
0.077545228762899	0.972367967113958	1
0.00793253363792401	0.606827695991684	1
-0.1148694257574	0.334438541244475	1
0.061434965095115	0.376558429756595	1
-0.022995834591377	0.339893944478176	16
0.00016553905717398	0.656821802638307	1
0.041233065802771	0.808066931080541	15
-0.115675581665929	0.336903147764476	15
0.065953904763157	0.933982032447116	1
0.039385235503727	0.530650857073571	1
-0.034600016372541	0.347751026994198	8
-0.019088663419563	0.352118646734907	8
-0.028257809581326	0.632162501962436	8
-0.101786429363561	0.572443360415098	34
-0.040928644577896	0.343704105345551	34
0.112736429088213	0.939039037095102	65
0.012685141473292	0.535407314435922	65
-0.089152788647168	0.239720983875657	65
0.026236004482199	0.269931638520672	389
0.064095426758772	0.369369660688112	33
-0.120814059418318	0.150156014765653	4
0.064973149434062	0.373783575967293	1
-0.022141548289659	0.44319531988755	33
0.059708537961562	0.37002203567558	1
0.035218258851096	0.276896267562825	1
0.0680346836346301	0.746058468032183	1
0.065554013869894	0.373626527848711	1
0.029020531513937	0.274075656383491	1
-0.052032088847997	0.474564193053406	16
0.0264476031031941	0.813755813888159	1
0.022868889698266	0.266768107027094	79
-0.060280617805602	0.422852857963767	1
0.026488793302169	0.275900591230173	1
0.050934134292988	0.351072544913965	8
0.02539265373777	0.270941942264214	8
0.124712133502799	0.578739284697657	64
0.011452062656135	0.68654708406589	34
-0.033350342768006	0.172084389046937	34
0.010500752156827	0.356020594728746	34
-0.033312781830018	0.259796568402092	34
0.1070673823464	0.190602569583027	34
0.106438580421474	0.196297204852593	33
0.107744337287113	0.193833004664726	33
0.10842208332039	0.193782715895591	4
-0.033350342768006	0.172084389046937	1
-0.036022116104189	0.167812976319387	1
0.015742905065809	0.358434060920419	1
-0.123703569234515	0.151883272653564	1
-0.023444772556081	0.508105346666892	1
0.107116254064547	0.196239636588593	1
0.014359055630351	0.246276605687071	1
-0.039444183270585	0.169536895809198	97
0.115523023688151	0.286362632725087	97
-0.039444183270585	0.169536895809198	16
-0.02313322794434	0.583831724386429	79
-0.108130119077178	0.328111588710588	15
0.119917644094954	0.727802795485932	335
0.014154359608931	1.89503254995404	8
0.057134431784379	1.49817583986983	8
0.067856978080849	0.466270509070285	8
-0.111824764354734	0.424884316499441	64
-0.010747312266421	0.588249171982552	187
0.024550352130536	0.270793502844477	34
-0.044474497543483	0.251817231921259	34
0.122290373127453	0.288368697790908	34
-0.119371610060135	0.156937862219665	34
0.069332204234536	0.977232354048646	65
-0.057453561583256	0.420073721780836	65
-0.122943906713524	0.152936152612466	65
0.101215955452706	0.190174918801077	33
0.124732591310758	0.285070614249817	33
0.00931899244598999	0.439402803696875	33
0.034376779910015	0.276735021102773	33
0.102527023383035	0.190692919783538	1
-0.038039028447138	0.169651769655581	1
-0.040145656178723	0.166564037535308	1
0.105761697872459	0.192944023586423	1
0.03449587665573	0.278453455438827	1
-0.031332942817355	0.167664711344566	1
-0.068657962642931	0.489699791547941	1
-0.047133168864616	0.346914541514324	1
0.010541216099243	0.349983233598449	1
-0.039444183270585	0.169536895809198	97
0.101170086955385	0.187591958950496	16
-0.042905632985824	0.671887908353467	1
-0.095287356406179	0.805168692984168	79
0.085926492036	1.31829122043252	1
-0.100988108255454	2.28404224286171	8
-0.064355553245738	1.89936220474628	8
0.00409242646448305	1.5144363020939	8
-0.015011078460486	0.520583133501597	8
-0.057220699470164	0.858286682790445	8
-0.121705541584285	0.238518181586199	8
0.028808327803579	0.271714179580837	8
0.122632314620918	0.300299395723471	8
0.096815422773574	0.477432702745447	187
0.121159231872676	0.392933041527872	34
0.120573214559768	0.298287983002043	34
-0.035413795324361	0.168406393852374	34
-0.104728107515497	0.339484064863103	65
-0.056089966583248	0.354390069804028	65
-0.091426630724381	0.468794735933458	65
0.122176028415297	0.30039163175096	33
-0.038131062770454	0.170448106894729	33
-0.082865923699924	0.342869907641829	33
0.123433745258194	0.300375612073727	33
0.040806544990463	0.27363410061649	4
0.122225063345064	0.291446508679379	197
-0.00705482956019299	0.701535645734898	1
-0.124404709096011	0.15266058613115	1
-0.050748377790013	0.431279259551115	16
0.108980219216704	0.846143159932045	1
-0.120555802962685	0.478742385116876	1
0.026954768188946	0.926615272370837	79
0.032081929342983	0.26968375720208	15
0.084279889730609	0.785332475645176	15
-0.092319755294712	0.71072765304408	1
0.101215955452706	0.190174918801077	1
0.094066091665194	0.562344636878579	1
0.105806550304517	0.944435065108459	8
0.062590753365502	0.923001558853072	8
-0.119023702082641	0.534862121740716	8
-0.09517881517486	1.03354201984503	8
-0.121812853404864	0.239416246848591	8
-0.124987192837285	0.153756313078902	8
-0.097597914624104	0.59199134341633	64
-0.010749985796918	0.511624589757336	187
0.02842691070946	0.273639827950373	34
0.024170734808631	0.270857436647329	34
-0.00828002252568999	0.448095298986917	65
-0.080833910167715	0.245118711832231	161
-0.012698069990018	0.35511402638108	65
0.111352003075117	0.193979577116624	33
0.120495816784858	0.376083253945293	33
-0.074945372364618	0.448841838679288	33
-0.030679343070201	0.166613920522896	33
0.060436311116382	0.633937403227345	4
0.119303235297621	0.295575655273168	197
0.026236004482199	0.269931638520672	93
0.037428302499987	0.84872788158023	1
0.118053266353675	0.288932029733815	1
-0.078521092391966	0.56664412915796	1
-0.026192214303461	0.260744143518299	1
0.093889197196411	0.629075426087053	1
-0.033772622098376	0.162122009108828	1
-0.018988286020155	0.353666053195189	16
-0.070351634920995	0.687379618089099	1
0.00212014458546494	0.433532472190994	15
0.032608131675659	1.14136515395746	1
0.113975877700968	0.291349012572157	1
0.074928599193829	0.950418016719627	8
-0.008338104037591	1.18320919650223	8
-0.003964864763571	1.11331613793655	8
-0.082401638431357	0.641609085912734	8
0.002724608245808	0.499975887863392	8
0.00837847703171801	0.45082542306442	8
-0.024359241137143	0.415255423770693	8
-0.082563466439519	0.620817225319703	8
-0.025552767672442	0.765692338957868	187
-0.024639921319437	0.432677086569087	64
0.091911061047129	0.952756080556264	64
-0.067447915094937	0.339711158152825	34
-0.094051204152407	0.41639988645768	34
-0.074757624810039	0.35161265345873	34
-0.104203964377832	0.580303941825773	65
-0.011459564655051	0.572420271500613	161
-0.034019110913735	0.261730063989823	33
0.043639752203488	0.462038694093308	33
0.00330515132377196	0.426207731244567	33
-0.014521547513834	0.43953830561772	33
0.087421749443381	0.461173926132577	188
0.029773859541826	0.272983742002905	4
0.063578789741908	0.473688420747442	93
0.055281863516323	0.517323868909464	1
0.070853087564975	0.469540840091982	1
-0.091905012114177	0.426311545856247	1
0.032529576305493	0.440312870189242	1
-0.05920168055256	0.415718230539438	1
-0.021068594296301	0.351541390026297	1
-0.050067813100378	0.420771281317048	1
0.058454705194131	0.452693650852276	16
0.089955781451321	0.708292730886904	16
0.0000855553152390165	0.811007910486812	1
-0.118361343773842	0.405481217946433	1
0.01219666870197	0.684527150638373	1
0.088224406789044	0.768759081849438	1
0.098962726993024	0.468780374498688	1
-0.062538519343572	2.25854522844422	8
-0.101873614651529	1.37252118935071	8
0.00240346812188097	1.25964075430034	8
-0.11553852648532	0.925733294981085	8
0.035339695182754	1.49496403375716	8
0.00772734566746303	1.25239925407327	8
0.058424059684866	0.37235635560313	8
0.048997306578304	0.437963813263958	8
-0.016548391799067	0.434782248695459	8
0.034755556031397	0.506048441827051	64
0.123545750462657	0.393451503485886	64
-0.083545457907526	0.573815401048553	64
0.090189292854607	1.05774584665213	187
-0.046847332518132	0.780105621650313	34
-0.077578054278614	0.424459842442424	34
-0.050279567881913	0.342052680955487	34
-0.016917265945938	0.353688464970979	34
0.094566652750866	0.924065678465167	65
0.00871882794470202	0.506350237541635	65
0.094206057400454	0.941330552109707	65
-0.121127748660486	0.401115095249895	65
0.077131105780814	0.790445941397947	65
0.087293090220995	0.858975774793438	65
0.063170625204213	0.369207531260942	161
0.022029725561949	0.261203027264767	33
0.098962280942841	0.473174469523637	33
0.014214209002777	0.36201176427427	33
0.063841565443126	0.55524394763237	4
-0.048270593932871	0.341804304508395	1
0.109350667715397	0.455304238908476	1
0.040664977223505	0.540157089621906	1
0.121419642319745	0.292418292831779	1
0.022200613635201	0.528521528159504	16
0.062578797133301	0.471684428384775	16
-0.00917159372781101	0.598206984859299	16
-0.089769911852716	0.245329067270795	1
-0.112764459344157	1.92664151607205	8
-0.081366574174477	1.94002188990832	8
-0.046085474402497	2.17187352429374	8
-0.109336582335626	0.682800245630946	8
-0.00828412439357701	1.46582526707824	8
0.098212333104467	1.39032335281537	8
0.124699603730539	0.295249099371964	8
0.093070538154514	0.71113080454318	8
-0.092243451888874	0.241490697636243	64
-0.029074780177972	0.262230329645071	64
-0.041219133392277	0.254250385542843	64
-0.12181875506231	0.665169459979779	187
0.067457966323898	0.373589340019792	34
-0.065306982370692	0.664622029071022	34
-0.028225543467559	0.260257635937755	34
-0.037428818367018	0.17119012482422	34
-0.038319907043914	0.259309591142626	34
-0.090080056375951	0.245620087031824	34
-0.038622072998561	0.255179063154716	65
0.112295518730667	0.533574989190973	65
0.00695039787364404	0.503822635528819	65
0.117647208161375	0.293106477270572	161
0.11884518880031	0.294899484701892	33
0.076483037964184	0.592985347687253	33
0.059403029108521	0.360225474347859	33
-0.038622072998561	0.255179063154716	33
0.035218258851096	0.276896267562825	33
-0.029267933087921	0.166957579216483	33
0.030757371613683	0.276371666285676	33
-0.081836493619828	0.246349012719051	33
0.11885612654098	0.658156807910342	4
0.034756237427776	0.276084000562041	1
0.000239370346128975	0.452348413243741	1
0.072631476693969	0.703725870600026	1
0.122176028415297	0.30039163175096	1
0.091913569162148	0.552195232280328	1
-0.032466374472642	0.261128133448473	1
-0.033350342768006	0.172084389046937	1
0.117585560642698	0.292281900547908	1
-0.09429404157432	0.239378552095081	16
-0.09449129859101	0.579736671550846	1
-0.070536908200005	1.869631369038	8
-0.028798545219626	2.28690731099723	8
-0.103037182088489	1.28037909047405	8
-0.114024498813596	0.840505001635904	8
-0.074425573263911	1.10274161280005	8
-0.095623642634579	1.0071920112243	8
0.021070814056398	1.10147197558848	8
-0.037724152190464	0.349077191297572	8
0.00884121205108401	0.451554342534857	8
-0.087304332157759	0.24521972985018	8
0.025604432276584	0.433401403190189	8
0.064553497035352	0.548260332473798	8
-0.058773794770915	0.321906906247292	8
0.070258776159111	0.615838054838352	64
-0.064312201760506	0.349373781438713	64
-0.041284580240858	0.568980404488025	64
0.012916774537471	0.589037958611296	187
-0.037413391332301	0.24856245958717	65
0.018332620326119	0.455654485508613	34
0.00952036416337998	0.354296002854305	65
0.025984793890114	0.269310887601475	65
-0.041659057273227	0.439849139638507	65
0.033655209049847	0.27901960161322	33
-0.089523676467281	0.247473886097942	33
0.060557203511466	0.353734685323609	33
0.058017281289493	0.363274426888565	33
0.123545750462657	0.393451503485886	135
-0.091260424007898	0.245000630884068	135
0.0513301307535881	0.544462124208109	1
0.029536845305292	0.27509173512336	1
-0.037682317961766	0.347451279919851	1
-0.096484711846956	0.336481531635152	1
0.089515142215372	0.465650486662867	16
-0.03923990430212	0.246310072207327	1
0.087203099700392	0.562057924307091	1
0.055962661942114	0.961276286956421	1
0.037175625695808	1.53454678162706	8
0.116339437136186	1.62179150730682	8
0.046639682288423	0.459646875766055	8
0.102107342373276	0.4777923240745	8
0.056325507557272	0.458292248340252	8
-0.034701554331983	0.339788228896604	8
-0.011507160722465	0.852009694131902	187
0.025405483972395	0.603466473421041	64
-0.05352825936122	0.335905037648599	64
-0.093727825621375	0.240399366672704	64
-0.102517577563491	0.322599866649306	64
0.023114299153436	0.532817430414939	64
0.089654621370061	0.92510686276002	187
-0.110176666449924	0.335878917386085	65
0.0847820313855871	0.564737613268265	65
0.105185660568722	0.455908526434948	161
0.026720084755322	0.541630095648235	33
0.072900240066899	0.708886904990871	33
0.018209464249306	0.363871885104091	68
-0.094517933856261	0.326939383838071	33
0.094712183162132	0.476952886547098	1
-0.025292538266061	0.348088182637376	93
0.092535238913246	0.473327010280365	1
-0.025343298695236	0.259311224283283	1
0.043586079356191	0.456692776308372	1
-0.116911296519232	0.146919445865934	1
0.00622819270225505	0.347500773256625	1
-0.111193380837943	0.484809354026458	16
-0.102366892382021	0.325149850665684	16
-0.072955374107358	0.347713220239903	1
0.104944794177751	1.48422613151389	8
-0.083049268305691	0.424528207519349	8
-0.053796216679193	0.904051484628695	8
0.030865406316773	0.268868639561096	8
-0.034054505994833	0.171994917424054	8
0.087783764071898	0.61526768559839	8
-0.105196742077835	0.638124413287088	187
0.014860887867274	0.357961034541391	64
-0.038672854805416	0.26119462020261	64
-0.030520741572747	0.441763338300216	34
0.078498571751315	0.631580944742153	65
-0.075653399891333	0.561747829210809	65
0.100463012479925	0.923432460276949	65
0.00842418872635797	0.453567807516294	65
-0.094329387540135	0.338866115855993	65
-0.016327250851526	0.804672499303491	65
-0.124750437025265	0.154754574779314	33
-0.119602736850389	0.235671547849082	1
0.118101677691724	0.296117440864985	1
0.116038601410626	0.287136891615574	1
0.090423336701271	0.466600353353527	16
-0.094592410800695	0.324659960880898	16
-0.088495125923602	0.49054304953982	16
0.100537162389064	0.190219356722843	1
0.109364660235101	0.192108126013548	1
-0.00456494237371002	0.596424876031093	1
-0.110480898777011	0.409523610163816	1
0.115183713365382	0.289710133679594	1
-0.096350620473142	0.978846639720891	8
0.024857508591508	1.42072274833471	8
-0.076277614551819	0.839528604019807	8
-0.101914602054371	0.558483653937111	8
-0.093485537348157	0.23830240964045	8
-0.034115857431993	0.256603992065669	8
-0.124834694588347	0.238151829890398	8
-0.084747544760318	0.247713398955293	8
0.032815581936405	0.278174146344977	8
-0.120941348994437	0.238460549730979	8
0.027331658932861	0.276756807690439	8
-0.092256784911207	0.67017387646174	8
-0.024537987270774	0.885988605578947	64
0.028046181510988	0.272513184872445	64
-0.124820844178206	0.379803249965074	64
0.097829840233517	0.481039685718863	64
-0.116780587965838	0.242656580064505	34
0.00758509261630902	0.511252214651766	65
0.111153013100566	0.281357051168524	65
-0.073418550528861	0.410478196525705	65
-0.109344575275925	0.408965338308877	65
0.018985889572671	0.600727754959458	65
0.040898293036407	0.749489661966302	65
0.068071044339505	0.672218018971246	33
0.100342626475456	0.720014831093225	33
-0.122183429804402	0.153079212813478	33
0.03449587665573	0.278453455438827	33
0.110672214313	0.196281620263059	4
0.107116254064547	0.196239636588593	188
-0.122366154291656	0.151683218635435	135
-0.124987192837285	0.153756313078902	135
0.023328152715751	0.270709126529207	93
0.096989849780404	0.783748511515145	1
-0.108203363887327	0.539900254886705	1
0.057430291235128	0.613140576873623	1
0.053341288142587	0.364796031545985	1
-0.122128873172437	0.326254968608805	1
0.030615224975941	0.541868989173755	16
-0.036819092554208	0.168285527716812	1
-0.038649723382102	0.16344901862943	1
0.038339045455739	0.764817952658336	1
-0.073878853902193	0.709012181221649	1
0.020156440791998	0.258757162427735	1
0.060863303851133	0.371696937533441	1
0.032628619273499	1.75549576061207	8
-0.027518714714701	1.36132118336805	8
0.02512500776621	1.32996604919997	8
0.02385398901838	0.538757040991187	8
0.01921621399111	0.364913136024816	8
0.1119786029518	0.193849240123689	8
-0.12446241890302	0.14914541082157	8
-0.088900514417185	0.244741562745021	8
-0.019944185267887	0.977581036925348	64
-0.120134167782187	0.157364775324881	64
-0.036819092554208	0.168285527716812	64
0.122573292696918	0.380334279844141	64
0.00777380680320605	0.813825897641892	187
-0.022381160848868	1.18155201838478	187
-0.018756324690765	1.14939522583925	187
0.0895021985342121	0.851081682598306	34
-0.03097167965854	0.501778007000626	34
0.030892077467475	0.446664818711434	65
-0.018392960223339	0.430059322630809	65
-0.098695737388693	0.337743060300392	65
-0.082258828773179	0.571749296238644	65
-0.038741974534412	0.170273180706361	65
0.08527629555854	0.800072036944441	33
0.106438580421474	0.196297204852593	33
-0.038015296934261	0.639267061595998	33
-0.124227223060424	0.15484577409301	33
0.118503501948999	0.294775054534849	33
0.119303235297621	0.295575655273168	4
-0.124227223060424	0.15484577409301	1
0.038873588958158	0.27329119988963	1
-0.029570610644384	0.260862337484025	1
-0.120134167782187	0.157364775324881	1
0.118503501948999	0.294775054534849	1
-0.039043482857666	0.254407943399901	16
0.122632314620918	0.300299395723471	1
0.116037850422978	0.29479088630368	1
0.107116254064547	0.196239636588593	1
0.04815864495588	1.08861886575569	8
0.0996752038834881	1.78446131470214	8
-0.057167127450304	0.771175431512347	8
-0.047175954347266	0.434483604533359	8
-0.041930413549184	0.255583360414817	8
0.057895698776952	0.370550473043907	8
0.027206305602986	0.272374922927763	8
0.028417517229143	0.270951313513996	8
-0.12194241862097	0.151735882621075	8
-0.073967685378493	0.41839021555047	8
0.01407189107383	0.348308501519896	8
0.124746577204311	0.383416997008961	64
-0.041957600780788	0.16591671495207	64
-0.122183429804402	0.153079212813478	64
0.0721927837068041	0.627477826035237	187
-0.00138719856014602	0.430042625620478	34
0.1070673823464	0.190602569583027	34
-0.035374466239983	0.255478937360274	65
0.095852965250026	0.470247021757557	65
0.065662908808657	0.462823737439103	65
-0.044885390946262	0.504958916534247	65
-0.08119166439126	0.574520851315735	65
-0.114758876860022	0.153081810739978	33
0.114434409857463	0.286976166354935	33
0.051045265985413	0.538863750383381	33
0.0331562556168969	0.273625473550992	33
-0.043977712789126	0.166581685500735	33
-0.036116812573292	0.169003815490307	135
-0.121422136967937	0.15232751874163	93
0.106438580421474	0.196297204852593	100
-0.037428818367018	0.17119012482422	1
-0.048638036162477	0.509863952192482	1
0.09534378110638	0.943081137825433	1
-0.124225781894903	0.152250919596889	1
-0.09047312385845	0.330416892586693	1
-0.120134167782187	0.157364775324881	1
0.113219237577543	0.280943088892883	1
0.037149562256572	0.270020727771494	1
-0.038741974534412	0.170273180706361	1
0.010753548575465	0.350662041178062	1
0.063504162628113	0.469248895656191	1
-0.057418865740287	0.862126874615781	8
-0.024809648941787	1.48736232421266	8
0.122203379368461	2.11888992153818	8
-0.107179122911425	1.35287981580907	8
0.058300267237594	0.464566156163083	8
-0.046116549571281	1.05847892146129	8
0.061868603915357	1.05094089760277	8
-0.035939083009645	0.78451393393538	8
-0.037884431731164	0.166828090036377	8
0.056514934439456	0.373311971442493	8
0.122226992747051	1.40725355011489	187
-0.038451124609785	0.737118235311105	187
-0.076005501676185	0.643892622937853	187
0.123545750462657	0.393451503485886	64
0.0648544792707551	0.3731684546487	64
-0.076003857538513	0.247694817608251	64
-0.123729869286887	0.23204363509305	187
0.011431194199037	0.456155325154735	65
-0.113801753407553	0.505123704750289	65
0.114229940886066	0.19011185640502	65
-0.035205540570008	0.161769666643901	33
-0.032037882132122	0.169898954015918	33
-0.038832571387095	0.1674472053289	33
0.027710626844595	0.275968605258116	4
0.1070673823464	0.190602569583027	135
-0.118089546733842	0.15499226890645	4
0.111452805664241	0.284486437972873	100
-0.092314962196496	0.235007781949148	1
0.124661380483826	0.386124031694849	1
0.00589889184950398	0.349201003913326	16
0.059922609413234	1.65431485698263	8
-0.013453180436505	1.58450221508237	8
-0.095162761159057	0.238321155236929	8
0.062424611337525	0.83694052600692	187
0.068827939846865	0.994199026489456	187
0.063729913527368	0.538449746304283	187
-0.119602736850389	0.235671547849082	64
-0.085613086561665	0.247008001609954	64
-0.112367696761948	0.422439922100652	187
0.123066117757263	0.566460596037568	187
0.027129613434949	0.439570578940702	34
-0.014007031209449	0.436520350650266	65
0.019621375144169	0.541827943255063	65
0.0152744942238841	0.609140285940266	65
0.03913908864631	0.463300886958984	65
-0.095828965510114	0.237458879676676	33
-0.074088338519161	0.469350688373834	33
-0.033445542005497	0.167283528283612	33
-0.031618999184989	0.261306333850981	33
0.11523603737698	0.287749331692095	33
-0.038832571387095	0.1674472053289	4
0.031596235338096	0.278834836530003	4
-0.071536013634821	0.411455163286906	1
0.024885834808045	0.268395882898327	4
0.122194385843521	0.376049099151158	1
-0.114790768637111	0.336914574705568	1
0.11729791636999	0.296030921652972	1
0.10999322023039	0.193796021071014	1
-0.118851795506809	0.155393760337778	1
-0.00561362789500902	1.38181605173531	8
0.112822699615446	1.80396736339219	8
0.006555965207241	1.84946053115213	8
0.070266458387523	1.41553316807635	8
-0.037235003987073	1.42423726407943	8
0.00889639200738301	1.01032257581838	8
0.014214209002777	0.36201176427427	8
0.123433745258194	0.300375612073727	8
-0.122093748518505	0.149388128705873	8
-0.039943293896293	0.252215208781937	8
-0.055638799304372	0.328934673347545	187
-0.092721813862161	0.417723619243269	187
0.084239331002785	1.19103156722016	187
0.11237266683121	0.288128614482839	64
-0.052908749921116	0.349573373897776	64
0.089814877890851	0.632107793664679	187
-0.033444110383683	0.435744310208267	34
-0.039591841229916	0.251552165520816	33
0.014008229061147	0.455937741366707	65
-0.036709576361081	0.58406837389051	65
0.010482762404155	0.771421721850325	65
-0.037560635756771	0.702510030672416	65
0.072631476693969	0.703725870600026	65
-0.035413795324361	0.168406393852374	65
-0.122366154291656	0.151683218635435	65
0.123249461861586	0.559741676702486	33
0.029417836273288	0.687826158567532	33
-0.045793535405189	0.22370595357516	33
-0.028071364553771	0.432660586840836	33
-0.116812457555918	0.236607842165257	33
-0.12398852732036	0.1539615669921	33
-0.121417528033644	0.157137582371217	33
-0.112751088187131	0.242667166296674	33
-0.117322714538602	0.154681347475564	4
0.10842208332039	0.193782715895591	4
0.055586415658848	0.371741894092947	93
0.021983942229312	0.677884208926093	1
-0.105387085015247	0.335978106761275	4
0.119773203928554	0.292672745781488	1
-0.050025931795181	0.231681066719918	1
0.0430258626214149	0.542789780086469	1
-0.036022116104189	0.167812976319387	1
0.025347505630632	0.848456533584104	1
-0.092578199045815	1.52931808950725	8
0.03504680022056	1.79973937595954	8
-0.110576965403764	0.489884075659405	8
-0.016884816429569	0.35266882489345	8
0.017203441993568	0.36118374659403	8
0.08827761215355	0.451104304947978	64
0.038498009758379	0.275957693700396	64
0.116652478828222	0.931121670046347	64
0.059527860781281	0.372841719534314	34
-0.124954490639469	0.239232982594102	34
-0.031311100005463	0.586173850058144	65
0.029703075398487	0.766114473709706	65
-0.114366094957451	0.50886225924177	65
0.00752890937330497	0.529413419511754	65
-0.026590806814778	0.162086061063153	65
-0.120654660749162	0.156709729794293	33
0.024170734808631	0.270857436647329	33
-0.030416762806926	0.258532594539425	33
-0.123466438459383	0.154986833026645	33
0.057250378945281	0.462972544887383	33
0.121169901850347	0.381925742163621	33
-0.121929786089179	0.241155424977442	4
-0.014654711570766	0.351575651616127	4
0.095906502368721	0.562624875559031	4
-0.036819092554208	0.168285527716812	4
-0.037775080224289	0.255837300913433	1
-0.032742081351883	0.16980666750579	1
0.0399654062150659	0.272431897093122	1
-0.071165612189746	0.484943921756172	16
0.066570671167979	0.691105859615917	16
-0.026336994290226	0.44547594155181	1
0.042013357265914	1.01141097695024	1
-0.086900746164408	0.422399757834313	1
0.124236108932451	0.298532822986633	1
-0.085315677403772	2.35213539232431	8
-0.079558419831783	1.63988174061146	8
-0.076142778904319	1.58594039971355	8
-0.094369996873044	1.01095758639039	8
0.062956312577678	0.364708449285156	8
-0.078137375256267	0.753883709890924	187
0.0648544792707551	0.3731684546487	64
0.093431248627579	0.806012520226714	64
0.047918424509893	0.759773336968167	187
-0.070395379011954	0.328279409597809	65
-0.096669092638913	0.333422878199007	65
-0.123466438459383	0.154986833026645	217
0.034873377810684	0.274648622997512	4
0.019454357273887	0.259834514183543	4
0.111352003075117	0.193979577116624	4
-0.037884326492332	0.251990132096546	93
0.096212018212341	0.650869224657585	4
0.054176113197026	0.746843373448048	4
-0.035220499232564	0.259764385121148	1
0.010664214415962	0.520201087231972	1
-0.091812276496956	0.484345887120033	1
-0.119370230125287	0.153052552242055	1
0.11729791636999	0.296030921652972	1
-0.106560909176019	0.325481188242084	1
-0.124227223060424	0.15484577409301	1
-0.124732309483148	0.575851524209589	1
-0.110085938993389	0.57711412065566	1
-0.059351040825972	2.29210204535822	8
-0.114474659244799	1.16273632244917	8
-0.025105436217604	0.33781263082972	8
-0.121549934370495	0.470790776098182	187
0.028090295088005	0.269802334368126	64
0.074574938582479	0.547447514850827	187
-0.112920395537633	0.558032572891987	187
-0.112387452252178	0.33164086560354	33
-0.023721723618851	0.409431809053424	33
-0.124143280766759	0.234805411441891	34
-0.122801107840427	0.235250525623703	34
-0.033891637245336	0.497208278028833	33
-0.054388924890285	0.492490152355891	65
0.019832186113999	0.358530933415573	33
0.026109200461071	0.274354435917546	33
0.037316417544607	0.465154752949215	4
0.032548054975799	0.275433654915929	4
-0.081836493619828	0.246349012719051	1
0.043909043647557	0.80713890773314	1
0.027331658932861	0.276756807690439	1
-0.086068186227827	0.242736025666801	16
-0.073790774007086	0.479899410333955	16
0.119313698662542	0.29561321428137	1
-0.04641505326075	0.734426526702948	1
-0.099788968508104	2.16704920673297	8
-0.079139663464842	1.8155134141752	8
-0.107695968737372	1.4074882956755	8
-0.120808491150376	0.241294733735502	8
-0.123590747602103	0.230899959157371	8
-0.123937048534927	0.234460173907549	33
-0.036692737347023	0.351096450934519	33
0.087229953459664	0.450718530438669	33
0.100977368417935	0.637416024379212	65
-0.068489678391191	0.773577400171153	65
-0.065232459386623	0.564892109704754	33
0.088365870047308	0.468325241614799	33
-0.120654660749162	0.156709729794293	4
0.094811362483477	0.470119669812932	4
-0.020046621692627	0.353922035671601	93
0.076913814075198	0.564775855608043	16
0.045651312359416	0.844837034830046	16
0.106438580421474	0.196297204852593	1
-0.093038116162952	0.239768691731271	139
-0.108169856441241	0.38685846543132	139
0.00606389054546397	2.17350657372571	8
-0.010565788952215	1.76635173757914	8
-0.04824656658197	0.345240186367618	8
0.031704187304916	0.27526232253872	8
-0.080301443480824	0.24821269871746	8
-0.044592586590871	0.164546283025551	8
0.02539265373777	0.270941942264214	187
0.027440463308713	0.264413049838799	187
-0.085721150234141	0.693905366612267	187
-0.036571624533841	0.832975423646714	187
0.032548054975799	0.275433654915929	33
0.033655209049847	0.27901960161322	33
-0.029974008775222	0.168469015363213	33
-0.00111050292046799	0.59735526518712	65
0.039672400136049	0.456479886827956	65
0.00901390488859499	0.358219242524536	65
0.067089913112705	0.826686363317166	65
-0.075776281311869	0.350050514608446	65
-0.043363329255342	0.162402219623038	65
-0.119371610060135	0.156937862219665	33
-0.061498030112862	0.676764300755214	33
-0.123464237785138	0.154878487765711	33
-0.045340859001764	0.487446069976255	33
-0.039444183270585	0.169536895809198	33
-0.033959086911448	0.16885969895834	33
-0.038490815029937	0.165982955502898	4
-0.023322433357153	0.345576238711581	4
-0.094318636446108	0.23319696387351	93
-0.042984709221474	0.158590986998279	1
-0.050964033310879	0.428969598710769	4
0.050886542479932	0.358541963697773	16
-0.041253626886762	0.16534208104903	16
0.110672214313	0.196281620263059	16
-0.058979573762497	0.347537392583478	139
-0.076201166745845	0.578106447253516	1
-0.039249413428614	0.441036622113125	1
0.028613877495017	0.533280611158519	33
0.04628254048272	0.543362735191188	187
-0.093727825621375	0.240399366672704	65
-0.017822331745727	0.35088383101195	65
-0.115066627951899	0.333550604146972	33
-0.124728853418995	0.232210589735149	4
-0.086792160939782	0.245733968758565	4
0.028037906618592	0.267026806249645	4
-0.09311274945476	0.241249227090493	4
-0.113867604600515	0.242528131700311	93
0.091514882950544	0.473686595161348	1
0.002164242879936	0.753868835925824	8
-0.085180854013092	0.406165117214845	33
-0.11828194086639	0.40406191351009	33
0.064010792613507	0.552298366084641	33
0.071232501631712	0.558151951412173	33
0.083322132147318	0.794500202064074	33
0.031384081804406	0.451582214359913	65
0.00335695117231405	0.56895006724044	33
-0.052345585163747	0.328550087350781	4
-0.040297979282472	0.439684840526874	51
0.00859531757335896	0.513178576635672	16
0.03636126176141	0.455409876003149	139
0.0476167972778741	0.682300737444061	139
0.062821493759427	0.530739524066062	139
-0.101419542542449	0.792784167247573	187
-0.029944932258667	0.564842689291228	187
-0.045210169470814	0.670765544604191	33
0.063192116171841	0.741764030127511	33
0.041536090625938	0.668979885185178	33
-0.00243027603137702	0.503946505901604	33
-0.00143312117564198	0.604246226051081	65
0.050365173505337	0.659097510959328	33
0.048412304717167	0.598963846107015	33
-0.069484992350974	0.819923004895653	65
-0.078619973456428	0.422125281975272	33
-0.09524813042249	0.406045083724543	33
-0.07203913900194	0.487190322425757	33
0.040172876602559	0.537249602582705	33
-0.06024899221616	0.420396661825707	4
0.061557360974818	0.533418011524163	93
-0.053431300605264	0.426688108198473	51
-0.079184285645234	0.347497426766873	1
-0.069533770338245	0.335751510016685	139
-0.123313459703172	0.333380247530962	1
-0.113365050621235	0.539495042358528	8
-0.081987350767325	0.48166727548963	8
0.042084536031706	0.678148777280351	8
0.113281356504909	0.793762996355485	8
-0.096826767192862	0.406148781664056	187
-0.053893694285916	0.573643459891123	187
0.094631900983908	1.26119263447707	187
-0.094581238337243	0.569922654277791	33
-0.073727968588262	0.479898172087137	33
-0.113467591462274	0.329411218956603	33
0.122196887094071	0.796742299343911	65
0.012859845655412	0.457341326539083	33
-0.00630492762770701	0.581069997740706	33
0.093713426665591	0.798891643834672	33
-0.066268315944065	0.418766028789062	33
-0.081116910906497	0.346632698046749	33
-0.049256125117171	0.345736360570887	4
0.116047092220035	0.574128947455279	4
0.065570566482292	0.460462986850523	4
0.060282082000434	0.375940789295255	1
-0.084969526609334	0.747035188696889	1
-0.000319612518722978	0.589958908493349	139
-0.080954606087348	0.429109333162894	1
-0.094657132695411	0.775212539308263	8
-0.109537437892859	0.561882316107481	8
-0.05915047745211	0.556808662723159	8
-0.100428489436191	0.480952604985118	8
0.074901813789316	0.769255998353805	187
0.111017274784575	0.93788989812407	187
-0.081344639044275	0.418458704345018	33
-0.122038439263843	0.337678593809573	33
0.123720174157167	1.41891151275155	65
-0.090084671810099	0.391223663956258	33
0.020383918349415	0.605371598908045	33
0.030123048248478	0.443210852043402	33
0.048597047764505	1.01700382203953	33
0.124298150847821	0.701239685286583	4
-0.048212603994756	0.343282367235604	4
-0.023791090012862	0.421065987795751	4
-0.084886572967961	0.413855603341217	51
0.057349813941639	0.460949127984028	51
-0.03213041288879	0.42791783102548	51
-0.046786749879749	0.512440041048618	94
-0.084132046882649	0.342409139106256	16
0.108484220411951	0.798284122789462	1
-0.02564901348331	0.511577547363319	8
0.052141692594915	0.670818739517794	8
-0.00282441526753302	0.599125001811196	8
-0.053159441993303	0.723372391051301	33
-0.095331750614967	0.687707308495113	33
0.092144623959545	0.622204769331964	33
0.066680154606516	0.471891722955923	33
-0.087687182853231	0.458886723694135	33
-0.03752558826235	0.673164639920814	33
-0.040448100548027	0.539344354232908	33
0.10831783917372	0.481276558335776	33
-0.094307222591577	0.345470828038308	33
0.101878529324905	0.573627529558481	33
0.088805447649979	0.708627738218641	33
0.00670137019563	0.340629848269756	33
0.111862840250434	0.579678242418811	4
-0.015729139380457	0.612024190783248	4
-0.110454522143164	0.577280348575871	4
-0.123989976134111	0.476921853025615	4
0.020964687554331	0.747226486304157	4
0.00884121205108401	0.451554342534857	51
0.091607470719458	0.466858357551234	51
-0.085249512470924	0.493311501067835	1
0.078427031602656	0.71613257957498	1
-0.093281592819016	0.415973765800036	1
-0.00869459769484998	0.562361604550607	16
-0.038832571387095	0.1674472053289	1
-0.021109695856558	0.4991999089462	1
-0.107506231514436	1.66278668778038	8
-0.098567141589498	0.568306952864005	8
-0.038381436181812	0.568003865882972	8
0.0907261393327819	0.858403333106796	8
0.00896528311848799	0.678831940988034	8
0.069004061461529	0.625657979493774	8
-0.091340289496186	0.497209555861744	187
-0.022707850191961	0.513679115808269	187
0.00313127564856497	0.56037073419968	33
0.089513788684004	0.836139102007138	33
0.027022600827551	0.88215292222955	33
0.0425141115291881	0.690085062099693	33
-0.099296371944501	0.340282159328332	33
-0.034231444125156	0.434002231717061	33
0.031776358692179	0.453250080492865	33
-0.040743440136646	0.423522850901691	33
-0.116658314312146	0.601230438559066	33
-0.00580703231345398	0.517270591951039	33
-0.094068683070255	0.342481806805831	33
-0.11993449343067	0.338788514304234	33
-0.104365066659633	0.401550661363156	33
0.01493121486348	0.594118030521995	33
-0.037301515031931	0.516404125375038	33
-0.026351052560662	0.489840968510698	4
-0.122227054704362	0.340698854849053	4
-0.037850469854603	0.423896094897316	51
-0.014794121722082	0.440566183862561	51
-0.00339119024860801	0.449431334000776	86
-0.078016624200732	0.346994683536054	1
-0.062011499804053	0.336282687946409	1
0.033253754912852	0.450026919805558	16
0.08320451867407	0.546916133648703	16
-0.118949958704773	0.40946883843642	16
-0.015745894375859	0.440077322149751	16
0.020931518833472	0.357746244028797	16
-0.034935986463051	0.261830310287342	1
0.109272077650908	0.801306007017872	139
0.097342654331358	0.638273073346746	1
0.09548598455914	0.565002446759338	139
0.072896199353066	1.76435134024302	8
-0.073515458724063	0.805476239688497	8
-0.034081230885269	0.600343180661777	187
0.0452636058709171	0.898769247656755	33
-0.021628413599321	0.792478036102007	33
-0.040170592102602	0.741366083043752	33
-0.036465824231974	0.69652946674687	33
0.04034458338124	0.775684567935971	33
-0.046781475459543	0.588056440032823	33
-0.057491303563126	0.410467231278118	33
0.0640164191361951	0.822878463318278	33
-0.080286242998282	0.709575561131739	33
0.108148046609842	1.0716640312518	33
-0.032656638332125	0.584304598562641	33
-0.089828202076552	0.429300740191154	33
0.00816672662842399	0.8096399465653	33
-0.022835848109216	0.631494647266481	33
-0.043097062836369	0.603947034938477	33
-0.00871770294894703	0.664856082777863	33
0.0937408214393301	0.878462598724791	4
0.0326757970988401	0.771182170581363	4
0.107573284284786	0.695205090151371	4
0.000377437018551974	0.596860393850378	51
-0.020920733166513	0.558785548993657	51
-0.081334764221574	0.551124679184257	1
-0.117932491939918	0.403077498348148	16
-0.024607206602561	0.633557923704252	1
-0.097832317418843	0.582831052480726	1
0.10093414524169	0.692549340627713	139
0.056682892672733	0.571615604805964	8
-0.00440187940828801	0.600035039753837	8
0.02526327619733	0.828978516148073	8
-0.037825556737712	0.939280630195657	33
-0.017819341921258	0.350300177958208	33
-0.055163828481793	0.351396031298488	33
0.011324907225661	0.355300745065401	33
-0.00873684479009101	0.515973249774143	33
-0.123313459703172	0.333380247530962	33
0.093554009860459	0.466360991449664	33
-0.069235482682669	0.333272480264826	33
0.035689372867832	0.271637533385676	33
-0.105957127278871	0.341428254553797	4
-0.039832999453733	0.574377027857003	1
0.068726698172241	0.369392397465628	94
0.0278337309523879	0.738972260943473	1
-0.097426295213734	0.654630483558589	1
-0.107780351763914	0.512774732936099	1
0.116444665584441	0.29229134127608	139
0.026445756325956	0.739552091012312	139
0.094815722567698	0.793631819193344	8
-0.07232837473502	0.415591627832518	8
-0.00939379895848402	0.523090248397469	8
0.030985919654876	0.456108088922434	8
-0.060988629930542	0.344982609004379	8
-0.065659878956805	0.427062335925694	8
0.048983002512456	0.548856596631908	8
-0.089440749413787	0.32513322551573	8
-0.123729869286887	0.23204363509305	8
-0.12007856812599	0.916562251968177	33
0.031952052967454	0.454133489034508	33
-0.071619532982953	0.340082208133927	33
0.11523603737698	0.287749331692095	33
-0.073414099983323	0.322965535426414	33
-0.010620829774592	0.351986785729304	33
-0.091932285235239	0.241864995797787	33
0.024298193631475	0.265007288929791	33
0.0127038428620671	1.17903939790699	33
-0.027854408390034	0.842602001752002	33
0.061699336382153	0.537123872456296	33
0.027710626844595	0.275968605258116	33
-0.124452217284469	0.230484780351126	33
0.0529700669565371	0.362525048226031	59
-0.073771085973737	0.345484228176289	33
0.031596235338096	0.278834836530003	33
0.068160970663005	0.370488541036143	4
0.013111452334481	0.362162866654609	4
0.011528126367968	0.344404876456697	4
0.0646168854668	0.47132026074235	51
0.035666109149726	0.680720504835989	1
0.09984224610893	1.30927575035645	1
-0.095162761159057	0.238321155236929	1
-0.124750437025265	0.154754574779314	1
-0.11578599333849	0.330944531654189	1
-0.099071021044269	0.495839078734918	1
-0.057205942610482	0.424734577607375	138
-0.036574328765851	0.256419552017439	139
-0.020734527638781	0.742309721943103	8
-0.067986517731002	0.50149252634998	8
0.122979306315088	1.29513140678179	8
-0.083214101937005	0.57977002662991	8
0.105038194708871	0.711338539478144	187
-0.119318799385834	0.329882741939795	33
-0.097015075547429	0.343383508864952	33
0.011337552206205	0.729735936532482	33
0.063326311128309	0.858864868832572	33
-0.00911503192093399	0.822387068158382	33
-0.040034003447007	0.513166242992101	33
0.101131301023844	0.553093265412233	33
-0.054419667444294	0.424207317599292	33
-0.03461138230495	0.495109460655708	33
0.096978623764313	0.796063746620255	33
0.068809735165953	0.546116687736144	33
0.115019578841945	0.642273934345252	33
-0.066175464050528	0.423739428446013	4
0.074035487365527	0.562506546023169	4
0.020428798698089	0.529799323928517	51
0.031841340791476	0.536694681587686	51
-0.089019043333987	0.349689898502792	51
0.09294021818206	0.552755103747534	16
0.031515390415701	0.440969364372391	16
0.028305234761397	0.834729259597969	16
0.094781959488917	0.458209883337714	1
-0.119803396558047	0.242146366500946	1
-0.087714500356496	0.644714712180789	1
-0.066040338989063	0.656791326323224	139
0.111928390934169	0.850999059839191	139
0.060510364374978	0.466641338031382	139
-0.028771830260399	0.434489870532912	139
0.097787496254673	0.606291834152896	139
-0.049519085848498	0.489842924966401	8
-0.098063119803643	0.413709425698305	8
0.102881499585079	0.573967700961292	8
0.096458322409218	0.568090931522903	8
0.0883806271359731	0.466300925613311	33
-0.019888520342105	0.349137522307671	33
0.027704645412062	0.598862888918055	33
-0.085297345947097	0.342759353483038	33
0.049833824856471	0.547408770873949	33
-0.050308343012338	0.576730227731114	33
-0.044895508364249	0.435595203186361	33
-0.106510211640066	0.480294216344067	33
-0.071833892858472	0.4616653246767	33
0.024170734808631	0.270857436647329	33
0.0594246705114631	0.459321249348887	33
0.03435490438342	0.455026665642236	33
0.03649861336545	0.4448838271343	33
0.02171206905337	0.534569231594209	59
-0.064381247099335	0.345035082963311	33
0.0719940961817061	0.561208550424534	33
-0.082326518040186	0.344286500250568	33
0.0678034817076511	0.46556317448442	4
-0.09236849919581	0.342501332309911	4
0.013965323282581	0.354315860951252	51
-0.021999195795924	0.346114924520519	51
-0.032466374472642	0.261128133448473	51
-0.00733334156892301	0.451011431991031	51
-0.038319907043914	0.259309591142626	51
0.030105337186734	0.273015603366497	1
0.029536845305292	0.27509173512336	1
-0.076532594407665	0.344312807069168	16
0.062715471988682	0.370641505977095	1
-0.111158219295048	0.341258948971095	139
0.0745131742396939	0.637546225212622	139
-0.080927820392164	1.18989665074386	8
0.105784388456409	1.84199957975182	8
0.01483971323427	1.11926233715033	8
0.116353300568373	1.2959855983254	8
-0.026299950181994	0.920889165535738	8
0.00476115463714499	0.936525765734996	8
0.030133809695492	1.13349491471379	8
-0.056853700782474	0.579337293420106	187
-0.084560434048173	0.498668107331008	187
0.079476574685418	1.00659061436338	33
-0.079931126274584	0.702510361804843	33
-0.106173031305509	0.589401064229338	33
-0.115909743671528	0.63667706610782	33
-0.087781698570014	0.60771719055184	33
0.00825430101642999	0.684214855086934	33
-0.12156105081819	0.421896838080646	33
0.0731724980085961	0.695769449921599	33
0.11840988104202	0.875262316670602	33
-0.110148359776736	0.416402250287242	33
0.093466526850978	1.07926493384165	33
0.00305749732064997	0.640838957819013	33
0.09338683714526	0.720415694454737	33
0.02748059435088	0.59504588644195	4
0.066696235709312	0.754534598355152	4
0.103404646981994	0.753531924937262	4
0.03495214597926	0.61281466613716	51
-0.115262939866949	0.416260140012558	51
-0.106336445765915	0.41492979477286	51
-0.077897391812668	0.417868259561682	1
-0.088759287831741	0.420496645904244	1
0.113658469027713	0.724637158425178	1
0.123044856843423	0.731464570354974	16
-0.097714313335472	0.339683767917073	16
0.095852215486869	0.630540754874578	16
0.047251597490416	0.693385218784056	1
0.013223443135557	0.447119228572052	139
-0.108642391932213	0.634777192384754	139
-0.00585218090907602	0.809053275210821	139
-0.048949227560003	2.30494261679006	8
-0.062006524769978	2.12591654055321	8
-0.12361318559462	0.712790954959892	8
0.068144652411362	0.99080755487081	8
0.06896995033765	1.05853402261797	8
0.114129488039365	1.10983379787377	8
0.05707520788568	1.03481750666393	8
-0.022631873269171	1.09897019392242	8
-0.072342246031038	0.833181677243788	8
-0.046487595365291	0.436629718995386	8
0.069076424690916	0.622052502256941	8
-0.066355765500025	0.526580526159517	33
0.020597858370575	0.694684414977938	33
-0.06180768010312	0.408000988212516	33
-0.117950972836136	0.487284128391001	33
-0.040701203566798	0.828685231384838	33
-0.111209688802102	0.512619874188855	33
0.097113944747525	0.872330026189303	33
0.042525445111098	0.610883114592881	33
-0.021648065453312	0.845960129979673	33
0.038039949550134	0.953406295624536	33
0.048441672323317	0.609756697839101	33
-0.054400215984892	0.500029347111232	4
-0.017837143418379	0.659083421180102	51
-0.075118486258865	0.563923066684362	51
-0.105530340099706	0.624611278300079	51
-0.06816879742297	0.43348985487693	1
-0.05502564441036	0.43042591133286	1
-0.121026159421461	0.514073320331981	16
-0.011457816128511	0.50881905024512	16
-0.040853065365639	0.349593837873153	1
-0.083587420990066	0.403714922740824	1
-0.082737769921488	0.66760823841579	1
-0.083719677193577	0.829902304436497	139
0.077608657780936	0.530394722312676	138
-0.079163543116467	0.828633767762744	139
-0.009077932256772	0.593352425110899	8
-0.106286064646948	0.661855149230884	8
-0.043891944717728	0.635779782168909	8
0.07440807803533	0.55254872401362	8
-0.07232294395917	0.414199595905707	8
-0.046453941548426	0.430152563371597	8
0.079694558229328	0.558876346648292	187
0.074527275727851	0.967547604542068	187
-0.11904244006881	0.841298631136706	187
-0.106423575275251	0.423029443894441	33
-0.097757129284743	0.491017255709493	33
0.09793096311724	0.647454677975846	33
-0.085030029273205	0.339533434340656	33
-0.043738459790424	0.630892521576471	33
0.089330351129827	1.01487687026629	33
-0.042467313189226	0.714256902203527	33
-0.110563329868584	0.467056905429902	33
-0.117876843036254	0.326232862222838	33
-0.016882992494728	0.356446674741961	33
0.028931914242518	0.684518398245504	59
-0.098534993877058	0.340685341636071	33
-0.073341941851411	0.343229792631016	33
-0.00839770211995	0.354748344205617	4
-0.081637282057136	0.845002343336417	51
0.094681628520271	0.476900324134584	51
0.00984266529248801	0.762947904965298	1
0.099357426469261	0.804561110086456	1
0.069311998960414	0.372126915949668	1
-0.011661097146733	0.358192879863175	1
0.115338401408996	0.806381958760838	16
0.09630262092863	0.790284635029277	16
-0.120337881742727	0.237705185500258	1
-0.014656080131864	0.350138842093991	1
0.037982078163238	1.13582657883363	139
0.00338328943341704	1.06556384961588	138
-0.123167502897666	0.238332414696842	138
0.00303986703080705	0.434258063771086	138
-0.063140426158396	0.7594584777777	8
-0.082286051764287	0.488399613060371	8
-0.064400869943631	0.677236269660375	187
-0.107548921484911	0.61773892357358	33
0.00379296012351205	0.811866431204229	33
-0.058804008769769	0.517322925263895	33
-0.058288984177982	0.493625910424783	33
-0.11219942642887	0.39614778375454	33
-0.024880427711651	0.607260984308071	33
0.087343303287036	0.872678532136865	33
0.117633217975142	0.726839622715099	33
-0.065566835804896	0.807449577611076	65
-0.049944831009166	0.658331961586161	33
-0.11106037955948	0.421797594501794	33
-0.03777913335415	0.590672321614152	33
0.063411137902924	0.682151818820931	33
0.106914472447419	0.799418676586024	33
-0.01618826818221	0.488960522109244	33
0.063613101679992	0.768696902724329	33
-0.097717761141771	0.718286151499991	33
0.029485066724842	0.543355128122148	33
0.105118528739853	0.57858371432713	33
0.017783005004597	0.600615442835309	59
0.0637934612557191	0.614885038593605	59
-0.063000896144396	0.497733103447032	33
0.017697485266896	0.60217128416324	33
0.030412722380173	0.526018540498338	33
-0.118977840056036	0.326305368572351	33
-0.05282634394689	0.761879946711829	4
-0.031405742448445	0.50774961550311	4
-0.113596384192757	0.400924464087365	62
-0.076901829795055	0.681106910342728	51
0.00192357925729802	0.595764494761041	51
-0.022244031297327	0.497555602785786	51
0.118829591045569	0.654113402045536	1
0.072014156894233	0.478487673873201	1
-0.032433917198488	0.503249396947011	1
-0.107637454050815	0.626189105576178	1
-0.00509012363236	0.520519110512072	138
0.081566102493643	0.647857000756892	138
-0.089578988899276	1.91663266048772	8
0.037526251794138	1.8158300754205	8
-0.038966533310836	1.20466515670174	8
-0.102209803997724	0.871606293741893	8
-0.004995287898587	1.06402708929406	8
0.10729693822215	1.14795906080174	8
0.033950873988013	1.11372077501435	8
0.039591383634335	0.829684282586814	8
-0.036677729202596	0.580064283790234	8
-0.044302959513726	0.580874224639341	8
-0.064351646389279	0.347155360461675	33
-0.030715750845295	0.693686908775969	33
0.040588185810523	0.836644817993075	33
0.019389327661322	0.773288542489219	33
0.099989215841914	0.761261463691864	33
0.00883079658226404	0.610374556718157	26
-0.094485709791652	0.513919166026553	33
0.00999569843435999	0.655457290024351	33
-0.113209703240387	0.411701259486888	33
-0.030354957903992	0.570302818004351	33
-0.024093904913576	0.714429267806087	33
-0.12233840124735	0.4851025800454	33
0.082852128740476	0.798141016592686	33
-0.045965119043195	0.571694651572519	33
-0.05158866410719	0.596078718386336	4
0.098626057727763	1.09453632551348	62
0.069947858799822	0.916415369466323	62
-0.032855668772801	0.643387802468896	62
-0.019025143287845	0.735289455983325	62
0.0514365752441051	0.611871879906546	4
0.052290219819319	0.701146718747973	51
0.010124086636605	0.581800649495146	51
-0.077461636771772	0.426598662840761	1
0.038889602508434	0.59211136928682	1
0.089419007364845	0.717825845210278	1
-0.014622611968077	1.76953708740265	8
-0.047553790994537	1.12995519472834	8
0.076073443609373	1.61761116975987	8
-0.052714361534178	0.898141149175287	8
-0.00715291013495401	1.02561755949463	8
0.051836454111313	0.852318194763334	8
-0.072578863633156	0.902456204638145	8
0.082598006399416	1.02440826306629	187
-0.116746255294999	0.627176196296186	26
-0.042213126006713	0.594358674416885	33
-0.122097807820913	0.41010021877524	33
-0.093373126442954	0.482007579833626	33
-0.048343274942139	0.512020295473835	33
-0.102730804218209	0.498062822736786	33
-0.098766642047074	0.484496881602603	33
0.099344807186965	0.780153671347609	59
-0.053455361889367	0.504548825204553	33
-0.00324547297261002	0.602402583458145	33
0.044460758366187	0.907264487103143	4
0.07029290306119	0.553539240834561	4
-0.010316745090765	0.902582305382998	4
0.107857285095212	0.631102112417258	51
0.0550747300255971	0.854368231268289	16
0.084671302895563	1.10348497557273	16
-0.019222494142623	0.446741302679499	1
-0.049281886765124	0.345275722443063	1
0.075465386115223	0.776113876032361	1
-0.071978915849821	0.647813164496826	1
0.00384782605394496	0.901342345246019	139
-0.020591957095716	0.68373803952476	139
-0.115329869305302	0.545669152872472	139
-0.094513961257057	0.557910042745915	139
-0.020946980315613	0.347542723106933	139
0.104260566853032	0.879103220746566	138
-0.031114236637582	0.491204569662754	138
-0.045829331271998	1.30539466960533	8
-0.086196717249679	0.859226949396148	8
0.016230325551311	0.605465981407637	8
-0.00206573558808498	1.10505436398909	33
-0.102980578065563	0.383005332129491	33
-0.037903288260308	0.484931695946179	33
-0.072261748471017	0.428286547474247	33
0.06640271598258	0.717368643233621	33
-0.092057558893745	0.338454654871593	33
-0.106385079772198	0.504261411868625	33
0.082366306029949	0.562807416598034	81
-0.000391824486768999	0.508917890968857	33
0.040114634454851	0.541109455601173	33
-0.121483803991148	0.328943478815044	33
-0.00778052401593599	0.502236332350771	4
0.0364567941996951	0.461199140398011	4
-0.077341576721341	0.342023393908715	4
0.010655703141742	0.432584654886672	4
0.057535512330758	0.553909247812678	62
0.070973412931446	0.767486497437377	62
0.106864435058658	0.964793544174928	4
0.118758950499186	0.726594142286968	51
0.050061962819689	0.536774219452986	16
-0.114209753065367	0.337722887429805	16
-0.092652991245012	0.331301195202351	1
-0.110961661839844	0.335020255961971	1
-0.020779686161853	0.52047835599901	16
-0.050749502738311	0.703113160509768	16
0.089787505506698	1.14582241481019	139
-0.054014659134788	0.656469674802076	139
0.010517951722986	0.864229932429009	138
0.020007823148576	0.881159440911216	138
-0.021108625249804	0.522424128364632	138
0.108245022099719	1.08084477730506	138
-0.092626091040828	1.9999145289544	8
0.05324977211419	2.33723894922465	8
-0.045728068624107	1.05965467884706	8
-0.078299617727153	0.737350815243002	8
-0.013334804483627	0.893282951975018	8
0.119912658360515	1.08030790767997	8
-0.077141144191184	0.899163360965367	8
0.044120425515713	1.14866834362524	8
-0.059734813644508	0.581301047365854	8
-0.045643679502298	0.435168966059288	8
-0.051830694842493	0.426987947399749	8
-0.039347443815765	0.50695894759203	8
-0.0933382528322	0.779051186073809	181
-0.051486806053438	0.773912705970529	33
-0.090932871431171	0.565662491771021	187
0.004105290094227	0.857661675083899	33
-0.110026914089015	0.390976484234548	26
0.040531872579012	0.659810212530353	26
-0.03112011382253	0.783540190460999	26
-0.036190812078092	0.515527440885483	33
0.0774255256738891	0.682761098374649	33
-0.038111382594462	0.730886449537783	33
0.093286721831529	1.1403953591581	33
-0.087282551984295	0.654636726360237	33
-0.120840760529342	0.494334780686354	33
0.032936358154419	0.659779747343759	33
0.066435267480723	0.44461634080346	33
0.00167746405435598	0.52442531111532	33
-0.038141954577296	0.42042426559147	81
-0.021600362509492	0.513826234222021	81
0.050658834463425	0.773444995701289	33
-0.087607337708085	0.406957140830929	33
-0.12377225277561	0.41109813782908	4
-0.021540406184657	0.517355683230067	62
-0.020196649827351	0.430792227471727	62
-0.041264661704358	0.733202997055018	4
-0.035584898556418	0.49818324183435	16
-0.051739175062665	0.431383810567687	16
-0.069526027710244	0.341301961018304	16
0.056319033106163	0.556898625099386	1
-0.024237426732171	0.349546191194019	1
0.067916693363245	0.470509136067105	1
0.040736292292798	0.815010941883823	139
-0.103628522397763	0.414712336243257	138
-0.00443332609610903	0.803527093392983	8
-0.095967370123467	0.503721163704622	8
-0.055965601228461	0.409898169401557	8
0.051574353610362	0.612226461002093	8
-0.099115182255299	0.795731941405467	181
-0.086387665634818	0.856602151818467	187
-0.054366288361392	0.437853263581009	33
0.052695876027591	0.62289152595273	33
-0.023004880458112	0.665648725160875	26
-0.046145117060858	0.829439705787228	26
0.10609832242151	0.578749355334654	33
-0.113872572510689	0.334160151850444	33
-0.051109547683241	0.774862717468123	33
-0.087378565231125	0.33940285348407	33
-0.037724152190464	0.349077191297572	59
-0.102632127887028	0.425486315983627	59
-0.090529786882605	0.330809688317413	33
0.095797338201542	0.636138115107664	4
-0.118831806264977	0.598918683821041	4
-0.020257633972734	0.440710643335462	62
-0.011833550900063	0.446097643962115	62
0.083021976986467	0.553644062618286	62
0.039661957678386	0.604496300600084	62
0.076079133703112	0.690431351694012	62
0.070396111044396	0.625604199187717	62
-0.089916436816922	0.329195617332737	51
0.097808668899628	0.480210125630804	4
0.097845863444279	0.484259358099896	4
-0.040870834736488	0.352683320915268	4
-0.013148508087765	0.440990673471868	16
-0.068400940844902	0.343839402583585	1
0.110755824911665	1.12319739791092	16
-0.047988679584631	0.435059399788228	139
-0.085344118063161	0.655662128876613	139
-0.118340917626262	0.658671511749339	138
-0.068007984698007	0.481312702549149	129
-0.096814231221372	0.964682618151456	8
0.033958937417531	0.516273751618351	8
-0.061056912537409	0.501323785212582	187
-0.015944551659748	0.354248097877959	33
0.0847585828924871	1.19310851854799	26
0.022289098844147	0.58978380175769	33
-0.099853595295885	0.742677412389043	33
0.011308883730455	0.446949316010513	33
-0.042964253144799	0.345463817643401	81
-0.054650871184815	0.695850725966781	81
0.012086342238492	0.427811470007534	33
0.109129269047972	0.657006500759481	33
0.05000030803313	0.679868514635656	62
-0.083003145701939	0.345303677443415	4
0.091516263095793	0.555941858309003	4
-0.007575375694306	0.4437751468355	1
-0.056971323795843	0.349534467918234	1
0.118044082173265	0.295575239347576	1
-0.115885845255981	0.572195504639382	27
-0.110470645790258	0.680869429183176	139
-0.030486866486112	0.633930080846349	139
0.092607425636439	0.469411107708241	138
-0.0403694391605	0.25491793561389	187
0.040745915411651	0.460912420120112	33
0.00882997690843401	0.602847957001486	33
-0.042012166061095	0.336817133229375	33
-0.098068372903124	0.33880665140675	33
-0.117743297010779	0.237107180204958	81
-0.025077689911114	0.330466170906753	81
0.03093833790335	0.453242196842223	33
0.044164448003256	0.457708196910811	33
0.038533149590967	0.465521043275753	33
0.027588352965934	0.272318485556156	33
-0.076701547676728	0.342565517443357	33
-0.025666149415832	0.441238494635322	33
0.067788484410977	0.470377646632739	33
-0.046440564028226	0.558127126165481	16
-0.123007088810767	0.236516766678202	1
-0.042421816162367	0.254724206626475	1
-0.040145656178723	0.166564037535308	1
-0.029570610644384	0.260862337484025	138
-0.067195682706071	0.710591952119766	187
-0.093465072661841	0.787908789590549	181
0.046213748464775	0.672594639958782	181
0.096226275894144	0.793656522862502	181
-0.00172046825576599	0.817967126288735	33
0.103977694546717	0.935244269329507	33
0.085778496152284	1.00523342150681	33
0.093669608310477	0.863963346557656	33
-0.034479763262856	0.706079071397302	81
0.00242351771122495	0.713278388232996	62
-0.00735878793579797	0.579758557333562	62
-0.059358614184873	0.508040655905699	16
-0.00201790418103298	0.618520508506279	16
-0.121284405289459	0.402300155311702	1
-0.015378636776725	0.594316675326963	16
-0.056843059491551	0.718937914553316	16
-0.02170345374371	0.731891780724777	16
-0.040522668935083	0.436747325066865	1
-0.02375657767353	0.670553266262942	139
-0.064044088699222	0.429088224242076	139
-0.006375744850312	0.52165367646256	138
0.112363441011981	0.72366858357348	138
0.024441988588587	0.964829849901488	138
-0.088962458630029	0.243500543004047	181
-0.092638910889532	0.341315041642672	181
-0.078972994730239	0.758902255000527	33
-0.059372206675232	0.874473656869519	33
-0.097834022352617	0.718043541196045	33
0.086447052679365	0.910530280291782	33
-0.092993839094599	0.236299665810222	33
0.0523454946358211	0.360981195819296	33
-0.065373994097494	0.344086990553619	33
-0.113608873501201	0.329201275990727	33
-0.078654356273913	0.797753086067776	81
0.086920773791847	1.21875854266592	33
0.03238890479839	0.964234174308533	33
0.082465523459648	1.11723427017862	33
-0.00947540564848998	1.02212614723878	4
-0.097445307952556	0.64730741241032	62
-0.102011577714027	0.787877543368624	16
-0.08382998488231	0.580711094656241	16
0.030578904075414	1.00764214433538	16
0.04138415346692	0.536707409579636	16
0.091490591640503	0.978566232919013	1
0.04683570420692	0.834551017159821	1
0.08520317188429	0.777543320952122	27
-0.03572655327096	0.256129386280784	139
-0.07481549327992	0.425096016553201	8
-0.085080245799052	0.341927124223383	181
0.00864072305964303	0.448005920043199	181
0.011509444731729	0.357662577135718	181
-0.00436956832921798	0.813701329047305	187
-0.100415189910937	0.566495390230698	187
0.018202362530102	0.603586018765157	33
-0.019893265460117	0.881508943381672	33
0.092613147195447	1.23509929322718	33
-0.03872127889327	0.851969168250864	33
-0.054564047943777	0.578132484386106	33
-0.120267734683305	0.543623710998997	33
-0.105251896757512	0.491322424478699	33
-0.124831579530801	0.741568805621091	81
-0.025666868316183	0.837484846290098	33
-0.109407512761222	0.673793012690731	33
-0.035971698861891	0.72305080897041	62
-0.063809742461608	0.502122506613954	62
-0.113501449289282	0.481149285722716	62
-0.035413795324361	0.168406393852374	19
-0.087670806268626	0.246016107357333	19
0.089920300700078	0.533436015535331	16
0.053317887629842	0.770090582174556	1
-0.065682848644506	0.622794021027057	1
-0.08701252240532	0.568322533369507	16
-0.1212290000365	0.602802256451179	1
-0.065467654778514	0.343932582587195	139
0.033917109812774	0.270922114134458	138
-0.12194548090658	0.741947304540182	138
-0.090469153462352	0.579173230974827	181
0.052348968048218	0.555734865236133	181
-0.076525487255091	0.751452916395546	33
-0.04276180455415	0.955539618164303	33
-0.082909045969623	0.505320642573397	33
0.022700093085452	0.68146160529617	33
-0.013151552516313	1.04887616033625	33
0.010900384378105	0.456741793109694	33
-0.03512787658798	0.71601995693406	81
-0.058840897051891	0.936096596645782	33
-0.099441143559462	0.684986382891034	62
0.06669958931134	1.08275673394271	62
0.028358096328433	1.15270972584925	62
-0.10122378937508	0.921039926472198	62
0.021198308182214	0.361762369719366	19
-0.111124180988575	0.738422894438413	19
0.108127051423365	0.707615989147677	16
-0.057306657000727	0.937974135087076	16
0.102129546323637	0.477206688857743	16
-0.05101067222157	0.774108210642048	1
0.09786955190721	0.476309681904188	27
-0.096100851308959	0.342291736024129	27
-0.034663954232636	0.171168824875759	139
0.011834231431592	0.457126682731768	138
0.056384505460628	0.622862059933516	138
-0.098470064089475	0.341415787837419	8
-0.050318413721668	0.696638930857805	187
-0.024698327512165	0.975799979693756	33
-0.108241736105973	0.500773735036691	26
0.072288167614367	0.986416775711431	33
-0.041193270824872	0.64826761422078	33
0.066735697202872	0.475390044030955	33
0.11995977343675	0.647670196382619	33
0.016949306347798	0.355528024936065	33
0.051855028870734	1.14385971236318	81
-0.025169517949688	0.95587966824407	33
-0.021208214645914	0.662753466403511	62
-0.085258033680599	0.480396572108179	4
-0.115077297526266	0.683298897707714	19
0.0000438105635339747	0.526117154068616	16
-0.047275679321871	0.623078294998771	16
-0.021799700698475	0.903504860829874	16
-0.083887121054209	0.744979496131844	1
-0.030679343070201	0.166613920522896	27
0.119540414053893	0.385620615365424	27
0.120205733726243	1.18047123859323	8
-0.043525154849423	0.843758068084747	8
-0.00178683448692502	1.28128405441702	8
-0.120883514589177	0.67477185460633	8
0.039105882495405	1.03766410020937	33
-0.036778683758526	0.674100856117405	26
-0.086495351079724	0.573891468868516	26
-0.014886359173542	0.578358959795129	26
-0.020601204245424	0.59500830746806	33
-0.124987192837285	0.153756313078902	33
-0.115370186525651	0.406799545685739	33
-0.067601234646347	0.896867864463307	33
0.025842085312608	0.932291373019227	33
0.124244078853108	1.22773794656701	33
-0.091936113639954	0.773215523072855	33
-0.064824385234219	0.80752439232964	33
-0.123464237785138	0.154878487765711	19
-0.086649176760182	0.68674165808115	19
0.011818518411553	0.747486290223062	16
0.025405990094416	1.00734891294949	16
-0.079184285645234	0.347497426766873	16
0.041086009099187	0.944554274060393	1
0.030113053367874	0.61696544691977	27
-0.122179578312941	0.156385234326318	139
-0.039444183270585	0.169536895809198	27
0.067457966323898	0.373589340019792	139
-0.01269168248419	0.87034139087359	114
-0.064026662847948	0.331354399297128	139
-0.117325841255101	0.237355251766896	139
-0.099515443637993	1.10250888653714	8
-0.032496372917893	1.13380847962489	8
0.017924813954733	1.05839093231623	8
0.0927659000808601	1.1037056393078	8
-0.097609434120996	0.57385846506149	181
0.120561472774132	0.291109129914707	181
-0.028829103964336	0.574697045539425	33
0.069531494170388	1.01965206951603	33
-0.08406453777569	0.735384309464893	33
-0.054784789047994	0.656116146821257	33
-0.09348309393748	0.323415002011643	26
-0.07392697195932	0.644443204692416	33
0.110205724212818	0.798428507515515	33
0.048408954101859	0.354131748937834	33
-0.12417435244103	0.237488846464193	127
0.061116209100154	1.19113253529307	81
-0.089382810722448	0.722046017832886	81
-0.030074399443018	0.503391126201813	33
0.0215439328136	0.9292971412568	33
-0.034511774374957	0.968795106670068	33
-0.055442487111382	0.829827053506652	33
0.104539955058779	1.37353253074673	33
-0.02116958663195	0.917948325751423	33
0.037574870181777	1.03697083226787	4
-0.045488813611538	0.852758117677612	62
-0.00905405117452801	0.873758500827343	62
-0.071575164411459	0.729246340634119	62
0.123889248620112	0.381998681510844	19
-0.088672012484494	0.735924170733178	19
-0.110558925377204	0.332538007763777	19
0.066744892094154	0.539901303581617	19
0.044853102176461	0.923382310509451	16
0.032819194018661	0.917605613335615	16
0.026401836752608	0.94294605916235	16
-0.042988411565425	0.724051724845369	1
-0.072817558020008	0.566846785416128	27
-0.121780166053106	0.743937619570275	139
0.027218511315168	1.72345693307221	8
-0.084027002223047	0.575232846328328	129
0.042598118249516	1.36943337636738	8
0.062052227076805	1.37976419055164	8
-0.096345345158293	0.320320066874742	181
-0.088653261968204	0.240603771532595	181
-0.088837287536696	0.241681964852135	181
-0.078148668110821	0.774972190279729	26
-0.067948508654307	0.644664569102801	26
0.0351439406741459	0.694260148172967	33
-0.084514535872681	0.482469934125414	33
0.04993455897972	0.898275319722981	33
0.018127032859501	0.45119616460232	33
-0.088798667026354	0.685310261290977	33
0.063707199860509	1.07486596186888	81
-0.096576120366253	0.501433990075997	81
-0.01474504351101	1.07767891724883	81
-0.035338451404598	0.789438755496653	81
0.065258630437247	1.05563816291999	33
-0.064715807455402	0.763474537388718	33
-0.072326098505539	0.722715163991158	33
-0.072441490241626	0.740251619401724	33
-0.077032088777026	0.773371175009524	33
0.08788989574358	1.1903828579037	62
0.046931320655263	1.14602090455009	62
0.014416790686022	0.358397428455527	19
0.076372782712211	0.464433157286818	19
0.077382268084613	1.13783306968194	19
-0.112862081439859	0.408245687639672	19
-0.058979435166554	0.345452578158755	16
0.01457980689389	0.674508191468542	16
-0.054497659401841	0.334765805069343	27
-0.119803396558047	0.242146366500946	27
-0.092243451888874	0.241490697636243	27
-0.080190883448305	0.418741300814197	139
-0.044829859579312	0.250619363043513	139
-0.016248147807082	1.72424274819109	8
-0.00498913633727099	0.733843708784698	8
-0.119494548531589	0.699855354814169	8
-0.031129815354503	0.802623506196551	8
-0.063551384324954	0.34563335434966	8
0.070753124634373	0.765612962555696	33
-0.00658078289804598	0.902049694081953	33
0.053942820135272	1.1626462188276	26
-0.084369109964087	0.657446182592335	26
0.109886646544965	0.789497838708582	33
-0.03593963920847	0.550726180238439	33
0.01955032304836	0.700871561737458	33
-0.096116770278985	0.518187114022298	33
-0.121911836353996	0.340801624099527	127
-0.105961916154384	0.563268661823297	33
0.06705472101706	1.07613599249733	81
0.066143378503619	1.19359463432168	81
-0.046874539226259	0.434771652529805	33
-0.08856701823753	0.702682216771239	33
-0.036114523894183	0.948878222183726	81
-0.116163362974873	0.688510104433119	62
-0.124855674145491	0.494141290930771	62
-0.011785451630918	0.804140382398247	62
-0.01175955899018	0.628843547423457	19
-0.003181811091301	0.444992563307546	19
-0.069948483652561	0.33447096629606	19
-0.098850173715366	0.563751743025936	16
-0.087883757164846	0.603569234871135	16
-0.00752071018665201	0.44000424547515	16
0.088208783549704	1.12913692689583	16
-0.021645774798388	0.556924985003086	114
-0.071449192558939	1.01257077897493	8
0.102141603463945	0.623857787461889	8
-0.019835597807067	1.00562185956865	8
0.000422865812079953	1.29229107084577	8
0.118194199442354	1.41276429839064	33
0.025352950233387	0.617384781327913	33
0.05187790792708	1.04291380710579	33
-0.084856073438492	0.572156435367162	33
-0.086896497090299	0.620963360225471	33
-0.053171051630486	0.870232505126175	33
-0.053977097024935	0.348743931950587	26
0.0906469594827231	0.774021758943436	33
-0.046004124562603	0.936501788842633	81
0.06200213155344	0.766571773678171	33
-0.03563750106161	0.885298511936186	33
0.012110679909481	1.16162223615395	33
-0.104466398031627	0.768216378035406	62
-0.100765329247694	0.421588788904587	62
-0.104600174000396	0.484829162650277	62
-0.00777172710714102	0.868773166042232	19
0.048298041315982	0.61838239340526	19
-0.089453126846607	0.422931665914935	19
0.117711491832327	1.16935119799736	16
0.093131225089868	1.13203692787892	16
-0.00364423303241201	0.659810709162573	16
0.118678982724052	0.381063200602787	27
-0.119334596490778	0.238536449667724	27
-0.03935337267423	0.166012299915675	139
-0.031970075942346	0.261327698319706	114
-0.10055522564583	0.664939866834031	114
-0.048438350371903	0.662822967766437	114
0.00464861082277801	0.524438504814613	114
-0.076817980873147	1.30703850946996	8
0.0173518034194829	1.40995612604495	8
-0.104998507568415	0.678215884631556	8
0.0592771556392711	0.558864331207124	8
0.016376234428833	1.12275521677378	8
-0.007626106613357	0.866302775034885	33
-0.071851232262024	0.484781227566894	33
0.00772741955281198	0.911199205850678	33
-0.00971630315877903	0.43711293387591	26
0.03301017549443	0.264553068522599	127
-0.110347728630301	0.66254359080644	81
0.000462584839973967	0.931711991969632	81
-0.118669915975571	0.405723632265889	81
-0.046965455790858	0.490085131764177	33
-0.102444651681274	0.63421286010352	33
-0.071599421895065	0.770526541762839	33
-0.05918410759427	0.732281915505328	33
0.107930793751247	1.25925994812363	33
-0.121542552696125	0.612364397742049	19
-0.121073242621402	0.580906741994434	19
-0.063722062856766	0.39969957820135	19
-0.104475744181388	0.701671459081163	16
-0.046022320710839	0.737567135642928	16
-0.061536818603213	0.689290060675029	16
0.1162180691326	0.188149871999125	27
0.107794720553126	0.192973850280304	27
-0.040611280322119	0.165595133852018	139
-0.124987192837285	0.153756313078902	114
0.096830137810224	0.476819876595788	114
-0.027816758102809	2.1542158673828	8
-0.124425472821586	1.23235215285078	8
-0.09991552629913	0.624568447107998	8
0.077484978153661	1.10569276390868	33
-0.054483046624869	0.616302956764222	33
0.039939767366785	1.22017456880052	33
0.057134969656037	0.935319046618863	33
0.000946044782204947	0.938506371389594	33
-0.090869431460509	0.804464971995183	33
-0.045138096642967	0.340721560878308	127
0.09574392634873	0.475576595493003	33
-0.107102913154476	0.416512259923302	33
-0.097367142462087	0.479238641829991	33
0.066934081807422	1.31780612698211	33
-0.081779451807651	0.72430015154964	33
0.041885555716067	0.933171472356954	33
-0.122046095784836	0.759783600901473	33
0.011891963525518	1.17948107013281	62
0.083142366400807	1.16977729186208	62
-0.029923050861047	0.262711613730549	19
0.00943987642781197	0.984438669583635	19
-0.124180931526633	0.617206291691118	19
-0.033654429089364	0.583942106112937	19
-0.025955739056122	0.861636273942053	19
-0.04896560174938	0.873036271329573	16
-0.099521531858447	0.672024622889507	22
-0.033445542005497	0.167283528283612	27
-0.09886149571121	0.33265821387862	27
0.123545750462657	0.393451503485886	139
0.063057125290072	0.705620146909608	8
-0.087469130562986	0.966229469075645	8
-0.046412013744198	1.14374380224122	8
0.00799822479262802	0.899434484654629	33
0.089984112104596	0.932221799395195	33
-0.035423199636931	0.811443437902401	33
0.08261804054081	1.29076319005247	33
-0.069060760009362	0.786499210260286	33
-0.062605493149644	0.844945612426031	81
-0.062670316784658	0.815304519811511	33
0.0668233387845431	1.28441370860798	33
-0.023782940901565	1.00743966858903	33
-0.030525273982449	0.870520901566243	33
-0.067459017835964	0.655735914922491	62
0.072387017955276	1.28242472714437	62
0.042613650820053	0.60134326767012	19
-0.015706972731706	0.349414415971913	19
-0.075875537125317	0.481271152366769	19
0.053333318743452	0.547890560222807	19
0.066735697202872	0.475390044030955	16
-0.051577045108726	0.687978672473964	16
-0.078343326792052	0.657119751668494	16
-0.12417435244103	0.237488846464193	27
0.114776868810411	0.288966484642703	27
-0.032720322069288	1.13518522315855	8
0.00926123229793596	0.519494606890156	176
0.00905203991524295	0.448990790368437	187
0.104359662591343	0.966239463757223	187
0.031090174986338	1.18016433936926	33
0.056436496405196	1.10326292178683	33
-0.083575114809027	0.759049548441987	33
-0.065117052698794	0.341630525481912	33
0.094655895560326	0.478672002016121	33
-0.051817990223129	0.932359940953582	33
-0.061864068380981	0.972846335479258	62
-0.117923826164604	0.815641154277109	62
-0.117802241543832	0.747439036994747	62
0.014795353337643	1.08747135143796	19
-0.078470593272142	0.713902425380949	16
-0.107411864196377	0.653610676212032	16
-0.032037882132122	0.169898954015918	27
-0.120134167782187	0.157364775324881	27
-0.021999195795924	0.346114924520519	27
-0.021981672515652	0.341607690725725	114
0.06748504039048	0.660858964549987	8
-0.02361075304184	1.03862434601784	8
0.078319794047172	0.864646050521658	176
0.120684384328115	0.658328522652339	176
-0.087901094920428	0.664248162169634	33
-0.094845015401855	0.758157641314005	33
-0.097936645349585	0.624724235179828	33
0.10866978690727	1.04529295001234	33
-0.018477281697242	0.893051698494265	33
-0.075059471274873	0.539219954268216	33
-0.087341688319642	0.242324657004227	33
-0.073437206685382	0.428232345725285	33
-0.098906440491134	0.341609890141237	33
0.114709626040301	1.10787086292369	33
0.018937692681618	0.990059748697968	33
0.060553677881692	1.3048063614694	33
0.104892799077659	0.935721338801725	33
0.041826421010296	1.19879884924996	81
-0.103594059897614	0.732453711888816	33
-0.049911880262241	0.507391979664138	33
0.066157424692072	1.21513344105234	33
-0.119820422372197	0.654140052488372	33
0.00117452945613195	1.00342180178592	33
-0.07808837940848	0.648514126071306	62
-0.050404839425744	0.501917057094837	62
0.092749174388683	1.40224998327136	4
-0.033937208476805	0.596168640809395	16
-0.095415781126928	0.796488942013435	16
-0.037952313428024	0.630924032210263	16
-0.060785396390625	0.476650653108793	16
0.029569028436837	0.544975435570544	27
-0.088033080275025	0.246474305260856	27
-0.038741974534412	0.170273180706361	27
-0.029586489309198	0.338407302014818	27
0.107744337287113	0.193833004664726	27
0.103058295433701	1.32003573200158	114
0.023463654074781	1.34591981712816	8
0.080814845003542	1.05479702149375	8
-0.108602741841263	1.06509427881584	8
-0.118192368825857	0.806740540726364	8
0.041382687893492	0.592919418975648	176
-0.021104232461522	0.350310593826204	176
0.0497635738846	0.753437793144759	33
-0.045685256622687	0.780170530522224	33
-0.080228303702462	0.976167034059327	33
-0.112205895298306	0.544601149287157	33
-0.082530395281136	0.488788362016448	33
0.017050139221406	0.810003563807848	33
-0.122183429804402	0.153079212813478	33
0.047864086367889	0.609736335340633	33
-0.074920030512592	0.879747016837949	81
-0.086787912046221	0.875315546428176	33
-0.119142170548718	0.5660732658299	62
0.062898329617115	1.5202622237528	62
-0.021813958631214	0.579980046929852	62
-0.057357394984614	0.72344716610013	16
-0.038729185539488	0.981858506128172	16
-0.089644766361314	0.588364319718724	16
-0.031332321586696	0.930464121161036	22
-0.064094948104455	0.342046295257728	27
0.115523023688151	0.286362632725087	27
0.052653273521603	0.685661209891226	8
0.083668435987854	0.921312889194867	8
0.108511737361527	0.971233430646045	33
-0.110681684027737	0.568759595539201	33
0.068724583319344	0.929161107692592	33
-0.046295651316474	0.499653346665586	33
-0.121709881315487	0.410272296779626	33
0.0205432485189661	0.957748377650487	33
0.00248467317735002	0.848303323757143	33
-0.00637388104151898	0.598937536713804	33
-0.118471986838994	0.687348797979983	62
-0.057814222477789	0.861904670719091	62
-0.073185295451922	0.771520651468099	62
-0.057142096503979	0.822355695277762	62
0.0936198660651431	0.476651973045368	19
-0.035824005291021	0.859238608594474	19
0.031988847118571	0.684072633096902	19
-0.111157829109425	0.776713510661072	16
0.013337907786787	0.930501361569882	16
-0.086809073554002	0.699254021997811	22
-0.032037882132122	0.169898954015918	27
0.119647229870234	0.292585348055303	27
-0.096038511648203	0.344249137512175	139
-0.088588861313838	1.0977876592534	8
-0.011228970469206	0.97623364700287	33
-0.103140239113999	0.705037548396757	33
0.052575857151519	0.973160229410034	33
-0.072820036199747	0.70902412101946	33
-0.116460938938136	0.661580331506035	33
-0.01402069768213	0.683331860365049	33
-0.104042663392764	0.343295083315945	33
-0.060977357134586	0.784130097549942	33
-0.00587864456248699	1.12059263084879	33
-0.102826641723508	0.72156947918291	33
-0.11531156129412	0.745732716794228	62
0.055262213378767	1.30582609481847	62
-0.086844595160989	0.738660205054501	62
-0.058260023440531	0.940790660167739	19
-0.035575858067065	0.580566258821339	19
-0.073151688476948	0.578737270218371	19
0.029883125315284	0.843548706418458	19
0.066931687822496	1.13455136339703	22
-0.105938738016491	0.330430445448474	7
-0.038672854805416	0.26119462020261	27
-0.115002230966674	0.804545491795156	8
0.120081965302	0.72599983826364	8
0.039140769517607	1.03591642918059	33
0.024679941292131	1.01245755791687	33
0.055152145334757	0.455656435042599	26
-0.018726646154101	0.780226323130281	33
0.096830137810224	0.476819876595788	33
-0.045068390539037	1.04477350295454	33
-0.086326037841796	0.848693314092977	33
-0.066412398783218	0.820593109634641	33
-0.021000401654845	0.986291219396479	62
-0.040910221984153	0.86297194845986	62
0.059104752383403	0.700138174507715	62
0.110466800034565	0.472406178132412	19
-0.103942190390383	0.413129072878338	19
0.07149733261584	1.11668538445221	19
0.015619980072681	0.929625045185673	16
0.101704992069504	1.03788771100175	16
-0.097929632851066	0.343357999236696	22
-0.00199822293973301	0.873418945066194	22
-0.067923464249038	0.879360248440604	22
0.0320778739484761	1.20999715109826	22
-0.032466374472642	0.261128133448473	22
0.026488793302169	0.275900591230173	114
-0.014785850943316	0.354751654401146	114
0.032907163213915	1.22567788829538	139
-0.084114595041781	0.904697984885033	8
0.06015136789501	1.92545958109788	8
-0.076944286571135	0.804410361469134	8
-0.089167098003465	0.569223817915804	187
-0.024878935717838	0.630436765752587	33
-0.076582412569679	0.819749821246565	33
0.1129821904926	1.18078373543306	26
-0.01670914151931	0.645236497437316	33
0.065175674614318	0.784338813497165	33
0.00955727676604901	0.829117201513253	33
-0.124987192837285	0.153756313078902	33
-0.022360177582408	0.344413942420049	33
0.039782693552023	1.13608132825959	33
0.073012778341092	1.45766407299164	33
-0.105709928797124	0.791946818245541	33
0.051510018056855	1.25577833731519	62
-0.043799625795966	0.993631561423999	62
0.061466730035122	1.54459597353311	62
0.057971769056686	0.762743677132513	62
0.030027398139327	0.267605499071475	19
-0.050271896934293	0.886410401126713	19
-0.026719167098013	0.445660473188721	19
-0.073522078241846	0.426488622601992	19
-0.023373333944102	0.719623355993555	19
-0.071783506823534	0.745806104823252	16
-0.110304563070494	0.567472210840228	22
0.025723113238699	0.892614422299675	22
-0.017714098810271	0.855414923467252	22
0.063929858299229	0.370614298836587	27
0.013520629463331	0.4553652662535	27
0.038538320918671	1.75720689463164	40
-0.078802288769423	0.985056664777168	8
-0.091116666721826	0.815456248386307	8
0.012683129452696	0.960283870316984	33
0.059527680601277	1.01808993285546	33
0.047077617309775	0.622634257172149	33
-0.124853273906254	0.470583296011129	33
-0.039821843020453	0.338518741504952	33
-0.021755191321679	0.57155530282646	33
0.107928710757785	1.20194271910393	33
0.010709850842578	0.833217791559443	33
0.113481979305136	1.09746017065382	33
-0.080087018561534	0.762065733212693	33
0.090023620511495	1.35579080443364	33
-0.09231313478462	0.697569873654285	62
-0.104991111420946	0.74011838241026	62
0.078039158420824	1.11887826278434	62
0.116049962713841	1.29924784966153	62
-0.073954961087376	0.408436671913346	19
0.059547840995017	0.78387912149401	19
-0.030972113160994	0.664377136293659	19
-0.084314583928043	0.634815743287078	16
-0.123345610263109	0.707081644062554	16
-0.05597248157563	0.581832461692863	22
0.112079411448982	0.804090716421741	22
-0.049711127122637	0.793199040704615	22
0.122352918105893	0.394648912314223	22
-0.035805299203181	0.164792310781162	27
-0.042421816162367	0.254724206626475	114
-0.081634322768843	0.830786073984294	139
0.00953960124860098	1.16900334218643	8
-0.010283174014874	1.04240236365753	8
0.015348768054622	0.775670191663443	33
-0.103955359680318	0.695437291211898	33
0.00844400806511903	0.965652161459237	33
-0.059850547812495	0.646307528950525	33
-0.104321968891218	0.507895836573059	33
-0.071755778918362	0.498596051251942	33
0.023030727447269	0.760970618714508	33
-0.071390849847818	0.748014885067909	33
0.0671561260160291	1.10431680409385	33
-0.071399932654856	0.785803958745808	33
-0.025175376999301	0.649184609006316	62
-0.099196558800146	0.493133980559135	33
0.039820647692819	0.874228609525916	33
-0.055010599345617	0.700249988647613	33
0.00444381360454804	0.725484735709365	33
0.00143691218224096	0.969402543955493	62
-0.063349418221929	0.779279586781818	62
-0.075205159633235	0.492983193706102	62
0.00314133023011398	0.646309023622829	19
0.081446248951169	0.789628576999838	19
0.023968407844788	0.764555741697321	19
-0.04001615619689	0.654578407500982	19
0.00875301441269005	0.805815845111465	19
-0.119603114327774	0.392397383341653	19
-0.069804727464011	0.588150839889163	16
-0.021493922345931	0.815684479498693	16
-0.07179516238104	0.579457006569811	22
-0.115571730827526	0.477184462035135	22
-0.081468049941239	0.59480265042492	22
-0.086809171134464	0.42117430221248	22
-0.053363292350015	0.484562579167512	7
-0.065133910308928	0.419654494608091	7
0.028783128808283	0.558528695061262	27
0.00194290008522802	1.57883264418887	40
0.088247584019099	1.86856818896438	40
-0.010186440420067	0.768148157602563	33
0.054134131836854	1.12928746514746	187
-0.119918902520644	0.625404185824911	33
-0.033096138703845	0.936522705780184	33
-0.114321544776536	0.715620581700223	33
0.097160569154213	0.797406337189219	26
0.020933623965017	0.357836077169714	33
-0.116344292735782	0.576451060099462	33
-0.055141611926254	0.730697004497463	33
-0.00383235031712198	1.06193207776869	62
-0.100523749044802	0.698891431711597	33
0.031486990484686	0.871053561910958	62
-0.014173156757836	0.896131662490317	62
0.023153498165451	0.455805860714918	19
0.087225815586932	1.19059279787427	16
0.080063157012424	1.12301011928742	19
0.035154840953063	0.904679397308488	19
-0.083094166037498	0.577461326076455	19
0.023564743547618	0.681092080342223	19
0.105871178664915	0.576491976662076	22
0.070819401834442	1.06851189071478	22
-0.083862834695224	0.58522338750782	22
-0.050741565177104	0.504245650644805	22
0.00933051402643803	0.330240475449061	7
-0.014511647915928	0.963575104341769	139
0.080777589665807	2.23394310064897	40
0.037194045600354	1.39408053379638	8
-0.00986651140482903	0.765147139590537	33
0.012931463455381	1.00926999649449	33
-0.00785011981397998	0.61357109051841	187
-0.058115221708535	0.976043400009059	33
0.0460773816130829	0.76683558085505	33
0.038576918879571	0.459058519893209	33
-0.050031977142753	0.881199957986121	33
0.064654239367635	1.33669530537181	33
-0.087477398804838	0.870282977028919	33
-0.09444807400728	0.840733324713789	33
0.078460233700006	1.6415308137884	33
-0.040981766002989	1.01907877161486	33
-0.023171810457126	0.347990380285352	19
-0.0938666276662	0.771935646548769	16
0.061319267245553	0.937378044207427	19
-0.054685251220121	0.811531324852742	16
0.027650384170157	1.19023481621305	16
0.00731677386007201	1.08154586759669	22
-0.119751639218966	0.679423088210229	22
-0.037027409083322	0.677965231620123	22
-0.008758540379943	0.664312244320673	22
-0.034935986463051	0.261830310287342	7
0.017574038075286	0.743801300152003	40
-0.107820794247975	1.32026489242224	40
0.00750745471195402	2.31308316572215	40
0.020918225115053	2.12409817428294	40
-0.116888024671729	1.13393517170851	40
0.00832042128569399	1.05230261404127	187
0.010640368461642	1.29210348420751	187
0.008613106509755	0.981749643753943	187
-0.085066563878566	0.825436614538813	33
0.054729437648828	1.48090779023028	33
-0.00288762345489402	0.688657963941085	33
0.0124491221116499	0.749758574617225	33
-0.102250030070118	0.338544600024671	33
0.09459293739335	0.822175191823838	37
0.078160023545625	1.42257484404333	33
0.093061947348817	1.34125209442721	62
-0.099036775802268	0.76893169931785	33
-0.083765790689398	0.665545383455423	33
0.051425036692734	0.68290894168746	19
-0.053693389374317	0.926731059415576	22
0.00930253383855195	0.435299705030222	22
-0.037520636789569	0.165398269029896	7
-0.111069079733269	2.0790685921372	40
-0.019969146257765	1.45336090137134	40
-0.085398035763901	1.5635811104105	40
-0.035124831954582	1.67606526817068	40
-0.019055896301533	0.576174109895682	33
0.11313471900103	1.3690564466173	187
-0.014987203217209	1.06098897348644	33
-0.045591362335311	0.863100493952919	33
-0.011559116587203	0.350234514331312	33
-0.105461091888407	0.344764730086036	33
-0.123489386090527	0.622031964946403	33
0.00585414737740897	1.00283317873288	33
-0.119666184275833	0.571176491868854	33
-0.115379758211631	0.762446903056323	33
-0.00358932791417799	0.871235864348317	33
-0.074282188013665	0.747264998470385	33
0.102779533682366	1.18231244535092	33
-0.028840996254855	0.437602430251164	16
0.114546377318276	1.21475102957283	16
0.106956197195009	1.18550378409433	19
-0.110310198602947	0.459461206366984	19
0.0970113495477129	0.565279610498883	22
-0.099577218166669	0.667148430140339	22
-0.04879620994446	0.817479501864351	394
-0.116518391929749	0.47644229968454	22
-0.033876904734789	1.19482156951289	40
-0.113544289162457	0.764615902322535	40
-0.110777494657382	0.854274152938926	40
-0.117594884033529	0.622226626789678	40
0.049276452251715	1.35275825765282	40
-0.111753978788838	0.741146515775292	33
0.08049969505398	0.867082506894418	33
-0.08793696668208	0.489397428694168	33
-0.015510193154553	0.524217669428876	33
-0.112729961309462	0.415462707264622	33
-0.086893682405614	0.861210057380329	37
-0.053725503693442	0.561687179246469	33
-0.033988573996722	0.581870538416212	33
0.093657620949391	0.643489764043566	33
-0.023079459231573	0.583913864786268	33
-0.124059149279655	0.472541176510406	33
-0.102825327149549	0.648969532746672	62
0.013624506799312	0.670920265816957	16
0.079335306922799	0.703682879987729	19
-0.047423371859277	0.703758035690951	19
0.070398386802262	0.964495091653331	19
0.00716588733924295	0.515778396115254	22
-0.036583584967392	0.57954552533871	22
-0.033123593207348	1.15197397657033	22
-0.087103706436943	0.339327985765801	22
-0.017527456190374	1.04340360923084	22
0.067202832389363	0.840925259915161	27
0.0102204181532251	0.357591401659932	27
-0.025886923805063	0.632093806958765	160
0.095684838343117	2.07687860307129	40
0.078854094729357	1.12139544418214	40
-0.091562992467312	0.872424195977974	73
-0.071580616940301	0.581682342524006	33
-0.103832367287972	0.599371606238784	187
0.054907451899427	0.936121987679207	33
-0.11180482417773	0.341157728555463	33
0.034508121150935	0.612941568693195	33
-0.10233370810564	0.401574281803408	33
-0.053284729269717	0.434740137585571	33
0.016799339511163	0.572192004373713	33
-0.114842733367509	0.411185541313902	16
-0.040955265879641	0.348535873581551	19
-0.011005966506443	0.515687688840365	16
-0.058778810943773	0.753676842386674	22
0.048569825253911	0.969902397965805	27
0.117000010061528	0.629013686153177	160
-0.10426583192035	2.47857210068883	73
-0.115315972429742	1.2768701312539	40
0.01247882317785	1.41325832686392	40
0.043049117777139	1.23123648591662	40
-0.117797843800614	0.698794178211207	40
0.044434169313828	0.957512804782391	40
-0.039573373873966	0.718318402643811	40
0.092794533962482	1.37121510986876	40
-0.028086695165991	1.05113915011364	40
0.044466137848278	0.823835923058581	33
0.086368454836024	0.696462725087024	33
0.014704899521477	1.07437200001301	33
0.080995159542389	0.759805468391552	37
-0.111589625683796	0.409062097442555	33
-0.045109746652831	0.438962074508165	33
-0.080445632649764	0.429624592983553	33
-0.10975069992227	0.407689446114824	33
-0.020407334699315	1.05733851816497	37
0.091378301705574	0.63824232889812	33
-0.07352770258584	0.483203271855822	62
-0.038546120383225	0.553369939575138	33
0.00833796239527695	0.533480703675322	62
0.110459279676893	1.3478374332718	62
0.087695828891124	0.70675261233644	16
-0.048702747109772	0.493571644301504	16
0.0899245377017051	0.973427713737647	16
-0.093120928633542	0.622315702009187	16
0.091579903008944	1.0730121809938	16
0.049752048993449	0.609316761019811	22
-0.094246651156501	0.412467111863725	22
-0.048195800401902	0.875851304485932	22
-0.058305836616178	0.653541273461553	22
0.046380562175566	0.969660198280574	22
0.00922644859647703	1.00066560568667	22
0.091514807477823	1.03986193330723	22
0.097690312563452	1.20789243288176	22
0.103281450154629	0.563713657477416	22
-0.119373814209266	0.32729033235955	22
-0.115767815262017	0.63714753593041	27
-0.086363421353343	0.730437221638893	27
-0.076230489492982	0.607276505994852	27
-0.033142956714599	0.498237003786573	160
-0.120706488747927	0.400161494531194	160
-0.106994024090753	0.342565572943307	160
0.079033230979369	1.98109010524286	40
0.071473356205617	1.64074222821714	40
0.039723690435358	1.49392697071224	40
0.065589238599137	1.68206715897743	40
-0.031126779007942	1.28287006784561	40
-0.02710515496654	1.20986039698486	73
-0.032059282463142	0.867979593766028	33
-0.094540826207601	0.691657642002905	33
-0.026459089403682	0.822703894528159	33
0.082632903033716	0.908108934708805	33
-0.011076436484216	0.868333763662365	33
0.0251119483423921	0.897493516699295	33
0.072700172630464	0.768882182333306	33
-0.116261646028893	0.681074105824939	33
0.00626765551008701	0.505372012691971	33
-0.08841014652634	0.502566302840351	37
0.00336806123598798	0.663385631336812	33
0.011483012640334	0.456685122738847	33
0.023827654833091	0.780347154414738	37
0.048289499474951	1.24248333871493	33
-0.023900876304353	0.587788114825162	33
-0.012609874331103	0.605406853659424	33
0.030014040241429	0.767072648833392	33
0.07068693029366	0.702297809128226	33
0.00287254196974995	0.672071790957219	33
-0.071218319888321	0.641304213389649	16
-0.071505832518211	0.417807733221664	22
-0.0770022521651	0.694024594575558	22
0.059785626603396	0.990663091451505	22
-0.049203080420949	0.42906304857028	22
-0.078334359450122	0.500134522150322	394
0.033289377514228	0.889450594082206	22
0.086001373828401	0.82958460074236	139
0.050502470179823	0.850563882920593	160
-0.054371157228849	0.589745166673003	160
-0.087907681737808	1.09075129036853	40
-0.09335328972016	0.642866823640558	33
0.00871153931994095	0.829786187487003	33
-0.089870304279213	0.484398810680636	33
0.069233011037468	1.17883707281717	33
-0.069232588651032	0.513362003303415	33
0.0500965227264461	0.546184784526459	33
-0.120021854489846	0.391107341199779	33
0.00819991384685503	0.525520650857068	33
0.031279170959628	0.534508249998915	33
0.090927677808078	0.717931885596336	33
-0.093144434880721	0.332639060193265	33
-0.041582745040455	0.440899974074398	33
-0.087992848571285	0.416877652598322	33
-0.030864117372872	0.437361399893897	33
-0.117723048499582	0.339845758299532	62
0.101137926508404	1.14202057476689	62
-0.120584356726372	0.333746085719024	62
-0.011761409535262	0.447501486195479	16
-0.047720651704758	0.419218278899328	22
-0.113849569476343	0.338142778682149	22
0.090820639986702	0.698248598848908	22
-0.073506202377235	0.708997747868967	22
0.067321144011632	0.674477400963065	22
0.066186218040993	1.42433236421944	22
-0.063463744897218	0.650032015873816	22
0.119034915244885	0.637347610581564	394
0.045188431133616	1.09064723135192	27
0.067233122593594	0.372094069687614	27
0.0579155355048741	0.855155723006296	40
-0.031666149036692	0.547075430004441	40
0.026755206953494	1.83874355077708	40
-0.121707656692307	0.641049746120659	40
0.000192336143229999	1.04295654263701	33
-0.080215733642665	0.338940264814296	33
0.096471739146737	0.798269782958932	33
0.101548640982033	0.638091963974564	33
0.051624219247766	0.905124574282808	33
-0.024872148779772	0.517531657218935	33
0.047358814254955	0.678761651413522	33
0.096141223324106	1.33748059508201	33
0.07113951393715	0.677712031872599	33
0.060904261881811	0.365607554833965	33
0.121159231872676	0.392933041527872	33
-0.060354034840079	0.349849300508542	37
0.020870873787194	0.458126456202515	33
-0.00159752427518001	0.449310280849156	33
-0.025252764632221	0.342856634935724	33
0.025243805284581	0.456755638816811	33
-0.00196455987081601	0.456124384238882	33
-0.101027196536104	0.627294958005041	33
0.065856098413147	0.458042437919543	33
-0.039522517724986	0.259825757166927	33
-0.01988165906383	0.347994167183271	33
0.0529700669565371	0.362525048226031	33
-0.086607233554588	0.241266365795489	62
-0.027964755662466	0.900187337858539	62
-0.10788016908104	0.498728526592883	62
-0.00733123080015702	0.355169171658368	62
0.036169210503582	0.896759221233394	16
0.015862522250457	0.357637503373548	22
-0.064731915992248	0.392789166390659	22
0.012807210616967	0.589069101703723	22
-0.040492253839614	0.650398232928344	22
-0.08604938444282	0.236067140653502	22
-0.124865258887468	0.231924280545895	22
0.010019010182696	0.359101789409223	160
0.029533255002376	0.444669202191914	160
0.00820256572492295	0.349579341912013	160
-0.094684189819481	0.571165716796727	40
-0.110555552764274	1.12333484993503	73
0.0200163751961649	1.61758792946117	73
0.022925825067741	0.631751744659017	33
0.0413078614892109	0.538657598821398	33
0.031354952732331	0.696168004884257	33
0.095304743672627	0.645139658613663	33
0.00696327618189996	0.447034022121053	33
0.055239188856368	0.453710212104397	33
0.096515832711761	0.570790222691976	33
0.093821405769734	0.707932337602213	33
-0.010484422939263	0.563656200488481	33
0.095507928249142	0.635384628418941	33
-0.05584674473353	0.348176292425013	33
-0.085212062577281	0.588059978604513	33
0.00182025197454705	1.13699816077489	33
0.099904563225766	0.480807373356843	33
-0.082120497822168	0.345703563285932	33
-0.069360470813392	0.419777017151944	33
-0.115850023163957	0.238506038966643	33
0.018851360425977	0.36120771485141	33
0.066141387212077	0.530390518607446	33
0.013111452334481	0.362162866654609	62
-0.058657623596279	0.323445078615473	62
-0.112902429151623	0.486187554237806	62
0.080082697490005	1.30996873855351	62
-0.102591087215207	0.345278039634513	62
0.073822014037691	0.54834625265518	16
0.066960813390336	0.531099469556453	16
-0.012531485373955	0.42299409716906	22
0.048281092679182	0.343638091536308	22
0.124236108932451	0.298532822986633	22
-0.102173738038284	0.563398717375262	7
0.056956351763882	0.775473927712933	160
0.058405617610984	0.769871602806841	73
-0.101899613942372	0.56137284437745	73
0.00610205057194702	0.99402173963103	33
-0.041843481885944	0.341237387016732	37
0.00902184338918899	0.689702101864042	33
0.062773510996774	0.774735911864456	33
-0.086568574654459	0.555046713175961	33
0.051836506044282	0.830653138156864	33
-0.123047445745908	0.543346124568872	62
-0.009080630072271	0.685959460434626	62
0.099092666778638	0.784934404319379	62
-0.045061493540322	0.629946620701595	62
-0.093006849231803	0.417468494452399	16
-0.096739899775086	0.342800145840714	107
0.120615158184511	0.291189161872613	27
-0.058557621546607	2.30067955424341	40
-0.06172894463472	1.7580129293357	40
0.088624590428627	2.24012312155552	143
-0.062334201018215	1.14353665705161	33
-0.016511228526826	1.02228899444622	73
-0.122300408542635	0.553471099121673	33
-0.030918846244974	0.826016079274689	37
-0.022418893435139	0.737992216990522	33
-0.102124213887916	0.562164207439409	33
0.094344504553273	0.949565952176217	33
0.108281212532837	0.881502041059323	33
0.053940999849503	0.9800159219187	16
-0.124625014790465	0.23651768537362	62
-0.038235615489194	0.495627432962548	16
-0.047309519646179	0.592786607405758	16
-0.058616630309845	0.501457835065219	22
0.018829625875419	0.607032861530242	22
0.016905621272846	0.455996522900885	22
-0.06533562873996	0.347406635232133	22
-0.018605424308759	0.800745585636667	22
0.00747704984142195	0.668889568475498	22
0.020715769544284	1.28173695620677	73
-0.023759339973586	0.513728588643954	37
0.045716578534009	0.783969205157355	33
0.046031436002251	1.0297486116834	37
0.065401256268069	0.960202813843154	33
0.00258291164611602	0.812648656387228	33
0.00380461545275101	0.602296035779704	22
0.02655930541006	0.69438344356569	22
-0.00672184883262	0.882743973521808	22
0.09160458330216	0.952366712178317	22
0.121584979447433	0.563387424866716	27
-0.099166985996871	0.417348217317228	27
-0.118337933458956	0.601068562233373	203
-0.059848152509651	0.574686014792644	203
-0.034103280375276	1.11118727759346	33
-0.111658015005512	0.870620295496645	37
0.049565660045645	0.355690162545212	37
-0.0948538096858	0.589901221096513	33
-0.024533518680977	0.829109763040164	33
-0.060952482825816	0.767018792038623	33
0.050262381072644	1.23091939535961	33
-0.08964479916268	0.751580500745392	33
-0.00711373610216498	1.01207891098329	33
0.116561988001297	1.24548419861928	33
0.0846288482698549	1.27046218410231	33
0.00881664791359804	0.592873081708553	62
-0.091723945333684	0.490823037655857	22
0.0101866048514681	0.805176183012693	22
-0.00942915081222501	0.439051842395832	107
0.056560430893581	0.552443788900815	107
-0.074985063449383	0.515046872139879	22
0.02842691070946	0.273639827950373	27
-0.016906924170673	0.355426382339677	27
-0.092334298470598	0.495452519308343	203
-0.097415705013015	0.405278135881417	73
-0.037401097785703	0.411742137227049	73
0.085587438892898	1.21334501167775	73
-0.088665596293816	0.897047601443749	73
0.069472949434283	0.898671075732875	33
0.075011561384186	0.711341160191147	33
-0.072811486228399	0.912102364247888	33
-0.106819724864567	0.472498824392873	33
0.02298508394503	0.259687396958724	37
0.039323982584998	0.682340269222069	33
-0.091652277517705	0.498260412556069	33
-0.030019403751784	0.804143919888949	33
-0.030505432195656	0.890142862102411	33
0.030781911104552	1.1610627533674	33
-0.095124311208465	0.728113946215714	16
-0.124387222486707	0.693613563861819	62
-0.042230246424914	0.24396417180975	16
-0.08241263731599	0.666765084780672	16
-0.035482866171504	0.862235915180369	107
-0.080034292888876	0.490251040069937	22
0.109328947056874	0.880876280156961	22
0.00613111049929704	0.873879616123585	22
-0.036116812573292	0.169003815490307	27
-0.054840428841211	0.724021882663162	33
0.0938280628817419	0.553371048115491	33
-0.086500472865955	0.751643576914135	33
-0.000177129741962989	0.80652783288874	33
-0.07904851325359	0.647148605611515	33
-0.057604939231202	0.579653156544278	33
-0.085368903338853	0.708686698343628	62
0.015321269251548	0.679418422885146	62
-0.122236937326757	0.604163607382135	16
0.051012190695414	0.84650576962837	22
0.06852671632068	0.63734699977091	22
0.00994695378000798	0.53455994695364	22
-0.089679348207376	0.767721938987114	22
-0.043129463526594	0.893771798726495	22
0.013111452334481	0.362162866654609	7
0.030482998434999	0.27518969587138	27
0.035819273102051	0.449763986540587	27
0.10842208332039	0.193782715895591	27
0.032815581936405	0.278174146344977	27
-0.0610291460944	0.346634135688245	27
-0.029357152469881	0.960418247827843	73
0.024389223594407	1.53138797287498	73
0.116797532692128	1.22572931234879	33
-0.053239004977154	0.499517933601022	33
0.047920990252599	1.35712804021628	33
-0.123203528809718	0.336793516344724	37
-0.12390310590955	0.556395107535405	37
-0.099482558148218	0.498813063558863	33
0.122632314620918	0.300299395723471	33
0.095657020610672	0.464477442947014	33
0.072621759260863	0.947517655640236	33
0.123246306070831	1.08456126988989	33
-0.032131140662195	0.66683972492495	33
-0.077508635453381	0.821807802111263	33
-0.00671306101800201	0.517393880542632	33
-0.066890606111708	0.58402835883963	33
-0.098248114059008	0.809944026152878	37
-0.081572284627614	0.778492067920306	33
0.054536766526429	1.02595605520338	33
-0.106231803284594	0.695658304620521	33
0.00977487028815205	1.0133579094345	33
0.032001055938225	1.27565011827905	16
-0.075755234018972	0.514749265727219	62
-0.077170183601784	0.248922880793792	16
-0.063618574135368	0.752757613929078	22
0.0287293354339711	0.444570946016015	22
-0.1032218455765	0.413258529323172	22
-0.049072236987753	0.690938769961295	22
0.116619678452462	0.380255642558964	27
-0.082009335339156	0.586693974217748	203
-0.070923910233069	0.823579097293085	73
0.096264376405594	1.75579532565113	73
-0.068066147277777	0.761763694279347	33
-0.094415454802405	0.652077985094134	33
-0.032051260421979	0.831166062340398	33
-0.060248452876367	1.0779081943776	33
-0.000707075922241007	0.890868994730345	33
-0.118043523587388	0.507248459985102	33
0.055780599340105	1.12497800560049	33
-0.021850128328511	0.963296952310497	33
0.026124974366767	0.876415028329831	33
0.051079588863164	1.22491437253488	33
0.00901307367701698	1.07318140016526	33
0.088321922461576	1.30745625699746	33
-0.112365756364923	0.620626731028519	33
-0.071750210641958	0.793095793346997	16
-0.085079495392811	0.809209594770233	62
-0.041080359393803	0.256916107671606	16
-0.064209085426525	0.790322201245591	22
-0.062700699433817	0.729217168105885	22
0.087267906412211	1.16895869436965	22
0.00562359475636898	1.00119332762514	22
0.115428108502558	0.378119649282795	107
0.10090001068538	1.45500405222261	22
-0.021002268534696	0.603331798228101	394
0.057134410968647	0.357289673574249	22
0.057284768225999	0.459603818097538	7
0.123433745258194	0.300375612073727	27
0.016858313748944	1.00743959680292	73
0.104212884975634	1.57391523923444	33
-0.031177206534705	0.709629740859806	37
-0.033312781830018	0.259796568402092	33
-0.078960102507125	0.347706195208596	33
-0.07234204772964	0.856800121472786	33
-0.109145597967123	0.571048715550134	33
0.066554474460888	1.24248169488046	33
0.063028945764811	1.16663656154091	33
-0.015452742173934	0.961128987585633	33
-0.070128820950948	0.741646551541549	33
-0.07582168747853	0.702091711741052	16
-0.081452699019917	0.860811712096244	62
-0.118411866443792	0.731302556303117	62
0.113993371261928	1.4290259758697	62
0.074963370494547	0.83920042310471	62
-0.11418381521451	0.613858770905755	62
0.123432404153974	0.389186360213351	16
-0.029586489309198	0.338407302014818	16
0.042211484206894	0.513158176584495	16
0.042748483880943	0.98749874338083	16
0.00311358012307605	0.506046257228275	22
-0.105109675265552	0.574128512260331	22
-0.00886274469975201	1.00665118112042	22
-0.042907197425236	0.582827637908516	22
0.051849775961645	1.05265508646235	22
-0.106632873962995	0.645515205960214	22
-0.10897047639142	0.341142268926192	22
0.024170734808631	0.270857436647329	27
-0.050243871877328	0.333765446049016	27
-0.081526522061574	0.246368966735235	203
-0.025150588883341	0.773430997245709	73
-0.032625056783239	1.00293158004229	101
-0.038670478943686	1.04026083155468	33
-0.019910635520672	1.10378704944374	33
-0.117494618913813	0.811182085456187	33
0.100660051014473	1.56099867046915	33
-0.082862488604465	0.715120444017285	33
0.062020012663792	1.29722105353663	33
-0.049904638258333	0.664235963509374	37
0.111153013100566	0.281357051168524	33
0.080927923084013	0.793434643802107	33
-0.090667744021872	0.709630704269145	33
0.101422796601277	1.2794497869568	33
0.033920336477018	0.946665125881639	33
0.001512845466211	0.997931441983267	37
-0.106575632081433	0.573954037997368	33
-0.10192285855147	0.635813516594762	33
-0.104492281704923	0.560322563866479	33
-0.050600756882197	0.567945730549746	33
-0.10852788573312	0.688762238594376	16
0.098189171049979	1.31669533530995	62
0.058639641027625	0.78587217189148	62
-0.08002247888494	0.588718944495231	62
-0.024824748892543	0.683989041624672	62
0.086157058162783	0.614101589538436	16
0.0698023136907	1.04969956908747	16
-0.077163189269066	0.763053807524855	16
-0.049389245248165	0.658584512281373	22
-0.102671827077993	0.326369777746652	22
0.046837514847938	0.544482855483632	394
0.098918865025157	0.482138041904184	22
-0.120654660749162	0.156709729794293	22
0.114229940886066	0.19011185640502	27
-0.10431445839274	0.322899614907025	203
-0.11550101120302	0.702698758504412	73
0.00652150196301804	0.969347922920798	101
0.062832801313837	1.54556444866468	101
-0.080610409468327	1.1227229671864	101
-0.033201210433662	1.30589752109887	33
-0.049433026429034	0.653523284872298	33
-0.037925996023573	0.976422872274054	33
-0.00198109397244001	1.18264467724084	33
0.0897722257008891	1.19019019920308	37
0.013071493175461	0.747471101540721	33
0.032436138358508	0.279686685505066	33
-0.087991688252786	0.327048843015659	33
-0.074214733253913	0.681939552737403	33
0.090196539150267	1.09128801287711	33
-0.107486809975155	0.562724963903502	33
0.067104089944295	1.23708194377673	33
0.0277880111128001	0.8472613617339	33
-0.101015069516063	0.628949968848137	33
-0.124879374047916	0.722433363939618	33
-0.00379473912380501	0.853474906681791	33
-0.022036494510307	0.995431979124053	33
0.097127846058862	1.01987127321039	33
0.017874759045459	0.756602857696342	33
-0.064758358647042	0.719048506524163	62
-0.034489455587291	0.163521004054762	16
-0.062942985751074	0.769307932529206	16
0.037533595533329	0.985467291772121	22
0.00730986237353504	0.879089338699196	22
-0.093408414002546	0.823112621878632	22
-0.040091774854549	0.84290206300928	22
0.089502219447343	0.461038468036589	22
-0.100654723141669	0.535813598047813	22
0.123720632571147	0.637884406060331	394
0.123897923271777	0.290335011961883	22
-0.034757930614674	0.169372980204178	22
0.051813402359805	0.361905388427461	6
-0.119033630732453	0.615419620247059	203
-0.047557311705072	1.03308873838401	101
0.027426073960573	1.65703955562246	101
-0.056844987551897	1.31745771566029	101
0.103432550177048	1.82860246573559	101
-0.028372607031146	1.34774962793981	33
0.10274660650375	1.99446674199662	33
-0.036886402953872	0.430999625101919	33
-0.017938831372493	0.355480899701475	33
-0.045414454949448	0.763586487012271	37
-0.104785337786278	0.492725426256997	33
-0.090336135115922	0.675061772558842	33
-0.098154858911999	0.231016884747476	33
-0.024536400291657	0.848035012653908	33
0.041002993452483	1.01883270601509	33
-0.05418587727003	0.817636831666578	33
0.117200085165155	1.39545730134625	33
-0.107077712566608	0.69866460308529	33
-0.094546544808253	0.793013346275715	33
0.034473235671842	1.13391550420671	33
0.081512860181827	1.23647322030716	33
-0.071466997544222	0.810655034599854	33
-0.114531423980896	0.768931652928184	16
0.024428894913365	1.15778823482914	16
0.099409103095332	0.563086485878323	22
-0.030538117381801	0.971505316296643	22
-0.096221398393379	0.591360706698705	22
-0.108121483492709	0.491206295244531	22
0.041788215902112	0.92556036032469	22
0.106682692362124	1.13633159724196	22
-0.110983831353063	0.338317069368194	394
-0.039525629561077	0.433038585528573	22
0.1018481578054	0.190738034893045	6
0.027206305602986	0.272374922927763	6
0.05351440208823	0.897846333630297	203
0.088545955083746	1.00432404333164	101
0.075641150422042	1.92953707042795	101
-0.011479374382897	1.49186825284477	101
0.060042899478749	1.47970262085007	101
-0.01503436198544	1.44787125598222	101
-0.072673690063669	0.740529405364152	33
0.053163257661332	1.66096732281793	33
-0.010465944758899	1.14525140381051	33
-0.120084624266155	0.634500624108054	33
-0.110661347767169	0.778424360459734	33
-0.067314561177828	0.761087094318346	37
-0.121176655433482	0.502061039704109	33
-0.00659512706765197	0.862035901383605	33
-0.033803213910576	0.247799898903623	37
0.049656807967926	0.84484128664851	33
0.114440827418633	1.04301840824608	33
-0.096610007792907	0.692423857805079	33
-0.084780625242587	0.667590076566803	33
-0.118161143736251	0.58638264950189	33
-0.000774027117437015	0.717384272383389	33
-0.119980982594575	0.559721288675543	33
0.076607239414045	1.12277273145524	62
-0.00742318010411802	0.817380410989429	62
-0.122314662775482	0.420738654637994	62
-0.079782422891024	0.65680782527493	62
-0.072471897325366	0.641235076840037	22
-0.058146718396849	0.652220948658005	22
0.119435453440061	1.25308565282744	22
0.0103878857366601	0.859972188789705	22
-0.041358275173068	0.791046989479076	22
-0.02643687239086	0.665987700003715	22
-0.080029661178052	0.347592021394211	22
-0.088343832402072	0.248094968864063	22
-0.051034340028045	0.78704917047192	203
-0.10571255362595	1.00356436657778	101
0.063505191966484	1.35541581470423	101
0.075559629549941	1.22556312806764	101
-0.018737649899003	1.17595658418627	101
0.018070767556392	1.54949669802882	101
-0.052030622771055	1.11360024423217	101
-0.067722556195348	0.778739568833616	33
-0.098827709272528	0.805075719135927	33
-0.119792665495927	0.680668868174624	33
0.036084275074768	1.07742050020112	33
0.077467579974548	1.1572402421838	33
-0.021058774184694	0.910591857407792	33
-0.037723708147066	0.89692920500507	33
-0.019635555646494	0.524417642784248	33
0.103724876083215	0.988153483670957	33
0.110288917038918	1.03986190272082	33
-0.110901773363793	0.472111408645513	33
-0.121346905816855	0.480062430841886	33
-0.032660298787731	0.649193614957686	33
-0.091001524385686	0.558218779746944	33
-0.052382313200944	0.746874127038347	33
0.012107030599551	0.933723753898191	33
-0.095251483487494	0.510252828485878	33
-0.096885869139523	0.564161646195868	33
-0.036893614488571	0.765280591750461	16
-0.066662132446695	0.598120637000544	62
-0.080031453986294	0.509687228432553	62
0.056850365136773	0.903576897616136	62
-0.077541624131282	0.493264203203027	22
0.070410873794608	0.63093379689294	22
-0.070787380539217	0.585346907597382	22
0.06662701808119	0.792251820849716	22
0.120868262184318	1.13813593417054	22
0.071739308169599	0.820566486243346	22
-0.092576617020617	0.341651364888415	22
0.022278892857145	0.458651343071372	22
0.013931218932086	1.13846502872437	101
-0.099078830253575	1.23464578578375	101
-0.031726343001364	1.80866350363424	101
-0.094869563594073	1.07607377153681	101
-0.083259412112158	0.980974811427848	33
-0.058986557183171	0.89449468959883	33
-0.077925806528347	0.868658964880326	33
-0.00256983187495402	0.926008145043087	33
0.00457207215764099	0.608241344238517	33
0.00543506868703103	1.10384126260641	33
0.089178528392419	0.620043649029502	37
0.056330627479209	0.450699508901155	37
0.016388316022935	0.678618844723288	33
0.027608108333578	0.539685939354619	33
-0.077297115012667	0.421444005099186	33
-0.058370496015185	0.606272433424904	33
-0.119480848972173	0.494141031168181	33
-0.12177644778511	0.508892215756885	33
0.089262204001504	0.941695653453309	33
-0.028143631287105	0.734665427668396	37
-0.119948274692748	0.571105002942502	33
-0.107626773472842	0.503067853505714	33
-0.025963533501679	0.719319033777251	33
0.072458202090677	0.885640783859868	33
-0.089461260970205	0.570304902416223	62
0.074103197865749	1.09288609684323	62
-0.090501981512862	0.485782208785948	62
-0.031078985802079	0.675149111357129	62
-0.027418901389471	0.721018994998546	62
0.11373319599437	0.856000765004245	16
0.066846394346927	0.687666250875333	16
0.00550434715001702	0.656165155409045	22
-0.085333353661996	0.484315545964592	22
0.031308354579812	0.84932017426607	22
-0.117950972836136	0.487284128391001	22
-0.123831405561565	0.239378110462451	22
-0.007271275136916	0.524612668246492	22
0.124367749940092	0.736655246276265	22
0.006644887908967	2.31328820544784	101
0.00952800036245904	1.99289294853358	101
0.085983590606234	1.65400980360353	101
-0.03318304047078	1.74508023600018	101
0.099635702253423	1.21986440856826	33
-0.122575174177092	0.844776911449653	33
-0.032330490655351	0.79776113007612	37
0.022349579247454	0.848752197647265	33
-0.087222299619838	0.425719146320078	33
-0.013820972082383	0.51844537368403	37
0.006693786435649	0.678432972230298	33
-0.036899641605833	0.496837978281227	16
-0.114529367214351	0.397214043718713	22
-0.061973870098454	0.503333109565652	22
-0.120896419765374	0.487365485135548	22
-0.114376811906859	0.417538596607849	22
0.117693084299737	0.713541927696408	22
0.00567027191938396	0.748441975203433	22
-0.013435262996881	0.850617494389677	22
-0.075855675337307	0.508688110428473	203
0.059091292781573	1.73452588670232	101
0.028856245409095	2.49063064259309	101
0.075345936127445	2.23125314248533	101
0.035628690005246	1.86333313652135	101
0.0545198972088911	1.79972579431777	101
-0.031718116652675	1.26584158313316	101
0.016874423505549	1.06893299861435	33
-0.061060918566677	0.922116126827895	33
0.025767388865317	1.11989973421656	37
0.019764052225699	1.07699265405605	37
0.076639864487041	1.29864887194612	37
-0.045038228508513	0.340541063894241	37
-0.028662266734252	0.339359871635267	37
-0.08998919732672	0.426904350618419	343
-0.048363924334998	0.660984477729602	33
0.121782335989687	1.05517541067975	33
-0.072561072454564	0.575183713977352	33
-0.098138694240191	0.630789376663939	16
0.00355642825154301	0.674527303589713	16
0.061728466083978	0.695201484347868	16
0.088275601254645	0.957147161049099	16
0.066398966055533	0.963293295191505	62
-0.034732382425203	0.442057843351154	16
-0.051497734482506	0.67322393174729	22
-0.080543059545533	0.480231595313343	22
-0.00992115807384702	0.522393339204759	22
0.044243744108787	0.772567649901804	22
0.058853282411385	1.00626730363078	22
0.057493803620587	0.688143018909333	22
-0.053819504875407	0.704337917897509	22
0.110957838207054	0.56309556565148	22
-0.041237831109797	0.493987694250914	22
-0.076638765801369	0.34736458545436	203
-0.061170979424464	1.55646409581691	73
-0.028275988568312	2.29342920760097	101
-0.058066847694912	2.44209336311235	101
-0.111934444172803	1.23337493221699	101
0.053185884704041	1.59642714744451	101
0.049251693250005	1.51928626180841	101
0.05045738499456	1.50192852369072	101
-0.038413440996074	0.951134757495513	33
0.032885563192639	0.846234585143455	37
-0.075178814932406	0.544500511113557	33
0.017408887892249	0.681389624188737	33
0.09182657879104	0.719997035743128	33
-0.109470997434086	0.637668678815443	16
-0.00243722885076603	0.659290540825639	16
-0.065530776381572	0.553809426383296	16
-0.026742847112747	0.593631067505288	16
-0.099790958224156	0.414705146179077	16
0.0155355083793119	0.519409058492747	22
-0.062955784440169	0.513429289288095	22
-0.092215321898189	0.493015258035182	22
0.113719159227271	0.70248450841553	22
-0.116659123020598	0.331536500161362	22
-0.117691029677164	0.491278853603492	22
-0.028363008166788	0.551614289513547	22
-0.075697125394312	0.491675447943926	203
-0.085264151618987	0.494755117905818	203
-0.007317565665165	1.87474635179809	101
0.090970469701351	1.10438003606453	101
-0.118484130725472	0.418405581175093	33
-0.058858349455217	0.653436030883785	343
-0.023179672702183	0.351932339828133	33
0.0552598571363641	0.619208250961526	33
-0.036202557771054	0.484899807652507	33
-0.124143280766759	0.234805411441891	33
-0.066280106570907	0.346152020206947	16
-0.026334025001845	0.339078325692028	62
0.019009026995145	0.504645027379985	16
-0.01714820949228	0.601985651904039	22
-0.11851607229101	0.692840296376184	22
-0.05234137842581	1.03549056827666	22
0.061789013799603	0.371853517646819	22
-0.064382469687035	1.75987816526914	101
-0.096257928660462	0.339498805438847	37
-0.002716228824093	0.715322405999228	37
-0.04966628063508	0.669432354198383	33
0.063584522076411	0.932513303088461	37
-0.065722945420658	0.50009281079549	33
0.024551320641548	0.675029241728958	16
0.013688579039989	0.666773588957353	16
-0.073771883686472	0.410367044720012	22
0.043892734961694	0.664644887198759	22
0.116708390323969	0.796801227547102	203
-0.059166278544411	1.79750132298769	101
-0.03757625057381	1.45985732535113	101
-0.118073513702231	0.72891079440932	37
0.12061522871048	0.79372855546386	37
0.037957756000378	0.54278144324439	343
-0.032128449458579	0.521859255957689	33
0.109631053595641	0.725375903817446	37
0.120744060862253	0.965930854688573	33
-0.093400300396493	0.411716488213898	33
-0.076661986817334	0.492193737959586	37
-0.112800733698139	0.399685248949903	33
-0.080049308906182	0.481086594086238	33
-0.106485852924554	0.409034040412573	33
-0.124563375545562	0.316078603230574	33
-0.04773998174867	0.431294075264073	16
-0.104489299356951	0.424866551751222	22
-0.070348827924781	0.502901871718373	16
-0.106960326490802	0.421011823428555	16
0.0288570444326181	0.619801452317209	16
-0.044553037157843	0.577387801220118	22
0.0593007684685301	0.625812898030034	22
0.018831386351562	0.521096112994188	22
-0.00958677768948801	0.522462749190919	22
-0.12004293018536	0.345431538796572	22
-0.06516996162498	0.51287590958963	22
0.120103900839717	0.294902919302283	6
-0.096489316087204	0.544495313778527	6
0.111959972576981	0.71061859942728	6
-0.103231307486263	1.60827477634171	101
0.014099698081078	1.35205908913186	101
-0.050475419239176	0.554022344121352	37
0.022227976506892	0.523157174618801	37
0.05913271254252	0.532386982256674	33
-0.04714652414953	0.348577862410457	37
-0.00178330111098501	0.810763849048135	16
-0.025915899153104	0.514810968767811	16
-0.063227243935657	0.578149616690266	16
0.037217924069581	0.465315735760539	16
-0.089201468257606	0.240848416258068	22
-0.078687596931029	0.343324892085969	22
0.119769989948147	0.658944243993881	22
-0.020046621692627	0.353922035671601	16
-0.040849569042226	0.351977505768209	16
-0.051436616304452	0.326140751782107	16
-0.017936970700923	0.357215899267249	22
0.063300443916459	0.362642588132836	22
-0.00208005413502199	0.35354647711582	22
-0.11475388445151	0.51931663158531	22
0.0328195837038841	0.445862263064877	6
-0.035388584460567	0.657994613771405	203
0.111323339277277	1.00369754104794	33
0.060022372833639	0.53746400425578	37
-0.0706345840448	0.341671098475481	37
0.0628921370928221	0.543232149213422	37
0.048764757766415	1.21495775737332	37
-0.074019930404592	0.71949154397401	343
-0.112171159567462	0.411838170781006	343
0.024550352130536	0.270793502844477	33
0.063111956455735	0.375291640851016	33
0.121169901850347	0.381925742163621	37
0.121460562265208	0.573038796544434	33
0.0328996490211561	0.275676157743426	33
0.0402119049866591	0.69268168612094	33
-0.00839770211995	0.354748344205617	33
0.026869086646513	0.273526997979039	16
0.013111452334481	0.362162866654609	16
-0.093852013113771	0.339255367273125	16
-0.086621489116301	0.248820772808889	16
-0.10257068800762	0.331482383411224	16
-0.082346310737654	0.247832055828266	16
0.034121260199481	0.46199962053893	22
-0.109467455323035	0.620146326456941	22
-0.12417435244103	0.237488846464193	6
0.120072653008413	0.379917905106815	6
0.040552450281954	1.09916359381886	37
-0.123728333259647	0.550765677345972	37
-0.1210791916479	0.42101939369288	37
-0.083180150534306	0.241118698523916	33
-0.06646113561757	0.661909958963747	37
0.047477697968581	0.352204919295746	33
0.028220878563106	0.446395775785277	33
-0.078094128171069	0.24801218567639	33
-0.037822217860115	0.261379480193382	16
-0.09199520497548	0.239957568094104	16
-0.015248386254147	0.509778099104404	16
-0.071724525680427	0.331771079611211	16
-0.121417528033644	0.157137582371217	16
-0.101020702235823	0.508360624893056	16
0.014538043215626	0.769424076671382	16
0.033566234887342	0.451893253351158	16
-0.036725836654025	0.170560724530011	22
0.040226912068397	0.52668985906303	16
0.0106294361224329	0.514001366603997	22
0.114778887958716	0.290703581339539	22
0.055651448470755	0.681456145109001	22
-0.037597297438868	0.810851287246127	203
-0.097826576535623	0.887770366194655	6
0.053401338594105	1.57218758897901	33
-0.040396974648021	0.875373444326377	33
-0.11725600321288	0.413758770224178	33
-0.121753729187121	0.404872415128907	255
0.012637709673879	0.882606774956722	37
0.00366679909474299	0.523784838906611	37
-0.103553058510934	0.747392344718134	343
-0.112389135730934	0.413845364180883	343
0.017368390507063	0.753450993685117	37
-0.00407089029524899	0.526746798725689	37
0.068384610733793	0.373749687564884	33
0.018229677730015	0.25874644788187	33
-0.084283547741029	0.248513542024747	37
-0.049262291276771	0.339509861433375	33
-0.032324822116013	0.260175022392526	33
-0.121866469949611	0.231920671518123	33
-0.078337262807306	0.248789454577596	33
-0.03253257237424	0.257455428187165	33
0.065755268531401	0.465538370379605	33
-0.046312406865721	0.583786308091262	33
-0.030626547531618	0.257774469264968	16
0.103050229919081	0.991079019799593	16
0.028046181510988	0.272513184872445	16
-0.00802906800817999	0.664603795612074	22
0.016171766461626	0.588772540684359	16
-0.017936970700923	0.357215899267249	22
0.026593599744797	0.264223212553874	22
0.061212222928403	0.375303987639377	6
-0.014776072336261	0.348380672742588	6
0.097863213192929	0.483526401800147	6
-0.080223317341269	2.29066046504964	33
-0.074354609072143	1.30472909138641	33
-0.078521211849832	0.847837684174722	33
-0.090994201994355	0.421552543621508	33
0.123959792913916	0.393701850338643	33
-0.123212119841969	0.235941922167492	33
-0.095116701546405	0.231899202966329	37
-0.032531361079962	0.352217778949324	33
-0.09162761019954	0.240769520914533	33
0.124411277894824	0.374676204590108	33
0.02344800670562	0.421261589505993	33
-0.05505202276763	0.341751231218637	37
-0.114967163037737	0.240714158477913	33
-0.06892128963759	0.334888630124058	33
-0.100131664899875	0.226220426674399	16
-0.090936070030511	0.239846247219107	16
0.06714738495938	0.905260501858853	22
-0.083569550991472	0.247852888620494	16
0.11867881070768	0.38553753081319	16
-0.0275123675052	0.345048089171265	22
-0.038589577801051	0.16673263343972	22
-0.036915425721159	0.258254075866633	22
-0.077991489293897	0.625319899391943	6
-0.053543025016621	0.933478321826028	6
0.058942849626235	0.362875261796906	6
-0.057875125197425	0.568470535204257	6
0.031388168857716	0.937677604264679	343
-0.097938702197343	0.482316456051416	37
-0.00574782459157702	0.578992287949633	37
0.015525778636545	0.511502186783671	33
-0.111538223788925	0.48465060566956	33
-0.123699210022287	0.410266171357202	33
0.050257397656929	0.543173227859431	16
-0.089446437530422	0.399588836222507	16
-0.079809665458709	0.654911479712088	22
-0.076579707717457	0.414218489873108	16
-0.067593695900272	2.06344875346808	33
-0.08456554189067	0.48261449412424	37
0.06911454135734	0.624938645585252	37
0.088322623643722	0.77396256834482	37
-0.117559890241804	0.425280835625356	33
-0.103208400603299	0.494579099966156	33
-0.021824565387354	0.580879942252794	33
-0.04753182913512	0.597324224471369	334
0.00652933363156605	0.590255009645024	16
0.084623216776387	0.870558748466123	16
-0.121258546173041	0.464189102624264	22
-0.00989021635473702	0.450113531370231	6
0.00718394976880998	0.532877443596714	6
-0.098990079379898	0.575025696617419	37
-0.112630579932157	0.537157494471033	33
0.111419581959284	0.958993069193556	33
-0.065961515341836	0.561995088235901	33
0.063971627112737	0.920427191551687	33
0.00378892152772503	0.789172512967987	16
-0.095962803293577	0.502484427634357	16
-0.115004593343616	0.569316731418444	33
0.108165213837913	0.956173293632685	16
0.101370575125527	0.95008160808504	16
-0.099592802863314	0.569023910678591	16
-0.117725669908751	0.475553467664135	334
-0.01961766301286	0.590512047068925	16
-0.011761409535262	0.447501486195479	22
-0.102932286512831	0.573556696835816	22
0.041294450519347	0.330960488531924	6
0.078797006817417	0.641940398830874	22
0.074768986027647	0.858560614949213	255
-0.00347027685922002	0.746104641386603	49
0.022583424429699	0.691546631403134	207
-0.049282854902117	0.49871211447677	33
0.065316664247001	0.799608293454365	37
0.065777532112498	0.738654117629169	37
0.032392209575588	0.773813565038575	33
-0.112570901311942	0.503142943500518	33
0.059800182676981	0.811888649431745	16
0.0358410382464111	0.619935481873361	33
-0.074625225082698	0.506670647411892	16
-0.042698368897665	0.579882593622012	334
-0.083271343223383	0.584443877605968	334
-0.04787788679975	0.571918966649726	16
-0.048605790691834	0.74823359899973	16
0.010367240645382	0.582122263379466	22
-0.075396577882509	0.693656173319141	6
-0.052263306080005	0.552765347139088	6
-0.040797876453014	0.596057375573575	6
-0.103303349204685	0.511478882669215	6
0.076967864893307	0.709745373567487	255
0.091533253735604	0.471244891954413	49
0.0980958937942919	0.572245062658154	343
-0.116925790545883	0.397237971551574	343
0.087265870204105	1.02341309488585	207
-0.062205912108237	0.647601013719507	37
0.105783737725422	1.21731711540593	33
-0.123062683033711	0.555826100438073	33
-0.112938998570001	0.399548470930847	33
0.072985219292886	0.863212715855037	33
-0.016068502264461	0.750633869070816	33
-0.096548508372468	0.484400990288582	33
-0.117368047000442	0.49620870014476	33
-0.068537690333171	0.53095236598879	33
0.00896528311848799	0.678831940988034	33
-0.00293668404384501	0.677133048815895	33
-0.122285866674946	0.547180279220564	16
0.063238617009713	0.860973448941396	16
-0.061950532985633	0.580801485744089	334
0.03916451925794	0.619655533899436	16
0.049825552736455	0.829543598170539	22
0.04523729738634	0.616287851639044	6
-0.040972585123595	0.517577165056027	6
0.111299535832485	0.191452642057638	6
0.075439148485038	1.14694107212299	6
0.08169560759174	0.939180069059225	6
-0.038139952738563	0.846858856169596	255
-0.077578393634047	0.669428904861498	255
-0.101645590359493	0.345703782472904	49
-0.011612829483946	0.442914372688623	343
0.05861516451351	0.622382316176226	343
0.064304770168666	0.98352682759352	33
-0.11146410912726	0.422873623615014	16
-0.119833847528026	0.564179716060803	16
0.097751418337492	0.64582515067573	16
-0.114699194441521	0.421803603424301	16
-0.079617120155589	0.750396398966569	16
0.061200661785615	0.991718144770027	16
0.049791505899298	0.466737726787283	16
0.058291736888012	0.9095777518088	22
-0.076750750863394	0.557570106773527	22
-0.073303402147612	0.482208283018764	22
0.060894336939373	0.83796425550171	6
-0.084409317333113	0.338345882706673	22
0.118963815332042	0.287960490988701	6
0.014556088522563	0.346330333353188	6
-0.02216287639756	0.997199368190456	6
-0.058224575004321	0.863528624238636	6
0.121409408371411	1.28992350688673	6
0.0323018688954621	1.01128637744921	6
-0.040702780513383	0.67186629509663	255
0.00603377741867706	0.445181903052232	343
0.000153958923266972	0.801339715234331	343
0.005369377381789	0.834845178026399	207
-0.012634523340676	1.03899086821136	207
-0.103060109906192	0.50689192766738	37
-0.067106593967882	0.844366596970345	33
-0.07090615915365	0.704914012749002	33
-0.06431147584811	0.79038291863746	33
0.080918192890014	1.33523977293522	33
0.0966244810342251	1.00770762009813	33
-0.081999272605773	0.681274592799259	33
-0.026880273639577	0.797190731786422	33
-0.100750116535549	0.645153624144434	33
-0.040311612501718	0.854667227450844	33
0.059025561346942	1.20643074214579	16
0.060471825731826	1.16394773286422	16
-0.076646911608069	0.660660258666684	33
-0.100387427018672	0.626450315574957	33
-0.013732225899608	0.884488714132967	16
0.060873523393388	1.07398140666292	334
0.110796339006094	1.18503317393715	334
0.00783212247427501	0.933236693287051	334
0.058850004487286	0.939360908893131	16
0.117834025871635	1.04053364201582	22
-0.076980617894697	0.762794453533135	6
0.09458612170684	0.948692788019055	6
-0.00368129390836602	0.816986895854065	22
0.092547773416826	0.638709571128631	22
-0.023278413389991	0.344338243348018	22
-0.121417528033644	0.157137582371217	6
-0.117743199322778	0.466465051340975	6
-0.086661424659669	0.641705777246336	6
0.118811938304624	1.27568566588347	6
0.0289641930794961	1.37671604127518	255
-0.02470867662675	0.580891178954068	255
-0.022606375069806	0.798388682839899	207
-0.042268043127002	0.85592372807707	37
-0.096413970117725	0.705007080280045	33
-0.00315467351638299	0.881007881142646	33
-0.063752619792327	0.585928221817817	33
-0.00105105703571601	0.844319774444492	33
0.01981632283018	0.901036516593165	334
-0.00565893318156702	0.441622161003621	16
0.075014162108023	0.976065974230223	16
-0.027887673680853	0.719611660412902	16
0.045578777622339	0.913271355204344	16
-0.105790668400025	0.564232146268275	22
0.052845866445726	0.998135495709769	6
-0.043627750754735	0.782031823768024	6
-0.00831780726459502	0.874645820621801	22
-0.031856337322608	0.744130136731779	22
0.123441527854896	0.292667201052587	6
-0.097751675774723	0.773091443802628	343
-0.119481520942232	0.462119565580216	207
0.121271371957317	0.648592442570467	33
-0.116976746339928	0.408592442118073	33
0.0857964746559951	0.693364870147585	33
-0.051908000322675	0.48441618174807	33
0.060872715704807	0.697325053146408	33
0.100254650957255	0.879481510915449	33
0.116966240056342	0.891610691202781	16
0.119880534047396	0.646854952359331	33
-0.11666808907533	0.422857563906488	33
-0.066454595377753	0.405274330171161	33
-0.10791284918695	0.583593409258865	16
-0.111601009511158	0.393910914728159	16
0.03714337989544	0.739151214515848	16
0.070131565005092	0.702504208372349	16
-0.109213998725305	0.339537665133796	16
-0.099819041917322	0.420345522542629	334
0.052529150507901	0.574198276055395	334
-0.056345531790381	0.714703749726095	16
-0.123705739437816	0.341539897124855	16
-0.028886598904531	0.433926074780949	16
-0.100362336100816	0.593559639464584	22
0.080721128299321	0.703505755456868	22
-0.091321076444711	0.429521293516916	6
0.014607350244196	0.828799282581451	22
0.062964064921646	0.963189306126344	22
-0.032810552286214	0.624949131923315	6
0.056700252037636	0.686549388360553	6
-0.078016624200732	0.346994683536054	49
-0.097813895970907	0.656193996269092	207
-0.118359592891836	0.583978110168092	33
-0.03987047963644	0.833678520965526	33
-0.065625936595118	0.814651577851228	33
-0.02788789041036	0.89710040925742	33
0.068585310470043	0.973184857022406	33
-0.014379338374033	0.868451610718984	33
-0.05441763809072	0.7307211758647	33
-0.074456643068911	0.721716114360179	16
-0.028492163821302	0.672457753599103	33
-0.09968817009173	0.496387877197287	33
-0.05959211080961	0.678579198629441	33
0.032058783452323	1.02373971512227	16
-0.061956315477197	0.644352797300545	16
0.040497330455212	1.05737695320931	16
0.00100957746981301	0.904230152321026	334
-0.040444839739721	0.730751298883049	334
-0.080154900849227	0.523584392747284	16
0.066476731251828	1.00757942685442	16
-0.103563416215117	0.643858555498229	22
-0.042817096510835	0.775202361275658	6
0.114692656676612	0.363931368119239	22
-0.013858923345297	0.353463878704529	22
0.0559801415964	0.363587240959255	6
-0.114263488336944	0.709194097257115	6
-0.066635362097254	0.657270777739366	255
-0.043262894495351	0.713638992543097	255
0.021292551364848	1.04010780796512	207
-0.080409794216698	0.81827178095402	207
-0.049465361086528	0.860879411254267	37
-0.038070264369446	0.774277791408406	33
-0.110536465475288	0.651870514089269	33
-0.116334650936002	0.63262241351537	33
-0.087958318493244	0.577560092978072	33
-0.106967646400806	0.483058031250389	33
0.035040657341449	1.16678415405519	33
0.121111345225809	1.46873491466435	33
0.059288417764562	0.885545949095883	33
-0.059898446628592	0.836535012527372	16
-0.097492169293213	0.796696984636723	334
-0.077104954078406	0.569791407085617	334
-0.087658444610841	0.574007810860887	334
-0.103797915649218	0.414079123796078	16
-0.02458922434029	0.852349910084334	16
0.086138026238375	0.99136880173668	22
-0.084149877488292	0.647216344106962	22
0.065757529235125	1.08462235247757	22
-0.121656835063255	0.153940639044104	22
0.025014366482658	0.269842936852081	22
0.041364555412501	0.465105588382037	6
-0.031123492686727	0.26212773376823	6
0.01353330445748	0.352186156153081	6
-0.04045825641457	0.946924486732196	6
0.011671935238166	0.535463564304063	6
-0.102829607635685	0.414881020753211	92
0.076808708538012	1.11933298060794	255
0.108969139732735	1.51518063340896	255
-0.122934731709178	0.239270091955845	49
-0.049220889954929	0.346053777667597	49
0.121718269877111	0.644036971326339	49
0.0125720901923539	1.16125212439092	207
-0.103635317336848	0.647581181786316	33
-0.093868955545577	0.781535015207511	33
-0.033730468337964	0.740425439505105	33
0.083412855641558	1.11307169461296	33
-0.084438987801877	0.860017130563271	33
-0.026572790983381	0.912436765528155	33
0.050869641367325	0.895418258264409	33
-0.000193993547715987	0.922131344439735	33
0.063225009095182	0.813792931176295	33
0.075916535329936	1.23263558645965	33
-0.036139271980256	0.956269402189925	33
-0.058840282512896	0.575337140608697	16
0.00442137446317203	0.865733973624651	16
0.112437552939357	1.2363121327617	22
-0.026418496748117	0.339092586710542	22
-0.09907986990544	0.596688141325824	22
0.0267359012924691	0.770078483639147	22
-0.121745430021944	0.68959431608976	6
0.110825372131027	0.704853171604828	22
-0.101729024817891	0.336854422645924	6
-0.041477685109171	0.942184910035415	6
-0.09186980958972	1.90652380803953	255
0.080078251484449	1.12127152386293	207
0.0690631922371679	1.18153766348235	207
-0.110978596825237	0.667207900298846	33
-0.036151748823177	0.731815492882771	33
0.00459156935342397	1.08643773760802	33
-0.032573796307611	0.774863285993191	33
0.091004579585212	1.12465677860092	33
0.090699969300813	0.558304436816235	16
-0.100770898604755	0.686556122669794	334
-0.110322473325218	0.513567434547765	334
0.0883403517182541	0.46023244060483	16
-0.056509715752761	0.751708402087321	16
-0.068127600143079	0.84546655054412	16
-0.072750757898601	0.833686077320951	22
-0.115778269581482	0.435100876361826	22
0.046456812064248	0.844045642004459	22
0.060468137063604	0.821042113025229	22
0.110763463917107	1.1046404628224	22
0.120905500240983	0.292597826108115	22
0.123816549288939	1.69404454643932	255
-0.036915425721159	0.258254075866633	49
-0.093583861265944	0.619061143789547	207
-0.113841937278026	0.70924466217886	207
-0.012690183584525	0.963626068277757	207
-0.115543085483673	0.696878280199578	33
-0.076803261036815	0.816436743777582	273
0.00713995389214905	1.02589674891636	33
-0.014857626234744	0.863470730698459	33
-0.033551683642009	0.729393757709886	33
0.081563563860413	1.08199685135108	33
-0.007622191444765	0.943094075008227	33
-0.057534602652383	0.666038118193199	33
-0.067130689960424	0.767822810442407	33
0.0243072481844669	0.593981899544843	33
0.095072471446777	0.936486262170937	16
0.043133623543035	0.605026524919497	16
0.013437965671896	1.03457156321729	16
-0.107713873709413	0.733473751070298	16
0.123627930496124	1.10806699834845	22
0.016319579337833	0.452084351813549	22
0.010060230961904	0.447168763130873	22
0.02560068256829	0.887741784758624	22
-0.079412228738455	0.571386968096637	22
0.040219073688225	0.624235174577426	22
0.038589708589833	0.899505814434558	22
0.101305302936219	0.859898628852336	22
-0.032037882132122	0.169898954015918	22
-0.036221078911333	0.254826066825777	22
0.076157293953196	0.47034857234624	6
0.044982771520765	1.47179160478765	255
0.00845409805372799	1.15599540862391	255
0.097946288285326	0.472463249182985	49
0.073719851217004	0.558664194303885	49
-0.033020750810642	0.935301009508188	207
-0.057355582386992	0.836526501714493	207
0.000993421263213001	0.791703359031149	37
0.079273322327717	1.14552171987649	37
0.0832652181553461	1.28277321391657	273
-0.060462977238121	0.687074955925624	273
0.041228483635954	1.00959581166796	33
-0.065185369475573	0.816932556048078	33
-0.00970123888151397	0.75249524762997	33
0.017392355167227	0.84556097723218	33
-0.123744105258218	0.567155199245193	33
0.027008571170839	0.906515860637569	33
0.02213596714221	1.07093473476962	33
0.056085363318511	1.11782767851659	33
0.00075106768286104	0.887562123684955	33
-0.098840108170943	0.47735946735436	16
0.00595649135869902	0.863993719311198	334
-0.095140449642709	0.587980591388886	6
-0.09752497355752	0.575500241535518	22
-0.04081609415763	0.437290110900861	22
-0.02564901348331	0.511577547363319	22
-0.024522826382879	0.257006255688071	6
0.036203749857239	1.22917521384613	255
-0.016862798159075	1.09908112769803	255
0.068534083508701	1.23197381855298	255
0.00381561586760504	0.566954621366836	49
0.048347819462375	0.679243326855063	37
0.0272112551817451	0.750988254054017	37
-0.067556930823159	0.576496956244334	37
0.093553475850196	1.14629148941448	207
-0.112211053149496	0.510655410278534	207
0.018700351386827	0.905807855818133	207
-0.058776602373824	0.622746708545697	207
0.031928056224286	0.997611136274833	207
-0.027030792219932	0.66021514756793	273
-0.066015045548071	0.546380936040306	273
-0.018111477146409	0.575135062040325	33
0.031892224374986	0.604939979122726	33
-0.024217648530572	0.666447848894806	33
0.00527743608491804	0.689080346407692	33
0.093676152687046	0.949618308727786	33
0.037353119710886	0.694306646424566	33
0.059026024228615	0.689925415757164	33
-0.123873532314636	0.550555320386628	33
0.050082241842376	0.773389796116141	33
-0.118869562597254	0.466363878525672	33
-0.102998839981576	0.567849052460897	33
-0.001348621824239	0.6592409898691	33
-0.060720857444173	0.548206659589225	16
-0.120264196875455	0.44347846648961	16
-0.081906421326327	0.496885488506807	334
0.091511206026289	0.880534816033057	334
0.096243167991091	0.911640460901828	16
-0.014791863944584	0.785886386153238	22
-0.113733271563337	0.504103738488011	6
-0.110601637059395	0.510734531909286	22
0.026635018029326	0.538999846531766	6
-0.015122222425901	0.492549379310594	6
0.011209817971534	1.21521076559435	255
-0.00903445825515897	0.804917116885005	207
0.0981935602126221	1.00835932276432	207
-0.054652369221984	0.666246110223947	207
-0.123886243591043	0.482411159901241	273
-0.081199776523837	0.531009399057811	273
-0.023882585816829	0.861929794867747	273
0.081311974027095	0.838009059385205	33
-0.065455852980063	0.575657431209276	33
-0.038684824217418	0.679309987865106	33
-0.047893008779681	0.565113630110441	33
-0.071501527435436	0.575276095499191	33
0.0731426977466501	0.868773241232535	33
-0.096461754328623	0.496790880979117	33
0.123115697040849	1.16571177934192	33
0.049142823565357	0.824557950798009	33
0.030094615356593	0.687173596812544	33
-0.078637488732427	0.583827221529547	33
0.059667445962886	0.915178547316782	33
-0.111443110500328	0.516875159454182	33
-0.01435308739354	0.558547355279135	16
-0.079994388950148	0.541578133659875	334
-0.056899543281147	0.64518295045565	334
-0.10998557858444	0.527725655456228	16
-0.102353786858223	0.466718323239707	16
-0.061107316098264	0.662611809965155	22
-0.015391468245614	0.800456831610726	22
-0.123736902890823	0.410848491244616	22
0.119014170568673	0.617396801079318	6
-0.102812946407815	0.600205340808207	6
-0.054720137899733	0.894058501383952	255
0.016454013400042	0.984245285600805	255
-0.073875623578224	0.809228829741787	37
-0.122294699014248	0.760978529534337	37
-0.017082267340131	0.589593822713235	273
-0.118985821696242	0.404876788270251	33
-0.002423962933714	0.81557343377173	33
-0.061775014383664	0.502378233019378	33
-0.041875173401079	0.460476368764984	33
0.054682076320656	0.692448468379938	33
-0.046799296064916	0.433181628129595	33
0.00793253363792401	0.606827695991684	33
-0.084745756718643	0.412628725862708	33
-0.081992437143745	0.504301739599547	334
0.042067484020853	0.752006212996891	16
-0.110755375670149	0.589342590281263	16
-0.07811359722139	0.421897883118207	16
0.0855956707416911	0.875657873380964	22
-0.123132942507669	0.605013033208117	22
-0.00895944853194403	0.801825165786641	22
-0.119596479247055	0.570456930012499	22
-0.063608571522703	0.499592425345158	22
-0.085861612025525	0.402726597024118	22
0.088310543516502	0.707931811354918	22
-0.071457037544781	0.430416516254358	22
-0.0997224294661	0.638338634595764	6
-0.09915576453616	0.699096635669493	22
-0.048951047712787	0.746503499634297	22
0.01275436163709	0.356208456873601	6
-0.085157591849641	0.567895069466709	6
0.014332753106687	0.659037499798085	6
0.044692232575911	1.41602049030942	255
-0.061008868753917	0.851266602569581	255
0.0957375516346211	1.15142652059538	33
0.081193486414086	0.865725881509272	273
-0.103063683498482	0.493589497552061	273
0.115547212738105	1.29899075252901	33
0.035373620853615	0.779882360705873	33
0.046603953881957	0.756461964514937	33
-0.106128308468147	0.495864453033984	33
-0.068917161048934	0.613167240530394	33
-0.054054912313692	0.499076343268627	33
-0.04743839225381	0.580798907366379	33
0.047212163687567	0.84339776567681	33
-0.033368210348744	0.587815825502468	33
-0.080030138437692	0.559197723079412	33
0.088425863837295	0.850847894761172	33
0.067994933451715	0.696277042928526	33
0.016477129306165	0.730521554075311	16
-0.094555457048177	0.627994406331442	16
0.000724193099520987	0.790578181629307	334
-0.081923067858319	0.507009534519244	334
-0.067817022884114	0.646546137097801	16
-0.025089972665987	0.697051342093646	16
0.103442281016814	0.940532430715482	16
-0.028897840885349	0.731291791600414	22
0.026856080516008	0.893691030302317	22
0.024587184383593	0.759515164013162	22
-0.092550742231043	0.598629050020575	22
-0.063604549133032	0.716693013782468	22
0.092590285939809	0.841444604096562	22
0.018572948980037	0.942759856228251	22
-0.000765129751194027	0.44868454885555	6
0.014016965721383	0.949373286114473	33
-0.017961062707399	0.876374202792596	273
-0.111716309329539	0.578064350087728	273
-0.094815262728801	0.564783373833518	273
-0.066102433775797	0.586386527496966	33
-0.085171933346203	0.747071725903971	33
-0.00718998778595997	0.863894242867272	33
-0.029180397811241	0.889755977159597	33
0.053935885102412	0.882775918678273	33
0.00575292157443796	0.675232979687422	33
0.073867044497009	1.03698522764109	33
-0.07778263259736	0.513018582296208	33
0.070716558499983	0.927927717893627	33
0.072353986073682	1.05728857148215	33
0.060932256834704	0.837911713907992	33
-0.00391046599751499	0.721537282298451	33
0.06073313686141	0.513700101084131	16
-0.111254676294615	0.577706661263162	334
-0.120408653941136	0.561626271685283	334
0.025305134101512	1.00451020300451	334
0.00901970009519404	0.811253663785837	334
0.058909004085196	0.82847917558557	22
0.097902189621298	0.87778703657864	16
-0.06170628832617	0.658482138841441	16
0.011526788761186	0.765761554773757	22
-0.052140089527251	0.583304298902621	22
0.050928499631992	0.979436371898856	22
-0.105790983937128	0.620674609088404	22
-0.109077090133254	0.581493615460784	22
-0.063846097464963	0.481389952523326	22
0.116998318248559	0.6499566576195	6
-0.109328171452647	0.49561998993194	6
-0.053032626871394	0.815200752743525	6
0.055262395539906	1.03021906340508	6
-0.044710073787002	0.883075063353657	255
-0.123201257188348	0.906370926589904	255
0.058244656056655	0.558900264874244	255
0.057295357955189	0.606479286255638	33
-0.115068586474222	0.629219220705621	33
-0.086688247948337	0.7780859290544	33
-0.068433533032708	0.83043538995647	33
-0.070218358781128	0.830124049781517	33
-0.113283542969987	0.668545477670031	273
0.08354837692425	0.99924054565385	33
0.00499471647851502	0.989074360943734	33
0.037946678672489	1.02820802742652	33
-0.03210131527866	0.78709852729604	33
0.00528520562289803	0.85466937637935	33
0.066715625228791	1.00172458250332	33
-0.00281210105611401	0.952682203396966	33
0.110450025755308	1.18771848551128	33
-0.101725008065229	0.410650873816109	33
-0.036123087043792	0.7670059868874	334
0.082812838606979	1.19165070857375	334
-0.035130300338811	0.775154962720244	16
-0.028462106067802	0.777249199240463	22
-0.047190288437068	0.50627350146916	22
-0.05066699967977	0.421992954312021	22
-0.032967779013921	0.748656356215045	16
-0.026235381928149	0.859129517070687	22
-0.04544214494397	0.940248100773639	22
0.042220901417248	0.914377312986704	22
0.01867512032955	0.940442421334325	22
0.105807265191865	0.576833865754569	22
-0.098399271125489	0.625617031384671	6
0.075057175860052	0.475875968751357	22
0.12495896943883	0.37335002341011	6
0.120608128738195	0.380096019651464	6
-0.123450125680687	0.41257296508487	6
-0.019088663419563	0.352118646734907	6
0.041486735288382	1.69262203823258	255
-0.077401058411947	0.919203376438168	255
-0.103697356984198	0.967119061428239	255
0.09991186807826	0.6547246005678	255
-0.024059646732737	0.586467252370039	33
-0.091302366795389	0.482223821007	33
0.0227221240440439	1.20637063360987	33
0.019685947099204	1.0506925878979	33
-0.071981596044039	0.806727660927268	33
0.012640313883971	1.04162801135167	33
0.0254155415238529	0.944208360363199	37
-0.033322923541034	0.965402350846488	273
0.103306470763637	1.39155906441266	273
-0.119174693809165	0.558784696045781	273
0.028816484891137	1.02213192386222	33
-0.024917332201494	0.84996910596815	33
-0.030828979242754	0.778058510653779	33
-0.118720237078703	0.512901341072808	33
-0.085774246511496	0.692716419317248	33
-0.0365957962051	0.865248287877065	33
0.025978806154953	0.998466095743253	33
-0.056430758371131	0.500791644250006	33
-0.043959640680973	0.351536060089351	297
-0.088471424184988	0.642912206269234	22
-0.012430732228216	0.671104509260951	22
0.061467636114073	0.743078981780887	22
-0.087139061691549	0.709344401750004	22
-0.076648616303384	0.394639469917092	22
-0.108800814527664	0.342974920310201	22
0.041669106940581	0.974122105364061	22
0.036460966639982	0.843564973817623	22
-0.062297439315127	0.867109527965696	22
0.110672214313	0.196281620263059	6
-0.115969443120896	0.240821754752618	6
-0.109115385405739	0.343686727327692	6
-0.015031075202001	1.3530390304067	255
-0.064212668755053	1.20786157702056	255
-0.079666189911927	1.00647669637286	255
0.10255771657442	0.575225021513134	255
-0.071800142312662	0.871804028845398	33
0.021514725886024	1.32595017608717	33
0.00853481716262405	1.15324900949951	273
-0.06600322539097	0.92385318980105	273
-0.054417646881276	0.636331788299685	33
0.00857238314221098	0.876293921951615	33
-0.090324971949001	0.790392001877049	33
-0.00491113781055402	0.87648903436611	33
0.00955179898107095	1.09990464067418	33
-0.077875786200277	0.798345955471056	33
-0.027824324736918	0.84181763653932	33
-0.117244743500004	0.677105830639677	33
-0.069266191359446	0.852706635872399	33
0.099840233879142	1.51567228530154	33
0.033404211528644	1.14238166344481	334
-0.012009402651602	0.924920621769901	334
-0.081918764902784	0.759495475124015	16
-0.103406582173613	0.630532173545247	22
-0.00931821896569102	0.436349689615101	22
-0.110195378712458	0.565194290074732	22
-0.053428531733127	0.788933420147861	22
-0.064251990352751	0.935880007675715	22
-0.03986541872509	0.903852356469102	22
0.046512071901845	0.765548234420298	22
-0.012492219795937	0.884389111608483	6
-0.119613228151583	0.154666017197929	22
0.121904292961108	0.387264743036609	22
-0.120421785706146	0.329759576386039	6
0.073339740859906	0.555691240715614	6
-0.075712459782478	1.12597103990654	255
0.078788393598242	1.6191693098948	255
-0.04502606067277	0.998360590488423	255
-0.117446146017584	0.333873399834786	33
-0.119959767865702	0.812038696330967	33
-0.010215572094678	1.17644970035711	33
0.0897844931944159	1.15364725247362	33
-0.095421549579214	0.672213349574638	33
0.050437718165889	0.913401365512764	33
-0.019048221353324	0.815542918137152	33
0.04071631161515	1.0125161018559	33
0.118718359671491	1.23712658893166	16
-0.068028275666599	0.757019553203199	33
-0.049312536893139	0.832785672590681	33
0.0518768584555011	0.349328926217797	297
-0.120010349696768	0.23877115592065	297
-0.071847603279517	0.505724931142448	297
0.0200033670145729	0.594557052023891	22
-0.041603707811108	0.786521511833282	22
-0.049208747055034	0.340007187676013	22
-0.090812924199817	0.774616230944562	22
0.102527023383035	0.190692919783538	6
-0.026607304152252	0.443080194058397	6
-0.056996092138538	0.660543886619221	6
0.0495367205534341	0.615710604577108	6
-0.058816465777577	1.67321604509038	255
-0.094315215897578	1.49529312533235	255
-0.096725105565916	1.22867214847971	255
-0.089883872396799	0.241275096126216	255
-0.00171199852519799	0.672081610226892	33
-0.020969094868296	1.1123265610909	33
-0.103229046582828	0.875219874881518	33
-0.034575643629942	0.878097985551067	33
0.118489531320663	1.5959181623998	37
-0.012404940725047	0.966541873861178	37
-0.0000700759695049791	0.851229285858907	33
-0.054433743372549	0.997638619726211	33
-0.046542174417553	0.630205203914474	33
-0.028415278086412	0.851350295687665	33
0.070263586108847	0.784890752767831	33
-0.00179372134568101	0.926790990908878	16
-0.063473340815768	0.77098037121406	33
-0.107118809459785	0.693533158870749	22
0.124431857760568	0.654293458525704	22
0.121680958938525	0.793513466819589	22
-0.096364594597969	0.338636186027085	22
0.121978035190752	0.996613137228402	22
-0.057923319142572	0.66153616825383	6
-0.07553573268436	0.5591723954928	6
-0.071104957472662	1.79052641843211	255
-0.113351512248792	1.13700898363556	255
-0.054237840919006	0.598883525038589	33
0.075535351885727	0.95690510724427	33
0.013510041073578	0.758874309306521	33
0.0000886711529199946	1.10131990219709	33
0.123550570948535	1.05127571278621	33
-0.056160337263793	0.64183134927564	33
-0.048001941558003	0.589453239122838	33
0.029305913962022	1.01004818960506	33
0.104666969687443	1.0958030351164	33
0.00986749195582504	0.756003517684304	16
-0.117060594757431	0.620645971239093	16
0.0164738191571741	0.769548670870509	33
-0.115904730371606	0.334805008533686	16
-0.010934501107599	0.811583978570538	16
-0.040376975769885	0.664414456516129	22
-0.10971340337784	0.512035281780086	22
-0.031087563118649	0.888264572012117	22
-0.00201641256141499	1.10568427390624	6
0.00173645315001303	2.39597590488376	255
-0.041682841003578	1.77777208446687	255
-0.040224306454035	1.55893130477863	255
0.091307930704587	1.38646712874064	255
0.011723941781171	0.729796830517141	255
0.097285365994554	0.722022852035186	255
-0.00569263159505701	0.653018573614687	255
-0.032429414773634	0.519803557852989	255
-0.115773276285774	0.740803279399558	33
-0.00969808917893999	1.02918787834609	33
-0.021905067290032	0.877413563121199	37
-0.106923190685814	0.760724287719544	33
0.0391511443861921	0.794579867458124	33
-0.106363593616305	0.566758075721809	33
-0.101786808896897	0.576766688456687	16
0.105756352190206	1.02043405873041	33
0.105600618661928	0.947370906593343	33
-0.071891017585501	0.617719032941984	33
0.036611200135084	0.847475744967413	33
0.115577227018343	0.911092204147746	33
-0.096335649145086	0.589615115188859	334
0.112467248112169	0.936067879110046	22
0.0932513154403	0.940591283660855	22
0.05242583288272	1.09396275454089	22
0.005477293308496	1.08798920978265	6
-0.055518511153148	0.552215918695089	22
0.0269865880490739	0.539444266748211	6
0.071205640410259	1.3887794712232	33
-0.036879985806179	0.713391847252074	33
-0.108089904134759	0.455379960183696	33
-0.011793479742692	0.514677312230134	33
0.078428446012273	0.555629956146064	33
-0.031463772777325	0.566754678625815	16
-0.016458080718571	0.749623627183823	16
-0.101896145515122	0.710425549825449	16
-0.027190783934237	0.352462213563726	16
-0.100486332305357	0.338102108037536	22
-0.088047989440072	0.414180036149164	22
-0.101264114161786	0.411867614411519	22
-0.123981765808519	0.222680426909218	22
0.029092181052612	0.886285619448589	22
-0.056402706991323	0.414818536721213	6
-0.045499823846947	1.05146504912472	6
-0.051355601029817	0.343510623174152	22
0.050778230427747	1.49990454476261	6
-0.109661285965138	0.556635156914492	6
-0.059364593293811	0.496205867750666	6
-0.111109512134897	0.809311301727896	33
-0.018346040203279	0.987128995185159	33
0.016151959507706	0.845979203317289	33
0.034121260199481	0.46199962053893	33
0.04497199919749	0.545931099011496	33
0.012024691534515	1.20088086565007	33
-0.00813727460780001	1.2920772323317	33
-0.047117694716118	0.341724016045997	33
0.00980153672560302	0.498400131053435	33
0.054451208822386	1.07453551832131	33
-0.07888781899401	0.349235522542577	33
-0.019898342235607	0.344364332335458	33
-0.110157796407302	0.340720356372856	16
0.013014214334043	0.362158119470447	33
0.013014214334043	0.362158119470447	33
-0.045076632427502	0.342530727901487	22
-0.065535517083414	0.423773673785193	22
-0.066806936783776	0.340411539197143	22
-0.061239479414174	0.349018269662312	22
-0.122462429170162	0.692332186793626	22
-0.118673389792755	0.236795415828602	22
-0.037676648791651	0.353160353943178	22
0.115828468027845	1.16997306433598	22
-0.00583898891757001	0.674509796505094	22
-0.041993831106584	0.34205852109425	6
-0.087161544850568	0.241762310788518	22
0.092933045520355	0.629966502052525	6
0.030486080594588	0.545220900668702	6
-0.106994024090753	0.342565572943307	6
-0.06231334857878	0.715328636383724	33
0.104899773943682	1.51738414772253	33
-0.11855740637998	0.661913161095867	33
-0.03460687930851	0.880157026034059	33
0.0857905580045239	1.0764404323764	33
-0.090455623620116	0.587378027813156	33
0.027585940269541	0.883232520365454	33
-0.064534305473397	0.593227804064853	33
-0.070366216325327	0.550908713487638	33
0.00301481029815998	0.743563172218019	33
0.0387587468248281	0.685146552436432	33
-0.047794016822719	0.557570435821996	33
0.00845723434600199	0.684296756538795	33
-0.050563362247989	0.578632167119807	33
0.099315023824083	0.78791849087469	33
0.095723036367505	0.798520747613962	16
0.105911826407138	0.724248933732987	16
-0.075111267366741	0.497694503734311	22
-0.00826553195010899	0.667504993520018	22
0.123219684898407	0.99625448560991	22
-0.083807312819891	0.476406318780047	22
-0.050746754176421	0.704973298231684	6
-0.050833411672489	0.418937553761506	6
0.113832463265656	0.793807061392436	33
0.019309287422225	0.902359298701029	33
-0.080041298951786	0.750811064412918	33
0.124552389512794	1.73610139165668	33
-0.107434959365242	0.746447516103757	33
-0.05980461174712	0.968731300934597	33
-0.116828507054085	0.811876050772738	33
-0.008135724303444	0.79453124396856	33
-0.023070428576363	0.79356481618915	33
-0.029699602454593	0.715269234895663	33
-0.049163949656828	0.658208018956381	33
0.026861201131372	0.7390433323918	33
-0.045485716880147	0.467227800260442	33
0.00494381975910097	0.834771455263419	33
0.026989198357426	0.670218584320774	33
0.064683910466974	0.46983800532972	16
0.021412119044278	0.591922168276728	16
0.065382125287514	0.778457060185034	22
-0.053907593674408	0.656674008424491	22
-0.011097255482543	0.522526656826512	22
0.00599040847282295	0.447874446398918	22
-0.060555576879651	0.505885279030477	22
-0.080645157649852	0.661737847319866	22
0.025864335219499	0.845312950796196	22
-0.00668329508502502	0.807475792918411	6
-0.066489004340997	0.496955529524712	6
-0.094306990861444	0.410163824006934	6
-0.089004660907486	1.00550951710549	33
-0.113391435190643	0.867217883844784	33
0.109047856313419	1.64434086688334	33
0.063967815096332	1.42802903799651	33
0.037852634646384	0.984753768132726	33
-0.109910944528522	0.472079132004727	33
0.051429107678292	0.82586771168857	33
-0.098966972586987	0.84728041377688	33
-0.075177103870132	0.689571017881342	2
-0.108667755086033	0.394563979752392	33
-0.083664810858784	0.484986159914465	33
0.041660196690157	0.622456051132953	33
0.044689435680191	1.00455789750741	33
0.071208911496834	0.697794409338876	33
-0.100964155137861	0.416845484339726	33
-0.098431617256057	0.582940758319388	33
-0.0861634566616	0.743870804870268	33
0.0189373397213271	0.536892483809661	33
-0.033939486169171	0.596824890548419	33
-0.020285572038359	0.762187579340418	16
0.097219126577139	0.727874019669856	16
-0.073976907648771	0.423712103674036	16
-0.103272756888975	0.647630044306041	16
-0.116169827351613	0.484434435535033	22
-0.000424922999094024	0.527785465397163	22
-0.018535969768913	0.524002700868686	22
-0.103317605069425	0.41872717551366	22
0.050735852864635	0.765289920606671	22
0.11940788328924	1.28887056077142	22
0.014949812964838	1.15871651124601	6
-0.088456714017047	0.486094889474114	6
-0.048976154888776	0.432721901592176	22
-0.035046992862995	0.6744128804343	6
0.103245031613136	1.0655518077694	6
-0.112913580865149	0.706572033001233	6
-0.104081833060406	0.65886495364368	33
0.067490254539242	1.33434195659737	33
0.0285592020489111	1.07432191386889	33
0.101138880466199	1.6397264092234	33
-0.07936112739538	0.852806172172229	33
0.035779877767336	1.39948047052616	33
-0.097903771968645	0.869487120243791	33
0.110831625685692	1.4700025181902	33
-0.017196125814352	0.903200278821567	33
-0.057321772166487	0.721382979055259	33
-0.117655956861694	0.610235561195013	2
-0.014825565790733	0.650289749391789	2
0.00818816601315797	0.835401685453823	2
-0.110461359823523	0.492459890204481	33
-0.062393642760733	0.585284338430228	33
0.00818295734901597	0.869114056930564	33
-0.012798566366719	0.588149486143451	33
-0.033749639377592	0.673455970101037	16
-0.089942899259156	0.484691396107366	16
-0.00313605183763499	0.690062063407973	16
-0.114356403796115	0.418716761147775	22
-0.113075178432809	0.47227879451644	22
0.112414341044665	0.730343602068114	22
0.000730518092618038	0.766160616040934	22
-0.103664060721982	0.342466156483373	6
-0.068451092169405	0.429494563872884	6
0.00091347334335401	0.737740605250723	22
0.041359300147535	1.81600885935372	33
-0.00491270765104201	1.57867839807639	33
-0.029797193502913	1.39492777888983	33
-0.037573198957373	1.87978634169197	33
0.017783362709326	1.68829744066971	33
0.063216548802982	1.66600228357096	33
0.116536889039903	1.98591149189226	33
-0.019951591201214	1.37120144110145	33
0.013126756655119	1.43413699407988	33
-0.055400846593919	1.00663495196681	33
-0.029164478135306	0.977630897511328	33
0.103703275446064	1.22756821366721	33
-0.044378257532339	0.670627177895515	33
0.028692913392589	0.806805202133096	33
-0.114690834483863	0.525983148093891	2
-0.050981883704174	0.583907850064798	2
-0.121743433060238	0.406435920466479	33
0.037360477681017	0.609283046273997	33
-0.095053703879716	0.418655858706304	33
-0.0889201949207	0.429340794903503	33
0.05156635518603	0.613728097093743	33
-0.086966579542859	0.348808201845722	16
-0.086355753014681	0.565799381370574	33
-0.051550675621231	0.715088951288158	16
-0.078276672731748	0.430619753890663	22
-0.082003625902397	0.429772603428967	22
0.028671813809423	0.597759630609149	22
0.025714052659006	0.672093383349086	22
-0.085167230054395	0.633957537108103	22
-0.059692707412674	0.505102617619385	22
0.042564483622798	0.623960668348821	22
-0.03514942915461	0.499627851895206	22
-0.118107021299008	0.414361085088941	22
0.021428904710499	0.593773686274769	22
-0.096703383750137	0.888273512242687	6
-0.083957044714713	0.724077504215579	22
0.032615339214342	1.05568568706186	22
-0.07792057450407	0.565003964807083	6
-0.107786055750847	0.625887856340999	6
-0.021557727231228	1.69136568328985	33
-0.117023428231587	1.26924553291915	255
0.023203989648493	1.89623580507482	33
-0.063666562643282	1.44865897010262	33
0.032734413653506	2.0886658576348	33
-0.100690072501973	0.991368986505619	33
0.080256789849683	0.998797275951136	33
0.028375030534134	0.739748977693448	33
-0.094385528863594	0.501237368426325	33
-0.00666696511779002	0.776936265708319	33
0.111939126493517	0.928956142378599	33
0.071530210737334	0.834195388463937	33
0.114588628541532	0.955901220617179	33
-0.11162343491192	0.64815876562055	33
-0.075852273188296	0.612283969022112	16
-0.107109306460869	0.463128450388737	16
-0.030776000309829	0.668840705237222	16
-0.075647745781705	0.547630273093842	16
-0.113456204687249	0.411762536352834	22
-0.055133154495414	0.572380835029026	22
0.019297060763545	0.726057605473803	22
-0.08774923678245	0.561726011102312	22
0.089249609203927	0.876828711565481	22
0.051783864958078	1.36391153098768	6
0.058975836536439	0.950377245426641	6
0.018784772821471	1.00909712049414	6
-0.047829251036119	0.511662919240878	22
-0.038649051261544	0.989119455060483	6
-0.078580792875641	0.63469224765451	6
0.02869341033035	2.40103562704149	255
-0.108081434563525	1.31755967772687	33
-0.077562329221982	1.40328043480842	33
-0.08865680737175	1.03407275027852	33
0.023015857595193	1.23003106467515	33
0.090521755666224	1.59919629501795	33
-0.08481053487567	0.812680430268344	33
0.00971671176061395	0.888730789120134	33
-0.122195365495548	0.478502239705845	33
0.053310464781291	0.850665811496844	2
-0.108399012149582	0.512660220201961	33
0.100594184948937	0.792744884309864	33
-0.097473535190598	0.50794712283137	33
-0.028293365740701	0.59409984419451	33
0.086096801251797	0.669902185738959	33
0.07047919813938	0.621777197914958	16
0.097535989112054	0.670264434583159	22
0.074342018159193	0.636158448348276	22
0.071296784863811	0.993851603528862	22
0.097953774514427	0.781367025992455	36
0.00906609220729504	0.786494306661164	22
-0.012603057463972	0.756351762856109	6
0.089666910561205	1.12807038268592	6
0.02964132432318	0.925574795547214	6
0.036274919534536	0.843955109782839	6
0.00305847126550896	2.0792651529984	33
0.00409989373654596	1.68675446931563	33
-0.052110418205374	0.872612930320223	33
0.022726532364669	1.03121401884065	33
0.010748327506082	0.864192353146348	33
-0.000217004572297008	0.991139994165085	2
0.072082147747183	0.852684033270014	33
0.108264973657526	0.807470458210738	33
0.035435920663902	0.749399472383373	33
-0.118866606791162	0.50774273942602	33
0.061671216198399	0.680081627988236	33
0.098496575142086	0.830586228817937	33
0.065210600306321	0.755885007750921	33
0.031453867875223	0.73711821102995	33
-0.040500917427684	0.511423800055748	33
-0.11592483193459	0.567285521659541	16
0.00876736543197798	0.684687752083739	16
0.114204848407126	0.964967226407901	16
-0.043871064700564	0.583602993089877	16
-0.092661641522076	0.495605494805854	16
-0.080426492771921	0.49898796811463	22
0.113389829643795	0.844940716950381	22
-0.122499372050643	0.411958275170516	22
-0.116107116639569	0.475179135210367	6
-0.081817666013292	0.497465834593777	22
-0.032943906590023	0.437194697233412	6
0.05913554297046	0.6946433017285	6
-0.080064413144094	1.67639848991905	33
-0.00364828539956302	1.7605533645727	33
0.053352693820019	1.94425873159132	33
0.00543462942171302	1.84621329241759	33
-0.119382363167498	1.23640711248115	33
0.016068706756676	1.79339621407961	33
0.034258714373722	1.85471820213114	33
-0.054298702422501	1.12987689635323	33
-0.060865038217961	1.28428290667276	33
-0.063898262820205	0.863864448598266	33
-0.102388382874849	0.635798799595402	33
-0.047859646268214	0.924170225601545	2
0.00636504999020504	0.658316921846314	33
-0.025364967023941	0.518017677076722	16
0.021462964494781	0.774178306545174	16
-0.031619056317946	0.647370746737829	16
0.00969184494817899	0.705205707639863	16
-0.019988826764448	0.667791181875571	22
-0.012513127088661	0.583163728006671	22
-0.026241536291406	0.573521992143245	22
0.017036805258127	0.602134264160434	22
0.094586023211454	0.758403689353224	36
-0.11136174109811	0.399078880364696	6
-0.027068894037129	0.74878766855194	22
0.0395540405191031	0.683482022711749	22
0.048616894257434	0.822424558816312	6
-0.115883807658156	0.242117081300317	6
0.026301982651223	0.44099404847576	6
-0.103898487403574	0.522841062948865	22
-0.046140588708218	0.907567411240415	6
-0.108749813585863	0.40659086727218	6
-0.016940703136665	1.88865826874879	33
0.088525209315649	2.40300759319485	33
-0.030862741631107	1.84162629207927	33
-0.118308766968132	0.631949935843277	33
0.027842724921771	0.839318608419061	33
0.049988551035913	0.854902376022381	33
0.050855229006192	0.775377259217843	33
0.115047154444105	0.970407449630764	33
-0.054157387583659	0.504068661799849	33
-0.087564256616601	0.406594403331158	33
0.040415902336259	0.609963253813508	33
0.07877743590012	0.702310343242466	33
-0.021178243529856	0.581827103382532	33
-0.044414740400378	0.490719939875531	16
0.051192241642458	0.544597939291517	16
0.0952630902681511	0.869597884597373	16
0.00610820167023296	0.524731828985809	16
0.022914029385961	0.772019946190682	22
0.00626796866919099	0.529682086723378	22
0.020422064781486	0.542461912318794	22
-0.106429875464771	0.338508988236055	6
-0.11961169133087	0.516502468616967	6
-0.00505125850717603	0.789269670299736	6
0.016482050375594	0.601437375182034	6
-0.00467206525357	0.651531175928102	22
-0.084522349557029	1.60722823007501	33
-0.082072208158401	1.71198369584094	33
-0.051695203193093	0.653435688824901	2
-0.104551115903771	0.510305018483249	2
-0.12282502282937	0.405098769072902	2
0.051736966707936	0.617929532693186	2
-0.092512900470921	0.340208868634598	33
-0.118467390362289	0.422748765276571	33
-0.100876439151399	0.338060658094552	33
-0.029998888817027	0.406055432608555	33
0.104198157852505	0.480863603704249	33
-0.123937048534927	0.234460173907549	16
-0.010500701741628	0.352891881927597	16
0.079474682627185	0.699737453364724	16
0.060401587644854	0.463865617324207	22
0.088945572500148	0.786722454849405	22
0.0269897500163681	0.441328740262954	22
0.016781800067858	0.693820741104577	22
-0.063288367816028	0.35029020230675	22
-0.00553811710492902	0.661911734131888	22
-0.048574410812931	0.55545026800361	22
0.044680345289605	2.25589002356058	33
-0.109358403137331	0.7009214381361	33
0.078798782545905	0.837312703516031	33
-0.00444198094778597	0.581978050210464	33
-0.034158222561689	0.257091607094742	33
0.064164418428344	1.05650939833957	2
-0.031970989657394	0.261272111340478	2
0.02564697259787	0.273450733774196	2
0.076125245932383	0.874849873003145	33
0.037656045865021	0.277532115024234	16
0.116038601410626	0.287136891615574	16
0.07540223323129	0.554239035623152	16
0.077097831578905	0.92224403252502	16
-0.11968785405835	0.240051878632748	22
-0.08748539880716	0.334425381788597	22
-0.036819092554208	0.168285527716812	36
0.088099257474742	1.08201602413258	22
0.112625412031569	0.727712055488533	6
-0.091612162558233	1.68509632149904	33
0.03921359069702	1.53818018482741	33
-0.004141139560565	0.946866550731438	33
-0.045346919351069	0.650577915308046	33
-0.028121716082725	0.431332832522792	33
0.00898113772409204	0.529059981226524	33
0.060863303851133	0.371696937533441	33
-0.088386049112075	0.233577947371338	2
0.124490719936463	0.387511454717238	2
0.104765052236669	0.190269183274272	33
0.060769603857043	0.361206333610524	33
-0.120654660749162	0.156709729794293	33
0.107744337287113	0.193833004664726	33
-0.083755509996814	0.634535998093452	16
-0.042660834392472	0.165213255461846	16
-0.123393616754844	0.425486679530024	16
-0.022122488185618	0.352813981257536	22
-0.029720798521075	0.336844944693231	36
-0.041957600780788	0.16591671495207	36
0.026869215565012	0.524001147229639	36
-0.034916188571494	0.257518030994425	22
0.035689372867832	0.271637533385676	22
-0.0000952273936680181	0.651938530122556	22
-0.122983632166548	0.792334475884011	22
0.016185090083924	0.215751392829261	6
0.00810809395539403	1.48907701095291	33
-0.014951524887417	0.832396403562039	33
-0.06844079982961	0.494882349984386	33
-0.095681163083144	0.324576460131047	33
-0.071267508460653	0.326466212168774	2
-0.089201468257606	0.240848416258068	2
0.03608523810168	0.455932536621456	2
0.112599826582598	0.482203584473893	2
0.0230895339285599	0.451837935494164	33
-0.074760563763042	0.244760850049048	33
0.032436138358508	0.279686685505066	33
-0.083923195910676	0.347526670024965	16
-0.063043027225453	0.509926444596069	16
0.03327708230527	0.279111472154581	16
-0.027634262765789	0.337921500165742	22
-0.120808491150376	0.241294733735502	22
-0.091173693089522	0.236334436912785	121
0.097829840233517	0.481039685718863	36
0.025984793890114	0.269310887601475	36
0.00786906382935004	0.454322403512297	36
-0.026306117514927	0.342956062983764	36
0.097845863444279	0.484259358099896	6
0.055599407579993	0.553845385263834	22
-0.049875965465015	0.348406605866573	6
0.069402999243169	2.23720051173202	33
-0.013587511365871	1.22204911851959	33
0.05127263340906	1.16551705751417	33
0.116471757402796	1.04488947320131	33
0.105615395746011	1.20545803536262	33
0.124609217931895	0.646502353858586	33
0.037038669572427	0.543143292041403	2
-0.071438329341932	0.317010129884117	33
-0.119130631222321	0.23924453592121	33
0.059352694579451	0.374989356740747	16
0.025648063427954	0.765300649870384	16
-0.091636046207742	0.696121723649793	16
-0.113954592493982	0.490740113419209	16
0.064556607734495	0.468826816599202	22
-0.082120497822168	0.345703563285932	22
-0.078339541996533	0.423605010545008	36
0.120631323541871	0.391163955356887	6
-0.020148142309317	0.352359426705053	22
0.0355964012633661	0.2780111615483	22
0.03449587665573	0.278453455438827	22
0.00212376431980599	0.516581740145617	22
-0.054773026002222	0.513927428538684	22
-0.080851665264877	0.80758434581653	22
0.097083508048621	0.627484604128734	22
0.091607470719458	0.466858357551234	6
0.074624597343894	0.555019423878505	6
-0.103021753018325	1.70213474803523	33
0.032039885006777	2.08365539655711	33
0.079169324464203	2.01903055243194	33
0.043342055506318	0.524811457915085	33
-0.122606832755461	0.237275645413732	2
0.057416721293735	0.443958519457703	2
0.114893284627074	0.373370444879138	33
0.02298508394503	0.259687396958724	16
-0.031476168221398	0.2597079735252	22
-0.02539847573922	0.348112429210805	22
-0.042469017499798	0.251608537014395	22
-0.082668154379705	0.246607421973595	121
0.119437121730823	0.389469275785691	36
0.118769236590402	0.651146345767319	36
0.048634871406833	0.35375215451948	6
0.123545750462657	0.393451503485886	22
-0.122940813123817	0.153706427838324	22
0.112489681352882	0.658053489773893	22
0.025464395688883	0.868434069959723	22
-0.105799225819319	0.509147404281679	2
-0.097484840792604	0.41436300943038	2
0.107929591147344	0.79613842479486	2
0.023510751214452	0.451630873810899	33
-0.081009602621624	0.507986896359245	16
-0.064573954452403	0.587833985612953	16
0.067657613428399	0.462953219470388	16
0.037569764450697	0.461025125476475	22
0.070576545840138	1.18049762248426	121
-0.066653128576887	0.498684244147697	36
-0.080076115747662	0.421619787752091	6
-0.021526744836333	0.575324949786155	22
-0.039905409081276	0.874748903787638	22
0.014375304332637	0.457041891322901	6
-0.113844765014219	0.38852996810454	2
0.049838355414134	0.431724924596839	2
-0.083136873160287	0.343718283014524	33
0.000281037930540018	0.338631037340583	2
0.117243908322523	0.294772066401508	33
0.023931623533746	1.17768771993694	16
-0.069333922588555	0.575962504026112	22
-0.066362275935685	0.567451458086143	22
0.088320132626375	0.42847148713545	22
0.068729759968639	0.473386643505871	121
-0.088259369007759	0.336324451523214	36
-0.037483346455692	0.748140527626011	6
0.034119068809732	0.276949621711829	6
0.00790808173347601	0.354795039041234	6
-0.095476162698928	0.236143104904203	6
-0.047139143987695	0.890769836010589	22
-0.051241637452003	0.75502506632862	22
-0.00886216799432599	0.602632507308796	6
0.116623510431038	0.382419896863246	2
0.046760391442087	0.547883931941267	33
-0.111403093114037	0.315577076685308	33
-0.038185858806639	0.505718305307413	22
-0.083291000741016	0.414143332716543	22
-0.046975071687293	0.58515067822431	121
-0.00724419594682502	0.67950504250424	36
0.00880091618642897	0.600900843577222	6
0.00628382656457605	0.579196677443592	6
-0.108994484094945	0.597099546479555	22
-0.076888699564995	0.507245614949939	22
-0.020640614708318	0.671090319293404	22
0.095375225329981	0.837120890712832	2
0.032711230140647	0.773935636350767	2
0.088260792149073	0.5618703277958	2
-0.036522142654005	0.436904488835816	33
0.0948186937611331	0.47051169674798	33
-0.00251765176228203	0.421170330820778	33
-0.08387280159258	0.424954868879152	22
0.084793586910237	0.641861319525327	22
0.045309623931924	0.668159801855136	6
0.100168758081777	0.554318631389897	22
0.011665394935292	0.763291294404459	22
-0.084433958157219	0.769411627847329	6
-0.023990345959533	1.91164572263238	2
-0.117374960934302	1.31070486094329	2
0.073629576053471	1.49041713844909	2
0.07813804437614	0.782453391465912	2
0.03743598299636	0.530994595838549	2
0.123743028413423	0.656758354105984	2
0.032408464269804	0.4405179091755	33
0.093983783880091	0.550970140330729	33
0.104543985695894	1.08208713124908	16
-0.063730255495282	0.566347690961016	16
0.02491970786667	0.442161867091162	16
0.0615589772881781	0.459652215210872	16
-0.024605159900534	0.516788507961293	16
0.038755532120907	1.05694049129358	121
-0.084312101528385	0.469997401360997	36
-0.063022025482597	0.589008728909792	36
0.0359654365869611	1.16611223582589	36
0.00570865400496801	0.344977423046991	6
-0.114821522501409	0.544597073990323	22
-0.113278662197606	0.655383817754242	22
-0.070474663316433	0.584565601625099	6
0.06035062495307	0.63510242512457	6
-0.083655975599521	0.415912351918379	6
0.035063587068176	0.897037273399453	2
-0.058874722984644	0.563708833299425	2
0.02428814354102	0.679906191530897	2
-0.035348688003709	0.517974410161903	33
-0.036794257697931	0.439973384625011	33
-0.025184168412148	0.425036104677235	33
0.08550730788374	0.910011297444161	33
-0.07902416552648	0.4214734493413	33
0.0744109180952151	0.554012122732978	16
0.056800085369027	0.628315496796949	16
-0.034508647064724	0.488643810920722	22
0.051221284462224	0.624031414526629	22
0.052509218772459	0.680226947961807	22
-0.042226060322687	0.540424551620842	36
-0.059264202669929	0.429718189198207	22
0.00191016312723602	0.517332135360518	22
-0.072770076826344	0.431066141812785	22
0.00858934384947296	0.75982634019368	22
-0.078993537990946	0.504854253937032	22
-0.039452418562249	0.594410177315963	6
-0.059643806546639	0.636352917673538	33
-0.092976854361113	0.492148719303651	22
-0.064548112899965	0.513585475925815	22
-0.117433298647782	0.425421389313621	22
0.069932373873093	0.919248678379248	22
-0.122234620629127	0.481917153953738	36
0.0598631958763221	0.761697310106713	6
0.078365954413551	0.934126003499055	22
0.097939488983093	0.79469689807664	22
0.00382689888113097	0.675967049934654	22
-0.058581129394364	0.598785679475016	268
-0.058247859486039	0.411079036402188	22
0.00710535436419302	0.726653896052308	22
-0.082113239641886	0.509259457373369	6
-0.024970291767785	0.667812847058011	6
0.112818344051337	1.08325267862721	6
-0.032020181846997	0.810329320504111	6
0.020265043486741	1.26600041067463	2
-0.043762998319496	0.670210924065631	2
0.106173523574425	0.896940944284216	33
0.037706742265883	0.756542203782721	33
-0.096291502752883	0.489788870374816	33
0.097950253870098	0.47354447729621	262
-0.076615752447446	0.565139847202529	16
-0.047797095420623	0.667319758078229	16
0.112646044730081	0.885959525780032	22
0.11243268780632	0.864806845551549	22
-0.120346428657742	0.623270467263837	22
-0.00894591984690901	0.511818809357015	36
-0.093775782800985	0.672118454510309	36
0.09884187368784	0.479700909810398	268
-0.052425497185424	0.86746179390835	6
-0.046059894240515	0.667594526508961	33
-0.050388847086677	0.694449671431242	33
0.010039323611121	0.668379245787941	33
0.109391122218835	0.478859541133817	262
-0.119135745999447	0.52412982212998	22
0.0714527269259581	0.94034556181081	22
-0.123537614545148	0.47630613527034	22
0.032260815729649	0.73173918784134	22
0.092601234899727	0.870677176890811	22
0.039861024921911	0.62237785816584	22
0.119814941506299	0.819834566165129	22
0.010360388068021	0.693450677967874	36
0.012920045555359	0.923584372181828	36
-0.061252888147521	0.75868192983144	22
0.0400989990621981	0.618176585928652	22
-0.024463538877958	0.967515738183059	33
-0.092082557629456	0.745070130112773	33
-0.105001765781175	0.734097526458725	33
-0.071584892584308	0.779362008435927	33
-0.088214179725019	0.636313924848534	33
-0.040046979772813	0.926630648614333	33
-0.049828502810715	0.67118654092887	33
-0.088542553854317	0.637368563233027	33
-0.088716631609639	0.706819587024904	33
0.037781061884777	1.12444386664555	22
0.043330660687393	0.920430382243497	22
0.024066875434591	0.876849153871706	22
-0.00682186262314	0.499796098285461	22
-0.048600191585694	0.715685661868053	22
-0.123667429392448	0.626686656533203	36
-0.124693433894504	0.505576531761486	36
-0.069821148054907	0.657068100409645	22
0.042395207316544	0.906615914972639	22
0.030375985007955	0.277536871318746	22
0.090285895321856	0.874192511247483	22
-0.056382031628549	0.780170264758264	6
-0.111647897697956	0.850023737552246	2
-0.080859534785258	0.799257813842788	33
0.10388902901859	1.23389663231375	33
-0.073068837213795	0.882003961773112	33
-0.064684636791177	0.564586232169914	33
-0.07170810864051	0.792770655839574	33
-0.051882800658739	0.506663269546053	262
-0.086397000846887	0.758236001152888	22
-0.124570677536423	0.498136902914084	22
0.093470684099402	0.644119904644817	22
-0.057332884751073	0.435566993365481	22
-0.026954150509273	0.73744236750699	22
0.036710793638007	0.964197228530592	22
-0.083851469474752	0.778236234251485	22
0.114508669114832	1.17824560741745	36
-0.091932285235239	0.241864995797787	22
-0.00415483138417699	0.781635409704163	22
0.0597290862154271	0.762606696315872	22
-0.049847291953819	0.887596724006476	6
0.011909266919559	2.14808734194671	2
-0.122319743007644	0.874888046994974	2
0.00151808652825303	1.08724581385053	33
0.073078284032301	0.904741338802173	33
-0.025148810299132	0.981839177289625	33
0.117302254205033	1.22117760428846	33
-0.074916167200448	0.822910653314857	33
-0.020044181208038	0.794400493804532	33
-0.120808491150376	0.241294733735502	262
-0.042970968036831	0.345292110174453	262
-0.067439606990686	0.788451673486012	16
0.018503182588446	1.03398335581568	22
-0.028700364452208	0.434657532772418	22
0.0173822717589071	0.603155666191346	6
-0.082952003282375	0.639683423258616	36
-0.028922144358911	0.67479867658868	36
-0.085749941836974	0.860728939792783	22
-0.068611542594199	0.57205161430517	268
-0.092700783030553	0.341754140805597	22
-0.00380674532088399	0.920535403274586	6
-0.120868714937806	1.6421654268784	2
-0.073637297070276	1.78551694503768	2
-0.069287344387463	1.78493083090044	2
0.080498983190997	1.43615134155692	33
-0.101995793485555	0.80565710127855	33
-0.00528204291203799	0.968843894018462	33
0.00073659340892196	0.718162567219037	33
0.114098596960952	1.47097432206062	33
-0.020403813317493	0.886514092832743	33
0.101846291393372	0.65024271671213	33
-0.018110048841748	0.874631382575159	33
0.0529700669565371	0.362525048226031	262
-0.077127436596006	0.729219322706065	16
-0.043796544966227	0.478140827365378	22
-0.058432877416947	0.74314970781797	22
0.00527771431825497	1.05230574849204	22
-0.029448603787409	0.919594745656495	36
0.00035926996037805	0.942252754275913	36
-0.11159350680123	0.791419362256258	22
0.103506811928787	1.19147591838142	22
-0.040870834736488	0.352683320915268	22
-0.065272279635328	2.02074985147163	2
-0.032736385295603	2.00649739382724	2
-0.030295743791274	1.05621791462608	33
-0.046766299168232	0.81171398324124	33
0.019739349528053	0.805312410695626	33
0.059049236951529	0.363941758974704	262
-0.096853309261187	0.743093798630052	22
-0.05295383627922	0.676882944008553	22
-0.112830932570725	0.605048308765186	22
0.0757681757058331	1.28960182266786	22
-0.080071044347424	0.554556813824377	36
-0.072120724316227	0.90687631572594	22
0.122632314620918	0.300299395723471	22
0.013652950029549	0.354404971664524	22
0.01610455460308	0.451191548756833	22
0.10469943226205	0.721013167547431	6
0.124759389787766	1.52340223903916	33
-0.037987422192185	0.724393828364957	33
-0.099737333661931	0.784881405804964	33
-0.122904264951068	0.480491324504558	33
0.034877103337749	1.24518403029715	2
-0.069118560528194	0.725057585946767	2
-0.083763094320467	0.244833957439923	262
0.038759687194961	0.455191572475786	262
-0.04538991039306	0.934950073880101	22
-0.104581761106807	0.649384064852964	22
0.027342370284531	0.84864763082846	22
0.072216384035088	0.830889431028464	22
0.110585994674992	1.24088843302363	22
0.0739233187544131	0.900525196191813	36
-0.068408418375916	0.919043372430784	22
-0.113345208186883	0.862536577931682	22
-0.059228476422927	0.352445976270268	22
0.122632314620918	0.300299395723471	22
0.046038224136466	0.547859402835193	6
-0.00708523326972299	2.41078320972703	2
-0.00311893201332902	1.46048320881358	33
-0.043969114699778	1.29714711474357	33
-0.078937034384982	0.871192731367436	33
0.00633887758094098	1.10236732676399	33
0.01570818940096	1.12836597383387	33
-0.088837356073196	0.756633547233948	2
-0.056574921782796	0.5295240747675	33
0.052219322713839	1.03989000377981	33
-0.086918179516616	0.238601022916038	262
-0.050748377790013	0.431279259551115	262
0.06769803605447	0.552359359184882	16
0.072762413569472	0.999432149173396	22
0.041680861212007	1.16218837877124	22
0.0914979464672751	0.471336124946544	36
-0.041553271544465	0.977023035448648	6
0.113463719570591	1.14673677784857	22
0.052005305935642	0.812700615904617	6
-0.069522484941488	1.09984380638592	33
-0.115142995667303	0.948127933716169	33
-0.097823196429676	0.872217708979897	33
-0.00453827734765799	1.15386305334255	33
0.0760247889254561	1.35781563209834	33
-0.116239927785933	0.701312788221105	33
-0.101770259434154	0.646242592083858	33
-0.00844217548606502	0.884265519570446	2
-0.045424024715699	0.698331552204722	33
-0.08938850765908	0.632961875524904	2
-0.042844480641479	0.774664047633587	2
-0.05370994052276	0.958978838361966	22
-0.120876328679107	0.652276318778812	22
0.050695670060567	1.12705815873919	22
-0.121815417094484	0.567096077684926	22
0.041478986029265	0.957914744728055	22
-0.123349667206268	0.861012733390591	6
-0.037171017123763	0.872407044780236	33
-0.070077786059759	0.659035631548296	33
-0.017374848027266	0.704660425565491	33
-0.07844916507903	0.634489159813936	2
0.063502875068689	0.767394083977531	2
0.039990072108488	1.08558517513205	262
0.00988864757895802	0.757373848375411	262
-0.110001022907243	0.41104326903963	22
0.08235745898213	1.00409015504513	16
-0.045906240636589	0.787233848814403	22
-0.114779838150557	0.601837881747026	6
-0.115438519054767	0.575497034304929	22
-0.08192353939034	0.647860122371545	2
-0.084585748017982	0.561601960831056	22
0.041070395150924	0.946538854842494	22
-0.09537614529741	0.504815833471885	22
0.023633800021199	0.689938341922732	36
-0.091573399635901	0.244813524645327	22
0.031326302868765	0.272136466509842	6
-0.087423275429765	1.20111387537798	150
0.040521405282972	1.20065483955455	150
0.018422281002182	1.09641753122916	2
0.055813668404521	0.845601194213862	2
-0.111169317411824	0.685611682474288	22
-0.088805548110057	0.975077808562804	22
-0.082273390921348	0.708618627043759	36
-0.036819092554208	0.168285527716812	22
-0.053929962955858	0.989509287016181	2
0.073221208305378	1.30122862097261	2
0.121481004017791	1.42262893899855	2
0.020100877069307	1.17382068567381	2
-0.111824053396099	0.733672779026776	2
-0.086776116322335	0.560004655704584	2
0.071884702480965	0.604259775188103	262
-0.122183429804402	0.153079212813478	262
0.095195757470788	0.63647702680646	22
-0.021118127412656	1.11278297870954	6
0.0935720008719	0.472848665416775	22
-0.036819092554208	0.168285527716812	22
0.109416610658135	0.481059669882199	6
-0.086726576767932	0.740226941176515	6
-0.111551832880718	0.405387789869828	6
-0.121281735175824	1.46891320588348	150
0.077572271718897	2.10802242786996	150
-0.018402487325589	1.40159617048975	150
-0.059859006249977	1.11288644133231	150
0.047183753973979	1.36611711980908	150
0.047479930248988	1.07975908332856	2
0.00412082335812902	1.09982995775612	2
0.0457679928335341	1.29584173487697	2
-0.078384249615059	0.792753870265448	2
-0.109799363602869	0.713377154564836	2
-0.11386016974344	0.729090467753518	2
0.069861672185312	0.926684976232886	2
-0.090646893961813	0.74205905054356	2
0.019832186113999	0.358530933415573	262
0.093635974547341	0.638944803530236	2
-0.00423064719781002	0.93575520497623	22
-0.108212892440747	0.517942680310053	22
-0.012447238066064	0.548087277171952	22
0.061998384968146	1.16706254224598	22
-0.075950177730576	0.773842871565053	22
-0.092031412752019	0.69648312483787	36
-0.061068345250932	0.34623355791686	36
-0.00912526971718203	0.815809382872729	36
-0.114546109388765	0.765116896709721	6
-0.00881574760919501	0.979478344958682	6
-0.083014270323643	0.697894371744484	6
-0.089212361195078	0.247375064651821	6
-0.111027311759597	0.857303411020914	6
0.020437311825952	2.05743762387058	150
0.124721814951376	1.87832692927346	150
-0.016095750096686	1.35224584021183	150
-0.01122183815076	1.13496966703662	150
0.028205411298426	1.28433977445054	2
-0.029190218657256	1.03995577439668	2
0.014410867906961	1.06884882300728	2
0.033998012346052	0.273790544134084	262
0.034624397132307	0.533331599464303	2
-0.10319352697757	0.735257788786823	22
-0.122660024047384	0.342495151997337	22
-0.086843416742682	0.418538256327692	22
-0.025929265406419	0.734816815824321	22
0.091607470719458	0.466858357551234	36
0.039198118551612	0.464937591421343	36
0.074866604279857	0.56521230720599	6
-0.100470146088799	1.91374298272793	150
-0.014852837177542	2.44695876311684	150
-0.091755640776983	1.60149409633798	150
-0.046609797495795	1.13996703508856	150
-0.056657590610227	1.02440840602205	2
-0.01270029473969	1.32742413567446	2
-0.114733777959563	0.338135614270513	2
-0.036116812573292	0.169003815490307	2
-0.102836576470196	0.769672984533663	22
-0.103365429504842	0.679586081413666	22
0.103504658476762	1.23863932160508	22
-0.030867159187908	0.940989640060224	22
0.046619809478445	1.08162252885925	22
0.062523702295302	1.06681477992408	22
-0.098768487809861	0.737753265809607	22
0.064553112039125	1.26988866168162	22
-0.020396570325999	0.960722718763492	22
0.054273054371793	0.91323642415685	36
-0.109315749103151	0.875571954668408	6
-0.122701877768158	0.155619628304856	6
0.111452928192629	0.568710519828426	6
-0.12089590893792	0.156614003571178	6
-0.110309875374886	0.336318282414025	6
-0.067778783442741	2.35064749175215	150
-0.001499412538772	1.85651343969985	150
-0.065195405768442	1.41601908828779	150
-0.038120432014038	1.0752799191601	150
0.00484599646895401	0.816836460231103	2
-0.09124873749691	0.686844074198158	2
0.010569413826089	1.31425025396118	2
-0.042964025629707	0.873552766540614	2
-0.062935755054708	0.419283677923825	2
-0.114636623142847	0.236064880091711	2
-0.065415211466224	0.865254235928927	22
-0.056032668982475	0.873598891024845	22
0.051451915270288	0.916504798631923	22
-0.047462837477895	0.827930140095706	22
-0.110722284691238	0.702816460282692	22
0.038995679587403	1.29528924036745	22
-0.033529166549542	1.02155534198501	22
-0.01143386932044	0.853264956842623	36
-0.092614451990856	0.854063877435879	6
0.099771939873223	1.1035122781673	6
0.000798232763245976	0.79713737533075	6
-0.037428818367018	0.17119012482422	6
0.048098162855759	0.350202142105905	194
0.022605951045326	0.264664551816007	6
0.061622505203685	0.369091978735925	6
0.122362981943182	0.384644994008692	6
-0.074837561031171	0.865062538910747	6
-0.018264430468411	0.500167531622266	6
-0.087545155580871	2.38736838841285	150
-0.020884241563631	2.46768705963328	150
-0.119192886320559	1.30836834255639	150
0.081012372062697	1.21853881219256	2
-0.085613086561665	0.247008001609954	2
-0.067663966630089	0.694207454370842	22
-0.07846094982565	0.670911039434344	22
-0.064602708787616	0.789600411093825	22
-0.075477386274294	0.427601355896416	22
-0.099676734798469	0.33472580360427	22
-0.076735096929844	0.506368646445767	22
-0.088906355592727	0.647838229327801	22
0.0200614747479489	1.20557830326145	6
-0.10423685165424	0.789103277515408	6
-0.049991097558444	0.90111290955177	6
-0.017783233789512	0.348788987763765	194
0.0552045724863111	1.35876416895569	150
0.047797848852508	1.02022834954903	2
-0.072111259738106	0.482651992994474	22
-0.12061508587256	0.498480332670513	22
0.069215294690209	0.851416122595302	22
-0.052130932200764	0.569837662798243	22
-0.030838611435771	0.586397028279595	22
-0.028476501518018	0.673500128775525	22
-0.124876101104694	0.512632961722683	6
-0.086607233554588	0.241266365795489	194
-0.041584323371507	0.512930457285477	2
0.0379981324184721	0.811660967524873	2
0.093911013634478	0.702463972285387	22
-0.010312610393774	0.591418954174924	22
0.077936723372261	0.768847759291545	22
-0.104533516968006	0.416630046778243	22
0.015856844108977	0.766660520924416	36
0.103663490874175	0.948562358758178	36
0.10795152460869	0.979516486965105	36
0.034202478073185	1.03354407465898	6
-0.076797021277927	2.35239759286042	150
-0.112336175647628	2.00461185513151	150
-0.029146434235726	1.97642898050336	150
-0.090112345469426	1.54512785633677	150
-0.052248471702478	1.45811578482507	150
-0.121358718927356	0.899115317591936	150
-0.030304142898755	0.92965265108399	2
-0.102156359382532	0.761272085373524	2
-0.074334204105992	0.720921269719874	2
-0.085638116533318	0.583365454992435	2
0.014860887867274	0.357961034541391	2
-0.120007511221938	0.551235276632247	22
-0.096353853332101	0.479932975837007	22
-0.095874525964623	0.649112480090368	36
-0.037448047811695	0.846874580239031	36
0.034568535205587	1.10661231161752	36
-0.098441158904747	0.636301116466716	36
0.118503501948999	0.294775054534849	6
0.0656560038390141	0.466017576502125	194
-0.090488933460312	0.233576648918632	194
-0.022267970594029	0.343403392919467	6
-0.108352987980497	0.476628890124334	2
0.100967220031596	0.956623597056833	2
-0.044862027039157	0.51457299716269	2
-0.087875377575107	0.331741857298881	2
-0.103294450455125	0.501102136844247	22
-0.064312201760506	0.349373781438713	22
-0.00365088688021797	0.780277188246106	36
-0.015162429453325	0.846435381810885	36
0.047390981378338	0.979412485188385	36
0.00551328171207799	0.345753436043435	6
-0.00744073681347401	0.60036750635791	2
-0.099916783571059	0.570301487535317	22
-0.01679835352358	0.831293585976797	22
0.0517101991428049	0.860347579355681	36
0.00815297642268897	0.880515027535364	36
-0.035989037681595	0.786675144350263	6
0.104784394114568	0.787964429369353	194
-0.053894994670566	0.721779958674844	6
0.0917680058258949	1.00587778897909	2
0.08846516560375	0.464125381036423	2
0.095031718948381	0.906469390496728	2
0.031712999603133	0.962155449338954	22
-0.087107073082858	0.578563370955304	22
-0.07695772511307	0.801321094504437	36
0.052449836393168	1.21280787125646	36
-0.08841049731994	0.524539448629274	6
-0.021214071752813	0.337033933362679	6
0.101007210843035	0.64391002880198	6
0.061925931643101	0.70191451798511	2
0.016568193210947	0.929832777080004	22
-0.025352350477426	0.438696652563766	22
-0.054105815893137	0.555065416443574	36
-0.033155465153901	1.08779496173228	36
-0.080382707678822	0.336239104236653	194
0.016224914666148	0.363937353397835	194
0.042175585607012	0.610492957083765	6
-0.02977489469243	1.10236435985139	2
0.117708971882131	1.52894505347065	2
0.032831813796483	1.2642809591317	2
-0.118896447575877	0.504974072468815	22
0.083991473988441	0.705684702900644	22
0.032889533156695	0.746630522113128	22
-0.06626503950826	0.728849779993185	22
-0.061827613338252	0.427788296199644	36
-0.119078913139705	0.793093321305653	36
0.033745831913261	1.15788255774724	36
-0.033018698929277	0.499720018808585	6
-0.037848765825292	0.509969361078768	6
0.112106388321675	0.707098588045399	6
-0.040758456024708	0.165886008744708	194
0.032304701052473	0.458987167557969	6
-0.107784839037227	0.49371979421578	6
0.027612666541089	0.44327337143787	6
0.111465005712954	1.40038268108287	2
-0.012579216508551	0.353676293603187	2
0.00794297206927697	0.445602814880477	2
-0.095121380845086	0.395879950121251	22
0.117132415345289	0.636328741288636	22
-0.062963388650851	0.41900093793959	22
-0.059655090600587	0.514851013538464	22
-0.025391339556198	0.763951355776368	22
-0.08113692188795	0.693937533147792	36
-0.00908115050005698	0.807837814523422	36
-0.08064177817874	0.692590478056741	36
0.039685359135813	1.0036932618046	36
-0.124750437025265	0.154754574779314	194
-0.077958784837894	1.277829666321	2
-0.073242121015155	1.01768001684581	2
-0.09199520497548	0.239957568094104	2
-0.091363796304032	0.323886765355572	2
-0.123949887689962	0.239600944751301	2
0.0942894312592401	0.713374330995424	2
-0.056021428474603	0.845003457116062	22
-0.076797999645929	0.426669407789348	22
-0.1072385396469	0.638190566095454	22
-0.077672360610807	0.342856361517495	36
0.0373409245281781	0.602652965176548	36
0.010579420419535	0.851194392332015	36
-0.04511661015353	0.348685346408424	6
0.098840931589351	0.467725110882085	194
-0.060113647700201	0.573929590418314	6
-0.048448087560535	0.597261906066612	2
-0.000395738450826022	0.33139833670551	2
0.013970351381837	0.937823875316196	2
-0.013715931130302	0.908217930733154	22
0.020533204316014	0.753279620627575	22
-0.059669292524537	0.509129900142779	22
-0.013437548399303	0.523191526808584	22
0.093241449994426	0.804984033147988	22
0.034383144453924	0.964530552046529	22
0.090728808782625	1.21907352178707	36
-0.073538184162285	0.428944442356605	36
-0.100207876175156	0.33874713049262	36
-0.105699122373332	0.745299295753353	36
-0.036970605580488	0.260386256256438	6
0.013965323282581	0.354315860951252	194
-0.040726019472906	0.258562567823442	6
-0.120764015751633	0.322540358521521	6
0.111024756166922	1.36089014560176	22
0.090356787229277	1.13014345166843	22
0.071045922535092	1.03388912368798	22
-0.071027262117817	0.843221295670025	22
-0.079555629948805	0.954685566920215	22
-0.118404675771482	0.335635936171688	36
0.107224391923032	1.42458884881199	36
-0.080307676525743	0.551204409491882	6
-0.089212361195078	0.247375064651821	194
-0.11944174175966	0.934756252098763	2
0.035231721051628	0.918286846750261	2
-0.016432729928021	0.913140698613143	2
-0.1071444236948	0.405523249115321	2
-0.086989607414145	0.793898211843159	22
0.0654574010851851	1.15995725756213	22
-0.082361454670774	0.404541465759572	22
0.039250579717923	0.676926106773376	6
-0.036915425721159	0.258254075866633	48
-0.046075855475656	0.349620733281538	194
0.00649745894913201	0.351602927859012	6
-0.058135565696837	0.950223754197411	6
0.111991590483661	0.720110309825917	6
-0.03932471408612	0.90574581417201	2
-0.114146118956208	0.653384660883347	22
-0.012968045260586	0.867130245450253	22
-0.038445395737797	0.784390520280343	22
-0.053658249236036	0.514832159210706	22
-0.033672108743248	0.666620689546089	22
-0.075337735131824	0.66774785384561	22
0.047246890458165	0.907103636004462	22
-0.110491723987251	0.691099308980718	22
0.079132028358212	1.33505477950782	22
-0.037188379388072	0.987358860290798	36
-0.027665754393555	0.953158536154696	36
0.032035093615008	0.457201879267376	48
0.03449587665573	0.278453455438827	6
0.092535238913246	0.473327010280365	2
-0.105650133338665	0.673228249855758	2
0.016728697462167	0.883226783973087	90
0.033216389671746	1.05541711890152	22
-0.00649104892802999	0.599806785900261	22
-0.10429236309173	0.637291412972135	22
-0.018872005603588	0.905029350333957	22
-0.057328118793085	0.562691895800403	36
-0.024681293045193	0.503042752450108	48
-0.049256125117171	0.345736360570887	48
-0.119803396558047	0.242146366500946	48
-0.04714652414953	0.348577862410457	6
0.097065856075581	0.938338409612347	6
-0.094024111467102	0.58523148135185	2
-0.097534656722611	0.745624814114927	22
-0.105659093497829	0.585334694684439	22
-0.060801600846374	0.425975459428269	22
-0.098834581620707	0.783078540639153	22
-0.054251481354408	0.996077608295241	22
0.095523313648756	1.1441440649469	36
0.100276652766273	0.888579642190495	36
0.000228250103670002	0.966235327622173	36
-0.059461338201635	0.755559182439494	48
0.050690193189108	0.549541267284981	48
-0.038741974534412	0.170273180706361	6
-0.062948789509787	0.580859993863075	6
0.027604851141379	0.804862748880231	2
-0.053248625263665	0.901422623320897	2
-0.050262956037064	0.753766049146235	22
-0.084081696708567	0.707598548053146	22
0.00345513794594099	0.877122030458673	22
-0.122817441156342	0.489334504499251	22
0.016244415412363	0.826556895145409	36
-0.01376834776005	0.782713895549169	36
-0.003243353237248	0.973707645807301	36
0.103714072411646	1.14258333975082	36
-0.080078042742753	0.492438139196826	48
0.116288458731605	0.377926664972365	48
0.033998012346052	0.273790544134084	6
-0.114699194441521	0.421803603424301	6
-0.123169215983409	0.572858083565666	6
-0.112108561718077	0.786074069562072	2
0.00228062680539198	1.23599096004745	2
-0.103389124490205	0.731692160319098	2
0.033622538070934	0.837588536289604	22
-0.070432325502903	0.665171252623663	22
0.083796154996875	1.1118804304764	22
0.017110666776066	0.825414014840067	22
-0.096510381363558	0.584949074472708	36
0.037370763271551	0.842438689486586	36
-0.074522529850791	0.684265315037911	36
-0.011688080927763	0.781119425329021	36
0.116730064994228	0.894090284972514	6
-0.098677201741506	0.383289254682649	6
-0.116815099186255	0.771582412493045	2
0.108235134015037	1.41383770798865	2
-0.00181424077714198	0.874232408747512	2
-0.060240568786456	0.841287338736543	22
0.102102607196471	1.19608928957075	22
-0.107412681733622	0.66168900109153	22
-0.056555329307116	0.869450251479253	22
-0.000917445566608999	0.85145694172781	36
-0.030870043648022	0.58584301115695	36
0.04741150775916	1.07698700986696	22
0.09596499264596	1.20759469633392	36
-0.012757890719373	0.845391879671134	36
-0.104470931159837	0.715368418557191	36
-0.040556712980562	1.20778194145034	2
-0.054949556844099	0.937393522476851	2
-0.089021453247904	0.591935858921475	2
-0.045045012784485	0.348059235343589	2
-0.081550962977374	0.784452606986671	22
0.052019620874278	1.01145240701242	22
0.060530302216525	1.08063362063606	22
-0.045726871801436	0.587828652202993	36
0.075797777715571	1.27513025223926	22
-0.121093126683273	0.665112292345207	36
-0.038490815029937	0.165982955502898	6
-0.04317098946748	0.248623886128259	6
0.0992969988421209	1.50617145653586	2
-0.042491901001147	0.500158571269917	2
-0.076945953584234	0.788094615051018	22
-0.073734254200341	0.842831511279383	22
-0.080008825559684	0.7622899198123	22
0.053149061368839	1.03130351154962	22
0.068815196460544	0.936368679496369	22
-0.120992329099499	0.594473388661043	22
0.00821909236294505	0.82000978542427	22
0.124152958163551	0.887721524495465	36
0.085672393357362	1.33725028416848	36
0.00637747392145405	1.04554088486008	22
-0.059233179855018	0.967425691388553	36
0.080179210859512	1.40361374190262	36
0.0109701678937491	0.994889706607832	6
-0.027623599135962	0.593905101100397	48
0.11954574548768	0.638498308422211	48
-0.04661305588889	0.497749654569206	6
-0.072566194503781	0.852811443532192	6
-0.03242385431181	1.17458631447594	6
-0.093059550053158	0.993892602381041	2
0.0889789443650441	0.938014025216818	2
0.084155405196346	1.24870992826963	2
-0.021332534603537	0.935566218191989	22
-0.04156979903282	0.837028884412197	22
0.033502517275651	0.859144920419531	22
-0.035605832998458	0.90870290565078	22
-0.019259484011503	0.500041178378362	36
-0.060776823379706	0.866711154786122	36
-0.112646134652825	0.573256696874122	36
-0.031539840065461	0.993104302314791	36
0.035713769580585	0.274122203456511	48
-0.022006012728513	0.34467101122001	6
-0.120518797653453	0.340188140333076	6
-0.016876007660436	0.599973623509828	2
0.049438847771029	1.15393981503508	22
0.092261211610121	1.13476617005223	22
0.110175898946301	1.29729775631621	22
0.104916561313772	1.01636022503881	22
-0.105810059839845	0.488265181155674	22
0.065803040277293	0.936306229027483	36
0.009139592581764	0.978816489441926	36
0.040910598943715	1.02055191367023	36
-0.038893113424792	0.964388668933983	36
-0.048813472205325	0.666719923057571	36
0.052027477555526	1.12501884251732	36
-0.109866497320358	0.733003000937041	36
0.026866192306454	1.06624677572554	6
0.094222421633069	0.978598471219213	6
-0.00496618247335301	0.576206043326506	6
-0.005892724969768	0.658096983204598	6
-0.011688550526606	1.12783050253358	6
0.0125149236230651	0.874675786620471	6
-0.108221063272602	1.02385410965335	2
0.087775443172236	0.787033494627894	2
0.105048176868117	0.568757857472661	90
-0.010443404991644	1.02654143755302	22
-0.017759980053921	1.04542494679113	22
-0.00647776476852602	0.881006269633703	22
-0.020691772331258	0.940106404109507	22
0.118716021477006	0.789769333022745	22
-0.020536104718565	0.785367742669247	36
-0.020029111989785	0.605877436470812	36
0.074522991960272	1.10155081508993	36
0.079394259462352	1.29795058742904	36
0.041534180108338	1.11958206783297	36
-0.085692738442081	0.573202483227478	6
0.0378114971445001	0.616533242240192	6
-0.105250841528797	1.4745685963437	2
-0.109940881808552	1.33369890305097	2
0.032283130544191	1.52931676357605	2
-0.011957711929037	1.01473577498135	2
-0.110508609947028	0.333938438749002	90
-0.063156297518331	0.772850635564364	22
0.0915272604792851	1.17299311294212	22
0.00875043546019905	1.00638160882513	22
0.0975592717386931	0.922159440424779	36
-0.090913502817251	0.50424012555459	36
-0.001959651554092	0.585804935914677	36
0.055328401941252	0.783582277751061	36
-0.035974144915444	0.801618886813	36
-0.044275585293136	0.575699319228954	36
0.093705960539929	1.05942398834745	36
0.09405873901442	1.41394876444321	36
-0.000455529075548022	0.912044312317827	36
-0.1075017634889	0.653763656571176	6
-0.104434559286756	0.216325387009888	48
-0.084121615364447	0.244224998469112	6
0.010437590435844	0.349293114497003	6
0.020138159228086	0.607863642270424	6
-0.12446088068582	0.796593634301517	6
-0.055200035922097	0.625981871061089	6
-0.112857426998291	1.76559442402173	2
-0.107725426259145	0.762810326035645	2
0.070946994573076	1.39383178958512	2
-0.024408544857655	0.443010431683031	90
-0.02174050332026	0.669770555549391	22
-0.045411041162898	0.809160005877	22
-0.100648014339901	0.614341133006371	22
0.032593619995937	1.14115484306977	22
-0.106798967074098	0.677548710083733	22
-0.007456954719057	0.754172263346812	36
-0.019800262409648	0.581644829761004	36
0.119114548311603	0.818988151160358	36
0.115696520401525	0.956798096508304	36
-0.099347924710817	0.802742728234224	36
0.00483915137218305	1.15035121160093	36
0.022001003379702	0.782119317283347	36
-0.019088663419563	0.352118646734907	48
-0.044446629573952	1.0532877809805	6
-0.11163384060876	0.801764487698714	6
0.103823253078973	0.857295032850693	90
-0.039856631226368	0.351425093653037	90
-0.060123692092067	0.883499652520519	22
-0.112381585860266	0.731600743889328	90
-0.051357809427016	0.850499599037389	22
-0.058367200439881	0.729477792371047	22
-0.075462866078488	0.417770000372441	36
-0.027877597573537	0.782511357107416	36
-0.073423230713236	0.872776496748845	36
-0.037291835394748	1.0701010727698	36
-0.068004787302738	0.575811098545257	36
-0.121493803037398	0.338073299066063	36
0.109468734166023	0.799570054339901	96
-0.091910656659027	0.590272606090508	36
0.11585760188541	1.42115284860482	36
0.117154588725704	1.29128025111417	36
0.116495091279948	0.294044894256785	48
-0.057287431979192	0.974663517512138	6
-0.102132108483885	0.880329976246859	6
-0.064112725815076	0.657265826183791	6
-0.084402422817479	1.98964767002057	2
-0.051696720914641	1.42639053596879	2
-0.022192472459255	1.13102306111654	2
0.103543896888368	1.27044171563646	22
0.088479796607527	1.2257837820893	22
-0.072792415742899	0.835742808833921	22
0.027417890687192	1.02032743595198	22
-0.108391215333805	0.490197738342834	36
0.048761161578838	0.550057137204807	36
0.051992552235797	0.762728080783136	36
0.114935004716412	1.10735904278614	36
-0.05176177864282	0.948719557255679	36
-0.030184960587838	0.664975792373002	96
0.075461027069253	1.1379093422681	36
-0.050532496822177	0.657246017221126	36
-0.029283160447814	0.442950090058094	48
-0.070906337526301	0.414437550133892	6
-0.091731771019164	1.87673482140027	2
0.105851622486367	2.21565474596909	2
-0.106213599177155	0.768420348450783	2
0.078540752339652	0.875188069428585	22
-0.049503790978614	0.645491809382247	36
-0.105850946293523	0.632757474875638	36
-0.082025980691638	0.533263695488507	36
0.050537207459552	0.879787184698638	36
0.114366061952586	0.727965765984879	6
-0.02499013081053	0.657814538883693	6
-0.021189642678864	1.71994831406663	2
-0.051108451091075	0.895484416421482	2
-0.054565598101318	0.705241280341186	90
-0.121525040299729	0.545870600269625	22
0.116352390577733	1.10126196533778	22
-0.102833095207437	0.5894241564734	36
-0.020803567166987	0.907052593924277	36
-0.086788459500047	0.569838438216641	36
-0.095747580683039	0.48854697966242	36
-0.078515011781434	0.813963492090805	36
0.07482597500505	0.91428460762537	36
-0.00496087227958802	0.685972668961028	36
-0.121413989373308	0.560307864411391	6
0.07681707739119	0.858667916091052	6
-0.064746725900701	0.403246998941886	6
-0.029542790825499	0.438282223638822	6
-0.05112920186735	0.744061760223857	6
-0.018775191218436	1.01936342889246	6
0.055914288095141	1.19360980875532	2
-0.12108804851205	0.663548652856505	22
0.108363729428873	1.19961758540446	22
0.044235456893421	0.852390990061119	36
0.0199978285426931	0.618037229286518	36
0.018816340983883	0.812764914269065	36
-0.00534275511195997	0.446367166718098	36
-0.113972026748923	0.690997127667936	36
-0.095505931624326	0.683290422315843	36
-0.069789771620936	0.340384019347963	6
0.024368837375354	0.930965842254383	2
-0.03707879135115	0.768351666392487	2
-0.082874534370295	0.914294738440145	2
-0.00918975759304502	0.747586317591867	22
0.085725578720767	1.35284910209415	90
-0.090663618188199	0.793615583137782	22
0.029753027840759	1.0000124780257	22
0.039766765665747	0.612346750575158	36
-0.027472579884915	0.852441967011175	36
0.116043074709114	1.39586943235219	36
-0.014330734967285	0.859332553847713	36
0.119413388665488	0.380144863301732	6
-0.013296830419914	0.519186902093739	6
-0.081175418560152	1.55904084833836	2
-0.050337708069555	0.344372857467193	22
0.079787458451541	0.633585886106254	22
-0.033783970193732	0.809641911669641	22
-0.076067604515377	0.694098520828508	36
-0.060777840558549	0.636005769898777	36
0.029267783623229	0.688480784879926	36
-0.084672548403777	0.633559024579832	36
-0.0557233030147	0.803075413733724	36
-0.00262099050829201	0.94301848427618	36
-0.00271765177646399	0.984611769290039	36
-0.089701270827285	0.501605867363698	36
0.00102264607740599	0.668093945478864	36
0.053502442251995	0.365934637514413	6
-0.103221364913429	0.822168313128418	22
0.0370998161467579	1.27465513706165	22
0.0634657720149771	1.26263087842259	22
-0.103382256227168	0.654247327532673	22
0.046528735594183	0.965265902113505	36
-0.110903322591605	0.485436405190036	36
0.051627916852879	0.552599473869235	36
0.105115638952055	1.01795431851845	36
-0.109040592325117	0.779251503743229	36
-0.047503592784038	0.895848413229661	6
-0.120381767640925	0.615226628722668	22
-0.031321095506073	0.96312284734191	22
0.0216255965446031	1.13887680624647	36
-0.093990354057984	0.825464370915422	36
-0.026894351390958	0.949471422216018	36
-0.056134636450441	0.887136095846003	36
-0.044201881733385	0.680788311639508	36
-0.092300597549365	0.340543955059846	36
0.025961870464224	1.1429266096508	36
-0.0768821294366	0.246580906073827	6
-0.00764228552013202	0.594923992248711	6
0.035385266524195	0.464690456044604	22
-0.089860423356399	0.411821755979479	22
0.096970711489538	1.36143432445027	36
-0.115836708563554	0.679402840719871	36
-0.121989083649886	0.614064103986791	36
-0.090163912327792	0.652173130911254	36
0.01143268208184	0.685404700234322	36
-0.098184701814225	0.322934170526891	6
0.103138383124007	0.471768794923878	6
-0.088427357249898	0.803691162737182	6
-0.028065694651621	0.674919223672714	6
-0.086778590704589	0.815094235676529	22
-0.067236347108649	0.816527108003063	36
0.023022002622298	1.06867668265478	22
-0.048152442479564	0.890916245613424	36
0.073269029952195	1.54368022560228	36
-0.023038449510628	0.418843933486781	36
-0.093320771927014	0.580272324929603	36
-0.031643542791299	1.01738023456776	36
-0.092638910889532	0.341315041642672	6
-0.065089821341884	0.562572176334929	22
-0.057292889242842	0.702599053085295	22
-0.00339019444369498	1.37952607759053	22
-0.070711371824187	0.87105741252776	36
0.031768835632179	0.664895732716979	22
0.116286350163262	1.21789916815593	22
0.037710079258091	0.455290882938164	36
-0.123753934383383	0.690995073209994	36
-0.056412178127918	0.857769963659327	36
-0.00246514443673501	0.985450294947487	36
-0.116574082122777	0.73678508991664	36
0.019371922052889	0.899375603037522	36
-0.07141586158631	0.572165170392018	36
-0.03920180094272	0.168213028535086	6
0.032025028620649	0.263747645033247	6
-0.038740520087151	1.15325288538227	22
-0.114460949787977	0.79784880138348	36
-0.113844015746207	0.700644320258909	36
-0.049045024891133	0.643993873980126	36
-0.107518023114778	0.421737259553742	36
0.043621920048783	0.469659515266896	36
-0.051908061804141	0.415237621099429	36
-0.081203962430045	0.894860299573311	36
-0.104735657137489	0.77367590346834	36
-0.05856270303947	1.08192600264905	36
0.029417141066667	1.07628480495407	36
0.077354821096713	1.21141859989393	36
-0.091573399635901	0.244813524645327	77
0.084204934055401	1.41498574564236	36
0.03590703767089	1.15240242189419	36
0.024507787956203	0.71101643326701	22
-0.067609479309953	0.419618207509697	36
0.02426305141614	0.920521763062176	36
0.072131033793718	0.921563424940974	6
-0.014225214645448	0.60214385736436	6
0.036128592038515	0.455440599589331	6
0.081087501076695	1.42550446999778	6
-0.1236794916813	0.651040152555242	6
-0.033288785272723	0.557955005481959	6
-0.078633847810101	1.34192967793662	22
-0.083446877585726	0.772146084667147	22
-0.035713023368321	0.913318401400943	36
-0.104019826431488	0.85590157012881	36
-0.11069090060373	0.397118548983254	36
0.122554144985653	1.53168069172534	36
0.058419467712265	0.994899471431242	36
-0.081495440694034	0.646153263079789	36
-0.00497014912235599	0.439510144461504	6
-0.085893483981938	0.755895288634182	22
-0.010979513940135	1.57999450461937	22
-0.088645819581611	1.0969735669044	22
0.082009696699079	1.15844660130202	22
0.033051199848428	0.460155812233483	36
0.117252370946976	0.283723879477146	36
-0.000100880549487981	0.70478089200154	22
-0.113762345754748	0.559833146648339	22
-0.09908470691932	1.43329079453068	22
0.017099408015826	1.53904251696263	218
0.073426750205929	1.78473049529535	22
-0.101925689471893	0.816488125359287	22
-0.055482254469169	0.712550023817123	36
-0.110796046236393	0.335408588950913	22
-0.039780659074974	0.837369372883133	22
-0.098603066448159	0.885123716312645	36
-0.11590080976375	0.797376094973276	36
0.034663564773035	0.830795336837205	36
0.055267749902694	0.674134978429756	36
-0.042359626376429	0.243344209061512	6
-0.094378565913477	0.391905025513933	36
0.121491699652023	0.39377137860388	6
-0.058861384715519	0.99495445740067	6
-0.089202361602842	1.02340710913344	22
0.036107267402909	2.11271439084343	218
-0.056999078965751	1.51559700498301	218
-0.016458077907159	1.70057363383356	218
-0.07241582099028	1.15771541405409	218
0.058931786542564	1.29261173939121	22
0.025810307978287	0.980662095231278	22
0.122800354922541	0.853321980893534	22
0.107343791679524	1.31035997006433	36
-0.040722403318443	0.345378222982124	36
0.029165837647813	1.18703158485687	36
0.0430429571616861	1.15420166846569	36
0.0763368534298	1.19064861942667	36
-0.037849373425609	0.865045716580079	36
-0.039199975519177	0.567532043857286	36
0.054324658160992	0.847349380307649	36
0.077842825588309	0.63572414618401	77
0.060346909491702	0.360128639336014	6
-0.094977200922944	0.814988586272582	22
-0.07420665255655	1.36445941424894	218
-0.022003255418567	1.43269295030535	218
0.00649982041353003	1.69161952815136	218
0.045460489477178	1.58235266625369	218
-0.07904370741497	1.17653914255398	218
-0.019418253681038	1.07397962162614	22
0.068311258354001	1.34758486281762	22
-0.047675026603552	0.589405159557759	22
-0.02657577394221	0.638879358829013	22
-0.087279304762236	0.599659286677027	22
0.038255896528233	1.05608596606396	22
-0.077722238257422	0.757587736176585	36
0.041241943239422	1.14906776392248	36
-0.101859845125878	0.728391182043964	36
0.010903679721128	0.814675182502397	36
-0.042363992359273	0.785268988731806	36
0.11394504828208	1.03638231225422	36
0.066260175020493	0.628022627908671	36
-0.091754030758471	0.238503070867028	36
0.020510395243671	0.45067862575278	77
-0.04458386321084	0.404507477410261	6
0.070004612465438	1.28711754063493	6
-0.089933175549425	1.4813549276993	22
-0.12033487852388	1.2371170991082	22
0.100254686448141	2.47411305069019	22
0.045893845493874	1.40861689539442	218
0.029240593710583	1.13295241198713	218
-0.028109022552732	1.31354249078214	218
0.111195510965979	1.13817313062232	218
-0.097304191539959	0.65764205826454	22
-0.042465825502118	0.620824320140809	22
0.00228285142108298	0.674653249133906	22
0.018566202837106	0.592614058655749	22
-0.00439025599311899	0.657066193829259	36
-0.016848166821027	0.754576686913889	36
0.00946806180648996	0.75913767642263	36
-0.021223075650557	0.586606351594714	36
0.0296044719836061	0.690598565224024	36
-0.073134943559542	0.561425133632337	6
0.109599013923478	0.908208388757028	6
-0.072794999456246	1.94820749821901	22
0.024994311548	2.33415995690305	218
-0.104387752032343	1.38852431200491	22
0.020711202670932	1.33802938533054	218
0.0719896832917411	1.81813040587097	218
0.019980205519941	0.987803423635406	218
0.106915193983081	0.895610760181033	218
-0.023812070173157	0.842774739204805	22
-0.121118219903074	0.585191975900279	22
0.065760382141568	0.773138654942006	22
0.105571141285928	0.884117946575988	22
0.00588091404943902	0.934811690045721	22
-0.040203270961367	0.730772490143147	22
-0.075885362265063	0.589200698847684	22
-0.00723482624280403	0.589798221222862	22
0.085524400639077	0.636492235467215	36
-0.080618811756068	0.414360450921308	36
0.00665814336808401	0.928234734645816	36
-0.121753699346414	0.497015058860578	36
-0.118979369436689	0.562325214985231	36
0.084975563370008	1.16312793207029	6
-0.056505260959843	0.567229466180823	6
-0.078351721058013	0.92479764539262	22
-0.00172355607729602	1.5121053502399	218
0.066010271570075	2.12420584458559	218
-0.068276319854886	1.18665364713985	22
0.092001745563562	1.90239836110641	218
0.0186074445844699	1.49644248250868	218
-0.030222826404311	1.23546606885687	218
0.03627220162395	1.42040326389619	218
0.046469972653845	1.86542755762646	218
-0.097869191244875	0.906950136852867	218
0.090992301088756	1.11450486593653	22
-0.068893650120598	0.668393875772846	22
-0.079623061754392	0.559603541607357	22
-0.064044088699222	0.429088224242076	22
-0.071122023726187	0.651945416363016	22
-0.031714410555689	0.710280485278715	22
-0.012897000559367	0.740302666285507	22
-0.096161009906778	0.482848219850562	36
-0.101768293518089	0.624099819319941	36
0.00350901892463196	0.653401621399963	36
-0.047215945291517	0.789233424851469	36
-0.070778343839535	0.416111241113521	6
-0.074923615165788	0.692381159086663	6
0.108013929587628	1.22802198575812	6
-0.050323205281176	0.837513910965994	6
0.023172974032633	1.16315371845162	22
-0.050919100299948	0.920599262432377	22
0.047569159834727	1.92401941626084	218
0.040741723225776	2.34314251722179	218
-0.00714388892200801	1.91385752599568	218
0.043009341328595	2.02620543616749	218
-0.0728195553905	1.2115237912284	218
-0.114340701461297	0.969048789551283	218
0.042232666988546	1.39574335482266	218
0.0524843770474161	1.49251386727916	218
-0.015346122183543	1.17307614545087	218
0.083516617505377	1.23179016913126	218
-0.04114695034354	0.893037030143623	218
0.051293395289628	1.21297192446484	218
-0.00538306229455898	0.593772018721289	22
-0.043525409251235	0.8760967183853	36
-0.076257003721083	0.654516326935014	36
0.058104142996095	0.528965109171826	36
-0.093706449042399	0.743878091808162	36
0.022632449362971	1.00222506023997	36
0.0599607233121	1.1067690391826	36
-0.049039906316662	0.871076650585741	36
-0.00519160599541502	0.653804555707583	36
0.036083605650149	1.90925872182991	218
0.076731559564087	1.83733148729494	218
-0.071603597938112	0.908416179972172	218
0.095752342257991	1.48183810090984	36
-0.092329378157767	0.659129389543656	22
0.076328358638429	1.12425297111537	22
-0.00807828559618201	1.05066793144101	36
-0.107219021822637	0.757215090437115	36
-0.037993982273244	0.78536073943781	36
0.008029495435533	0.848659144549559	36
-0.11948978291481	0.777397696451718	36
-0.045433361779336	0.843603947611429	36
-0.083356774577929	0.248789211684601	36
0.00811221884398705	0.354152162888117	36
0.122176028415297	0.30039163175096	36
0.035218258851096	0.276896267562825	6
0.117806799123014	2.09426815413143	218
0.114674114318891	2.05381334381267	218
0.108549356781767	1.84906564193853	36
-0.039252701864006	0.890569278530769	36
-0.00560872432140702	0.673889429998092	22
0.00330999835547696	0.520467091033864	22
-0.066191688802431	0.642365582233882	22
0.00848243641486302	0.852932080194624	22
-0.11596208529682	0.619903471253876	22
-0.059267696843294	0.804826615220651	22
-0.093043304560636	0.786557274784489	36
-0.00653054942293901	0.449348673904185	36
-0.101674646479801	0.418397159848549	36
-0.053501971942549	0.726076832999738	36
-0.101000912907028	0.703621516793983	36
-0.098054119424909	0.231416265645517	36
0.022105045298268	0.268394846365774	36
0.046260139759772	0.456035498718417	6
-0.120765935755462	1.71084127519745	177
-0.096115923154627	1.34270536739327	218
-0.109561627249277	0.978695302085574	36
-0.124927351080372	0.789955943253858	36
-0.114442184758028	0.821376779296896	36
-0.122499547228583	0.612738379191002	36
0.033583938099701	1.02907563595329	36
-0.04757941789865	0.82424261021402	36
0.11241450089706	0.279169914301205	36
-0.011524327511402	1.59277626252541	36
0.080278793090349	1.70447985310415	36
0.0554464678667	0.910448616993606	22
0.00908891684378499	0.731793088359877	22
0.055901535389114	1.09793649544091	6
0.066484503190423	0.551705774070284	36
0.118849049085654	0.547285598816654	36
-0.00429126783348799	0.446767705821934	6
-0.122999436040986	2.43641907222865	36
0.013155380962558	2.45415427704604	218
0.073236663666525	2.48354623598757	218
0.080093011305496	1.363170781298	22
0.013113171314995	1.08853000886673	36
-0.095934009824079	0.55519295874849	36
0.095268474146658	1.21653329658976	36
-0.064314555807727	0.675686316979681	6
-0.111085353620684	1.22088349149178	36
-0.00249288890737698	0.662539824894329	36
-0.105611723693724	0.571526662673598	36
-0.027868128594808	0.576169783832237	36
0.0987967002426799	0.645470917306808	36
-0.095170649787112	0.555097655485733	36
-0.102900292878799	1.47826368622714	36
-0.018062899078039	1.07370491444521	22
-0.040313783604564	0.774034697548031	36
-0.034594918223907	1.05388532160016	36
-0.002229079603633	0.963081572102432	36
0.11214258069782	0.88102974602227	36
-0.093791850191309	0.421353562252444	36
0.00635211171804295	0.529213851762609	36
-0.03584102131152	0.786978740442774	36
0.013246418344482	0.896193480821902	36
-0.017279433266628	0.824262773005238	36
-0.065890427393685	0.685937664703481	6
-0.106156599397145	0.655778960043536	6
0.034393863379395	0.947217081703592	36
0.099074632282517	0.562856792183947	36
0.040858791166569	0.453348631672141	36
-0.019273561109842	0.656486248110479	36
0.0611829803078	1.06031660811937	36
-0.061783852954425	1.09858310380708	36
-0.107402380986196	0.666994875890168	36
-0.048258969404121	0.342736765249531	36
0.018209464249306	0.363871885104091	36
-0.049135730408822	0.232864638319836	36
0.067871545959918	2.04386548740862	347
-0.074570653281153	0.484807547218701	36
0.059836921315422	0.67257768369835	36
-0.054966992936776	0.485594534722589	36
-0.00413932247355397	0.522237726770372	36
0.00453046589207795	0.599911365864961	36
0.08755078372654	0.90557987529597	6
0.05497448954572	1.08801081923964	36
-0.117290472784106	0.408470429153502	36
-0.00331816311070499	0.807974630704878	6
-0.121787849939862	0.336995719830096	6
-0.030416020769713	0.506549361116758	6
-0.036563661908359	1.36683904711417	6
-0.074181033314556	0.859259240523901	36
-0.013171978713347	0.736461302343509	36
-0.083980457444627	0.329906880570571	36
0.101735965993314	1.26152146697235	36
-0.022125144559364	0.349178634130554	36
-0.037279432653339	0.252401521951381	36
-0.03541866658133	0.25697363641228	36
-0.018374644632657	0.963517310470154	6
-0.099185407827873	0.552496639682068	6
-0.057401170777653	0.765580047295816	36
-0.07127077263441	0.656238304366584	36
0.00885014486001501	0.679623735426959	36
-0.015069687642317	0.741723606782032	36
0.074595791569684	0.615047574706057	36
0.102909240284829	2.0920698866774	347
-0.099172887007066	1.62159333665191	347
-0.077812262443147	0.989719311806519	36
-0.060553358599389	0.818733371320682	36
-0.073405737294962	0.512228262540832	36
-0.062952511954071	0.769969830716293	36
0.000933634298460051	0.757937868879867	36
-0.016711812529886	0.770905961513498	36
0.075441155876506	1.16951231385579	36
0.116225328972347	1.32971629954433	36
0.0308640992492381	0.769446882914771	36
-0.021253803487633	0.522938498926216	36
-0.068193598764764	0.646956087305776	36
-0.00149544621711001	0.725218602638793	6
-0.063537005369019	0.58433319550476	36
-0.106742491417659	0.583082470926798	36
-0.049884673622468	0.772332462116078	36
-0.107206665139606	0.674152207863096	36
-0.054309793553847	0.570342797631005	36
-0.101090877306842	0.480200521224099	36
-0.038005672471348	0.424407076891605	36
-0.104865087809933	0.622380438574505	36
-0.015245234970311	0.925737778510651	6
0.084942644208713	1.12011898509532	36
-0.108373145636496	0.641738136655569	140
-0.07880596118783	0.946217318344412	140
0.043650209539155	0.696765925291979	12
0.101677223661041	0.721116128459323	12
-0.01359997376724	0.34850717814509	36
-0.038613385554379	0.425654921479836	36
-0.062161432522692	1.79343112331323	36
0.123959528253114	0.967278784857514	140
-0.036886402953872	0.430999625101919	12
-0.110861763029045	0.415556589709939	12
0.033317705169569	1.08264197157098	36
-0.116365164330398	0.744457912997724	36
-0.085613086561665	0.247008001609954	36
-0.087445111187507	0.33456966333993	36
-0.084844209047076	2.0172649365007	36
-0.049544210904515	0.626421288959389	140
-0.045484842537978	0.587718476655372	140
-0.065036105377879	0.838147566113874	140
0.0383330690224381	0.465446198485472	12
0.067530802435371	0.850892367353132	36
-0.105644007592525	0.546935285565989	36
0.059350733748998	0.915159238752554	36
-0.065559492084398	0.42498828915069	36
0.121374155504569	0.300315625071135	36
0.124732591310758	0.285070614249817	36
0.029601639231062	0.54425924275857	6
-0.036484255141841	2.38389624607295	36
-0.107752579676414	0.568066927559435	140
-0.056340828842819	0.436066814608791	36
0.0293968423254219	0.276269573677659	36
-0.113067284608264	0.241917195706622	36
-0.106810469893744	0.239680950129091	6
0.053341288142587	0.364796031545985	6
-0.051939378943897	0.563371375636571	6
-0.088883574330213	1.79042288845583	36
-0.057448973432963	1.24574826972822	36
0.00377448055525498	1.1568605717858	36
-0.10687238645339	0.96513295077628	36
-0.103411394914288	0.48465821824446	36
-0.079508737510793	0.417163813744924	36
-0.1239337775424	0.786866464591667	6
-0.100465237015223	1.33861349433973	36
-0.09675738157415	0.655215439499367	140
-0.061116293203482	0.902869391990952	36
-0.042063300619002	0.43694765730342	36
-0.118746904842186	0.974545213862559	140
-0.03237159855139	0.498780856835625	12
-0.040411531718985	0.248700589160162	111
-0.042660834392472	0.165213255461846	111
-0.061143020425095	1.06345149831804	36
0.00862143788901704	0.436085448122932	12
-0.040611280322119	0.165595133852018	36
-0.091266218883947	0.6873563749403	36
-0.117120380744308	0.772025339197894	36
-0.034919095492282	0.830156225654023	36
-0.039943293896293	0.252215208781937	36
-0.073731132726564	0.330574036982614	36
-0.069833520012923	0.340319024835695	36
-0.107782801953914	0.417501534097064	36
-0.093661658827475	1.25002926882962	71
-0.113370603855885	0.491877745417105	12
-0.120195147081359	0.82388808168534	36
-0.11229859007619	0.783720723096287	36
0.043877715314785	0.61815143616909	36
0.0497235599959019	0.608972898993744	36
-0.082056783790395	0.345780687705212	36
0.110672214313	0.196281620263059	111
-0.099538790438813	0.343123137916237	6
0.075863933641429	0.565726288061008	6
-0.098406843129217	0.419541101261186	36
0.082924546205899	0.720163540093251	12
-0.018478898198595	1.13173555301936	36
-0.110455168688731	0.701289369974018	36
0.070026609817841	1.37561680158836	36
0.082082525758462	0.843925407246688	36
-0.042926874225643	0.347101242420061	6
0.09035808152297	0.843152120040619	6
-0.110679905538727	0.480366527624619	6
-0.029793019615891	0.330866897196847	6
-0.035074563265732	1.17242068413085	36
-0.112343496601116	0.492500421727407	36
-0.047256340450866	0.83711472973752	36
-0.11957498762579	0.637993405324219	36
0.028352667033231	1.10117596453284	36
-0.12383251726619	0.434278913765422	6
-0.101635070973488	1.22440241526492	71
0.060679522741699	1.19139542851236	36
0.025319598528469	0.94977542694543	36
-0.026497847118114	0.904519577468599	36
-0.083604348659965	0.792697981998126	36
-0.032214581661592	0.583987287451457	36
0.089497100101762	0.466585250711988	36
-0.013735271777056	0.440177871777131	36
-0.118397193357137	1.41751327429326	71
-0.099477413361631	0.785326770471188	36
-0.123113923469103	0.735724255649584	36
0.063685097667134	1.14599169497723	36
-0.045013575243375	0.334697956042944	36
0.113669434292095	0.482424717614478	6
0.0633961428447381	1.0509731771937	6
-0.069083246356833	1.17696621656102	71
-0.101933998627965	1.54721014954222	71
-0.038144506886992	1.93535028256902	71
-0.067697604262238	1.63202817602737	71
-0.027245660212645	1.8376302548131	71
-0.00724963915333599	0.580261191851004	36
-0.121371090584791	0.624986031059737	36
-0.089032872327222	0.817559552519481	36
0.036236482070895	1.28454393695367	36
0.072730133394195	0.716377274018511	36
0.0157310066230461	1.22283233721362	6
-0.010096529182261	1.95698427826909	71
-0.033627502672743	1.88396632952318	71
-0.095047462286759	1.81005999266726	71
0.06041449857674	2.40829702572024	71
-0.00369396706868902	0.867783035008215	36
0.059383881452743	1.06453070527118	36
-0.084500716374512	0.831357973911794	36
-0.093051586096055	0.802748541197513	36
0.050364866712015	1.20493351446107	36
-0.038734828287181	0.86833419709546	36
0.114348346921759	0.368432493611652	158
-0.074202634051885	1.86872456621899	71
0.11280434871239	2.38479472957916	71
0.118545204793033	2.11524963846248	71
-0.065184344614269	2.05397767479264	71
-0.083494276536843	1.66578767162586	71
-0.071561549165458	1.81525899418747	71
0.028043904128379	1.11169726242771	36
-0.061356477803914	0.888227681213208	36
0.032646695992037	1.08061563745523	36
-0.0240267969619	0.803550736977545	36
-0.066930670301122	0.556932329717307	36
-0.040726019472906	0.258562567823442	36
-0.048657126445547	0.4092331487633	36
-0.061861053708867	1.98787115400126	71
-0.118768179910019	2.04683485924533	71
-0.089997516180486	2.40249056651438	71
0.0446116539717361	0.77442334658229	36
-0.059571786574351	0.86675701591664	36
-0.023933052945401	0.586753045141595	36
-0.083941569799438	0.236982394486421	36
0.068111202082804	0.544836730386376	36
0.098242849203216	0.565030700415218	36
-0.038741974534412	0.170273180706361	36
-0.124143280766759	0.234805411441891	36
-0.111058116641838	0.850052916223924	6
-0.093573641442728	2.25180271968392	71
0.00959620420884799	0.742956498702653	36
-0.082395517805007	0.838833303452997	36
0.011725685873082	0.970914276679473	36
0.069984897190627	0.362457120416002	36
0.040904771668902	0.550309718037767	36
-0.00859633404556798	0.351111501862007	36
-0.063368093137069	0.345483810119899	36
0.00259386442427501	0.919010172360199	36
0.050523200763502	0.928020732723482	36
-0.079762982921355	0.658102299804488	36
0.02762618593578	0.60059471618417	36
0.0508182426853681	0.724486891399597	36
-0.089677964159992	0.577166822236831	36
-0.084387763533469	0.543587699719924	36
-0.101025504746486	0.775564077909039	36
-0.082380316948323	0.626570339848699	36
0.088963136995647	1.00985027606407	36
-0.117824277102522	0.492204751404878	36
-0.085663744864965	0.551920309113584	36
-0.103933078512189	0.506214697027042	36
0.015843621513146	0.682978528737401	36
0.075167650168201	1.06395766503251	36
-0.104915240884552	0.812562510569851	36
-0.087337310393779	0.573681328522505	36
-0.067038812354991	0.56451211764025	36
0.00651771977220506	0.756633927431341	36
0.046924651024384	0.76883093459964	36
-0.039992284296532	0.61895920610493	36
0.100569930952518	1.21090610002481	36
-0.05637395157254	1.39593617153306	71
-0.120298411508533	0.40767611990286	36
-0.061030248986191	0.483383243628741	36
0.09773824235081	0.744554611814524	36
-0.059022379150143	0.515378376568719	36
-0.116151580186669	0.637441357619924	36
0.0486819008509271	1.04990841575903	36
0.02539265373777	0.270941942264214	36
0.00522313616445902	0.512501744126468	36
-0.02625724193583	1.00030407475647	36
-0.082134029160957	0.96102629329773	36
0.028266837314596	1.01908660602009	36
-0.0262119262089	0.685812568526901	36
-0.065777403834339	0.493074709099104	36
0.121799760296266	1.05113299094618	36
0.035722819846242	0.928533154267641	36
-0.023797502684495	0.5970717094372	36
-0.031599559809224	0.793440040872218	36
-0.063818911152307	0.588806251407929	36
-0.081410302045006	0.825504419074468	36
-0.092180555819044	0.731756636273702	36
0.0947682050523	1.07313715381979	36
-0.099059891814215	0.685259179290502	36
-0.00895692845210699	0.846553484116057	36
0.034911147203652	1.07069740894666	36
-0.05652895909984	0.921965030633734	36
0.059145841129044	1.21546659554851	36
-0.038847435325783	0.338472172066663	39
0.00801508411346097	0.579967492284524	36
0.082059820751005	0.714827873834729	36
0.01219599188842	0.446126513006732	36
0.107116254064547	0.196239636588593	36
0.02119554831681	0.602096197751553	36
-0.104451107536629	0.54092403001674	36
-0.056917906646494	0.575633049952604	36
0.068786298045684	0.477330683446783	36
0.117461579512759	0.645372882237524	36
0.052157492992407	1.24347438010003	36
0.072925051865015	1.44883430314056	36
-0.048295491739454	1.0311917668696	36
-0.016722201003434	0.348620165909846	36
0.122058562947537	0.566262428208781	36
-0.123466438459383	0.154986833026645	36
-0.118330583313056	0.238436916155602	36
0.017016002980042	0.363408506046686	36
0.012848273484769	1.22081661088824	36
-0.043718375980971	1.00164731350175	36
-0.089655130728099	0.240792932955397	36
-0.069387875428775	0.342835948452543	36
-0.034054505994833	0.171994917424054	36
-0.058876124650192	0.489887091215065	36
-0.11057223989071	0.710225467305171	36
0.103800119311814	1.27912347354776	36
-0.030253958101938	0.590343834505769	36
-0.09770667605505	1.00571919841113	36
-0.113975661521506	0.713898854795774	36
-0.08203391528437	0.24887710200453	36
0.103161804949568	0.478876847636045	36
-0.07021168119717	0.831133910816098	36
0.046925305588336	0.676335858669771	36
-0.103500714063126	0.681631204038005	36
0.071070749414079	1.867674560505	36
-0.061984709854813	0.503310851866127	36
-0.068156812060979	0.429728471770512	36
0.021112372541141	0.526169234442993	36
0.10842208332039	0.193782715895591	36
0.0342741129462461	0.458570007295607	36
-0.048766266902496	0.843887827828905	36
0.07184239169506	1.16325081843265	36
-0.104409180942374	1.12133370969126	36
-0.088964007375859	0.242847969455987	36
0.012412134779976	0.457753268800273	36
0.090445409702399	0.469845050048338	36
0.00943218030790804	0.443301628171017	36
-0.042775306907627	0.254162679767152	36
-0.03022151733304	0.796321371864072	36
0.00952036416337998	0.354296002854305	36
0.097933830775818	0.47451038664784	36
0.03289083393023	0.985493152684528	36
-0.108476791148945	0.759385822486124	36
-0.072680133863204	1.27557107410685	36
0.00709275073201798	1.51132129238258	36
0.039496131473443	0.468315662068416	36
-0.110210936858112	0.322495853863035	36
-0.087280991795567	1.06065225208444	36
-0.084618811382865	0.880832770354051	36
0.0609259963907191	0.788648511068718	36
-0.0852043913014	2.34644443458076	71
0.0738287622695431	1.37288970934945	36
-0.019104864311403	1.82125404375795	36
-0.028022202909132	1.51026600233941	36
0.051821216956096	1.84629969858245	36
-0.080225052121616	1.3589932163399	36
-0.052925763868417	0.836866730326575	39
-0.05217358191305	1.52480884013444	36
-0.109765831414819	1.24126498270627	36
-0.079073740063018	1.30137326529266	36
-0.070956006246779	0.637271829297382	36
-0.02872349538731	0.261709747023394	36
-0.032320686430747	0.25838252999555	36
0.049567162848742	0.848417506080498	36
0.00248245658134505	2.13909273140726	36
-0.079464797342788	1.38473683004096	36
-0.103948456958235	0.845663791944811	36
0.07064322235301	0.874572606709167	36
-0.082603071431305	0.483648217445211	36
-0.068665972201287	0.340705089856488	36
-0.116540580576132	1.43019463177311	36
-0.111517679716869	1.35156499372347	36
-0.068866345868982	0.564511122425868	36
-0.035071896068031	0.518661674605804	36
-0.11167814374324	0.41670021650306	36
-0.122704837494111	0.154195425356161	36
0.00188989442781495	0.743503888517918	36
-0.090846485514956	1.6150957732034	36
0.097738590175346	1.14457952956666	36
0.066681190324962	0.474307809949943	39
-0.012783108546642	0.69723876954221	36
-0.109657576763211	1.31120070186394	36
-0.025464021510997	1.25705547377765	36
0.070019055605031	0.550361018441311	36
-0.056885069070139	0.493427280282272	36
-0.00123844071275098	0.775953141912466	39
0.011910772393165	0.358696363569069	39
-0.00282441526753302	0.599125001811196	39
-0.110110217481193	0.389735348564869	36
-0.031322525523504	0.502016037048314	36
-0.099936610048826	1.16523771190626	36
0.03934048702148	0.797407416067155	36
0.084715475946799	0.866704961004458	36
-0.120577021115722	0.753631208103279	36
0.099440400538323	0.721751295514463	36
-0.10560218034679	0.667381083659709	36
0.026614281429215	0.686196047813053	36
-0.103571050643308	0.499945940538657	39
-0.081377482752382	0.5671641242023	36
0.064935231035541	1.19323223817598	36
0.0115072752815431	1.04820920657695	36
-0.122282242368591	0.582207332132155	36
0.00922540922919002	0.662568283250871	39
0.050317223738436	0.612636826809891	36
0.067906050809716	0.53720029388617	36
-0.05636914771179	0.584469250759813	36
0.095995211253365	0.965405432647868	36
0.059576937909801	0.954460498274855	36
-0.06049151948927	0.956551782887999	36
-0.085159425233209	0.593374991527958	39
0.083746288843524	0.858244432219119	36
-0.00587212016376198	0.499582216245423	36
-0.111450840365568	0.632665986062301	36
-0.070013256842544	0.831922749786087	36
-0.014898089890832	0.549696510025161	36
-0.033733835461153	0.261308621804206	36
0.081648535289777	0.626249997227678	36
0.103928305421193	0.655567463989646	36
-0.010654670782906	0.68451468242812	36
-0.043543056373888	0.509773544768767	36
-0.028640748216403	0.713728779310299	36
-0.075987420055541	0.802158387910121	36
-0.012478867545793	0.444179350193743	36
-0.029292128584927	2.30544698592753	36
0.00699607959487503	1.98926085468531	36
0.115159876714646	1.47144902987088	36
-0.108136850771231	0.756249756606364	36
-0.062727154190172	1.01413106070424	36
-0.037326612730622	1.06771732477581	36
-0.096347023578466	0.997146939139329	36
-0.119137082590171	0.419718847731646	36
0.050004628026645	0.697935421809676	36
0.111223533888005	0.956632754760968	36
0.096883372244055	0.630094389682898	36
-0.081920122608163	0.345536378128744	36
0.064614070553895	0.463787585770442	36
0.033951371330428	1.06349031012717	36
0.116341103817187	0.65238254231022	36
-0.059829088612979	0.320677036427686	36
0.0553596503446681	0.370557354880671	36
-0.105140234455567	0.327834857768585	36
0.069914929484669	0.845781530753078	39
0.04527029401545	0.608241978884849	36
0.103001366631938	0.750243870379281	36
-0.077983923341841	0.325762779537256	36
-0.121460438916732	0.88237803100455	36
-0.041217914964248	0.510822583426623	36
0.122642501832512	0.565658734053556	36
0.065419255408146	0.633540698887495	36
-0.044058714501527	0.349083426184099	30
0.037822496769119	0.539053588862485	36
0.065805881475819	0.537023698637815	30
0.036476859371736	0.69364923722494	30
0.086989639471647	0.78847294541765	30
-0.124987192837285	0.153756313078902	30
-0.00760380206213102	0.853024608706346	36
0.054382267136536	0.621805098782838	30
-0.072353983988182	0.421760852496849	30
-0.124160632733028	0.151591098535914	30
-0.038877203102708	2.3798632994578	36
-0.078563506124216	0.306213572062217	36
0.069962657817652	0.475361075597897	36
-0.033211532898961	1.55217306283616	36
-0.031090364759694	1.62565440681513	36
-0.073646849672787	0.340727942860482	30
0.111317641013445	1.17220471749913	36
-0.044281981812305	1.79695617753416	36
-0.081693044760779	0.501738846522193	30
-0.023319446605328	0.349311625835923	30
-0.114389306609385	0.415924788559166	36
0.004492062434439	1.09234489199097	36
-0.118676807276093	0.497524561859678	36
-0.00759590757933598	0.843029220203233	30
-0.08059838412856	0.558030634081959	30
0.029773182860621	1.10242611643349	36
0.119524373654567	1.12833823304801	36
0.104507238461763	1.35664054116906	30
-0.025159492284465	0.436339310019377	36
-0.102167906166004	0.788083571933284	30
-0.104108617695773	0.405564586545136	30
0.010501387844682	0.455088034461385	36
-0.066786791956134	0.421299756723592	36
-0.013552664083708	0.439400816484436	36
-0.09939846727966	0.330777648137514	36
0.0898725398193581	0.635702026086591	36
0.00824697158538701	1.17663995313626	36
-0.059234732674005	1.48240974063601	30
-0.10341729115305	1.34211809758132	30
-0.054988262814739	1.68213119447526	36
-0.066668955048887	1.09891393392878	36
-0.117879970367106	0.859007976933817	36
-0.085913488530285	1.93924382440088	30
0.027552616341204	2.35655382757776	30
0.088008621054331	2.39316933609064	36
-0.103460585435259	1.2142289354373	36
-0.100139275973073	1.81749773714151	30
0.01857545185179	2.22407238086063	30
-0.119401663346964	1.66704922929751	30
-0.081165864395067	2.12999534585365	30
-0.114125185930672	1.52674342086392	30
0.036640516515989	1.64471597981395	36
0.028478634774444	1.87472075128267	36
-0.091424206647682	1.30740349148729	30
0.0816171900927331	2.08631864935958	30
-0.019123082901766	0.756294134758121	36
0.019983661248426	1.40178919987465	36
0.120625300663363	0.960241376660841	36
-0.032238890202662	0.990837048456211	36
-0.120500219522536	2.42909655784866	30
0.111750601411237	1.42420747652012	36
-0.035708353907878	2.4604590448782	36
-0.047600632453916	1.21481040705132	36
0.019687359880196	1.65723628194947	36
0.015252571322926	2.10894450562029	36
0.00571221738950101	0.506761409497987	36
-0.048725632217148	1.23624174610943	36
0.079943218437569	1.93675972782539	36
0.047317771124516	0.841366383468616	36
-0.090479981850355	1.94074623297928	36
0.051092578487517	1.00468921936824	36
-0.080743271847373	1.20981928779968	36
0.07034520843301	1.81558273136393	36
-0.078763183315081	2.08292515623855	36
0.022711789166556	0.753012263544453	47
-0.116642433462388	0.408837607464451	47
-0.121172342869325	0.506897539145373	47
-0.00313551809773899	0.865931453892561	47
-0.108783437369067	1.56222728462224	36
-0.102055931537462	0.843671997881372	47
-0.063407327453627	0.503716737724389	47
-0.123813486834741	0.328218343755228	47
-0.032529617381776	0.812939471079016	47
-0.036942789838968	2.16770225408077	36
-0.096049804727956	1.67882909911773	36
0.07410475888917	1.26235078908584	47
-0.028089693985736	0.670396620168405	47
-0.02966460933756	0.650574102822878	47
-0.086244038117557	0.682063551454852	47
-0.049636770851292	1.13793983600571	36
-0.016508817362809	0.682803861471569	47
-0.08186739967412	0.248474639704124	47
0.059342168321202	0.456369602653986	47
-0.11691293162689	1.30847862780379	36
0.013520468273582	0.66172776815225	47
0.116413205571419	1.19579452450755	47
-0.089918398529097	1.20196351417818	47
0.022103997126914	0.752344653666598	47
-0.057144043388105	0.643856657181	47
-0.036852314842889	1.96122951420635	47
-0.039521047747567	1.66819507425405	47
-0.08959282653269	1.14462210352424	47
0.034597555036885	1.59719543870147	47
-0.031772953916975	1.17251938629001	47
-0.100794589685802	1.35821915470659	47
-0.088157138244684	0.913318765791981	47
-0.096585448786018	1.92321996353716	47
0.023191163488691	1.80689075808183	47
-0.102469707403332	1.76978147945437	47
-0.046413431347178	1.12731769314517	47
-0.076343177400966	1.19748038286693	47
0.014718710026644	1.00515242551717	47
-0.097507662493062	1.15985788710145	47
0.10479106804005	1.84311850846785	47
0.026936566102805	1.0405705854884	47
-0.117929174524164	0.680772763277425	47
