x	y
0.189536134874353	0.162415224471028
0.181187457311487	0.239345667268076
0.0265237322920609	0.0258652168374546
0.242835805150382	0.26864613605831
-0.965822391022005	2.15844295711196
0.469351587582846	0.622820779032309
0.248486097602029	0.308555022419843
0.224339833276869	0.299382877674537
0.293932320462674	0.417440035494996
0.203632548378498	0.185252790515298
0.0938306401294249	0.113183710108771
0.195953473084278	0.203209404514775
0.598685715688836	1.12539563491873
0.268443155352597	0.348427270092103
0.00486394254265216	0.0052471343707366
0.378518561579607	0.56758800666819
0.379576731799426	0.556168004439767
0.228057708696347	0.284549753255891
0.186012709007096	0.211890940347508
0.180638508877575	0.23263437255471
0.200492823626476	0.235871748472471
0.152743976678923	0.178282682921994
0.997756797050823	1.85958322159833
0.331368216261576	0.481607749988149
0.151547944265481	0.217429101517433
0.0100886270951629	0.0113229163893557
0.0567048192661362	0.0680848392738162
0.608650361343167	1.09629114313419
0.000428718420961906	0.000628153270834876
-0.0775265102675439	0.0881965798472995
0.351786395316178	0.338643740098762
0.415309065550806	0.33332936930576
-0.125232385212915	0.165381684395571
-0.619927694143775	0.653543404511479
0.114530023924725	0.082253578085525
0.0937967380728765	0.100551080315885
0.35271430675323	0.403887630273781
0.577054047408047	0.874929522000993
0.0858249306559288	0.0785131261648209
0.247262042696756	0.258329026152082
0.302593417618127	0.435032643587133
0.631157061343819	0.903980934039189
0.577722819972649	0.844727929844715
-0.133342893542818	0.13643282068508
0.296504666285414	0.315003343201026
0.743335526988515	1.38288577353749
0.66153796798188	1.05849961758056
0.726265595554032	0.860861388340228
0.589763100919482	0.958843498578642
-0.611460750577352	0.965019524413332
0.233941645466359	0.270532218412283
0.68321569264207	1.69030764039986
0.206928432526491	0.181059356522612
0.110856071978355	0.130417378262727
0.495413298974055	0.815154857849477
0.388611973818254	0.5004664377897
0.577757479939583	0.923135387422093
0.294527534375761	0.358473179868893
-0.0666206375131691	0.0682968735892137
0.241595135403454	0.336647134303735
-0.391927531685576	0.526212993094444
-0.029823382688003	0.0343795674391199
0.257485167191429	0.261040524218314
0.0577197772846745	0.0665011915369629
-0.380020982334006	0.582954585603578
-0.0364966752445471	0.0414433568578939
-0.0867121910486864	0.0935117103686627
-0.0249559588190658	0.0270355449739317
0.505062378723172	0.763435568338296
0.0193094541264121	0.0198783280858746
-0.0677884344885208	0.0783889825499803
0.284711289799997	0.359791098581705
0.420640990228575	0.628602661607873
0.345571270820641	0.497131417202787
0.562507981620513	0.775240617675839
0.145517343789431	0.142765089249919
0.0180806219051671	0.0152010405952923
0.429089243879951	0.558999530485736
2.05529484094849	0.929458075805518
0.564095426758772	0.369369660688112
1.76330734339655	0.696623047048462
0.258355040230813	0.268831259294418
0.0604239951449624	0.0311466542325931
0.0724235926569923	0.0330764675471655
0.477858451710341	0.44319531988755
0.265498562963988	0.236857675437844
0.33600607083773	0.236141112140939
1.49979044078044	0.753104107738546
0.606438580421474	0.196297204852593
0.968683650397564	0.367947572460704
0.977392621092685	0.380022364655002
0.758292212375789	0.326216786396574
0.827736053986802	0.448543488399843
1.14808604071214	0.914645075604226
0.64650605617548	0.634673534047968
1.01599630332538	0.622261666462938
0.607744337287113	0.193833004664726
2.06091545207893	0.906668573519312
0.238156207528616	0.132498260469369
0.601215955452706	0.190174918801077
0.0755800067113551	0.0293347309969474
-2.34617290990497	1.26926109397319
0.624732591310758	0.285070614249817
0.0760270698946743	0.0295771003060683
0.625956768113706	0.29525301770012
0.758292212375789	0.326216786396574
0.24546649917871	0.123312645898355
0.50931899244599	0.439402803696875
0.992583830510821	0.496007680300084
0.534376779910015	0.276735021102773
1.38520958855423	0.851730046335683
1.98810937196087	2.24104820012333
-0.291124858679836	0.100541425438789
0.278824959408705	0.136439116220142
-0.788261482285364	0.285008948522676
2.05285972790349	1.97727048229475
1.69232995666966	1.23455190982133
-0.260099910673149	0.251165178498615
1.16969215072385	0.792908781181311
0.0779637467867979	0.0320969459512693
0.622176028415297	0.30039163175096
0.461868937229546	0.170448106894729
0.0825222832557415	0.0281074715822847
0.0843638011640681	0.02909277256298
1.20525119874191	0.665974935126659
0.10636918581727	0.0749196368302803
0.417134076300076	0.342869907641829
-0.587811008889819	0.241350351033138
0.623433745258194	0.300375612073727
0.224286502338331	0.125391328524796
0.829770033370046	0.457768720626383
1.76886678418785	0.698611251317872
-1.08840511937043	0.455958835315153
0.975253108493828	0.374382643647549
0.0856679715322266	0.0296781275427593
0.611352003075117	0.193979577116624
0.620495816784858	0.376083253945293
0.0672723138904362	0.0305280997377069
0.425054627635382	0.448841838679288
0.0698648227657439	0.0300400869151678
0.469320656929799	0.166613920522896
0.751236901600986	0.325070233340283
1.25884778382843	0.557794475065245
0.754243969247715	0.322958053743226
-0.137087111020392	0.0629964130102189
0.0636786882183068	0.0295740367383885
1.20979270748615	0.681807658717204
-0.164865360613315	0.0688717777175199
0.227523893513894	0.129626770447219
0.998905678537725	0.504723904442828
0.217018705202165	0.150479032384103
-0.7123463113956	0.642870381299417
0.753658134740668	0.32791911065849
0.0801938832294972	0.0338177496751011
0.0604874958142988	0.0301216934195289
0.240807944359927	0.252551293668005
0.0901084595037537	0.0567699616806285
-0.0349767108663467	0.020839320616665
-0.301602043411091	0.233817490553387
0.071892394400574	0.0278877658201911
0.34812325436288	0.231739466607122
-0.694640030562162	0.571010516557182
0.465980889086265	0.261730063989823
0.0732926587789162	0.034151427214473
0.362017184889745	0.393627028177841
0.215029340523511	0.134124676817421
-0.0716491507392421	0.0391739071764831
-0.177081753932178	0.164292822495929
0.634552060528933	0.391949274045682
0.0664298991318272	0.0327250619752377
-0.0191977439763712	0.01168281289012
0.204471343410552	0.13158740867253
0.0237278945551592	0.0157605689381224
0.543639752203488	0.462038694093308
-0.00522763581917284	0.00320609205906742
0.202539923148803	0.155272870424609
0.503305151323772	0.426207731244567
0.485478452486166	0.43953830561772
-0.978848224350542	0.897951702186651
0.329632398260242	0.222265542506617
0.0793512531212898	0.0301313334132346
-0.122341116191159	0.105533889464538
0.106542740674621	0.104097880610912
0.522029725561949	0.261203027264767
0.254116079934547	0.134992377628138
1.00123030214535	0.595767696521551
0.814639979511165	0.627939004382589
-0.889432447644336	0.700248632178751
-0.8605912179469	0.4870228340626
0.632715785029192	0.567812895294633
-0.490344037917717	0.457486399244152
0.299065763704831	0.342477060593869
0.326451546550919	0.220799926453058
1.55145202855036	1.08808181488656
-0.168040609053395	0.13830275809836
0.231519084010132	0.132039685930643
0.816528163439297	0.654412690792292
0.644727130915412	0.484480495830472
0.598962280942841	0.473174469523637
-0.237267165805099	0.204817389094397
0.514214209002777	0.36201176427427
-0.272019121575089	0.183516021393828
0.339109713438816	0.237802043306606
0.22550422007095	0.127125787475967
0.61884518880031	0.294899484701892
0.576483037964184	0.592985347687253
0.636960090065643	0.732854543662253
1.70793677750148	0.987720922633491
-1.10147595150563	0.448898147198119
-0.420174983372713	0.260561037265653
2.29135196204259	1.16881820489155
-0.0823894272660936	0.0661685294115828
0.304456731289021	0.336761424225219
0.871191310135632	0.564055812788696
0.559403029108521	0.360225474347859
-0.0794284460946368	0.0541222008499298
0.461377927001439	0.255179063154716
-0.591137833774915	0.240865900110406
0.535218258851096	0.276896267562825
0.470732066912079	0.166957579216483
0.0772128259308396	0.029862023320515
0.0750628287976993	0.0317633716189768
0.530757371613683	0.276371666285676
-0.24377069303687	0.210294789593317
-1.43159704467227	1.98621607023362
0.825672449965982	0.448912696191643
0.825672449965982	0.448912696191643
0.418163506380172	0.246349012719051
2.33793522304397	1.87413521157075
-0.578556448121608	0.301433224804396
-0.979071044801192	1.53270168830578
0.0458879797499718	0.0400100726609443
0.533655209049847	0.27901960161322
0.992771693704651	0.494811216100283
0.222290040328522	0.133704653925171
0.314856164654454	0.140931604040859
0.410476323532719	0.247473886097942
-0.145193602802462	0.0663772815042407
-0.514588017756	0.526777403178992
-0.706819937670446	0.920941598580154
-0.101019195045128	0.0525468957268321
-1.12426621354991	0.870144892265591
0.718739620457553	0.788704694198222
0.0922993510300773	0.0603611254599205
-0.873860134931199	0.489992334942244
-0.416989077638105	0.254665700050461
-1.25036907896362	1.0859446714448
0.560557203511466	0.353734685323609
1.02419575324776	0.848431123523117
0.221799813127871	0.132139097678759
-0.0561450098826931	0.0315134844611503
-0.78528640904828	0.61113196067272
-0.0752698627021602	0.0520565918663455
-0.0378282045020327	0.0267927619386475
0.0985658291676927	0.0616460057610832
0.558017281289493	0.363274426888565
0.62555393003114	0.386292049695176
-0.22284648060678	0.085962170767875
-0.26993934635194	0.183210811369394
-0.155580185076544	0.131348932435554
0.0937055355479013	0.0868927139522859
-0.14098178696072	0.0639472335095248
0.868662740942629	0.558050720991423
0.357735587326371	0.239351389227208
0.766183540909889	0.522727238362037
0.526720084755322	0.541630095648235
-0.357694856503963	0.352349787822963
-0.240580932364969	0.142346737828965
-0.13034744682727	0.0829472571455614
0.572900240066899	0.708886904990871
0.635689927191421	0.474807969349259
0.627213022313467	0.290888097609864
0.77286730331522	0.733536317110347
0.0619752532365044	0.0281148921669105
0.211952921406443	0.129734698151475
0.766996563707472	0.533812992840335
1.03458909260949	0.829905031824993
0.0777284955814143	0.0351483608873613
-0.0723793297676129	0.0400089740797468
0.405482066143739	0.326939383838071
1.2061377557605	0.677090568086835
1.31091650241671	0.979373861790215
-1.54295623294827	1.08723777513484
0.644744472462421	0.730922969106978
0.0125484788170163	0.00981322128847042
0.372270193628013	0.150358244619507
0.712198546619063	0.421077948594346
0.890846925585725	0.237845379230091
0.0953258903390144	0.0288808811444748
0.0966339155080583	0.028844403628746
0.0170276884167478	0.0133192379890102
0.1889283598889	0.161457418775133
0.901005334711236	0.68312165372146
0.246743558183496	0.130156070875265
-0.494837931193325	0.463461122366892
0.369267477588493	0.145625100179719
-1.88127701252826	0.803661374721916
-0.411194819954489	0.120948188486322
0.0789059476925057	0.0299978039801449
0.375249562974735	0.154754574779314
-0.569020357926706	0.306131634959439
1.50755489157553	0.787548317622
1.15372916143378	0.901858826556398
0.0881302370922515	0.0263199408785262
1.20487550208426	0.690133019295358
0.0460877851022095	0.0351164468784276
-0.22357359559662	0.216484836207688
0.0771669781772732	0.026697014080064
-0.32343178442624	0.270660626920444
0.568071044339505	0.672218018971246
-1.027228772021	0.650743023767848
0.831797651365997	0.449037631699426
0.600342626475456	0.720014831093225
-0.140476322208842	0.0651915731735346
-0.148072629194409	0.0923961238084642
0.752349740541852	0.326400344319528
0.837162100074401	0.442217284321845
0.217913537646382	0.129654833022507
0.377816570195598	0.153079212813478
0.53449587665573	0.278453455438827
2.29337793168268	1.17914147162495
0.209668534671804	0.131065359414991
0.967720320355261	0.929276042961443
0.995396407660301	0.486604042331927
0.968683650397564	0.367947572460704
0.0908852434001122	0.0266715056713059
0.0830623408106226	0.0287443498530698
-1.42837443449969	1.80350730561503
0.58527629555854	0.800072036944441
-0.788174118983239	0.282371798073745
0.606438580421474	0.196297204852593
0.986452480772346	0.4758921554047
2.29135196204259	1.16881820489155
0.0953258903390144	0.0288808811444748
0.110416804492633	0.027581984506188
0.340429634485704	0.331344747327412
0.461984703065739	0.639267061595998
-0.588346032540841	0.232795722569573
-0.588915997528576	0.23943439275674
-0.0467547750568152	0.0334361535541999
0.375772776939576	0.15484577409301
1.39708678938036	0.46845938914715
0.0987812727861107	0.0296939410161489
0.618503501948999	0.294775054534849
-0.400383053461749	0.117908850636332
0.972563361395598	0.371700454826936
1.00756651082337	0.590647614620262
0.978706645566869	0.374419602600302
0.900568465941631	0.239348135517457
0.880336910154316	0.567708228902006
1.21436725171192	0.654114385477134
0.752936596504218	0.327978568691342
0.107374072952058	0.0270790909476581
0.324328649955479	0.237354616741522
0.113209633319965	0.088988171225291
0.760895401490816	0.314258288988218
0.385241123139978	0.153081810739978
-0.22336289008223	0.0865650191114884
1.40448370027775	0.447016980457531
0.614434409857463	0.286976166354935
-0.282509860274127	0.0977274106413426
0.07595827250599	0.0295131224558515
0.551045265985413	0.538863750383381
0.37320814026647	0.408899118396148
-0.140242306687716	0.0638615069862119
0.0710875729844985	0.0274670321936725
0.797888358842806	0.796479427480194
0.0806043542649355	0.0301997277044765
0.0933258717671766	0.0283062155826926
0.977392621092685	0.380022364655002
-0.405308580796025	0.119830715364143
0.533156255616897	0.273625473550992
1.2687656598295	0.569088781603671
0.0893745498014239	0.026381564252856
0.754965424025825	0.322910201698595
0.456022287210874	0.166581685500735
-0.681476974897068	0.337586856834398
0.0943130141568138	0.0583714592739303
0.96769799825456	0.946071603395102
-0.0705323609663502	0.0558324580251605
-0.286596483640043	0.0996994327156536
0.320454624503623	0.145128265678414
3.23605418391292	1.11449967211617
0.749214738597301	0.318366838569526
0.109750875967597	0.0274468633294499
1.51294550834203	0.753905210449322
0.0739650749603969	0.028793052530657
0.464794459429992	0.161769666643901
0.204369838580156	0.169365936745816
0.235502731242832	0.254159477535539
0.997387728644066	0.50159004096334
-0.320398807005026	0.167076225874952
0.106616542430121	0.0727892740486456
0.749214738597301	0.318366838569526
-0.788261482285364	0.285008948522676
0.894824612288032	0.238029034805292
1.26407278615102	0.574094482023824
0.467962117867878	0.169898954015918
0.461167428612905	0.1674472053289
0.755540369038986	0.324344211158896
0.0959429393316469	0.0286952980706492
0.077622576845628	0.0258834378602394
0.21710764063584	0.126879345063217
0.0809977881982705	0.0304823198002555
0.0942068653286811	0.0278938496688065
0.0952527193870487	0.028108897698096
0.404171034489886	0.237458879676676
-0.296090668266482	0.252912153845574
0.425911661480839	0.469350688373834
-0.771565302657565	0.554984302229107
0.0745840918618612	0.0299179749997095
0.751811359089345	0.320402071524352
0.466554457994503	0.167283528283612
-1.74149131042064	1.04112166462719
0.1113251633199	0.0833489897119017
-0.0530552774903312	0.0446371246404094
-0.323662238887128	0.167740585379794
0.0782442377355794	0.0359894775500767
-0.417160630323071	0.333337601025915
0.071892394400574	0.0278877658201911
1.7092120781136	0.949797454636867
2.68385993426616	1.68111993747492
0.320580933993899	0.142884685627826
-0.38397818091257	0.185173230043959
0.0736255620056864	0.036565820895594
0.0869710531679133	0.0300506558017298
0.468381000815011	0.261306333850981
-0.174727793619176	0.0732718897609614
0.0887526651886554	0.0268441700832459
0.0812550438078319	0.048900296886666
0.100153013047651	0.0650484781303172
0.321283913830606	0.145009164056021
0.61523603737698	0.287749331692095
2.32999318163889	1.86536924812643
1.39498176385401	0.847491971757597
0.460408158770084	0.251552165520816
0.352945311219018	0.232675852148629
1.88832594052211	1.1674917501903
0.811772053306443	0.397940180915891
0.623249461861586	0.559741676702486
-0.0549616234716192	0.0373794002634753
2.67976746750765	1.70405739115363
1.40448370027775	0.447016980457531
0.756262256531153	0.330018108756483
0.318815141610003	0.142437563146947
0.992548325815551	0.482881783042155
0.262072113319899	0.244419018140945
0.529417836273288	0.687826158567532
0.71420851326714	0.418066450245038
0.454206464594811	0.22370595357516
0.471928635446229	0.432660586840836
0.383187542444082	0.236607842165257
0.090757715883001	0.0270886170110883
0.625270202046852	0.390279120173691
0.37601147267964	0.1539615669921
1.01478331006439	0.723562086021472
0.378582471966356	0.157137582371217
0.387248911812869	0.242667166296674
0.334950810368538	0.234948191754739
1.54471305669077	1.04884108652733
1.8940254787968	1.21160492289496
0.100771509447733	0.066054097362199
0.190259373169172	0.145297192869418
0.379345339250838	0.156709729794293
0.272500026533937	0.242468267873696
-0.0747443266062065	0.0588622433407584
0.524170734808631	0.270857436647329
0.469583237193074	0.258532594539425
0.376533561540617	0.154986833026645
0.557250378945281	0.462972544887383
0.0820170394255601	0.0689422637935142
0.621169901850347	0.381925742163621
-0.887762107392734	0.602037605920068
0.698721682474509	0.763218406485452
3.23154628049186	2.74325025927609
0.318280659764764	0.238589440676893
0.828118800426579	0.452632472980756
1.16923919185357	0.783671010101515
1.01879072719696	0.736213508754057
1.00094452278844	0.493596517186287
-0.275282944972682	0.152534173522863
0.361998060955401	0.240768928585196
0.797730602524773	0.738758351090229
0.329522598092933	0.241113704829658
0.756880598631711	1.08822961400975
-0.109916984587369	0.0528123997290459
0.373203171169349	0.1531233238139
1.39841739581118	0.459428527372904
0.109911074020052	0.0656303405114506
-0.772435520862139	1.05338209725106
1.70850889929311	0.976933185515738
0.27882203261423	0.132908940581009
1.09451999761832	1.51366450280769
0.0607205785067884	0.0303883917314151
0.280997845222394	0.139364591079215
0.0818006257107442	0.0311896714087008
0.316516403443395	0.142797322774479
-0.266430733217279	0.140079735291074
0.319384523880091	0.145764887399928
0.0778921193532211	0.0269957279592139
0.387612547747822	0.33164086560354
0.476278276381149	0.409431809053424
0.209532664524159	0.131939436955695
0.466108362754664	0.497208278028833
0.335939741727516	0.235691613528372
0.626345628152053	0.394217354508747
-0.495412451566368	0.287977084924053
0.327508403713743	0.319907811222604
0.326833170592146	0.329377367257
0.218597956173076	0.194512842191505
2.15757386767732	2.15242014982044
-0.00726208414950882	0.00555477181173188
-0.295909437463634	0.312206885791148
-0.423237038247251	0.254381797056731
-0.466989980168252	0.210679249195776
-0.113212376984505	0.10109139764867
0.519832186113999	0.358530933415573
0.0679529613728954	0.0337782087201981
0.526109200461071	0.274354435917546
0.804962057899663	0.696113784899015
0.341773871118404	0.328572976288611
0.212639563964449	0.148231390580129
-1.14077034775417	1.14888115855632
0.376062951465073	0.234460173907549
0.463307262652977	0.351096450934519
0.888452644526311	1.59098918675433
0.587229953459664	0.450718530438669
0.224403516378213	0.122693787737287
0.0987498025265067	0.0613886425685606
0.434767540613377	0.564892109704754
0.205511222844645	0.210480317175279
0.0648774412611233	0.0300984925731596
0.993529642532222	0.495937468077086
1.21059335020741	0.676824463219735
-0.138809208638687	0.0895880082992529
-0.169908566958332	0.143861558565389
0.19036938694959	0.20120876399357
0.588365870047308	0.468325241614799
0.27713908047046	0.135349500020507
-0.0794637918838533	0.063190310228071
-0.683478721984048	0.488532567134709
-0.496287083083257	0.286476907447797
0.830181600094666	0.456248637265681
0.864887636438832	0.782740947318356
0.31893741513561	0.321516972620468
0.532548054975799	0.275433654915929
0.533655209049847	0.27901960161322
0.470025991224778	0.168469015363213
0.070416958078739	0.0363725585229083
1.3869475229194	0.85598328560009
0.129713787956121	0.115455803926083
0.0825222832557415	0.0281074715822847
0.380628389939865	0.156937862219665
1.76461798118044	0.700991776000394
0.196199251150809	0.203445027805881
0.438501969887138	0.676764300755214
0.709258779204594	0.411021081621974
0.376535762214862	0.154878487765711
0.454659140998236	0.487446069976255
-0.592248533521367	0.241918586403242
0.460555816729415	0.169536895809198
-0.167750145182524	0.0714555548265266
0.760210814007994	0.499154081503485
0.466040913088552	0.16885969895834
0.0927714080750233	0.139513886559425
0.528613877495017	0.533280611158519
1.22050308168714	1.37173512596353
0.996857759733688	0.502627072776733
0.328517480626856	0.223185780168777
1.26441608817896	1.0924952309434
-0.0253357880775814	0.014994291052381
0.384933372048101	0.333550604146972
0.0704634944005137	0.0364344551205972
-0.0695279851149569	0.0736158079263265
-0.146069060224396	0.0951347826352343
0.306847999201344	0.36525031023642
-0.318267136811997	0.21363835493951
0.0754323234507491	0.0305658490216977
-0.174799392802053	0.0720128335227204
0.929927606244912	0.813885683868166
0.210850658023329	0.1316593696854
0.072632589805668	0.0309492849859074
0.226869915504604	0.230548421182842
0.414819145986908	0.406165117214845
0.38171805913361	0.40406191351009
0.236880107030966	0.294336356396513
0.638774528153365	0.813925791129911
0.564010792613507	0.552298366084641
-0.613955319079875	0.738032566611467
0.571232501631712	0.558151951412173
0.371862708160505	0.422272615626309
0.181611174438836	0.161414226372158
0.0627733905199386	0.0542505727359342
0.583322132147318	0.794500202064074
0.0385823143312879	0.027696286114839
0.670769448763702	0.837461803405921
0.503356951172314	0.56895006724044
-0.0483921562841129	0.0348427379148376
-0.391752951857741	0.52323045251356
-0.255131146103009	0.26624826845363
-0.921154094091709	1.12011530162059
0.193693307602972	0.152777028300083
0.310419218574052	0.239937088075771
-0.117831151451822	0.0782018954767897
-0.0968960082019445	0.0746679336480742
-0.341634915652379	0.285190030155346
-0.297449183817143	0.276935756880904
0.249161872753807	0.254695198236571
0.990115253970465	1.38405669246359
0.151595331656093	0.171151651199404
0.454789830529186	0.670765544604191
0.563192116171841	0.741764030127511
-0.0415084472553968	0.0401880723634938
0.541536090625938	0.668979885185178
0.207966128528654	0.187180395365324
-0.547975613967214	0.655543874006823
1.00229329452937	1.34510035903359
0.497569723968623	0.503946505901604
0.550365173505337	0.659097510959328
0.256561690022163	0.271204553153074
0.548412304717167	0.598963846107015
0.10577260320642	0.109597041022815
0.421380026543572	0.422125281975272
0.207591498042504	0.153776373734828
0.0666385520841573	0.0551272649802473
0.357419206959996	0.423242625881991
0.40475186957751	0.406045083724543
0.0320111055789719	0.0268230593100883
0.0437290850347235	0.03268951292102
-0.307917617438795	0.256247839264141
0.42796086099806	0.487190322425757
0.327452182737137	0.392901485320359
-0.806325980296151	1.08987994442159
-0.467364095422766	0.373082746216279
-0.517322863891906	0.658472669906605
0.0198077933578589	0.0138355813141219
-0.17441856968488	0.161382503025211
-0.040942123996954	0.03004827784188
0.205518410071493	0.168399445057398
-0.069673938489457	0.0472130079599897
0.540172876602559	0.537249602582705
-0.25050444945847	0.223281141272121
0.092243557633759	0.0913545566658147
0.288913520663948	0.241726033601264
0.113043788598099	0.134825173555543
0.0657498577654837	0.0803588600451683
-0.0387156354852577	0.0465960413089184
0.405418761662757	0.569922654277791
0.360222278675113	0.468520438582256
0.426272031411738	0.479898172087137
0.18286777896659	0.1584270801017
0.921997195316477	1.19154494383632
0.0317316901404297	0.0339497290769267
-0.0631970425783251	0.0512140037113579
-0.721583299574597	0.751900974449154
0.103522816155943	0.0722952773005985
-0.419703971863547	0.377361531376837
0.20896568289257	0.161309692206855
0.386532408537726	0.329411218956603
-0.0504327749255772	0.0355574623006629
-0.537514621722773	0.418792322846974
0.512859845655412	0.457341326539083
0.493695072372293	0.581069997740706
0.215826243358962	0.254021838547313
0.361651853344299	0.738355338870719
0.33823662641355	0.492729188031523
-0.19554531417088	0.306881133939447
0.593713426665591	0.798891643834672
0.154716696682337	0.155243657970491
-0.14058325607397	0.154960484890462
0.251558660141937	0.256251164384928
0.974150948505891	1.50855159688986
0.200467312431269	0.149690045888382
0.28619887907506	0.238395363378808
0.352807963146305	0.452344285878082
0.433731684055935	0.418766028789062
0.0180059460363352	0.0116143706672823
-0.111606182433457	0.0725139429976259
-0.921218303466987	1.17171810549955
0.303583686659034	0.391608351510565
0.0827297309435185	0.090394153607077
-0.0752644395027283	0.0602178093370588
-0.708170368854117	0.572101371194406
-0.553055010911461	0.929505682991065
0.626456313407398	0.657429150242101
0.0792578801399555	0.0382144627087375
0.925633996221194	1.00114298803932
0.636472359318077	0.482253196552965
0.323611061459494	0.245875111487466
-0.603704449365283	0.601385085277948
-0.528084336429726	0.549929659952644
-0.631870912561258	0.569234898614869
-0.733693517997073	0.755646328446161
-0.381259001164124	0.279611422565327
1.30520152208983	1.53301056471567
-0.137958001518635	0.102659654337337
0.418883089093503	0.346632698046749
0.312887356870201	0.242437912283045
0.238897887220241	0.286917616000167
-0.119479046964273	0.115802588004818
0.0137048585655045	0.0109599949758186
0.0377657080667805	0.0343963371780128
0.144484609917442	0.148647514486063
0.0703625449011718	0.0707369629195823
-0.0244910478147845	0.0266663069261942
-0.0574863410701343	0.0693469627998782
-0.238029822108306	0.285594866010276
0.103254983940039	0.117602920818279
-0.19467155839849	0.175495881464035
-0.288031058077772	0.249285358139842
1.41605205230973	2.10532801018116
-0.175271030825237	0.172754405879967
-0.0262402504799311	0.0290119322800315
1.2961432421288	2.39624199033258
0.418655360955725	0.418458704345018
-0.452603915500122	0.399984545862298
-0.171337749736787	0.171559899295472
0.377961560736157	0.337678593809573
0.695357099004719	0.769511999371809
0.0318058379265373	0.0224833304469061
-0.400104094808916	0.422460149401247
0.368509402482895	0.480423859344081
0.0927540694680782	0.114222862591872
0.370050352729909	0.450682233261909
-0.075375174091892	0.0874422149994452
-0.307831701289263	0.503647872404772
-0.22047676859937	0.19817574977948
0.409915328189901	0.391223663956258
-0.412915447334525	0.425948513386691
0.865195317273089	0.917225465871031
0.520383918349415	0.605371598908045
-0.0209300807208731	0.0154084734593757
-0.336920727784978	0.47379344497324
0.143810606199558	0.159176879520281
0.530123048248478	0.443210852043402
0.208410026461743	0.14967601759003
-0.0598475295903658	0.0415683145393396
0.751638205819412	0.700424730493604
0.725179481232818	0.79672643793174
0.106909478424601	0.0774873418273266
0.850493716678266	1.51970328606765
-0.93538912166375	1.47264450688891
-0.532248483954654	0.611988832270213
0.136566011456303	0.115994204355158
0.548597047764505	1.01700382203953
0.368492985031366	0.41761226507872
0.022651755965006	0.0157516203215122
-0.146571445777185	0.111616033638248
0.199161889768817	0.180189933968793
-0.33888007259492	0.259758206290338
-0.872024738872931	0.812459553592301
-0.696065963945102	0.777499678500528
0.706342529371688	0.676876565792217
0.831112207913929	0.946193223648944
0.110849329387188	0.078278231721754
-0.417889753649701	0.370484307145455
0.122081660208097	0.103513220248418
0.303178074802245	0.246340808810352
0.257134388927444	0.242618509943601
0.29223259798812	0.228392259081648
-0.256638314961785	0.199848265110893
-0.334695379570805	0.255858175169161
0.242243904048915	0.244708625520635
0.703392148496034	0.865829752754534
0.446840558006697	0.723372391051301
0.0380535723156215	0.0339205602896447
0.404668249385033	0.687707308495113
0.105966109545556	0.118302300503976
0.0518531506629995	0.0568619137693536
0.232671534623986	0.314989464717047
0.167672161987474	0.24101242455958
0.0257053746082247	0.0308408960879019
0.16026909907989	0.222383024432222
-0.372911544811663	0.669194486774611
-0.0699455133941915	0.0718467990054833
0.0398517750989604	0.0417783277692228
0.0105315437529083	0.0100938857269728
0.202635418911117	0.168101728736632
-0.201394328746552	0.165025991208675
-0.334868711818166	0.305490850542724
-0.108074183303796	0.0952842025372358
0.119632519130333	0.166543927655658
0.0429273438675546	0.0320951931688853
-0.978934480867451	0.907580619829164
-0.93295046315013	0.97426977432631
0.592144623959545	0.622204769331964
0.566680154606516	0.471891722955923
1.13518929719995	1.20445068449046
0.412312817146769	0.458886723694135
0.46247441173765	0.673164639920814
0.243539388567268	0.230605497424264
0.210570405948882	0.174681002904894
0.0603396550130471	0.0479524306560882
-0.153553735899952	0.127288087197665
0.756809244322124	0.814737349655432
0.651111774518896	0.830146810701381
-0.036930093247277	0.0383912535777675
0.264259593138717	0.358616646989386
0.268035711774317	0.521661889109326
0.00276082279692605	0.00348639727685484
0.209270500679761	0.294767812135898
-1.13749390915744	2.75415399230065
-0.080256426185519	0.104267354602016
0.04027023117841	0.0568885625228196
0.153679638477601	0.143639684711426
0.147395505236488	0.161393685971531
0.29774475266164	0.36007880756259
0.0614029343310468	0.0510785562389279
0.0920100276108945	0.0869703327071022
-0.141370217118899	0.157567982479722
-0.102818107318102	0.0998498915459078
0.459551899451973	0.539344354232908
0.311383520520411	0.315108375529416
0.939304964729022	1.06370552312215
-0.169650671097678	0.126253958695547
0.60831783917372	0.481276558335776
0.405692777408423	0.345470828038308
-0.63342199306035	0.905376347600123
-0.396117192210544	0.666571404606379
-0.0550242685015258	0.0391707272289942
-0.873077890158116	0.832482384978134
0.601878529324905	0.573627529558481
0.797775698512621	0.697086036988343
-0.026596589703432	0.0158099682189057
-0.877134647954741	0.816813836493275
-0.426294552845189	0.617851401018971
0.0478115315939922	0.0534172312827714
-0.206552172841126	0.165774741044428
-0.330304597576304	0.300784041634005
0.0837461409100147	0.0955893105247045
0.285331648794416	0.236840364030808
-0.0775761290781814	0.0430624510167043
-0.787197609032842	0.771531395536778
-0.147211981348981	0.0933957480266939
-1.43179934128428	1.2108677732851
1.17275094282869	0.791466391520195
0.20546154214216	0.148370140664026
-0.984084315091018	0.910644782318878
1.05700032359314	1.09858935735124
-0.00180576689418607	0.000913654740597989
0.327354180544231	0.234329221680014
0.588805447649979	0.708627738218641
0.118532717395118	0.0887048246018703
-0.268191861928843	0.269901538295909
0.50670137019563	0.340629848269756
0.00923323066304467	0.00561103480387591
0.341725887601085	0.328827817571982
0.503131275648565	0.56037073419968
0.252422355307357	0.260732476414608
0.152543395614302	0.188423363237477
-0.119181513856018	0.128372108315351
0.189207555076709	0.236756857095491
0.0551647216616848	0.0668237366725497
0.247502580104928	0.276084089580381
-0.204219868629625	0.23344852766155
0.232348235123704	0.262187448793066
0.156511514263274	0.169858168621067
0.103733614416206	0.10821742262641
-0.805268849778176	1.42909135867345
-0.211358183338256	0.2712848291883
-0.244867973523491	0.330833493725192
0.0993819417783124	0.097599126477655
-0.0403656112254805	0.0445943603748496
-0.0525534848860989	0.0432666999652699
0.275790495373271	0.264637894691524
0.589513788684004	0.836139102007138
-0.283454764484615	0.305221898042776
0.527022600827551	0.88215292222955
0.187868576748515	0.164535631226672
0.293353161750805	0.235311217507647
-0.121866652971411	0.104871735222487
0.182315052278562	0.143312875871343
0.0367339542327156	0.0271267147698483
0.644811074093833	0.746566574839868
0.542514111529188	0.690085062099693
0.145545944962139	0.114335743602995
0.786761307264646	0.905697639376638
0.115717812332394	0.0857043522622162
-0.215974741151401	0.191878496920794
-0.454622864920427	0.471186659353753
-0.757778004503944	1.06573459456697
-0.114681253317401	0.122890169661962
0.705769097472103	1.50791279087942
-0.124545243771582	0.144075856498045
0.236362319037736	0.308754581642816
0.0212345660433478	0.0247636511693996
0.236227111088062	0.357822895823943
-0.18448003471229	0.268569386894081
0.204985338491126	0.267087594481807
0.099873773252625	0.130301425041594
0.125343987852621	0.201385887728109
0.400703628055499	0.340282159328332
0.702290704691623	0.940237948314364
0.00507586451323523	0.00309488053038741
0.36967119677776	0.482420408222421
0.137428982741154	0.122757563535459
-0.320113266646486	0.366979048794056
0.921262720877898	1.60214735433406
-0.0694217778666502	0.0638598568611193
0.258893425852447	0.244024823537718
0.144961404795385	0.15406794137365
0.129593307965245	0.110494859789642
-1.22789130912851	1.72777957704866
-0.374386336459229	0.32900056929306
0.107344679655063	0.0750612197273967
0.465768555874844	0.434002231717061
0.972992446139808	0.932627609491349
0.790323070070263	0.916974474683556
0.252031810748093	0.242220612351592
-0.0639759969034445	0.0714078915310241
-0.48561955957886	0.733992333238162
-0.0558270624113951	0.0395399407639881
-0.159568607998277	0.119633147391999
0.531776358692179	0.453250080492865
0.459256559863354	0.423522850901691
0.00170870709800442	0.00104162365247388
0.040522318462647	0.0285555234725386
0.255544877437076	0.237806547533699
-0.615632875796085	0.997445788735828
0.821321906107474	1.37018694598923
-0.35411348806395	0.347880616150192
0.122246925790487	0.0888350723265152
0.383341685687854	0.601230438559066
0.0411808159386306	0.0304181163615498
0.331576062171687	0.241917019423224
0.494192967686546	0.517270591951039
-0.525120833101148	0.526911635597358
-0.382172329758103	0.303707815828845
0.117094943920718	0.0909018121737675
1.01427290954382	1.28516187663707
-0.243736470738384	0.166916244276221
-0.0811401919794089	0.0553952026732546
0.1179325183024	0.0836630018964463
-0.0401354094981083	0.0287515000503238
1.15569801040336	1.6769924648164
-0.333323873133094	0.311322927167429
0.405931316929745	0.342481806805831
0.38006550656933	0.338788514304234
0.395634933340367	0.401550661363156
0.303551093841109	0.23421144838305
0.51493121486348	0.594118030521995
0.462698484968069	0.516404125375038
0.917481038044439	1.80768196135079
0.298876335745868	0.405292566350074
0.545263605870917	0.898769247656755
-0.0546809499225656	0.0615972506044938
0.239282616901471	0.330085272295071
0.35025213373696	0.602122783136772
0.150636579144908	0.214548596062315
0.704100774521934	1.26344916756081
0.0766153374906826	0.0827679644482125
-0.183910991111133	0.181719518053821
0.703540983475211	0.864012009167429
-0.308224377553991	0.261017139961663
-0.140907238571823	0.145476359473716
0.207042868978147	0.315853755362303
-0.0664255443900041	0.0920303357711803
0.0306129496074451	0.0375160245562854
0.0366304238266743	0.0440089988871975
0.478371586400679	0.792478036102007
0.126329852936072	0.16041012961781
0.0642637620225086	0.0774635946604117
0.246995453597841	0.356287512081152
-0.063237438830417	0.0813233562705706
-0.00890064204809995	0.00865960978946763
0.0944842320330603	0.089608881953196
0.459829407897398	0.741366083043752
0.275355864074157	0.358054945949312
0.237605145483083	0.281061266134215
0.463534175768026	0.69652946674687
1.59486688581765	2.85801386859372
0.54034458338124	0.775684567935971
0.283168249533512	0.405234939740541
0.78317816471885	1.60014412941229
0.453218524540457	0.588056440032823
-0.2221653105465	0.265809769080932
-0.185457175214017	0.215122772398193
0.252647455798105	0.345994919261198
0.111639910586949	0.152792709852138
0.305508028770613	0.54952142441136
0.24423869085998	0.303364866666938
-0.599614981778482	0.952169925890038
0.14395949385083	0.272626588451457
-0.262496841145934	0.495891480105741
0.113508612379973	0.181188497715676
-0.0481458167799376	0.0734269148462813
0.0706514532504963	0.100603908443917
-0.0522272987128256	0.0824977279945956
0.101411005546846	0.145041787561153
0.9036834711249	1.33716220520385
0.0582221266168095	0.0435248991422754
-0.0105377569135591	0.0090818869468418
0.442508696436874	0.410467231278118
-0.214092197586574	0.210630800991434
0.278668861994736	0.328578588041058
0.0806805655448706	0.0724285926341872
0.748555060712671	1.28782389262386
-0.344228876248324	0.389540227426862
0.132695491740975	0.136357770102983
0.181262000729281	0.237251691272097
0.0158766732880508	0.0146827599069084
0.372457728400925	0.38793778497027
0.0210685600582213	0.0187042513674249
0.564016419136195	0.822878463318278
-0.651386243482702	0.938666520242409
-0.264071654918204	0.276022225151171
0.419713757001718	0.709575561131739
0.0422947439131235	0.0478448935641538
0.107547227094012	0.127482572309963
0.608148046609842	1.0716640312518
0.467343361667875	0.584304598562641
-0.634801825693451	0.814158492932632
0.136070702320028	0.135095558290995
0.410171797923448	0.429300740191154
-0.238268726360401	0.248941069613411
-0.0978742870876274	0.0935891474527649
0.0710812410237558	0.0652527593371525
-0.152711406344111	0.185415375661677
0.206508852951759	0.242967251578365
0.508166726628424	0.8096399465653
0.13339782775074	0.131025753453056
-0.0684942105246771	0.0823606560029749
-0.0486417810662755	0.0506031937664013
-0.310527230913909	0.363167349768934
-0.222369536359517	0.249116645915073
-0.807819971538904	1.16451575855654
-0.372520827201231	0.472649850046506
0.133419639169468	0.124534338243641
0.289226654540215	0.344119204512636
0.184086231390184	0.172237058350157
0.477164151890784	0.631494647266481
0.767952221225411	1.15283314429785
0.103283329413123	0.101700417090809
-0.137592151581409	0.131183460711164
0.19351689995145	0.198319730719941
-0.264317656272129	0.286596691655471
0.145338572121366	0.145926385896168
0.186186894816264	0.186649782147649
0.251418495742013	0.251552605359506
0.0053252193091693	0.00421439149220331
0.456902937163631	0.603947034938477
0.144563340818299	0.147349692323606
0.249610925696889	0.274030822405429
0.491282297051053	0.664856082777863
0.341340000203149	0.402709329255433
0.194498109071964	0.193767551194254
0.297664166884594	0.486459853529455
0.206774890928658	0.217163998921765
-0.332624621445022	0.429831280733483
-0.336712014698569	0.561287057055291
-0.168447797818099	0.254464273392692
-0.0868521560694129	0.108827300945912
0.462174443262288	0.939280630195657
-0.360729995518214	0.591994157768942
-0.391946071025602	0.551549627850944
0.199553771053329	0.207286517457228
-0.157699420958912	0.197381915717694
0.272504143429561	0.254997082666654
0.364716471894005	0.335518052412466
0.757176620068383	0.726508459972001
-0.364956834392435	0.359040461406009
0.166340991830086	0.21509531959361
0.29786622318066	0.236407626027611
-0.0191144201529387	0.011245062998563
0.0770731143634908	0.0456331549721906
0.302111389467217	0.236232401167371
0.482180658078742	0.350300177958208
0.444836171518207	0.351396031298488
1.00605770316476	1.4228610351223
-0.797070844517841	0.860638826411272
0.284908158099389	0.235551618141478
-0.0338835717341819	0.0199229608468329
-0.99718752348336	0.815960241628034
0.511324907225661	0.355300745065401
0.491263155209909	0.515973249774143
0.179194126071955	0.184327533560329
-0.207734183188375	0.372290533209481
0.0250142051191265	0.0337171646971386
0.0987965849200341	0.100736669481277
-0.210165075868152	0.238504943011033
0.268837041402569	0.458963011045212
-0.077827279833917	0.0839193087048371
0.286408473440935	0.466912585751789
-0.655801981010768	1.57954380269718
0.278099563512321	0.431577012531891
0.102755721172145	0.112183063184751
0.321253412422208	0.339784694960783
0.163455013554002	0.16982987459387
-0.0455284542609817	0.0506011659487681
-0.206717323795046	0.266840478555414
0.0898283147082681	0.0911740424911913
-0.0936937896316829	0.0728866992905941
-0.0945031139188856	0.103775620796605
-0.613607269085431	0.728735466753133
0.644503149475079	0.665132135973877
-0.000109030669999685	0.0000849947105231662
0.901339844935974	0.882560823952464
0.0752235816943595	0.042833440386851
-0.428296119203323	0.306938160345607
-0.124552286295997	0.059473659036723
0.371223839347075	0.23396348934615
0.0581307074421777	0.0285481648156414
-0.373017130662252	0.243334370827346
-1.07474251774518	1.23337951541574
0.179197538774952	0.192337009632322
0.26846744304382	0.339879853428553
-0.303512521798107	0.236076984774787
-0.733084839192309	0.446952358091995
0.252066454093454	0.133209708961338
-0.600151163210179	0.460490200047393
0.0680703777913701	0.0342113956912314
-0.622841743855688	0.508931725997314
-0.0384161421621252	0.0214264532026275
1.27324741084152	1.06742380595841
0.270537489914215	0.357189885575515
-0.0032295011691126	0.00308363510182051
-0.620186687536734	0.653593285782273
0.376686540296828	0.333380247530962
0.11669530580905	0.125381049904139
-0.132855842668953	0.09894712880914
-0.0912477675982572	0.0479794565863462
-1.82659000107118	2.29231482939036
0.593554009860459	0.466360991449664
0.201275106420521	0.130762933439741
1.35053141391397	1.37157437891941
0.061120949932341	0.0319535229914482
0.268000184997279	0.241955390382441
0.0638812616241598	0.0530135812992794
0.314902643748326	0.243959200978696
-0.677407413117908	0.508643797890116
-0.882678285027255	0.665799879516494
-1.28055270558356	1.31356983289826
0.430764517317331	0.333272480264826
0.535689372867832	0.271637533385676
0.674694760687067	0.832468703551398
0.170479569856065	0.24471417279033
0.355764259135467	0.404608661099392
0.626504223531686	0.860249241048949
0.220241953044653	0.297343113888052
0.37992143187401	0.916562251968177
0.0127968918463494	0.0187402202216395
-0.0602107402840894	0.0900602544692662
-0.180216269336642	0.333841654260132
-0.536389867813223	1.15024080497585
0.207879924322113	0.246313922400911
-0.180950421101992	0.130683670361102
-0.0818108934836943	0.0777781849851998
-0.464178746198804	0.413053157909999
0.531952052967454	0.454133489034508
-0.49260271667518	0.345649014542206
0.201494878874596	0.148583246134604
-0.157414933469986	0.227710262297831
0.428380467017047	0.340082208133927
0.330665652713869	0.227682438267671
-0.0637202677616807	0.0344892817108903
0.61523603737698	0.287749331692095
1.49568793226115	1.4857684067489
0.426585900016677	0.322965535426414
0.261100957976825	0.227286003216914
0.489379170225408	0.351986785729304
0.408067714764761	0.241864995797787
0.260489784930101	0.133838638302607
0.524298193631475	0.265007288929791
0.286973891435825	0.252565873748808
0.767443233333803	0.834593867068078
-0.20835046476328	0.457067096521726
-0.0589968405107311	0.105790865258786
-0.0727129192922128	0.0594112897746173
-0.803728110720239	0.961072795970112
-0.563666505062811	1.05364215460152
-0.466277918310846	0.526550789251833
0.512703842862067	1.17903939790699
-0.19918489326009	0.538288352981574
-0.185296779615881	0.254155121660293
0.0200803353890229	0.0173177996781871
0.113284480149934	0.0802791163860137
0.140870363685004	0.119622481761015
0.183045284540831	0.328807110160037
0.14434219530722	0.195736507186591
0.180965904253136	0.274620511602942
-0.207287833209918	0.29683860823011
0.135893661495094	0.149107466750526
-0.149653930029327	0.148985490917397
0.472145591609966	0.842602001752002
-0.691503211039079	0.989419822154062
0.561699336382153	0.537123872456296
-0.236279768046517	0.206990529150729
-0.207161602970528	0.125600768539762
-0.166222324806459	0.105251927896135
-0.796720398299441	0.702163134927432
-0.785016525488405	0.635384772630517
-0.323324702853424	0.167355766400924
-1.04606858390029	0.556894789122675
0.527710626844595	0.275968605258116
-0.424858499599176	0.255789628666823
0.0746835673245124	0.0660640474359553
-0.466134694934502	0.712035354946275
1.15229881485691	0.913252224292819
-1.00823086620802	0.720667165394099
0.242640382263745	0.122752745816391
0.0657591603863197	0.0324019569163307
-0.221312749124398	0.0852735688983957
0.337137062221244	0.232815348693555
0.864069929160812	0.549825980937796
0.375547782715531	0.230484780351126
0.121487591725502	0.133767616914001
-0.562500598982599	1.14502132529063
-0.360564386790216	0.226883522640574
-0.956096091101897	0.937451075603598
-0.230537870715761	0.25821217415527
-0.170417702825888	0.108144386222227
1.68848105931978	1.24928172955023
0.222009337728104	0.132393155903415
0.0777284955814143	0.0351483608873613
0.223321287650419	0.130950219331384
0.763170809268359	0.510814018268366
0.263783805220351	0.133061855831426
0.199551394902148	0.173188663547521
1.02734060961595	0.848995068808425
0.426228914026263	0.345484228176289
0.531596235338096	0.278834836530003
-0.789369991995662	0.814759190910857
-0.0327969711171636	0.0192365731104014
-0.282514113336008	0.192105017061777
0.21488693264036	0.141732517388786
0.0224581411574869	0.0244543816157009
0.177983281635209	0.287219957176246
0.210355529663182	0.308898385572084
0.0970782501821454	0.103068117883237
0.0219900162064185	0.0209688666388494
-0.443356419488106	0.865884628626585
-0.060702214100561	0.0842944330873491
0.00528735449248483	0.00603794460594684
0.221555945469855	0.363548918915069
-0.197931425015292	0.304450381380788
-0.344322348399904	0.517734421473358
0.370217730640056	0.486642055868629
-0.33910914381881	0.479516883468929
-0.545127864754088	0.665429468916767
-0.318219104211404	0.320906603783953
0.265671655682478	0.242169854890138
-0.18324283656269	0.193130011550605
0.284010472055678	0.483073608544972
0.0706160270945998	0.0549204302810144
0.380681200614166	0.329882741939795
-0.592522762100266	0.451229036921999
-0.116499841942439	0.0748122875894273
0.402984924452571	0.343383508864952
-0.278007161668306	0.285045769808446
0.136587045341851	0.113270905348491
0.72231040119528	1.25576243682058
-0.199700508708722	0.162037295825029
0.511337552206205	0.729735936532482
-0.0480773079729627	0.0542941433514507
0.0175992459625957	0.025638211134891
-0.271849440382849	0.513301632246257
0.219374146563225	0.278335656727196
-0.182844985469274	0.220532908790518
-0.00699864437052691	0.00893240262159301
0.0949382314673181	0.103989790653905
0.259529399649575	0.488378218987427
0.22838310418097	0.389065856699227
0.196753517887296	0.32183083905736
0.086547008525962	0.109871233172922
0.331636172623668	0.425495201711095
0.563326311128309	0.858864868832572
-0.438316132726484	0.774337766296084
0.0296652866013957	0.0333801576782343
0.0108502419996643	0.0103775079147847
-0.225523166732	0.220349581665537
0.490884968079066	0.822387068158382
-0.0268600203996824	0.0262000605825771
-0.402826687132727	0.427392833019826
0.32372434802104	0.335807407425583
-0.430418399758224	0.384004204614631
1.21686307643153	1.55888186401035
-0.587519248271761	0.550640502411618
-0.665762193901744	0.697385941671883
0.459965996552993	0.513166242992101
-0.0444139629179907	0.032325918198282
-0.451463684277345	0.431927752390957
0.0517152786520624	0.0404627320062971
-0.198507099879954	0.261477391001677
0.293922959152712	0.407797433141137
-0.151422110161189	0.110759258219922
0.0988030491519485	0.0690793417290746
-0.00184536260154277	0.00113286340038249
-0.721018888742282	0.706028710536476
0.601131301023844	0.553093265412233
-0.265901211168545	0.207424460544877
0.368546717941397	0.338884229970861
-0.695050345983529	0.818288478768037
-0.036353974542114	0.039039289044312
-0.0943756617904808	0.123392241463482
0.906190829575005	1.51664894759389
0.1331285369969	0.122745490518446
0.197662533681069	0.256095226725874
-0.0354532931369193	0.024898417893439
0.445580332555706	0.424207317599292
0.373664599956324	0.32451686702401
0.657658702611433	0.740441556552003
0.115536612103471	0.0851601456700369
0.46538861769505	0.495109460655708
0.596978623764313	0.796063746620255
0.207452650053501	0.143401576322473
0.21698807655404	0.170349760194077
0.568809735165953	0.546116687736144
0.615019578841945	0.642273934345252
0.0411577403756456	0.0297371842567733
0.588380627135973	0.466300925613311
1.17183246739902	0.775740391079851
0.480111479657895	0.349137522307671
-0.419828747836171	0.299443376456634
-0.284528776814937	0.196855057837388
-0.0444356978176405	0.0314476933506871
0.0495961737251955	0.0365352929785805
0.0520587794525268	0.0410830225879486
0.207110726838741	0.160293426127348
0.0194193371667524	0.012267453730848
0.363179946375147	0.33585600677478
1.15242319766018	1.77039570287141
0.361199355400022	0.338932608218851
0.629976190386021	0.574242135170375
0.527704645412062	0.598862888918055
0.989497549719017	1.0401068741424
-0.21872582080604	0.178090889187152
0.306635876250155	0.24888251243946
-0.572378854618258	0.518751643380487
1.07370503621137	1.19197501724115
0.217048778510814	0.153829061154662
-0.238774880862099	0.168757285250447
0.414702654052903	0.342759353483038
0.294477493037519	0.2463956025134
0.549833824856471	0.547408770873949
0.328279605423364	0.327491504105206
0.200336104940594	0.136587714449765
0.19668882758541	0.170079434323349
-0.281569942324066	0.290673000585849
0.449691656987662	0.576730227731114
0.455104491635751	0.435595203186361
1.43432959273303	2.06994763114679
-0.391177355595378	0.498051788269146
0.393489788359934	0.480294216344067
-0.239292609568353	0.306770374256358
0.196903249593139	0.214185034124383
0.070726399021481	0.0604968529972918
0.191928751724324	0.223998006057166
0.428166107141528	0.4616653246767
0.0707578583080474	0.0749415064861638
0.524170734808631	0.270857436647329
0.831007335374262	0.457419054286059
0.756984881503272	0.33133684011982
-0.879738975322396	0.587898320508445
-0.596716001028302	0.447244603867956
-1.03372146838205	0.666038088340438
0.321906753787074	0.239690574254202
-1.34361746793927	1.24743500215848
0.208557023428492	0.127217001733395
0.823173619783054	0.655652759294095
0.559424670511463	0.459321249348887
-0.673435221737234	0.713285477578106
-0.042218927619833	0.0300874682354273
-0.295834105987907	0.220541855266316
0.100803086004473	0.0632452037226942
0.0902896161279892	0.0569614037731114
0.53435490438342	0.455026665642236
0.709339800354095	0.687557051099035
-0.318378516754579	0.272013845775828
-0.293912053551526	0.250388471845617
-0.654798909047496	0.611086829231861
0.53649861336545	0.4448838271343
1.52378893096664	2.14291547790293
-0.166119075522631	0.103104426724011
-0.127152955697852	0.0805535366285064
2.23720449765705	2.90930974491047
-0.77818615097485	0.603580493685282
0.00120638658158017	0.0009600640567607
0.315000921023116	0.230609481549674
-0.0735956246002771	0.0500733224357429
0.129573302604155	0.100829428547141
0.0357558939526657	0.0250143032182531
0.117043735223682	0.0892694828948988
0.328921567568028	0.322861474510148
0.629432847965693	0.666803617436595
-0.164254483450737	0.123030867269146
0.435618752900665	0.345035082963311
0.354959867103159	0.321414453974168
0.571994096181706	0.561208550424534
0.417673481959814	0.344286500250568
0.312559125434933	0.229511957922947
0.299936982526918	0.237962858388402
0.125262212972511	0.113383374586353
-0.365654587372595	0.417390075752627
0.198064352207111	0.188319606371404
0.0764687661882517	0.0651447391086241
-0.2937315433011	0.292123879228851
0.100695512893819	0.111718411510004
0.579476574685418	1.00659061436338
0.420068873725416	0.702510361804843
0.393826968694491	0.589401064229338
0.917616912139443	1.84513603458551
-0.284410126452059	0.350747639349857
1.03540467795823	2.04386551282823
0.174487089559624	0.234667743205654
0.384090256328472	0.63667706610782
0.412218301429986	0.60771719055184
0.0683341645523153	0.0527487569610304
0.797315241583662	1.10996286556523
0.50825430101643	0.684214855086934
0.705307015394252	1.01468198485199
-0.551160145103734	0.696441347926006
0.258266260142375	0.263008811469227
0.37843894918181	0.421896838080646
0.69359589760181	0.929350837685973
0.236466554063257	0.251477426439737
-0.132352948179895	0.1274666877707
0.238661755957481	0.265887871929069
0.20776896866097	0.238736797382808
0.0254637534040945	0.0219385612522879
0.245950506492847	0.282474910184451
0.28647534944055	0.421277441905277
-0.074691155766637	0.0998445229829348
0.0059447305902615	0.00598771699663036
0.363636701795812	0.408715379562256
-0.224631157377244	0.356761181046784
0.285320172939146	0.422003350317867
0.158957377841614	0.226102216312181
0.145967844045895	0.219004702598053
0.0671197191983099	0.0904591687649166
0.231451269637547	0.39760493336514
0.188294934402444	0.144345912153907
-0.786478704401469	0.633093797399569
0.78996901601418	1.00297244932877
-0.034012440931378	0.0201165016567784
0.0798335491718189	0.0695208610983517
0.104791351620955	0.0750860998737613
0.270305939883543	0.258824780691151
-0.360137883550354	0.332032862997661
-0.305377381975838	0.288788943924432
-0.0738306750266427	0.0585452844262156
-0.658148128519175	0.959743661899689
-0.358313360641919	0.460404651928939
0.573172498008596	0.695769449921599
0.131614484226213	0.120424775944627
0.0321743675420684	0.0314387987102964
0.61840988104202	0.875262316670602
0.260150591423322	0.262384028493079
0.0857674360102309	0.0801622196336295
-0.52493707491321	0.666565505608418
-0.139169171340786	0.146243747012889
0.266815157881435	0.356495829795382
0.268701507147743	0.36517127789051
-0.838726348966867	1.37997576034717
0.863127891904247	1.40459732046773
0.0642872070458315	0.0556177284524223
-0.0775252094599624	0.0613439309917303
0.207127448838803	0.194557099485588
-0.161346560049527	0.151029251332431
0.389851640223264	0.416402250287242
0.208104884045131	0.203467308217607
0.593466526850978	1.07926493384165
0.694388211180786	1.24112764889913
0.227162921159046	0.234906139784534
0.368946522547631	0.596795624762189
0.50305749732065	0.640838957819013
1.49337790642854	2.89424838884293
0.371467158873355	0.422707197334238
0.59338683714526	0.720415694454737
0.191403029396199	0.156043265658669
0.0692475693446372	0.0588650362161766
0.688360162121625	0.885052903997932
0.316122141798065	0.433109351149114
0.334408759501668	0.491395237220096
-0.477290139008206	0.826815242576107
0.083835378363738	0.0870477716265841
0.714170867934904	1.14203000113086
0.360924460310502	0.474886814619883
-0.313555449099621	0.495111798846789
0.31650753903464	0.487071748146731
-0.176394820013967	0.220773072657254
-0.425543887126058	0.577374003526997
0.191119216633939	0.18179369076259
0.726238035973056	1.03473748088164
0.433644234499975	0.526580526159517
0.520597858370575	0.694684414977938
0.43819231989688	0.408000988212516
0.755021146873276	0.811907295570539
0.0509121711092605	0.0386196700852317
-0.045917417798879	0.0383606193436617
0.190645148964414	0.189462281145591
-0.441379486349377	0.518168757928223
-0.0054548665229781	0.00416569223262294
0.197688693584023	0.224877184560648
0.248322188248804	0.278569001214341
0.382049027163864	0.487284128391001
0.8204296610021	1.23864375447832
-0.0443128854970563	0.0362449241670343
0.697801697171277	0.907027541254149
0.822475808201296	1.09577611017447
-0.259120581713302	0.245478808291108
-0.164288133842929	0.203967421976052
0.459298796433202	0.828685231384838
0.116817372492593	0.175786354222802
0.135798640398713	0.182814233794287
0.150283452751533	0.227591910175554
-0.18741556799541	0.255822399281603
0.329025816575008	0.643513026739702
0.302525470964839	0.494250745809835
0.205519933588696	0.334639304819328
0.388790311197898	0.512619874188855
0.872220781416319	1.23103236951732
-0.297251276477009	0.350564199278936
1.35665093662087	2.52457035735625
-0.426365571084521	0.595348045382174
1.34239453027779	2.49301871404274
-0.0833408226174732	0.0822910340915523
0.143852795093911	0.14168281157066
0.0592910874293467	0.0560896596697044
0.597113944747525	0.872330026189303
0.0101358018663876	0.00791313914738782
0.0668678871664128	0.0548653986705198
0.542525445111098	0.610883114592881
0.0375312531230868	0.0277191622106786
0.356932171213232	0.40807557246271
0.305545602325906	0.251567037762618
-0.163029794883281	0.138278777386597
1.14790103180782	1.54058254482873
0.718717958378121	0.70266135558224
0.319037186048735	0.314942259894293
0.478351934546688	0.845960129979673
0.538039949550134	0.953406295624536
0.137319658291463	0.11416482657101
0.133222991497725	0.106759012818441
-0.566206320700922	0.586776250400957
0.374198515925728	0.337452015769455
0.0442964333915056	0.0324395367027914
-0.119191216027959	0.0901618078925397
-0.0199672472445852	0.0218122205796845
0.792547283134683	0.903456143372041
0.548441672323317	0.609756697839101
-0.0198838496578393	0.0146762997265638
-0.298009138467068	0.243014899153207
-0.115516073645353	0.0904380156423041
0.117260027042645	0.0885147384271696
0.36727870797777	0.578962111637874
0.126850857905998	0.162027922062324
-0.0356311955681623	0.045131720659026
0.295958533691254	0.54828376409284
0.119767291607764	0.178140195933396
0.148336250384269	0.242985241758476
-0.381561220388334	0.728371009775207
0.308809873018699	0.513792657673705
-0.22643368856379	0.223186651611359
-0.153401219373978	0.198000032832315
0.393576424724749	0.423029443894441
1.02299572800963	1.50600532783796
0.0415428902982613	0.028751655340716
0.402242870715257	0.491017255709493
0.957745984697369	1.11112622510503
1.77452423835832	2.52374583282337
-0.377919094537666	0.310847021046615
1.22866990663446	1.43566326104719
0.59793096311724	0.647454677975846
0.729357231114829	0.952639415954865
0.948898665829437	1.67029651644034
0.361878566861699	0.389324037558612
0.414969970726795	0.339533434340656
0.189276695522263	0.184172010814878
0.765669469387906	0.903545911943409
-0.789179640770711	0.755747385722132
0.281535865890331	0.249058102359086
0.184125485211542	0.204750017759344
0.456261540209576	0.630892521576471
0.201523149851106	0.41405392482124
0.370843379953198	0.90121236388913
0.0760805065105421	0.0818226378770213
0.589330351129827	1.01487687026629
-0.28009271212847	0.50569745739222
0.32874642755496	0.463476715984174
0.175022695505029	0.291756309386518
0.115349055135039	0.165485983809115
0.743334888455266	1.44127466044371
0.213301371207883	0.336354407044542
0.80431525128379	1.70682716438008
0.225592172380341	0.295688647833743
0.457532686810774	0.714256902203527
-0.382595433301814	0.543715004048027
-0.114404392715999	0.157540003402165
-0.213070208201093	0.269945965513517
0.389436670131416	0.467056905429902
0.300866058279389	0.413397003099971
0.264870024311413	0.36657085816319
0.935920063851131	1.43974844276589
0.333096570016137	0.41715064663526
0.687712003229855	1.00052359126469
0.382123156963746	0.326232862222838
0.483117007505272	0.356446674741961
-0.315263768309612	0.282746899616748
-0.333436036897528	0.27332797348765
-0.209841130982511	0.169529645909394
0.30096244971105	0.240668580787977
0.744703062979528	0.692259161579443
-0.178430102770028	0.148121661334755
0.149369245011232	0.209508647661312
-0.220275847129254	0.344797062162522
0.657402043025403	0.575114273831562
0.745408699705508	0.589289175245288
0.348239520453118	0.230279161963823
-0.0181701475110946	0.0110746914363384
0.252342216436086	0.344705444751767
0.159691717703997	0.230462283245154
0.401465006122942	0.340685341636071
0.2046122846774	0.150593245486639
-0.275608266437638	0.235003125461643
0.426658058148589	0.343229792631016
0.764432159976425	0.897094153782789
0.0502147883862454	0.0614323092456558
-0.171315226471922	0.23584392724395
0.392451078515089	0.61773892357358
-0.0521690147993021	0.0630519990250251
0.209354344171209	0.273840306798512
0.180243741154679	0.27265429079
-0.640925033764205	1.35866622666332
0.0146048140558043	0.015012486815886
0.503792960123512	0.811866431204229
0.0510194002385438	0.0536198059080151
0.441195991230231	0.517322925263895
-0.0230386100353488	0.0170629515951879
0.732318678828294	0.890761905855039
0.780786236089467	1.32282157396141
0.441711015822018	0.493625910424783
0.260879588754661	0.255786393861608
0.344104011467869	0.331178036910365
0.38780057357113	0.39614778375454
0.475119572288349	0.607260984308071
0.587343303287036	0.872678532136865
0.346308658630911	0.387593283149536
0.0805380257470091	0.0689635017002179
0.279723557908053	0.233038159445543
0.617633217975142	0.726839622715099
0.330767712352947	0.45358196442731
0.674610083439945	1.08974595502394
0.14006435918726	0.23567055317151
0.243290749535708	0.431017573008306
-0.0279665449152775	0.0315163731686935
0.279048874887172	0.36881950649699
-0.00510172921787185	0.00610922324535253
0.76177496038896	1.50138153215944
0.231844312418285	0.285253647799576
0.450055168990834	0.658331961586161
0.0878862001951735	0.0986988908553168
0.38893962044052	0.421797594501794
0.12078992451631	0.0929685719590241
0.144436106234432	0.138800735874994
-0.090218385782861	0.0898052480661184
-0.221274626505982	0.286472479151562
0.0152849490173263	0.0150213174990998
-0.337819874417174	0.335348602321744
0.0446543367180118	0.0388339046042386
0.12958357052252	0.147118615144679
0.46222086664585	0.590672321614152
0.879561548165484	1.45179404979277
0.193417297751943	0.180268775344266
0.563411137902924	0.682151818820931
0.606914472447419	0.799418676586024
0.136523282738752	0.121247307087306
-0.0447895810613253	0.0321925703213302
0.29125234880796	0.263150288026808
0.0741425436299828	0.0596839009866997
0.48381173181779	0.488960522109244
0.563613101679992	0.768696902724329
-0.0252446841213273	0.0237894534389427
0.402282238858229	0.718286151499991
0.131072840420933	0.11154703599193
0.130245326194572	0.102597275769437
0.529485066724842	0.543355128122148
0.605118528739853	0.57858371432713
0.86342913050272	1.05477807462039
0.201343650468386	0.249369517429627
-0.0115328848837354	0.0125330258336776
0.138186356666641	0.122208834451133
0.436999103855604	0.497733103447032
0.517697485266896	0.60217128416324
0.530412722380173	0.526018540498338
0.381022159943964	0.326305368572351
0.0252685096089914	0.0217487068294746
0.848667868292255	1.10867610499539
0.905289390808156	1.43997947279129
0.12682421378472	0.0943329749506864
0.263296758570322	0.242322494929869
0.136404374700183	0.156680280985219
0.935800603018122	1.6185211248252
0.435648353610721	0.347155360461675
0.199995566727214	0.152589985425239
0.303956747253994	0.246174267123927
0.1976765759769	0.196252402960189
0.192213056429415	0.220931098738687
0.176038977586526	0.223555007322303
0.0440123542979056	0.0470764999492947
0.173064664476107	0.201655341682037
0.845509708156653	1.47277704287867
0.0738653285880104	0.0783184749248493
0.469284249154705	0.693686908775969
0.540588185810523	0.836644817993075
0.519389327661322	0.773288542489219
0.599989215841914	0.761261463691864
0.6750687749569	1.05242483170681
0.278848448375638	0.361915659802379
0.405514290208348	0.513919166026553
0.343215941427404	0.407942322623648
-0.112364965874594	0.138047875102264
0.212554620288626	0.289450704986573
-0.278757436193599	0.326713074401724
0.808698589402471	1.15882671213242
0.348230762375363	0.589296546633728
0.170379065477741	0.232603527253556
0.0633799407721497	0.0900178230882793
0.346513031780748	0.562905633463068
0.221863838672146	0.333545388947085
0.14850346595469	0.195524196337423
0.240804679768171	0.363021138752371
-0.0722842737350139	0.0584391001796466
0.328465037530831	0.239372458325107
-0.428179073899025	0.308347047588367
-0.337846233655601	0.254026379883133
1.1392128098026	1.21967281231948
-0.456243783967702	0.431847080634552
-0.213139611616892	0.194706207889211
-1.10660805061137	1.48598698475134
-0.0538710295227716	0.0439958411157871
0.247921928170653	0.247735157717189
0.316534373259942	0.334465571385068
0.266098780384091	0.261046175524141
-0.173124807986335	0.159726173724229
0.102964325020568	0.115070687935603
0.350817644615473	0.413565161178399
-0.250609898199232	0.29434510487733
0.306730128229316	0.33125460876424
0.50999569843436	0.655457290024351
-0.172906115433145	0.17419622981014
0.0199177485283597	0.0180302506505182
0.109222191698045	0.105104343270955
-0.217567436745499	0.229472201611127
0.197811370018963	0.236996916764296
0.386790296759613	0.411701259486888
0.105941498153385	0.108847272929419
0.0568298996510468	0.0487330292436112
0.469645042096008	0.570302818004351
0.475906095086424	0.714429267806087
0.895305552337573	1.73596020386276
0.0256693934130824	0.0263874915771268
0.312552750120147	0.356028448683971
0.330411452485616	0.32666576132072
0.37766159875265	0.4851025800454
0.017433314056133	0.0142311957300996
0.633166351664897	0.955918953420497
0.369484712681236	0.427020758806587
0.713427297837969	1.01012319228706
0.33167382525025	0.434788740707717
0.582852128740476	0.798141016592686
0.454034880956805	0.571694651572519
0.0495916854561602	0.0370663257088851
0.199716579815241	0.24049015515606
0.306411235219613	0.471019170636529
0.0960664763085792	0.114587784398501
-0.145544228738591	0.179243050254542
0.0161781492825577	0.0171222037407163
0.33438050646291	0.554242877023941
0.209947368055667	0.311098484695924
0.164289942811856	0.219582863453683
0.0999948575600648	0.124401969507871
0.0399354890702413	0.0473081699200135
-0.263825377185612	0.34763053710421
-0.0345649451160468	0.0428945613147646
0.145024244540692	0.12949701144318
-0.336578974542453	0.350118469552884
0.194007344750618	0.196405587783187
0.457786873993287	0.594358674416885
0.377902192179087	0.41010021877524
0.406626873557046	0.482007579833626
-0.0204342469261933	0.0175501756342688
0.24270949313569	0.30596610792316
0.167529165871655	0.228600332901667
0.168594795391508	0.274660254075817
0.14525897564884	0.228642811561651
-0.125397467144016	0.173500266265833
-0.049692213312556	0.0666522058985429
0.0994769587202179	0.143939435513577
0.271546498529681	0.395746615851401
-0.0888716468311681	0.104272210644404
0.274653098177599	0.320177296081531
-0.790841730796539	1.54326392265276
-0.134340396750348	0.126099869339448
0.451656725057861	0.512020295473835
-0.126106783083364	0.110392168296011
0.350270245233577	0.385076767324478
-0.104066155366661	0.119508458094755
-0.592296943127077	0.871552466976396
-0.197282091760758	0.193583878138932
0.238723905076375	0.263172655065679
-0.287068223785764	0.358975784843389
0.741917841783527	1.13199865812134
-0.27374056724622	0.316482904577427
0.232968758601055	0.258230242719701
-0.177043654008055	0.168641553994844
0.0590649253692693	0.0475758758239349
-0.232106963832859	0.223188531554131
-0.0344091592668349	0.0252358489753348
0.131044329614173	0.115830726413159
-0.145133218640535	0.13849341297804
0.352651494536164	0.320366275228455
-0.323807976610211	0.353981625073699
0.112846957236944	0.153903469656043
0.250128179211534	0.408981473991056
0.397269195781791	0.498062822736786
0.212057427462279	0.163850455122467
0.401233357952926	0.484496881602603
0.674050576565036	0.769873543107034
0.721082590473025	0.79388537846088
0.446544638110633	0.504548825204553
0.49675452702739	0.602402583458145
0.293413951140797	0.538903722627363
-0.199347590405243	0.26351540556568
-0.0340879467132597	0.036719235158864
-0.0117644175891493	0.014993352098827
0.497934264411915	1.10505436398909
0.138297162014043	0.144868915716659
0.0490550156115736	0.0575248919391508
0.397019421934437	0.383005332129491
-0.949889981546487	1.00978905695065
0.254154620275072	0.244492757000089
0.249736822090867	0.257926302525752
0.207137653586833	0.159012980340581
0.462096711739692	0.484931695946179
0.427738251528983	0.428286547474247
0.0134724971633921	0.0109204665177205
-0.306418806514757	0.289709983888234
0.126801391924214	0.10766835315764
0.0430974217605518	0.0383416781023163
0.186182456799588	0.192874718473153
0.200074787123296	0.330468548808612
0.0169556853000131	0.0167263370866265
-0.268461778169686	0.461318834842631
0.317057107905106	0.545853587536181
0.0347773349215971	0.0357167877297979
0.108316424905094	0.112672928937355
-0.348057415305118	0.422111930569674
0.314617312722077	0.492437306635242
-0.194546132787173	0.225995752112222
0.56640271598258	0.717368643233621
-0.221085551559077	0.250537189673398
0.067569404249982	0.0634926349838547
0.0667337689462549	0.0781412950651978
-0.0905643517590232	0.0966187155261946
-0.171193031488096	0.157340479364369
-1.09000121291272	2.09806459001361
0.00307713775490795	0.00280664306670953
-0.0807162522595678	0.0731741216690787
0.0282834042870752	0.0247415293963567
0.0068776720301831	0.00547487524604053
0.625482562357427	0.669240537915711
-0.423023610305291	0.413474026838279
-0.0673246171676147	0.0529706492669371
0.262054050860453	0.2387749417717
0.407942441106255	0.338454654871593
0.724673836557824	0.876865810284196
-0.197565919154193	0.137903601582003
-1.26131725963135	1.68515634246047
0.393614920227802	0.504261411868625
0.265977157551715	0.419649447326898
0.974205705791438	1.24475421982557
0.202175903670903	0.300157061549963
0.245212321595497	0.258356717692331
0.499608175513231	0.508917890968857
0.055692290665501	0.0409152046695305
0.630315630191995	0.732391934522855
0.540114634454851	0.541109455601173
0.378516196008852	0.328943478815044
0.448513193946562	0.773912705970529
0.504105290094227	0.857661675083899
0.147426621548242	0.182601853097625
0.0506009681332922	0.0386613993877822
0.0833173299279097	0.072326771066495
0.195280126294515	0.1809027345434
0.18739676274908	0.194847381435849
0.174925417959534	0.261636354173225
1.04025225770173	1.81647237813164
0.130907974862984	0.111133139412232
0.917001344821623	1.15039100100146
0.876847557463698	1.10745382510928
0.661892708363266	0.806625879506286
0.463809187921908	0.515527440885483
0.577425525673889	0.682761098374649
0.461888617405538	0.730886449537783
0.77014518615465	1.62743688896742
0.593286721831529	1.1403953591581
0.412717448015705	0.654636726360237
0.167611641128531	0.253174270641262
0.355713715244934	0.70061886851597
0.0853802010282974	0.112985775453814
0.14257256438387	0.20896940593033
-0.0174544883954622	0.0169033268113641
0.0264307750267211	0.0292015628140243
-0.320233971741925	0.394129379132993
0.246290875132423	0.313295491386314
0.140206968831824	0.139696490927456
-0.601633467111547	0.683737668692606
0.0808114268373299	0.0665070691763623
-0.17440838858835	0.175664848464315
0.0720553971647936	0.08092637707644
0.379159239470658	0.494334780686354
0.234819704762568	0.265531592538867
-0.57190052429891	0.933763975654519
0.114351657689094	0.130698308409279
0.340769218610123	0.398403328702474
-0.338761215586716	0.416891268759448
0.532936358154419	0.659779747343759
0.189861862921328	0.180957224690117
0.0526608725498128	0.0411397620883318
0.954855048649856	1.28049681169026
0.566435267480723	0.44461634080346
0.68406849151137	0.934737020910183
-0.0781112430117058	0.0819028435642975
0.259139183512874	0.243789204539405
0.501677464054356	0.52442531111532
0.855610572645589	1.30157520971083
0.275569160073467	0.250102653764215
0.308447862330845	0.507571724382498
0.813520305717343	1.09896978428697
0.13447505759306	0.123207322111352
-0.595375528037351	0.745980396745089
0.0695273254902427	0.0577539627505034
0.184738819763715	0.165888784286069
0.20034301280492	0.178964758752611
0.176714909917585	0.171108882443313
0.550658834463425	0.773444995701289
0.268060660116719	0.246169808662708
0.412392662291915	0.406957140830929
0.445633711638608	0.437853263581009
0.552695876027591	0.62289152595273
-0.228334731735775	0.26041035338958
0.25355994315875	0.475154275378931
0.33894538659194	0.335516777673186
0.133835897453043	0.100957337577404
1.02072340710646	0.817280697939917
1.54243903122163	1.78837210703895
0.832131458802809	0.927270765531031
0.909518605608796	0.903268874830739
0.60609832242151	0.578749355334654
0.243721158459094	0.426501418748703
0.353293417950443	0.70991252488047
0.167848015353734	0.2106116859017
0.127710651187548	0.12522702059198
0.333734603654492	0.417239646089829
-0.175296917360285	0.19144236359682
-0.225793047339559	0.370833083291943
0.0837508608516057	0.113159439740065
-0.355060252726237	0.466730022374983
0.0209545174058536	0.0227709634145047
0.0466538347661739	0.0490059839008358
0.0226848289069754	0.0212626128720641
0.110672848995273	0.110789144937686
0.0984331772506004	0.130167043574731
0.134260149230223	0.134539377206034
0.768001694820369	1.26920596033544
0.0865254248352958	0.0819647392321293
0.0437290850347235	0.03268951292102
-0.339282257814721	0.283511478891674
-0.550640806626992	0.54465586235065
0.35809682227165	0.320171118409164
0.386127427489311	0.334160151850444
0.319430236888218	0.510147232404972
0.0934456128613665	0.0609202487173138
0.20097507203702	0.157264690687192
0.448890452316759	0.774862717468123
0.198719712983778	0.15227742643819
0.339155445612026	0.238686119875513
0.412621434768875	0.33940285348407
1.16511606913956	1.24504806722245
1.05595480256105	1.09434011943958
0.108959630249262	0.0768078328618028
0.318595284825254	0.248312772478934
0.409470213117395	0.330809688317413
0.268912606837619	0.243217781708795
0.484055448340252	0.354248097877959
0.93779464951315	1.00400495946789
0.522289098844147	0.58978380175769
0.000587434720698814	0.000320820030436835
0.368391788128602	0.396865337707316
-0.539738868479319	0.863649478958019
-0.290176593146895	0.572693369314757
-0.134325044045197	0.179666110447681
0.113820815782366	0.107206204646509
0.0706868391713534	0.0761764405719884
0.400146404704115	0.742677412389043
0.241462518740898	0.268650921718494
0.310612098023508	0.365840902472846
0.299790799382695	0.240825752962555
-0.326405912995268	0.24390110596807
-0.179963892859832	0.130317929300975
-0.275068106659011	0.188690373111433
0.256281971430582	0.133927387812757
0.766505938635542	0.520750046305502
0.511308883730455	0.446949316010513
1.06215465655509	1.09533501925277
0.369199638717234	0.22808999187939
0.32319201609282	0.23311054106261
0.0624445429024946	0.033136374855343
0.512086342238492	0.427811470007534
0.609129269047972	0.657006500759481
0.198877865283985	0.147601477414851
0.881842366681899	0.985770086450482
1.06691486822249	1.17131912698176
1.14986492537291	1.0147763879847
0.252049181544587	0.134340956948841
0.540745915411651	0.460912420120112
0.783979489588972	1.30872827515123
0.508829976908434	0.602847957001486
0.85076199130899	1.11184840818769
-0.173025385311686	0.209608217510989
-0.139672650877073	0.274338212621104
-0.11784727731246	0.188501030211858
0.200305064779367	0.292625661055929
0.202024807001441	0.124493249260763
0.457987833938905	0.336817133229375
0.21666685114762	0.165161724176767
0.695486391738691	0.509332964663705
0.401931627096876	0.33880665140675
0.0648913445116329	0.0271603409622254
0.53093833790335	0.453242196842223
0.544164448003256	0.457708196910811
0.0715581076953997	0.0308511533247288
0.538533149590967	0.465521043275753
0.703448256384364	0.614249511060239
0.527588352965934	0.272318485556156
0.423298452323272	0.342565517443357
0.474333850584168	0.441238494635322
0.567788484410977	0.470377646632739
0.158926088689775	0.203825521811669
0.498279531744234	0.817967126288735
0.187176464367828	0.195437421088099
0.202556940981281	0.194082100302302
0.110351601503685	0.110115110711677
0.603977694546717	0.935244269329507
0.585778496152284	1.00523342150681
0.106762957073005	0.115287691222675
0.28165635326826	0.346604238460074
0.268891846668495	0.343966743542618
0.593669608310477	0.863963346557656
0.372513014484526	0.706403434133883
0.0511681522416124	0.0586252870133785
0.164690615935622	0.166674741924157
0.0332356469339802	0.0238059419742527
0.221576764941794	0.132215665595842
-0.0789238915913684	0.0532055963966325
1.22995960619672	1.59648942887253
0.694068059782122	1.1282724160918
0.0935250385134602	0.0886130835646829
0.0312439538636982	0.0312981532761566
0.279036577472488	0.337463239620242
0.368984873556111	0.497325310436644
0.786415296553291	1.4071191120183
0.190320739705264	0.196040330286296
0.0313671251416868	0.0269027026958576
0.213146122415515	0.293157332520549
-0.138834623737186	0.154253818682707
-0.312999817102004	0.502380226708374
0.0280110110384709	0.0324237788845546
0.421027005269761	0.758902255000527
0.636102973977321	1.3750328340682
0.832830332133663	1.68820841379727
0.340295363635965	0.328071103046341
0.344089688509734	0.450898814104522
0.697327038183161	1.44120926069849
0.326120111526268	0.484336421270498
0.440627793324768	0.874473656869519
0.697259246820673	1.58877853762568
0.36723164516532	0.563479000490844
0.402165977647383	0.718043541196045
0.374579827096161	0.5808834765717
0.630810653497545	1.36091907132809
0.586447052679365	0.910530280291782
0.357564034095336	0.321428633709357
0.407006160905401	0.236299665810222
0.552345494635821	0.360981195819296
0.434626005902506	0.344086990553619
1.35030915387819	1.36006264209605
-0.74118691825567	0.441586683259815
0.386391126498799	0.329201275990727
0.214898408319347	0.150038579360963
0.219936999790906	0.286045013572588
0.586920773791847	1.21875854266592
0.0856238135307013	0.116335698706747
0.182890375050196	0.224073626700015
0.0768858196924135	0.0933514978492918
0.00510134641369414	0.00541899258802113
-0.0432862956166765	0.0513232845827624
0.107494386932669	0.139366983948365
0.162710757076663	0.196857506630076
0.53238890479839	0.964234174308533
0.582465523459648	1.11723427017862
0.0888565771205433	0.108548042689324
0.0607310353166889	0.0660013882361408
0.706205962421358	1.49586609535398
1.01347037344433	1.44038552034172
0.0826871800773058	0.10107832411069
0.0935762632559035	0.128513754134058
0.297523622469803	0.505631277852413
0.222076242363789	0.346481305461881
0.373138051030283	0.466572902714527
0.518202362530102	0.603586018765157
-0.312883865796092	0.38764436413707
-0.265790451200389	0.393957681185437
0.360444586876571	0.615158601468144
0.480106734539883	0.881508943381672
0.592613147195447	1.23509929322718
0.0375988234719981	0.0320577665093529
0.46127872110673	0.851969168250864
0.445435952056223	0.578132484386106
0.379732265316695	0.543623710998997
0.394748103242488	0.491322424478699
0.32063149430289	0.437631497813573
0.672385642409385	0.663786855464856
0.0616026732861734	0.0281879029052831
0.0866509505130918	0.0286765362108254
0.833862775644583	0.453045047256593
0.320029976948003	0.142138629491658
-0.529156502135406	0.417409495110205
-0.0736399667915944	0.0396992761462155
0.213866191955171	0.136465998842429
0.0690973996304417	0.0964497217335925
0.150440100038833	0.202925214494662
0.166270849948452	0.227845317455083
-0.454819452369269	0.91816397099495
0.163268489597103	0.244355769356648
0.0312567109109908	0.0357153687889866
-0.0174804858407904	0.0215956563296011
-0.247912387107527	0.415962458203082
-0.386484779099216	0.711755819283305
0.112978618842723	0.118065128462836
-0.0912596392672101	0.124474063485017
0.257895871010976	0.410277880302594
0.474333131683817	0.837484846290098
0.390592487238778	0.673793012690731
0.121785218977782	0.161803034099447
0.423474512744909	0.751452916395546
0.116785508775424	0.166061188068226
0.45723819544585	0.955539618164303
0.66328576416462	1.52934626476759
0.229949318272113	0.290222739734973
0.417090954030377	0.505320642573397
0.522700093085452	0.68146160529617
0.189794142994687	0.191797985232327
-0.467842104822481	0.809311556397829
0.332558773929502	0.601888226316798
0.0544705921694142	0.0685612430147982
0.486848447483687	1.04887616033625
0.714437526256393	1.10286757410082
0.00390124212016134	0.00387930523563739
1.1872118538338	2.39279276727067
0.34764259536822	0.426341390700549
0.0748683682778436	0.0330080223491921
0.750827481060778	0.623488330629333
-1.33832533182621	0.626473906971741
-0.176792890641597	0.111801342040339
0.510900384378105	0.456741793109694
-0.423381114164112	0.347177847888204
1.30199978071263	1.69624097504563
0.0503723811419976	0.0463410154207853
0.176218515073934	0.284350795332049
0.359216836470004	0.803186880563497
0.136807406428198	0.208393584175231
0.278502750479676	0.482928178925896
-0.111904147305856	0.162536276941756
-0.421948517229078	0.985827744586594
-0.0088818995909878	0.0106218243331881
0.351250557902922	0.687485836793184
0.441159102948109	0.936096596645782
0.126677632987146	0.181490332024561
0.0636457439173196	0.075261659610646
0.304674271324767	0.493225053808288
-0.0796019329357057	0.106599122461869
0.196246360736297	0.284251584956518
0.106710246272649	0.143868779387443
0.254651152575738	0.387025780604836
0.273788474581269	0.464037284019917
1.0777550827339	2.72104821850646
0.276104574264363	0.437458300189396
0.893482005943507	2.07814444959629
0.282072472140562	0.331607889664604
0.288374668251741	0.252739570014322
-0.0791813388059339	0.0724610178316406
-0.0676334662905415	0.0797220120929744
-0.0743147975490573	0.0871129846494799
0.268076007469474	0.407892303478703
0.475301672487835	0.975799979693756
0.572288167614367	0.986416775711431
0.458806729175128	0.64826761422078
0.294738151048561	0.342409566251944
0.637601314859913	0.883039239792251
0.0842185015736669	0.0287330231346904
0.373023999106277	0.153372563082976
0.0639887792055444	0.0293118588791228
-0.211159436601917	0.080312215174947
-0.683278495434184	0.354071500412226
0.566735697202872	0.475390044030955
0.61995977343675	0.647670196382619
0.516949306347798	0.355528024936065
0.842647370617455	0.953672518471444
-0.0690560333814528	0.063026629865436
0.0383240889650071	0.0340752004746874
0.220532484248099	0.299115269239448
0.264831672673006	0.419992185589257
0.172903180635162	0.237371059558915
0.303714374134827	0.503372849729034
0.192771989526376	0.291926915469509
0.293038265820899	0.543956997135629
0.134506436995993	0.173282651005897
-0.0412622841069443	0.0466424616080921
-0.0893626472026911	0.120471116664362
0.0682255399758858	0.0944353929770208
0.12154465127731	0.166962974576486
-0.281840910327359	0.325772786465
0.325974459859355	0.530837441090335
0.168750810816187	0.250249405141702
0.110257441783989	0.137488840996587
0.0840665553531564	0.110604573722767
0.016963675994656	0.0188507404454884
-0.0919135639201642	0.105529281211527
0.474830482050312	0.95587966824407
0.364111457486039	0.409625525812579
0.197635799407748	0.272957028744287
0.539105882495405	1.03766410020937
0.748882886729805	1.44729944348845
0.780530105898943	1.80507390850437
0.330720036988987	0.328151853879936
0.642013328699759	0.791869048369783
0.993568461767194	2.06585833813785
0.0452876762821758	0.0503794809143089
0.327478232371914	0.54363833136747
0.26210795893391	0.40567238646647
0.307018275221135	0.398007905546782
0.479398795754576	0.59500830746806
0.156657873929237	0.165873278202027
-0.148571239079292	0.138070485995017
-0.0379113611423827	0.031863574757304
0.989686398631377	1.01477066215974
1.15090332847079	1.16602654131048
0.375012807162715	0.153756313078902
0.073145383773627	0.0314720410933752
0.708766851537001	0.603556749420253
0.371508068950956	0.150210934105473
1.53216530583742	2.1724655017898
-0.0492643012452	0.0340647010606027
1.55444462135224	3.343962863317
-0.270329190805816	0.280962391757037
0.0122428514712811	0.0131234674403657
0.09848781297626	0.119642180448805
0.236790512375586	0.323544123351147
0.111064486566817	0.132779027279477
0.384629813474349	0.406799545685739
0.809442846987032	1.48180133251808
0.432398765353653	0.896867864463307
0.312404616981127	0.553387289425727
0.167312514393573	0.274755846310148
-0.107576698486374	0.152010134138254
-0.205756336436239	0.297526950255851
0.190947151825611	0.270700427189011
-0.287098691564539	0.455871534855566
-0.0428609211918768	0.0482263476342339
-0.367410396821613	0.5162502222416
0.525842085312608	0.932291373019227
0.624244078853108	1.22773794656701
-0.05546007657331	0.0726795338236767
0.408063886360046	0.773215523072855
0.0467972675404031	0.0536129555731387
-0.237326659691907	0.311276713190222
0.264993878585167	0.402334208517238
0.435175614765781	0.80752439232964
0.471170896035664	0.574697045539425
0.569531494170388	1.01965206951603
-0.125123294009444	0.173572913375055
-0.011482519400686	0.0128081981685258
0.0388603510916889	0.0437342272230192
0.923059699224392	1.37176923571979
0.0475385722094393	0.0520755606835944
0.0886673560172781	0.108956134323319
0.41593546222431	0.735384309464893
0.445215210952006	0.656116146821257
0.202200135654842	0.240025981960494
0.331755370740946	0.496488044067721
0.310036299019872	0.499472893215234
0.42607302804068	0.644443204692416
0.610205724212818	0.798428507515515
-0.366282672520042	0.508875885716768
-0.450240968720995	0.569044806170069
0.24944018900456	0.254767896774701
-0.00446091166307929	0.00284919685799653
1.17313547068982	0.790400078646727
0.0802846149176306	0.0362719485845537
0.319384523880091	0.145764887399928
0.548408954101859	0.354131748937834
0.715254727479927	0.77191100585677
0.195650144837853	0.154857113692014
-0.576739822325951	0.927144519741362
-0.346452960704537	0.46825668920946
-0.327117847716672	0.425012813459579
0.332603010773299	0.497926514618464
0.469925600556982	0.503391126201813
0.5215439328136	0.9292971412568
0.690255680372552	1.22877435282014
0.092141470137077	0.128959266753806
-0.156470426882967	0.232146499467939
-0.194450786666567	0.321450198316485
-0.11527542510977	0.155093217764245
0.246580873979292	0.369325747947732
-0.198354697426029	0.275747817461608
0.465488225625043	0.968795106670068
0.177103141922767	0.230491540280649
-0.406084336800518	0.620061072522487
0.0421035439941845	0.0493694384763631
-0.12712469704793	0.161432929504806
0.23306091708611	0.314779732478977
-0.314218196151854	0.500021270921806
0.0402974484343283	0.0485941909295428
0.370636750306565	0.556606278207363
0.0512659183964493	0.0588048429143119
0.444557512888618	0.829827053506652
0.604539955058779	1.37353253074673
0.47883041336805	0.917948325751423
0.771093725754685	1.31243301057548
-0.164242650765155	0.195095952413418
-0.000465824475846285	0.000567121044625434
-0.157314803242344	0.232596025016569
0.634936878718126	1.04053976999899
0.105115091108755	0.102533978639356
0.0814457072425428	0.108162299938828
0.0655412893248598	0.082822034213488
-0.0946604980262515	0.12013491512546
0.270027808571575	0.412054119476141
0.267895769503464	0.419974956383978
0.307233685685062	0.404188317207318
0.535143940674146	0.694260148172967
0.415485464127319	0.482469934125414
0.285117874221319	0.421769638387798
0.841258476767865	1.23324194800416
0.54993455897972	0.898275319722981
-0.0971133918566262	0.0997017144797489
1.12457702526044	2.07107888706261
0.518127032859501	0.45119616460232
0.0772128259308396	0.029862023320515
0.629789060430217	0.659407739310159
0.197211060955235	0.238014289017948
0.24929610407306	0.26303094511435
0.345659230607618	0.484560361308955
0.151391280869343	0.182386416749287
0.411201332973646	0.685310261290977
0.252467851409715	0.371118253042444
0.30253661166687	0.343264150013861
0.565258630437247	1.05563816291999
0.689136930296529	1.23136909447686
0.242561041598838	0.298960491374841
0.435284192544598	0.763474537388718
0.185231968009847	0.297351831059311
0.236200829328632	0.395433582120521
0.112562553186721	0.145680298967988
-0.460353301220727	0.89361473136128
0.128648563696753	0.169681040754571
0.638100182964964	1.40781386515321
0.774013217171463	1.88490283050394
0.163018045515025	0.209052114812402
-0.096998380398639	0.126925914153898
0.15927756360857	0.21158676708557
0.427673901494461	0.722715163991158
-0.210054645128448	0.302302431051914
-0.0905279605218134	0.110538543595307
-0.0574449242057201	0.0706701222914871
-0.163645631778152	0.221737959603569
0.427558509758374	0.740251619401724
0.422967911222974	0.773371175009524
0.28578070769273	0.49141859462665
0.165290582015128	0.207394386384227
-0.204377092008736	0.245287029644658
0.165510981735875	0.229257201208732
0.0959971849878113	0.121876797637737
0.175551462624055	0.238341417634895
0.311057851482221	0.375071389438926
-0.284358829735629	0.44687791295869
-0.107840390063497	0.135572374332057
0.0731937871277178	0.0925896920348429
1.19606879369285	2.880509441563
0.0781732492637778	0.0653492070626714
0.139403240059265	0.152158576335901
0.570753124634373	0.765612962555696
0.119035190809665	0.150299371701807
0.493419217101954	0.902049694081953
0.269183440096733	0.439792267519023
0.609886646544965	0.789497838708582
0.235064762230562	0.295694787333913
0.46406036079153	0.550726180238439
-0.324593559809882	0.524125949192697
0.51955032304836	0.700871561737458
0.403883229721015	0.518187114022298
-0.0494952768609881	0.0446416919158545
-0.0811595942904905	0.0794969474750085
0.811697816792164	0.645655708635735
0.968726870310427	0.935382192894988
0.661496791847326	0.596682993264584
0.652419172042794	0.878164764956232
0.0118205003012408	0.0109509290173517
0.187533961151106	0.217374989477601
-0.127852053522836	0.149230142641897
0.394038083845616	0.563268661823297
0.453125460773741	0.434771652529805
0.41143298176247	0.702682216771239
0.320426843977362	0.434955557792587
0.0067079481792424	0.00753207568393859
0.192454073839288	0.287313876856803
0.305941869220495	0.530369872345254
-0.0466225863948025	0.0569530436720453
-0.125562995077695	0.167428256117494
0.198842374411121	0.284936883690762
-0.196997092237326	0.280724773341802
-0.465597135503437	0.787837241350954
0.0901875440574228	0.0900778333118081
0.255979619268292	0.36330672659005
0.777060229720649	1.74104654064211
-0.726351880988152	1.74199795941287
-0.469324239846656	0.735140669923123
0.0962023776189854	0.117145903766797
-0.232175306224938	0.299177443325235
0.747327178269305	1.66336243376151
0.0859985416363405	0.113965759937765
-0.285438988708396	0.473593693599769
0.231771395332537	0.298493096557504
0.11309083725128	0.120919356299061
-0.189678757977852	0.288405866949113
0.618194199442354	1.41276429839064
0.130454731132641	0.154891013050721
0.525352950233387	0.617384781327913
0.142524808899746	0.181629534017253
0.0718117182252896	0.0864730138374
0.245042112278724	0.384208532976367
0.0155951074456026	0.0178443933695778
0.55187790792708	1.04291380710579
0.415143926561508	0.572156435367162
0.336465169682556	0.411299258471084
0.72432463846497	0.866081302643995
0.413103502909701	0.620963360225471
-0.00369999788055859	0.00370077075714087
0.970844442377187	2.39050399046553
0.0876537861738439	0.104682398485059
0.343803533059811	0.597451876458204
0.446828948369514	0.870232505126175
0.137102713089695	0.135910264376
0.248160174072831	0.348055269858931
0.590646959482723	0.774021758943436
0.165531199756503	0.185882092904708
0.367480287193004	0.501277914793527
-0.543993630656833	0.793873353472537
0.321193771480168	0.230461707999886
1.00896066513136	0.609696633038905
0.86707569353487	0.765473819719683
0.248661886751488	0.350040678420302
0.56200213155344	0.766571773678171
0.312966473169061	0.495186304054046
0.0919291989694841	0.0950820743342897
0.0427699634070847	0.0377803672488903
0.0274226748277013	0.0331140243633503
0.287336213581864	0.486367827162539
0.0493140612731595	0.068308595184007
0.13379563679076	0.200001408381157
0.184296350827998	0.251968597213967
0.267484819999064	0.427218371215813
-0.170548251277947	0.252222922664056
0.176504766671872	0.220095241752412
0.156390312825397	0.174449027601384
0.255812390165063	0.402601561195437
0.21174596899509	0.29305312204696
-0.164120985051287	0.237020072576269
-0.195990768192989	0.283058146990661
0.0544828814125514	0.0632800535957236
-0.0517795549578194	0.061446258553835
0.274454129995254	0.389661795505739
0.46436249893839	0.885298511936186
0.123396640497782	0.161197863337321
0.512110679909481	1.16162223615395
0.80991404543237	1.24796554670312
0.150085142171684	0.159984577602839
0.300728963836949	0.469133594464857
0.0557767907430024	0.0650974652002663
0.111012693718126	0.120992079556476
-0.225641530093413	0.194261438453572
-0.262212020591369	0.349666080654078
0.197288671969513	0.249052898849455
0.492373893386643	0.866302775034885
0.0883006963797983	0.123021630345968
0.428148767737976	0.484781227566894
0.678105533397634	0.932928668412116
0.0760755651078838	0.0669638935024201
0.625216932707004	1.04096143672344
0.187328395337123	0.238166136006971
-0.439296676565861	0.677535096843718
-0.146970129305447	0.201490977608488
0.037914352661867	0.0472166963234683
0.142514819896043	0.179541182697364
0.507727419552812	0.911199205850678
-0.0677574610803265	0.066685037028981
0.135736823510928	0.132782760361011
-0.346994865915222	0.41874514796463
-0.197273288561462	0.197533717662038
-0.322994846648365	0.350161553773619
-0.493451439612908	0.34624787367657
0.7117385685934	0.416517445693621
1.38529156474799	0.867392973029127
0.253258075684499	0.321300804705093
0.225051309785966	0.30400820966738
0.453034544209142	0.490085131764177
0.980012129610981	2.10916798454813
0.188402783680747	0.228537562684762
0.397555348318726	0.63421286010352
0.307546079886201	0.50844933954913
0.0435018447682596	0.0491877713358448
0.162176557591298	0.23113190140539
-0.124340815801328	0.153849871573181
0.099206967677964	0.124011733275417
-0.156616961496437	0.213363839846558
-0.309391550728245	0.511839150342359
0.222983141706802	0.305172927141313
0.272635546718918	0.361893661250634
-0.0228858859284565	0.0242228917031806
0.21604477140541	0.322815635632031
0.428400578104935	0.770526541762839
0.44081589240573	0.732281915505328
-0.0081105736581992	0.00809673774310339
0.137937233355083	0.156998914866728
-0.0682635182825957	0.089927719448092
0.0264465069791161	0.0288636757195366
0.263317810802019	0.411888497248372
0.607930793751247	1.25925994812363
0.577484978153661	1.10569276390868
0.445516953375131	0.616302956764222
0.248180426013053	0.332832108180477
0.0288985908925342	0.0329319482009535
0.235519695112791	0.250493145728348
0.0385515459674663	0.0465244087940961
0.539939767366785	1.22017456880052
0.305751834135648	0.325222178726449
0.835227833164412	1.60693011656514
0.557134969656037	0.935319046618863
0.500946044782205	0.938506371389594
0.17107758623677	0.253089919457363
0.196735400180024	0.323074297414823
0.114185214205047	0.161528477206967
0.409130568539491	0.804464971995183
0.129597142748992	0.154992325239049
-0.0609283591543442	0.066484278553356
0.00293198880239625	0.00253451520399893
0.150166304382247	0.182522789341803
0.149353949496985	0.174670126203403
0.148513376679147	0.159252859781393
-0.660152208265447	0.675955731299579
-1.27958887168227	1.30782119084002
0.996158741947998	0.47757511614971
1.54861765846986	1.05604612271594
0.59574392634873	0.475576595493003
0.764321756833473	0.882161324993625
0.626075765710754	0.573567919928137
0.392897086845524	0.416512259923302
0.87549074163377	1.86645199293576
-0.160880763177084	0.217415893589437
0.812455083594164	1.87634733941311
0.31449645114995	0.519935072799318
0.363313345564645	0.655468143888244
0.402632857537913	0.479238641829991
0.357470024946634	0.630374723819152
0.208101554477983	0.325784574151598
0.055971826246035	0.0787844205991797
0.566934081807422	1.31780612698211
0.418220548192349	0.72430015154964
-0.0534804507810119	0.0655144836590378
0.0419587478895585	0.0502973491907192
-0.128770971624095	0.169431432120835
0.259958415452676	0.370596973285474
0.217472897533166	0.286539812871084
-0.369224721275918	0.573228059243955
0.257044564948934	0.40293426566329
-0.248344930824673	0.379162551242902
0.541885555716067	0.933171472356954
-0.262434185322072	0.407218120676877
0.274914613728863	0.429040960310893
0.377953904215164	0.759783600901473
0.251112962723309	0.418346709532243
0.507998224792628	0.899434484654629
0.3308379528074	0.513391115862012
-0.620588095365933	0.785311644267825
0.0436796569369717	0.0531744386582167
0.925470476316498	2.58035618562573
0.589984112104596	0.932221799395195
1.07351336082788	1.66214060304866
0.214831698848508	0.257013112759611
0.168429834561248	0.222946679434227
0.128266281576949	0.183849726230731
0.158250166769611	0.238922166754036
0.353152784299307	0.475854834704345
0.301549493428335	0.442966244424248
0.285998962602051	0.345228210984206
0.0197771137264348	0.0233383698277378
0.152687524649735	0.159378792412829
0.0900411648032709	0.0901340250176932
-0.368009538398436	0.509883163889062
0.00758399496631657	0.00671739879052999
0.197660111554749	0.145845203587602
0.0754387960412669	0.0322652993909232
0.32456325442502	0.148391013681812
0.877473496425811	1.05917201023981
1.27713536182167	1.91877398542345
-0.37845307405904	0.30163865549082
0.248386618142512	0.21874274983993
0.291753024082955	0.323448098900757
0.33097585390764	0.443842175640769
-0.895242397946877	1.65571867262047
0.464576800363069	0.811443437902401
0.0155298101904511	0.0177227168386416
0.58261804054081	1.29076319005247
-0.196046325925697	0.287298844500206
0.430939239990638	0.786499210260286
0.332385760632549	0.537618467118074
0.0780575016428396	0.0858550195913664
0.437329683215342	0.815304519811511
0.281801562199131	0.350552361661171
0.2611619044813	0.491324312868318
0.157443817753122	0.219362523374966
0.340945797391117	0.684618323357052
0.566823338784543	1.28441370860798
-0.298562074859655	0.481384950499593
0.476217059098435	1.00743966858903
0.0790902159471595	0.0949863181311081
0.196794213029295	0.294497313024203
-0.351131323428786	0.452991017591598
0.0406278949024295	0.0495695437180431
0.298320208192828	0.485462919257453
0.0571679048772437	0.0712455712337453
0.170188849723501	0.23112262620415
0.139845102687389	0.177950295162468
0.469474726017551	0.870520901566243
0.21033995116608	0.29466277388599
0.665453502944285	1.43713711531835
0.29711405723543	0.500639540352757
-0.108371391182604	0.114945627369457
0.677024896500542	1.61473973206141
0.292048135355312	0.479688090529978
0.531090174986338	1.18016433936926
0.794037724506883	1.45246562772903
0.556436496405196	1.10326292178683
0.0596154233403697	0.0727112724555831
0.200109850568236	0.329320009714435
-0.264315987586431	0.469429435004437
0.207813683940998	0.332674772929681
1.31220998710652	1.59184540521075
0.226783052716858	0.292383742189532
0.270818963994701	0.428864193164438
0.339745082581282	0.489455665701167
-0.179109144593664	0.217509611013368
0.183664207221447	0.186726886021126
0.125803083641878	0.147415945444132
-0.0578733000534921	0.0587680156645631
0.416424885190973	0.759049548441987
-0.0970797246161097	0.104326653029288
0.301175958434279	0.343877596266736
0.434882947301206	0.341630525481912
0.594655895560326	0.478672002016121
-0.217379104963758	0.155960925089192
0.130729760147105	0.112836064642227
0.118249508397322	0.0918686912221352
0.0938700713100342	0.0556596841194574
-0.155060765853257	0.11550028856794
-0.00708801685751621	0.00618725789737645
1.33199654224801	2.7641817483393
-0.291943445152139	0.401272366077551
0.165439728323952	0.232351033913701
-0.0859302588475684	0.105609587925372
0.202798267958198	0.305368268126954
-0.0293231472453274	0.0372090863726473
0.314663927560683	0.493264443480042
0.448182009776871	0.932359940953582
0.131099138470366	0.184737495073828
0.29511630792456	0.517420194973028
0.0902564299657177	0.111658389891417
0.264555168987208	0.357225188631228
0.20728604793316	0.25348495886815
0.137081914487887	0.212021080655817
0.346342163758798	0.708416824170564
0.0281383873406427	0.0370881523158212
0.203231934787505	0.300354361903499
0.00749922636396665	0.0093785935859828
0.198280502645875	0.334429105939436
0.240702738287326	0.349246921955263
0.241515365065132	0.384525415973763
0.35838102726189	0.686804761330447
0.777443828916923	1.96505488074845
-0.0731555460203161	0.092457440848593
0.0608994456815806	0.0741221430180047
0.161808691003265	0.232150898578393
-0.212780909077594	0.361914225911466
0.272114971084531	0.4562626346961
0.152040127404074	0.233886910425605
0.257105490394175	0.445494965453555
-0.047864173854055	0.0451401284616376
0.412098905079572	0.664248162169634
0.202575586126843	0.322556501404905
0.226754179121478	0.36519654486046
0.0938659856959367	0.12723368834514
-0.00297478958053458	0.00260340822352392
-0.0798924773753232	0.097271879239462
0.0905625374361379	0.117851014369507
0.189428695293042	0.298097291713472
-0.0543562488463102	0.070688890435376
0.127995906677951	0.170613509320911
0.405154984598145	0.758157641314005
0.0232226915981116	0.0221181966791873
0.402063354650415	0.624724235179828
0.85325732647041	1.39612447710273
0.60866978690727	1.04529295001234
0.19494029079208	0.24242374667188
0.340294910416498	0.615076895879648
0.24173859959503	0.414738199953804
0.276215258559992	0.492216243270086
0.333488824258631	0.631953713237294
0.0996315996328502	0.0652218180273331
-0.043004636067158	0.0384944946951478
-0.223907932256847	0.289687883251814
1.02211197204673	1.90358511652026
0.339793956147729	0.50175645473682
-0.819124187316655	1.37385086830978
0.481522718302758	0.893051698494265
0.424940528725127	0.539219954268216
0.0181516460570047	0.0155387737287442
-0.145336788946709	0.162997571403056
-0.302784690378497	0.311862094744481
-0.16827712540386	0.106577237237142
0.412658311680358	0.242324657004227
0.769421958242018	0.715664607124689
-0.88334143006103	0.820784923796395
-0.326271422111623	0.297453011861923
0.426562793314618	0.428232345725285
0.401093559508866	0.341609890141237
0.202781570598571	0.171661020627944
0.139335049700078	0.14169702649541
-0.017858720163336	0.0174947249981986
0.614709626040301	1.10787086292369
-0.503868813114941	0.886827071280352
0.0513333401368367	0.0606602905843403
0.686590088523099	1.42906344178103
0.21925152687249	0.340245110003115
0.518937692681618	0.990059748697968
0.560553677881692	1.3048063614694
0.289214126761888	0.43138215889445
0.604892799077659	0.935721338801725
0.396405940102386	0.732453711888816
0.308713592680205	0.426748559824011
0.450088119737759	0.507391979664138
0.566157424692072	1.21513344105234
-0.121919622747955	0.178101857541977
-0.104139415740906	0.136602460247869
0.0782658310932386	0.106661780229012
0.136709333168127	0.195820830305223
0.120469538001863	0.179466831330326
0.147600241570087	0.244841793291725
-0.112265753785538	0.136818621376557
-0.061138581122903	0.0710414248142287
-0.311627938782461	0.519268711680463
0.107564641441538	0.148418970880586
0.380179577627803	0.654140052488372
0.268356117842676	0.425048338566617
0.22113663311508	0.315508344721045
-0.165910367695176	0.23385002174571
0.501174529456132	1.00342180178592
0.184834866429631	0.263154054929287
0.268235939716546	0.433779721444338
0.128313668746128	0.171303827552939
0.239891676059865	0.367215417644118
-0.0190326014534856	0.016357447577284
-0.0373440720377251	0.0443034052615541
0.0180065065470591	0.0227769668084911
-0.00232370637481076	0.00309047135652162
-0.332165585389462	0.611473942828959
-0.331180399086263	0.669053389480763
0.219345983851584	0.315626882701162
0.227320097778427	0.30454042818415
0.227908339607162	0.279916588237104
0.5497635738846	0.753437793144759
0.454314743377313	0.780170530522224
-0.413749794592689	0.784118172309824
0.316705815037608	0.564592201942515
-0.180242087993419	0.26283295898756
0.0156026916168831	0.0203903313287083
0.419771696297538	0.976167034059327
1.14716710259872	0.911358756782844
0.197424407384473	0.155507506380001
0.387794104701694	0.544601149287157
0.0932324852420344	0.099475981133716
-0.40151943461339	0.590180765517485
0.417469604718864	0.488788362016448
-0.251864663573427	0.339031387633319
-0.058909628136393	0.0519523557062474
0.517050139221406	0.810003563807848
-0.115930348790443	0.12943551322881
-0.54151008691294	0.908871371651985
-0.698753279432261	0.571963565272744
0.869077770772174	0.574703160853415
0.377816570195598	0.153079212813478
0.831205669842726	0.648953741923612
1.59096146303522	1.68047901059624
-0.123555393592652	0.0602436080634525
-0.206568356861541	0.125972999621728
-0.779865841193496	0.549979297227008
-0.780827501652237	0.681755747691309
0.191400851837957	0.168341238974954
-0.0189754779201096	0.0114186345842427
0.547864086367889	0.609736335340633
-0.0850883642147696	0.0752059048148001
0.28961236018252	0.339943979118123
-0.0180635683736657	0.0201340816160501
-0.207505222883259	0.300089613738292
0.372459033856332	0.630905009843458
0.260802245168801	0.364369058883786
0.339928455083887	0.604528189127621
0.0625688676563523	0.0748163538372193
0.091532150338587	0.123447503702417
0.258016538108118	0.431649685790033
0.19094982627831	0.262954004047583
0.1144079682188	0.0927469383558753
0.0742140914603766	0.0950040359726599
-0.210657191968723	0.349930217468846
0.12367251382683	0.172760402643373
0.171179841184905	0.285705943624264
0.193372311593538	0.302203167183707
-0.296561611351404	0.533569933234041
0.0292606371686448	0.0381442053245155
0.277601599442558	0.473912326811877
0.108747422340319	0.142409513037579
-0.122124698114345	0.169192889583532
0.413212087953779	0.875315546428176
-0.361801225449092	0.607341281757526
0.124521490051786	0.14695470737464
-0.0333827172590546	0.0402232686966791
0.807158188055764	2.09092695076175
0.279222942138812	0.471704294558874
0.13021384438802	0.109618693635249
0.239343887365777	0.408651314626233
-0.595403446120047	1.42969183573398
0.204625415570349	0.346445523456305
0.124386984748818	0.181940925418193
-0.17623385109991	0.257994569546056
-0.0876906232488805	0.116120595006477
0.235490769821259	0.30721780669127
-0.112756889061915	0.132715396040407
0.737988722294008	1.05228596771693
0.608511737361527	0.971233430646045
-0.0157952583932299	0.0183524372243117
0.117944311485661	0.167424310926271
0.241882795139563	0.362937280886306
-0.00927485565281278	0.0118394978321123
-0.372003762707713	0.757913903987934
0.323730967868021	0.693548662638027
0.112466883100121	0.0761796847120894
-0.176633604435881	0.217810418409382
0.281193391579342	0.358361711616967
0.256888168778466	0.344388958864007
0.389318315972263	0.568759595539201
0.0619709506524693	0.0684606343361895
0.938276479380291	1.81283873247208
0.568724583319344	0.929161107692592
0.0921179751919757	0.0895290987145422
0.19548724233692	0.23341527185406
-0.781376010704361	0.602042346380595
0.0710875729844985	0.0274670321936725
0.0747028166850304	0.0289967469855774
-0.0586334483665579	0.0330278275276795
1.43637603268989	1.45786639724281
-1.03042691811272	0.658539572485088
0.806890677031188	0.619764109258988
-0.282686883491817	0.157821165993812
0.453704348683526	0.499653346665586
-0.660884611032552	0.656113108886786
1.02533208542114	1.26522934610286
1.03023626707343	1.34961661729936
0.378290118684513	0.410272296779626
-0.438924712050393	0.610872806407109
-0.125919881544083	0.149137380089951
-0.191977559522223	0.262710935686774
-0.340741535914048	0.582037833007362
0.107331821267501	0.154852595689976
0.189409182127378	0.298125358856677
0.520543248518966	0.957748377650487
-0.291066757780544	0.514614151505173
0.00335394016714638	0.00413170881448699
0.50248467317735	0.848303323757143
0.493626118958481	0.598937536713804
0.071652890239656	0.0905675556812421
0.128336459988186	0.201634752138749
-0.171870437460932	0.265671298892882
-0.0720397128727013	0.10647212462339
-0.252241797479456	0.414299751723098
0.186070233706693	0.285674683548963
0.125230232962252	0.18642794740742
0.312691682198047	0.584211709390668
0.0323809201040555	0.0372958251751619
-0.217994326329475	0.363259020399759
0.20570941176803	0.30358090015235
0.155861329312768	0.201790207458676
0.235170359715321	0.345861567004779
0.256000412643948	0.446699341762774
0.124676738339693	0.180464315257217
0.302159898722746	0.533940005621842
0.310868662498914	0.533701486208431
0.000392365797937151	0.000565928424523849
0.0287284738287246	0.0272474738486727
0.488771029530794	0.97623364700287
0.301197729214514	0.549711053737175
0.129738423617439	0.198942125147648
-0.32279645134587	0.601301281976646
0.0516873435035235	0.0688815588603215
0.073110604927871	0.0936772016622909
0.196725876455666	0.228994227132229
-0.0979457836364165	0.0939163557245444
0.308869605320341	0.33081077896825
0.795908715591285	1.4804570132511
0.17846662530172	0.233149873927853
0.360532210516258	0.667842140216015
0.396859760886001	0.705037548396757
0.182425433517225	0.31732051035954
0.358023563514418	0.751690750372728
0.365686756219375	0.766518190068701
0.279301258449005	0.470728256060814
0.552575857151519	0.973160229410034
0.427179963800253	0.70902412101946
0.383539061061864	0.661580331506035
-0.211169708981028	0.213329731805099
0.242072617928944	0.369294839237706
-0.0950023336851861	0.0960569854718242
-0.00157270565759371	0.00131243213519577
0.48597930231787	0.683331860365049
-0.268350786800694	0.298984492146132
0.761306036937389	0.732303456512646
-1.88651567400544	0.772568705232604
0.0622894054427755	0.0279482798959343
-0.677540137481352	0.348511649746686
0.0607455292609477	0.027839157799621
-0.179694128579035	0.0740616679609805
0.209960645147438	0.14391656969364
0.0633004130021228	0.0292801370499658
-0.911399951391211	0.974352279694241
0.732093580652765	0.717462754289748
0.395957336607236	0.343295083315945
0.00389259735435404	0.0029607619215994
-0.504000505631836	0.692671682801128
-0.298568210261128	0.380658042632586
-0.533393371387003	0.901738959932622
-0.044695489520189	0.0494822311838338
0.439022642865414	0.784130097549942
0.645162626446035	1.38233213627376
0.185653200475536	0.271957275510121
0.494121355437513	1.12059263084879
0.324780700304916	0.587806475079484
0.397173358276492	0.72156947918291
0.246454060016211	0.260349861297631
0.804344562785954	1.69650122431798
0.181516692788397	0.240783902028763
0.185411526402483	0.235683613149249
0.169185963175268	0.275379857760832
0.190018676423432	0.293811335521867
-0.699822895365487	1.64183412578427
-0.351898906556905	0.706558484448478
0.158233694785776	0.258617640252543
-0.567175651344729	1.34146634028276
-0.0765628820506119	0.102388820680188
0.129633861215163	0.189726519279904
0.0331595456893672	0.0425068572213851
0.135395953983808	0.203957533927408
0.081037258277647	0.106277302108864
0.103391622081169	0.108064969338297
0.171502366362844	0.245889713353254
0.0479423959775914	0.0624768510178484
0.371062938009213	0.754827994180602
0.0457117180525884	0.0620798124429072
0.539140769517607	1.03591642918059
0.132389927251918	0.118000789737904
0.218335005161316	0.337204620228703
-0.174130022609834	0.274071239749807
0.284299886863109	0.534003070819261
0.216817386925735	0.356785372367022
-0.0501474562751304	0.0661699633050735
0.524679941292131	1.01245755791687
-0.316595286291923	0.340875952361958
0.100405963923988	0.117700151892908
0.0952371176599199	0.0914928114931244
0.138709600113816	0.140734482737954
0.143627717100323	0.194207169110195
0.0171979867782909	0.0196481253826773
-0.760989849403776	1.80266535714952
0.193904138302291	0.321499028514059
-0.13152712990084	0.199084711274094
-0.130765983416483	0.208045036256442
0.0905855611523005	0.124589861908956
0.187880384663273	0.251945269389584
0.0983165980835619	0.109909839887375
0.671687295006571	0.952456633342642
0.274314417745619	0.399426451598644
0.0698025770677711	0.0627903185223512
0.0673855014680819	0.0751629789783034
0.481273353845899	0.780226323130281
0.0307478620280597	0.0332665880478613
0.197445111464879	0.156774641444737
-0.640464701651573	0.419235442442908
-0.318353669495312	0.166099262810317
-0.876503400883769	0.483063487038934
0.326197826202769	0.146205287855277
-1.40412612080789	0.920261722397528
0.357793770309518	0.239334476346054
-1.24928200650302	1.10931576114063
0.336083673263609	0.316827321158022
0.596830137810224	0.476819876595788
-0.422399820509429	0.332076568062333
1.16561198007767	1.43352942035824
0.282744379501286	0.241333767135322
0.31123565010642	0.389188214117432
-0.0958441107987896	0.109394027607044
0.373654937124827	0.656006492035547
-0.1486575470923	0.206690520663576
0.755932279850267	1.69803030462866
0.289779710263097	0.551299516803971
0.154743371297469	0.206795216213092
0.0858212339186011	0.086560334393932
0.218872869159778	0.287358010825053
-0.157529873255602	0.143162651138316
-0.0614940018989796	0.0739290068322175
0.142280191021882	0.18931463689024
-0.479788655016556	0.784515096402874
0.0299572804482643	0.0393146705353169
0.158060232163373	0.215759848193665
-0.049526526698109	0.0732844201109921
0.096883990579378	0.128067019807702
0.454931609460963	1.04477350295454
0.278142661153954	0.47778260118438
0.413673962158204	0.848693314092977
0.103783777171893	0.148331781122104
0.169100522681776	0.257571346733896
0.626143350072288	1.32255898652154
-0.317108637028999	0.566004197899474
0.0585248188241843	0.0747268365014052
-0.675906047734685	1.27430030881151
0.433587601216782	0.820593109634641
0.117146805392481	0.157372047799905
0.21313431434679	0.317126360512442
0.655079485360806	0.989193355678068
-0.562571500949576	0.965056825998077
0.247388056279594	0.460988940069569
0.660710312540333	1.76049399818415
-0.244482221466619	0.407355133740894
0.34295704026298	0.652756006157287
0.280849201761669	0.413658177730822
0.475121064282162	0.630436765752587
0.785927572294694	1.05829526142545
-0.13471366026954	0.145380349858268
0.296711753761527	0.457115804854645
0.195436804296484	0.301403731407416
0.355284198562455	0.666872236427263
-0.0596782066618961	0.0770381083619489
0.010193017340298	0.0134564374112971
-0.0130321308787507	0.0175820347864672
0.423417587430321	0.819749821246565
0.164273701063423	0.248866717089342
0.48329085848069	0.645236497437316
-0.32590099255925	0.43975048490797
0.565175674614318	0.784338813497165
0.198799675650838	0.280761603648384
-0.148627295797176	0.153942474775853
0.509557276766049	0.829117201513253
-0.338580446976975	0.43796812391952
-0.0633120682430322	0.0693102302880482
0.111416512605637	0.0792904470996728
-0.687233596612214	0.489570638578855
2.68234147188233	1.66307087702457
0.375012807162715	0.153756313078902
0.477639822417592	0.344413942420049
0.368311252002734	0.227925128966204
0.202627723029276	0.134985476196975
1.36812760814742	1.35844655857995
0.10163857134028	0.0666385270632392
0.720363401649211	0.608751695936651
0.0655732490875951	0.0531982887726327
0.36836866549791	0.416244041561972
-0.300486069633857	0.385012804512802
0.705255849464587	1.49300204834741
-0.225501377985616	0.335309002417939
-0.246841052571957	0.39867805350244
-0.0864551535930338	0.109490930570984
0.326679421046455	0.547913870567566
0.539782693552023	1.13608132825959
0.279002490947993	0.466549529263283
0.84137456213008	1.81782847790936
0.573012778341092	1.45766407299164
0.36047136481512	0.481896257913316
0.143878336314758	0.183222509560824
0.16223436076965	0.185561748981273
-0.000494655136331612	0.000623859864688139
-0.0432076992081497	0.0556644032587597
-0.0114686489865282	0.014546734222009
0.283226446635785	0.525123703618441
-0.13600719310302	0.183975553433843
0.0182192366455029	0.0248287475338228
0.337123092524232	0.633036691154289
0.0284072111014331	0.0369617442148204
0.249411145525939	0.450682356876157
0.19148876278107	0.300054098345449
-0.119416650826705	0.169287804155284
0.16513738847104	0.243692980612292
0.6430655589149	1.54149469750851
0.93556274413548	2.20536141432373
0.366433974053457	0.641778105581008
0.158272572742652	0.226005750364537
0.394290071202876	0.791946818245541
0.201287347337348	0.182471225944328
0.512683129452696	0.960283870316984
0.308059935152464	0.530464578326734
-0.130713781674347	0.188823779960496
0.34726702164124	0.585567231714476
0.336522199644634	0.54052043825545
0.753041260857661	0.963654836890258
0.833636340204688	1.52539466629191
0.559527680601277	1.01808993285546
-0.219121628074511	0.322803596288462
-0.100520063157558	0.130371453017499
-0.11697839628637	0.162501108040575
-0.114872080988178	0.167509310537984
-0.266209474870463	0.429905402485311
-0.00663766579564748	0.0074652551112348
0.0701193873226039	0.0788320491483356
0.193662437621557	0.240206572015687
-0.00601246034060953	0.00581734520929573
0.284470694771675	0.383605194423701
-0.222743076248655	0.228253788674741
0.547077617309775	0.622634257172149
0.375146726093746	0.470583296011129
0.152107008556309	0.155673758690097
-0.588132184272209	0.544528697242787
-0.323374238196587	0.165833926221192
-0.480805753558774	0.19796759964233
0.460178156979547	0.338518741504952
0.0773207747676358	0.0351913421698918
-0.565150467790722	0.30910847530789
0.32335176422127	0.244653969652574
-0.0350686186146546	0.0205711530837721
0.202812748225617	0.160730691392433
0.478244808678321	0.57155530282646
-0.265410060018064	0.280782534929771
0.607928710757785	1.20194271910393
0.187002873536306	0.226273672173276
0.234818317926119	0.31910891003668
0.129173626245894	0.157272723465389
0.131223577962409	0.157288117953401
0.510709850842578	0.833217791559443
0.34008460560108	0.572629700432097
0.231418837148166	0.368408508206056
0.160800106303912	0.154644292096767
0.613481979305136	1.09746017065382
-0.086514617400298	0.0834164263163195
-0.0259461921761439	0.0267380245595466
-0.0390574965202071	0.0413457801776644
-0.285064934336527	0.475556518645042
-0.666004163164566	1.65590844614453
-0.0578652959349006	0.0665673376921547
0.135260220192946	0.171845537647593
0.0768125855089859	0.095429272583207
0.373973453529482	0.686151594187987
0.088597501332889	0.116206528847755
0.419912981438466	0.762065733212693
0.0128068552445284	0.0142249190082848
0.0418921495237635	0.0524698431500655
0.267052456367113	0.403857965008686
0.360376188044868	0.494320489973622
-0.0428965077201174	0.0494041352457112
-0.391069588906858	0.648182636375715
0.590023620511495	1.35579080443364
0.374082427422617	0.608254588063833
0.217428861623538	0.362258084605258
0.515348768054622	0.775670191663443
0.635217853228787	1.18009322283877
0.0890124529123458	0.0981663676860255
0.396044640319682	0.695437291211898
0.297705216950328	0.428926433286629
-0.0727012578665837	0.0800820452731069
0.198027841408375	0.226418829486634
-0.0112463171865597	0.0111585292985029
0.697336234739468	1.46343350534456
-0.0955862256602472	0.106630868158131
0.318734737814415	0.454893384273181
0.17885809803393	0.243675031172324
0.508444008065119	0.965652161459237
-0.370074481662489	0.573158539576228
-0.0415585910332061	0.0473011088089654
0.0307065246210265	0.0345782374304862
-0.0576231523312424	0.0682508091205238
0.0898788670919335	0.0875803011700921
0.440149452187505	0.646307528950525
0.334431879578594	0.431874116293628
0.0859105060535115	0.0777127315006906
0.307331575896222	0.343304635623646
-0.171101307396847	0.139548966927522
-0.289781320247324	0.25139813421535
-0.46427988547693	0.414619249774294
0.20076831263975	0.154808717113215
0.0758786351914571	0.0669718327752105
0.203392114372121	0.210068801586067
0.196357474388134	0.214817897976908
0.184982597864338	0.202550954850831
-0.56285618116782	0.71042678663458
-0.451362521361475	0.651636428268238
0.395678031108782	0.507895836573059
-0.210601229402158	0.235913938196594
-0.391789840186456	0.498141411872032
0.153062542444742	0.178284241673953
0.816881475658925	1.51088815611072
0.428244221081638	0.498596051251942
0.833133082715618	1.2766157623188
0.523030727447269	0.760970618714508
0.118006964058668	0.130678439640544
0.428609150152182	0.748014885067909
0.281108626115604	0.501567210993642
0.29700295619831	0.416449536312356
0.152896906653896	0.234245492252276
0.0502946942417514	0.0550963526817649
0.153695090872237	0.155460501942482
0.0570138119994728	0.0622978561092471
-0.0532067795693907	0.0435113507301723
-0.328628119914191	0.373874967781864
0.0149593604438184	0.0142368476575964
0.0137744503107652	0.0126028095462796
-0.134986891338202	0.160601163723487
-0.162830756671196	0.178024464894681
0.144068849908459	0.152687821351502
0.198130870602989	0.244918830177791
0.567156126016029	1.10431680409385
0.238887827185512	0.316302749703586
0.428600067345144	0.785803958745808
0.669689768979118	1.19372171732395
0.400803441199854	0.493133980559135
0.539820647692819	0.874228609525916
0.444989400654383	0.700249988647613
0.34564858789216	0.444883326373622
0.367439514361184	0.425922481628375
0.773172007153373	1.36320020681008
0.504443813604548	0.725484735709365
0.489813559579933	0.768148157602563
0.643112134073152	1.32734344452962
0.380081097479356	0.625404185824911
0.135753032205323	0.170904166075902
0.161341865541748	0.236913270020981
0.22204290278619	0.365989677857585
0.466903861296155	0.936522705780184
0.124402828900278	0.151360701794767
0.385678455223464	0.715620581700223
0.180431928071236	0.219878367407838
0.781403860492714	1.22080814547601
0.140810570004916	0.15015712975781
0.0759050201636235	0.0837533022650585
-0.289466075372606	0.427678592471629
0.200561983985315	0.229294837215543
0.168171562810143	0.195982596452275
-0.157212816318923	0.171359009877218
0.696538324996566	1.24861811877578
-0.583048952164634	0.544477514974767
-0.488335163787881	0.342301824268878
0.520933623965017	0.357836077169714
0.691890988114048	0.578852660333116
0.667825511477018	0.603129090170516
0.659162897618654	0.676855750688655
0.0373414718940651	0.0270149896485837
-1.04775812959574	1.61997980843306
-0.244488155668285	0.294600546295286
0.279601367761785	0.380234471641453
-0.404567083537774	0.700363992442918
-0.103871545074151	0.126760741642937
-0.290331334067763	0.444094644051133
-0.405592073386881	0.727117948309866
-0.130272044874166	0.166630197302539
0.124964309309346	0.158018581352772
0.215330931500722	0.290029918264527
0.0477394266024721	0.0516548351525793
0.0997646244082805	0.118686535493198
-0.0786782155696376	0.0871639450871852
0.187331278339468	0.261480365213501
0.308505348442925	0.485260987147497
0.383655707264218	0.576451060099462
-0.0681455192528757	0.0892398623830567
0.314348746513833	0.546674043598149
-0.0171541320547193	0.0228021093987165
0.184353944292933	0.258571220630943
0.0202010303503755	0.0247488253404263
0.0942970039904045	0.117264731322924
0.265114224770148	0.42895817266777
0.00399481018563622	0.00427814616802555
0.444858388073746	0.730697004497463
-0.0160859191337232	0.0193337931056881
0.211193192634653	0.303414380948809
-0.247334491261615	0.367973265894503
0.246601728157733	0.358172772842381
-0.269543901832297	0.435989812002215
0.247940458031815	0.403182979078976
0.249217044618484	0.380346587341979
0.399476250955198	0.698891431711597
0.35961377535614	0.683526082070128
0.64243982508491	1.33488722896594
0.252042883578317	0.414568201316644
0.0767470888707031	0.0896582737588367
0.723996003145272	1.59510315997396
0.232270354768631	0.373559053977091
0.744007815693444	1.64129727905962
0.320364678197656	0.527072365088422
0.256659300605839	0.353898238204625
0.326580395203444	0.498292375709316
0.490133488595171	0.765147139590537
0.130360624567608	0.171868322455886
0.512931463455381	1.00926999649449
0.345678909706376	0.567318164041881
0.192156397426408	0.256775303368407
0.0987637226302047	0.135306806792201
0.441884778291465	0.976043400009059
0.338821278110706	0.709610489950096
-0.262579233672191	0.462843289541136
0.190614277885778	0.293505615129027
0.130494496687013	0.134308737683024
0.292935371677731	0.335047802736389
0.546077381613083	0.76683558085505
-0.0663597186047274	0.0757480043738101
0.638845325444724	1.0630295729315
0.106803552408152	0.118447108040179
-0.140960737945284	0.159351851723288
-0.145418124338104	0.162033068573427
0.538576918879571	0.459058519893209
0.768171029689626	0.535987227916992
0.995396407660301	0.486604042331927
0.121437664232284	0.0952415539430013
-0.415197343471213	0.333036390105393
0.12745965509146	0.107801087034317
-0.398738077018446	0.480380466458023
-0.0202377875262248	0.0197973000366586
0.233362912930602	0.326017957825142
-0.753594322665749	1.45751538181012
0.0657968438050651	0.0796164633076308
0.202702237356844	0.290057856811306
0.217358597305869	0.325789805539138
0.824856518068234	2.07070174452985
0.0122932664571929	0.0139419951432086
0.0116585460001206	0.0146850432926156
-0.0498695811278579	0.0633687812172495
0.304571731070829	0.492749389320965
0.167539961652516	0.251946597043751
0.689917706733942	1.70328292315781
0.202257056225098	0.336937542433304
0.316052364904765	0.578347029180196
0.232677942780015	0.289790077937186
0.449968022857247	0.881199957986121
0.203002904932434	0.357466697895666
0.212026118410977	0.340051897573068
0.00741364902823655	0.00872156881894812
0.262452134333006	0.440625076612586
0.564654239367635	1.33669530537181
0.154061951561236	0.237857484792155
0.0696741038619706	0.0982722001395967
-0.209567351525811	0.33021086139971
-0.0959959826953691	0.126009564662314
0.659022233488166	1.74119659915156
0.325737197727179	0.574338182373879
0.0535200638726851	0.0619018432771522
0.0832720778158975	0.101829622731381
0.235772244675544	0.367154879575352
0.210361301726234	0.338313477247809
0.151128006743292	0.204643829343955
0.748737670011207	1.69502465665418
0.652011899539834	1.48387180082747
-0.153065595214448	0.215760680630612
0.324377813170822	0.636322591503584
0.412522601195162	0.870282977028919
0.40555192599272	0.840733324713789
0.197722411331702	0.318245713981113
0.578460233700006	1.6415308137884
0.123691837882421	0.187164820702201
0.1414431737836	0.214314096906823
0.243852977686243	0.433815245809341
0.0903081596163474	0.133650396434735
0.459018233997011	1.01907877161486
0.367357103260832	0.405353363194505
0.627904977906566	0.569739313239795
0.325464118558114	0.220486717320512
0.349387918728603	0.233157454941325
1.01187425137906	0.610425785383985
0.250521795460577	0.29098172708299
0.182602192638406	0.242866937021706
0.371011512541605	0.580561646352679
0.0194696010898108	0.0237115805575119
0.414933436121434	0.825436614538813
0.554729437648828	1.48090779023028
0.159520973549552	0.257238290872804
-0.0522443029852659	0.0750794993103438
0.21776601162683	0.35590461437596
1.06516021341165	1.06668302329349
0.236805687478468	0.311738794723154
0.322476074900618	0.55507586514259
0.497112376545106	0.688657963941085
-0.412371380751917	0.633678931292917
0.51244912211165	0.749758574617225
0.0734777717269503	0.097137158484127
0.274198151511346	0.3446733937468
-0.423772560703461	0.665803116629338
-0.463966923027717	0.697399432376359
0.206257608182834	0.215291906761715
0.876439329862068	1.13236832880025
0.0747720675272805	0.0291642152716215
1.13882778286917	1.0370465448829
0.0813621657958223	0.0456431146644761
0.220179505519591	0.139425536213747
0.116774456679501	0.0881613482079881
0.261704313568516	0.248669143411199
0.397749969929882	0.338544600024671
0.268904165425887	0.243957260032513
0.19068777733099	0.192857781315956
0.689170538323383	1.04955609936357
0.740100209494806	1.46771491824537
0.0523242664951811	0.0638459258121845
-0.210605849538692	0.303233816286808
0.336243776021347	0.583746098204701
0.127526151698547	0.158350082071489
-0.266345310060208	0.44278817751651
0.0801519444264205	0.109357777977697
0.0518130962214334	0.0606619370285215
0.0369849175922626	0.0418679303001211
0.259034835122769	0.355105336673482
-0.00756637912078259	0.00846662890549245
-0.000434287667117056	0.000512461402737539
-0.118513878230909	0.168197677427009
0.0601224155219505	0.0751528439524352
-0.333839589596265	0.524910206004196
0.214405827424398	0.348355326761596
0.0176091814919789	0.0219928337671607
0.288440670594187	0.364273717174076
0.261689592779453	0.363045629918278
-0.0439202595383455	0.0525766362862695
0.578160023545625	1.42257484404333
0.0538107787107821	0.0715632936681431
0.155321480734207	0.225404337260044
0.0438871416855564	0.0552730842271355
0.14615123987511	0.224232609289934
0.30728324327271	0.568480258125211
0.644500367571434	1.49179826988903
-0.356784445750377	0.575181094614948
0.207147602523899	0.327084790276084
0.215677753077722	0.337003549789664
0.0734007275146385	0.0948497267055852
-0.0399770145318621	0.0413507685857597
-0.597393509248414	1.31796585420017
0.221278434502835	0.312680113612078
0.0738706369963182	0.0932978005775267
0.363633284304453	0.574382305473738
0.0576652313046025	0.0747027586468645
0.311188595845397	0.455442216637115
0.260339612319439	0.476508702768288
0.400963224197732	0.76893169931785
-0.013363460634843	0.017284134889275
0.0550290309126744	0.0714939839388048
-0.0335247998467176	0.041612550620484
0.0692081279874159	0.0916919024843655
0.055278256022279	0.0722392995282576
0.0477300573142481	0.0615031721487646
0.416234209310602	0.665545383455423
0.716697105880862	1.09102032076078
0.701675325131094	0.792951972983821
0.480944103698467	0.576174109895682
0.286043663316242	0.502395271693613
0.738440087620443	1.85051963757753
1.14021086629628	2.46050004163114
0.108235315084124	0.155370158867947
0.36982305504723	0.64741160237403
0.071731177768497	0.100316820518651
-0.590671915411343	1.4122869034957
0.00815928104150119	0.0106886266910313
0.1782448038115	0.285647917163859
0.338848543864431	0.689651225531421
0.485012796782791	1.06098897348644
0.357424747834789	0.415896625537773
-0.68219234938843	0.712484632396817
0.105229172175111	0.147272268022028
0.142285593851594	0.220520513305849
0.184994188649175	0.271263066232002
0.205742612895101	0.309480110403257
-0.0513484249207928	0.0565137676993644
-0.0709062307420735	0.0982177991589073
-0.0464607441468864	0.0524086020970922
0.454408637664689	0.863100493952919
-0.130287141398491	0.164744948693529
-0.129244176818616	0.162447019980889
-0.91900815251264	1.10931096795659
0.0993324993263089	0.0660169953190884
0.0778921193532211	0.0269957279592139
0.488440883412797	0.350234514331312
1.2360924399121	1.31492746355034
-0.111189546854524	0.0834895818897719
0.394538908111593	0.344764730086036
0.190761942195326	0.179918175491492
0.0396443720765386	0.0400855249688541
0.801605697639583	1.70673624751816
-0.0634228364876945	0.06858521379997
0.0461975727967962	0.0555753698561639
0.251724313778785	0.354518839397904
0.131460669322925	0.160695097934686
0.00230006800452187	0.00258067075819061
-0.670467985122905	1.24043871921947
0.137350351404774	0.212423742160503
0.376510613909473	0.622031964946403
-0.704597536454037	1.43991758420962
-0.0425859419106447	0.052916270610388
0.299369510058504	0.468397164000263
-0.270657823935135	0.435189938482018
-0.523809183889214	1.04154547908425
0.241512185386971	0.370439852122655
0.0605066874984322	0.0764385299355631
0.505854147377409	1.00283317873288
0.176356402680725	0.294204397262219
-0.0416771434928319	0.0524756463767704
-0.031739518116639	0.0425780478846172
0.380333815724167	0.571176491868854
-0.113272034953659	0.162138533116758
-0.400278720371768	0.766018525767403
0.0979855482582257	0.133793833942492
0.215799922329636	0.318370147394695
0.0339383815298707	0.0384502126989328
-0.467813361563303	0.854715602784994
0.384620241788369	0.762446903056323
0.0636316671263713	0.0721889842698759
0.496410672085822	0.871235864348317
0.345385242294573	0.592680290493705
-0.156421140879497	0.210186627111024
0.116139412417492	0.163068504753119
0.281267388202521	0.435484945466549
-0.251113365883471	0.298318471064376
0.425717811986335	0.747264998470385
0.602779533682366	1.18231244535092
0.253859937823866	0.408535253746161
0.250759906131081	0.365825278638419
0.317630293572638	0.460028853395016
0.127541047478894	0.155603678992975
0.262251796204161	0.379576105193043
0.275074819101632	0.475115193955859
0.1410079291358	0.196532552367884
-0.0400257286776462	0.0491831519424194
0.176692553962364	0.253204286213807
0.260228617258665	0.441112509143966
-0.0577143652047512	0.0763656770944172
0.277915613685732	0.49305837791536
0.161791964221844	0.265755192422111
0.16326256543573	0.293247667696434
0.388246021211162	0.741146515775292
0.268320607810569	0.364941850352202
0.363184776717768	0.547972220303482
0.58049969505398	0.867082506894418
0.264222133549878	0.403769964227136
-0.041490271659084	0.0551232894758743
0.266093969698668	0.421188579010138
0.150295869142392	0.204449394053832
-0.00116763719373742	0.00128732033394572
0.198828010559881	0.193836605216659
0.153229299568223	0.170701305669748
0.138297426316265	0.122670402654835
0.203342291312217	0.205705717111192
-0.175352070433986	0.258903238772639
-0.298583546920274	0.526226182662512
-0.129937827160897	0.24734460558974
-0.275680799606359	0.543510097561808
-0.268230997842418	0.391847439999764
-0.0897394634114211	0.106352336543251
0.20331752858834	0.374501209102808
0.0800223042717464	0.102897263209868
0.0488278383673392	0.0707633296709836
0.0474251545771811	0.0665099116768494
-0.394768368221683	0.894209729611569
-0.183414853629309	0.281284770225655
-0.492003628459019	0.887655082491413
-0.356403180622919	0.55487377720374
-0.0634416139493503	0.0645185448819049
0.179331852299193	0.256813802742617
0.235586642654719	0.258426276332775
0.192550154144286	0.224693861674945
0.199164299170502	0.253040713385667
0.152517600331739	0.159679041550561
0.356542412133395	0.459990547233306
0.41206303331792	0.489397428694168
0.082965702656144	0.0771829442281233
-0.248124407970616	0.25290406596428
-0.0180140761253915	0.0155523919405378
-0.242188812536445	0.272817523738286
-0.451979241343941	0.591497298845849
-0.172404295205112	0.143489280577494
-0.278730120908155	0.499829313558877
-0.201371332377211	0.341938023313978
0.0643949366607171	0.0545606611452646
-0.156686783419219	0.132484538653747
-0.183656128886649	0.15407522612164
0.484489806845447	0.524217669428876
-0.313855750596354	0.314680351741421
-0.320905886483167	0.275209221196187
0.387270038690538	0.415462707264622
0.318304934707114	0.428339178669044
-0.203700437419993	0.184292571890734
-0.394275986854389	0.447374825427294
-0.308993056214542	0.364046508684512
0.355203286624198	0.398684434661749
-0.421581803506987	0.542582039497858
-0.14781404986198	0.139429896698068
-0.39275215357456	0.505246451324553
-1.13030490939986	1.73258068741053
0.446274496306558	0.561687179246469
-0.412871374312035	0.49348852433984
0.0449349812518813	0.0411890561474836
-0.519077781934397	0.895825065023561
0.0291668714228904	0.0333816248432949
0.0660786000581006	0.0530748300876624
0.693134886104084	1.23988715118006
-0.382211716520905	0.373005620923593
0.466011426003278	0.581870538416212
0.105524107902021	0.109809435817163
0.593657620949391	0.643489764043566
0.131267861726933	0.119003357911638
0.476920540768427	0.583913864786268
0.375940850720345	0.472541176510406
0.347415729501752	0.424912794913548
0.341768001695235	0.412950553850855
0.28431139928728	0.777931975751919
0.0672932056540784	0.111520866351957
0.142503607709093	0.255724588888017
0.265139054107416	0.411279772064179
0.428419383059699	0.581682342524006
0.0177273220845245	0.0135095278952023
0.676172022310614	0.849832544407198
0.0566481084258965	0.0754169564119475
-0.15739856425298	0.225230566554668
-0.168295061972087	0.215085858183348
-0.17539757258027	0.177270303969173
0.0409990421439108	0.0361009289857526
0.775662482920025	1.05081434766308
0.668333551747033	0.922137417453509
-0.560476962164726	0.724202536319912
-0.112500173291943	0.115762835208473
-0.623870267380565	1.27072546881488
-0.249222218026562	0.694207231826309
-0.25576449230048	0.609444047867844
-0.0957806391673946	0.119033429484651
-0.100661949028268	0.10540981960669
-0.313970944856921	0.647473469476945
0.128665298747136	0.144044422545151
0.0853633971087297	0.145278030614293
0.0265198568676054	0.0383801642433268
-0.0349385407875445	0.0475494456767339
0.100311416928495	0.131396789905307
0.242600077549699	0.276698246826588
0.0267533306213069	0.0243484661688936
0.0321214291440384	0.0322224009195718
0.00990057540789922	0.0146530392106802
0.118335201050494	0.148500423442936
0.276435188731684	0.410233630268119
0.138846966881478	0.164528267683374
0.554907451899427	0.936121987679207
0.307261693453066	0.335547625907535
-0.264535972903881	0.232880888350653
0.802178955909354	1.07781056027375
-0.373588332785587	0.335587643862495
-2.22031236856439	3.87767917406018
-0.166625969726968	0.139673895145164
0.38819517582227	0.341157728555463
-0.0203494111840525	0.0150427959063516
-0.493382353611885	1.08897718222282
0.0401151719231476	0.0577596654636925
-0.0588872412362635	0.0414467269192743
-1.9099756318714	2.10801299996364
0.12096523791856	0.0911586576384105
0.0419519625074151	0.0290124447488182
0.108098062823865	0.0713579702933401
1.06421310517806	1.11617883196026
0.350675964547804	0.320404812796983
0.22030170511649	0.369605007424896
0.00792814965673904	0.00632106576691399
-1.03005752406505	1.09585593568721
-0.787859481515745	0.850427354481023
1.33247012395702	1.51979271881867
-0.789069033650583	0.810850096761016
0.313189643469791	0.329795852721037
0.191213623067672	0.17524115276446
0.192012026876642	0.164627077172426
-0.799994907301402	0.875516070626301
-0.243987601855946	0.194468649920126
0.0204219405242147	0.0167912179915357
-0.408039727279854	0.430682658442159
-0.363810164399907	0.575900237320691
0.656025569470034	1.18834727778568
-0.00660787917642587	0.00577478301053914
0.642399017809337	0.754434054592334
0.534508121150935	0.612941568693195
-0.121949474112019	0.117574128452915
0.0485817415220502	0.0364086542646962
0.39766629189436	0.401574281803408
0.446715270730283	0.434740137585571
0.516799339511163	0.572192004373713
0.658751201885473	0.582240630422529
0.355918084844962	0.800054509846609
-0.00971789354431618	0.0112903514204806
0.134240120427001	0.211207250078243
0.00320513820747184	0.00323851615482911
0.248578963812859	0.263357292931736
0.544466137848278	0.823835923058581
0.586368454836024	0.696462725087024
0.0196752407233546	0.0168680023455484
0.777659571992309	0.972057695816142
0.156065771602884	0.170026009305149
0.245180495339011	0.369306375859825
0.514704899521477	1.07437200001301
-0.117082926810025	0.141827093140574
0.168691080733118	0.224531987156328
0.246825865460021	0.246050934796196
0.0418281927527911	0.0386169686061593
-0.36445036587073	0.413259643606101
0.037230843065315	0.0268660262013061
-0.0825578836530454	0.078994237962042
-0.0814234367371599	0.0851458610921837
-0.0180930677530882	0.0217569678404757
-0.110638733242617	0.203218779761523
0.205045077655407	0.430771843660091
-0.158911553574192	0.217692040415412
-0.33329613777844	0.408927265450226
0.0711667783419181	0.107282931269262
-0.165592874672065	0.209921595759733
-0.193394009173879	0.33818162959539
0.149128007074429	0.247983050804703
0.26842615273067	0.490667332053939
0.321260096436033	0.537744087825617
-0.496725697336095	0.811803825721021
0.0166630648738171	0.016277654822845
0.0639965349890034	0.0656295849770434
0.252022243587366	0.338658572722733
0.113199993198895	0.0855091958489481
0.388410374316204	0.409062097442555
0.454890253347169	0.438962074508165
-0.415982978889906	0.373529596228161
-0.236966719370343	0.189627619308614
0.054744818920787	0.0430831375242351
0.419554367350236	0.429624592983553
-0.442783470947037	0.825876390644058
-0.0941265792699362	0.130384708596274
0.39024930007773	0.407689446114824
-0.145427691243182	0.122641536973726
0.200862708562772	0.15771142191448
0.306496060756865	0.244777328115086
0.689527566627843	0.773081595188189
0.0185447855820332	0.0225482803463354
0.0197685298138425	0.0192438130305015
1.27457665053858	1.74597374770025
-0.217339810520758	0.19720090838395
0.817119087013685	1.08932369269879
0.317258283678525	0.322126919940598
0.117879711707198	0.0944525940917175
0.591378301705574	0.63824232889812
-0.566206320700922	0.586776250400957
-0.329075146650856	0.328046101523517
-0.637800044012734	0.843802051203702
0.00672375835076848	0.00499025575197138
0.0750329993310055	0.0617714446724051
0.117074796045971	0.125436970592445
-0.0668803845117906	0.0680885987433766
-0.218549626796838	0.192739712860131
0.151873334464606	0.15188685276672
-0.0565632031589984	0.0464753937501143
0.714108241912823	1.03657160820831
0.791221017163797	0.991458437269872
-0.231716261707145	0.225839292784869
0.275076966660564	0.241606040671096
0.721657763199604	0.79775952746178
0.771832444298155	0.894090861232174
0.461453879616775	0.553369939575138
0.315556071083101	0.320132900092713
0.0687984407094407	0.0915773641434861
0.134272579330807	0.198389651640903
0.467940717536858	0.867979593766028
0.405459173792399	0.691657642002905
0.473540910596318	0.822703894528159
0.582632903033716	0.908108934708805
0.185060286683157	0.201718864813195
-0.343516992354489	0.481413029519238
0.488923563515784	0.868333763662365
0.761177767644513	1.52826045868635
0.0439916947891072	0.0468075264730017
0.161148190946532	0.178597689941136
-0.0264804428824591	0.0261025129379706
0.749158735192834	1.37860732690569
0.32680692245944	0.453085450252047
1.09111722822168	2.23332047800694
-0.102526044078993	0.106468701108491
0.525111948342392	0.897493516699295
0.572700172630464	0.768882182333306
0.383738353971107	0.681074105824939
0.151008056272949	0.220531596530908
0.301093572617055	0.497965554259071
-0.114045173708174	0.141835248118586
0.272976665635001	0.404686393906036
0.374466731728176	0.667962584009066
0.260581194353147	0.445310958282169
0.148625105230844	0.222658714066795
0.158069807867128	0.22994935433296
0.046546480958752	0.0675002781430398
-0.0760915468702637	0.102117533773128
-0.051784798332861	0.059443080648093
0.021899668374468	0.0241427454211438
-0.197392247000962	0.256682172855307
0.320328013261164	0.330240434987242
0.177328486091247	0.165479822961595
0.506267655510087	0.505372012691971
0.192134056754426	0.178024657717338
0.503368061235988	0.663385631336812
0.134430459511039	0.119294126268123
0.196457534889059	0.186819657353182
0.0328852281998136	0.0275011236307166
1.05162491298033	1.5123996577349
-0.486709150569482	0.92109618695929
0.134033074502013	0.179035743010872
-0.506857851774959	0.657449658516131
0.135585002529174	0.127153151923166
0.511483012640334	0.456685122738847
0.628565865726963	0.807846791657388
0.548289499474951	1.24248333871493
0.331490531378912	0.413212501951521
-0.251329508955258	0.216815621091152
0.187657982441152	0.209155644708767
0.200626479845676	0.209126667503531
-0.0319527802582521	0.0297066706620244
0.476099123695647	0.587788114825162
0.487390125668897	0.605406853659424
-0.50845595889868	0.624383533813917
-0.540788214952917	0.733670742431718
0.759482004293706	1.05072329412745
-0.325362467717385	0.419321246818788
0.530014040241429	0.767072648833392
-0.0528886578906903	0.049551791416552
0.19131517145378	0.191157304124042
-0.37626235409781	0.369968798232275
-0.203628839298132	0.183040588911041
0.57068693029366	0.702297809128226
0.194020986993734	0.208228906922555
0.299297675894591	0.341949456197994
0.332347640813569	0.534499875392893
0.265498562963988	0.236857675437844
-0.0748997909592347	0.0595033855799237
1.00817011472607	1.40172342302738
1.07679410756657	1.88709999697429
0.00764777426106403	0.00592246828422295
0.50287254196975	0.672071790957219
0.243929033352836	0.445278603558139
0.170823726808171	0.285336428413401
0.40664671027984	0.642866823640558
0.265066671109792	0.447594761539151
0.508711539319941	0.829786187487003
-0.16087982264649	0.147912234416662
0.203271546447213	0.240145396849638
0.299330881526151	0.351452539820329
0.332200308140309	0.721665475372515
0.70162720824665	0.854122238972867
0.659188547177	0.809830661534743
0.19623312948213	0.185163190507671
0.410129695720787	0.484398810680636
0.935742453959741	1.61085730853299
0.219041595537764	0.2711233937954
0.569233011037468	1.17883707281717
-0.084393771241829	0.0915659443934573
-0.371451406631951	0.495471373502036
0.203057232766565	0.174045447326241
0.295903355550993	0.330226139310958
0.88164347684225	1.31447913173615
-0.361411586950422	0.334862276371232
0.185079424265582	0.177587756231102
0.191631473124482	0.217128409198337
-0.310403201642095	0.462918204759981
-0.258656330539966	0.601984155242226
0.3001074017924	0.655005768792502
-0.0923854758323758	0.108331769015206
-0.312752033378558	0.382420772202928
-0.261511723215422	0.464220492598093
0.159641660592398	0.190168568286034
0.16651706704867	0.272779378463957
0.112370905148688	0.163906908356153
0.229706785179369	0.339554070736309
0.105000579855747	0.112592740057607
0.207565490694595	0.22399110641601
0.430767411348968	0.513362003303415
0.550096522726446	0.546184784526459
0.379978145510154	0.391107341199779
1.1541168690507	1.94757990707013
0.508199913846855	0.525520650857068
0.739710008469816	0.8835836099796
0.202420419538805	0.184186991711713
0.336357191506059	0.33819519928709
0.681918910010579	0.757386899117246
-0.119746433760369	0.0788918830292534
0.212618720535559	0.163313983436235
0.204662741035706	0.271010574950434
-0.437469786681291	0.867625264963537
0.531279170959628	0.534508249998915
0.713911875097313	0.758669684966922
0.590927677808078	0.717931885596336
0.406855565119279	0.332639060193265
0.458417254959545	0.440899974074398
0.412007151428715	0.416877652598322
0.206407422199611	0.149174583773523
0.0345353539637829	0.0254986896737135
-0.382010017935029	0.372345628273025
0.271489832444318	0.257425943936234
-0.794539110287133	0.992668831929163
-0.373980394458653	0.381017866084758
0.469135882627128	0.437361399893897
0.201543187837708	0.172518330893625
-0.218974217071391	0.212434267283522
-0.0227560150223041	0.021612051790008
-0.00722748818583175	0.00774716620563619
0.0474101584999413	0.0353575273221859
0.0390078127653354	0.0269301373150465
0.340799155246761	0.395603662014258
0.332703076133474	0.335755949636844
-0.283611048458122	0.24444607288283
0.321401966910166	0.325998330176916
0.224180345424922	0.308566163924507
0.306134300993732	0.22663071786937
-0.148918529437353	0.124776409030415
0.722107825733796	0.706407871405693
1.0918821311664	1.42538173460178
0.197111710139928	0.164803081580596
0.2169444915692	0.374869632940147
0.283498969945296	0.487089175418887
0.994427673149662	1.42593289858767
0.50019233614323	1.04295654263701
0.270644650767975	0.269847863840208
0.419784266357335	0.338940264814296
0.799483484478968	0.909095751818531
0.596471739146737	0.798269782958932
0.632418287444306	1.77104108847212
0.601548640982033	0.638091963974564
1.61711425967111	1.92958925822197
0.755151321888572	0.639287049996698
0.2296892381061	0.140056385048086
0.10596023035544	0.0748555078703346
-0.244238125473226	0.273691556299042
-0.0413335075904148	0.0383275037380642
-0.320569032384558	0.531330838646601
0.551624219247766	0.905124574282808
0.751371502566955	1.09895408083456
0.302675587483534	0.240813303717541
0.293184560783715	0.234402789408882
1.24017983545174	1.27539218335945
1.78865156709031	1.76107116668091
0.475127851220228	0.517531657218935
-0.0551775656628889	0.0995511037343416
-0.0808618374079845	0.1410929427724
0.547358814254955	0.678761651413522
1.46505493572478	1.96809871569127
0.354560659658173	0.618198838083149
0.918394901535274	1.68848273740546
0.596141223324106	1.33748059508201
0.248989783777195	0.380432964415638
0.347209462968062	0.550902919035396
0.257087145201995	0.263329942514468
0.57113951393715	0.677712031872599
0.868142735504024	0.776399673157118
1.14634002895272	1.26574827700677
0.560904261881811	0.365607554833965
1.16673322358012	1.59916289754539
-0.723133657472308	0.433788911880698
1.27446802183991	1.08237692410697
0.902484131176858	0.697084380876392
-0.485095871833237	0.329881515207604
0.322465611952842	0.430373210414896
-0.581861100639235	1.12206466891734
0.217465296092049	0.156122627941401
-0.135039953126129	0.0624384488574724
0.621159231872676	0.392933041527872
0.662319624721473	0.583294086651977
0.520870873787194	0.458126456202515
0.295574329950962	0.360525598463108
0.320168183122574	0.225194232202887
0.713280492612985	0.409627575551593
0.49840247572482	0.449310280849156
0.0758075050129705	0.0417370550758295
-0.385383893547782	0.288522936192237
-0.640683261818725	0.421949422317791
0.207331894765764	0.142890073046642
0.702406145031564	0.602290988108435
0.474747235367779	0.342856634935724
1.25271218374813	1.20446510586329
1.09057075890512	1.41197565659088
0.525243805284581	0.456755638816811
0.3576147532984	0.237448564927317
-0.00314763144185068	0.00192038500534813
0.314330410858432	0.236273206893814
-0.100523088857841	0.0683720996411117
0.081280800949105	0.0487712138279016
0.498035440129184	0.456124384238882
0.398972803463896	0.627294958005041
-0.0603103460844291	0.0563765296530265
0.565856098413147	0.458042437919543
0.0670207648383525	0.0336541355689567
0.460477482275014	0.259825757166927
0.863833772469519	0.773439865991873
1.33456373503305	1.52204661805689
1.14086018736572	0.879956085589654
1.02119341769356	0.821789198280089
0.48011834093617	0.347994167183271
0.552970066956537	0.362525048226031
1.69325434350814	1.29430813724099
1.17723255789259	0.785449812206388
0.277165766282199	0.364768845564906
0.522925825067741	0.631751744659017
0.541307861489211	0.538657598821398
0.531354952732331	0.696168004884257
0.595304743672627	0.645139658613663
0.5069632761819	0.447034022121053
0.555239188856368	0.453710212104397
0.596515832711761	0.570790222691976
0.593821405769734	0.707932337602213
0.346690315337401	0.403174248510672
-0.365811890819809	0.482025358967807
-0.275495654464014	0.470516569454542
-0.515773388157107	0.867129792440379
0.489515577060737	0.563656200488481
-0.0455571355971772	0.033327079421644
0.595507928249142	0.635384628418941
0.357861049196183	0.481416848580274
-0.479520531403425	1.49802832031907
0.0407645662354769	0.0663465311993091
1.03269863419658	1.65574348495577
0.339138692469687	0.395181493950604
0.44415325526647	0.348176292425013
0.802348198518006	0.91561554789714
0.207278824762101	0.126992070225807
0.414787937422719	0.588059978604513
0.501820251974547	1.13699816077489
1.14082492509939	1.03944539614239
1.16322207814856	1.24571121756608
0.599904563225766	0.480807373356843
0.0903043192084855	0.0566642731993774
1.02360030357303	0.853413433901605
0.346814360710875	0.333187962980746
0.193156857006262	0.159850287227481
0.417879502177832	0.345703563285932
0.228457483189503	0.129772785310918
-0.0780758083124476	0.0432277599112398
0.902374829200638	0.889131257439503
0.0871237845619629	0.0543266169536741
-0.767883271685631	0.532820903261153
0.760875899731765	0.824120422694882
0.323222685881727	0.235886805478169
0.430639529186608	0.419777017151944
0.205190074331746	0.15508940530317
0.2129098727754	0.178433830920414
0.642417767730784	0.651051571455076
0.384149976836043	0.238506038966643
-0.24887569221871	0.199559904547693
-0.464078795367518	0.371280095675532
0.108268630759812	0.0710432149840574
0.0449002355866917	0.052229857450062
0.712169075056372	1.31736887067956
0.201284906142965	0.135525468988489
0.518851360425977	0.36120771485141
0.312837920445737	0.239714447977587
0.224772925335442	0.15897341159658
1.160923479884	1.28201631111073
0.566141387212077	0.530390518607446
-0.0424936161259056	0.0236371035141319
0.34135034504529	0.233824683519318
0.369675619282861	0.772006069717845
0.278780971274674	0.401129730855398
-0.0889567764680165	0.101333199955101
0.0841615627799882	0.0908137389543704
-0.429645581590089	0.633020288309142
0.23402349378813	0.308640579997634
-0.127042230700662	0.148799759411675
0.226016014527086	0.36368631851455
0.506102050571947	0.99402173963103
-0.062325997371601	0.0803097251342302
0.147217891846674	0.156208684561722
0.139450229164247	0.152119205984959
0.259334509966465	0.337072641951419
0.240078423151191	0.307092830689818
0.0759965853033885	0.100160132040905
0.0163354042851979	0.0167827123964984
0.509021843389189	0.689702101864042
0.235954618398238	0.273295027266699
0.237701922276222	0.291711169367574
0.562773510996774	0.774735911864456
0.225959942788552	0.276171767276549
-0.208105912239969	0.228222060546249
0.685011120868512	0.998556664416596
-0.556583274643039	0.931786671456609
-0.0424235420266955	0.042609593785411
0.137333913353127	0.146375381380256
0.365612416641383	0.490052559955088
0.413431425345541	0.555046713175961
0.0861215090872328	0.0888609072205147
0.551836506044282	0.830653138156864
0.151606573870343	0.189502258600331
-0.113065791410296	0.126443906916534
-0.0914166623835365	0.0979875884756878
0.437665798981785	1.14353665705161
1.82057144808747	4.70946018419981
0.377699591457365	0.553471099121673
0.68566996003842	0.929180442356448
0.28845015464535	0.406655927130178
0.0798635372998041	0.0849977118953055
0.32991176642564	0.489399868774122
0.202304888036641	0.261842550059338
0.276261659099806	0.445917513507446
0.121412748061175	0.148006691854401
0.279481416074757	0.245702472080473
0.287731558356079	0.439201139787332
0.178524052711009	0.244627387413183
0.477581106564861	0.737992216990522
0.287701633069784	0.359517791260189
0.305006353550087	0.353411014963457
0.137604032789915	0.146277587498431
0.333828797798812	0.398866275327819
0.257582095812195	0.34048170107509
0.0753160128075698	0.08117207761782
0.341066337447813	0.336876151268181
0.213159242551746	0.245594069866106
0.195046972289964	0.205912687848048
0.397875786112084	0.562164207439409
0.309719862006668	0.337345328286385
0.252880319126646	0.290008412914849
0.0111512110306869	0.0101464389802973
0.244180141386759	0.275537804406247
0.594344504553273	0.949565952176217
0.608281212532837	0.881502041059323
0.0376005417676712	0.0454415053188722
-0.228207107533165	0.332418973121247
-0.167835434275134	0.247529088427326
0.0818644453019267	0.101169678264442
-0.126155459068086	0.153478626142976
-0.0695548168729568	0.0970394692564495
0.177220670936586	0.263916417196598
0.332139632291491	0.56063465215296
0.23311466658403	0.388489049877506
0.143607369380552	0.176515142509839
-0.0707831109232619	0.094330216362313
-0.0856966589853317	0.123557548681134
-0.024526220342163	0.0326292550893364
0.740231292701723	1.41459721520267
0.819371662020054	1.40347048293497
0.157698046773646	0.205079125693304
0.150082605832312	0.170122621626846
0.545716578534009	0.783969205157355
-0.0646044609643178	0.0650611532373298
-0.75190266834071	1.23920234124923
0.714189051682502	1.46998464048476
0.282098321554746	0.379406275948812
0.185632636069831	0.235175367210088
0.565401256268069	0.960202813843154
0.502582911646116	0.812648656387228
0.0845351957452185	0.100707940170106
0.135253873159575	0.158689763875167
-0.138910417663628	0.165276295352935
0.370151775667347	0.470477947365842
0.108732978883736	0.164053531821118
0.266970001551096	0.394393426587338
0.205167298645188	0.297798655543921
-0.271547015635821	0.317830403637201
-0.477888791451817	0.780254054429924
0.212705710453751	0.350805029422585
0.0219878357502228	0.0290987094951189
0.465896719624724	1.11118727759346
0.196618091243689	0.330217635009315
0.336114448914637	0.558646199068838
0.368895266221681	0.739907751325214
0.111186698533276	0.135206822311016
0.143250451804353	0.201208581460548
0.258932547929997	0.341340791876613
0.4051461903142	0.589901221096513
-0.710767424673281	1.15902143909359
0.475466481319023	0.829109763040164
0.081825648510942	0.0981701105624579
0.0398220062040901	0.0443270337938595
0.439047517174184	0.767018792038623
-0.0416312912949213	0.0503857187286246
0.550262381072644	1.23091939535961
0.41035520083732	0.751580500745392
0.068100317233441	0.0866199219383527
0.0344837346111718	0.0411295856366247
0.492886263897835	1.01207891098329
0.199103220900258	0.314825557016279
0.234134974086763	0.417413579535386
0.0994866540012651	0.130431253512375
0.186620221161568	0.266161501685978
0.322858176227158	0.613221647728718
0.616561988001297	1.24548419861928
0.584628848269855	1.27046218410231
-0.0472286667320667	0.0594883371316799
-0.0411396197439528	0.0461620756814167
0.284713884803844	0.434442864358516
0.0307069984805575	0.0387981391164678
0.0245350065942161	0.0245758952974583
0.569472949434283	0.898671075732875
0.575011561384186	0.711341160191147
-0.0764850953704804	0.0838969893170259
0.181730873313069	0.267664501226982
0.427188513771601	0.912102364247888
0.30266596477842	0.33564171660966
0.889909752969331	2.10028090923028
0.393180275135433	0.472498824392873
0.194835612906246	0.221537701845045
0.830303432814457	1.18357804136505
0.539323982584998	0.682340269222069
0.408347722482295	0.498260412556069
-0.577670705536876	0.947458401011689
0.469980596248216	0.804143919888949
0.312656883545556	0.501554312019714
-0.14691635539804	0.19661980771622
0.124378248481805	0.150752881509629
0.34221692475512	0.598082764268554
0.104062530373686	0.141463559493512
-0.184300530603368	0.273472895119909
0.179022252607698	0.232435146114924
0.469494567804344	0.890142862102411
0.180020633506177	0.301746280381893
0.175808248762403	0.245200396336004
0.323280098141556	0.525581652029356
0.530781911104552	1.1610627533674
0.301485895651516	0.507232884496705
0.149148972661388	0.205670439338714
-0.081852714142272	0.0655563293700749
0.346257809162943	0.415520896621414
0.660683720061435	1.25750071220935
0.068150210207952	0.0942433060961969
-0.0443645681160543	0.0504538927257865
0.732621687828172	1.52032003662283
0.680645982429461	0.965346835723698
1.03271254899841	2.03236312061478
0.312587127228969	0.491542392721019
0.0409180691163694	0.0429995721655708
0.191697026950094	0.198046024350463
0.445159571158789	0.724021882663162
0.177175418120386	0.1752920355635
0.697106976706009	1.2988659538457
0.312130405721635	0.135916655106528
0.593828062881742	0.553371048115491
-0.228682396466524	0.203045680871428
0.0740315587703789	0.0642661032745678
0.328120231615422	0.421337190125656
-0.0164196149172027	0.0185555390718174
0.413499527134045	0.751643576914135
-0.230731126340285	0.329260423593552
0.146970689707957	0.197573123927616
0.142813739471932	0.19280586308494
0.306644177584523	0.496427889623172
-0.00619455523840916	0.00782451856352598
-0.351150550852318	0.584268804965419
-0.166478699208867	0.232018974419453
0.198608670758142	0.316084468949102
0.275472224624141	0.448343876676507
0.000220850979786365	0.000403040464873348
0.374463648603974	0.593835599658121
0.3397469839977	0.515842813709531
0.499822870258037	0.80652783288874
0.330033866991871	0.60725533564765
-0.199568691069373	0.325942519700017
0.170381185227336	0.253168810874882
0.346900345517628	0.611712366540884
0.42095148674641	0.647148605611515
0.146166290480412	0.197159663295045
0.086779814844893	0.114554576445199
0.164694628944494	0.244955652225467
0.165927759239147	0.234517300548004
0.131262211950866	0.18628367743735
0.442395060768798	0.579653156544278
0.0941533384910378	0.112322734525958
0.616797532692128	1.22572931234879
0.446760995022846	0.499517933601022
0.661754565154285	1.53893699947125
0.547920990252599	1.35712804021628
0.750731913485194	1.52830100038158
0.400517441851782	0.498813063558863
0.128224475357453	0.155952228911256
-0.250322307947358	0.279608015011652
0.195740083929885	0.227187433605033
0.73662006659007	1.07403911713358
0.777122311104064	0.535080405158967
0.371508068950956	0.150210934105473
0.622632314620918	0.300299395723471
1.01356418913638	0.738561053414799
2.0474352275384	1.39576410068283
1.20348464795037	0.650436516263738
0.595657020610672	0.464477442947014
0.114093900826859	0.0908273474998996
-0.492882394839579	0.601762100863748
0.158835296374384	0.170133734980563
0.572621759260863	0.947517655640236
0.623246306070831	1.08456126988989
0.310696948345814	0.530426220681214
0.331069439648477	0.532040439426902
-0.0657748966602959	0.073715641151222
0.290203518078341	0.474843154156157
0.106170826235592	0.119837711155146
0.645106811676137	1.44033320617783
0.467868859337805	0.66683972492495
0.0624550619956428	0.0760947128925931
-0.0243798933296596	0.0290109203604272
0.158582958559214	0.225213531762953
0.131814915059408	0.179260299474086
0.653909713553874	1.62245059763989
0.127325260324336	0.182631939992045
0.422491364546619	0.821807802111263
0.10709902065499	0.141926411459167
0.203361383439705	0.189429633015918
0.493286938981998	0.517393880542632
-0.374676871568314	0.604894236566924
0.346004001792135	0.494306142435266
0.433109393888292	0.58402835883963
0.371108991868731	0.622354179824135
0.209511669006192	0.319874151909455
0.182689602669692	0.265027629187419
0.231528581403095	0.328720593726882
-0.315381691329722	0.518643982822171
0.418427715372386	0.778492067920306
0.871837761431788	2.32872576103192
0.554536766526429	1.02595605520338
0.227183681190415	0.31390552831201
0.195527614028398	0.304285944445197
0.0592377582922157	0.06993547761426
0.393768196715406	0.695658304620521
0.253768278179305	0.437031215279932
0.368361520239176	0.324970871341315
0.150479114264537	0.173496086466339
0.169106582396563	0.243511738852222
0.509774870288152	1.0133579094345
0.362687648987687	0.72193621948671
0.29735440710289	0.545722960745655
0.216938859437504	0.440473214239465
0.229002646932327	0.413194706493171
0.431933852722223	0.761763694279347
0.405584545197595	0.652077985094134
0.467948739578021	0.831166062340398
0.700582218530946	1.78155528116257
0.439751547123633	1.0779081943776
0.0894435628585833	0.144266780643207
0.351915838926646	0.776136969769433
0.499292924077759	0.890868994730345
0.662238807224843	0.964288513147945
0.96679247284127	2.10187693793647
0.322318939809053	0.423943588275515
0.381956476412612	0.507248459985102
0.0923423010750488	0.0584779110017136
-0.431004897014991	0.265844005690014
0.0715717101000327	0.0328557184307928
1.54497570266199	1.07207891313002
1.1499134460302	1.14385356538856
0.037580370112921	0.02510566048823
-0.275127255889398	0.300942937661182
0.184601135841737	0.22909122872995
-0.0447096409626738	0.0481505246104351
-0.0313910689648049	0.0358810366503437
-0.348515798296414	0.511539829345296
0.555780599340105	1.12497800560049
0.825476453981439	2.01772646655717
-0.0493436194824128	0.0621755709552351
0.478149871671489	0.963296952310497
0.00169024567763272	0.00202067626842428
0.242626195750101	0.343334889011919
0.272451858489291	0.482788149659378
0.148748966159002	0.214850270680239
0.698305395436552	1.75173514341575
-0.0489473102681511	0.0604107109560328
-0.0197107860705428	0.0251095279661882
0.925504636844	2.50373521983166
0.157262855553457	0.217931729914109
-0.000003843938658094	0.0000656738067903419
-0.44305467934233	0.558361767973386
0.0437898307766511	0.0496590261408326
0.0794579607563796	0.0901915982790517
0.526124974366767	0.876415028329831
0.297932514275113	0.534899666691655
0.551079588863164	1.22491437253488
0.267839101805358	0.460223705017737
0.305358792203041	0.442766768113942
0.215684571608341	0.313717338082311
-0.212919548851019	0.311123570646745
0.0176476132327394	0.0214404413917647
0.509013073677017	1.07318140016526
-0.390800627425893	0.72569995073812
-0.173431201574617	0.221344278535623
0.881806346580604	2.07008477897697
0.588321922461576	1.30745625699746
0.0459458388987922	0.0575641686961042
0.327494269705796	0.550713307357119
-0.104780716148122	0.100787088800191
0.387634243635077	0.620626731028519
0.333735990709558	0.599814908003995
0.263801996711438	0.469719202299244
0.604212884975634	1.57391523923444
0.836690746610765	1.72388365460953
0.147875287884646	0.256712032078807
0.144199922880023	0.248666421648625
0.265140497816545	0.395719977909821
0.356087294462006	0.695631640320755
0.198409533281064	0.327250213142721
0.285197019223484	0.536994138094799
0.158328415223691	0.289118036961851
0.341213853060486	0.417633479780838
0.35734870134222	0.476268588213236
0.927891141049497	1.76185836561025
0.903389807631785	0.886560965255448
0.466687218169982	0.259796568402092
-0.477112539800615	0.202153245751561
0.688525318723654	0.495680763193639
0.421039897492875	0.347706195208596
0.705509315826677	0.60925541722877
1.13999217062419	1.00279900612962
1.76758769495953	2.48761256361187
0.646691558690651	0.830643550568802
0.333734603654492	0.417239646089829
0.354289616962732	0.483500263832957
0.657719304864097	1.32707268947913
0.0868668180643677	0.103779756045007
-0.118902282075584	0.148189614649832
0.189713644047372	0.280657144262755
0.366714896073036	0.570427387007904
0.0488938866975331	0.0617978166235892
0.331022232239711	0.557107285134048
1.50103530126447	3.29505777193503
-0.0821636542231371	0.0974674430316043
0.326024811238302	0.619295847262097
-0.583706204484968	1.15963823970374
0.255219020931838	0.380397394784115
0.0401718755527562	0.044781828132121
0.42765795227036	0.856800121472786
0.131115061092024	0.195717142319615
-0.0950518698821527	0.119656954095372
0.143412810049483	0.14698299155525
1.11116320517931	1.85328507469705
0.0436403617629063	0.0464663764503584
0.390854402032877	0.571048715550134
-0.0686525626437459	0.0741341332551503
0.0185983393835786	0.0220846983723118
0.272413661327076	0.405859471422508
0.0401641505521245	0.0494039811077678
0.13806134214982	0.184717732181485
0.193669957701794	0.235602181696786
0.333394139535719	0.497185196522794
-0.0282653692329302	0.0324013975078408
0.372364094660137	0.70181366632612
0.566554474460888	1.24248169488046
0.292017920239011	0.431660097993494
0.658942973229331	1.19766529131185
0.563028945764811	1.16663656154091
0.0179155090245095	0.0195067680769394
-0.304815386972412	0.489913052005903
0.484547257826066	0.961128987585633
0.868621321966272	1.49446015798187
0.0406782920299689	0.0412385712890046
0.429871179049052	0.741646551541549
0.12538435338782	0.179691442920478
0.200423159371493	0.27438312893877
0.216918836826314	0.319032142538965
0.461329521056314	1.04026083155468
0.314349921821353	0.41322154528099
0.480089364479328	1.10378704944374
0.382505381086187	0.811182085456187
-0.218099120952143	0.397677927882941
0.351735560520657	0.72290830580954
0.600660051014473	1.56099867046915
0.282326815905968	0.337914037058959
0.417137511395535	0.715120444017285
-0.172789018750955	0.271160613807673
0.326979138930926	0.66345202779388
-0.430901921496962	0.866862923431672
0.562020012663792	1.29722105353663
0.277587239307057	0.440489851005625
0.231272553913605	0.326492705947058
1.00738765353153	1.77525467343871
0.244214774830118	0.2732879485243
0.0157968451803415	0.0163465585641204
0.166558508553259	0.177238138108991
0.611153013100566	0.281357051168524
0.868298683208904	0.560019621995918
0.284577224407148	0.13542613199008
-0.765462740414165	0.519537445104242
0.218814377284691	0.116825263292678
0.335939741727516	0.235691613528372
0.646345823912125	0.663672952564169
0.0241609207354379	0.016573640389912
0.66946390718665	1.0009648039503
0.186595107865976	0.225821442205906
-0.54932961087144	0.811500519861426
0.219193411900005	0.304639620727896
-0.0671547278273097	0.0746976734254588
0.29948090251163	0.451537747426699
0.181019230328186	0.259522867883944
0.0832881757735069	0.10091629605283
0.580927923084013	0.793434643802107
0.409332255978128	0.709630704269145
0.690414516282494	1.65725361459054
0.601422796601277	1.2794497869568
0.209307479938591	0.293528969585791
-0.0953626208013491	0.103800800550482
0.533920336477018	0.946665125881639
-0.360661271180339	0.571822119025659
0.247754556473088	0.364471656778454
0.234825439861743	0.252280772692099
0.0958636872939193	0.0658114860329531
0.298621047756894	0.44302818287538
0.086102015079572	0.0791458909640276
-0.0542171158752857	0.0500372615540598
0.101031992062078	0.126543885941349
0.393424367918567	0.573954037997368
-0.0575751398253613	0.0652324440540707
-0.236123937531324	0.294546992469696
0.39807714144853	0.635813516594762
0.669923917971673	1.50830306919206
0.111175447081023	0.148542174448423
0.243486850651924	0.326945370658617
0.129612747798335	0.169216586179762
0.395507718295077	0.560322563866479
0.220411950984105	0.289807465009022
-0.0995270907539708	0.113377803616929
-0.0889115311359694	0.110539060495256
0.0553260106831127	0.0642642096363633
0.717920552700407	1.27515540414746
0.449399243117803	0.567945730549746
0.346448938797567	0.594261993046689
0.171493161701499	0.306742808275205
0.00535438725078143	0.00526646886213541
0.151876116491299	0.267307256367874
0.181215391588043	0.343318811822933
0.329788486896822	0.802024319114855
0.0834348477338824	0.149299612210503
0.466798789566338	1.30589752109887
0.450566973570966	0.653523284872298
0.239924585253325	0.33757074108635
0.0392850628372277	0.0502749701644612
0.462074003976427	0.976422872274054
0.313513758843157	0.627285719871888
0.0994209199566675	0.159572469062684
0.0635705966558949	0.098810644661607
0.49801890602756	1.18264467724084
0.233006047693039	0.433124202014464
0.153125327312465	0.216234907767167
0.283219882570746	0.243893214934648
0.0568412898542399	0.0558245302758857
0.319918506654314	0.485630712202757
0.513071493175461	0.747471101540721
0.174742978353812	0.22914527958766
0.532436138358508	0.279686685505066
0.314368628997192	0.238889575770469
0.209536676770397	0.1508342154314
0.412008311747214	0.327048843015659
-0.324607417319964	0.211713185823395
-0.207043261472424	0.168429522110176
-0.312595773705353	0.339874453919286
0.300278995689607	0.38247438871851
0.425785266746087	0.681939552737403
0.0174387228383825	0.0196098292261419
-0.316217947243527	0.50028564772663
0.100421359679524	0.130095048309007
0.590196539150267	1.09128801287711
0.00182575676860028	0.00208577759968227
-0.0467342928289558	0.0570861068425913
-0.0387174446489579	0.0468451136463281
0.392513190024845	0.562724963903502
-0.485535377954336	0.6443982902959
-0.197750875435704	0.269047874338835
-0.0884540045163133	0.11458250024523
0.567104089944295	1.23708194377673
-0.0480433891834645	0.0569608232513903
0.278694209067512	0.407056688956022
0.342462016487884	0.63651479865263
0.371120505095421	0.659664570672396
0.144494610630371	0.170199984905221
0.818884351418281	1.5237546751366
0.0808900854967677	0.0743363503229703
0.191928110609536	0.211534877193767
0.5277880111128	0.8472613617339
0.398984930483937	0.628949968848137
-0.0942229112645098	0.116173595599226
-0.0605931998139659	0.0727601997417375
0.375120625952084	0.722433363939618
0.710828993853595	1.63087482215163
0.0972655987173659	0.120574153966898
0.322793017008147	0.510431284060108
-0.0898195157293731	0.0944029293052777
0.496205260876195	0.853474906681791
0.363765972683141	0.602581513746987
0.223238983142373	0.334144587911601
0.148483265439107	0.195946904616476
0.20119044885478	0.311736443279047
-0.0803465387972113	0.0952567326615979
0.339449086366843	0.541733266472599
0.139763024207988	0.205157931090827
0.477963505489693	0.995431979124053
0.309702426294635	0.48476418601605
0.597127846058862	1.01987127321039
0.517874759045459	0.756602857696342
0.181751598672879	0.341825170522481
0.471627392968854	1.34774962793981
0.305925849850554	0.759192346678973
0.60274660650375	1.99446674199662
0.282839764714315	0.579304767066758
0.205089993360384	0.376021738893837
0.644045271989098	1.32111411807157
0.70115549183544	1.37862303523449
-0.0761622837482023	0.0914782349377435
0.0115849949671639	0.013762586603034
0.319707369674665	0.602688061062366
-0.323224714092366	0.650630462898411
0.226241205593004	0.443670267735843
-0.395207339286768	0.851057748128924
-0.0772190525035606	0.116406354324
0.333951443441911	0.632059125850212
-0.124506765357461	0.153758429456601
0.463113597046128	0.430999625101919
0.482061168627507	0.355480899701475
0.395214662213722	0.492725426256997
0.702378686238753	1.15510971804942
-0.182418901867259	0.178114075858109
0.409663864884078	0.675061772558842
1.15685506807826	0.88619995288222
0.861720535282354	0.773719469945327
0.401845141088001	0.231016884747476
0.126088438127402	0.0879135670565522
0.188972142362442	0.161766035608705
1.1577572325229	1.21972776069547
0.812890731610882	0.925175001202247
-0.277765705966318	0.286196287414282
0.728324494143117	1.49762075293104
0.475463599708343	0.848035012653908
-0.361943281005048	0.560399928819375
0.541002993452483	1.01883270601509
0.951114837005168	2.14254325596586
0.162856916925292	0.218192772193831
0.374656109824301	0.665444566150017
0.44581412272997	0.817636831666578
0.617200085165155	1.39545730134625
0.312441219270116	0.494314361937355
-0.303114216300225	0.392333761238186
0.241487649437949	0.409651190346846
0.294348937157252	0.448652428293237
0.392922287433392	0.69866460308529
0.115559120609281	0.133204635044929
0.663996206254711	1.3535929142323
0.405453455191747	0.793013346275715
0.534473235671842	1.13391550420671
0.199517909073278	0.285013160717588
-0.613235756377513	0.856633149350247
0.136104968820556	0.12902956092686
0.225554770615923	0.343348844890863
0.114995255417956	0.125574985432049
-0.189828902992368	0.207191686261264
0.360096132850391	0.614027003521135
-0.354428511647796	0.562676585234574
0.297127950651433	0.556838484584386
0.74713353729587	1.78066084298206
0.581512860181827	1.23647322030716
0.207478606081805	0.306521494869754
0.155620500948233	0.22129868333044
0.0257862430168076	0.0309283263503858
-0.202380044880401	0.279883057442944
0.0498224435842754	0.0527356576359444
0.0158502096737089	0.0177637998025199
0.428533002455778	0.810655034599854
0.187712027748214	0.256203855290893
-0.274851783699887	0.448206276777856
-0.0675013070845865	0.0752874185557332
0.192044105802922	0.263944538666185
-0.0933504353231795	0.10937828426682
0.846762849470337	2.31249793491018
0.244873406178628	0.406095362028254
0.350268279169778	0.8348532374866
0.322221017508722	0.661518871004619
0.427326309936331	0.740529405364152
-0.0328024379352452	0.0460801711043425
0.212245855522939	0.396931656482528
0.553163257661332	1.66096732281793
-0.115473368444574	0.180936731266711
0.155750255879505	0.259450706845783
0.489534055241101	1.14525140381051
0.379915375733845	0.634500624108054
-0.460302612689618	0.701771827648706
0.0307777786886068	0.0306422419665977
0.0513701180568741	0.0577296837005717
0.169887000011141	0.257422057701113
-0.0174426772510451	0.0220182070764696
0.389338652232831	0.778424360459734
0.339667753550749	0.64317254671078
0.330066604723486	0.610725099633501
0.166108703465634	0.269108620213269
0.912099591983355	2.85878841152614
0.175528301355929	0.270413909745137
0.191519047881736	0.174244423841264
1.39217789160791	1.81351836809553
0.378823344566518	0.502061039704109
0.257843197286043	0.308781349878569
0.493404872932348	0.862035901383605
0.238652571045104	0.27934405871054
0.074412089395763	0.0858472255422185
0.115513070099342	0.0842179350543441
0.0258455063336006	0.0171791527467873
0.299167241464762	0.230417742080177
-0.342552198484108	0.281978893535902
-0.503568182435736	0.713197116946028
0.549656807967926	0.84484128664851
0.657894785805713	1.20950653178708
-0.162448811949454	0.19402747908026
0.0367808469501094	0.0420366003626927
0.11925389420158	0.138483995671165
-0.313028544040122	0.441822047400046
-0.316180339667229	0.467795064838198
0.0150359534554266	0.0148272692848179
0.346012121222643	0.573318992484197
0.0721743472828986	0.0816990349781803
0.269642570837652	0.342063525723702
-0.0286656772761831	0.0312888070758296
0.253415935262738	0.384835936706548
0.614440827418633	1.04301840824608
0.0816755025702023	0.0946708130656859
0.0459149843523416	0.0499647867790347
0.280434794999314	0.425247032517227
0.315244355314196	0.516501844831078
-0.45765715978254	0.791668210995769
0.0446549151553334	0.0454527026864415
1.21762121616679	1.93151540126272
-0.177711671778997	0.224172524364257
0.260806888399418	0.324832260216442
-0.272315662906575	0.353577339031294
-0.102701316506041	0.125708656166096
-0.151306252049322	0.208920045401537
0.403389992207093	0.692423857805079
0.415219374757413	0.667590076566803
0.175751334304346	0.226165512925187
0.381838856263749	0.58638264950189
0.231233534976571	0.303600083600864
0.371928410962551	0.657128859258172
0.499225972882563	0.717384272383389
0.380019017405425	0.559721288675543
0.174208509639426	0.215345325788186
0.0924973522232818	0.115230618346431
0.1657206988239	0.196186196584683
0.196532285690709	0.233590698706573
0.16061689157666	0.190583839584603
-0.199399440883877	0.248509318492484
0.247017361684013	0.336836171344682
0.108884753988138	0.13372713098013
0.818316147313088	1.75166027716393
0.253567722696049	0.504339599058405
0.272647619495791	0.493197839032118
0.257095759319212	0.496274205555955
0.329857445557096	0.595464286995685
0.0426507247614595	0.0585291206447893
-0.17523702828612	0.289215596745765
0.432277443804652	0.778739568833616
0.401172290727472	0.805075719135927
0.380207334504073	0.680668868174624
0.536084275074768	1.07742050020112
-0.127095666917562	0.178049940341873
0.189067441848069	0.236753174634426
-0.0315663635290035	0.0354526320435549
-0.112174710361674	0.13998966041197
0.577467579974548	1.1572402421838
0.478941225815306	0.910591857407792
0.462276291852934	0.89692920500507
0.207535488758853	0.276043631699262
0.480364444353506	0.524417642784248
0.368785409777246	0.559294863856364
0.113297996646715	0.127404661417754
0.230917022299286	0.338200021546697
0.603724876083215	0.988153483670957
-0.0259876788957091	0.0189191833536652
-0.111548207342624	0.0734049007816201
0.136301744847159	0.12771123764266
0.302136279795475	0.358497730592611
0.0468120910395648	0.0432386050736256
0.867864844392983	1.21779726613065
-0.0822740005270423	0.07505943097082
0.192189198312558	0.206632780008496
-0.220158696458339	0.277676732244375
0.610288917038918	1.03986190272082
0.325742474029058	0.417977548275397
-0.056145623527858	0.0551623076969909
0.078092937694792	0.0814762739537207
0.310299378826419	0.416250455150899
0.389098226636207	0.472111408645513
0.185577622958753	0.196002560529417
0.378653094183145	0.480062430841886
0.467339701212269	0.649193614957686
-0.331595752627692	0.451162585551698
0.0644603279311854	0.0685267605366264
0.408998475614314	0.558218779746944
-0.188066485055195	0.230072709822072
-0.404710764635706	0.499146322194656
0.297883849022202	0.43094792824869
-0.796917945627091	1.3531998777941
0.317781349821921	0.473447612224075
0.447617686799056	0.746874127038347
0.0434752898331848	0.042321850839604
0.227295419835273	0.268974739737681
0.145820840587548	0.169577220907378
0.358285807813208	0.531284275747346
0.512107030599551	0.933723753898191
-0.671785778592951	1.21524185670093
0.106783628928645	0.122457162169641
0.404748516512506	0.510252828485878
-0.0573831888629632	0.0529137455646821
-0.14150553125594	0.146578251281481
-0.217378478152221	0.228544476112902
0.182890707389779	0.195576700042693
-0.397569839992598	0.548965703392249
0.403114130860477	0.564161646195868
0.323649428853872	0.422272883213417
0.157251774294103	0.271352039720566
0.327892896434698	0.692422443306923
0.416740587887842	0.980974811427848
0.308672038375978	0.542575767729684
0.441013442816829	0.89449468959883
0.198456010696469	0.307559566677293
0.422074193471653	0.868658964880326
-0.0477192420779815	0.0601351787043225
0.290390386846533	0.42016622940467
0.361545299107255	0.629311728557743
0.0787254693407452	0.0846889328057341
-0.676942945528969	1.43879333967959
0.364804011044925	0.599661762289319
0.187935018958656	0.266165575053945
0.497430168125046	0.926008145043087
0.504572072157641	0.608241344238517
0.505435068687031	1.10384126260641
0.213381102106151	0.251673027733018
0.20957504929354	0.148657635360854
0.516388316022935	0.678618844723288
0.0744504752784223	0.0622667487530574
0.527608108333578	0.539685939354619
0.422702884987333	0.421444005099186
0.298527699624481	0.334247357393533
-0.295614239227975	0.346998070292392
-0.0585906341624106	0.0569241158086468
0.441629503984815	0.606272433424904
0.380519151027827	0.494141031168181
0.0559616841299574	0.0523781724847219
0.37822355221489	0.508892215756885
0.191136806318362	0.1902934920301
0.589262204001504	0.941695653453309
0.198855485091833	0.249152680978457
0.188981378600633	0.196878108098028
0.0799427847939428	0.0718641101959279
1.03061556897631	2.18485113479686
0.380051725307252	0.571105002942502
-0.682453807439452	1.18356859021706
-0.254672532335778	0.300926644452625
-0.30370545521674	0.345455787963411
0.103263237397819	0.100126012608453
0.392373226527158	0.503067853505714
-0.0409533236173615	0.0396210034466713
-0.0659443852940896	0.0707041455056713
0.284431526185149	0.344541639748271
0.231683589042782	0.265891235572081
0.474036466498321	0.719319033777251
-0.0650359568681887	0.0606443012284268
0.572458202090677	0.885640783859868
0.195827026478037	0.248546618790157
-0.397952254829334	0.480575981711358
0.744417190269615	1.22907214760615
0.141337589126969	0.1459800260623
0.299901085525251	0.348086870938655
-0.570099070874784	0.866873120868211
0.673670787316802	1.26178204633405
0.255447370015005	0.29624705982365
0.348116233589753	0.749865664620711
0.259983362462363	0.513593351577224
0.313213804889517	0.610867485481122
0.341203702350637	0.507195394461353
0.599635702253423	1.21986440856826
0.0399667384634263	0.0447480003712114
-0.081011563025372	0.0935197613180773
-0.0165606976158786	0.0187492509942437
0.192264152520292	0.297865850796839
0.165848006059645	0.277654351608322
-0.140300276459754	0.188629010907626
0.106877239711855	0.148391788270283
0.155323566433664	0.175602650090997
0.377424825822908	0.844776911449653
0.522349579247454	0.848752197647265
0.0526963267190821	0.0497747869122275
0.0349066412720102	0.0314000254266342
0.304610969040905	0.337133388261955
0.13438064660121	0.127685055380833
0.717064865034832	0.943170118375687
0.0525507749738442	0.0403926855903958
0.412777700380162	0.425719146320078
0.059075911808688	0.0434236482184546
0.0120224655090996	0.00988159163162003
0.666919820948662	0.741667757676228
0.506693786435649	0.678432972230298
0.251052997580304	0.240946363908279
0.0206831325353602	0.0260454871728067
-0.052955998799314	0.0674881855824328
0.112552001314086	0.116488669279602
-0.0577089968495648	0.0569819404587547
-0.505857784192009	1.09762375368663
0.140075932019598	0.132315699001003
0.120563112860919	0.0996275765083029
0.773512518137732	1.06414035532737
0.341555071253408	0.397755915755621
0.344997245673519	0.435449556643623
0.262001946510384	0.245836094548192
-0.0188618959643524	0.0163559274076783
0.278920146015413	0.342308292097701
-0.0910976687270393	0.0974715763378612
0.260169950588361	0.271014988767204
-1.05266264140291	1.5736037809383
-0.499094894524745	0.598910512448063
-0.27945639976243	0.330987844066554
-0.342155652689347	0.344448121917044
0.01138607785777	0.00925193816097195
0.246119854892763	0.546721938393748
0.335768494979199	0.782971052663071
0.736850635190724	2.17166941360794
0.0128389509152624	0.0160996637439413
0.516874423505549	1.06893299861435
0.307467914934668	0.504372816139804
0.321881450918375	0.518055975295693
0.254180586519334	0.394331080335386
0.438939081433323	0.922116126827895
0.689896855645109	1.93497758808225
0.180616513462312	0.192300198599629
0.0738038151622965	0.0828754020470946
-0.105952492934862	0.11314485309873
0.242209281281625	0.290961505019254
0.752564311650735	1.30904828056913
0.138770468141507	0.149410159486995
0.164621013629915	0.19400882509283
0.185801755916716	0.212770985888797
-0.189880638183329	0.228216332035719
0.258207485735798	0.392756276918103
0.296065666057797	0.342779640741447
0.771124919378141	1.61315876143109
0.451636075665002	0.660984477729602
0.11733643603923	0.135646946418773
-0.0526660183730982	0.0537072329220016
0.328729908920397	0.43549318912617
-0.0330248687529706	0.0374514928844183
-0.500396278337258	0.765858827228057
0.0506523553655061	0.0551493478709462
0.00734440644999393	0.00648307732743789
0.174248148493508	0.221811286491424
0.0982487424934795	0.0963638261805012
0.211639649909744	0.207382886488868
0.621782335989687	1.05517541067975
0.00883537725738754	0.00851887340701616
0.143314471176128	0.182162307682174
0.0216296097972896	0.0209806838356211
0.243931774256215	0.294356146821935
0.0380544640754559	0.0378638987151
0.342018861564037	0.431220527340762
-0.328066676979847	0.396928992165131
0.195260626726075	0.236445461019536
0.427438927545436	0.575183713977352
0.828764206189331	1.66901037510906
-0.166052499923624	0.36252010704098
0.306519071049174	0.592959831760605
0.351473554679203	0.636005454669897
0.461586559003926	0.951134757495513
0.364391436331877	0.658321778911116
0.209174049061895	0.306313386428696
0.145907904277111	0.219771146982944
0.300074930886606	0.518934014381062
0.328765979894148	0.57514603362374
0.36853808087695	0.596266510514969
0.122461802032246	0.108339721215111
0.195307001082765	0.208609817556948
0.424821185067594	0.544500511113557
0.195658974302676	0.1682017949348
-0.685453522774177	1.06800069004777
-0.279620111622618	0.266915787647544
0.326204593165553	0.323075150672911
0.139055563612878	0.159814454298855
-0.255291894361908	0.316837041244567
0.179125086346667	0.259967576135786
0.103807149519064	0.100326166424349
-0.0109296589751159	0.00828521325683039
0.129426551498507	0.115171410503244
0.371423658607584	0.399953667877324
0.321385052382772	0.333097097976912
0.19434159203747	0.179863053907377
0.630868492284285	0.737465936145246
-0.0483094153906051	0.0440695797130694
-0.0132066859320254	0.0133691394578478
-0.536944158573978	0.711181673129173
0.144965642992098	0.136417108757363
0.517408887892249	0.681389624188737
0.323903251188067	0.331602951614032
0.196980777079544	0.218205710925794
0.0227019279671452	0.0195427706306222
-0.142775140336122	0.144652644489831
0.59182657879104	0.719997035743128
0.128253236230841	0.117043388375234
-0.134620027013936	0.113696468286031
0.308058988779966	0.338957590311602
0.353330509771911	0.335563912469666
0.192850992963128	0.188539568866873
0.278900474794528	0.513495064118581
-0.117253088858956	0.277867516570259
0.706761746976032	1.31823688236656
0.381515869274528	0.418405581175093
0.321269122437669	0.243985634224532
0.208812047531389	0.161245079736288
-0.847238044574659	0.945247445567027
-0.704008610415965	0.577856901230233
-0.144872598806424	0.0938739137198611
0.642670073527731	0.665456976370325
-0.471252214325664	0.380950081816998
-0.0925825240701974	0.11662210253474
0.031163967741295	0.041012972308018
0.116929401798433	0.0896573594681518
-0.234446497986338	0.185397372231721
0.340091338037592	0.235167967227535
0.343326755974662	0.239181381162945
0.476820327297817	0.351932339828133
-0.0520254540973631	0.0372641340433506
-0.00879144102498634	0.00664339501470764
0.17880378839561	0.247560233291742
0.643180190274949	0.755904066950258
0.314945559148888	0.244284475830477
0.555259857136364	0.619208250961526
0.463797442228946	0.484899807652507
0.28608921716076	0.233693083490859
0.375856719233241	0.234805411441891
0.0750393614336748	0.0427029569758786
-0.00173873889478457	0.00100257265705857
0.332822125601047	0.226902617721979
0.333766906633911	0.239010914794477
0.171098918231133	0.400958160647059
0.358151524491559	1.09819684777071
0.101911025234484	0.232178729405378
0.295871059997245	0.327778606326437
-0.560385969510088	0.79377416115849
-0.11093311177135	0.0986749521661673
0.0777294023007534	0.0696779285064253
0.45033371936492	0.669432354198383
0.694642522810955	1.56763571210092
-0.133588020091725	0.174900930511009
-0.0717037693903847	0.0585074356450726
0.287960191627572	0.324365184084704
-0.196018795103631	0.241315933560247
0.321887725671066	0.333981748213572
-0.099789322823829	0.0883181338247582
-0.477086185736574	0.520007567122641
0.104553506666579	0.0983172574851182
0.31777248087942	0.332515367176959
0.434277054579342	0.50009281079549
-0.0245321300185285	0.0173248405061634
0.0671012838938164	0.0489256568977643
0.123427460552355	0.26689076815643
0.287723554168958	0.830543368570391
0.115258537976963	0.0963293191508563
-0.196121626893166	0.195502705361802
-0.115498418932364	0.0990746406848018
0.467871550541421	0.521859255957689
0.204741889649725	0.179318309224527
0.107628882166156	0.116733089517514
-0.235038089521729	0.308887514388332
0.0320335680640984	0.0364748758788307
0.816756759463845	1.10997709220917
0.00985294287507413	0.00804790020753167
0.620744060862253	0.965930854688573
0.276431120279593	0.246320625759094
0.246813135795408	0.269607785374611
0.406599699603507	0.411716488213898
0.723894031254368	0.864988909681929
0.387199266301861	0.399685248949903
0.419950691093818	0.481086594086238
0.236461397244638	0.228705179638089
-0.326925858096453	0.324487022166185
0.114995584370151	0.0887831090675717
0.0539465009334912	0.0511149582334012
0.393514147075446	0.409034040412573
0.110630046289853	0.08338794237629
0.0356526139021323	0.0258083995048783
-0.0705675863116071	0.0644809811324713
0.19212666359252	0.169041200098976
0.09153438103328	0.0857861178739398
0.138193191890144	0.114392925165515
0.375436624454438	0.316078603230574
0.276976884232093	0.579063367280785
-0.0523789930397734	0.105706421345035
0.16140581238249	0.23205986008484
0.16773668020977	0.188215473645927
0.977785086406345	1.19383468742771
-0.2086912995091	0.147215179440653
0.200146366418414	0.138070889683309
0.955360641838084	1.10135118454307
0.71969389334539	0.706315538480573
-0.333738323463725	0.254515913063511
-0.00580466073649807	0.00361259809080348
0.976123136349582	1.98000885482853
0.127344437495543	0.152191156009084
0.641985039572602	0.63574281470276
0.188106676554744	0.234079324891179
-0.0345005580640324	0.0251883107680437
0.108204399775708	0.0832370544716912
0.702181550273155	1.15015357321522
0.314084837762267	0.247044381240047
0.218919234713383	0.130117518535169
0.807246097125719	0.755595080540931
0.55913271254252	0.532386982256674
0.293330795835325	0.234909891634523
0.120144288864757	0.0898649433850569
0.285331648794416	0.236840364030808
1.04226964404663	1.34718742247357
0.204197966508603	0.127850991950952
0.266739879011794	0.244936155435008
-0.0249511252475339	0.0234201994730143
0.625720852497492	0.580374713807184
-0.718548767609974	0.705578360342223
0.342344936781264	0.237748332108464
0.355592278093132	0.234864338583597
0.311931447060683	0.243082055899844
0.333923210163871	0.230075342938425
0.931428543873182	1.00273271792733
0.672817530864922	0.664568388628433
0.363863063070333	0.657569049412726
0.278680800944522	0.889619251985073
0.611323339277277	1.00369754104794
0.811856222829465	1.16390258309957
0.524550352130536	0.270793502844477
-0.168979093711016	0.07202671276267
0.0744954858149471	0.0368678430917469
-0.050025333530286	0.0284966647793472
0.207756324778952	0.14390087238956
0.200917820122339	0.208975581846976
0.161051948266252	0.198545657209197
0.563111956455735	0.375291640851016
0.307184570384269	0.240202677672692
0.0431788736212052	0.043216026216963
1.93604888641017	1.69968300132419
0.764592050494331	0.63765706541174
0.218087342432483	0.137509999023146
0.0747882134518682	0.0397510502070504
0.806183560265637	0.743426789806232
0.636163504664045	0.490942266853833
0.621460562265208	0.573038796544434
0.103016207206248	0.0681440700269364
0.532899649021156	0.275676157743426
-0.325633143175558	0.216934878286197
0.540211904986659	0.69268168612094
0.05690990268869	0.0281255436133013
0.49160229788005	0.354748344205617
0.708316678615071	0.420056769212556
0.219380293617487	0.132573393973932
0.0988253044385005	0.0649711540664239
-0.0918488549859455	0.0479983519141602
0.665990200994932	1.20785320325444
-0.0271679809249822	0.0360864309799431
0.15649193857619	0.440805830796715
-0.0110721242703541	0.0128179908045429
0.313172771820013	0.330606905643562
0.416819849465694	0.241118698523916
-0.377601186795727	0.238050996751539
-1.03646189474476	0.638344033979001
0.280155445981716	0.138003300788036
-0.544785519161468	0.416634840974026
0.20165215897635	0.238353354016315
-0.261896699232403	0.341372197206211
0.213851363662986	0.134417272801346
0.286882459389436	0.369655646372005
-0.00759884528557722	0.00457913526316286
0.686715395034896	0.482707175027376
0.0584369039019564	0.0288739360226812
1.43653079332189	1.12193326126197
0.0611938922930091	0.0319730099955381
0.547477697968581	0.352204919295746
0.817583616767981	0.649143485705012
0.528220878563106	0.446395775785277
0.238479796903445	0.133180497327801
1.31509495930477	0.990649593460702
-0.234540029208792	0.299560093200282
0.721997701372446	1.30193225829172
0.0634637148870329	0.0332134952941953
0.286557686479604	0.141633485449551
0.421905871828931	0.24801218567639
0.273755062343395	0.126425650451509
0.0598893782964186	0.0273888799466795
0.349854776490796	1.4680915490332
0.553401338594105	1.57218758897901
0.459603025351979	0.875373444326377
0.840646382051283	1.81795012509257
0.330027941856305	0.63350573632511
0.0440770250413553	0.0978380434333376
0.243457837062705	0.353241139940245
0.871877640713461	1.08516297265568
0.24893011384073	0.271696625431475
0.38274399678712	0.413758770224178
0.215323304071265	0.159216594013741
0.568384610733793	0.373749687564884
0.0874384128815703	0.0261690544710765
1.3186993527921	0.975886103597966
2.19772423621251	1.6497489730634
0.518229677730015	0.25874644788187
0.00935488753041021	0.00849061804439022
-0.34555852319235	0.447186643427851
0.0576992576383845	0.0281732570276194
0.257351153720658	0.135274683594749
0.450737708723229	0.339509861433375
0.226009019268537	0.134196815830121
0.467675177883987	0.260175022392526
0.378133530050389	0.231920671518123
0.421662737192694	0.248789454577596
0.87126375458594	0.7883047454951
0.46746742762576	0.257455428187165
0.565755268531401	0.465538370379605
0.710768409439932	0.412073900163674
0.0752286357855511	0.0413000353863418
-0.109082888102774	0.112930722755415
0.453687593134279	0.583786308091262
0.357333510240228	1.51786516455047
0.419776682658731	2.29066046504964
0.425645390927857	1.30472909138641
0.973181484723066	3.42084705605142
0.200093912723163	0.312807309638875
0.421478788150168	0.847837684174722
0.343150372375601	0.398646907889815
0.653312576422956	0.828931672478981
0.0551766171538209	0.0512297656253583
0.409005798005645	0.421552543621508
-0.0399507601208989	0.0419976542383767
0.623959792913916	0.393701850338643
0.194444297529145	0.263137758661011
0.376787880158031	0.235941922167492
0.467468638920038	0.352217778949324
-0.17213193103719	0.195409784303751
-0.0596445279840501	0.0340377220854271
0.40837238980046	0.240769520914533
1.82294065945998	1.48827820694795
0.216598563049779	0.156244061139125
0.624411277894824	0.374676204590108
0.350821911259169	0.233709041522654
0.52344800670562	0.421261589505993
0.649954051418121	0.49173632929698
0.211782482207559	0.136850701439591
0.385032836962263	0.240714158477913
0.43107871036241	0.334888630124058
0.236343063676944	0.31006244994704
0.542060917207137	2.58875878881376
0.268724601182226	0.812657003804371
0.288011684415121	0.889004825869854
0.360228494530989	0.578832349186943
0.153098912835817	0.216362004891238
0.0265010678573152	0.0209145662109919
-0.212589158096391	0.292387341335355
0.151527864145421	0.1467683479324
0.0373840334182136	0.0246311174064913
-0.364559218078488	0.360728499217485
0.515525778636545	0.511502186783671
0.35685164770859	0.322295305476555
0.388461776211075	0.48465060566956
0.744360960831681	1.12472880207398
0.317695984078295	0.320450095049289
0.81647980780671	1.10634196625296
0.117128270686235	0.0890809506765854
-0.553756775858995	0.549482229593049
0.310094527654737	0.325112516893683
0.376300789977713	0.410266171357202
0.481767026274448	2.84860804415744
0.432406304099728	2.06344875346808
-0.0881711226004494	0.0848993853641473
0.213894605232871	0.322804090203027
-0.186621450558097	0.199589989865011
0.0495044143030281	0.0475875659675754
0.0122660508028801	0.00991545086321835
-0.0799900457199522	0.0724062988100717
0.30158305412941	0.334223485475159
0.199291428126203	0.194769729526337
-0.0465189512349437	0.0387028962405038
0.382440109758196	0.425280835625356
0.0328684831970562	0.0328880727637756
0.142476408490888	0.133669650659299
0.0920809348021682	0.0847385604939583
0.255229446953727	0.302963403038694
0.396791599396701	0.494579099966156
-0.0065291993692605	0.00500885000543019
0.478175434612646	0.580879942252794
0.300150029857093	0.314318856523044
0.24097487272178	0.238040970758087
-0.0830853530692485	0.085877393779235
0.387369420067843	0.537157494471033
0.244829461238904	0.289702273741184
-0.66958382375059	1.0960100202176
-0.156481021726627	0.175139652066915
0.0658095080160888	0.0684608956762013
0.611419581959284	0.958993069193556
-0.230898221727005	0.274687733384724
0.306199675020222	0.421036288962125
-0.580648050266816	1.02980328844749
-0.166654700727807	0.173410166714346
0.0393073878898063	0.0382416888353983
0.0242274322297469	0.0209312602648426
0.198701549371358	0.229811820829981
0.0937567822032196	0.086200944893838
0.229199126987538	0.26273781156813
0.33897648660448	0.428706104426678
0.434038484658164	0.561995088235901
0.563971627112737	0.920427191551687
0.369827983159833	0.412858608986894
0.320991029332099	0.403602858606601
-0.40477525271734	0.50195515224883
0.384995406656384	0.569316731418444
0.319532636165465	0.335241948887563
0.630393938096827	0.891357524046372
0.258395625740856	0.242162582886151
0.450717145097883	0.49871211447677
0.287483922072075	0.329090458147769
0.147833658657977	0.149541792903912
-0.0619434932644737	0.0551220627098013
-0.0178908020653431	0.0156321295183428
0.2636155547573	0.273081375975184
0.262949129498794	0.277453144805125
0.532392209575588	0.773813565038575
0.198539047710115	0.198075487032951
0.191195046464128	0.197594801436044
-0.549779995112266	0.78026448571697
0.329055603929511	0.505225357058329
-0.386418657090895	0.434544085545227
-0.363655221964881	0.432539105133686
0.921854204058257	1.40785377418299
0.387429098688058	0.503142943500518
-0.0701507716072508	0.0579614892389596
-0.456303339335731	0.564504672359635
0.310595116516461	0.392040379605197
0.244620613576345	0.242572137931297
0.0829285769569309	0.0981532543504365
0.314331686617845	0.322730291252679
0.813009986785239	1.08619716299409
0.535841038246411	0.619935481873361
0.056525830110775	0.0513325745827027
0.141103942838241	0.12653692236308
0.367624307157979	0.480544133707366
0.249373835479643	0.247568353915424
-0.161427115171665	0.166879944061083
0.341312788268258	0.416008876553564
0.134759302015984	0.128869724811897
0.605783737725422	1.21731711540593
0.833185040811295	1.2807638370389
0.679745480552903	1.13600210883904
-0.141462697711087	0.14801300927989
0.118575149842324	0.137037091165541
0.376937316966289	0.555826100438073
-0.0825075919318615	0.0812481783990487
-0.35345018796563	0.468450124024912
-0.179757747978654	0.206292095340497
0.387061001429999	0.399548470930847
0.572985219292886	0.863212715855037
0.483931497735539	0.750633869070816
-0.74894327522609	0.932363946418776
0.403451491627532	0.484400990288582
0.382631952999558	0.49620870014476
-0.0303869713417773	0.0284671472292301
0.889495738689988	1.7081252432465
-0.232425092222533	0.258042798354256
0.431462309666829	0.53095236598879
0.180369220532742	0.187972227000014
1.05441922288452	1.98555358748474
0.508965283118488	0.678831940988034
0.240087633067952	0.27636529409979
0.105502915411121	0.10197508431458
0.497063315956155	0.677133048815895
0.369958855784882	0.469665436725511
0.165165264408484	0.220565257006562
0.337009470727649	0.510584310055452
0.132888974089489	0.165869094939367
-0.00150088330567026	0.00168561435624062
-0.0381115884585933	0.0349401087646505
0.283354100782803	0.425874047602978
-0.159580270218443	0.185215113348105
0.751503613744474	1.40902598469404
0.126156066822024	0.156566311645961
0.127859078857347	0.157721634346566
-0.229344770093903	0.312458890670719
-0.100294269461534	0.127227647208467
0.293706106393563	0.427355987360977
0.0571917157198823	0.0624607265107105
0.74133709705499	1.8553437307319
-0.39679253194105	0.656975441512
-0.127438864758329	0.165535325087691
0.235202706375929	0.269917374986603
-0.314060197340976	0.382831855228954
1.13469429809954	2.60333922053686
0.192329940958311	0.267711820485115
-0.241540220827008	0.309542134536086
0.564304770168666	0.98352682759352
0.1623590781465	0.209068307638158
0.30255127326968	0.345785221387101
0.294620457510642	0.351662134271355
0.337292133965495	0.552446587120591
-0.220633354866915	0.285655985045856
0.280380601840708	0.374416226929336
0.66927001915268	1.14367465248976
0.184624290128741	0.249469179026612
0.241593286505044	0.306238252731296
0.114614399740884	0.150418859295507
0.432893406032118	0.844366596970345
0.42909384084635	0.704914012749002
0.200418082718499	0.233790728542092
0.15234808861829	0.180060440600153
0.278752411226967	0.409276729270865
-0.04341568205409	0.0442764003495886
-0.0412952656170245	0.0472486888575038
0.43568852415189	0.79038291863746
0.580918192890014	1.33523977293522
0.0829904496532725	0.111516306004234
0.251812414372881	0.395243089135175
0.207543511547078	0.286041673188642
0.114132103720914	0.147085727787217
0.361362435278493	0.664531140211154
0.30838159162651	0.534140567537985
0.596624481034225	1.00770762009813
0.418000727394227	0.681274592799259
0.473119726360423	0.797190731786422
0.308483399542955	0.474993383475645
-0.165823315225951	0.238515266518913
0.399249883464451	0.645153624144434
0.214859551872926	0.287223000625383
-0.410454121181068	0.624682630467777
0.330458618067587	0.491850050760231
-0.139729528649431	0.173301208555869
0.459688387498282	0.854667227450844
-0.0701138472523604	0.0713064811213358
0.143459911206146	0.160616080336887
0.261325852052151	0.448211563981382
0.345369442662989	0.55791056985415
0.131406747489795	0.17002416973752
0.337878104289739	0.419805437380113
0.423353088391931	0.660660258666684
0.399612572981328	0.626450315574957
0.230831424617921	0.314066349514958
0.17744428554819	0.207602392364231
-0.100575436542066	0.10811678090028
0.352414245422456	0.517278209519081
0.177206418496673	0.255961946436447
-0.0118964665761694	0.011759445546617
-0.100674870094588	0.116804074567501
0.403586029882275	0.705007080280045
0.702855005964924	1.22974177477807
0.329691455578644	0.516707770903005
0.982955678886542	1.94921703714876
0.665830630621874	1.15753221855835
0.0535417212344112	0.0581537071204572
0.1641501695814	0.199399812314899
-0.0176038461995958	0.0172994112668331
0.24273709399847	0.306592111026485
0.00265570197360404	0.0027664511082419
0.162379171945434	0.223303164614949
0.176694806170628	0.219608221601645
0.0961034772105042	0.108565966662266
0.0242304482128717	0.0222657263685076
0.0438371796159625	0.0419475715678948
0.00732144834498041	0.0071491424810051
0.35169651390226	0.481975569860156
-0.362798565960438	0.507313759270196
0.048547410664025	0.0477811748296728
0.322332263126198	0.409191439454739
0.496845326483617	0.881007881142646
0.436247380207673	0.585928221817817
0.498948942964284	0.844319774444492
0.103600912660889	0.113121450046879
0.236458323504948	0.283034422377403
-0.121043319247958	0.134004423202676
0.0134291772697787	0.0138312928938385
0.19552407183632	0.243262117760643
-0.112530043896023	0.133970677742838
0.671607941252997	0.827779572470172
0.621271371957317	0.648592442570467
0.383023253660072	0.408592442118073
0.281264090103623	0.301672156626473
-0.0323270038882317	0.0472983379610671
0.247323892994632	0.260475281332107
0.585796474655995	0.693364870147585
0.448091999677325	0.48441618174807
-0.0653833719708127	0.0533094393043582
-0.299441983968976	0.371925936693883
1.40908406648939	2.82188498251371
0.560872715704807	0.697325053146408
0.600254650957255	0.879481510915449
0.250496494943918	0.238680842419905
0.115651993776708	0.089198064578775
-0.107141305102981	0.143355589690694
0.0516470400404537	0.0606165309093912
0.315539155528217	0.300921740595369
0.188421484730022	0.188970590605847
0.137303532200132	0.11273617780176
0.658542798319528	0.799587863029212
0.0402345639959652	0.0368031331069692
-0.111903818200306	0.108156947860289
-0.25926700823698	0.226660989456547
0.13154771521641	0.117461006772989
0.299455825725211	0.340130289885014
-0.108598765886927	0.153686178747662
0.258770815066728	0.433651261956448
0.989339581524259	1.22943294968087
0.619880534047396	0.646854952359331
0.38333191092467	0.422857563906488
0.938590031234956	1.37646092433462
0.201477468583976	0.157601107135772
0.433545404622247	0.405274330171161
0.930350042846157	1.40479800238838
0.158935456156244	0.184598131416802
-0.249399392580537	0.386756425556224
0.322682277436845	0.689465048628709
0.12224896589864	0.138622991129907
-0.153872894611363	0.144883738306737
-0.595489026419365	0.67587159005419
0.281274114575075	0.247374341027221
0.321796914537102	0.442349936806066
-0.189979416250217	0.232393168530513
0.381640407108164	0.583978110168092
0.46012952036356	0.833678520965526
0.369209441750373	0.586454070223261
-0.415546749488209	0.593353865254357
0.263522679892211	0.399794998736751
0.010307728213083	0.0114991537132103
-0.112757676975502	0.141550528547134
0.328862187139085	0.529829674217894
0.360200650674198	0.567543072220211
0.655162215429817	1.45149338338843
-0.154065461548603	0.211894021306343
0.891140732663057	2.00397965660618
-0.00121619763104004	0.00122088016185245
-0.282825253294462	0.446441527542195
0.434374063404882	0.814651577851228
0.236194096614946	0.316266400097524
-0.0454222828279596	0.0487146774460016
0.807373568515902	1.80626375396916
0.47211210958964	0.89710040925742
0.101611383134425	0.113697202418161
0.740890434897897	1.45444319408263
-0.224541379791784	0.30942577197001
0.162880424576374	0.183799660848031
0.0934167551684847	0.107040504795616
-0.709447782731959	1.27473686262499
0.568585310470043	0.973184857022406
0.485620661625967	0.868451610718984
-0.0504042718248726	0.0477426812869295
0.222531310096409	0.295705922036354
0.44558236190928	0.7307211758647
0.471507836178698	0.672457753599103
0.0191838975221728	0.0199235533368563
0.121496267328182	0.131391160554147
-0.494481411796696	0.848793269533224
0.236041676675261	0.329824802468945
-0.207798754065914	0.315303984719338
0.351959680390825	0.565347529275677
0.102006447440957	0.120896298731955
-0.0371488677973894	0.0346375660118819
-0.386467754723127	0.482428583276943
0.40031182990827	0.496387877197287
0.740931148195957	1.64167249484214
0.44040788919039	0.678579198629441
-0.137850708070042	0.189477663915586
0.309909076173587	0.458947353015833
0.264220867621491	0.409611435418858
0.821790711242986	1.13423814202902
0.461929735630554	0.774277791408406
0.0316402041803035	0.0270190647280944
-0.268433891615126	0.356427966073301
-0.348320662492583	0.497500703710696
0.389463534524712	0.651870514089269
0.339834791956143	0.567789248051582
0.688786285236341	1.5900876785792
0.0534088797981041	0.0614943544538599
-0.404972278242547	0.634203520809398
-0.327887136873999	0.516883155393738
0.339669918269735	0.549927753966452
-0.000518868389678827	0.000692715588673488
0.345750392742874	0.495911930136525
0.0467498100285021	0.0505203712922878
0.366670606676804	0.50492748578079
0.362633911814869	0.516006587775692
0.0645964551153149	0.0705091281308903
0.136457688217804	0.159424329941174
0.339521379784249	0.482568127413154
0.383665349063998	0.63262241351537
0.412041681506756	0.577560092978072
-0.541171857668826	0.870192214006833
0.119110154702097	0.150671099589844
0.0664295999740795	0.0762514550223663
0.154742204870864	0.195074910592238
0.0121995754904355	0.0101556407046465
0.393032353599194	0.483058031250389
0.167734584683892	0.210815728906674
-0.0382053142154928	0.0423660938853706
0.313263339829564	0.486575364098062
0.535040657341449	1.16678415405519
-0.114887579336384	0.140170825171276
0.175494482563762	0.258025653699716
0.10238250911755	0.117474675543335
-0.115387189324476	0.150958952306923
0.621111345225809	1.46873491466435
-0.0938019038211032	0.125844943046439
-0.147327690419111	0.18408696064595
-0.171819254740479	0.208849049333816
0.722138025768562	0.855728626851382
-0.312406703502842	0.26427591077347
0.157509730929137	0.17809759384649
0.134329340237281	0.171804541045398
0.559288417764562	0.885545949095883
0.00776127535353582	0.00797819286581792
0.125850373146642	0.177568781670485
0.396364682663152	0.647581181786316
-0.0406092728797103	0.0483798009612953
0.406131044454423	0.781535015207511
0.364627387296319	0.684770149915417
0.466269531662036	0.740425439505105
-0.494055487605106	0.85342387048891
0.583412855641558	1.11307169461296
-0.343094550094255	0.567154662520037
-0.0767889279909557	0.106354968481308
0.25423820689967	0.442768898296437
0.0054127111576933	0.00634888983950677
0.013143431771789	0.0165921286037404
0.279229449196948	0.49630533760146
0.415561012198123	0.860017130563271
0.0831454635527182	0.11495691344925
-0.07106260917531	0.0779105463875173
0.473427209016619	0.912436765528155
0.23350983196337	0.343117824740977
0.149830616198148	0.191066914680677
0.550869641367325	0.895418258264409
0.32959703444382	0.635789201183861
0.235331346711156	0.344943394110617
0.274720844772866	0.462219561102396
-0.454135484357246	0.777758370567934
-0.0780650293372803	0.0885879228167891
0.271269538660102	0.425006695151187
0.75880363828546	1.6903454638207
0.499806006452284	0.922131344439735
0.0260315710763855	0.0317843082809418
0.783687841933092	2.07040268589245
0.563225009095182	0.813792931176295
0.102305281294249	0.108766846537612
0.196034727495712	0.290827564191954
0.163842531828875	0.21777753072556
0.575916535329936	1.23263558645965
-0.296949089822939	0.526048758165613
0.123232952447405	0.163749964991009
-0.205183266529858	0.317863919068461
0.463860728019744	0.956269402189925
-0.10650920140258	0.148373691125461
-0.238877262202495	0.372728902505926
0.199274696890942	0.333361713733956
-0.51104400586292	1.00957829111053
0.260910441271651	0.403189480124462
0.293356497496078	0.312063166149711
1.17212052688926	1.86310243298338
-0.274179276315144	0.33919472843133
0.052349020770756	0.0588458332447385
0.0930009824350841	0.119337284048098
0.109092037080322	0.131482847457347
0.328483208278578	0.640791400300525
0.154211277340781	0.228386223368742
0.389021403174763	0.667207900298846
0.133266067922687	0.176083958508272
0.668142174911241	1.62373728755834
0.463848251176823	0.731815492882771
0.271045671628729	0.340911292027344
-0.138974425134644	0.196590875236022
0.837669581085775	1.94796654273266
0.0623541097896567	0.0814405074130612
0.504591569353424	1.08643773760802
0.222422218291708	0.365925340878661
0.13266232636113	0.176318947938499
0.268149481560603	0.423656697280765
0.169850398684069	0.247480485452955
-0.0685230508609149	0.0833062524761
0.0341290188157261	0.0349377026234849
0.25124137673324	0.370903108861596
0.134761427345584	0.150083080603954
0.328866846147424	0.472068274592597
0.467426203692389	0.774863285993191
0.351789125377704	0.567708908091443
-0.151340840520912	0.198783744405305
0.0355556549109966	0.0394645218581673
0.227592000136663	0.296096856084572
0.591004579585212	1.12465677860092
0.736855074726775	1.42243397277594
-0.160287012242718	0.198349250833048
0.231662036563305	0.303444865833922
0.285410154469688	0.471067724028658
0.161347600252196	0.211858290983017
0.319698053318005	0.545601587204728
-0.204685268308529	0.28372426809528
-0.217491830128077	0.367217813342376
-0.00976237001518193	0.0108787074655902
0.195156454507724	0.282543681505481
0.304139941980028	0.465997773915248
0.360116023602181	0.626286817726684
0.0401395538212342	0.0552515005527523
0.268686939269172	0.447830696421982
0.13894461157916	0.193416488047797
0.684377045325112	1.46500439851497
-0.0996227520249542	0.0779865009805532
0.118985463812966	0.0895774627207559
0.17714919457231	0.190835124163344
0.0348680334803344	0.037716346552311
0.192580398881503	0.274646573288227
0.384456914516327	0.696878280199578
0.153228017562769	0.17702572879023
0.306468630988979	0.405868513218583
0.120602456659134	0.150128987343905
0.288656429328291	0.453670377222229
0.0305693081053589	0.0399860411258552
-0.184711553230735	0.243756544490894
0.322960906359682	0.564428142046334
0.186215247060262	0.259459163220582
-0.000600469555516844	0.000845035511013423
-0.125648718182255	0.1801101577414
-0.28087587330542	0.456072040765986
0.507139953892149	1.02589674891636
-0.561838201659369	1.21972470143438
0.485142373765256	0.863470730698459
0.466448316357991	0.729393757709886
0.29145220388598	0.470082176232939
-0.11575182369396	0.14286099129386
-0.14098755932675	0.180340753277614
0.719240177934432	1.51274467309279
0.581563563860413	1.08199685135108
-0.482016573729636	0.778319862816507
0.239617569654268	0.335487151828662
0.0333774901488396	0.0394043712501233
0.492377808555235	0.943094075008227
0.24450483339764	0.340304775540416
0.442465397347617	0.666038118193199
0.279087584247409	0.391573209449391
0.732611344900985	1.74106564320209
0.0224836838982651	0.0255207612414688
0.140221583481326	0.20355758514236
0.432869310039576	0.767822810442407
-0.340937469312504	0.598640137334805
-0.505721385663268	0.943440533149476
-0.0873538318632041	0.114520606522785
0.274865814473024	0.45788430430009
-0.0647361983164286	0.0763736336322544
0.317313395187434	0.494987447395039
0.354231412404477	0.553246693766254
1.75279503023773	3.82547189287496
0.524307248184467	0.593981899544843
0.269696930847167	0.382158617962621
-0.133025489382906	0.167054173556516
0.125351029499508	0.145388525320283
0.10057080359659	0.127719977420859
0.15730151032706	0.169672931902714
0.354040768404824	0.642426155203047
-0.0855605026115825	0.0957308881719926
0.370300928795353	0.620220785593198
-0.271458183330885	0.410723474631797
-0.0962658397254658	0.1150657933263
0.147614306114874	0.199586014290015
0.222771022742649	0.249016092613293
0.211974667469714	0.287452174253926
0.541228483635954	1.00959581166796
0.303848823862005	0.468737072337335
0.905376518299926	1.9480812977356
0.434814630524427	0.816932556048078
-0.00667618831413948	0.00731958756801172
0.191948822047752	0.271285406716128
0.146959124403954	0.176495869768412
0.625254677915042	1.12019891327048
0.222162183776724	0.281483988917143
-0.0229065979004114	0.024889018125362
0.633439923737356	1.2149759084731
0.20672632279845	0.271081475781817
0.871909397803814	1.96761392179705
0.185626038799291	0.209957128606508
0.490298761118486	0.75249524762997
-0.0795820647327299	0.0876915382445855
0.265313793735947	0.332384100107192
0.517392355167227	0.84556097723218
0.376255894741782	0.567155199245193
0.255406429320307	0.371124053345962
-0.0352702056063677	0.0379893539381381
0.176590046022186	0.250987161953082
-0.0301068796414664	0.0316114848796331
0.216524991394462	0.301499142551425
-0.127996756190246	0.144856507820532
0.527008571170839	0.906515860637569
0.342969677953446	0.553482959685894
0.52213596714221	1.07093473476962
0.0564115209078537	0.0632384372960747
0.556085363318511	1.11782767851659
0.120191062647764	0.114581499549207
1.08956094029099	1.45329625942211
0.030474103551705	0.0299187942071543
0.500751067682861	0.887562123684955
0.118388605398821	0.139993251549655
0.835087731835538	1.64380527813211
0.481888522853591	0.575135062040325
0.334347016043484	0.418377559629687
0.18593012716774	0.221438705600885
0.282231972996799	0.335891138121705
0.0752242462812352	0.0761520347092343
0.746691251089398	1.26909235113859
-0.298192364934917	0.354592750823568
0.199879686195782	0.233266252766299
0.0735551953538994	0.0765482345596334
0.531892224374986	0.604939979122726
-0.734719401477755	1.19302639346093
0.630731922993049	0.959259924401047
0.111006906870591	0.118912849498644
0.858053738515683	1.40175022598007
0.0603319817515053	0.0664042019091319
0.929981922653141	1.41690229943777
0.0411787885385219	0.0375226215732544
-0.343286385698733	0.41798281449533
0.033554674994258	0.0304220674518828
0.0344878478298388	0.0301778450918649
0.475782351469428	0.666447848894806
-0.0960319636023567	0.101600346366294
0.505277436084918	0.689080346407692
0.593676152687046	0.949618308727786
0.537353119710886	0.694306646424566
0.102942704211875	0.10557562044993
0.230198035918791	0.262662588065696
-0.54883560182572	0.661936797740128
0.559026024228615	0.689925415757164
-0.149140860377045	0.153196754597175
0.182833761810966	0.17081581063517
-0.154801013318418	0.183619445439068
-0.0728610747519395	0.0721359139497472
-0.1072176689432	0.114725866597725
0.376126467685364	0.550555320386628
0.198255430423636	0.231379228173669
0.355330299934883	0.451451516792015
0.242440123071493	0.32185892371952
0.28501645277064	0.353153238000592
0.76816329684725	1.30570609789379
-0.215210205327368	0.224084640858519
0.550082241842376	0.773389796116141
0.381130437402746	0.466363878525672
0.397001160018424	0.567849052460897
0.683289268081966	1.07053511467185
0.289621301715442	0.347971090700085
0.958332322827314	1.58810792555614
0.498651378175761	0.6592409898691
0.581311974027095	0.838009059385205
0.434544147019937	0.575657431209276
0.136107671386657	0.136552581893453
0.256140076714786	0.303654825897527
0.0633019113998137	0.0532066157794132
0.2005894445215	0.220693002497126
-0.11076222693392	0.106385163072773
0.461315175782582	0.679309987865106
0.452106991220319	0.565113630110441
-0.677451037839695	1.06961895935487
0.428498472564564	0.575276095499191
0.57314269774665	0.868773241232535
0.403538245671377	0.496790880979117
0.0853718054814171	0.0801499199272197
0.623115697040849	1.16571177934192
0.353312462924987	0.421787253746683
0.291061319374903	0.349297149934269
0.116803341871452	0.124528098123808
0.0604137271125629	0.0488041124386479
0.549142823565357	0.824557950798009
0.186183068978983	0.193848542622162
-0.0103754020903065	0.00901225115357337
0.921958904507095	1.81102275867707
-0.101590992324859	0.105697698866472
0.737683817416001	1.51655041525759
0.119208829278943	0.118121675769192
-0.247266634873266	0.218425116304313
0.245792884332346	0.23733033082111
0.530094615356593	0.687173596812544
-0.22880137225171	0.276478306356092
0.0152674092498454	0.0145198818381842
0.0612658417005338	0.0594100450954299
0.421362511267573	0.583827221529547
0.288403266225281	0.342468952525576
0.0239528323370274	0.0221241529669403
0.201343203186893	0.238481548582603
-0.095195925550572	0.0906283594437532
0.034781831752574	0.031066290158999
0.645073330938235	1.02842753909415
0.195379189858231	0.177956219638796
0.649773100210253	1.05681977942258
0.130759403007898	0.1287766525084
0.559667445962886	0.915178547316782
0.0718093606186395	0.0634652654695459
0.388556889499672	0.516875159454182
0.127828202880325	0.119010105909288
0.311354468949224	0.339628435701356
0.15994452920787	0.167543057293918
0.671104354209714	0.916297400962389
-0.405288097319242	0.43026138504122
0.381014178303758	0.404876788270251
0.127051457308774	0.113076591726563
-0.338070563827457	0.366001339785033
0.245697334642605	0.260492392311226
-0.100033529407557	0.0875525590974181
0.0672131604884064	0.0529457018741274
0.138414669114431	0.11891639134429
0.944443725866004	1.00828849724416
1.57388120186844	3.56148182324931
0.0405767231588658	0.0347089492411089
0.497576037066286	0.81557343377173
0.0256741533879303	0.0287763372435452
-0.184421451034474	0.150609982130685
0.438224985616336	0.502378233019378
0.458124826598921	0.460476368764984
0.628290042907996	0.864213538356478
0.366301852571445	0.421265498139446
0.554682076320656	0.692448468379938
-0.141606373548104	0.120067000710752
0.274702257651501	0.259989195688464
0.140591630804796	0.137360851825659
-0.0926207788001011	0.115495215970696
0.301299251136906	0.439550917555957
0.145270942195311	0.134739072153731
0.882111403026411	1.24667073253167
0.453200703935084	0.433181628129595
0.0649219907233639	0.0529129780742433
0.18463762605459	0.153375890341414
0.321401966910166	0.325998330176916
0.83539266226165	1.18566133041397
-0.271813031939295	0.256830899134503
0.507932533637924	0.606827695991684
0.250448129176358	0.23361500777563
-0.72226090453988	0.973127984034051
-0.367371221810188	0.363766534541578
-0.176257262999636	0.176797347817485
0.00907575878810204	0.0069898464333265
-0.208377648635302	0.216985250400036
-0.125118753130435	0.152688708197639
0.067390248647514	0.0874468003472669
0.0871989157121538	0.081767173555009
0.324555542716922	0.340079685052336
0.415254243281357	0.412628725862708
0.595737551634621	1.15142652059538
0.241575722570416	0.280501187483945
0.198759718295155	0.221226043633894
0.292458626459236	0.325618661175415
0.615547212738105	1.29899075252901
-0.199343515543118	0.215002893095743
-0.0811748987391297	0.0813699370454426
0.535373620853615	0.779882360705873
-0.231145572651378	0.245074543997627
-0.191106462939081	0.192616571242889
-0.177228727493944	0.179348561623684
0.287059056421285	0.338028690325438
0.0869470738408579	0.079638921764052
0.546603953881957	0.756461964514937
-0.220358854339922	0.234016104149007
-0.0416712961542722	0.0391714777946573
0.309267287471686	0.438842253692742
0.283775833829706	0.468552854370124
-1.16918163294394	2.0243584785321
0.393871691531853	0.495864453033984
0.23421909693743	0.260208422370236
0.431082838951066	0.613167240530394
0.445945087686308	0.499076343268627
-0.40810501297426	0.479215210985191
0.758380520086936	1.27865241300034
0.45256160774619	0.580798907366379
0.208682306495609	0.207546090329199
0.325588790254499	0.387764328176199
0.266140996170953	0.364577704206111
0.299634714077925	0.322258370260099
-0.100491645779188	0.0946457472198643
-0.354890931141241	0.380390979153718
0.547212163687567	0.84339776567681
0.466631789651256	0.587815825502468
-0.181211357637347	0.177226760238336
-0.162204922591232	0.164948451499196
0.419969861562308	0.559197723079412
0.25393617295767	0.276541699110505
0.0453648607773573	0.0353194484217359
0.740730623358773	1.17261664986682
0.00554950980165259	0.00503814212690611
-0.192530555109963	0.206058230838443
0.588425863837295	0.850847894761172
-0.163520342424021	0.176044865661692
-0.420141665163354	0.708884975035747
0.345463316108158	0.565365206290528
0.0700316240955705	0.0711633992271334
0.232677351226417	0.27354063652044
0.567994933451715	0.696277042928526
0.796059878005789	1.84553677938991
0.338653352338831	0.503119229552206
0.514016965721383	0.949373286114473
0.632622459341922	1.16753921043972
0.177230461435685	0.229357594597278
0.862052340285897	2.03875815202491
0.433897566224203	0.586386527496966
0.414828066653797	0.747071725903971
-0.173410926730285	0.224260383849618
0.234320565400543	0.300735542934998
0.154812333067388	0.202779952546093
-0.0283134552539796	0.0302303088860305
0.155727864766575	0.178500254194676
-0.25290255430445	0.330983706708914
0.49281001221404	0.863894242867272
0.647416033620594	1.32219926171719
0.982023732915089	1.99489835648116
-0.341573382183833	0.462810167449446
0.470819602188759	0.889755977159597
-0.451933690119178	0.733125876658429
0.286416142309103	0.412148843025188
-0.173669255472641	0.227890741658814
0.0768616723495025	0.0784562289617152
-0.423870450482658	0.690025989619002
0.231240215916685	0.324584204085639
0.203624893198018	0.241670319523325
-0.085764685582414	0.0862008931946698
0.32231271417548	0.432242628921899
0.553935885102412	0.882775918678273
0.0229430185057692	0.0236002854385596
-0.294864764913006	0.337806340902601
0.505752921574438	0.675232979687422
0.573867044497009	1.03698522764109
-0.683792484449708	0.902927166637728
0.151234332762281	0.139458179011829
-0.306704795631051	0.399269457447659
-0.27704887520409	0.321808469183362
0.22936199197548	0.299100053337772
-0.310558459904212	0.427209736776645
0.140392270210715	0.178932586318768
0.636307926618427	0.982850490578123
0.42221736740264	0.513018582296208
0.178219662984589	0.23764173022743
-0.412752804479407	0.619919461590455
-0.133744897897361	0.157378294069267
0.250189868150105	0.362033296255088
0.570716558499983	0.927927717893627
0.572353986073682	1.05728857148215
0.560932256834704	0.837911713907992
-0.366545310774656	0.538733821533791
-0.169387089499196	0.198730469084513
0.262118654302821	0.313488002167922
0.496089534002485	0.721537282298451
0.650034848097646	1.06046425183654
0.557295357955189	0.606479286255638
0.321325738262997	0.424369558726819
-0.0156893454338084	0.0176276629902291
0.229083366804276	0.32500773654537
0.384931413525778	0.629219220705621
0.413311752051663	0.7780859290544
0.255105294055257	0.381101745211947
0.431566466967292	0.83043538995647
0.308599502622953	0.505287754097699
0.429781641218872	0.830124049781517
0.58354837692425	0.99924054565385
0.227310309048034	0.292470963010035
0.643618919496668	1.11128638353948
-0.0411634062318982	0.0472453850207521
0.315147591465347	0.550466791006662
-0.343800891363614	0.527863028064266
0.504994716478515	0.989074360943734
-0.12160598339038	0.160157750571811
0.161921943787447	0.22052244794728
0.00364742997527702	0.00407120090693754
0.537946678672489	1.02820802742652
-0.0712789327310991	0.0840799001351232
0.194667351295421	0.248183790313135
-0.175510163943396	0.225596586859164
0.922807642975925	1.96414824509978
-0.382300669719216	0.607255838161141
0.46789868472134	0.78709852729604
-0.279245241417835	0.431080170425832
-0.0727207936038055	0.0903120881535341
0.201021885485423	0.246308115098484
-0.134893519606153	0.144546614106989
-0.12236939597611	0.15674289784771
-0.130879858078535	0.171818949327918
0.78355456193948	1.45910532698337
0.170143524948493	0.246710755772305
-0.0866841307252318	0.0768510622932413
0.505285205622898	0.85466937637935
0.303074739772646	0.423593547822721
0.0664781163321592	0.0741461226901125
0.566715625228791	1.00172458250332
0.236124095619238	0.307605384159495
0.353547409811055	0.553815589044401
0.0279079797240005	0.0341999664617783
0.157687316087296	0.222885330775695
0.497187898943886	0.952682203396966
0.610450025755308	1.18771848551128
0.370068579805198	0.600622320016357
0.355964622056928	0.593802036470384
-0.0391779266074617	0.0462424221184497
0.0492338557415785	0.0583065511038719
0.357845743166407	0.570577107926224
0.699918572700598	1.3118139309969
0.765427693099067	1.07617791875305
0.398274991934771	0.410650873816109
0.660592507365944	1.27225254708844
-0.0656024970881148	0.0714881647744064
0.0225919715777278	0.0239461799964784
-0.37706459881972	0.571906268918831
0.197470054758143	0.240365684295436
0.475940353267263	0.586467252370039
0.408697633204611	0.482223821007
0.883104853986783	1.16209851616164
0.886214440079304	1.55042707216121
0.23582425962272	0.302470210598813
0.290412590425778	0.440912899538921
0.522722124044044	1.20637063360987
0.519685947099204	1.0506925878979
0.428018403955961	0.806727660927268
-0.152834492251549	0.209469310184986
0.512640313883971	1.04162801135167
-0.0109776673330824	0.0142374360104768
0.284559637617959	0.488751064456201
0.206928966048388	0.221537270394869
0.34429782831427	0.544247695797564
-0.267188363412452	0.417271352368463
0.0836353639329014	0.106460306260657
0.114709082940658	0.154691411846807
0.528816484891137	1.02213192386222
0.269696881074477	0.435095993993957
-0.0383286434094482	0.0447024367372659
0.0569399186680188	0.0724216362574583
0.0930312885527902	0.113225400252775
-0.134192761759818	0.17378454143203
-0.299470569005786	0.447538247472092
-0.327783889251263	0.510331319695543
-0.0973342522239156	0.12389975047105
0.354513048000192	0.493765321330378
0.144074493621946	0.198936303005233
-0.136506143592633	0.173294287207855
0.20296935826925	0.296704006599858
0.349424568772334	0.529923872551526
0.0451887223030956	0.0492334634609977
-0.00213789260535173	0.00211185010564584
0.475082667798506	0.84996910596815
0.469171020757246	0.778058510653779
0.290656725547449	0.441451555837694
0.647021071921343	1.45959096790216
0.381279762921297	0.512901341072808
0.247799707898343	0.333267585938809
0.414225753488504	0.692716419317248
0.4634042037949	0.865248287877065
0.176224649946988	0.22346678994027
0.0806676912372836	0.0977932564849517
0.320215732248606	0.536161485266377
0.0721640695660871	0.0836018551605261
-0.17758311971553	0.248609133910579
0.0262397505319714	0.0306677043160028
-0.0368159387621573	0.0481957152994318
0.525978806154953	0.998466095743253
0.264654143131922	0.439016254669407
0.443569241628869	0.500791644250006
0.137825998957117	0.137427614935402
0.0705260601258043	0.0738681512434931
0.221873622806091	0.27934799893409
-0.295800593938902	0.466280197917656
0.0615468976313896	0.0727381673059085
0.353290089876868	0.514782083561482
0.319724499478777	0.319352940377763
0.182465475802569	0.169164902856041
0.241057038701348	0.340360781969915
0.303806078567626	0.494982196121638
0.428199857687338	0.871804028845398
0.151011345889624	0.224721034383305
-0.00129179309418192	0.00165804613203145
0.521514725886024	1.32595017608717
0.080664880752849	0.118203647336305
0.317047222248235	0.576668030972286
0.0998223448908545	0.132056795158181
0.345703663904395	0.692270649064554
0.445582353118724	0.636331788299685
0.508572383142211	0.876293921951615
0.176039988016227	0.266509585598521
-0.113806741925331	0.156467445882225
-0.0378257958096585	0.049843845108783
0.124135195148153	0.156119473317321
-0.0560285461805618	0.0784436825737068
0.409675028050999	0.790392001877049
-0.231062769306929	0.385366226384788
-0.0721733560992306	0.0943215974701011
0.495088862189446	0.87648903436611
0.24768047560808	0.421457340068983
0.509551798981071	1.09990464067418
-0.0539497204458449	0.0593513385379647
-0.277171013298621	0.405324664058142
0.240963510794771	0.363729445511457
0.0813577413164421	0.0990502055326223
0.324228567065004	0.553379629282902
0.422124213799723	0.798345955471056
0.299452347197575	0.441303385983305
0.0124190756279835	0.0137850034156119
0.212806523224617	0.259082063114956
0.881125741816129	2.20838493630272
-0.0169700796283635	0.0181845113481417
0.275539700655293	0.476684999971649
0.103290052017958	0.107377311111571
0.33442489098401	0.445672561074168
0.204793371466725	0.305437770707006
0.312303879296064	0.549626434589235
0.472175675263082	0.84181763653932
0.319918931930807	0.546742179543362
0.382755256499996	0.677105830639677
0.751039980738858	2.11855844058125
0.430733808640554	0.852706635872399
0.599840233879142	1.51567228530154
-0.552952872920786	1.01646658542785
0.241642673080932	0.355713674024465
0.75431498519467	1.12100153292439
0.197733774686227	0.184506582808892
-0.0774000792473568	0.0752184366698876
0.210825009410342	0.276853883153644
0.104460166772996	0.11864262677845
0.00817090144742048	0.00915120811427012
0.382553853982416	0.333873399834786
0.122019565798015	0.0885943549428408
0.300337080746086	0.439429940119475
-0.168142352753608	0.20672475493661
-0.108392728136883	0.153449578574711
0.0804811899506092	0.113118446131619
-0.280364225852033	0.490094031997175
0.0509111325192857	0.0672223966622205
0.00374060322800458	0.00434226044018995
0.103274973548755	0.149693470104489
0.380040232134298	0.812038696330967
0.489784427905322	1.17644970035711
0.165711850651842	0.239455649749261
0.282662667408494	0.418842687440217
-0.0871578836287749	0.107775915355035
0.0760077865072344	0.0967747500595166
-0.0955724131215068	0.127897295158589
0.626417519681782	1.52004127337515
-0.333588622221992	0.605515196620198
0.0511869446751508	0.0654725879088886
0.213162818383485	0.341788864109052
0.108644736037454	0.146933305996316
0.238948190690302	0.369172714790517
0.589784493194416	1.15364725247362
-0.00811257909264563	0.00973643679771918
0.404578450420786	0.672213349574638
-0.343100187983392	0.578043498849418
0.219283256216166	0.284679306655476
0.550437718165889	0.913401365512764
-0.247889176035342	0.368000413739116
-0.187971759217221	0.254389103207677
-0.522479595659381	0.944793635490285
0.480951778646676	0.815542918137152
0.766388564373893	1.23540523356955
-0.25117279393846	0.379495086398089
0.54071631161515	1.0125161018559
0.0941189409727004	0.117814324754348
-0.280183593537729	0.414874628769652
0.312360187977956	0.40940194881552
0.184255874672495	0.181539950362083
0.431971724333401	0.757019553203199
0.450687463106861	0.832785672590681
0.34749966167833	0.481523025735557
0.264442045246716	0.279105403026529
0.271467739854568	0.250100584669608
-0.675182335223151	1.19209150131182
0.658636187474614	1.40669476640707
0.0853480883014699	0.108646407390875
0.689296014660215	0.936857447223769
0.323067372151193	0.325279511278514
0.115492174793246	0.0863280202957444
0.498288001474802	0.672081610226892
-0.199565182073986	0.271585543291775
-0.0273120446775276	0.0315559241880451
0.292256196992605	0.520333732158615
0.271529475948262	0.503346371818315
0.252514024914381	0.461064045057004
0.0864928903871178	0.124734404029447
0.185331828153617	0.282837541100943
-0.0111207622488556	0.0147470896759537
0.479030905131704	1.1123265610909
0.396770953417172	0.875219874881518
0.465424356370058	0.878097985551067
0.499929924030495	0.851229285858907
0.0997473122795621	0.142588157262222
0.0410745355557047	0.0573556316603855
0.0865882890986735	0.113595494796583
-0.587369386792766	1.28058618458396
0.445566256627451	0.997638619726211
0.0248145937871305	0.0294213077966848
0.0133671185195969	0.0174161739498926
0.178682343934557	0.261025821539038
0.103004249401905	0.128608266219061
-0.359393540309946	0.599078939293407
0.0789389123041061	0.09238174194755
0.453457825582447	0.630205203914474
-0.180390116790938	0.233811579023914
0.200407812653541	0.312824322627282
-0.0228346804672553	0.0262463659530595
0.00454217599075263	0.00486873396419955
-0.293746791129757	0.462483938972175
0.333899602231836	0.482983820490945
0.0451037094100827	0.052098393895726
0.150447559889767	0.205642446917492
0.471584721913588	0.851350295687665
0.284323189144223	0.427178206631781
0.570263586108847	0.784890752767831
0.347696100444693	0.476942307350108
0.219684106655473	0.293199231262082
0.0798317961419329	0.104916973134485
0.206339348304014	0.323661054005855
0.104558971343588	0.153289929638947
0.181969973111318	0.2840217954097
0.436526659184232	0.77098037121406
0.254824669583953	0.367424542637366
-0.0104386820361222	0.00780268279582418
-0.360179791199744	0.38796999243087
0.161773290980792	0.199685448593254
-0.0592759678620577	0.0700998082329247
0.26989215825628	0.393220509096544
0.158253020722591	0.202731798532575
0.445762159080994	0.598883525038589
0.575535351885727	0.95690510724427
-0.363372232421226	0.404538168600565
0.513510041073578	0.758874309306521
-0.0148391838967877	0.0179482209350508
0.759748742198281	1.95665463615839
-0.139768751464524	0.200513588632743
0.106583657771413	0.1511096571095
0.297723742558674	0.555591057501624
-0.245847489710703	0.385323243699694
-0.0809254458290305	0.108494364771142
0.50008867115292	1.10131990219709
0.161584562629322	0.237883346743814
0.134897617554106	0.221340975671677
0.108209657216257	0.167164050016138
-0.00553679808965679	0.00646035708620711
0.0728682586523055	0.0899352964126932
-0.290363030754043	0.45402832331184
0.0809321662735082	0.10337519891535
0.139112651608768	0.178737747808471
-0.341339845811731	0.55388353835821
0.275109264642136	0.388113161095271
0.361367691881562	0.525493606123197
0.179209107001088	0.226864531103241
0.00811303333054862	0.00825407546638275
0.623550570948535	1.05127571278621
0.35110649879577	0.593985381480446
0.223022941580977	0.272514309045372
0.281026302496901	0.385200787430894
0.115516884378387	0.132818413255281
0.443839662736207	0.64183134927564
0.273711718251933	0.374516757817059
0.451998058441997	0.589453239122838
0.049433626046708	0.0495114829391504
0.07976590341363	0.0889668308882541
0.529305913962022	1.01004818960506
-0.346360062895019	0.442867662670072
0.604666969687443	1.0958030351164
0.312877971523856	0.488273274558344
0.685411151345609	1.2133127731375
0.182523032493174	0.214922640228885
0.215618098947475	0.337461597610706
-0.193806429138182	0.254716144350888
-0.172402338727849	0.210596736924795
1.13719715966716	3.23209723742037
-0.0547385465489054	0.05157983118333
-0.254431424343123	0.318085050469592
-0.400117706743825	0.515576970100595
-0.0193630044338828	0.0203782274097235
0.180536971508474	0.231369129034534
0.516473819157174	0.769548670870509
0.333079089045756	0.47115316432931
0.232367599961128	0.273540840110181
-0.0994946051709863	0.0953597437964409
-0.247491113547196	0.333644061431538
0.170861363897465	0.240276265540141
0.384226723714226	0.740803279399558
0.49030191082106	1.02918787834609
0.290868046706694	0.471528437561226
0.322668444097003	0.503689222898277
0.141387692934986	0.194427098020446
0.2214240870607	0.297135344361638
0.206536839158529	0.326054395374925
0.198189339570653	0.258260910482971
0.262932809646904	0.350981157935084
0.286846512963931	0.515970706196582
0.188247010426042	0.243725886343643
0.393076809314186	0.760724287719544
0.054751023652523	0.0618053039843031
0.840776700740841	1.65639325012564
0.28109471971638	0.407410179725327
-0.132201537852531	0.146387775722159
0.240080538603463	0.315178621954287
0.113726067139531	0.127624698213859
0.0186662946933553	0.0180974955979746
0.367468380855654	0.503059486556491
0.111365281044413	0.134239336480781
-0.108752091853017	0.132105133138652
-0.231118169188864	0.257838595289782
-0.079244694788909	0.0795088652548328
0.24309204708542	0.310066784024389
0.68736806380637	1.42635427852051
-0.737071319333108	1.11248259148621
1.1933227877813	3.06481785005308
0.324974061467134	0.402978386524517
0.539151144386192	0.794579867458124
-0.849544343563733	1.36258317807672
0.393636406383695	0.566758075721809
0.33294452300495	0.417256415736164
0.350196108316435	0.502279503296884
0.0931420930503714	0.0896523234598041
0.605756352190206	1.02043405873041
0.605600618661928	0.947370906593343
0.232062896071289	0.290886408156867
0.69659909964021	1.25096414502802
-0.27808704703955	0.389395184303251
-0.360735635743477	0.426789394555951
0.281497486037233	0.373020754748188
0.133201874465	0.144076799018425
0.428108982414499	0.617719032941984
0.536611200135084	0.847475744967413
0.615577227018343	0.911092204147746
0.250494258856316	0.258486472495517
0.571205640410259	1.3887794712232
0.268396549219763	0.66200037993725
0.0651423609490586	0.0868038388648557
0.00600641217258178	0.00665295943869269
0.463120014193821	0.713391847252074
0.238202582057558	0.276325563060028
0.391910095865241	0.455379960183696
-0.712295846614633	0.886998050766728
-0.256556936402024	0.224573917744556
0.201074843836561	0.186121194374672
-0.0438042412996757	0.0374972896769881
0.0427246831975419	0.0716563345408188
-0.536928564874521	0.581963552006549
0.18262606576541	0.170411782677996
0.0403295411414187	0.0554351977648739
-0.0585449227147778	0.0330763658747601
0.915203902575767	0.937594577247881
-0.280046650785619	0.157790613615169
0.0922782590781444	0.0578597977409869
-0.49199940626694	0.344820932790376
-0.674525234498869	0.703094219655722
-0.157841301406701	0.117666975050277
-0.415888347997757	0.373725290508929
-0.110255504877363	0.0537218809715204
-0.367547875961974	0.487848702647148
-0.10103525216327	0.100647453930776
-0.532296191951929	0.416212203956935
-0.109523691102565	0.0721700022968846
-0.557992434075532	0.481511355932228
-0.420370837616718	0.342238217148657
0.488206520257308	0.514677312230134
0.0487106248879914	0.0362997326561755
-0.0236953787820966	0.0141933377602833
-0.50272340007423	0.426848618192363
0.307785669614959	0.238635012106011
0.578428446012273	0.555629956146064
0.345468311530546	0.237875161809806
0.21611915337271	0.148575430090827
0.361110698973242	0.235937548832367
-0.472453654989272	0.380674421979594
-0.291124858679836	0.100541425438789
-0.292034789665283	0.225870134411897
-0.736985383105526	0.425400989434852
-0.0574066752682394	0.0453484438150612
-0.124247180445099	0.170684616927692
0.126730518236197	0.212528531633937
-0.0175440846037258	0.0132063793610764
-0.665266561971083	0.690569813041777
-0.490316337013014	0.349659635379137
0.93810979063732	0.806950981854243
0.388890487865103	0.809311301727896
0.235671466199486	0.565603963872145
0.481653959796721	0.987128995185159
0.516151959507706	0.845979203317289
-0.102350682745838	0.114895366713808
0.274979411747262	0.258145072392337
0.761289972315645	1.05655190725441
-0.147395508527171	0.12638736231916
1.01073073713298	1.14249330694035
-0.512343716239691	0.510024800837072
0.534121260199481	0.46199962053893
0.54497199919749	0.545931099011496
0.117470196693624	0.0856133249933603
0.512024691534515	1.20088086565007
0.4918627253922	1.2920772323317
0.332893861063552	0.229711328778919
-0.0831405396118583	0.0577228681880873
0.905167099869748	0.898590397742929
0.452882305283882	0.341724016045997
0.172362540885348	0.277552426825757
0.0769909041562706	0.128296241108114
0.509801536725603	0.498400131053435
0.285330534503173	0.243865072152989
0.554451208822386	1.07453551832131
0.188874769502325	0.152484271127801
0.211782935039898	0.136844174214242
0.207625537743168	0.137828746241651
0.11266870125861	0.0784119524864382
-0.349177149477145	0.320755216523375
-0.0605154862691557	0.0404133765367161
0.42111218100599	0.349235522542577
0.480101657764393	0.344364332335458
-0.390274387886203	0.384882562678774
0.988218396676603	1.05443234295656
-0.183541930433747	0.21422490199224
-0.122547242620736	0.128287174628123
-0.00684005981278645	0.00423456644185541
0.0311670938340718	0.0218696374899343
0.201596144294571	0.154527884530731
0.0377970506636724	0.0264918156413843
0.20985094811109	0.147091029357983
0.330010026126942	0.244965569918973
-0.423492658508382	0.347357066782884
0.710383546643112	0.698471985273516
1.26908223407932	1.10161830925473
0.639255529875606	0.493677563589623
0.640518468359471	0.489001439120001
0.513014214334043	0.362158119470447
0.236572241132807	0.132327855206044
-0.878686828569965	0.751591323532342
-0.885181738950639	0.756688103102458
-0.321466314182166	0.214858586838789
0.772584084136071	1.03779922926505
0.332696003726645	0.244536907097658
0.513014214334043	0.362158119470447
0.699170233982157	0.589322869525992
0.628893084280684	0.971045565090045
1.33550063744778	3.3272554725325
0.362200211864964	0.488354049418441
0.43768665142122	0.715328636383724
0.217999536179387	0.314576718187566
0.320196948481029	0.582274632893886
0.254050466638363	0.466884930842336
0.604899773943682	1.51738414772253
0.38144259362002	0.661913161095867
0.0555912745826419	0.071889298724539
0.368537956799434	0.708021394348732
-0.11502962580966	0.153456678036035
0.46539312069149	0.880157026034059
0.585790558004524	1.0764404323764
0.150930920211934	0.223479480668654
0.283231877506306	0.520251547337045
0.237021652853592	0.403028650716236
0.230490637443976	0.324961672786732
0.409544376379884	0.587378027813156
0.527585940269541	0.883232520365454
-0.243941277524867	0.325376084752842
0.229518833815846	0.287360261645187
0.0528295361452876	0.0495753489028898
0.229955685369439	0.33068182861371
0.435465694526603	0.593227804064853
0.0900774592619599	0.131891769198395
0.224305263929973	0.313377327420447
0.292595294114675	0.328734753580613
0.110109211311725	0.121862064772129
0.287644105568193	0.37688623267901
0.197834530627697	0.227372188242549
0.325568384062243	0.403329441316749
0.057004377812406	0.0559114229562392
0.175903381715559	0.221310838853672
0.314275402108492	0.316443710487225
0.804714346170857	1.23240263871176
-0.0706659670910987	0.0784854229375713
0.0664295132446411	0.0634096789881307
0.324070400427192	0.404474873224129
0.429633783674673	0.550908713487638
-0.244795567689218	0.236706951889294
0.241065003389703	0.28408282071286
0.50301481029816	0.743563172218019
0.0436547115852605	0.0394440501061779
0.66624542970569	1.06611465584246
0.262877603944836	0.252998653646927
0.538758746824828	0.685146552436432
0.290578354134704	0.331296760221659
0.452205983177281	0.557570435821996
0.508457234346002	0.684296756538795
0.449436637752011	0.578632167119807
0.285799371901775	0.342065168023484
0.186409940517958	0.200882107298005
0.140175504541097	0.155017152553877
-0.171015740612684	0.174885008247765
0.717590815219606	1.09750589778187
0.599315023824083	0.78791849087469
0.201675333494461	0.226197413119362
0.613832463265656	0.793807061392436
0.519309287422225	0.902359298701029
0.630805789880574	1.29674159734801
0.419958701048214	0.750811064412918
-0.159228198355906	0.172878669243354
-0.139651242074186	0.169281949626604
0.624552389512794	1.73610139165668
0.11909078039752	0.169645585817684
0.143919700823295	0.238196570004474
-0.0767083110424144	0.108067088839452
0.66657059940444	1.96409081404353
0.62786633942076	1.51544259411004
-0.0238675848702026	0.0268254759703524
0.392565040634758	0.746447516103757
-0.164425257167532	0.253433911449262
0.44019538825288	0.968731300934597
0.383171492945915	0.811876050772738
0.143134262917029	0.19028519286065
0.0912304976617668	0.107497949883571
0.189354598469813	0.239249614870119
0.652230765634906	1.25332695931057
0.0677599727144014	0.0716208889447148
0.491864275696556	0.79453124396856
0.188162554770705	0.266334309713046
0.0479834737518116	0.0575137431341801
0.476929571423637	0.79356481618915
0.205621715567363	0.209298855100892
0.243230653729226	0.360555930758541
0.470300397545407	0.715269234895663
0.450836050343172	0.658208018956381
-0.469715467690243	0.587755518748325
0.298194719525467	0.343590644889502
0.843867512829119	1.43135821782888
0.526861201131372	0.7390433323918
-0.551826313718085	0.819890827235302
-0.328769370897331	0.456566499129614
0.0967835099817597	0.0996929014816222
-0.169651212353753	0.208452657207046
-0.746521661854834	1.14972837946095
-0.223560719390831	0.236175449902497
-0.466798636471528	0.540210481350599
-0.26545022794966	0.309242736425515
0.297892608581497	0.330844848558879
0.925721290273392	1.69428433844969
0.454514283119853	0.467227800260442
0.504943819759101	0.834771455263419
0.692780051080832	1.08466892290931
0.929405896031667	1.80918083679302
0.181981426072993	0.171117140723587
0.668984820190779	1.13451911181479
-0.582138804403264	0.881909019497766
0.220068389155393	0.25648123882029
-0.249357539370323	0.295659394887539
0.333746387750847	0.414204466592912
0.250899048398088	0.324156148457966
0.0553486571350316	0.0553705213162538
0.738338019745796	1.05156401240808
0.526989198357426	0.670218584320774
0.410995339092514	1.00550951710549
0.327337159330031	0.703255251209229
0.371930490463222	0.798630136072449
0.386608564809357	0.867217883844784
0.262376260305703	0.473349157302725
0.307882098824947	0.617712297663027
0.609047856313419	1.64434086688334
0.563967815096332	1.42802903799651
0.343901832169389	0.601791257633441
0.769273771734131	1.83072556770463
0.0500754017858905	0.0593859852615687
0.314680229246316	0.543857324782299
0.537852634646384	0.984753768132726
0.193964253515912	0.252965939102443
0.0876327919375468	0.106482396574617
0.142403554152961	0.273119733289081
1.03044210904581	1.67670264000805
0.390089055471478	0.472079132004727
0.335622174437161	0.416962645857604
-0.409667182422247	0.539796837303507
-0.675199698418163	1.05067450361557
0.551429107678292	0.82586771168857
0.077912788760961	0.0684890528126127
0.401033027413013	0.84728041377688
0.340578941445221	0.390394616885004
0.805389478568787	1.24532825760233
0.183453553773293	0.187311810620547
0.752288678930751	1.01764135626681
-0.151357796936323	0.141684198994332
-0.143358673621629	0.12042908972048
-0.307548215263579	0.357474947480374
0.123444729789068	0.128029779657634
0.000575332027999531	0.000498291711417022
0.198004781933892	0.190085873703936
0.822229714254349	1.25545871268338
0.391332244913967	0.394563979752392
0.138797755487295	0.113159412596725
-0.118532691785174	0.105575040550591
0.416335189141216	0.484986159914465
0.541660196690157	0.622456051132953
0.702113343587197	0.937363533614552
0.751759674724033	1.29118207663575
0.544689435680191	1.00455789750741
0.571208911496834	0.697794409338876
0.342259365100738	0.336456735625304
0.704503792342144	0.870101374424955
0.927940590928093	1.01540638532912
0.696293592881102	0.916463353641674
0.327536406718141	0.326743268591633
0.626605240827244	0.801214106930872
0.399035844862139	0.416845484339726
0.401568382743943	0.582940758319388
0.4138365433384	0.743870804870268
0.518937339721327	0.536892483809661
0.466060513830829	0.596824890548419
0.181832072132784	0.208500202894723
0.395918166939594	0.65886495364368
0.567490254539242	1.33434195659737
0.528559202048911	1.07432191386889
0.19522561176651	0.324061178818708
0.601138880466199	1.6397264092234
0.082764270298654	0.128938374365042
0.656575403924408	1.96277832772165
0.42063887260462	0.852806172172229
0.535779877767336	1.39948047052616
0.402096228031355	0.869487120243791
0.610831625685692	1.4700025181902
0.288894064661993	0.529407037273182
-0.00928857321555184	0.0110811511025353
0.11267295483844	0.156906802340674
-0.198682425723096	0.323122366852693
0.114270932881975	0.181424290122171
0.482803874185648	0.903200278821567
0.235042387606349	0.335182013408647
0.104790995638458	0.115192289259028
-0.018750806253698	0.0197454303496995
0.673605264368995	1.09062509077878
0.442678227833513	0.721382979055259
0.303860125161753	0.415458241944807
0.389538640176477	0.492459890204481
-0.0969198362510787	0.0947900858070857
-0.256798114830665	0.360425077137679
0.285125578953584	0.348097259688454
-0.0908487104489314	0.0897850307607195
-0.0969645432648258	0.103556747754215
-0.276673246529227	0.339597958375152
0.353380918789268	0.396332640225684
1.10403281334421	2.06170931252928
0.0640110673081488	0.0588451160277152
-0.139491283344521	0.130295896772808
0.437606357239267	0.585284338430228
0.334220545816329	0.427819681621281
0.508182957349016	0.869114056930564
0.487201433633281	0.588149486143451
0.796296114799051	1.42268897181849
0.722274400018575	1.10210561073556
0.677453387071858	0.902086905616363
0.936559966665279	1.60957599769534
0.541359300147535	1.81600885935372
0.495087292348958	1.57867839807639
0.470202806497087	1.39492777888983
0.462426801042627	1.87978634169197
0.517783362709326	1.68829744066971
0.563216548802982	1.66600228357096
0.627349094715372	2.01883711547955
0.662249859756498	2.77786191753035
0.616536889039903	1.98591149189226
0.480048408798786	1.37120144110145
0.513126756655119	1.43413699407988
0.444599153406081	1.00663495196681
0.29556501843478	0.513641496245315
0.470835521864694	0.977630897511328
0.603703275446064	1.22756821366721
-0.186255487867454	0.277262973470727
0.661092043564882	1.64871770603334
0.30722376472006	0.419803037496149
-0.145661427463166	0.199275112163671
0.302221777031107	0.701987563891419
0.134869599331264	0.240133156389155
0.370986898166949	0.470277375596711
0.455621742467661	0.670627177895515
0.528692913392589	0.806805202133096
0.195015530873689	0.227352521128559
0.759085257529868	1.18386835927147
0.299677394840809	0.335942939330745
0.378256566939762	0.406435920466479
-0.193875620452429	0.159264982020592
-0.242594689016887	0.195129620508402
-0.0281123624768514	0.0232901526313207
0.197430976236889	0.177036002630004
0.196716996461011	0.217042516306059
0.295326503783491	0.457720151960027
-0.0617194858128278	0.0571731185309586
0.537360477681017	0.609283046273997
0.404946296120284	0.418655858706304
0.4110798050793	0.429340794903503
0.645997230102015	0.801711852317544
0.196978500133528	0.194356152042545
0.55156635518603	0.613728097093743
0.195044049647432	0.237373771056637
0.757384670058119	0.940246114423953
1.10929820269754	1.77845942632147
0.413644246985319	0.565799381370574
0.310252768699676	0.420540067490358
1.06435262014167	1.47300303371111
0.478442272768772	1.69136568328985
0.523203989648493	1.89623580507482
0.436333437356718	1.44865897010262
0.532734413653506	2.0886658576348
0.627565724664898	2.30097825561
0.330771801609322	0.944367355908237
0.33123599671599	0.949733230797757
0.293811189492548	0.674486808424949
0.714198294277886	2.54858952484116
0.68053221859942	2.26287524512817
0.730244398681666	2.42015915513834
0.399309927498027	0.991368986505619
0.249631218111198	0.474156235956225
0.0388416407878529	0.0535176091006168
0.629851267831821	1.735974961441
0.0576835865019525	0.0999115315411981
0.298474996724456	0.738244824976016
0.326793713419096	0.583696746322799
0.349987303178291	0.622687559076799
0.784217609655462	1.73852346053497
-0.0441110807132628	0.0476409342564812
0.318919034082408	0.503939269037686
0.733594579184128	1.58371079292987
0.311914668359332	0.417603402715907
0.580256789849683	0.998797275951136
0.528375030534134	0.739748977693448
0.405614471136406	0.501237368426325
0.331335891808841	0.441344558218929
-0.0681074722090183	0.0738675274772383
0.49333303488221	0.776936265708319
0.308201048321466	0.473476021568077
0.827278374902406	1.55233517920069
0.189653157157905	0.219117017768409
0.240131530346894	0.302924306009004
0.611939126493517	0.928956142378599
0.571530210737334	0.834195388463937
0.267793156062532	0.343320319922758
0.158866270836462	0.167051871047658
0.614588628541532	0.955901220617179
0.321341444632469	0.43253501242789
0.38837656508808	0.64815876562055
0.886728861138241	1.61834973066477
0.391918565436475	1.31755967772687
0.259829745060554	0.6956084699073
0.111367228171211	0.248441665121877
0.218313723783122	0.544269758315325
0.308886995909739	0.822762957935679
0.422437670778018	1.40328043480842
0.739884203267166	2.6666220117968
0.41134319262825	1.03407275027852
0.273236985519067	0.558137187951235
0.523015857595193	1.23003106467515
0.590521755666224	1.59919629501795
0.321058591653662	0.582967088754397
0.41518946512433	0.812680430268344
-0.0647156347239039	0.0839775153364613
0.328977514744395	0.793964244878905
0.0995712660535355	0.188687841867036
0.699477323219996	1.44013257286405
0.697005793565172	1.44391967988094
0.509716711760614	0.888730789120134
1.01505126636085	2.16680444024589
0.256524866578864	0.259800881150194
-0.310675030724738	0.377336452153982
0.377804634504452	0.478502239705845
0.632557573471943	1.07538121909766
0.391600987850418	0.512660220201961
0.668959239072149	1.07085480278015
0.600594184948937	0.792744884309864
0.143545685606303	0.143840517249228
0.402526464809402	0.50794712283137
0.11144302758546	0.112541836765717
0.246873533789546	0.365383004498827
-0.0648406367913075	0.0589065114060758
-0.00103759790458356	0.000983735225238363
-0.767722319814038	1.10144741592131
0.471706634259299	0.59409984419451
0.664635548620425	0.814228862424079
0.24919231006739	0.249376169534973
0.626201082706937	0.724705664145317
0.239272631601575	0.352182475881586
0.770442186060728	1.07193596548563
1.07021111545568	1.77210007211153
0.586096801251797	0.669902185738959
0.736539281009893	0.97198994792309
0.201065537651777	0.548513293380219
0.503058471265509	2.0792651529984
-0.00833462454028968	0.0136834570981525
0.339490411421167	1.00969594842005
0.202844741739816	0.571288331774155
0.353607577457008	1.19604019629563
0.247744964952122	0.630236422739195
0.180818337766206	0.392179194978398
0.504099893736546	1.68675446931563
0.323831469322375	0.808054541272687
0.280749654217475	0.62425062224041
0.114628802057558	0.187137434888356
0.265527800321318	0.542481897587455
0.265643381428292	0.564672244600946
0.171435802780428	0.357481826895211
0.351732503897205	0.688816671526032
0.447889581794626	0.872612930320223
0.522726532364669	1.03121401884065
0.00932757817599268	0.00986932581229573
0.163568212781608	0.194572659213373
0.510748327506082	0.864192353146348
0.151524933449998	0.1696716742414
0.572082147747183	0.852684033270014
0.291430469077395	0.362502832396613
0.262384627460545	0.348704393853284
0.0638417061808374	0.0599682092654718
0.608264973657526	0.807470458210738
0.665029236711994	1.00300435873322
-0.468808393286671	0.634711582589716
0.136919960886413	0.132570698600958
0.883339350424665	1.31070272090976
0.341776213462411	0.416659173897355
0.535435920663902	0.749399472383373
0.298901388900541	0.339063912451571
0.381133393208838	0.50774273942602
0.561671216198399	0.680081627988236
0.598496575142086	0.830586228817937
0.565210600306321	0.755885007750921
0.531453867875223	0.73711821102995
1.10067143077286	2.1104070649246
0.977100601472461	1.7590891406439
0.459499082572316	0.511423800055748
0.306748272587285	0.326649197824689
0.196277021243293	0.190320444304896
0.649500183709469	2.79747039312156
0.70842245752923	2.78125693858867
0.419935586855906	1.67639848991905
0.354424259514971	0.932091325446648
0.496351714600437	1.7605533645727
0.658021401982083	2.55737750509676
0.741415700670773	2.66703230695708
0.553352693820019	1.94425873159132
0.505434629421713	1.84621329241759
0.380617636832502	1.23640711248115
0.516068706756676	1.79339621407961
0.534258714373722	1.85471820213114
0.360599596428565	1.00173776824162
0.272821232647869	0.637347244711541
0.322973702970991	0.732311159921016
0.445701297577499	1.12987689635323
0.439134961782039	1.28428290667276
0.436101737179795	0.863864448598266
0.373721918635423	0.636319153150264
0.397611617125151	0.635798799595402
0.355863805689562	0.500671423517777
0.197228921322793	0.276018389681276
0.973819012349685	2.23329644524654
-0.0134282883012999	0.011853849678077
0.0408599813604854	0.0368385247819294
0.357234975403174	0.479993961541168
0.0391602464887192	0.0330860684080932
0.743451245349838	1.05061647000213
0.837105408982939	1.28747980447045
0.506365049990205	0.658316921846314
-0.100846765426344	0.0800324078752984
0.0616074725398841	0.0511799857617286
0.00731899668493885	0.00581081864113335
-0.380186990660497	0.457849123149201
0.309251000824083	0.330147104170174
0.191377935972474	0.190033976205692
-0.0461799097463355	0.0386984508081106
-0.0325014032581254	0.0279750895060452
0.717996891197855	1.08264766775561
-0.918706758616058	1.54873788263947
0.920677630533214	1.29628595222156
0.667984638984185	3.23938145882788
0.312313344098734	1.24929466702225
0.483059296863335	1.88865826874879
0.626211650838139	2.93354688228774
0.683556279167863	3.22502048633542
0.588525209315649	2.40300759319485
0.331366048774801	0.949956840774416
0.690726508329126	3.49585247061314
0.469137258368893	1.84162629207927
0.321465048859106	0.986860878127345
0.272248791455072	0.69195118017415
0.283309867531902	0.746915930955814
0.381691233031868	0.631949935843277
0.527842724921771	0.839318608419061
0.549988551035913	0.854902376022381
0.550855229006192	0.775377259217843
0.0554940619825548	0.0579822090033425
0.615047154444105	0.970407449630764
0.239207242968765	0.283099487381657
0.445842612416341	0.504068661799849
0.189074092625381	0.170043344573324
0.412435743383399	0.406594403331158
0.13813629820209	0.12575704770898
-0.438208892316021	0.486192294714643
0.143740796535036	0.137125263816879
0.540415902336259	0.609963253813508
0.063505563231488	0.0538946472649759
0.133968333105687	0.123851564666327
-0.0142371069766056	0.0105322864884466
0.192920970897944	0.176232529736154
0.57877743590012	0.702310343242466
0.478821756470144	0.581827103382532
-0.148258482392623	0.445408773349074
0.250638713493134	0.771234240614701
0.415477650442971	1.60722823007501
0.417927791841599	1.71198369584094
0.220521254699516	0.606232803929584
0.913439461812176	1.15178147586155
0.407487099529079	0.340208868634598
0.381532609637711	0.422748765276571
1.04916482916826	0.960297063522917
0.399123560848601	0.338060658094552
0.662360881841579	0.575957904627399
0.0664901051272136	0.0341172347931222
0.315629977174651	0.248529585091443
-0.112463692902415	0.074586674947047
0.470001111182973	0.406055432608555
0.303901616479649	0.337321919835099
0.759093638605825	0.508583998927976
0.248916037110034	0.132705000408759
0.604198157852505	0.480863603704249
0.371223839347075	0.23396348934615
1.25705919200148	1.0094464525253
0.927595644975166	0.795914777955961
0.444096203391659	2.94980356978234
0.597473456045661	2.93901230980099
0.544680345289605	2.25589002356058
0.326019509792993	1.51273324881983
0.283183641404243	0.765772376092979
0.818429729832341	3.42856074930221
0.310161576777597	0.654578983045381
0.390641596862669	0.7009214381361
0.578798782545905	0.837312703516031
0.655440817032315	0.977397908422842
0.495558019052214	0.581978050210464
0.763271613582751	1.03154539028856
0.321984520895728	0.330761466070106
0.822255086162875	0.645987793078833
0.465841777438311	0.257091607094742
0.833035094137641	0.453060797648947
1.31593571025911	0.989849920733042
1.48215046452098	1.44578519588643
0.088626496686969	0.0526139083565523
1.31136262204603	0.968390474131772
-0.210887271100007	0.078670550804902
1.01875432409176	0.612888796841608
0.576125245932383	0.874849873003145
0.372260303690226	0.152639442459793
0.075810427936663	0.0325811422029916
0.281841241054544	0.139971220635325
0.909893366205186	0.680234304848526
0.644475286630952	3.53064120958683
0.408387837441767	1.68509632149904
0.31797533302594	1.49886821970832
0.263942015877497	0.729911929650106
0.53921359069702	1.53818018482741
0.28714120689386	0.567844728411047
0.495858860439435	0.946866550731438
1.11769525498492	2.75538469050857
0.454653080648931	0.650577915308046
0.317083216739819	0.325376598344409
0.471878283917275	0.431332832522792
0.80265869225388	1.24808685205853
0.364426361911506	0.324499263433192
0.508981137724092	0.529059981226524
0.254078658666073	0.39369085613027
1.14515672449679	0.979866968652016
0.822038001916431	0.656729150390623
0.560863303851133	0.371696937533441
0.0826574064805768	0.0445023103917382
-0.488039294069202	0.291098977608485
-0.769381129256931	0.548008016866281
-0.491968413652577	0.279783691193426
-0.179741243699429	0.148338192025001
0.112052687983211	0.0796709630902161
1.32002451662145	0.989389319828329
0.604765052236669	0.190269183274272
0.313213127440335	0.140602346008453
1.15815912005057	0.743131087435024
0.560769603857043	0.361206333610524
-0.327452474394492	0.171978130786123
0.0790849963424728	0.0327912097361303
0.379345339250838	0.156709729794293
1.2687656598295	0.569088781603671
0.607744337287113	0.193833004664726
0.298640589487035	1.38848719985605
0.337109631777533	1.16286619532387
0.779695719759923	3.58958454853823
0.508108093955394	1.48907701095291
1.1050266118813	3.76302115484863
0.990931153948002	2.71867802637927
0.485048475112583	0.832396403562039
0.792846402289793	1.40763660621291
1.14253140353111	2.41161262083173
1.37952260674136	2.65895277913479
0.43155920017039	0.494882349984386
-0.808385821234166	0.930558926662711
0.217950264880901	0.357208099394287
0.404318836916856	0.324576460131047
0.0681595874047158	0.0363572172095352
-0.0976439498461497	0.051140415278547
0.52308953392856	0.451837935494164
0.211274241144925	0.125453234032937
0.425239436236958	0.244760850049048
-1.18852801808047	1.12613933758318
1.50624130470614	0.766859631781083
0.00956545454627801	0.00861312115807782
-0.463374297226128	0.502459380017713
-0.482310167403933	0.282183352342524
1.01284394137114	0.625202298851817
0.35547647475369	0.236057025614852
-0.559587195637423	0.372793565731442
-0.732756546856467	0.436520829343372
0.227742260454511	0.129934327198495
0.276406209532141	0.135557679141532
0.532436138358508	0.279686685505066
1.2081941944676	0.677608466541926
0.30720601289333	1.22111503823807
0.917499883979956	5.30436302686528
0.569402999243169	2.23720051173202
0.486412488634129	1.22204911851959
0.55127263340906	1.16551705751417
0.725461640621802	2.02532283318984
0.373302074602132	0.55748121236606
0.616471757402796	1.04488947320131
0.605615395746011	1.20545803536262
0.645605331432617	0.990756932458235
0.358678043231438	0.424013090052404
0.170396408054413	0.291054775540015
0.183370088271903	0.356149382392595
0.677142068993993	0.832636237158518
0.864959442071675	0.766410933255415
0.624609217931895	0.646502353858586
0.224457811903174	0.138917861287442
0.428561670658068	0.317010129884117
-0.00944349423608213	0.00571412932911856
0.332732304663805	0.236769267825482
0.318086251917874	0.246474740908685
-0.870470821697342	0.847665550429575
0.320618847510805	0.146043074093784
-0.109585175368446	0.0718548328272093
0.305289642233265	0.351764964530588
0.250817210190385	0.258887381896238
0.380869368777679	0.23924453592121
0.286898098759924	0.13874264293642
0.0753464304860134	0.0346335542482223
0.757399384374852	0.622577782367533
-0.428283404513716	0.311850557471545
-0.870732212388556	0.552495605132
0.759003163390896	0.321939762422983
0.826497990914119	0.448854254296223
1.02561445564495	0.858541375463626
0.242752447531397	0.125914026575304
0.223015512115386	0.133101448075759
0.396978246981675	1.70213474803523
0.532039885006777	2.08365539655711
0.579169324464203	2.01903055243194
0.63119418272931	1.84417729550663
0.645964424471054	1.52522496386296
0.731237982590486	1.43223561280691
0.646577911036455	1.1501551664346
0.353160890487805	0.480773006045347
1.06620252130424	1.69617510985245
0.258430659119721	0.250841459122527
0.314387640368346	0.591130783542078
0.181084304225747	0.31949174225554
0.543342055506318	0.524811457915085
1.15377142687321	1.3846939131047
0.214439055432427	0.15499601131826
0.83427163580356	0.452735324296733
-1.09956092252618	1.20525566133936
-0.0670165554683393	0.0362358278048915
0.0938700713100342	0.0556596841194574
0.0580799998200385	0.030580789471603
0.996187256594751	0.477063767881039
-0.0907450240014428	0.0810613974228806
-0.257444920891996	0.258185853790393
-0.121078831786354	0.0593368431485474
0.752215794852026	0.325873343524793
0.245793366102964	0.126081965172109
0.695294180872685	0.505416527212307
-0.839383860020134	0.398320113496522
-0.466181688111869	0.209063881174938
0.0730056189121785	0.0310558303584447
-0.688049943679098	0.347021357197142
0.614893284627074	0.373370444879138
0.368934854066448	0.15088220071932
0.760215772959261	0.517361279142046
0.237157966992208	0.132478149113235
0.838780556576404	0.435492367520216
0.796928264046506	1.14259101437789
1.01661745408263	2.06042613998697
0.232585485330282	0.252446239967826
0.523510751214452	0.451630873810899
0.369722912657356	0.323114131366557
0.874279354821543	0.946955948969379
-0.00493583744088166	0.00296902048246496
0.125829929387645	0.0950087875873428
0.325367487092364	0.420880134841614
0.218262135619694	0.279520181722176
0.302329928531171	0.233648960726055
-0.0119472540170796	0.00731823954234695
0.823914750285692	0.654505024520276
-1.01927540716203	0.769299682532813
0.22824130223569	0.127939899318741
0.219806897677443	0.149979457572535
0.142506086502301	0.166227347822553
0.232986696307272	0.309195829060717
0.0810668865632416	0.0723786794292643
0.267170986542138	0.24700295413002
0.416863126839713	0.343718283014524
0.0859092661620809	0.0479782830785286
-1.13565268736585	0.908230075721243
-1.09423491988492	0.981928071390663
0.718241169282603	0.716612398250358
0.617243908322523	0.294772066401508
0.206503585244915	0.129618817217029
0.129397580013253	0.129079477322131
-0.167583335895414	0.191221475028574
0.111380444671895	0.0768679195577703
0.120628296921744	0.085354326035942
-0.659158432872231	0.654467913466177
-1.09543371315196	1.45707276698713
-0.689640180607376	0.756426729133418
0.0843556358178715	0.0507871522844592
1.06210839923961	1.10911866592334
-0.4866834162429	0.667899325041728
0.338884192956657	0.489142966190278
0.128809633102036	0.110832419154998
0.546760391442087	0.547883931941267
0.388596906885963	0.315577076685308
0.315507966595415	0.246334345839249
0.199848215106516	0.164372838726614
-0.019229162989088	0.0163569955421279
0.463477857345995	0.436904488835816
0.594818693761133	0.47051169674798
0.497482348237718	0.421170330820778
0.194694609895487	0.198396087938781
0.646546939899065	1.12690339350403
0.193085993702352	0.173473488449862
0.723859072805514	0.796000925514022
0.201413916116133	0.159867049494239
0.203800525384321	0.166360747877136
0.337039378026205	0.236123846779177
0.532408464269804	0.4405179091755
0.102089761756002	0.0649791411442905
0.207600521338052	0.129760472043652
0.104862711177191	0.0686224882077097
1.11017112958962	1.65711530702602
0.218276607068367	0.161469511233513
0.593983783880091	0.550970140330729
0.814529532203089	0.647878468291162
1.27061588631804	1.08980265916762
0.652082861248944	0.489546786277779
0.318782282719432	0.24599656337978
0.362140051964415	0.482281523465596
-0.309682554761412	0.454357627778025
0.750503412759587	0.841706618715457
0.930835848326104	0.779830998808446
0.208914892628424	0.155655555418654
0.123161698238526	0.0984090669012508
0.464651311996291	0.517974410161903
0.463205742302069	0.439973384625011
0.0190349487070046	0.0119657519552786
0.206893430997428	0.165674372223267
0.211160830152353	0.163016573804693
-0.328987789756497	0.301392328660898
0.274791389099762	0.247835624978909
0.266496380032247	0.241087133568084
-0.275148812078591	0.215598029676542
-0.0837565013333837	0.0450621274590602
0.29011503043271	0.236121445634372
0.474815831587852	0.425036104677235
0.35753301681444	0.326143291703866
-0.128002389506669	0.111169851859643
0.194547382796434	0.184875777209089
0.58550730788374	0.910011297444161
-0.0176162182038589	0.0151859359924283
0.206265745726817	0.149654326406245
0.199936636515461	0.194833452442077
-0.527184940914709	0.494164389466532
0.770323646973819	0.827150368699703
0.42097583447352	0.4214734493413
0.253045398720404	0.262191299209968
0.123151712730287	0.0921884666280285
-0.183570154361772	0.179673759981468
-0.407962296309017	0.514031422576816
0.628068133785529	0.894463623738639
0.440356193453361	0.636352917673538
0.661097585209656	0.747443127048243
0.0710659065028426	0.0601182985492122
0.201169753624849	0.218707867399278
-0.189378504379487	0.17257591537326
-0.0313890121426281	0.0263418852113512
-0.228583182096439	0.205196180134645
0.15757504094216	0.170895004031438
0.141929189265655	0.134215220575367
0.368457094532191	0.433760414940504
0.293743091465861	0.349566984807289
-0.181176863125493	0.190729025343449
-0.449439357119612	0.503468915096491
0.687855470838267	0.937521427472926
-0.135058941990672	0.136948505009749
-0.203356267343969	0.226149562710455
0.113098681748006	0.121672103220455
0.168349987233518	0.198793945828782
0.319222517622691	0.440586864088564
0.606173523574425	0.896940944284216
0.142192617264018	0.136680756515994
-0.0212089445777995	0.0200823683505204
0.234094940847865	0.280769800529742
0.0724363781822698	0.0782650472889801
0.19556097675728	0.228052967734481
0.0914395528789753	0.0873211815700475
0.537706742265883	0.756542203782721
0.145963057108523	0.167825587521622
0.138456411356951	0.157976698382869
-0.655634695717454	1.10993065549392
-0.154076829009511	0.158515353575047
0.279967523772608	0.330802012831347
0.152557407815913	0.150013770000952
0.768003605834503	1.22961521060183
-0.470254238994256	0.519984749700683
0.237838571638361	0.265654787659192
0.403708497247117	0.489788870374816
-0.151758380729243	0.143968232542147
0.251178064661169	0.281562658467775
0.10590038220694	0.100542982408312
0.344032310163859	0.605714501659411
0.628684573642965	1.30833675977955
0.453940105759485	0.667594526508961
0.449611152913323	0.694449671431242
-0.242183534550461	0.361871609420621
0.307043169652542	0.427740842330104
0.00155645327751552	0.00122862967782536
0.191368358645025	0.233988298960827
-0.03389264482496	0.0352541189527796
0.150420926276292	0.189073520848216
0.0051109390901463	0.00575958741146046
-0.155348264838733	0.165019523407244
0.20224914417994	0.238012237492717
0.827105645785525	1.3736795422827
0.510039323611121	0.668379245787941
0.701497012192544	1.10423541619261
-0.127965768638775	0.148997756109361
0.0964715118964509	0.104715816654156
0.0758765905586744	0.0788003784497479
-0.684940232073628	1.01074690293795
-0.737008138430767	1.31962396814894
0.632897378721623	0.900241605350878
0.108960479658545	0.13975305037806
0.475536461122042	0.967515738183059
0.407917442370544	0.745070130112773
0.394998234218825	0.734097526458725
-0.00580782100465379	0.00640510180824617
0.303003678898879	0.556776755395486
0.428415107415692	0.779362008435927
0.411785820274981	0.636313924848534
0.459953020227187	0.926630648614333
0.318827399853349	0.431556215627093
0.298779686804425	0.453575460792207
0.186682032722796	0.169748991755153
0.450171497189285	0.67118654092887
0.336209413929083	0.551891787477244
-0.239040512987104	0.347803349314513
0.411457446145683	0.637368563233027
0.336210172926786	0.49205365977726
0.411283368390361	0.706819587024904
-0.0799872081469075	0.0932641643122335
-0.335263354170524	0.564664725701164
0.215247059687869	0.278228522373443
0.279128185417264	0.382428806267001
0.253021891212182	0.248007652194605
0.193171601080812	0.19188361409588
0.0808947086115917	0.075548248146149
-0.675790158155521	1.10201762848644
1.18078513537591	3.25967437731505
0.29876279564794	0.403724523617077
-0.00371516072531451	0.00364836276239832
-0.0268832945601135	0.02587900900539
0.336532532022572	0.331280407068979
0.274654493925411	0.484441713417791
0.419140465214742	0.799257813842788
-0.181121465562434	0.245399897489461
0.140147812011648	0.212937752519305
0.157773567995813	0.206550347177129
0.60388902901859	1.23389663231375
0.162271724744665	0.207380372387329
0.70850016669019	1.40525428405287
0.426931162786205	0.882003961773112
0.327872681204188	0.566638558316354
0.0532431138230018	0.0649463220629757
0.153634210924442	0.206637995659866
0.435315363208823	0.564586232169914
-0.0415302896746308	0.0419943548675926
-0.233739241751833	0.34082408550664
0.137971827272368	0.152143033094326
0.176492702882535	0.217087370739432
0.25034419708623	0.367369722940877
0.281691986849201	0.384268532468279
0.204787067838672	0.288012871868011
0.196726086421927	0.298161379268454
0.42829189135949	0.792770655839574
-0.427267259319921	0.665712357067763
0.173210720481986	0.23444035883165
-0.354067967374938	0.370523056517311
0.323535758168462	0.32555027205252
0.314051062413044	0.373218458058699
0.197050679506739	0.229222893990319
-0.0844258280736204	0.092267722887869
0.0932647348584802	0.114807572115771
0.501518086528253	1.08724581385053
0.324116317414473	0.559834409721444
0.801095266700194	1.80246778303218
0.178226835830752	0.249248019307447
0.337898557324411	0.595321492423005
0.229821253596837	0.370218219683974
0.819695883648022	2.2549838268166
0.33959807344596	0.519344106593574
0.213911291615342	0.291463617167653
0.269840350496374	0.440303132435613
0.24254210399535	0.409962817837692
0.143098260471762	0.168868354958815
0.370418281927359	0.607953317345825
-0.118784396236487	0.101516124864137
0.573078284032301	0.904741338802173
0.241326770774255	0.378406367281725
0.474851189700868	0.981839177289625
0.617302254205033	1.22117760428846
0.10908019229414	0.143600674528956
0.425083832799552	0.822910653314857
0.248512557197252	0.429023957285517
0.348250768114183	0.563939049793266
0.328244006467261	0.501600128478887
0.793297676593096	0.921580073505543
1.31713884880737	1.70748728287177
-0.193569618425227	0.203505064484952
0.192700864575302	0.261628941610055
-0.060256835004128	0.0638184615948281
-0.108556004269079	0.121993391871685
0.479955818791962	0.794400493804532
0.343502598730019	0.683161018778081
0.353258561744746	0.63298609531192
0.285189792282562	0.518092406964952
-0.151474262450113	0.228688953845391
0.580498983190997	1.43615134155692
0.398004206514445	0.80565710127855
0.304699897431647	0.49833802385532
0.319977854506316	0.468583891861794
0.494717957087962	0.968843894018462
0.107104595189433	0.131959631192186
0.162001038459297	0.230267637767149
0.500736593408922	0.718162567219037
0.16941897706403	0.212147121590681
0.614098596960952	1.47097432206062
0.203634103939095	0.333491320050393
0.479596186682507	0.886514092832743
0.601846291393372	0.65024271671213
0.769124827033675	1.02431085808581
-0.230103971595058	0.226478770714326
0.0565463275197932	0.0648417072797496
0.481889951158252	0.874631382575159
-0.143562439412505	0.18431438576149
0.0555761325732565	0.0590767703946444
-0.0412186493061213	0.0415762352182869
0.16995189172947	0.245320707651784
0.13417960958022	0.207814678464385
0.174772970613999	0.259284972759649
0.469704256208726	1.05621791462608
0.243664582850705	0.370600664451752
0.352619314242972	0.595927960836154
0.453233700831768	0.81171398324124
0.293136683133471	0.3293279008371
0.139674679221131	0.144782177519735
0.718931143163957	1.84002748176154
1.21380694769193	2.08297654064287
-0.0543051336735928	0.0382066467959237
0.23979763466405	0.287209230591835
0.187683595279939	0.229569081655649
0.0823728832899253	0.0985042895644433
-0.2418140957644	0.325080069164782
0.519739349528053	0.805312410695626
0.372990980855942	0.923637322193064
0.624759389787766	1.52340223903916
0.462012577807815	0.724393828364957
0.268277845812553	0.507495074441968
0.400262666338069	0.784881405804964
-0.118841766422297	0.141060488973684
0.21056064455444	0.321467098208035
0.349638307559834	0.623398592568319
0.377095735048932	0.480491324504558
0.176068666019264	0.200254916729069
0.648347667929357	1.33473706850029
0.298918515626871	0.54058719176535
0.203170692076204	0.188663984791598
1.00790412611131	2.15294852264372
0.203256903310725	0.249210140880863
0.215550935078134	0.300883275608486
-0.210603204553586	0.283289394601397
0.256580612938528	0.609255740513587
0.496881067986671	1.46048320881358
0.456030885300222	1.29714711474357
0.738371788040206	2.26436762451508
0.227921369490254	0.427988149647423
0.13028193941621	0.206229780196471
0.214676270147067	0.438089026839157
0.421062965615018	0.871192731367436
0.639047734168027	1.55593405759695
0.286947712824247	0.38662831447864
0.027263692952093	0.0318104588087512
0.291133410987107	0.50765310904652
0.20992388501346	0.335433804901089
0.506338877580941	1.10236732676399
0.51570818940096	1.12836597383387
0.234172050524073	0.273282651855484
0.175135233733402	0.227397417732332
0.32727635212799	0.560584761802662
0.225357647443116	0.361494041438122
0.180997393026625	0.270239655950252
0.14622843552645	0.219323603713594
0.262281714695374	0.452492776551967
0.443425078217204	0.5295240747675
0.361240711560819	0.37586279723036
0.96426240004806	2.25207403070185
0.552219322713839	1.03989000377981
0.430477515058512	1.09984380638592
0.384857004332697	0.948127933716169
0.319660357131473	0.669569812940034
0.346831893899081	0.711100595904272
0.402176803570324	0.872217708979897
0.238418554579244	0.42166115852969
0.200201592973394	0.347854495062026
0.234746154173065	0.368750188804414
0.495461722652342	1.15386305334255
0.20177353002849	0.319867932475176
-0.124384638381982	0.188088008404006
0.576024788925456	1.35781563209834
0.63478191738397	1.59695500776312
0.383760072214067	0.701312788221105
0.188045091777499	0.266183615716076
0.261881684301681	0.377617256422192
-0.0827886616695239	0.0961393289683572
0.284079300788177	0.40271739367318
0.398229740565846	0.646242592083858
0.117812265031728	0.165214507957077
0.251914794494156	0.248805688307786
-0.0473049836235176	0.0472270335234812
0.454575975284301	0.698331552204722
0.0810870022407276	0.101886730336196
0.722569273355465	1.12030537231618
0.223411766085282	0.332868625337766
0.462828982876237	0.872407044780236
0.264219398701295	0.375369105266355
0.429922213940241	0.659035631548296
0.482625151972734	0.704660425565491
0.712919601441747	0.996106994953669
0.203469720945279	0.212348284482889
0.101299486809824	0.11321434196945
0.145276814845186	0.197553103050862
0.174491719650086	0.261775300186249
0.310452984390675	0.526244576250258
