x	y
0.395872238156493	0.870698888789125
0.137564483542198	0.197587649892862
0.242658224472158	0.326785671491426
-0.0269955473259637	0.0374490824320704
1.43432959273303	2.06994763114679
-0.0398606975893932	0.0402750066497857
0.751897452692086	1.60379760468136
0.505608061170425	0.752376479114181
0.58339866709748	1.12291401681477
0.0985357773446277	0.159249027739278
0.127462525217822	0.101977585691971
-0.0598532073880672	0.0678609641528366
0.19078906425018	0.282541538993559
0.52494521292803	1.0691345935911
0.134175267827404	0.158967701854949
0.481219908117659	1.11159622993814
0.310509624549708	0.448034517464604
0.188718662177621	0.157065122927061
0.0333206375350451	0.0378871149592169
0.148981535603087	0.197678939389845
0.860893630454976	0.873143063700475
0.335427218070721	0.463176645447696
0.682026202567133	1.55994139762004
0.229991945688172	0.387181636085286
0.302821874957756	0.460998067118204
-0.524021234415325	0.525295902872881
0.00163507042228847	0.00179461548342697
-0.123675102329446	0.166693511181774
0.64649220721794	0.821540282285504
0.148280587045519	0.218026387426244
-0.0269874685043017	0.0342327786938569
-0.0105678215382903	0.0116375873783152
-0.455442603114054	0.668698741986375
-0.185000929756896	0.21363424267036
0.126395471606909	0.172892575724768
0.202732165412907	0.295345980899734
0.364754321891162	0.703853458488916
0.388458224726416	0.574548069175844
0.344412920238274	0.529695207693476
-0.236289430908752	0.422244572863304
0.524145348837934	0.952967782672895
0.745421710761125	0.826175301524206
0.021501093346856	0.0243398869106155
0.465693422005549	0.959071850992034
0.450209588612937	0.430649409509722
0.773108793702116	1.36751042262284
0.172054113787288	0.245516924828752
0.162493376109802	0.295747108864256
0.137257751432269	0.187126623298938
0.0740876179749246	0.0637445478197756
0.416524972429129	0.753562765683906
0.247454548798099	0.439790427493718
0.157928833161813	0.293430745810727
0.375752909464024	0.786108607923232
0.177305286028959	0.274569136623947
-0.25159261930392	0.354599089657863
0.315377805867837	0.626830940244715
0.582657285575107	0.636038780985401
0.156591434021008	0.215153530567596
0.329602939147468	0.669535665620331
0.0357291646327289	0.0554620354840308
0.38465200885221	0.9276843394398
0.460797744742206	0.73099351898923
0.20899203267277	0.296194144410039
0.0839666186421519	0.0914676273305523
0.314935649505949	0.667535817170673
0.403018234746755	0.84133289315738
0.299902419054076	0.37165837182421
0.0259625282093384	0.0175628435895596
0.16121972627386	0.19872128574098
0.18384985411986	0.245328366024019
0.355641558688708	0.687309271781364
0.457086472137105	0.769671614398911
0.363107873066404	0.551608064426525
0.546811718701718	0.822077685004516
0.597852376959375	0.721764645208701
0.289845995254271	0.224177617209932
0.378716799589435	0.404677706745557
0.0851697768297196	0.0995116773560338
-0.712083945747432	0.694200213306889
0.0696896087806022	0.0753853272945614
0.229253731154001	0.282693232578462
0.251582430957521	0.346844192618124
0.135250417434464	0.205236750740784
0.0704152362026601	0.0871420303393347
-0.00859520127247166	0.00849553882275226
0.764331178102814	1.61786247389859
-0.109423039389768	0.0978045156312565
0.823187445883283	1.15604535256442
0.292999051308857	0.52760300907277
0.0710162676613227	0.0963334188831725
0.206851482212415	0.33937497965811
0.458271486972165	0.878454032843993
0.364196876797434	0.649388781588789
0.230614584419902	0.30720383610614
-0.027912854372376	0.0298999452983856
0.120983347263159	0.155569083193352
0.21487667594084	0.143175158684498
0.134316638575139	0.128581867542019
0.215469998736769	0.340765690453598
0.148296631938889	0.176430708932443
0.295056636759047	0.238631727462789
0.206542103898458	0.248726172008524
0.37720468287406	0.67227425553952
0.549470207986164	0.991354289931794
-0.0840815756973002	0.10329610946273
-0.0732073250216146	0.0902406925476659
0.0475522294317833	0.0591471505700747
-0.238016031157882	0.339053731089439
0.220914800942875	0.303777257234547
0.079836388754268	0.0871774581822823
0.287245648030615	0.49331854186729
0.139354747006014	0.173248559591009
0.501710622489974	1.00611575756407
0.19435951938217	0.217505330105759
-0.130625503654401	0.146902169468321
0.364786960246154	0.481190178829894
0.490842178568765	0.726526665661342
0.269665399928104	0.37062648603331
0.487841617986157	0.796284640934179
0.450107702256245	0.429492543210702
0.298730503611502	0.315989504313763
0.259330281471358	0.23693987730439
0.113180293870721	0.102637291526964
0.281534249633446	0.307758195780933
0.201708457167599	0.201938776090872
0.392104524808181	0.548934753011228
0.0939941028125579	0.118773254281905
0.0886687825259394	0.126459970691715
0.0721280123008645	0.100771413094677
0.117230700073213	0.176647119681403
0.30930793320515	0.75070732034475
-0.069102268141649	0.0813453243733799
0.828415911502984	1.52980283139582
0.339500992417285	0.583990809477806
0.464426337856688	0.656567347347648
0.638693135952862	1.3452493790055
0.437148783930851	0.919655573721945
0.37930499987837	0.697174036815053
-0.067294374594963	0.097482423613972
0.637546684841865	1.36966025356394
0.500287786796337	1.0784659208393
0.337311132569518	0.56580866550864
0.0112613283250834	0.0117233226738191
0.205548871126761	0.245168029212022
0.372310369615653	0.701829557563004
-0.0471108109729652	0.0614803908767288
-0.55335315866062	0.942730140562931
0.13795320243069	0.173140894494003
0.691428022732622	1.12799721304174
0.300581900637333	0.326810967139605
0.957973402599089	1.95114472877927
-0.495786824846103	0.671750668235222
-0.016011352824028	0.0149512746160676
0.911923598357605	1.74680127445258
0.281221582116817	0.474134999926108
0.289572944778843	0.434001559891796
0.420388349805644	0.773290296765302
0.876893521305869	2.45699081159457
-0.655523907894146	1.51174912176322
0.389358491570971	0.758822700699004
0.052587142908161	0.0702074319923552
0.151368236474063	0.239404269572554
0.305840519186873	0.554452399539159
0.0963733352605514	0.138442358899002
-0.18559890617704	0.255687009699673
0.111014991393584	0.145257306641061
0.0893630740689086	0.116189007214509
0.066563614170814	0.0977322018095361
-0.366577565787478	0.613552019046485
-0.226133246253241	0.358273755603262
0.626908365841178	1.64995741380208
0.165096508245162	0.291673627774292
0.254154331103602	0.456616729327497
0.477080488313205	0.518621182607471
0.352931827482468	0.600284824278091
0.237572072173306	0.410894204926682
0.175258149737052	0.314357796412807
0.134887923319126	0.203468915815594
-0.110856566387585	0.123021148787641
-0.0297418762071876	0.0394241719388522
-0.412602623659268	0.78573945981804
0.462580629430434	1.04912098749525
-0.0165390924979333	0.0229641444203845
0.0584703204817142	0.0828847114868525
0.000913518373119601	0.00140376246012565
0.00199354674112666	0.00203623461462938
0.0452247263082901	0.0340739035144252
0.643745603145604	0.807310061723082
0.458704015579584	0.508586778187868
0.0464843375385582	0.0360702095900022
0.45001537549869	0.421576703060937
0.346575489214759	0.324588389880191
0.600029457713287	0.467056398886836
-0.113993786493661	0.0746672542335894
0.200515203002697	0.157841639878477
0.267762420693068	0.487436679342008
0.304884421739446	0.581297780222268
0.300966679129695	0.489221769481461
0.751329624092213	1.90292810439101
0.286763236145216	0.52698988145027
-0.112937362147309	0.171649298662025
0.132820354409857	0.218195517259854
0.259407686356071	0.504562782181403
0.266494954377163	0.43898808020137
-0.0855793766996757	0.120813964144968
-0.230841974082971	0.433154112785939
0.491949345989728	0.873509019110994
0.268994598435139	0.349208551029017
0.265368126628888	0.503124866941133
0.265921759735228	0.458686092451294
0.401530197154298	0.795271078355901
0.572319836328337	1.36028001651045
0.126737195299024	0.217889483515647
0.134532337634023	0.213587071853607
0.281019706369218	0.392804701064908
0.23964096141324	0.394651768837866
0.207884544081522	0.380008119861437
-0.151342494663062	0.222461081154676
-0.583553320929116	0.842568183649321
0.0125884765430155	0.0158186112121261
0.00898377243669776	0.0109018449068101
-0.37676483081124	0.626563794815633
-0.0864730582368492	0.126955341220095
0.545675042334005	1.27562698224678
0.208584850728057	0.413049128211384
-0.31871632657709	0.439308623126545
0.0197173368227017	0.0125918965303429
-0.134710308322181	0.0862862545074922
-0.27129921818429	0.212845290658955
-0.300234198879076	0.225498774964836
-0.145860994106891	0.0937333621870096
0.514628889073339	0.355198796755624
0.0661923058409716	0.0347335449173376
0.845031349142271	0.87442224529608
0.20792969842059	0.155859120926142
1.04811724266092	0.983236361001483
0.405251831266656	0.853141030205442
0.480246007867512	1.0177577217869
0.507648116062552	1.21614585476381
0.135080227511389	0.210821281321172
0.152585338214513	0.258186463651305
0.0417486440462245	0.0516833235400808
0.237539198240157	0.411764567144077
0.186483165358876	0.357683497618415
0.131596878025553	0.212305766278281
-0.220597382549903	0.247840173932919
-0.0660689976728162	0.0656514143445184
0.240555996524323	0.379580595326971
0.208736026822892	0.437561980290841
0.351485405155677	0.731387606636374
0.0302687717770431	0.0269937421961623
0.0601671358122911	0.0653838905159884
0.259938066550926	0.481257874736784
1.07121275204879	2.51033815791095
0.10765802503705	0.0845654370392658
0.0844356500376823	0.0964008868227849
0.261851395008445	0.421289993775077
0.0516649285762541	0.0620776543899727
-0.0922927109705622	0.130342147028007
0.0147811149349149	0.0206269688899022
-0.121269031411477	0.232358286647971
-0.180711506090836	0.163288703510455
-0.472380873143739	0.373116148497073
-0.882929620415202	0.603496943751764
-0.0381606524049024	0.0223801496408057
-1.00564320161765	0.715056126902393
0.0712773639349227	0.0352909686120303
0.555321087029468	0.452563851532618
0.220116958281564	0.131088381958731
0.869925390313941	0.573305088858032
0.164974331113864	0.279247948719441
0.306287036996454	0.615179746407484
0.116736555811265	0.179950147284068
0.301073468363052	0.494178445576683
-0.22084455989486	0.391488818058315
-0.232589618555162	0.370864118918949
-0.251887342071658	0.49917188438634
0.194236119261282	0.343295586576241
-0.0575404118744719	0.0862315561177973
0.105348571991323	0.113024621153885
0.0649894731041178	0.0702389595876065
0.143887424319406	0.234844756233919
0.478293463321367	0.999705888742232
0.321584223802491	0.482670615001392
0.3084429242138	0.557897967834185
0.275124963569831	0.361914718642102
0.0167163464737596	0.0209812510483759
0.0373400461240575	0.0563243478369364
0.0539850584200308	0.0634451813499359
0.139274921388587	0.12436751896052
0.202038854789025	0.314936365210555
-0.0748387616955431	0.107253967939918
0.465108896538312	1.00212249620351
-0.183485328840407	0.320052678384218
-0.0154301267659053	0.0217329416814795
-0.256834831082223	0.635607061017379
0.203370142789523	0.226073767353349
0.103448193385548	0.0703268496684144
-0.318170535122156	0.210638068360094
0.125028378735326	0.0980590946414549
-0.325392986055554	0.172075917199599
-0.423025643715789	0.307123888945818
0.203206538651561	0.150810107457679
0.536300160285786	0.463546533471176
0.500233946600544	0.508895813320801
0.133535839794029	0.125499833857112
0.328654080117734	0.428137153604973
-0.638872985313223	0.937076138961651
0.361365183738199	0.500943896835819
0.108117692080149	0.125147125159577
-0.110190586416401	0.139921280503903
-0.0899387704067974	0.0998312738775255
-0.521848938319329	0.679133186909368
-0.20566707779209	0.3236908014379
0.0557978555543937	0.074506427954605
0.177219971276418	0.266556005546651
0.452483567966778	1.03423989090494
0.227192077603145	0.379512355945111
-0.0853592683586901	0.0985655595847685
0.264151514322785	0.382712705581856
0.0671159732209519	0.0830855180480068
-0.248358693764162	0.373942464553146
0.433652071237876	0.817631720636357
-0.163965553710012	0.254990095896468
0.142219148933242	0.188519634425401
0.269118995557992	0.397929989021702
0.476249466829137	1.0013668040156
-0.742198133332645	1.85684690125072
0.341543488240946	0.482494497570369
-0.635593386293148	0.858797160166614
0.380519633759058	0.401978263003339
-0.0432003674003541	0.0308496658435106
0.557084502478491	0.619045784629278
0.20319331506377	0.180418520485301
0.145129463071103	0.1352903292742
0.61611078284855	0.804799548778125
0.759016047157215	0.956219685552347
0.313897029335706	0.250270616746175
-0.220131905375586	0.156942817148693
0.243783168194482	0.267824799188244
0.131296947216875	0.113542375401494
0.993115710416382	1.66371283288209
-0.611331909823223	0.685703048924414
0.308909786985139	0.392908821558565
-0.464513245459225	0.578049822866819
-0.652352034486557	0.625723296852593
0.032863705580608	0.0352470928678203
-0.0451356366262122	0.0489297849407405
0.0626294600309609	0.0907189891218835
-0.0545078629184212	0.0718980789457269
0.300690480257546	0.4343546486533
0.211275333895063	0.295365060591635
-0.255902804844462	0.447514671134859
0.0326516993445596	0.0378741061321089
-0.616219850710008	1.18080718212386
-0.0635854924100558	0.0860187909756956
-0.253503627397775	0.275375008748188
0.191391293004063	0.176316169909661
0.464941612293839	0.913151518271655
-0.0076039387602606	0.0080996131405855
0.427473137892376	0.646017871285199
0.102611482847783	0.103378028630529
1.07464745465246	2.31863223346134
0.348853449105749	0.417412471092332
0.296177326227811	0.330268235969053
0.293921340913667	0.353912294496235
0.271996999808199	0.322817119268842
0.121290653183137	0.126787442952251
0.133191325665808	0.124813814293607
0.216043387093605	0.1490597252249
0.0100516481118586	0.00654353438555011
0.185694540367667	0.229405638378048
-0.592454977048738	0.860693103317731
0.378041070290225	0.473001984678806
-0.703951285865979	1.14075752979344
-0.72108136143038	1.71450817155523
-1.0995378911282	2.49098171150953
-0.141212154712788	0.129234483606939
-0.100733963456174	0.12376723368971
0.0458800398093651	0.0875978437500539
0.127686980730796	0.194157395552846
0.422021475235109	0.649185264878345
0.406284305410396	0.975821028701641
0.0649965439517747	0.0931557824299696
-0.303256023142178	0.530527341897227
-0.32126080930043	0.517719122760754
-0.147675088661283	0.224544769299571
-0.674984882903398	1.82363494897884
0.782817003534665	2.22257415271145
0.0483088812038207	0.062995655396389
0.26743582334815	0.377952025149608
0.183152874182754	0.196912966907231
-0.0812194976102313	0.109412386154064
0.309742228907957	0.459150210753497
-0.13910591755024	0.145417414416755
0.251646476259016	0.26571129304144
-0.32279289603779	0.356880010594622
0.111012693718126	0.120992079556476
0.136968142893038	0.131318213684358
0.444752617302375	0.789122120361321
-0.47056431290968	0.69746435562579
0.20521733784348	0.294930183895273
0.287198411075598	0.431443249879994
-0.457015917406446	0.712222951053559
0.296615049333413	0.476787438449963
0.038231583551607	0.0441058230565642
-0.178917956449729	0.276525081084851
-0.138192191139213	0.188852187726547
-0.669775413507301	1.33059335496756
-0.0167342909999685	0.0204449087434784
-0.0721912455293432	0.10064569980406
0.32772950381662	0.617771974182502
0.331588268788178	0.753206823214085
-0.208103174653351	0.357331685945512
0.0875824027982972	0.115578637076994
0.0837736353492769	0.131711680766062
0.501378012738598	0.982554790867553
0.0783340617565029	0.112407459074428
-0.323825884518185	0.673624092396934
0.355298352981607	0.66563683251834
0.382861702634834	0.587419100752343
-0.096905590415893	0.136384564324557
0.178741221919062	0.276343976436205
-0.453814628282458	0.896575494950092
-0.0958252931507301	0.139990659764431
0.326244981553689	0.4231523025707
-0.0250914717098439	0.0205496738575131
0.125047090085347	0.102972909930651
0.0408443400285926	0.0274748626094232
0.278323891253866	0.242472318060662
0.329456105838624	0.370925927740716
0.436905256464764	0.423907423065566
0.310440848176583	0.339475642813531
-0.137708820653952	0.117147673339085
-0.647580816736258	0.939785720683426
0.147272539329642	0.157034172591115
0.148325147633683	0.181660207956097
-0.406989731442445	0.669550041715527
0.186425166878622	0.202306966189456
-0.118635386527989	0.113574912760481
-0.144066890493812	0.193837649798598
-0.619919569398306	1.77226970289177
-0.153847593392088	0.217414971269854
-0.0380507673140333	0.051951857903226
0.139527509716729	0.21542359934116
0.313220958243102	0.565722594242857
-0.00471095616077594	0.00716829847519346
0.000683049890013018	0.000769676912141006
-0.303037368381071	0.397223687675933
-0.0529386412025488	0.071412129505747
-0.031823717064225	0.03356789101298
-0.227331914501099	0.388377165146335
-0.511958080265749	1.1012027120889
-0.212637867471938	0.315486799110247
0.00908979622445602	0.0105121800434863
0.414682554823169	0.811381039190657
-0.00371109108558762	0.00466564440068789
0.0979863582575437	0.131609235551893
-0.0229742669486385	0.0267515924508984
0.467296076538776	0.823425364073748
0.0762090799027377	0.0802571382847414
0.565008481452866	0.777259099705179
0.0769225938672122	0.065131024180756
0.542185966850593	0.856537285353915
0.234870069159825	0.283854390367317
0.359133949112987	0.561482417687072
0.248098499516699	0.285117144849061
-0.0548244867106336	0.0647695284976949
-0.230865175850325	0.329157031979415
0.137207683483458	0.130815562880353
-0.374609366827884	0.676501297589928
-0.453436963957692	1.0243638728663
-0.494522047383581	1.25934084931037
-0.13799967498262	0.225432987535086
0.12730185478438	0.207545570630687
0.283560953678105	0.66773720935226
0.00568203428294045	0.0071282925110711
0.114224052647552	0.138804672150711
0.316266624885162	0.590697280930424
0.398452211213852	0.578027072712337
-0.0296844822188705	0.0408281452460478
0.237383448339171	0.439945283427799
0.099153636216706	0.151627051685822
0.0794445771864449	0.103640382253082
0.160533619935005	0.21316365372776
0.0269793207444553	0.0364831910887408
-0.0522350485918365	0.0670656660633307
-0.0239032237285806	0.0318872504178476
0.485616770530746	0.983284818490881
0.179482698112592	0.241451400636873
0.395837818597023	0.571345595875546
0.150031878503326	0.182800910057592
0.340084467681391	0.418182488905605
0.294990325062649	0.308313140558749
0.295289203043954	0.334197261156915
0.19200746463206	0.254985551052046
0.136678812203307	0.135432228539168
0.31755585208162	0.51730710589583
0.260943997700701	0.39882454956743
-0.0650885984546607	0.0744575651063641
-1.06770054072524	3.14886475010524
-0.198412962747293	0.354798569077031
-0.26446509229011	0.479686689404069
-0.127207659605259	0.199434213547897
0.38651350086685	0.921559709613608
-0.19246170336614	0.333946755188535
-0.0494235553105586	0.0739480317380258
0.426279842844461	1.22555514514819
-0.288195101431773	0.546984333820494
-0.409497611911862	0.753350876083916
0.00662916475952503	0.00877294960249638
0.114989654317612	0.127433428183108
0.110255918519913	0.169546229969829
0.58833199888659	1.41850717993998
-0.116346771729557	0.182044513722035
-0.525914447976395	1.22330372909732
-0.178457080786033	0.292476430713939
0.0282276507473641	0.0386071127872845
-0.0547950467793007	0.0749043934181677
0.316890949174791	0.601247226443941
0.316319056249142	0.407301891280384
-0.0719122885816422	0.084192640960833
-0.0192555288830275	0.0202703004024868
-0.233027347717764	0.395513578779636
0.0555435862813572	0.0728330193734021
0.106578243461625	0.160174827713511
-0.011263503914262	0.0155745596883211
0.157049493096514	0.251911803988187
-0.356438196987792	0.81610314772747
0.0453730968601571	0.0568191500816807
-0.263379209474709	0.39084211957351
-0.125124423159455	0.191547427867156
-0.00176039921581812	0.00138404131663195
-0.192424837086109	0.315643815542648
0.10058228391818	0.159194009389278
0.391084496386329	0.829489309532914
0.0777609724281115	0.104351555912811
0.467696104933057	0.903842199643591
0.163911356786007	0.268916097330918
0.136340014333944	0.225966508550752
0.527199930410432	0.758938703656821
0.58383933338963	1.06719495633542
0.687665650883427	1.19794396547201
0.386953425832151	0.632950414623748
0.515205374846063	0.903907750792142
0.147973845670325	0.197642747313586
0.0622187694658062	0.074410315779525
0.0241039384302218	0.0244891453263276
-0.0813379210290308	0.118078846078059
-0.230187535658385	0.42788615953455
0.272788385677933	0.537895311726297
-0.459326806132313	1.44491563069932
-0.171887104278277	0.272509688759206
0.0103747997678064	0.0124900473884052
0.443271583043677	1.00495876336577
-0.237406035313273	0.303126894526565
0.62113867009203	1.80220627090939
0.0701891333853122	0.0990337085117769
0.587348261927929	1.58433507957156
-0.224728505292873	0.401199108736941
0.384333224004513	0.774066762134608
0.182471201551234	0.323130759418171
0.0216331231881645	0.0285549107623287
0.512634396160962	0.348116514890445
-0.0187072661041745	0.0161881696803557
0.117363437788021	0.0917995313860153
0.0678506764619798	0.057880905159975
-0.37253844110789	0.451969196151639
-0.151654419772195	0.18002368848684
-0.251861164037771	0.30028352953332
-0.101424475894593	0.0806790615852072
-0.135323147144298	0.172251959707832
-0.0950915359802964	0.138573467825407
0.191842936303445	0.340599692962989
-0.0183626902008545	0.0332518981882721
-0.00204787936657135	0.00226819565116972
0.00447710007843636	0.00396894941442042
0.47890680721025	0.889707446732501
-0.355456236675253	0.526035002429907
0.150211664542862	0.272126655653516
-0.0555932018262397	0.0798101621492372
-0.244097701783056	0.399020134021305
0.594336971816176	1.25473969161523
-0.0810730424896267	0.12384186522149
-0.24202233660477	0.426321864520994
0.311626754934288	0.537938481644553
0.337598806432966	0.59433745031401
0.499715360885369	1.01676751151886
-0.0281475847287233	0.0253747414993327
-0.137977575563302	0.149788960699983
0.721556339678691	1.44745506926666
0.151445409830997	0.188821439017874
0.510881040557084	0.931307874778066
0.104250153353874	0.142347942854635
0.0446921485573437	0.0559663198209131
-0.0521069284495918	0.0640704247194799
-0.60450483531421	1.18511715529237
0.0222884673968042	0.025539234044573
0.200952817746449	0.354010891791041
0.0801039656792986	0.119075354031166
0.0830741615846858	0.074911376409235
0.378058094401434	0.742655097249784
0.25693180439167	0.482232803032611
0.0542315681903893	0.0787832300604997
0.118278430693655	0.182124353361352
0.118983925343772	0.152758569917382
0.044187400010997	0.063496931826938
0.19393090723153	0.325607463196603
-0.526331068572021	1.22526575328412
0.275001660338581	0.538564269491801
0.374843344221722	0.398273217338855
0.240200843826565	0.328925859722285
0.141508240814967	0.178081698293643
0.0385420269167288	0.0430917421677006
0.0774963555548454	0.0857143398171762
-0.163035458533434	0.215382203780266
-0.122305862847226	0.153750160516138
-0.550855548550659	1.19920931206132
-0.0905109200177737	0.116798456208342
-0.285808694418227	0.503750059839164
-0.253584291910119	0.454935296787844
0.312322279260377	0.475814914933069
-0.0127615105076121	0.0139596883189074
0.356447178904679	0.702146702233049
0.319632832002508	0.544830671785255
0.374105464710752	0.769926876893334
0.054705859855379	0.0750983448748057
0.264751195523063	0.479275951833788
0.666668528770034	1.21607016294923
0.0217991609505003	0.0308878244595742
0.0422896892769702	0.0597873668758055
-0.151522862455481	0.226261791560328
0.105361750199892	0.149021399207261
0.654204377734429	0.811571911731655
0.775106813663388	1.04502912739344
0.00768158245140104	0.00632211806269822
0.153394849966709	0.191694063580001
0.308335059014139	0.409041089575657
-0.358695200746007	0.556398397982889
0.0519538052242701	0.0599659097737318
0.201035066979708	0.248511083846599
-0.286905480497643	0.43808975507301
-0.513231511925243	0.949079877102693
0.152732594979541	0.195592871699727
0.108463706987611	0.13178860526569
0.0134101327570993	0.0142258000200966
0.158908350795355	0.246564317837679
-0.474859455412459	1.09931857042038
-0.0270228610109397	0.0334832231357048
-0.228245493511274	0.330124782206663
-0.58365270249114	1.35923956605865
-0.0579425570540093	0.0803934715584677
0.142904788647061	0.151270856480444
0.454429939997537	0.502751783879208
0.250863333183481	0.240191879501513
0.33417001148755	0.47990954954767
0.352329959803757	0.235345544114107
0.495329134300837	0.583904615679446
0.414921969418591	0.349238602005246
0.244623707732059	0.23322005753908
0.250917907147419	0.237133083450392
-0.39944166752934	0.443976774399257
0.0414281018766045	0.0355484227611538
0.316382346710944	0.227449762432985
-0.0164111004004234	0.0156130631753401
0.236675642448879	0.394236653070927
-0.0936821466559068	0.114295337018086
-0.0302763528416483	0.0340772938713199
-0.103935181339278	0.125466634475627
0.273228070365926	0.453987033399082
0.0365497682201379	0.0471924117862022
0.237826060953493	0.359245262630796
0.170699765144012	0.242927855793756
0.242541367728313	0.349417899669263
0.232108317820937	0.336847011203822
-0.087632602817807	0.103754252495323
0.0258012807965023	0.0307878669100617
0.175570376849932	0.239181317437497
0.31772026056066	0.144414415480069
-0.686197030286187	0.552605718894615
0.838763613600041	0.435180766735462
0.514841236409219	0.348828020484174
-0.762927443982223	0.538005861702303
-0.742026588161231	0.770754817036272
0.618274538110254	0.555352901899233
0.244922607221348	0.126887620370183
0.421174707647938	0.414793477753179
0.752399704641865	0.972267911284857
0.24740818065161	0.355104939954091
-0.457210458352304	0.63038154591158
0.487066639720124	0.596135063981035
-0.162526818353473	0.177752691934109
0.414758213085502	0.74061865460328
0.311050646391834	0.494817178553259
-0.246367507849021	0.257622582614998
0.150434414352604	0.166280585476352
0.532753884423104	0.672951917747187
0.186694576613681	0.302436427226349
0.199073486552482	0.326151949862337
0.0946779455492929	0.142225873392602
0.35955735843635	0.596478093209676
0.131177178598022	0.207349519235103
-0.13758590156916	0.062094639073253
0.374147521826197	0.23333537705805
1.14519693155128	0.911009511872401
-0.558877004250898	0.300099291094261
0.379075892497161	0.24200971903748
-0.27293941405153	0.210002876663935
-0.00791553134104532	0.00478158242132764
-0.732754768741155	0.444927345304335
0.76758687078554	0.984179909114026
0.0720823331870197	0.086155437085504
0.0747705245378902	0.0786300218136912
0.386178788379574	0.413105512747817
-0.602079910989605	0.910912112795934
0.253147364457313	0.359455185268266
-0.160955609601199	0.1761225062626
0.356851920298754	0.400844965094265
0.444674875136796	0.576131256084645
0.645864403488628	0.737732045747436
0.22363966035755	0.365612918539809
0.329313723283389	0.603243680317391
0.509627008699891	1.17999477372686
0.114213826886026	0.183516896026157
0.315028335710085	0.48275295086339
-0.550995761289243	1.26469497742321
0.211143844516728	0.390268747428336
-0.285289005191559	0.0990514042007715
-0.435118253268253	0.26525138887097
-0.678566267043851	0.340328727833024
-0.136027078083955	0.0618658214293252
-0.0109137950132844	0.00668993281156705
-0.0278430132569558	0.0163491835226433
0.105161868003193	0.0739722698696915
0.547821955701256	0.672347320982572
0.199934297991838	0.180026774649392
0.220691772224113	0.271411516554944
-0.248600394934792	0.29567749921265
-0.424568873643592	0.439524438819392
0.230078934805809	0.28258706744763
0.18800582914619	0.259886814792302
0.117766313378219	0.123536602664711
-0.214233783047294	0.194828326308394
0.116527305632108	0.100320822943925
0.630058628334388	0.72890750787865
0.34208589975799	0.723906456290492
0.200939906493444	0.373009306844172
0.290824107976568	0.575805574841832
0.283914273438079	0.582681656926385
0.104278580186716	0.127822353036298
0.28017577862325	0.496260429003414
0.241111953890446	0.51024847787676
-0.736869642972961	0.456708656880739
-0.89702709333237	0.690584630171735
-0.585784367793139	0.234716744704666
-0.429250524306319	0.307476774893838
-1.55210258175445	1.3637772241245
0.36116788906508	0.328342194391718
0.361740113952391	0.318466312505722
0.364753705465208	0.411372866578482
0.554817770469858	0.705758743415638
0.175664777193218	0.233689735970818
0.879842144720897	1.57830696362082
0.323746495699783	0.31523124360444
-0.340183199135435	0.379264654054873
0.325152126014756	0.464304436836467
0.036931180160938	0.0371466382562299
-0.206425540815785	0.203612820984612
0.244702375742665	0.271152854046341
0.124671063838449	0.108315452204803
0.0517184316930342	0.0824468396422825
0.245056127417167	0.516346963221589
0.260454124820323	0.507097286270113
0.130674457229546	0.224048077141929
0.161812278568956	0.281851092687274
0.233351090006491	0.42761644528644
0.0524748150504365	0.0812790152370039
0.295116500015839	0.618036572039004
0.292755094014721	0.668580467088194
0.0104640103263859	0.0145405030012852
0.225888961335105	0.466698817606851
0.517902865127673	0.825222014683728
0.100857450885304	0.146375774433566
-0.28596357285004	0.152930344168996
-1.43714516642826	1.18916783547919
0.200661252984648	0.165650767329607
0.575461692165784	0.546010728240914
0.254613276927717	0.261591296466494
0.619119014938742	0.659250089616522
0.583108204344336	0.988521060989485
0.505528448326314	0.697103698632721
0.311178014429806	0.320103842554214
-0.00767082152598133	0.00677955143690868
0.364304910750121	0.56952772685847
-0.0424024256241537	0.0398087990081812
0.588593700818478	0.70574511408004
0.278759204890972	0.336934065583197
0.507848248177115	0.524109906503633
0.375406098103828	0.338214620263211
0.0394239672957359	0.0566609148601545
0.234105314905256	0.4886113104048
0.459919173061106	1.18722996287468
0.59310412971418	1.5270096731668
0.143937620300185	0.245605088378933
0.0812386700689185	0.117788959009566
0.230024311152908	0.400352864699473
0.142577115730326	0.223962769526595
-0.0179294075422204	0.0259684662021609
0.0550810126968546	0.0826985189737688
0.172732379148591	0.307251580776246
0.0697428282093989	0.105994907153344
0.133512316716549	0.249590750224977
0.135490937901277	0.222712968429829
0.228765720468651	0.46259836611494
0.203836981720588	0.351028999802937
0.0358880780573275	0.0394964542483567
-0.790236266090065	0.754220705366822
0.160322473539998	0.173902339604192
0.415648125716542	0.839037442143628
0.0521964685991268	0.0382257436416178
0.639094011433555	0.816165728582571
0.350089731551798	0.400384790922015
0.0115991516179717	0.0112785719328148
0.0742468516888275	0.0664362817063222
0.313556874311409	0.317909094755052
0.239170919949135	0.273107695397717
0.477108107392385	0.84048651283067
0.0226439748648982	0.0191389994639793
0.90475492543567	1.82177516247662
0.198666358585968	0.19447301971242
0.186998614629294	0.156588734989882
0.210879867100891	0.158563815462544
0.124860590045618	0.214406272132028
0.0692863456298686	0.120069490806348
-0.0454120867180975	0.0695450432871504
0.335775043152953	0.718882724430887
0.0462090405147894	0.065862281409393
0.548067658620511	1.51904101520018
0.176576397420921	0.318837146403332
0.0740703285565729	0.119173408772137
0.182094470996124	0.324257916469062
0.0143827027298582	0.0216159099484985
0.175707899351199	0.320385092045998
-0.0267467572750042	0.0424061168120729
0.0245518611624376	0.0354675507731586
0.077641848191972	0.128131777800137
0.0340366740254138	0.0546046587114898
0.0864053767505192	0.129769041559573
0.0702237807086218	0.0771949097359465
0.284442202686698	0.56940906016826
0.378313406529024	0.824689745163864
0.426889121276474	0.423143354945064
0.203299997478952	0.178344572883762
0.806315521885003	1.42456461928912
0.465790111441514	0.592250659250359
1.16554700850056	1.60077899189706
-0.062245272295906	0.0510859053003577
-0.399222378808967	0.609619594637759
0.556046560351976	0.911625674020521
0.708679186401527	0.615985034283302
0.199469232290513	0.343236880289317
0.186975037193324	0.360423473230847
0.150168391259089	0.283454868278484
0.0609906861027121	0.0920547991572799
0.35233945268841	0.801204775327095
0.128884765464373	0.215098079743532
-0.00107756185215197	0.00122467542310811
-0.0328626966767917	0.0473558690528971
0.0731961655486623	0.109322867783988
0.0690928558263303	0.10552673995491
-0.0483574451509666	0.070777754157557
0.351567436414693	0.91437211266468
0.331462844698653	0.767233955059396
-0.0170740466563093	0.0250106886461931
0.0846020416620548	0.140399785298158
0.0842032983731152	0.150986098327265
0.186981812648897	0.310183064182806
0.103742374816572	0.131995967715055
0.704820949488193	1.93829420715984
0.28298057100127	0.567685687391236
0.046424965296233	0.0709307602359872
0.547972370356858	1.3898880191304
0.427461327308369	0.504403017110805
0.487212685430538	0.529320158507053
0.400212674284631	0.402689487716974
0.662406653246564	1.24668637590277
-0.193577852542712	0.178750576044028
-0.0706118249110947	0.0578731146438587
0.227716619932211	0.274487286805588
0.537781187312523	1.06149221105185
-0.540990416775098	0.864333475829098
0.311584268146267	0.316204433240452
0.654558442138408	1.02619407102746
0.529493876076621	0.601805203304125
0.437855618692926	1.03572211914214
0.114142049021106	0.179104120062063
0.104379651661407	0.152122260307035
0.159677741084651	0.251223968802524
-0.375280496774452	0.800941958306964
0.347667497745629	0.733668338830464
0.514840550114931	1.2239897933125
0.106740657527876	0.168938930219728
0.160918134309386	0.281716454162476
-0.0429784079607189	0.0616396507951767
0.0941826645027092	0.139181848549298
-0.0738912420444315	0.115643240551774
0.0479208830200508	0.0755108658427581
0.180442894208244	0.344329203025643
0.439956725288092	0.988845849660294
0.762630491546454	1.14257563855374
-0.0215847017320205	0.0157576703078359
0.674498077515513	1.41000573393153
-0.190949183298492	0.203707755124817
0.367296346239401	0.39252922620966
0.482754925303928	0.666211129723429
-0.115719975522236	0.142043850482051
0.142900803745433	0.172069171985041
0.281238368491825	0.328786475722445
0.104482522346785	0.109648887218266
0.482426268664011	0.578978990979861
0.385611520805023	0.904598922995668
-0.128505092109716	0.205235391026348
0.497876719638907	1.18766893922082
0.14739989749132	0.227509404303298
0.0116295145689565	0.0154421260249499
0.23266091367134	0.430856273999584
0.0980997671011884	0.155708098962644
-0.00846671925221502	0.0119399653167357
0.153515107699913	0.281017738374235
-0.298665381936101	0.654875430574824
-0.0714573482910179	0.120781582721222
0.139534168216441	0.240554921106689
0.228433976824914	0.469303399971675
0.320054712312988	0.612481799338669
0.270933080572719	0.383946383647599
-0.0906335375451217	0.071046386117837
0.232223269922678	0.370664301358061
-0.544730726025585	0.937268737225826
0.00817013290870376	0.00866527362399594
0.391555752360414	0.639775392830138
-0.155416508248778	0.216193451553639
-0.323865592272085	0.646789582878741
0.050950833823612	0.0592291088901107
0.342688221662105	0.583358301880883
0.682886538088244	1.15823648804283
0.19731345696216	0.228006201570423
-0.015583636794365	0.0137720363357679
0.0356690117714247	0.0481673802482211
0.109982759028403	0.171015682433167
0.138514200925203	0.2021564213078
0.271976584286487	0.527558085743573
0.166665408497495	0.255179036056087
-0.072713919493616	0.107516446852076
-0.140689118907299	0.200231703328197
0.0536785454940938	0.0737028069092548
-0.366260890555058	0.599233886443843
0.304002679061759	0.593958032437122
0.388315370349493	0.744784033504718
-0.101389115411866	0.150899448016856
0.101678486295489	0.135807379601449
0.0373604849394039	0.0473366875928314
-0.16466472879055	0.2659617273252
0.490387452366543	1.2259502450578
0.308447027659823	0.627628013358373
0.685084729580416	0.921292627949017
-0.197030334958137	0.162333048143979
0.107458033045647	0.113296245506463
-0.462419263114679	0.631776527962236
0.426077034706185	0.425039652196919
-0.473232631950344	0.481390045644394
-0.0251147095543383	0.0291314738785022
0.239822782613285	0.255664888248409
0.377774718128379	0.410034659023004
-0.365410948069593	0.438534745437887
-0.852990522162211	1.01781928750929
0.0575530467196106	0.0455330646062152
-0.0644754225980045	0.0431818262455667
0.182025646444935	0.222091023583012
0.181558009673053	0.316746741306668
-0.392046567486675	0.817237958974323
-0.00169119207567853	0.00223627950532977
-0.0948062353911244	0.142333493448313
-0.0211298600594629	0.0288842945459131
0.00431349012489173	0.00542764511227228
0.0225268687456578	0.0298843651916597
-0.233067806095877	0.424921278479369
-0.312386627459236	0.692811964306781
-0.341724521304057	0.742492912859963
0.363179506873428	0.774369072128355
0.319307118582523	0.627712928941969
0.544399626309631	0.681721401444458
-0.0973972419786025	0.116135067896316
0.153131032626821	0.164424694006175
-0.221392465633021	0.215484293492748
0.366058595887149	0.490045452243037
-0.0482031860847951	0.0624424882381913
0.010279786343071	0.00940703560277711
0.309476419408924	0.331229028843919
0.481276300820698	0.73829063859136
0.0112856845780699	0.0091845101144782
-0.742612288018253	0.873435598728178
-0.179272376415159	0.127883566660545
0.104991529092019	0.133164630950824
0.257235972079541	0.53812004342816
0.687879992756555	2.05252492834009
0.41938778105182	1.00692193478097
0.312500503315149	0.666502775381633
0.110281980371463	0.181443058236086
-0.212512447032207	0.399295191859009
-0.252911406696953	0.524989009879524
-0.205515151963252	0.348578830081268
0.3782917693632	0.864551190717296
0.0300850483071516	0.0427803039792085
0.294718740563903	0.648490802140585
-0.28480862909132	0.52932723424063
0.437032702912387	1.15153427996349
0.118825989322059	0.19003296014273
0.108026775200705	0.185206721323564
0.279764987011237	0.62357194456185
0.118460307742151	0.19879429299895
0.231056238234885	0.389993771943983
0.145495924785897	0.130506987266932
1.05718156825126	1.55894007761654
-0.0515030879567371	0.0519743248388233
-0.169367651256792	0.189158953317758
0.705108465657759	0.866152162964982
-0.152920330727581	0.145033087961066
0.533010748610819	0.958156263663167
0.370352855852333	0.469861968837614
0.191221976090808	0.180078467876041
-0.212591386884833	0.21682533330537
0.466774774072907	0.517036990966524
-0.543727780624188	0.665142621109721
0.107282854522908	0.0822629890359027
0.0515826219657036	0.0625547744789766
0.0701076620597911	0.109100761345193
0.0315022261944232	0.0449916511976838
0.013152851720012	0.0194903212939278
0.0688464988725963	0.101100891535304
0.158416148706266	0.262516478039805
-0.0360447087430976	0.0505228375337831
0.210126794353876	0.371028465687167
0.321795363130429	0.684328911304673
-0.508707280542889	1.12873279216631
0.387626218521498	0.855892881673675
0.356862013379046	0.758698317898342
0.12407387003693	0.201194981007548
-0.00216825589981554	0.00303856189235355
0.0640531820836082	0.0913172930716022
-0.018704743254601	0.0267660255932859
-0.0773186102701242	0.120819354434588
-0.336836707732794	0.719027032050498
-0.0885229920060596	0.145677425220203
-0.152801989949756	0.27865267267491
0.177492320295531	0.288522389733669
0.62000378867548	1.21940398577918
0.0413289896057289	0.0931958191184098
0.177161505122967	0.491857490518826
0.0768340288019306	0.154326760345725
0.199676412845182	0.190395465951518
0.85318858354065	1.12588515184313
0.382888397937946	0.608476837794412
-0.345606618339956	0.373130409086435
0.821885963811816	1.15839541672036
-0.213623272797556	0.226661974459626
0.422350719201666	0.737866141632873
-0.177294484377586	0.193218120865741
-0.270766814312298	0.255023643725565
0.268920677491648	0.318321613353032
0.322870242897278	0.32432484754894
0.0524472645652287	0.0410709824269371
-0.0932022134384797	0.063126727685348
-0.144954430201768	0.19242846772766
0.190552702070279	0.320051687905416
0.105948552103803	0.176713662889021
-0.156486713651094	0.278093858610773
0.342061283938875	0.750808730256419
0.164600655712495	0.266879745037515
-0.702252822702763	1.96419466481531
0.288584936439737	0.529645021934273
0.100060928504822	0.153032036984988
-0.0142538847698289	0.0192075898268795
-0.0600593041693631	0.0845899796062129
0.0434053917505802	0.0629494231554816
0.287011281277335	0.569987436837235
0.335214843069409	0.770480635958016
-0.223518763416589	0.405498646283167
0.227532948152612	0.414373675058724
0.118441561812309	0.189471949615768
-0.157877304151263	0.259473152238849
-0.133289503960545	0.234163140399134
0.0983655021412648	0.167035570848581
0.205589219216481	0.353133260903132
0.315536554671162	0.489973837243704
0.108154655684926	0.303418570937174
-0.0873410227442137	0.222195421437053
0.137897308413067	0.333264441159799
0.174006580200697	0.315083681996902
0.388687899160067	0.423299453719663
1.12956341839056	2.04634149334562
0.0760852795141843	0.0886792814917584
-0.433119125574962	0.562939235281634
0.464271844889353	0.576773555854237
-0.243638800259661	0.252805344229114
0.316956078425361	0.508065529295071
-0.606902500784125	0.932312550526067
0.243390576401323	0.255454940256701
0.531527997233254	0.761025415978767
0.264371653451091	0.234304381080773
0.13239567591669	0.107488824570835
-0.642784399409649	0.419455600306343
0.0227412789691592	0.0270686490697733
-0.137208512971249	0.215031819358424
-0.182081471394754	0.336047058682251
0.211346903669684	0.436518184313307
-0.246908422933551	0.490997359176522
-0.064061330318146	0.0922196917174523
0.493535809550068	1.24102256240971
0.254866513024111	0.466079121657282
-0.0756933234740657	0.110224656826508
-0.150610609852924	0.248129589294198
-0.494801283254696	1.1839955659136
0.254739720864935	0.464389891169553
-0.281710492312458	0.539261961236112
-0.169742400368606	0.301351189745985
0.299887599384142	0.57144585253919
0.212484440051014	0.40286711693541
0.00575131566873467	0.00792433644752036
0.431864747182573	1.05434168031227
-0.0589820838489723	0.0936921198806647
0.3694886683619	0.90251199740345
0.61296310930798	1.61208941080619
0.220258343017791	0.768546872334143
0.190712634436794	0.672560290046686
0.261444521382307	1.01182390914035
0.374245456251316	1.35432107359333
-0.340979446423088	0.850684573532097
1.25015513153753	2.15823975625004
-0.551099143065344	0.462125598683325
-0.668333811888363	0.703592631838396
0.142340525582017	0.139886355503296
0.0707300963227322	0.060526603008673
0.196511435296304	0.281410199810749
0.613359354332666	0.9543860407746
0.324930495424401	0.334136224767938
0.229235896752636	0.276863090350895
0.428812254634277	0.797560768853002
0.420601402495423	0.582807605472609
0.183195554112002	0.191509402873059
-0.0477875110521382	0.0402518062807572
-0.713024213550918	0.888546407488176
-0.0152723207337917	0.0114393220213242
-0.447048970008547	0.425522431585116
-0.359014383672936	0.574795256603549
0.0836876974906637	0.132784695509929
0.428391993041449	1.05601756922843
0.172365400837994	0.346321050629538
-0.245047890550583	0.449387960442536
0.0722156462879955	0.112667321198575
-0.256337448443791	0.503356092255451
0.257500432820318	0.503060954753356
0.0537739566159545	0.0749158112485561
-0.0950354068719921	0.150210321325021
-0.150512631947116	0.243884389091559
-0.119491928625851	0.195105294669291
0.143627840382908	0.248540427123936
0.150474584200542	0.269773525273131
0.126197692680926	0.209040693185646
0.0412080135516784	0.0588852708707652
0.132690345349437	0.233153578269434
0.296561347217069	0.615434471625108
0.160044019104615	0.280443150437953
-0.0452192418042317	0.0714769449324528
0.323172444386324	0.651136187815398
0.0399297382841635	0.0421759610534914
0.292624068776288	0.534023499475305
0.23041045275855	0.425834326365527
0.179741668606272	0.567015439756833
0.0386294975307508	0.0869754522662143
0.256250204709657	0.852963579278733
-0.059359126825448	0.117802708997219
0.0540628283539812	0.0958157143126561
0.77990584517384	1.4340204066273
0.0986784508380197	0.0612319347083845
0.0744301415786679	0.0636017312054773
-1.15100437700365	1.2081994092623
0.0416239262427393	0.0366654037719962
0.0917801256024334	0.0544188911151147
0.0371713975918296	0.0267582919408121
1.04164987988185	1.46113917020623
0.394236187248933	0.505712194516609
-0.146370056867584	0.14942211794305
-0.135563475733453	0.0984734132119285
-0.222403754591509	0.243805626573541
-0.401978715244998	0.673987499862215
-0.157813489993384	0.181106246911688
-0.330325535160619	0.304946170046878
0.407033752461907	0.51841144126179
0.131352505790983	0.113649458280961
0.789186477295239	1.00151237722083
-0.506812248556144	0.437769897786526
0.29937132223054	0.466407833740956
-0.615408172416059	1.57372614785661
0.0142463397970487	0.0192726288334939
-0.031867566176339	0.0451314743029128
0.392190336150545	0.79781858353178
0.0547712023645858	0.0695294188632547
-0.0986584017697962	0.132282649769301
0.0444195261231754	0.0579938178541791
-0.0573499409291671	0.0702936261931639
0.268149653653916	0.43405834853034
0.446359736290168	0.808148791068958
0.0661032195272095	0.0914746204104216
-0.172969504281443	0.268666446085486
-0.203392880031554	0.336643147392993
0.0915107607079156	0.129070949229898
0.33305373425601	0.692790858113509
0.373788256528531	0.702878365138392
-0.233520232892817	0.40890542633192
0.141902854611836	0.211657706972515
0.187403440672241	0.290479003485247
0.375112467336002	0.670596368545811
0.423237261340362	0.616820716731984
0.247153804681481	1.00652593164069
0.309407809136631	1.30729293100343
0.484034271507273	2.49156942279173
0.183259671577729	0.550401641809783
0.159668945858148	0.405070928850746
0.0343411178193848	0.0399480960531525
0.400328812436384	0.480764377608767
0.59308251289709	0.78213374620529
0.192907563881544	0.211086471128004
-0.58591793537376	0.707296569307431
-0.0235909006971976	0.0251187460509864
-0.0107967567111239	0.00817892396240748
0.244355506332283	0.251604959470923
0.638411817721129	1.49045862585039
-0.0393985358861505	0.0400618271701541
-0.416305681837085	0.664386787752484
0.314017854261804	0.472806756358974
0.195896527902706	0.302946807333773
-0.226600025905903	0.295900366227469
-0.238993950660535	0.297345209650239
0.03940626758864	0.0363683924505365
0.146468840510969	0.158695100837024
-0.176648531739183	0.196522031039356
0.254154175781334	0.262386102389032
-0.0478788185995448	0.0648461011699928
0.435494094029776	0.994720166125798
0.13802038830894	0.205424800877893
0.0804573092067876	0.121748761000691
0.145462559816346	0.203697675759395
0.129873708177268	0.165183878394797
-0.0916170903608662	0.13532657448556
-0.165805470730284	0.239946538019408
0.0772381957698296	0.101853781469342
0.179997802607439	0.262898630679168
-0.12363814416183	0.174817057248308
0.142085017900485	0.213446510771095
0.306023228243247	0.546078733585375
-0.100469710085388	0.156452813509866
0.22694504499798	0.364467638708064
-0.25763471992528	0.453734827841947
0.113548218143131	0.162552616777537
-0.0521540490676372	0.0715470743060351
0.259261341031913	0.476146550734421
0.299442183493409	0.494144463725473
-0.128123278764555	0.177518669398124
0.307482403582082	0.530463231883261
0.442579156763756	2.61076635165662
0.344303288331544	1.60938791248548
0.0638572511759645	0.170430106723096
-0.133757140180474	0.422660561218867
-0.126070489917037	0.371746024101482
0.621305156634463	2.11378049136561
-0.224652033323032	0.352460626134288
0.219292867001765	0.352520670939551
0.11067355714277	0.182375603938199
0.205778695279621	0.253256868344187
0.035596140392504	0.0508029029019038
-0.15079685479531	0.196058680467951
-0.126282025806593	0.141188383323569
-0.246543908900921	0.347981193646636
0.161124698437076	0.200878521442987
-1.15406139423413	2.54136985266859
0.45184489492033	0.927436940454987
-0.432818873764901	0.721995097479375
-0.0758625611772595	0.111515472583528
0.0612453775732463	0.0820493231357797
0.0253283549073282	0.0328048475317166
-0.215487996461403	0.362266065610805
-0.099255080775161	0.151225406306381
0.0495320507411126	0.0681215256703163
0.157920781564202	0.225279367236951
0.322076178374628	0.590186198156459
-0.0464153361302466	0.057922102394284
-0.0340484226562235	0.0408862558353133
-0.0257613433311354	0.0296484010528136
-0.0437087731007453	0.0579841778746465
0.071508740117745	0.1116169094281
0.243639801836106	0.397925607241623
-0.0140627267008253	0.0184389237951349
-0.0644156478687266	0.0815907491901414
0.0211860115587984	0.0257464708318545
-0.479228828038549	0.879657609238442
-0.0489575980818195	0.055116087329699
-0.251788468995179	0.424651515209447
-0.397992017326477	0.807925032968819
-0.0739908186931646	0.0869768277608069
-0.0230526633307373	0.027182890895008
-0.167272012700395	0.241414483370186
-0.102364838444428	0.143982065677249
0.228697258373071	0.343073936995385
0.284747148438074	0.434883831306549
-0.359424576290471	0.683368925964818
-0.123288544978321	0.161926102719034
-0.297742505420286	0.496246133800195
-0.0556069418688833	0.0677203865055641
-0.312509292867326	0.495997746362823
0.071425307396932	0.0936740014920078
0.262249190057105	0.911239116108039
0.458020079604032	1.71179307123712
0.445600335043023	1.62349077090778
0.0565023350674465	0.115052590417838
0.134483271674878	0.384554381744592
0.0147683070871262	0.030435694107561
0.544560858734821	2.10317013548886
0.104657720781256	0.218893798909057
0.0482272308321625	0.0920061000886906
0.182114077731403	0.390595976137393
0.355230033958763	0.681000730909391
0.850705074308055	2.82909254406344
0.164108831151225	0.28811796189624
-0.0179973721010121	0.0232443022877729
0.0845111354713169	0.107364512823962
0.150135435117036	0.247407966661869
0.382398629187616	0.406030638608985
0.150443217092501	0.189451604010567
0.187378423019457	0.284451078888911
0.152725163089641	0.263757235527898
-0.103534160054123	0.162463121212546
-0.350711933834364	0.500670933773151
0.0592251390387304	0.0777782985200527
0.212703621956605	0.371714295013812
0.16006387398524	0.250822841747842
0.078349659015231	0.113811317610536
-0.176913742878816	0.299554226568138
0.123358058242784	0.21395825298431
0.282849363319499	0.469758875625784
0.112990710738729	0.121831055580381
0.0781691391032864	0.0683189135025526
0.181009374061177	0.179820130410091
0.130464501059884	0.110876169524414
0.36589694424783	0.405169860521525
0.0640818153559743	0.0561252167289122
0.321598666133991	0.334333860209163
0.407023292758405	0.427415417625716
-0.445730396933588	0.530674156327509
-0.506153713808006	0.554985672691095
-0.238969521605081	0.266366769087431
-0.0123013083692079	0.00937680664765295
0.457881006820338	0.508605315076484
0.723137876595104	1.12070557104163
-1.2297914427452	2.00915707428623
0.19583308518981	0.203381701652314
-0.545224637663537	0.699205337212991
-0.185930104532616	0.169375373052995
0.3676676895699	0.415621061224614
-0.675628318570183	0.884725694706401
0.329597130408788	0.489365264518982
0.519934094940675	3.24100866883618
0.279999665361713	1.0620911270607
0.435370781496942	1.88842260354528
0.258846515824169	0.920176109495357
-0.250043099691727	0.828557406552161
0.0112507000467691	0.0170266506690431
-0.418960746485991	0.730511446942327
0.244181863597365	0.456430547604717
0.0738637714760759	0.079389298149306
0.105977179976727	0.133913852165676
-0.123160602307134	0.152561146931227
-0.0304872060122276	0.0318924115270731
0.231971578079669	0.291001607896862
0.721925491405264	1.42525387164888
-0.162714005842256	0.186397676263743
0.306454937298018	0.33926572326246
0.75809689103603	1.91281512617923
-0.0729612979433849	0.08295032549647
-0.0858014325335281	0.0995719471305684
0.0388656552645467	0.0425416201176974
0.763200351717008	1.37297474454644
0.478886709792566	0.867610599664721
1.0935287879151	2.55678351295539
0.639711735767622	1.18784993746425
-0.104311576978622	0.127358590263367
0.570097163347805	0.893283338410845
0.0658756293756501	0.0680077450596573
0.222242610051379	0.343042468417422
0.435396130463489	0.804351672032609
0.0290728609315122	0.0300185650738341
0.509305410554735	0.953609997616197
0.0760760226338529	0.0784523836689935
0.0606755410131631	0.0592333675344993
-0.0041555384137827	0.00405892575450905
0.659342169154622	1.13838736122936
0.104768486087285	0.101386919848333
-0.127985614568649	0.141594079934773
0.291080285928656	0.350463534412775
0.22128361589497	0.281587152438759
-0.345927659054522	0.442052338385811
0.496740710721205	0.815288945683043
0.0478074019779716	0.0484359250810746
0.108068464611093	0.126088010283549
0.161563862861202	0.193515958070528
0.134904413917221	0.150496156995015
0.221201060168371	0.288370708916519
-0.0342729761892147	0.0315633185099064
0.571549864552885	0.844885899655596
0.266082328397828	0.40785614635736
0.570567496816998	4.66676469346026
0.624009487713394	4.3479809932825
0.451889504010188	2.35006629061652
0.526464100054814	2.97198154650525
0.0340984037057504	0.081140145833083
0.0943122540284422	0.188795774758872
-0.169151343414191	0.251740057578187
-0.0721389447129755	0.0941893732829036
-0.351416425829258	0.543468197676051
0.00791760139580051	0.00802957856013913
-0.303243810419674	0.407758019320589
0.50269838689751	0.685107291763001
-0.0679813138560152	0.0886115714593476
0.0543967780622726	0.0621203838723235
0.0973136205702202	0.127105913173419
0.015131304376295	0.0168275848382133
0.169065675608425	0.235321471644529
-0.0817381087563971	0.109497390158349
-0.202235389104344	0.262066613296673
0.495763530487786	1.04489995468269
0.293318626056973	0.411491700292132
-0.310906354961452	0.471566181355701
-0.354842977762274	0.555724749746586
0.0653962392905887	0.0934281462415701
0.32989864678858	0.611464939260811
0.363124898329196	0.588693685629057
-0.145870196663892	0.201752895107709
0.475593240890153	0.902892152699267
0.304069968868582	0.423563494656993
-0.0398321991241185	0.0449091637216719
0.703858979113494	1.59223818717
0.301191627320122	0.453556267590777
0.245543281446216	0.358605482194464
0.198147962335803	0.237307413265292
0.44211835758677	0.773101069627658
0.266689904109279	0.364508519245202
0.0284206533828999	0.0317096594527232
0.0897415594852059	0.105465419928441
0.32377130593158	0.496296796401852
0.321850755364386	0.52875395865069
0.572386396003347	1.04796044713678
0.285528811588115	0.370905388473051
0.146767117687471	0.189148859415786
0.215634778237309	0.304971392515961
0.198849234606053	0.270201716245228
0.413817663004909	1.89038394988111
0.552487386368034	3.16847664119938
-0.093262095665333	0.250848502688683
0.0101497965875325	0.0185291979286951
-0.396808447401891	1.02206304979712
-0.0286973017932	0.0305666350406687
-0.177683585075482	0.229226656161035
-0.282860136446335	0.447156516552146
0.987621069660308	1.59303505075826
0.653236064421806	1.61082780327457
0.7372259551278	1.5266087574216
0.156574821544787	0.222011124556184
-0.137093485447601	0.185083769993501
0.287667019066459	0.425094269404836
0.178332077977546	0.245507665434356
0.226229122367299	0.340396729373027
-0.0740874634606661	0.0928850465449927
-0.116360191836521	0.164221622151223
-0.0333210349604584	0.0392113264670366
-0.200483261563959	0.272197387595223
-0.179019595596865	0.257904496418257
0.364244951673317	0.649916042960067
0.405944774373714	0.655081725220147
0.0464515444776765	0.0435281093564138
0.144419519560512	0.138364503973191
0.0827311933567351	0.0883090989968146
1.12037142912037	2.45393268918833
-0.0191742392918488	0.0180007295001639
0.635533846964607	1.20034703914471
0.940708551697802	1.96422627226156
0.418795820690625	0.624012606521933
-0.0550080466705759	0.057608996002605
0.2388353605328	0.29941994129743
0.339746988841232	0.428468207394172
0.360159302937865	0.532484336896345
-0.569460392353163	0.912890098606696
-0.109524172506411	0.105150561996281
0.574524241928316	0.926245755276163
0.293982417771412	0.356022740889035
0.334179813821985	0.427732407076492
-0.391719616736422	0.468084373362748
0.0790909250325201	0.0913873822365668
0.368332399947741	1.40723549048366
0.772008406443726	4.69311718710328
0.145144799642858	0.438486478482643
-0.051972152447433	0.122942480319947
-0.0233637649996263	0.0449109381196322
-0.1540105608669	0.267323658874664
0.140560124822911	0.191493122727664
0.320089441602845	0.565757590528007
0.10395011061181	0.160195050006347
-0.186913886814334	0.317732675707266
0.492957135722826	0.882603912750905
0.13443622109892	0.221467036585356
0.176344396191083	0.282591179028142
0.659572000402157	1.78483806537285
-0.174726007669993	0.295026210600088
0.388193081074627	0.856999888230465
-0.435737029325372	1.08908491117278
0.328401050902862	0.575792770600899
0.127993553215451	0.1337210899466
0.190103052460287	0.208039104818678
0.795160511558336	1.32083470180956
0.616662694458394	0.893394236335188
0.354266488094181	0.419210358011074
0.798085971691435	1.34839407836917
-0.51356548148146	0.699499501053794
-0.369219679699792	0.422970188514755
-0.668550001180351	0.863097741295701
0.478028076151226	0.583301633971154
-0.500549338389884	0.690007255863217
0.0833368700680157	0.0774309261705613
0.675332443252214	1.07435726878361
-0.0498661608481852	0.0464100025056289
-0.161883910152815	0.152836791839642
-0.54842034955062	0.671749624595441
0.472853418050465	0.575890899918315
-0.797981701903814	1.01215528544016
-0.287556268240607	0.290942475044732
-0.312652522366622	0.31237446349232
0.20484253378254	0.285575719227893
0.137201900434373	0.159251082076164
0.246458905155946	1.41297329748766
0.335228693721756	2.1429298432939
-0.121745146184875	0.491914482049968
-0.919422683905213	10.8251383436832
-0.4672437393344	1.96668581853695
-0.398015301856011	1.24668820142863
-0.334575816425856	0.621852863198634
0.0145750486294786	0.0220064332916523
0.141761929474607	0.216016155190016
0.141023771955216	0.168072470076695
-0.0263742189118405	0.0333571243843814
0.642185016588985	0.823393425794281
0.261378919454266	0.465968422244338
-0.0296226730478398	0.0345945956655218
-0.340855450373282	0.516132086836368
0.280863589196161	0.463095415375721
0.0719424684300934	0.106041270184691
-0.102742509315448	0.140107132170049
0.140634861902673	0.1879256587012
0.0736751152467476	0.0936411687961414
0.58940086204977	1.04370091983511
-0.795466977201101	1.62577929480732
-0.406658113564497	0.538182210471273
-0.276293902182891	0.549320538087113
0.386978121248634	0.851797973451743
0.420145642060601	0.902920297240019
0.132133646012646	0.19687741593156
0.34969743818817	0.591755475357872
0.138414967379263	0.159255615154942
0.596390183766113	1.32188152822734
-0.138155963647022	0.169982430077348
0.436174608862647	0.787969977757945
0.123682171843388	0.161155113385973
-0.171960592956103	0.205745740525121
-0.256169598541992	0.373618716765734
0.252340466721318	0.359764762002804
-0.343807715001133	0.5720513342825
0.563350394966862	1.20655147031571
0.545335287704737	1.24490863550425
-0.133576755775173	0.185095104654728
0.340524007980314	0.579073998551372
0.0313197038315114	0.0374768488780014
0.459327058409016	0.764413971630102
-0.332509190714853	0.452175117323005
0.11456126012855	0.147003181326058
0.0487417730428273	0.273949791769165
-0.119961798044172	0.723264069081024
-0.124479830817507	0.637214355232034
-0.309673359326287	2.09459132837425
-0.799371260014353	7.61423219893624
-0.0635914762267345	0.108610760864639
0.114565252909928	0.147261381752397
-0.110729346063379	0.105737666003745
0.896955296504498	2.73355750093225
0.158036379446443	0.188370051805142
-0.470833784337829	0.630153297825859
-0.417773408102768	0.608308379014933
0.00555105362896963	0.00704837574638146
0.428821569162303	0.756170058371767
-0.468510195981308	0.585365034877996
1.53473004666405	4.14845461572575
0.881321047219797	1.41231126283879
-0.00103759790458356	0.000983735225238363
-0.103823801117651	0.079720740356138
-0.309029600822072	0.578567211938845
-0.201933046019767	0.404124366925751
-0.0349637676086074	0.0521423837591586
0.0698165382724793	0.105991598263338
-0.0918205989273781	0.125642285004824
-0.0387193142068325	0.0432209180168361
-0.285143984796484	0.493020993172694
0.0435156963074081	0.0543060964568165
0.340879510028172	0.610143712592069
-0.0544596611599299	0.0742979127179343
0.0728519397373612	0.0965049103740331
-0.167976528440893	0.261212780334463
0.237871430784274	0.407375134515304
-0.300813516946048	0.557664581119574
-0.144199484445837	0.193364216769579
0.0253308710391113	0.0323604877046014
-0.0908266548346571	0.123620044651554
0.228786221512944	0.421951538328068
-0.112798062526634	0.166601400390663
-0.15380603339401	0.244231676281636
0.0242984676000404	0.031649195937807
0.223368393194685	0.296581353664732
-0.046215467269967	0.274678701549921
-0.131658712921977	0.897149021195342
-0.16106714176169	0.883245343425916
-0.396711439456942	2.57538615654434
-0.130678275646538	0.247779086024345
-0.482163960540225	0.49398353476889
0.0282916956343947	0.0189641465420088
0.261518042149605	0.357702377865656
0.291586422592146	0.51608654005317
0.142847927149083	0.16807485062233
0.8165714592293	1.05340179804134
0.563317692851116	0.943976142754119
-0.0310835721873128	0.0373039349402552
0.0843701758260708	0.105995644881704
-0.586930451910719	0.871773492158806
0.78712215029018	1.51616911256977
-0.543874767258215	0.591561058405056
0.0263722520446836	0.0213003105957488
-0.0756462418232563	0.050351568479373
0.0681811740663961	0.0932812090500402
0.10870694365351	0.183310337759461
-0.323303418548904	0.741268241561458
-0.105455948216016	0.200220884837864
-0.32892899035667	0.661879177311014
0.0915705638688621	0.138789076948436
-0.342343627971864	0.724107349283901
0.0075377615161936	0.0102776910649861
-0.0967315159114983	0.133598190866449
-0.0681762896989938	0.0951952062207689
-0.19761574194513	0.298885934233127
-0.216575323549134	0.378459673595407
-0.344786740810932	0.713132356471518
-0.113545653710744	0.182317779115648
-0.270064383284171	0.519844417135099
-0.198749434087322	0.350516860597298
0.0127316575690381	0.0178521305375792
-0.209375784615272	0.37622364450526
0.138793540785114	0.228731878106161
-0.0487497654626794	0.0742704897030223
-0.234454670947194	0.413705861141692
0.20958331816625	0.272700637202191
0.0176853221539349	0.0915965250272021
-0.0756530033539648	0.398054988134015
0.0201065122468346	0.0631313272264764
0.123491029720078	0.257819180583244
0.215071929521204	0.128281056475394
0.130705497414029	0.10235658915427
1.54451098012717	1.78617539144372
0.518330013390141	0.534524568776578
0.220668100359127	0.287073045235197
0.178461184389108	0.236748863823969
0.200836141331757	0.315235250703784
0.254493437525047	0.349395324889348
0.708000212603629	1.06795265368993
0.507294392704483	0.824172062074594
0.219328854140673	0.347120437480397
0.908981626352463	2.13122453001381
-0.219392690389799	0.280195985375093
0.213911189552021	0.296868994280544
0.118176302373351	0.136630941669329
0.10006384705154	0.103165355621525
0.12090349472093	0.0883552089226522
0.306369792472815	0.663432257844263
0.139685647403792	0.264132229028501
-0.441587330021799	1.20901017010179
-0.043341894198429	0.0699934367990062
-0.136688531059129	0.223963006478882
0.239149663839394	0.404493715966224
0.0595863599106267	0.0842421129766591
-0.0333946734173153	0.0446080687720176
0.0678034287301947	0.0936250331623864
0.204509729705106	0.362128542980124
-0.0935374760306938	0.133012197886596
-0.0648300803891859	0.0932385748060088
-0.257779295176754	0.471013596299392
-0.43243027322468	1.06816780932168
0.225077215679018	0.390012197738388
0.296007648258823	0.611180025170642
-0.115382469826882	0.170991322052793
-0.332170742281099	0.66277093930007
-0.254420287096877	0.492914908886394
-0.360353843509132	0.790526297507307
-0.221386130058265	0.40133808997457
0.189864672023766	0.282251803004196
0.292439377279286	0.561858408147267
0.105158236993574	0.775406737615279
0.0154969916594046	0.0632196454328528
-0.356253252986226	0.326446746067598
-0.00514901776187437	0.00312882761679026
0.071685415397828	0.0738532882019032
0.702073723104101	0.843111688172589
0.0068107419582587	0.00609565063613593
-0.0521371700209447	0.0482597459106848
0.554534134513644	1.1081429276637
0.395313152025356	0.486738080700683
0.211113397046869	0.304140878184802
0.113820668405882	0.155941151178024
-0.648065293527608	1.2808335512688
0.134789167068899	0.243090632509089
0.257528723380161	0.447402296180176
0.397303219019895	0.715304066433489
0.283458559490236	0.46216579811394
0.438055348581551	1.04104703790133
0.136263994332876	0.201471452477594
0.149767373853297	0.190934549760049
0.376958933362809	0.747366009232231
0.0213175880383231	0.0226556183534765
-0.0863028461385103	0.0979477964371431
-0.141766661947436	0.167499373539282
-0.0657265723229817	0.106050625379853
-0.0128481386667313	0.0194134703869287
-0.0144650987518815	0.0200974455336555
-0.238421439565643	0.419129555340636
0.0424934575637102	0.0510762059472122
-0.707381891422353	1.72797395942628
0.0641677909044353	0.0821758117423302
-0.224392467230055	0.326186491077039
0.155821861871331	0.210817408960561
-0.246333137170554	0.428360650593321
0.247516921978064	0.365914134669029
-0.159179597286562	0.233751329362901
0.185688006806253	0.307622356646642
-0.0766108854702762	0.109293361889448
-0.24640483889918	0.400789879845727
-0.233821687670953	0.392656685475422
0.000225033827688437	0.000302860876724916
0.0134397972496423	0.0150252363014287
0.36650260378345	0.715085616336947
0.101099419332981	0.131303634501533
0.07923169205663	0.102276912700474
-0.0657475920699374	0.0769938648462903
0.21073476190033	0.303815882583975
0.273398588410363	0.440638835418986
0.0709247852241776	0.447588049277717
0.295727717127923	2.69222700593117
0.0670801376903974	0.115576775464417
0.159909402707926	0.299743991395457
-0.0431005170440615	0.060005242155014
0.0876393645438759	0.0970640999239381
0.176767023561164	0.193207591059849
0.565521440762024	1.33298423092724
0.226916108072113	0.32180085196478
0.213289767602554	0.339864906751301
0.463037671870716	0.892504528787653
0.213060243402981	0.327201076674258
0.267459026395785	0.353352406040697
0.348199721370556	1.08263329279898
0.354610623552307	0.76399660947534
0.417599285896613	0.762305321071986
0.234591087095761	0.430248453638299
-0.0828942031278351	0.102581902175669
0.155084809332839	0.267763636513941
0.133104256672369	0.232858985552384
0.202414037680538	0.359834912531476
-0.202568640260684	0.372140349857629
-0.0860233118832517	0.125974371806227
0.299850948065922	0.634546225556535
0.295967947089848	0.61088249485908
0.0492038349887599	0.0709672173113005
-0.479295022034471	1.04623159241993
-0.0159600948829048	0.0192411471919886
-0.247530016480207	0.397790441389766
-0.359597386499188	0.820836900239039
0.241932052215751	0.381616233785043
-0.432556396291691	0.653002697548764
0.475903808942191	0.728131665430737
0.371142398242595	0.429595453722666
0.234579424064782	0.284514582438634
-0.104525568703499	0.106520977425752
-0.563255300415218	0.902025762408425
0.182107161229112	0.204117189627078
-0.373548310466429	0.452478055662219
-0.0909658234665227	0.105066165380035
-0.514936457482595	0.697101528026571
-0.35385449324307	0.432223294634397
-0.340734785963308	0.463020958410176
0.0680938170055148	0.0588310034791318
-0.303515795150734	0.4071006083755
-0.234998827844852	0.26452787637814
-0.0687654832150774	0.081857726046674
0.318172561903583	0.433580690037669
-0.134033870703094	0.158428153851245
0.296908575005753	0.398749940720087
0.360506984462608	0.547598793722542
0.415489667064539	0.692834569177017
0.160596152129019	0.16842371397575
0.0946567895764508	0.774308844948098
-0.0499292679082055	0.303711851268194
-0.37988877038101	5.37758283804759
-0.464045322009209	6.98248036432133
-0.336987866470741	2.77659639395195
0.0860523797723028	0.255419199489284
0.0616421478258549	0.178693935346459
0.115307555949068	0.353490573508313
0.0759328001436976	0.179855906088606
0.19287841786814	0.573746137574844
-0.0339623720287659	0.0710586517770396
0.311263609724053	1.04592064352298
0.273940583476777	0.714425948341757
-0.135518755629775	0.277980699167177
0.215351426729983	0.470966705292829
-0.0341331432891118	0.0590657228709155
0.177395940077492	0.358033851541104
0.820005586565317	2.15535366205452
0.296378145619204	0.45552761976135
0.0390863743067456	0.0691048878907273
-0.0182755798433775	0.0281658474677895
-0.270213006424768	0.253484789671457
0.25615699316658	0.354446589720443
-0.00526503621241116	0.00667669550984403
0.309609465053681	0.782211232043677
0.011822292355963	0.0158289563528142
0.200463670637006	0.230879441997355
0.0867752984309368	0.118896460525397
-0.260674678455916	0.489949714747757
-0.0594930667585553	0.0824014133222895
-0.0148082762827273	0.0221802217626794
-0.34395619477755	0.733365457055459
0.0648083517290294	0.118521860051176
-0.416838420696677	0.630997918083304
0.0203513250625269	0.0137545432307011
0.230431607869588	0.128875224749963
0.31118815908534	0.243202059671264
0.341223405184149	0.240371620147525
-0.388586512129171	0.186189663009691
0.465399983627459	0.347751026994198
0.0676997171778755	0.0331542732137657
1.02133963699597	0.854164052964577
0.220214462578186	0.130214578053166
1.13497530392576	1.00190076436768
0.644684973279474	0.491173063237909
0.759112461716645	0.735389049930309
0.334998968149655	0.237726122574928
-0.425850770183504	0.264782705103052
-1.17467492561748	1.38319060976402
0.0687256630498582	0.0368484959461175
0.480911336580437	0.352118646734907
0.222805944394088	0.124685675900938
0.224490436765307	0.139180540564083
-0.371748563829594	0.274902947922151
0.471742190418674	0.632162501962436
-0.190986570649907	0.154927776466803
0.207442500102732	0.128273534551915
0.215960890163577	0.14437877806347
0.055262721454013	0.0412073110665657
0.0188026616910094	0.105529847269637
-0.109526072740632	0.876969259372916
-0.0462686362451513	0.235751473705982
-0.0346188836727233	0.137109583794161
0.249696698166475	0.979413048500566
0.0244007294233487	0.0655149474455532
0.122389701045347	0.342242185850149
0.0450969667476459	0.101433565702411
0.155760914585182	0.490230071722825
-0.171877031193685	0.495316864851813
0.224053906383014	0.758656223815949
0.120341476458121	0.277520971644012
-0.0588673149235281	0.130844636157228
0.0825763485417363	0.173975014766657
0.198122917178984	0.506143888213409
0.14606361821338	0.123316727366762
0.798322437918709	1.40463026069432
0.0826602174223299	0.120928774016534
-0.00784225013403316	0.0107054167826682
-0.0242579773713009	0.026007065967105
0.118069993951935	0.191705575752479
0.0828984727501722	0.166834476111088
-0.0569851515227965	0.0972466783430449
-0.248176452932328	0.14448900724547
0.369117283717899	0.397347935133124
0.35003895172791	0.556572958109795
0.219844793591759	0.428621632252744
0.790229399991371	1.98397855267868
1.07851142980317	1.19907314104012
-0.190071311138198	0.262539452892843
-0.00885232513525709	0.0119478416572306
-0.336489433247872	0.561214756759591
0.0281705498011741	0.0423670401615998
0.00688173254415771	0.0104333520001457
-0.278252798252056	0.853835677094692
-0.19475213235347	0.158740459782553
-1.03065268405372	1.07356256693841
-0.0940990383000532	0.04954080996317
-0.492485035949255	0.279350579423746
0.550934134292988	0.351072544913965
-0.477622038991448	0.209297149887782
0.0633324460407663	0.0293828068021153
-0.177036145319882	0.0750714698823475
-0.592406159066816	0.234775707364464
-0.384926195456814	0.189803421916379
1.15229881485691	0.913252224292819
1.2081941944676	0.677608466541926
0.52539265373777	0.270941942264214
-1.54446818401909	1.11094277910954
0.0670945668683763	0.0314636556502792
0.812202020873363	0.651288693719788
0.685869346697313	0.489834941453522
0.833082251570788	0.649014528736359
-0.877009882786835	0.485772274809661
0.136189288624754	0.114184146177763
-0.323544811262368	0.218256642057963
-0.784100978870825	0.2820602250097
-1.23919823207756	0.724341308269712
0.0832522383610401	0.0493311398668409
0.296792614121988	0.513560369387633
0.244712207018947	0.21850670072512
0.0131279244252164	0.0719558239193186
0.145203586328201	1.22689781675969
0.0535367520977189	0.241738025283123
0.492127324653599	2.72192703425727
0.176734356832762	0.626676769723767
0.133933536955587	0.528784489293352
0.00872856476133715	0.0210017791271647
0.145116178931155	0.429576779285458
0.291506546679826	1.19171006557735
0.15050599351806	0.446531370877761
0.262050276089663	1.03975627218388
0.0305808856504259	0.063722032291211
-0.112998177424089	0.282325590887439
-0.0111295175657752	0.0194535107757608
0.514154359608931	1.89503254995404
0.260104437872053	0.59031058970822
0.235626514216282	0.502306310000896
0.0180446383211298	0.0319591792830046
0.269830006290236	0.653728749798683
0.19932662106121	0.201912265331422
-0.0331423844302895	0.0246163043086062
0.0765900395197718	0.114503057834655
0.286449587180804	0.403692328454024
0.052830230933684	0.0726837334983909
0.271025141899306	0.386744814528415
0.289512197116676	0.332677771517631
-0.23667300948602	0.529454190674955
0.297567668386833	0.94569123906243
0.0778288617829448	0.127180153710674
-1.80804373451758	1.54066309051765
0.24768541154151	0.235564817096983
0.196254625408869	0.292979054135353
0.557134431784379	1.49817583986983
-0.0681678087017008	0.0855345885985976
0.567856978080849	0.466270509070285
-0.0858415330516408	0.115210789901158
-0.115537427659727	0.186997593688768
0.171348026854555	0.256339672350821
-0.117396192826511	0.19630894318454
0.343625215066735	0.886188140086319
0.147790696064459	0.371844414870683
-0.0605445935327803	0.0498866301142993
0.103768648481594	0.0281077902136602
-0.122178725790667	0.0587177762772059
0.978706645566869	0.374419602600302
-1.40201086934172	0.917482098907171
-0.795997781707812	0.273976154746725
1.14456471570731	1.02671490479243
0.831425321758817	0.45245443476806
1.01563866717657	0.72196368948204
1.20899298944482	0.682084897317869
0.326197826202769	0.146205287855277
-0.276245577121474	0.152881784473769
1.01638210618757	0.60922651125471
0.996336528710332	0.492234373613075
-1.09285217815895	0.457662161534072
1.53533415173041	0.996023323426796
-0.497235846823631	0.526926827983397
-0.604409850206368	0.459920795260992
-0.631452867456304	0.409765505357606
0.968054536470774	0.368533218887895
-0.733633100188958	0.451684757265336
-0.22891166595049	0.276626155442995
0.193782430901126	0.397030754848594
0.181888499536768	0.283822341648967
0.07582365837512	0.066164581246796
-0.0123286074446102	0.0655563526731485
-0.31901929232475	4.51495306734669
0.748939111032064	9.63869440907381
0.378675812845064	3.16854959084331
-0.0867192169017246	0.381600257234219
0.0286982697943008	0.0962723125013832
0.352038510239833	2.09126788893678
0.399011891744546	2.28404224286171
0.332623545716217	1.73494496945557
0.236264487912185	0.942961324780939
0.435644446754262	1.89936220474628
0.104721301784136	0.252730796072892
0.618248630792813	2.81779869402386
0.144801830023918	0.347346401262077
0.261978202836524	0.698993995360172
0.104093472667121	0.196891724733839
0.12435355338875	0.247234126804571
0.28382566796916	0.41904324156892
0.0610252406787543	0.0656054556170431
0.166922366327835	0.292056109392418
0.0321981340752883	0.03835399629938
0.163014139201701	0.272810851355719
0.735193730993781	1.66900728282829
0.071814172793535	0.0799967501317445
0.0188431452265545	0.0264781653666978
-0.188530180027169	0.417009134287613
0.213236499716078	0.442007579434329
0.354398357597171	0.321433371079917
0.282126802440618	0.350831473696485
-0.108776120402812	0.142033536281975
0.504092426464483	1.5144363020939
-0.0553496080119598	0.0715041157399123
0.484988921539514	0.520583133501597
0.0667558747316905	0.0873824491581633
0.442779300529836	0.858286682790445
-0.109817307132394	0.143053395091748
-0.150089988584861	0.245837533876267
0.285324099148585	0.541949189697841
0.107795331520874	0.201352265886443
0.373759797893185	0.402530400254131
-1.13966133345365	1.16947563668735
0.759003163390896	0.321939762422983
-0.328325205303975	0.171904723733992
1.27625525380318	1.09413686852549
1.175184181297	0.797794513194999
0.0780162469211188	0.0301253878433358
-0.218583443308088	0.0847003872064081
2.20689588817387	1.65231405945628
0.071892394400574	0.0278877658201911
-0.485680893362	0.285395316439337
0.378294458415715	0.238518181586199
-0.387253722602928	0.189701203818547
-0.328325205303975	0.171904723733992
0.528808327803579	0.271714179580837
0.622632314620918	0.300299395723471
0.211095550365593	0.124545159588791
0.0797446813405448	0.0304647007142223
0.712198546619063	0.421077948594346
0.253254577140571	0.134117685543636
-0.431623651617353	0.265246608108582
-0.818146692042544	0.997726868329323
0.81840666905308	0.662915969049948
-0.376171977783	0.179398465337798
-1.17961870356453	0.837763318773094
0.942720809152781	0.80488570259084
-0.120549310692815	0.14950603684239
0.206228262500684	0.369820708704522
0.192980974864013	0.26992601515383
0.787165391085527	1.07088281975316
0.101551949642524	0.84182501207364
0.454649624195848	5.88122315274481
-0.297357186987892	2.85087102691421
-0.516647691509334	7.49637115126775
-0.598324743537386	7.89790392699193
0.0146382355949149	0.0459345539276614
0.191499206031612	0.940891523950619
0.210324304004489	1.04735162081362
0.123530590669481	0.482677443527542
0.0823799975984337	0.235548037958907
0.194738896295375	0.671852590896527
0.308223944516859	1.16158242708524
0.146763666134049	0.397226256427349
0.0084616508003187	0.0143825730170327
0.028207784800113	0.0523792091250966
0.286149171464617	0.897380673282097
0.0794460194502343	0.153019731371041
0.210904236734854	0.223713204163084
0.605806550304517	0.944435065108459
-0.108866047589976	0.191725984708848
0.646369969800337	1.42520247127381
0.0804334994953276	0.128700589507331
0.794778332135642	1.82545113800954
0.562590753365502	0.923001558853072
-0.070297688298786	0.115970176086823
0.164127145990886	0.435637079075866
0.216871362307885	0.414367333189185
-0.891956768716601	0.675662932978283
0.380976297917359	0.534862121740716
-0.106772668327969	0.12399856086608
-0.0772585811461301	0.117377820822949
0.0799577938407725	0.0998669586102596
-0.0801122108869819	0.0556831704269712
0.0325126112496988	0.0398962791655897
-0.0117457901275628	0.0151896880330174
0.0195661357612864	0.0246660272913553
0.116647178130389	0.197208994711971
0.40482118482514	1.03354201984503
-0.0286660842400909	0.0532755258936999
-0.516142352560384	0.528256935446594
0.204422338273452	0.141971574886692
0.0800132581952205	0.0376196830584681
1.56918747749876	1.34639180385872
-0.426993899932416	0.266066575671444
0.378187146595136	0.239416246848591
-0.581878088275326	0.232743066853003
0.32662608542361	0.147655681460066
0.707101821919017	0.416450371585316
-0.683278495434184	0.354071500412226
0.0727666055280433	0.0331707748572218
0.278460040111672	0.133456724322105
0.375012807162715	0.153756313078902
-0.763835062238312	0.54388902891878
-0.37692916539988	0.183103935712393
-0.735352818839041	0.448875413830732
1.20079780655376	0.669640103966001
-0.237821153466108	0.136601105653282
0.24644581329478	0.125048754345654
0.752215794852026	0.325873343524793
0.823752918005304	0.449326677428857
0.143990907166394	0.130955677335259
-0.636497268078888	0.571950258919558
-0.326258901772403	0.170855523229417
-0.535189258237118	0.418431166678391
-0.245097268272416	0.140662864294919
0.182341657259551	0.268621668221083
0.183761069605583	0.299146982238644
0.669789168374949	0.826998194338866
-0.00824899683053045	0.0424664744401084
-0.271866337412326	3.36238484842226
-0.087250708808247	0.513789921055526
-0.168126914624315	1.26305136608675
0.305574470031677	2.68813751207458
0.441441206310507	3.26998136506142
0.273793676635494	1.75715782740086
0.587828311937861	2.94012423038968
0.679505021986983	3.22608755136027
0.156001162066543	0.306853163598041
0.247562794984085	0.719400435454959
0.0837693552955349	0.157362443980338
-0.0155914603972205	0.0264243773356076
0.239985325219621	0.580564578053945
-0.0923174525798323	0.189893846415476
-0.18581790782615	0.392839447143166
0.177168534373888	0.297496541720387
-0.178794472095202	0.333695009745131
0.0877189752715064	0.165267291655949
0.0171159993782075	0.0282440916890704
0.256962520033163	0.582972432295224
-0.024087772097142	0.041006161208899
0.283291097481404	0.685047116602815
0.113085502557556	0.203569746571546
0.104704523353426	0.226229911887592
0.152270208828307	0.269527038611124
0.022415872984755	0.0267971281825848
0.132260446096318	0.216436531283246
0.574928599193829	0.950418016719627
0.157098008931569	0.252387067890015
0.491661895962409	1.18320919650223
-0.161230417706957	0.245891103515018
0.147496225612623	0.207937900422824
0.0199946792744616	0.022511100998645
-0.266764725901671	0.415257739607173
0.496035135236429	1.11331613793655
-0.237243594372567	0.406243735077581
0.666181721460612	1.63262354490987
-0.00920043385729333	0.0112476771341038
0.0764816450891039	0.086465957797563
0.417598361568643	0.641609085912734
0.33856075436325	0.419387463350503
0.333326189903547	0.319355524952041
-0.515205812486323	0.526033973605381
-0.625506188226305	0.653010114764905
-0.26691550608179	0.209404435625013
-0.652766129640904	0.629728272365608
0.297399544015254	0.228178693061155
0.502724608245808	0.499975887863392
-0.416654445033777	0.361136950543157
0.508378477031718	0.45082542306442
-0.970835644541156	1.28975261205808
-0.705965590652755	0.639400101524668
0.204663228714542	0.150494860785849
0.209927753244345	0.160158701543082
0.194327860165804	0.158838478641824
0.330085315057472	0.331851843282892
0.333539835938736	0.324609255711603
0.122351100205791	0.0890906956419496
0.271285039466905	0.225892194359804
-0.0714199413140565	0.0569823077951794
-0.176481416113066	0.146452989018644
0.374525213083547	0.419231890828068
0.475640758862857	0.415255423770693
-0.675288078430429	0.701098243925527
-0.222174819499412	0.220783842349319
0.146373531360317	0.165871153097087
0.417436533560481	0.620817225319703
0.0311869428060852	0.184785791597722
0.17969303458063	1.64163617596893
0.0280326077475318	0.125910304286492
0.378683415222942	3.61093117983849
0.389900002962348	2.80596872636781
0.150829481436537	0.713540093731255
0.437461480656428	2.25854522844422
0.316684300677202	1.10185887330559
0.121333693442642	0.285963414630933
0.248340948653521	0.760831815184718
0.398126385348471	1.37252118935071
0.274539471814493	0.674074543817928
0.170385891798442	0.410402587827053
0.00468624096283224	0.00772652431796348
0.134904827091012	0.265843219497291
0.372814565102823	0.916295723979671
-0.172906326536719	0.354949384374733
-0.053818678195951	0.080450735774372
0.502403468121881	1.25964075430034
0.38446147351468	0.925733294981085
-0.256760413667791	0.491870152561432
0.535339695182754	1.49496403375716
0.232789019363719	0.385507496622581
0.0350637492460361	0.0500745968887734
0.369855107737724	0.876634149132856
0.00223054316354135	0.00318540190434737
0.0321861650217495	0.0471305724497061
-0.208410478137756	0.200047334947904
0.0430367735124342	0.0521596271959345
0.253028240471505	0.401079702428961
0.868086335689981	2.61924747970615
0.165812319344384	0.219979805058098
-0.368709903753651	0.488258827313972
-0.149744212517319	0.203347029102043
-0.130770210671895	0.193578873966234
-0.105498137734466	0.148234841488398
-0.0349386541449788	0.0475707583343342
0.162490853675972	0.237234111260878
0.507727345667463	1.25239925407327
-0.389520064402354	0.520959553243731
-0.452395639204322	0.396650934523987
0.212722930547167	0.13971681314703
0.305129911785334	0.233863063971641
-0.706069911052942	0.578773259859798
-0.326594051649957	0.170807146960971
0.316284343721832	0.239276541268673
-0.136525895444826	0.0618190757582691
-0.0554181700073598	0.0315410406067182
-0.207223903367782	0.125016692519664
0.558424059684866	0.37235635560313
0.548997306578304	0.437963813263958
-0.378984858823857	0.314841190935701
0.483451608200933	0.434782248695459
0.110521006540979	0.0746683678439372
-0.524045040866056	0.484968682474884
-0.132383076362427	0.0852934313719174
-1.36691252211784	1.66549407822056
-0.0731010320952493	0.0390534371650159
-0.526874971684328	0.41174619365062
-0.243137170355475	0.172520421060134
-0.339280531754796	0.34054966889087
-0.636525419822325	0.581988697661971
-0.283524762855112	0.158177695657437
-0.707191711373302	0.576190018510224
0.898337333560764	0.883579346232523
0.287647487733382	0.350430145740742
0.0572904923503608	0.391984666926383
-0.324075810404183	4.25540192660644
0.149079046067842	0.923583445873812
0.175989685971416	1.05034046181866
0.171215295547815	1.01035996438544
0.194917504347488	0.902711058018794
0.387235540655843	1.92664151607205
0.418633425825523	1.94002188990832
0.343930019669627	1.36790180757792
0.453914525597503	2.17187352429374
-0.0114658266643461	0.0224279170594708
0.283274725340775	0.842341945047798
0.0370545261256308	0.0714664542018469
0.12759884197564	0.275199333292004
-0.240873452287507	0.649797047481617
-0.0263823661597665	0.0440640176128452
0.154798817248916	0.237651055322923
0.390663417664374	0.682800245630946
-0.202664314500009	0.417799970515552
-0.0828903798617314	0.10914417107274
0.491715875606423	1.46582526707824
-0.106251231165007	0.13518014137562
0.304595760762271	0.510387405013631
0.329143497899249	0.742331362984446
0.0432221531120862	0.078887505390425
0.225687479874537	0.434034599736659
0.314214401398105	0.245520900084686
-0.0680667522603269	0.0727820401549841
0.598212333104467	1.39032335281537
0.125505371463456	0.22288601431989
-0.0463860322039611	0.0561425299075445
-0.364687335115308	0.364872467975449
-0.297384139385891	0.487913881573382
0.293193465730313	0.504031831470944
-0.118452751054891	0.158800335835597
-0.104254826503275	0.172753048794386
-0.681525606848848	1.79936558204468
-0.298629939584518	0.680652199177036
0.329309435728716	0.320865221321912
-0.460869887051748	0.361028555538804
-0.861014507132526	0.488701569364636
-0.281218242346526	0.158529846054485
0.0780162469211188	0.0301253878433358
1.78341789608511	1.80592394937517
0.0787095821571828	0.0437224884627854
-0.554271528225135	0.380225803830587
0.624699603730539	0.295249099371964
0.0644151222019419	0.0264621568670382
1.01245822701459	0.622627619339922
-0.286596483640043	0.0996994327156536
1.13981030515071	1.00686872994743
0.05690990268869	0.0281255436133013
1.04182695415157	0.970211421192713
0.055488885149719	0.0268731233073986
-1.01225487519093	0.765212703939872
1.14533500272294	0.875042551970076
-0.56936741061162	0.306251563127115
-1.42717119709543	1.16797690538597
0.0790836119405593	0.0337077125655117
0.593070538154514	0.71113080454318
-0.467258327668479	0.369976309619631
-0.8436406043263	0.401240783430118
0.329898335022464	0.147205736929149
-0.150152961645326	0.113957817465427
0.283820560055091	0.412489891995941
-0.047035131724863	0.300276366549296
0.500785110240473	8.25298718139221
0.445388101915356	5.20789630985127
0.18236740466853	1.25220139508503
0.542798907718558	4.2389016372278
0.515687722652434	2.92203798398127
0.429463091799995	1.869631369038
0.471201454780374	2.28690731099723
0.119209260427135	0.293623041224256
0.108726637324187	0.246137201438956
0.396962817911511	1.28037909047405
0.245128266972431	0.686432290920433
0.00866944929323327	0.0140221363521944
0.0371418251226077	0.0594053559702442
0.31396873790837	0.771063976505255
0.193285550530424	0.366064505161185
0.385975501186404	0.840505001635904
0.425574426736089	1.10274161280005
0.256179048177301	0.482114736290891
0.0385255829827911	0.0565982909866474
0.20026445541975	0.357233449706716
0.404376357365421	1.0071920112243
0.354389464170643	0.758670998502191
-0.319617466699147	0.662208867231015
-0.0552884166849198	0.0805283337113987
-0.348215539412993	0.439890696779848
1.01329333725877	2.89430079342262
0.362444559227029	0.716081513866216
0.0549608185950056	0.0762604675184698
0.521070814056398	1.10147197558848
-0.263659273747559	0.307398651477362
-0.276143120864103	0.462922416837696
0.141647927373421	0.193004180518875
0.24814356617016	0.438707878552675
-0.0144007404691307	0.0188991575525012
0.180539515058961	0.270433163552278
0.26867772117805	0.477484778256846
0.286677703599086	0.347606427426126
-0.489093933051393	0.569524449343116
1.0092854940458	1.14992973553032
0.072951875094777	0.0412693566170305
0.083397638752274	0.0490009485638341
0.211251539363718	0.15230936697736
-0.334674816883338	0.254749929924909
-0.12223172019194	0.0812453977393002
0.462275847809536	0.349077191297572
0.508841212051084	0.451554342534857
-0.531228768068397	0.419799173480573
-0.567546347482255	0.48892634112048
0.412695667842241	0.24521972985018
0.525604432276584	0.433401403190189
0.564553497035352	0.548260332473798
0.441226205229085	0.321906906247292
-0.150215840916411	0.096622291587135
-0.424308089959209	0.254002300547531
-0.319188163854034	0.206953676650843
-0.276092562527241	0.215495628928198
0.816528163439297	0.654412690792292
-0.145569105961562	0.123064353925653
-0.159497685024118	0.130369345629547
0.707655601197619	0.606164916847526
-0.553902663813818	0.46586544502709
0.18938485811977	0.163121033195356
0.28562949182721	0.334527984509355
-0.00595443648568695	0.0311435501814665
-0.366449836797842	5.60066101396615
-0.25885679625844	2.80670900071084
0.350450240006078	2.79111637739296
0.0994676704748762	0.355524608253907
0.147884552714608	0.505238104526556
0.374863268691303	1.96074146895469
0.211065982082717	0.715914088290807
0.119649668416238	0.308793813085294
0.280303007917202	0.878920297581824
-0.0729167271061068	0.15826929877087
0.0695245111592258	0.136910086198562
-0.0568533449609739	0.100449427615751
-0.0510422308123292	0.0922711852759294
0.537175625695808	1.53454678162706
0.149429213031408	0.251188284819766
-0.0922288820642357	0.160349198294424
-0.0851849556949806	0.146175437787363
0.237577734061205	0.486419310572884
0.798093430888329	2.57969890933287
0.319515068832225	0.761730559485565
0.17394829482261	0.336924027601907
-0.347228463628467	0.842093840873112
-0.367675976704093	0.842439773737139
0.0430101219085496	0.0391533738808839
0.178006372424172	0.263628585579417
0.231644007723167	0.39515528191469
0.616339437136186	1.62179150730682
0.0897779942220364	0.112506558229823
0.0706498242983679	0.0792710607506476
0.196801868040617	0.324293446756262
0.267235353735794	0.482367791727267
0.271089779964533	0.381920021614179
-0.208195054105862	0.348924029416094
-0.196394065941405	0.3241645745521
-0.0778154432445474	0.107443401612173
-0.837007049567806	1.58282524752355
0.657410641830645	0.5883626402887
0.220783514606456	0.122273802142746
0.989264102148763	1.04149450775201
0.546639682288423	0.459646875766055
0.223593625870248	0.13314046612809
2.16034597587638	2.72112256948153
0.204609110750407	0.145420023905675
-0.137609213414967	0.0891755299178262
0.868156536636931	0.778315735580596
0.223301625361252	0.134170514224757
-0.0608309393417335	0.0338180786006102
0.0854982375521999	0.0489794598395788
0.602107342373276	0.4777923240745
0.343812215054016	0.215777439141373
-0.321426518616932	0.210623446799732
-0.150377164139753	0.0945284217211759
-0.797809087050206	0.748983866187245
0.713849560524446	0.70970519726717
-0.141091123386119	0.0648090571326302
1.03665155118926	0.972202143735819
1.3954436675683	2.05436105574543
0.556325507557272	0.458292248340252
0.0634637148870329	0.0332134952941953
0.465298445668017	0.339788228896604
0.345745593603869	0.317221270900688
0.209499948137831	0.261748687915709
0.128355620418852	1.1643272071705
-0.116555573438341	0.849677816309125
0.050306978288262	0.207024438471847
0.216711652401895	1.13500713450484
0.274771192242761	1.3590146372166
0.625403721193909	4.63080936340174
0.285426434965369	1.2667711602032
0.00702301749141966	0.0149004956849626
0.030659702500623	0.0677087745600699
-0.105597505313232	0.243081217705135
0.0202147259128347	0.0380693299589796
-0.314397523190635	1.00604584690122
0.267738457228217	0.651045716050693
-0.174687835295454	0.221631729764575
0.189531954695521	0.365637902648949
0.604944794177751	1.48422613151389
0.191768851054189	0.372748435178431
0.0940921969361377	0.130906355337178
0.229084606807496	0.321416274075579
0.676188310662507	2.2505181415171
0.0641689905770205	0.12838671067539
0.0122832759111557	0.0177654584682053
-1.04977067728303	0.997686931714527
-0.00298477981171339	0.00261004883672647
0.0983422429918367	0.125846663299297
0.222721395745145	0.450122114485841
0.147169791669801	0.193525923331725
0.416950731694309	0.424528207519349
-0.0233969735460609	0.0256311297604817
0.446203783320807	0.904051484628695
-0.0141432477356351	0.0152132405540085
-0.072735996001799	0.105695785858574
-0.0164123927353493	0.0227376646757704
-0.0653245983627622	0.104853133534001
-0.00433593329673668	0.00323252020403731
0.633055090452234	0.566967184695143
0.286081904237963	0.140858218443179
0.690450046112538	0.510295462504026
0.990022991893179	0.48798113028754
1.5948588877877	1.63890505367368
0.530865406316773	0.268868639561096
-0.466546481089576	0.209714861569475
0.824847922839389	0.446917102478537
1.67382988655196	1.55120398512086
0.465945494005167	0.171994917424054
-0.633967462239007	0.418304364488516
-0.63777352125319	0.411933829955292
0.213562546623826	0.127293391055219
-0.562757270992314	0.308776656971615
0.210827150535841	0.137103751740775
-1.16822419381502	0.77264713113916
0.0712773639349227	0.0352909686120303
1.26345606491985	0.555977478080805
-1.40026516560329	0.935465057362527
-0.845075665133404	0.387500445120955
0.587783764071898	0.61526768559839
-0.232088486447855	0.127415566163824
0.903872679417163	0.678036860592227
0.220116958281564	0.131088381958731
0.373589585602479	0.498662016244869
0.136015197459792	0.203827942530113
0.000702508124906355	0.00351524328593862
-0.114398035537211	0.77221148960113
-0.0493115071625435	0.205860446146305
0.0211823674329843	0.0685652308173362
0.383716772667568	2.74661274266301
0.515249310996254	3.87913543921503
0.169199687339836	0.621008409663023
0.263469131605797	1.01218566518519
0.161138982425525	0.462104171399102
0.132241781228533	0.326481018680291
-0.152128545733547	0.389161539163569
0.162250398152389	0.355599136847648
0.403649379526858	0.978846639720891
-0.0458333488795049	0.0744843958729813
0.740606039787103	2.37378694960013
0.0909791802490257	0.163777188192369
0.172892452178403	0.285494274976465
-0.0427429336407336	0.0640493311846776
0.116357968756724	0.204884236430041
-0.152467986901169	0.318049752658703
0.524857508591508	1.42072274833471
0.368675746271834	0.336574322031332
0.358101734858129	0.604295195649072
0.218231393884145	0.366971247520341
-0.0435440582206493	0.0651640025290535
0.423722385448181	0.839528604019807
0.336110735068772	0.389501894392986
0.0215083502683194	0.0264929918716427
0.0499445239133209	0.0656052004967852
0.15816462940605	0.227653634575055
-0.228235645082793	0.391847749923521
0.287822734262974	0.547320664959935
-0.633713666400942	1.85100094614801
0.398085397945629	0.558483653937111
-0.426433272146452	0.37781920633143
0.214950456744601	0.143613371556186
0.406514462651843	0.23830240964045
-0.624913089082651	0.52811909810069
-0.389903170948442	0.186162454323699
0.465884142568007	0.256603992065669
0.375165305411653	0.238151829890398
-0.283563830247806	0.158183753215161
-0.172743277355072	0.101573097780966
-0.593822514894125	0.455822606913606
-0.884959187743996	0.759830953944088
0.415252455239682	0.247713398955293
0.532815581936405	0.278174146344977
0.379058651005563	0.238460549730979
-0.175191160511243	0.0727863407789102
-0.556578572381579	0.370347070916358
0.527331658932861	0.276756807690439
-0.330513009619665	0.247183739085679
-1.05704707441578	1.03203342346813
-0.424503505506455	0.254490453046965
0.314801485561339	0.331780599403537
0.0750628287976993	0.0317633716189768
0.816404819896662	0.652645117032016
1.62448429938531	1.96746887473713
0.407743215088793	0.67017387646174
-0.0265658927174948	0.155180451337325
0.0475873570557997	0.279241002094235
-0.0419342162415851	0.198084024118902
0.461006717510748	5.22102299514362
0.448697689691052	4.28737215817252
-0.00557922104398204	0.0154584730320686
0.269132561842446	1.27263277045375
0.374587317583953	1.65111729152205
0.30666723646732	1.27533360225678
0.165569851731	0.537656137610423
-0.046705391706165	0.101273629060864
0.368638401576644	0.649846427338484
0.36257092053133	1.06577498835568
-0.118965247735032	0.164410367841235
0.532628619273499	1.75549576061207
0.336144298714247	0.617784609737937
0.638918017159261	1.23812518126602
0.147694844719378	0.308823158996924
0.165785596520284	0.42569718982165
0.228564145706324	0.497177972757081
-0.167884760572702	0.120665926218812
0.117289947141661	0.124300910649129
0.296197064287693	0.498469226309326
0.472481285285299	1.36132118336805
0.0778187992101359	0.0987901821904028
-0.220964949042122	0.1800523122758
0.19031899681144	0.279016885796937
0.52512500776621	1.32996604919997
-0.0421747037874881	0.0501642452838605
0.156621391659697	0.238874846158796
0.0578757185179137	0.0834563973960826
-0.111857378513219	0.216503443459686
0.52385398901838	0.538757040991187
0.51921621399111	0.364913136024816
-0.369734426992506	0.168689762200438
0.0614346420816131	0.0273891575468175
-0.841593914628618	0.397431117414848
0.6119786029518	0.193849240123689
1.55375309448355	1.07154748288409
-0.891989430800767	0.590715431937301
0.37553758109698	0.14914541082157
-0.639850427389043	0.40729664234145
-0.786262466871238	0.288507965928695
0.253237892835573	0.134922916927531
-0.326587548530126	0.172470516713182
0.837634230641829	0.422248243086649
-0.468154069233568	0.2112089118745
0.707430517401923	0.40164904546753
0.0646967839274635	0.032307088830751
-0.860235121436324	0.467665622236925
0.411099485582815	0.244741562745021
1.71815107759144	0.971883016870606
0.99818714192542	0.570579695742408
-0.0455482243268021	0.0317897033928698
0.943678034321435	0.807579496222878
0.286053992956279	0.138464577140511
0.265128049616866	0.381785809405057
0.0228521591669019	0.128954201119078
-0.21663858592074	2.28186335609339
0.242057125726739	2.18095825316807
0.322137400162192	2.61442632337213
0.0360622312035081	0.112518087226975
0.13250740906987	0.448500569448611
0.301353993934493	1.17995020031231
-0.0742230260100009	0.188569971012759
0.254252150285001	0.963481418424936
0.0332848795496617	0.0662000654923344
0.54815864495588	1.08861886575569
0.599675203883488	1.78446131470214
0.442832872549696	0.771175431512347
0.086866640011508	0.14457162402508
0.103556830855028	0.126379300865783
0.0827089969180864	0.0968824909759927
-0.258853332399409	0.578640084746968
-0.109787548718389	0.235733475978404
0.0782636952187041	0.126636724047638
-0.43244801944293	0.310782197739054
-0.0152709339982255	0.0134731867629711
-0.0445493047548657	0.0502299871722739
0.170510025884462	0.305203286085798
-0.55049534560729	1.0539618558512
-0.560181088986118	0.485076927091191
-0.0368588666193306	0.0390093311452312
-0.0133958493237451	0.0156913189250834
-0.0632056721220416	0.0704272259777239
0.168641807095048	0.272654127888383
-0.299585371540248	0.583477327230098
-0.164053908155775	0.305673652611992
0.452824045652734	0.434483604533359
0.31772026056066	0.144414415480069
0.0783665210053791	0.0327002577121315
0.458069586450816	0.255583360414817
0.106740611922016	0.0268445202028237
-0.736869642972961	0.456708656880739
0.557895698776952	0.370550473043907
0.527206305602986	0.272374922927763
0.528417517229143	0.270951313513996
0.839591026184013	0.43688644207089
-0.489527366472742	0.290592226684704
-0.109423028814391	0.0547996847724961
0.321670523326796	0.146168055740444
0.371389157039024	0.143035410835505
0.0770256414622853	0.0330720573752277
0.0830623408106226	0.0287443498530698
-0.386526324211106	0.187285494031687
0.37805758137903	0.151735882621075
0.426032314621507	0.41839021555047
0.225111299843385	0.125858588266418
2.05237189651101	1.41295721429938
0.51407189107383	0.348308501519896
0.813333644903581	1.54391982632487
0.1133618286797	0.974747574720334
-0.279493634445857	3.46263652840094
0.0338615920696185	0.143536132357577
-0.153472929950554	0.731657017650767
0.058462933329467	0.175898878374669
0.215602153918192	0.797554672934985
0.203911538813333	0.77075546807602
0.264345306755686	1.20236343442717
0.161421242367338	0.482490126641194
0.442581134259713	0.862126874615781
0.475190351058213	1.48736232421266
0.255664830019131	0.392154201658889
0.622203379368461	2.11888992153818
0.0558089190964699	0.0645594091691808
0.654747168424593	1.46102395784424
0.144438075184931	0.285126581362013
0.392820877088575	1.35287981580907
-0.0747217831872654	0.116287950542664
0.558300267237594	0.464566156163083
0.967450156014335	1.71907935361996
0.126713261081701	0.141905237733652
0.453883450428719	1.05847892146129
-0.126070006979936	0.160311995428719
-0.204497162276147	0.147107974732741
0.561868603915357	1.05094089760277
0.194703672411237	0.309031434353033
0.464060916990355	0.78451393393538
0.114259232150274	0.168499141815967
0.133731061673043	0.220615048335785
0.300396363921025	0.776090159033805
-0.331683742717621	0.250907557674853
1.16324998536317	0.778063748759436
0.0802967744133554	0.0336775555814732
-0.2255906575786	0.0847572330987582
0.0696063515846661	0.0297196179566662
1.20410826054128	0.658189607562011
0.716416329386361	0.420891367837956
0.462115568268836	0.166828090036377
0.0784731565755917	0.0268006261435826
-1.04606858390029	0.556894789122675
0.712198546619063	0.421077948594346
0.282568956943974	0.133746386441893
0.0861611332990143	0.0272980659358906
-0.3844288539337	0.178733012053613
-1.34035033688939	0.655006985431637
-0.722825399159545	0.425588096075643
-1.39685652081002	0.904356969624765
0.0926357903382791	0.0277146018908558
-0.588539505719041	0.242087730616709
1.39708678938036	0.46845938914715
0.302622819838508	0.235094628597747
0.556514934439456	0.373311971442493
-0.0311001152958113	0.18685713738878
0.121361517655636	0.924488250397915
-0.574003736299908	8.31817682808498
0.122899895964844	0.603985817609615
0.146547600373303	0.642312823403859
-0.0444795851288421	0.144576137692832
0.187115272837358	0.762201404389318
0.355698413592356	1.06333493213099
0.236318512901257	0.601364228581183
0.33762654878956	1.02900089563558
0.559922609413234	1.65431485698263
0.486546819563495	1.58450221508237
0.281398209394059	0.704899773084606
-0.0565987380384677	0.10809935105761
0.17673153444287	0.35500541735536
-0.214282693435626	0.20229914956319
0.173974493436644	0.264980975692048
0.96534200834845	3.12150921571581
0.188975232895242	0.386806402233708
-0.0786870745524987	0.103409584771567
0.308466625907379	0.331805130005552
0.174084624553352	0.26439560597662
-0.174701273120575	0.267684372720515
-0.0990916486816681	0.126692242168201
-0.119134314513974	0.169527803039457
0.0647792712641228	0.0967335434870173
-0.108308130035769	0.188409505324926
0.125415033343244	0.117907344778561
0.671995205241312	0.58637981556659
1.2485901280418	1.21683097458665
0.203349359817333	0.132938734570303
-0.101281463124885	0.0481051358232657
-0.11826721554902	0.0571692497438623
0.867869621523251	0.569707625633895
-0.175804911428422	0.0742372782230315
-0.493516714492482	0.349140431634868
0.404837238840943	0.238321155236929
1.20155212132171	0.679426832131615
0.670813488196572	0.596598534382522
-0.885079333440174	0.775529043901162
-0.241455570336754	0.142469390759915
0.0727754963459241	0.0314102986031377
-0.284574361173765	0.155658896233294
-0.0360880173796114	0.0211142339122982
0.0675417418096719	0.0289185555182788
0.819661972422536	0.439828905301878
1.56008482178947	1.3388236536912
-0.0313777955462193	0.184933883100112
-0.326413108782526	4.22961821578093
0.143249776027955	0.887756474602167
0.350128496360067	2.86920134160438
0.0827338541604973	0.339978439479728
0.242610441911855	1.34212814210073
0.494386372104991	1.38181605173531
0.612822699615446	1.80396736339219
0.506555965207241	1.84946053115213
0.0220977747154961	0.0436322820862915
0.303554469391724	0.841826343299095
0.095605708742276	0.0630618028530857
0.264732230784686	0.396926633902575
0.570266458387523	1.41553316807635
0.462764996012927	1.42423726407943
0.0481911426927561	0.0638420267904183
0.136044732984475	0.11499585963283
0.173535508703792	0.255390256813619
0.129067340626563	0.203591985864082
0.508896392007383	1.01032257581838
0.355863212063014	0.760263122063585
0.273588175200453	0.565822975598512
0.0923536489049742	0.16735179283113
-0.378546197701491	0.340473500870445
0.64139188141531	0.635616715324025
0.355542836337764	0.230300590910111
0.908349215242202	0.676896924149266
0.881057623646781	0.568101089337378
0.831418386514718	0.448343148631916
0.709157218152622	0.420065961192402
-0.69775248771344	0.58185624363111
0.243507625565715	0.127554595717076
-1.05468315913593	0.556816974253846
-0.85251037243867	0.469032564657052
0.707735718014824	0.404909359232211
-1.18978393248345	1.12146974478915
0.769217076573311	0.534048237292317
-1.138628370859	0.908848037049911
0.514214209002777	0.36201176427427
0.623433745258194	0.300375612073727
-0.38407591150988	0.189878158831961
-0.316245411482086	0.20779789570658
0.377906251481495	0.149388128705873
0.830594048868794	0.444574967745184
0.373023999106277	0.153372563082976
0.460056706103707	0.252215208781937
-0.098318819797409	0.809971480955487
0.297079778961921	3.65113600719743
0.27454524857044	2.48273139699199
-0.147329539640417	0.906367175070355
-0.240507591684101	1.67948273634806
0.154648495602324	0.36992448198403
0.407421800954185	1.52931808950725
0.53504680022056	1.79973937595954
0.067613140549362	0.058785619967071
0.64713213931175	1.58839661603289
0.28411421197121	0.578588198222509
0.286040543408572	0.707353294237427
-0.0681189073283155	0.0997188996396809
-0.28917784156912	0.354081760650875
0.112922756242833	0.15437769321394
-0.385251136130784	0.840295059250827
0.334838699430732	0.659468543102263
-0.505961480491226	1.23854396502202
0.657561313347085	2.06124808158036
-0.0404657220136796	0.0632825948966578
0.389423034596236	0.489884075659405
-0.208742785732482	0.150955434602639
0.927572964276909	0.796023956033177
0.373921762268746	0.237955964465354
-0.199294080356858	0.115543325298688
1.12911853430825	0.979908212860364
-0.073719909859666	0.0400587346707007
1.26533721939027	1.09553528498157
0.0759705221181156	0.0372911337369204
0.105689661658759	0.0724956861754814
0.322904477703496	0.147034585169118
-0.202391518055375	0.118091182677704
0.483115183570431	0.35266882489345
0.331764871237101	0.231005863408969
1.44755141227867	1.17489273186198
-0.563106341963046	0.311205528386426
1.26115704263339	1.02324979642366
0.324137542274363	0.146964768740998
1.3990496617909	0.827455829959365
0.631782775416278	0.476188925068458
-0.239286733055105	0.137122712174962
0.702368505489134	0.859963701621027
0.517203441993568	0.36118374659403
0.0146544071227198	0.0800415924464903
-0.174816583402392	1.62686632627526
-0.369745216576141	3.95460145779665
-0.0801047798704411	0.373386367062657
0.414684322596228	2.35213539232431
0.50541742050212	2.5525500500363
0.547246499359419	3.09326142914213
0.0414420900789635	0.0821439541611044
0.114684172049317	0.254168006311613
0.420441580168217	1.63988174061146
0.263948686231488	0.883259887574673
0.423857221095681	1.58594039971355
0.0934139249334624	0.0972958223556374
0.10971343970712	0.157096390411944
0.405630003126956	1.01095758639039
0.122788372103682	0.264015341737376
0.0159967830383392	0.022393700818988
0.871861036052334	1.52004146547793
0.199579944509007	0.332218149562294
0.216366524207234	0.41430786359389
-0.229094212709784	0.387472918920927
-0.0553873721529808	0.08528268252137
0.239277452429192	0.491396276847447
-0.00593841045673865	0.00900880334287303
0.712251577271789	1.41894835156937
0.89445363477749	0.983847589236029
-1.44053314142784	1.4053507323494
0.204281448390257	0.127885896107361
0.714995844303499	0.412182721997837
1.01988393481772	0.722911138425326
0.0654767365180222	0.0278426259854031
-0.226445820919347	0.127266832306039
-0.122475902574526	0.0601152746538875
-0.138568866057972	0.0613067281359982
-0.783872087829113	0.621827337967206
0.674695053544421	0.579958319739006
0.0640075605406477	0.0342778231439778
-0.678185533653673	0.501998328324179
0.091179174635756	0.0575059441747187
-0.207703100190094	0.125219741164065
-0.0815616313413799	0.0430604898938889
-0.242460942884451	0.141935232194592
0.0865629579325734	0.0513804780676543
-0.560567147180904	0.369013130999549
0.562956312577678	0.364708449285156
0.84969949867957	0.851633460301427
0.0677866404449296	0.489961476985472
-0.0563489013034344	0.342702936237256
0.332185860806262	3.5637170643495
0.425712677394873	4.9550469538863
0.508688339688071	4.18873204558434
0.421564699982427	2.6608395593864
0.50031814263395	3.21835427443985
0.440648959174028	2.29210204535822
0.244506018394485	0.977209817527404
0.270513709457428	0.96822900188841
0.0953435606214052	0.246177622279147
0.308250021380892	0.95405623095569
0.0565100329530436	0.0671179499733166
0.155483575067661	0.301841628020914
0.292829425666431	0.770817452632316
0.385525340755201	1.16273632244917
0.161729682166677	0.289953077402309
-0.660245780904585	1.75950055134931
-0.0706945323995912	0.10231394435631
0.170716903264568	0.306356109322641
0.0728422514608776	0.109140117160761
0.0312262417505079	0.0466829473166992
-0.191206459455098	0.352653424953959
0.256208696013738	0.560242547953865
-0.275379561893248	0.381995152622715
0.239685840051479	0.246587069524714
0.20546154214216	0.148370140664026
0.474894563782396	0.33781263082972
-0.205257971371322	0.126359174052348
-1.25622263619015	1.07443068301381
-0.347623089730204	0.290767821125857
0.210688738439635	0.131779139735421
-0.323547820181766	0.212133676268139
1.02917050929648	0.932223095850185
0.216829503569985	0.165586432393726
-0.0902765751317519	0.0463878655080485
0.091686333511943	0.0540146711011744
-0.182216025107905	0.134099067143722
-0.075635497086906	0.0524404701449573
-0.0529146658198263	0.0369773543680483
0.0882210432190319	0.0544965774455723
-0.504262164816946	0.341131688464032
-0.145220530600062	0.0908941809389178
-0.0244637507994636	0.0145232517631933
0.0753869089455882	0.566387432030591
0.320180977401777	4.34385561884302
0.133103297554282	0.927200707806898
0.54459058193007	4.49511793678635
0.346392865744006	1.7829613031769
0.400211031491896	2.16704920673297
0.370991117901461	1.53000714123058
0.420860336535158	1.8155134141752
0.0751237175836734	0.187000619690891
0.211602754683262	0.715541661958343
0.392304031262628	1.4074882956755
0.699092335379063	1.35351475961759
-0.463608445131647	1.159110206285
-0.25594024063216	0.545778065106435
-0.255930195952187	0.647541638755901
-0.069776001888722	0.102227495384477
-0.0336142946761478	0.0377429641872398
-0.143407263114579	0.238131167086539
0.069486754635056	0.112623777658667
-0.0123850084662847	0.0174436367661394
-0.0898436976689905	0.144249470863168
-0.0234074075907674	0.0349740153662694
0.0707698601130113	0.12977459550893
-0.118007903439129	0.131773411045275
-0.322465417904171	0.272677805055855
1.00972744722993	0.698712650591465
0.833445354470012	0.449732576658694
-0.323544811262368	0.218256642057963
0.379191508849624	0.241294733735502
-1.20175633574181	1.09586001981293
0.0579761466721213	0.0302715436723927
0.0712998968801327	0.0375126168550481
0.0773124660247596	0.0436593925841401
-0.236882578783043	0.136927040999076
0.376409252397897	0.230899959157371
-0.363371523090624	0.232879410199352
0.22003447055709	0.149240025387981
-1.129402453024	0.9088615043047
0.0645204788185997	0.0360611533411108
-1.04147768836699	0.523708739069343
-0.886462245498251	0.59576056509565
-0.310405845027088	0.287776799288273
0.759843953629461	0.79273764792605
-0.0213726079695058	0.125037092780574
0.0505225690401233	0.299718473468855
0.124628652530406	0.529935952037615
0.196853509345354	0.701084156940352
0.237575093772204	1.06724403882572
0.506063890545464	2.17350657372571
0.489434211047785	1.76635173757914
0.278159501156918	1.06581523853296
0.292480683245752	1.25369845817555
0.0752816658562936	0.172371381105406
0.0545021124858377	0.042000439237987
0.264193986000653	0.452696154980324
-0.0187721335391136	0.0278041476844344
0.0809271922361089	0.162130357308983
-0.121239394716637	0.182344719840957
-0.399170276549659	0.527856530900029
0.0946651452086906	0.144917583469157
-0.0191111965803804	0.0288458807083312
0.0792327381216289	0.110621155465904
-0.199832413424849	0.402793346679109
-0.579853132710936	1.90158352236174
-0.0111549260598413	0.0206909148995027
0.0679364463151883	0.0595491380434916
-0.0349798112642421	0.0203201402000702
0.710526136174482	0.414765162230457
-0.108819371671257	0.0527432372730279
0.718092085156365	0.420921020242616
0.45175343341803	0.345240186367618
2.19248619975931	1.66752894176801
1.31331296165037	0.976601398502223
0.0818006257107442	0.0311896714087008
0.531704187304916	0.27526232253872
0.419698556519176	0.24821269871746
0.0729103277737195	0.0412869995922982
-0.0995526504275003	0.0516488305421285
0.0545977988528103	0.0416512498379724
0.0869812235951517	0.0438720084876285
1.01988393481772	0.722911138425326
0.455407413409129	0.164546283025551
-0.0214274427690981	0.122177698222397
0.51031099885915	7.72957105581723
0.0708108098950302	0.32201213907114
-0.181578163029423	1.11171531478551
-0.159576657619335	0.79582060648098
0.220834615657034	1.19551061101298
0.071242534057214	0.23313274630096
-0.0126104254510633	0.0350651954444606
-0.0926386591148302	0.285001481653531
0.0267231731336364	0.0642148925998747
-0.0524754671561296	0.12024728097458
-0.793857395799171	2.21530065030761
-0.236364284581466	0.601680745698382
0.137335948572956	0.317185377231595
-0.145105770760965	0.361752190328552
-0.581030554571561	2.01624746126026
-0.315986746243038	0.584704569877611
-0.492628495094529	1.44148465910543
-0.164489260240003	0.326759900100367
-0.504112931406074	1.51079376163956
0.144264298013853	0.280911221413462
-0.241640376012646	0.57548729161415
-0.0955826386938847	0.198140326247033
1.20692712993049	1.50496762699122
0.117149538920937	0.0803808185983083
-0.11368756127316	0.0754300644951301
0.0462783307673606	0.032838352179368
-1.17721363265454	1.29775675933593
0.0695389885401705	0.0341951302751011
0.18569408165008	0.124939659904027
0.0438509850347492	0.0317378760680117
0.15836695105027	1.45290680200883
0.00292050656288888	0.0124258494358498
-0.130218735153308	0.7346679980447
0.0543064001048765	0.242719767545367
0.134418253499448	0.657833615773534
0.270799383034413	1.89529893758542
-0.0340525091337495	0.128602883971561
0.156733248749533	0.564899954021652
0.237136989134947	0.61163263687668
0.291595938100857	1.0706164642155
-0.0344844289400303	0.0653100333145765
0.121112905253003	0.350396779454031
0.0162331326765724	0.034586769270154
-0.0535394458860567	0.101047570315998
0.00908243050963631	0.0148195986766377
-0.224459572780079	0.576329931830234
-0.333430658587742	0.98446044475818
-0.343908838503745	0.874229862819994
-0.0539807628964681	0.092168151297577
-0.115880697632471	0.184590019098941
-0.419768311265069	0.904033841457223
0.0366232977445586	0.0392965934867231
0.0898742676390322	0.104277190330257
-0.0915118324310154	0.113741998659494
0.502164242879936	0.753868835925824
-0.413503550580556	0.552901479676865
-0.30926894647043	0.33867214825314
-0.270102926128479	0.279343412373201
0.200885758878497	0.198468287581717
-0.588964903051131	0.886773722295948
-0.0486670843753993	0.0550830443221547
0.084979227122877	0.0960609946120623
0.0740375470299743	0.0883246845985876
0.0717858821637284	0.489414960964901
-0.0515483060679955	0.273535356824172
0.214587404233646	1.76026692849683
0.215039108964485	1.4724605149062
0.210285972893629	1.32647135712891
0.130683439449447	0.731735059728626
-0.0350785679860695	0.103409474285345
0.0911955878646354	0.210594073229095
0.243422645914641	0.829844493294856
0.127177117298401	0.282168276076285
0.182453608385039	0.630792965794461
0.327292531653188	1.29348109220286
-0.331079200502753	1.07657031522025
0.11669562657473	0.246827314478713
0.065211123060803	0.130665236984631
-0.132376703066699	0.272569650310092
0.0298791032613493	0.0481344447121674
-0.306034060550609	0.775058403706109
-0.118120097899454	0.201117789380454
0.0827115028335453	0.133755565346145
-0.190548067966746	0.283000729301421
-0.0530375992365237	0.0643474824682122
-0.327647607150171	0.502862467283879
-0.0630071284889548	0.0671948277065187
0.160110567589513	0.177224831464228
0.238771612369267	0.272746791828612
-0.133279176045225	0.146090749966262
0.367525353098116	0.493606058160012
0.34460329866404	0.480064644586166
-0.442425032450579	0.553178953669932
-0.690162643287019	1.00690374229155
-1.39213334210747	2.29621535956498
-0.180099226596364	0.182121936873008
0.0919465256805152	0.0974709539645826
0.0876543830009504	0.107673985785994
0.373161756425142	0.47643431557159
0.0282823162625645	0.16243095547607
-0.0168392250775422	0.0803219117140499
0.317907627071954	3.20152200725109
0.184134302609435	1.17057024020672
0.228937099853989	1.5730355732106
-0.0788161269507018	0.300390219684869
-0.00905185898858002	0.0245374559550094
0.223877972023301	0.967037169032442
0.195067056893962	0.419090202595455
0.348590761749768	1.42792584738622
0.0643722694712373	0.158609102685316
0.118196161457295	0.308744712610807
-0.306506062665481	0.9157032736994
0.0402920581758516	0.0691157647620191
-0.0684591874783616	0.136252004034455
-0.299419726519434	0.820340983418187
0.0120107739945746	0.0196142634505671
0.0547006864181061	0.101130478979976
-0.183707943292638	0.412986335969309
-0.186495610008757	0.41313110117665
0.138617807996081	0.252099178120335
-0.196575155577546	0.271341331563856
0.386634949378765	0.539495042358528
-0.463994541372405	0.668013427184235
0.135929428648474	0.116818726049205
0.418012649232675	0.48166727548963
0.542084536031706	0.678148777280351
0.695016900369097	0.787548867072197
0.0355128389052627	0.031601958312385
0.195674515571403	0.177418141011907
0.256177817456604	0.271002055670401
0.0380199209827188	0.0325664080329959
0.00626207894527936	0.00449612088151393
-0.0818941860119179	0.0662451119791424
-0.0473273617309999	0.0395881397398943
0.119413266896754	0.0988534176120174
-0.487235428738955	0.560272305587823
0.111586361547331	0.120902281122849
-0.402426067178483	0.428795862652288
0.613281356504909	0.793762996355485
-0.134256177343999	0.125529546891088
0.13092740217346	0.129912164275976
-0.189356727553763	0.298716391773549
0.116445837560022	0.17739478024787
0.00414032082478712	0.00523059210682013
0.00926641067763055	0.0461180647963506
0.0914905787977287	0.552231157150932
0.131347235413152	0.819160997165669
-0.116212568498978	0.683723313145167
-0.370532473082778	2.89611089061338
-0.430363002233714	2.40620293989532
0.158207759629293	0.554574726231726
0.134860119344936	0.337927133344599
0.11314227615552	0.367686221305785
0.0178212853264023	0.0411791143741581
-0.224036794314674	0.697377968684111
-0.452013031748277	1.63807565993398
-0.17786269902474	0.411533347204267
-0.0615240772368455	0.11947563349489
-0.242481308460214	0.564722205941673
-0.0912071284846944	0.176107436674998
0.181034079231465	0.390353098574575
-0.0277984202752308	0.043608993980991
-0.205564319366012	0.347680976500419
-0.197712589291206	0.448671562790532
-0.305326994898324	0.584058674247519
0.405342867304589	0.775212539308263
0.0167054302591058	0.0166753666239995
0.390462562107141	0.561882316107481
0.367313402676885	0.493047950049713
0.0532799730005587	0.0480283431639649
0.0681971092987217	0.0582003923951501
0.200922002245555	0.21733221984576
-0.281440648943589	0.285903593169061
0.185589898691796	0.204493859678599
0.0583464347157657	0.046807052473999
0.44084952254789	0.556808662723159
-0.380009258049112	0.511459068110199
-0.118453283612566	0.103494818748117
0.0183472034756864	0.0167741506395316
0.399571510563809	0.480952604985118
-0.513034082323525	0.66833087089269
-0.14545304579417	0.138233437780207
0.195145965082498	0.206879980693965
-0.619755246262423	0.887800913600016
0.108762712127742	0.109450797235132
-0.140792460205922	0.140846587596504
-0.193506400257753	0.206071903639461
-0.0667592617591144	0.0757256325699973
0.0815173511337259	0.0937041873055504
0.120615010854474	1.05100098282304
-0.0282769645870189	0.0875559076973728
-0.278376541436556	0.916246880803403
0.329083611410157	1.65519379260851
-0.00937869691253746	0.0227414340691992
-0.0830667550970097	0.239869202631382
-0.0382847463383517	0.084496441042949
-0.181279244439265	0.414062159500795
-0.285482703675469	0.898336150123454
-0.294541702395653	0.846786546508216
0.0104907428191654	0.0191983791171633
-0.350056750127818	1.06541181505293
-0.219616695694216	0.538208051444701
-0.047600277050717	0.0855569801141128
-0.148026948728339	0.273403328834314
0.0306027811873815	0.0385911026908745
0.144703617384664	0.137736013579036
-0.486317054709258	0.636147837782367
0.47435098651669	0.511577547363319
-0.13602409944859	0.114913871079041
0.130920724760311	0.119943770851427
0.373927883038722	0.415108459007706
0.0738766346718503	0.0635050781077869
0.199557414108145	0.181746959372668
-0.950974000437641	1.67449430525682
0.0980588415835184	0.0983041373487248
0.248099090012997	0.26013077986106
0.552141692594915	0.670818739517794
-0.357723400446993	0.461918580631071
-0.147373742510177	0.153471390489793
0.687458286580014	0.881483827526782
0.199462975482687	0.176598649221081
0.00302204496654337	0.00245710392080076
-0.460532308754464	0.72836098333333
0.253229052175132	0.243570494638805
-0.178214733390176	0.158701060992936
0.497175584732467	0.599125001811196
0.142897809258794	0.155721504863479
0.0749831895948362	0.112275929707839
0.120531705353577	0.206241132884885
0.256759425457439	0.495684377439061
0.0238299528988405	0.0307186081116613
0.0362704219137001	0.207057126026963
-0.112954239112141	0.734419287752283
-0.218193406903048	1.18700758804505
0.275558839021324	1.64291793527345
0.392493768485564	1.66278668778038
0.232927310998913	1.08235302936585
0.0918011306441777	0.295619232968606
-0.17634526899369	0.606863619630586
0.00229510727609889	0.00458151977846272
0.198154313026991	0.491646263367456
-0.256061206429208	0.770289048869713
-0.136301362856429	0.294961745194888
0.327949568628029	0.960639836709154
-0.222121467308927	0.498676475814697
0.256291834031129	0.604935559207775
-0.152234878738476	0.287226724919874
0.0183280171331053	0.0298933768763547
-0.15964179031929	0.255744993051969
-0.160222433086047	0.193841270695297
0.401432858410502	0.568306952864005
-0.111797413403445	0.106524742349451
0.751785209132648	1.30463772976261
0.321213398113715	0.409908064747626
0.235492007179195	0.29247398421759
0.364132449112064	0.508133372168997
0.196796683419718	0.213733175482144
-0.391916204068385	0.444403526364101
-0.313614720964934	0.365214223146871
0.659647494171217	1.00116843553942
0.461618563818188	0.568003865882972
-0.254485746859453	0.287262405007431
-0.875789223611099	1.56175103937065
-0.28457020136036	0.31309242029495
-0.371893318522037	0.530080700900482
0.590726139332782	0.858403333106796
0.508965283118488	0.678831940988034
0.0154149379729718	0.0142932232367585
-0.546221730496789	0.804740741349095
0.569004061461529	0.625657979493774
-0.25245240907015	0.265632730717045
-0.593931977882589	0.733977095749871
0.00983243732953208	0.0111931253594139
0.121947182553968	0.175058452657876
0.190737588146345	0.284362425705682
-0.0952245123216043	0.130384299326406
0.160666222993726	0.240072960669489
-0.00491672449517269	0.00532990595488295
0.0432355921802075	0.269365481911201
-0.0197510459055717	0.09284471527425
0.110702426766255	0.54836588567013
0.494258300903376	3.92407686675714
0.377263848799471	3.38214497000894
0.263164399250457	1.57643179417748
-0.172506987257649	0.655489789911189
0.0421149641515271	0.107812526765028
0.160217690797804	0.559111488364461
-0.0297591802538377	0.0694935725157433
0.129578779116492	0.327063076366322
-0.136687022880798	0.354099784321953
0.286847316858569	0.851051196272701
-0.377614015638576	1.08636992218648
0.348467261449101	0.821078031541673
0.107578960326217	0.277821750504554
0.0313299959562256	0.0559971307013643
0.572896199353066	1.76435134024302
0.179196247169565	0.325445560500101
0.20824880785991	0.334907734545685
0.724926272804406	2.04608903646152
0.107190240145632	0.149640886493729
-0.410946308043084	0.827875158792452
-0.213785387181421	0.347178108440086
-0.424679552526342	0.858057688086952
0.0663089389809902	0.0824265106071452
-0.152734819889883	0.222877103058142
0.0703115485970867	0.0934547778004952
0.426484541275937	0.805476239688497
0.0841218129425022	0.1045426632937
-0.0994253447607572	0.124963413002987
-0.681097902837029	1.52105498242015
-0.263641880585453	0.403471333045006
-0.0924304156631271	0.116803643137896
0.0698399272937512	0.0791162217373973
0.183732380116503	0.24775757137939
0.0286625747909913	0.0331021824331324
0.324696663840424	0.465836156726031
0.0740593133753787	0.0804240868192595
-0.263544658800899	0.416401179432306
0.10068380188822	0.156740181593359
-0.360995182963433	0.69164885496972
0.206574890342577	0.2912329617257
0.253637349617193	0.442710656261607
-0.0153167341088697	0.0219180749722589
0.207180899098705	0.301054028375924
0.0545171410630208	0.0541718003521504
0.117826122253473	0.134591533139601
0.068157196607292	0.47939455203182
0.0486593429449261	0.281942668057315
0.508902134691985	2.88926886065032
0.14881109768689	0.637406009637844
0.123099843394316	0.482454438612477
-0.146760537655394	0.597895437328957
-0.167951223395658	0.545522717280545
0.0216089484195071	0.0370047677453433
0.123594517032737	0.308861446459175
-0.40885710930157	1.57733802069916
0.002604820047155	0.00488384463555587
-0.0405556098202194	0.0810115204595912
-0.11670125184415	0.276759826862938
0.223987298638821	0.643015228966753
-0.0983278621148176	0.166767946781508
0.250835322255264	0.353582178773901
0.143759196563184	0.143850309547647
0.126591359891528	0.113823143048276
0.690877056590617	1.01220641398256
-0.51661562430492	0.546043449048569
-0.793611060498232	0.76823879718376
-0.282958551625781	0.266608640095689
0.109354669777541	0.0801591031076852
-1.46702966073554	2.16661330329703
-0.202311980504644	0.183645084705924
0.992351753122001	1.06886388161233
-0.276035531557538	0.21576363753535
0.266575468073248	0.252089198869094
-0.302668931986214	0.282614178344645
-0.428169750489545	0.31321081799027
0.10542260561416	0.0743092735704078
-0.479749680607526	0.519512503967016
-0.925274798091949	1.24961330224176
0.556682892672733	0.571615604805964
0.909880308894853	1.08307658916882
-0.150303471557291	0.172028956153902
-0.603521981291901	0.755557192037469
0.651295073910248	0.67966196339549
-0.493707624799072	0.472658223796854
0.495598120591712	0.600035039753837
-0.0289453017498139	0.0377969398985129
0.123630995948427	0.208178965697128
-0.247140333415754	0.428453809011491
-0.297804643247148	0.487101710895623
0.35670744363569	0.683852587026381
-0.0585208206084289	0.0796520844658319
-0.867374154795063	2.1111500255977
0.128420021337539	0.130903464567147
-0.105875488932134	0.0934000304182339
0.52526327619733	0.828978516148073
0.0698295712287862	0.50073933442328
-0.017843848571532	0.0824071392645796
0.0308666071306383	0.0635568351583188
-0.506666865985138	3.44696034488338
-0.703324646978412	5.11560074779432
-0.293119791418844	0.599647272668922
-0.149994152493965	0.404334633222875
-0.409014915651594	1.67907411675496
-0.0601312238976718	0.123185454696467
-0.0396965666495186	0.0891822401831992
-0.0493793259134902	0.110497089952804
0.12182694152751	0.353333780828865
0.046763436240414	0.0595513840607197
0.594815722567698	0.793631819193344
0.42767162526498	0.415591627832518
0.490606201041516	0.523090248397469
0.928853276796035	1.00879256768346
-0.531067685569756	0.497478040785198
0.530985919654876	0.456108088922434
0.439011370069458	0.344982609004379
-0.0381470055168457	0.0277498466726798
-0.87441963744445	0.878246834793712
-0.374002844513729	0.275256398763688
0.0162565683870219	0.010514076521935
0.434340121043195	0.427062335925694
0.548983002512456	0.548856596631908
0.410559250586213	0.32513322551573
-0.95886594479153	0.962971688240098
1.22259366758584	1.85143156027739
-0.261528799466554	0.223002619951644
0.128850390732626	0.100849020023215
0.287385303912581	0.245929067026466
-0.462660367443485	0.412049492373338
-0.63406550727628	0.901226815377809
-0.0420217808424903	0.029768513327216
0.340144076858637	0.237231300891318
0.763936700593497	0.717516697233625
0.128294431899134	0.108030516095193
-0.140942360451929	0.208529837933213
-0.346596461005892	0.879758906203033
-0.00399959896570549	0.00532555528211243
0.775965631829458	1.34149680068204
-0.605418211630882	1.71320457504511
-0.437310627787838	1.21762751362371
0.15027290278682	0.241762329955154
0.0482756910716633	0.034755400555588
-0.217935293865504	0.150492174106905
0.0724500980881898	0.0640670444151869
0.376270130713113	0.23204363509305
0.0372757254092386	0.221756381441516
-0.11330637360007	0.643336346940665
-0.278172284044235	2.40862943477266
-0.274323014846313	2.19084510441517
-0.463285096677467	3.50501682934284
-0.0324620276516637	0.0770981143249047
0.114436567159011	0.360184070606415
-0.0647040455219727	0.167804537786465
-0.039703754379071	0.0907586525605727
0.171220289717533	0.505232952374331
-0.115155128805361	0.293286361335882
-0.320402996311925	1.34472103254832
0.032779196688963	0.0537765754034583
0.251306314112867	0.474846451869621
0.162599495628453	0.210776371882775
0.240416176351987	0.35546855740542
0.242336411636094	0.322555824311515
0.189989747439393	0.215460511013787
0.479265472361219	0.742309721943103
0.325071342283968	0.463282191279546
-0.444799397568609	0.581452295152476
0.140238194962617	0.144762219557725
-0.50916620727695	0.693739287312184
0.0234533636223587	0.0227123324526876
-0.272766717240121	0.344713304809073
0.108646144142996	0.115879642198877
0.136704919837814	0.124755906155917
-0.251943558701432	0.29474612212388
-1.08120208490998	1.75721870237399
-0.194956706193654	0.199826487875894
0.0813933078004074	0.0732689492070095
0.432013482268998	0.50149252634998
0.346049050437022	0.410350580158444
0.622979306315088	1.29513140678179
0.271901015965383	0.364691142869321
0.659008587802765	0.840844240934437
0.239852822400344	0.249824459480574
0.416785898062995	0.57977002662991
0.0933626433255293	0.144114125922623
0.0107266226696072	0.016039956473507
-0.0315932863505753	0.0454641701100543
-0.372129867325497	0.734264833015058
0.115407173651685	0.190213408976304
0.0273057483265557	0.0360778328923613
-0.203712184835599	0.316903383738005
-0.495313250976478	0.913681042601893
0.14308055347731	0.176448920107455
0.208182532416475	0.261403677137356
0.147011952367697	0.161701184103906
0.638411177663866	0.74324004787527
0.79590981426975	0.889042998722797
0.05951982608874	0.310075614246792
0.0158369882398787	0.0641739481119736
-0.085668807559736	0.352977133151198
-0.359143542679387	1.90300526807896
-0.259437670423692	0.901258482269359
0.123037136280874	0.332939043877486
-0.149567466437672	0.363571060970592
-0.224382439626762	0.503632234063175
0.155877162224752	0.322715026286823
-0.19204536754339	0.35574927062348
0.32630061360825	0.59062484080516
-0.468925424092047	0.766464099972226
0.189015798085451	0.358698414398186
0.285420108347132	0.525019346577316
0.344389675757113	0.597625238146148
0.301084466822957	0.431821016688012
0.356517796936668	0.507207705589404
0.177630682477145	0.178751526827953
-0.178309089464076	0.188275722659009
0.193077188660257	0.227487944817911
-0.347085136903816	0.374648926165262
0.745578169462914	1.14759453311425
0.450480914151502	0.489842924966401
0.369546957663348	0.513278740490139
0.333235354546355	0.395024276802528
0.0750269763161442	0.0662480390623739
-0.475134329815297	0.527200710872587
1.07345177160474	1.87572326041028
-0.468310789949879	0.552931068202289
0.401936880196357	0.413709425698305
-0.0933345850582003	0.0816604353174033
-0.56332108955809	0.734982680228689
0.193906697293599	0.165836316328158
-0.0146106030641164	0.0123975893612239
0.00139562436870061	0.00118271530105114
-0.167407326648211	0.152900918584362
0.0569479117841651	0.0436645098572386
-0.671455651673663	1.0532702025092
0.294749056492605	0.322684775335031
-0.278432876981673	0.267205537654412
-0.447288588656358	0.500994462204874
0.13631915850845	0.152136383016779
-0.586631063629323	0.733804057153593
0.602881499585079	0.573967700961292
-0.591611886902153	0.455060053735092
-0.400613447822738	0.57243557737909
0.35315191138216	0.408661113729837
-0.0227043858651603	0.0193190660085516
0.304187779517414	0.345735899290166
0.116339684024785	0.0852221062556949
0.285982451223844	0.237573062385156
0.596458322409218	0.568090931522903
0.652972823631168	0.732940291666829
0.0543243649587922	0.330718445823093
-0.324167760783665	3.94671547525126
-0.814777629199431	12.2873694066783
-0.206906800995669	1.15790979684437
0.0250383490746138	0.0755700966522204
0.0733295075934705	0.23467319384567
0.0896395893226688	0.260712287686538
0.329096104481936	1.47610248173564
0.0222566088296306	0.0474701418803883
-0.306663671205859	1.00343472607354
0.419072179607836	1.18989665074386
0.253289724384708	0.84755782087761
0.358652062270589	1.09910327803665
0.0361629084209409	0.0539143539579693
0.605784388456409	1.84199957975182
0.51483971323427	1.11926233715033
0.248800004682573	0.432765368250717
-0.0490819429710656	0.0636656112029569
0.200284914962327	0.296980339472264
0.270916008770165	0.415212494421345
0.616353300568373	1.2959855983254
0.145483619525358	0.188305380678706
0.365693112833863	0.661772484789366
-0.30788885482109	0.505883626981066
0.473700049818006	0.920889165535738
-0.269724472366289	0.324898511699292
-0.502981696782137	0.920911459002452
-0.238641689133405	0.341776025827905
0.206756894112214	0.306840311988425
0.116900228403879	0.138863369513066
0.504761154637145	0.936525765734996
0.320228875409498	0.409774393113143
0.354449291208334	0.533571819860617
-0.290497505259466	0.422090952226846
0.800848364906583	1.69506149779243
0.280199205432672	0.411501140511104
0.0271020431057143	0.0317780643054055
0.0485533494711365	0.0645771975087564
-0.400830750423215	0.689253087299268
0.530133809695492	1.13349491471379
-0.0243763662221737	0.0318707782470321
-0.0904888254099004	0.119726043025922
0.00897572005196131	0.00718221335995354
-0.0479628915028948	0.0543677088041148
-0.0394237728228834	0.0505022208198029
-0.33997703092597	0.545165798248356
-0.0583229243599098	0.0748159926508578
0.239476969647659	0.304138965319286
0.676095212964516	1.13076407654987
0.809224830725	1.57605047894717
0.0063835787901752	0.0319756924507087
0.180581450255356	1.51190112622833
0.243802346802157	1.67488841994208
0.273364923998816	1.42603878900186
-0.064976327176383	0.209639899859994
-0.0501301492698493	0.143391735364209
0.0865943727579222	0.260182713428066
0.451050772439997	2.30494261679006
0.437993475230022	2.12591654055321
0.571982049087836	2.93142463411707
0.185811414229289	0.546081928180679
0.167235538054998	0.335620002661639
-0.0936952583128826	0.140477212428966
0.37638681440538	0.712790954959892
0.722086532807656	1.34829242513071
0.0424276006631444	0.0480679528605496
-0.0216305760297657	0.0246473010212488
0.239577921689036	0.343142070935141
0.568144652411362	0.99080755487081
0.00593887561225488	0.00647991271086991
0.0592515790861708	0.0590936394083452
0.56896995033765	1.05853402261797
-0.319532386268965	0.440345596190333
0.614129488039365	1.10983379787377
-0.163666045261276	0.165518810259459
0.55707520788568	1.03481750666393
0.203793720235591	0.237300400297611
-0.359537150421941	0.45859555380541
0.056521418756602	0.0607869177866093
-0.206719056922464	0.236164460250206
-0.0293648087456263	0.0271946192749484
0.247313368450185	0.355815155722629
0.0109776973753877	0.010058438396335
0.339984696462918	0.397093804154042
0.0911882105594086	0.0929056842831505
0.288384035279937	0.462282622146743
0.477368126730829	1.09897019392242
0.139701997482571	0.225194916201427
0.186896676388269	0.308656803685831
0.208460887589257	0.319905564228574
0.0163860772163116	0.0193691802206578
0.112482016203307	0.125639377030554
0.125027366973428	0.162095975386397
0.00690759703270142	0.00854703663249063
0.0106392309410853	0.0107962779480712
0.427657753968962	0.833181677243788
0.057699281567696	0.0588086303288833
0.453512404634709	0.436629718995386
0.203765336713034	0.185033810992904
0.901968308939047	1.33566890144929
0.569076424690916	0.622052502256941
0.0844243010084863	0.630863387924389
0.150027902771701	1.14111874073706
0.125162413372656	0.522771181325704
-0.191769659929565	1.04646544509885
-0.20554813512905	1.09688985482061
-0.101840167685799	0.377775086848168
0.176491559110867	0.786304920544674
0.264389011590337	1.27283386016498
0.408368171117912	2.52313263142643
0.16436000586305	0.45124680325903
-0.000345562067710705	0.000591115929615983
0.895308557772043	2.43346064393921
-0.0315504400919968	0.03851343955208
-0.236124291863524	0.307021958682292
0.374801529630496	0.571040294145256
0.217706982102108	0.29532277936797
0.107449483012334	0.134337554022664
0.0322713637930343	0.026154881729916
-0.218015913503243	0.272683335359941
0.291372325243869	0.320758580221239
-0.57205200471573	0.88055473759385
-0.294686518178054	0.345051275814887
-0.133002687449124	0.124788323034964
0.202905699975413	0.229212675522236
0.178704350694028	0.194409802093326
-0.0337361363997436	0.0290909191341673
-0.0542373988863589	0.0456440251382981
0.490922067743228	0.593352425110899
-0.261290485242224	0.2488785152832
0.815659892610465	1.16835294751247
0.145681346020119	0.187300690706407
0.192023318625769	0.223196430160018
0.33581721200493	0.330284180898296
-0.00124370966813864	0.00110188461946691
0.361714593093843	0.405057434292633
0.185016341567193	0.328686054738661
-0.0567427046433449	0.0950239295544438
0.0626320932200949	0.100914968969558
-0.295049768418557	0.522302678582445
-0.0217495772254479	0.0303877804884364
0.139306409247601	0.220235050594364
0.238632318816445	0.454793759434887
0.393713935353052	0.661855149230884
0.456108055282272	0.635779782168909
-0.198963736513003	0.265000416908393
0.0473417726499167	0.0421944706691824
0.57440807803533	0.55254872401362
0.659711724024584	0.593561605265941
0.42767705604083	0.414199595905707
1.23718528179764	1.4247334361145
0.453546058451574	0.430152563371597
0.0972317638359152	0.695077562498366
-0.059580272397069	0.291014168315538
-0.410528340845424	4.22255835317582
-0.602911910779164	7.08429739506105
-0.113073376617706	0.498944034014545
-0.0603692316964381	0.209205587178715
-0.172096266751738	0.672384412443913
0.168272811611943	0.600441532104997
0.32662616715833	1.38729923742266
0.282408663564038	0.825173997559629
0.0864053437761407	0.134492761474759
0.655171780854761	1.90245893921484
0.648588947525137	1.70141476492677
0.26406499829814	0.428795847021698
0.105885474653083	0.152606742310502
-0.0436614439956637	0.0564934984190202
0.436859573841604	0.7594584777777
0.0861704798602112	0.105368606910948
0.173690629500962	0.228411671798996
0.133468483784986	0.181094931452755
-0.778260276883044	1.61981782137085
0.35271245468537	0.587096278522969
0.0574940368729198	0.0562169846328015
0.215945204410169	0.27597724211685
-0.107985158092245	0.121619395365561
-0.0402787889959361	0.0415104983578759
0.055745269323447	0.054066050789525
-0.108507104776161	0.0944057747294167
0.148237576464938	0.160499701063742
0.054211037531621	0.0644344940157635
0.777845045948738	1.69186404035496
-0.0106297678787472	0.00995052971000563
0.29210077325094	0.326721783172073
-0.474600404707681	0.834013662383155
-0.108983697055853	0.169088431189239
-0.0154591249462891	0.0219559646147518
-0.245283293179008	0.508118607831545
-0.0134658715178458	0.0156732405601957
-0.0744538400519063	0.0985260148210772
0.00991012702858637	0.0120084810410056
0.168641566336535	0.265601180733711
0.287358358681628	0.430527810221907
0.0501396344991301	0.0461905585001189
0.040023005437023	0.0504494205023623
-0.0723783074133698	0.0730873605114222
0.244750591353159	0.261556796086313
0.199340267753609	0.168301425012307
-0.275488286397746	0.26026594766372
0.063152508901207	0.0537305273399199
0.417713948235713	0.488399613060371
0.0769701793300774	0.496219812976906
-0.195375006714502	1.60262413073452
-0.407380370669157	3.96766634638623
0.0591018151172562	0.228817098852132
-0.0897297683791211	0.315128491046649
-0.0519037512196696	0.143548697257626
0.108106610960485	0.24619526865394
0.13344591692451	0.470954379207712
0.410421011100724	1.91663266048772
0.723256744769454	3.38426489703298
0.101069086399564	0.210322507393841
0.537526251794138	1.8158300754205
0.107174877208504	0.186860883360798
0.0314957752399685	0.0474000160621986
0.461033466689164	1.20466515670174
0.332069721329836	0.727469169604991
0.184939332774123	0.348482277700102
0.146255402442811	0.212217601034153
-0.410860562480267	0.947324341514572
-0.302409425889512	0.53059364946706
0.223536880426875	0.373193699354533
0.178105618738457	0.288456834612262
0.397790196002276	0.871606293741893
0.00593523725611436	0.00753199182298818
0.495004712101413	1.06402708929406
0.155766782902484	0.230989411976718
0.806199980239866	2.11983459093814
0.118643121894519	0.147562592427122
0.186351822827109	0.26243687441363
0.151569311103772	0.182428088706373
0.347704500738831	0.55942608800503
0.0492240439657481	0.0588057214558681
-0.221686765692892	0.394888433217079
0.12497716880912	0.165697003019428
0.60729693822215	1.14795906080174
-0.336755312972434	0.550359882636596
0.284328102706724	0.497949811496738
-1.08541167521052	2.24497947298736
-0.0608628487496384	0.0493503543142725
-0.440640820715941	0.551143593034991
-0.248348575675408	0.432917569517832
0.212890683898919	0.31409592897163
-0.0234248539954849	0.0287071725695777
0.533950873988013	1.11372077501435
0.244479122929645	0.325893644597661
-0.0382435626040805	0.0366190451835835
0.125768805969805	0.154696896825534
0.539591383634335	0.829684282586814
0.463322270797404	0.580064283790234
0.455697040486274	0.580874224639341
-0.0208503799367446	0.113636113168862
0.122155918829484	0.894465243167299
0.472435775140175	6.05861641645873
0.2401707229805	1.75981728470196
0.0403292513142684	0.147118699270998
0.336806913409834	2.20966329097995
0.341708296182114	2.00794956740687
0.806340569645765	5.37510048963794
0.485377388031923	1.76953708740265
0.323919077729384	0.799045858870192
0.452446209005463	1.12995519472834
0.576073443609373	1.61761116975987
0.132628548077247	0.22226465370599
0.447285638465822	0.898141149175287
0.492847089865046	1.02561755949463
0.147208422082663	0.212549059345985
-0.581686409926299	1.19000990373064
-0.334898069624978	0.605898508880619
-0.292877123248398	0.474807723237576
0.686842165954288	1.66548662946131
0.0838332626050126	0.108235531104765
0.319300184281238	0.557537244844482
0.0838749392117124	0.104846735603501
0.3651847274355	0.604688489720455
0.0658632333551575	0.06967685636715
0.551836454111313	0.852318194763334
0.0757320900213931	0.0860579442974628
0.220059332230555	0.283457672861036
0.0440953864438168	0.0570042864362901
-0.0321560342380012	0.0492177945414527
0.0850683806812998	0.143454559067603
-0.535718279977104	1.41472509421869
-0.115264800575569	0.185505314953881
0.00398578333125569	0.0053533939631941
-0.142863084325053	0.199073498007362
0.427421136366844	0.902456204638145
0.16980327263659	0.238514999172868
0.156392438867685	0.190644330666291
0.217012351218916	0.365619185033259
0.669872007917097	0.834603286628147
0.347680876748723	0.415056234088701
0.307203161028362	0.337006871993531
0.372681402748838	0.478285723946588
0.194532310539659	0.172447515170548
-0.419007635582095	0.374921503455233
0.688274579155911	0.832428762705283
0.945390689393955	1.45483646410886
0.102767650715034	0.840320740983842
-0.0869854117853736	0.558791868536817
-0.2037486442598	1.60308501435908
-0.392583433998661	4.20944094896054
-0.0412969954217428	0.16670787066412
0.0936529575944805	0.316183936205236
0.259341194191335	0.83363954429516
0.151727452687777	0.314242865631228
0.454170668728002	1.30539466960533
0.362085223346927	0.757113212864348
0.663223724711105	1.81440866537172
0.413803282750321	0.859226949396148
0.105745032631464	0.149604113970681
-0.207573610687453	0.324681264602
-0.161465744144584	0.245512539846077
-0.683679056353396	1.3159937327562
-0.00151738677599942	0.0016837101991843
-0.084917193763192	0.107836077007115
-0.168526159618335	0.226679975446159
-0.24730378527221	0.325504459870737
0.339365941328387	0.521309367017663
0.0588133763217499	0.0613022166578731
0.159699201363542	0.183066614441536
-0.115827630505618	0.125930356274151
0.188517360368167	0.178758927340171
-0.0954994288971464	0.155856794827108
0.0713705158413282	0.123330201562404
-0.0012844624451912	0.00176486799878603
-0.283082965827231	0.487470936629692
-0.469350555471809	1.16122371317058
-0.165646100523857	0.270232377230175
0.72791320125608	0.847616488974953
1.29336792782271	1.83598739076238
0.310115273225544	0.299592887003196
-0.680041904362831	0.759362970734158
0.77598145176463	0.729306474651764
0.516230325551311	0.605465981407637
1.10403596853573	1.53246030706442
-0.0780345969497888	0.0640255254304331
-0.0713938255516222	0.503124683216092
-0.170793092351608	1.46221983351041
-0.371030900774821	4.19648858230756
0.0495012744206099	0.198938454190551
0.424459075041796	3.34732385322089
0.407373908959172	1.9999145289544
0.55324977211419	2.33723894922465
0.649501996768964	2.57421195789759
0.310893067096826	0.719183876046761
0.454271931375893	1.05965467884706
0.0510623479046201	0.0782445117165497
0.256478109458224	0.455872449961585
-0.143308895786641	0.212681904809753
-0.189114913408684	0.316208563803769
-0.0312434938698528	0.0372591471125484
0.299543873028316	0.533799234963734
0.111844858125604	0.148429707386681
-0.114076870001183	0.152037597608387
0.421700382272847	0.737350815243002
0.228126282591977	0.331761529476649
0.486665195516373	0.893282951975018
0.153806965490015	0.164692700485128
0.313708949962898	0.424720008696893
0.277376518368511	0.339716771660032
0.235322882325666	0.402456108290664
0.619912658360515	1.08030790767997
0.939385967017604	1.66636552332328
0.253777235345175	0.38799137491276
0.00723923707091664	0.00992367534162627
-0.00972692685807565	0.0147431630666719
0.422858855808816	0.899163360965367
0.0216019898355988	0.0280976833343135
-0.105331837371694	0.152343767076455
0.215826735543348	0.363520284972841
0.142217217133861	0.18366192273957
-0.0219030220117395	0.0215465791984397
0.544120425515713	1.14866834362524
-0.14351488700546	0.156751751996037
0.440265186355492	0.581301047365854
0.00889929285118248	0.00650699247420872
0.198792826360256	0.155416268812889
0.454356320497702	0.435168966059288
0.362770574516253	0.411136532814714
0.448169305157507	0.426987947399749
0.460652556184235	0.50695894759203
0.280765269059301	0.25251661494998
0.0915044121681646	0.0846759675590579
-0.0263858209505116	0.151412800207683
0.172663292409435	1.49233582369933
0.506807510956376	6.87630373598058
0.526203942636782	4.46977133209556
0.556683930822409	2.87225995713006
0.371474447192673	1.08889372063903
0.139672759114107	0.245650473133082
0.241209805547381	0.422231008628016
0.271058085749843	0.46852275875649
0.156585653760131	0.203978130674863
-0.00441349421813009	0.00527061557035275
0.291621021189403	0.444547382930776
-0.00937337160773343	0.00998616097647297
-0.156875327808104	0.198877783870884
0.146219972081784	0.169660472121541
0.495566673903891	0.803527093392983
0.650680704993596	1.0667148379187
0.151381103579299	0.166357852998118
0.210397953178094	0.218368987419603
0.311626839718314	0.42129868208752
0.0608586398217237	0.0629577749174034
-0.128115851776605	0.219287883477653
0.131800994896554	0.281451602015136
0.0335814559966506	0.0334335088325549
0.404032629876533	0.503721163704622
-0.102695676562567	0.120830369707065
0.145361331082316	0.151487993530931
0.444034398771539	0.409898169401557
0.551574353610362	0.612226461002093
0.842066637180369	0.866817668721013
1.40869356532917	2.15624319020165
0.318588956864015	0.323395289916884
0.639250854428282	0.635471809479769
0.640745407755177	0.83195270583304
0.108643975576709	0.902978162500942
-0.105877219342679	0.781423335226736
-0.120910132045882	0.575539102347667
-0.472121711237939	2.55145975719842
-0.206424741139565	0.482307001394214
-0.0705456152394024	0.116541860821078
0.192268194641104	0.3105244765516
0.212534998662701	0.356502655497612
-0.298516003662159	0.391762026202912
-0.0150371152976744	0.0197647621179958
0.0594411663888728	0.0882225179598303
-0.141267093071298	0.261951717818865
0.403185768778628	0.964682618151456
-0.106007462981626	0.129678533990628
-0.140105983967514	0.145772954630119
-0.353624034615843	0.572317709027431
-0.302233654082862	0.32266627793053
0.533958937417531	0.516273751618351
0.00251566989731888	0.0127915235937807
0.0338636097152371	0.143434866390425
-0.296172434358105	1.27062931164959
0.146528936320713	0.278844487264294
0.0129361329260759	0.0179602104030048
-0.276257425868827	0.504087673123982
0.13553220863645	0.17382754587241
0.00185999103307303	0.0018837041637962
-0.131726474210577	0.259643817437024
-0.384544156506497	1.24578620505372
-0.437084559091016	1.39023373530585
0.187896911689168	0.199126054504097
-0.619169758889458	0.768798225244936
-0.554777293199642	1.10059296180859
0.326094977635752	0.342260270978992
0.0258536899617291	0.134079196192009
0.0367890746434171	0.160177545754498
0.189220906475139	0.893709909998763
0.637066382294579	4.76893445676795
0.129673973022128	0.371525972645701
0.0587095342079353	0.0812042898801218
-0.449967415364111	0.58183781269313
0.0521101151258679	0.0649079933426195
-0.655278028502728	1.9633681998629
-0.376883438542645	0.778577510810636
-0.0360623433014449	0.0555343693981675
-0.0512217842039071	0.0726906409150791
0.116627968846347	0.885893917616665
0.0932364336515475	0.507502875137083
0.105884937801437	0.469161092809224
-0.0677528407750023	0.219750318213465
0.0084198043048506	0.012454681138899
0.801505035927298	0.85259860889376
0.0495421444854116	0.0467814268083378
-0.332419877042738	0.678604311891171
0.0967736331876063	0.145992092424836
0.133412766094052	0.22651987592603
-0.22912424811968	0.470035253020927
0.170785540703481	0.273573969208222
0.0250312595348992	0.130493605764239
0.0415930976286746	0.189279387147789
-0.133164911916619	0.637028437774995
-0.0905420371660524	0.330581017645504
-0.111821236759195	0.381931128200126
0.153409354983727	0.352501245055218
0.172998698190343	0.342528503405819
0.22588734144527	0.390279826498924
0.000245668340664924	0.000265683289120699
0.310377106114152	0.479386425448233
-0.0875043139368011	0.0921664885072859
0.246845084244005	0.295610681653184
0.352981491373061	0.528810314251276
0.42518450672008	0.425096016553201
0.153058356862251	0.202320500059472
-0.0544006531167221	0.0765680934465299
-0.35373833223152	0.850373670199793
-0.0507323704063115	0.077344875278295
-0.125598645793766	0.223033973511756
0.300616566157212	0.573794020982913
0.150748118280878	0.281082537039325
0.0440548242573303	0.0613823237700344
-0.0994462987433018	0.146085371345592
0.0137986009549353	0.0163409901984823
0.0735310005594184	0.0862474822664306
-0.0010507494790726	0.00497228176711164
-0.0311047260484792	0.139405227200628
-0.0913063292288847	0.383104520267335
-0.0652529319741122	0.226847754724566
-0.146449142697906	0.560272014943871
-0.176711458645233	0.659022562694399
-0.113812157665504	0.348302264994208
-0.105354570406529	0.259278845141115
-0.167003803969308	0.456093678844475
-0.194920709300617	0.511843466173175
-0.182209163126235	0.481911525837991
0.212917715220093	0.561262353791479
-0.167116342431037	0.350880273248107
-0.0816004717935071	0.119887016984399
0.111580702914941	0.210782798023051
-0.00134866291962568	0.00236090808314631
0.319799905083723	0.88266554137888
-0.147720147128713	0.19650151541243
0.194442678104814	0.22125812320084
-0.0154768282150442	0.0151130426972032
-0.086202721664571	0.108484197859993
1.28060005715249	1.90924786768513
0.0353523211364842	0.0543246488725972
-0.031478695006554	0.0475273352454505
0.0653057929826448	0.106251775282041
-0.402621946064395	0.996302809797705
0.0930966177690917	0.147295547831634
-0.0767056093635579	0.120403730248572
-0.0734148186179198	0.101767521865854
-0.081868892043586	0.133198173482274
-0.0799727864791314	0.118475810924314
-0.303012348951644	0.535908332263742
0.30636858450784	0.526106730669489
0.146002824971537	0.195266788754192
0.0528888475080042	0.308212934866721
0.00483411808087659	0.0182948956364231
-0.10305326626418	0.432144871427317
-0.258916075240275	1.27452635409981
-0.117145006498067	0.38446467437722
-0.240685477477203	0.968528488090482
0.102049246372855	0.272377566928388
-0.120009138409492	0.350039906479196
-0.0842197575174293	0.205415169761035
-0.0935032922740163	0.207674374158136
-0.432361795679554	1.62816540251169
-0.116054230399708	0.23500285091512
-0.1391372168958	0.307173410338043
-0.126311702940516	0.279978740111945
-0.0782492312239024	0.137706079089991
0.16532808770918	0.26003602382631
-0.0341164664592145	0.0516923534663611
-0.147445883307884	0.303729547590205
0.259131367308924	0.554481765747224
-0.126546641549862	0.21343961400446
0.275363789762115	0.383288537023503
-0.116611159985439	0.112859153267507
-0.0909192383939476	0.0910084056044312
-0.358337828274158	0.526263042297575
0.0217495410597058	0.0213891090919258
0.401529935910525	0.341415787837419
-0.0512351141032881	0.0756881316974879
0.0439431614301433	0.0671744776804111
0.0224247716191912	0.0320756172149413
-0.210101196061549	0.36165611676468
0.0505609190112234	0.0746192403294751
0.142836950021415	0.218376124781937
0.192589230446601	0.317496230492946
0.22575133836942	0.38417657336809
0.160502045070174	0.244478500039686
-0.490126520000401	0.751609182618775
0.0532260633425693	0.0564971450087069
0.0161570604721329	0.0147237522918604
0.0384401478237414	0.201054928703252
-0.0729898737849718	0.351188124296368
0.0331101836052302	0.108384608748395
0.138619639859328	0.512490816189833
-0.520976127914442	3.18713479108304
-0.130782934928324	0.380154886203023
-0.129787491429884	0.385892305046539
-0.0891989375895433	0.19188865961607
-0.108695332928402	0.223970418577783
0.21223692503742	0.517057336048139
0.181898533270346	0.421287684097687
0.357751370285506	0.938670525066149
-0.203446973530941	0.315116378901338
-0.501741046455319	1.35946984866871
0.291744529280078	0.660439855230034
0.14800495631502	0.299837098972378
-0.164730632358256	0.329540770158983
-0.164623776920535	0.219062094611353
-0.07574336714187	0.0731103555201835
0.248496535577783	0.300288629703088
0.620205733726243	1.18047123859323
-0.0136683331933617	0.0120178492011654
0.325234293365934	0.230678422435446
0.456474845150577	0.843758068084747
0.181993247627724	0.285789210916029
0.231444022919999	0.412833215158442
0.199470628198989	0.353971003701103
0.0414474864947515	0.0540700602406266
0.498213165513075	1.28128405441702
0.131824711770095	0.209966609514573
-0.0336061496505567	0.0428669224946439
0.131767135816615	0.167525906654559
0.379116485410823	0.67477185460633
0.34436677765064	0.653179528380736
-0.414619222503921	0.732950789149434
-0.064712303063517	0.0705960240551174
0.190396095398337	0.241055298935714
0.0785383277978089	0.0706830187277791
0.101161894215293	0.716952523455013
-0.0502054554466561	0.226282604021551
-0.077738683913849	0.282059847579388
-0.188256102319778	0.78628859847578
-0.157329691259415	0.538012938256733
-0.142817481592574	0.463998233157633
-0.108153023961674	0.305807498599346
0.114519694459024	0.319339974962367
-0.0618905145697523	0.129467296885973
-0.000525374064844703	0.000883480566718063
0.255014752452002	0.690665986401346
-0.0384102664332648	0.065410362402549
0.0943670107047	0.147841703989663
0.129943845123393	0.235060157978031
0.400484556362007	1.10250888653714
0.220963109405924	0.498442694057228
-0.0371116987927909	0.0594472801569346
0.30160432175623	0.315924134346214
0.13776532286713	0.166106500337441
0.154896078350218	0.153687081552878
1.07519741933805	1.28301052449578
0.960735054187158	1.12985724629865
0.279349593952749	0.513267383646926
0.467503627082107	1.13380847962489
0.00322406331244628	0.00393157202167234
-0.242417751666794	0.40314339765097
-0.0718009592826884	0.0992740463316797
0.05751193025542	0.0761792905919379
0.517924813954733	1.05839093231623
-0.0928476205024156	0.108323665597986
0.59276590008086	1.1037056393078
0.0609254868643736	0.361990446855762
0.0481767472542108	0.213307152403663
0.0405463508726349	0.132330006490723
-0.00682255161109375	0.0176120357861223
0.0648138683568309	0.182681796948806
-0.112331176785997	0.326700490344045
-0.0457909619547787	0.115240707532065
0.032215587156021	0.0682065015331535
-0.215229125732634	0.573245215376457
-0.178053307265543	0.447523190087106
-0.112034422416038	0.24192796037474
0.527218511315168	1.72345693307221
-0.154118946213959	0.251192400699013
0.0288497661946256	0.0439348788632858
-0.171892968319402	0.355740187922963
-0.371497028964436	0.980608495413966
-0.259537057407173	0.609849539222233
0.0341073696695973	0.0478213879295961
0.760498608973391	2.43124191266912
-0.698192266258069	1.928711210071
-0.328888990234067	0.633232236661261
-0.115362946399778	0.159909140126539
0.542598118249516	1.36943337636738
0.562052227076805	1.37976419055164
-0.156949804901539	0.217320317324357
0.191970952779394	0.251176615265842
0.0600096672322751	0.0600158757393699
0.106164090547678	0.746564672337077
0.00763262956836551	0.0294966115868356
0.0710511129260755	0.255907957537483
-0.0836831059362436	0.278947730515213
-0.211332210291352	0.845620721931496
-0.102622256743031	0.300056560104889
-0.0548534842333821	0.13427314859098
-0.145666458861674	0.3979087566904
0.0427705816905343	0.0950951572515648
-0.162511081409127	0.431452533773253
-0.123087321304391	0.298677672003313
0.483751852192918	1.72424274819109
-0.129986516726187	0.2669120506961
0.209818408973752	0.38012039273299
0.168636846125666	0.31699578512818
0.144661754748581	0.301651798510514
-0.139346939501191	0.278626671622401
0.0979271282698305	0.109489336465782
0.142272783630055	0.194923267928333
0.495010863662729	0.733843708784698
0.644532783833696	0.495941190840672
0.274630757770833	0.24635898950528
0.231085996454306	0.325895335543084
0.0393780501015291	0.0491874733962233
0.194894167511395	0.325733909716232
0.0314399315158286	0.0440096513846292
0.0963277206734856	0.159328045428257
-0.369325173074991	0.924766946156722
0.171218653532124	0.299092852434796
-0.133741403174923	0.201264892855493
0.380505451468411	0.699855354814169
-0.0296251547449406	0.0393187251231761
-0.021721790260451	0.028554961543061
-0.0111494642669262	0.0124175857048634
0.468870184645497	0.802623506196551
-0.352077661021327	0.492538416475768
0.18244942330948	0.203515495099186
0.122276646257134	0.145768684023845
0.151594310546001	0.176403782925672
0.436448615675046	0.34563335434966
0.120425820858459	0.910909042236774
0.0714036543759565	0.34673787827124
0.00687651786277627	0.0212872121922024
-0.149700160795916	0.588336448387726
-0.114321718391219	0.396841437031634
-0.0550305328193935	0.143814233598083
-0.35345941379592	1.55784289539548
-0.0696404630822978	0.175011928039818
0.000797109968152128	0.00154428279587126
0.118236163810982	0.276247011611191
-0.095992931463966	0.208533020273912
0.268262170687773	0.696140382664063
0.428550807441061	1.01257077897493
0.324226438203408	0.892688010075961
-0.183533646891312	0.409708949867161
0.165741146146824	0.365255378424796
0.129999769663533	0.248047782874726
0.153821288771955	0.196274269586703
0.602141603463945	0.623857787461889
-0.275637486173139	0.262032421625264
0.480164402192933	1.00562185956865
0.270632510724171	0.590702202705169
0.0175017162901696	0.0248883354225309
-0.0290653302701245	0.0407828675058253
0.50042286581208	1.29229107084577
0.295305034319941	0.630793966835427
0.112146464086282	0.1710044750939
0.0455960242348614	0.0547117709297671
0.0996518932176321	0.150586517484809
0.263662978475857	0.466061813085356
0.301217140668644	0.512121533691431
-0.509198961880043	0.968254318713241
0.84180503918194	1.6139216013535
0.1878243913862	0.215982426700622
0.0626866009102045	0.359561940987216
0.0415560939257632	0.179965414965291
-0.0594872887993456	0.212226478400737
-0.109851480975091	0.390742214318604
-0.112622685222424	0.348803322016125
-0.162151423189579	0.522311669835995
-0.116790520026868	0.317387061522447
0.0787624849445912	0.180570976405317
0.0799910955498998	0.17159984194797
0.267953627633028	0.790141981398344
0.423182019126853	1.30703850946996
0.517351803419483	1.40995612604495
-0.0966063121101225	0.167272642549685
0.0468922287682686	0.0833286912715693
0.205228989703849	0.477386101107871
0.395001492431585	0.678215884631556
0.559277155639271	0.558864331207124
-0.751213185841869	1.89115534476174
0.118097706430318	0.1621146618713
0.0500281153704342	0.0677280707951298
-0.0571492473008726	0.083048643649701
0.0175873251780952	0.0252815550452898
0.0965078847973884	0.146690708150007
0.216790716403613	0.374305386221379
0.123540485583137	0.197664662469709
-0.503440026790276	1.18311436975321
-0.222686875991302	0.33148912185963
0.0175491890455423	0.0230684906379097
0.0488496370406603	0.0598027745751425
0.516376234428833	1.12275521677378
-0.300364481633918	0.428087157240689
-0.0298720410315222	0.032006996028104
0.275076462296615	0.339203227940277
0.200115215381988	0.263532611993443
0.105628953384282	0.110500179272935
0.081130300013046	0.545894215864713
-0.0660727123270775	0.337079339001425
-0.0156442558980107	0.0524788159807103
0.149276831788285	0.615937850017302
0.0540340213596934	0.160100561044242
-0.103444632200313	0.326888783314977
0.0734270482814244	0.197901688043099
0.0176903776576428	0.0377437084614425
0.472183241897191	2.1542158673828
0.110841139344969	0.257779460577897
-0.0102429642736018	0.0155931166101205
0.375574527178414	1.23235215285078
0.135609008558678	0.320038952096035
0.276025972491011	0.827360259906734
-0.074114468656882	0.104952479967958
0.0977877168281716	0.139444443208121
-0.162548796644863	0.278230724663484
0.225060985967362	0.468778513380262
-0.119252098982041	0.20929789862192
-0.258487057013415	0.576454609943009
-0.0463627783697478	0.069442420793826
-0.063888640631749	0.102201203758997
0.2409216220986	0.482309976518793
0.00758208116956282	0.0102672464090034
-0.072453827613395	0.103836697950655
-0.194603222547805	0.391590700502232
0.081262357233928	0.110437615845862
-0.169155827409461	0.213217093693828
-0.188481262471244	0.261707590470482
0.346950504146025	0.446231801687722
0.40008447370087	0.624568447107998
0.293870679373336	0.252089885860753
0.0626475635684023	0.385638815953606
0.0336227063245004	0.147622540447469
0.0166878291310384	0.0535746974781834
0.0402994275844809	0.124747824372099
-0.0316766152543655	0.0876930969447342
-0.0898710267067084	0.268391593498858
0.0765713870156063	0.193131895494459
0.0025365438783074	0.00531657335180147
0.238624946409624	0.535286249082328
0.254051426510497	0.659481792957883
0.0563587187848173	0.115041406870177
0.169821775611019	0.204413883346476
0.979030049084933	1.24057760360247
0.563057125290072	0.705620146909608
-0.00101913681029248	0.00122373593897008
0.119826686945664	0.186881901785384
0.0496872976976963	0.066257352763779
-0.175203058192521	0.343723794679823
-0.151286303129249	0.279822426596874
-0.0397280713102202	0.0655707637530009
-0.201628672047585	0.405985918914352
0.267641011037188	0.555275314485742
0.412530869437014	0.966229469075645
0.629820416654793	1.59071697776132
-0.0784050442816762	0.120767975644598
0.453587986255802	1.14374380224122
-0.0540448871184268	0.0735133787089611
0.0331795401918972	0.0412999385493345
-0.0768530670431723	0.0968783061305064
0.723389302616679	1.04130409730443
0.104810492262306	0.783862528174089
0.00922144827849102	0.0367994344218054
-0.0661639715180177	0.259324852011172
-0.0682230508726756	0.241084401813877
-0.181250036085446	0.756187275897597
-0.0789927259373948	0.233732318397305
0.307121067956903	1.33932620287889
0.206901587404937	0.301757040528602
0.206893430997428	0.165674372223267
0.352202997777506	0.42469946456572
-0.390689073914754	0.854119278761108
-0.0740930500277535	0.104534564908362
0.323260674821506	0.717707693105735
-0.114026983471974	0.230013485363638
0.10662914899792	0.191927372109881
0.0849873074793929	0.147811311148208
0.368675882087513	0.946776571835737
0.187873937649648	0.377533499961849
0.312504582813136	0.712611453586797
-0.0132199926811837	0.0179842214953117
0.192321291589323	0.368850258424197
0.467279677930712	1.13518522315855
-0.100840062255454	0.152226767924962
-0.0565617750679008	0.0770694429008718
0.278099563512321	0.431577012531891
0.0322756869156796	0.172842386077067
0.0694768256938192	0.356583587366768
0.0732391862771346	0.295111363552634
-0.0756447712939742	0.261295950150547
0.225916885979475	0.943021281895994
0.27389773649486	1.19567501830674
0.259159565482246	0.882897733397995
0.200943628527649	0.547373161626959
0.161475230351348	0.470381443924579
0.0312483574683878	0.0705604609871165
0.56748504039048	0.660858964549987
-0.208447728403593	0.190498442379667
0.100688963568544	0.140738407977813
0.312278198458939	0.652962326845843
0.19787510746715	0.394411628607628
-0.41124864762465	1.05795660067922
-0.0328726008311879	0.0511283630190227
0.0295349420454625	0.0467884928367212
-0.0147742367264666	0.0224707277955301
0.115386535132655	0.197097421854559
0.371784481751171	0.875749961203914
0.099374935257433	0.152480239238641
0.264142771637366	0.554397000834919
-0.234205846855756	0.446463557421704
0.47638924695816	1.03862434601784
0.230890069318087	0.344392512841249
0.0549356693485072	0.329175888269182
-0.0113620758946724	0.0477702835982719
0.124223607470368	0.577681241400607
0.355491854695667	2.30427010348404
-0.0457646504576353	0.134983095572196
0.116147219292275	0.354400631944811
0.0317017326918574	0.0707725358208606
0.166898835995737	0.555092346815647
0.263487478861848	1.01043748606591
0.523463654074781	1.34591981712816
0.580814845003542	1.05479702149375
0.741522335469106	0.951062762368802
-0.533306621873026	0.705623719531426
-0.0830447095326455	0.125981816560903
0.118674566081658	0.186523692709861
-0.368636609839243	0.824668350502829
0.374182100455444	1.07375417944776
0.0451993659949451	0.0750563231421231
0.0370979681926211	0.062108971171587
0.391397258158737	1.06509427881584
0.0211408539442085	0.0346096521878742
-0.15643137862504	0.305582642524938
0.362088910599823	0.79180212537285
0.0660897273739044	0.10378116296347
0.209484980975575	0.420778627487063
0.381807631174143	0.806740540726364
0.344256271389932	0.603084121750972
0.087455098571898	0.611616323413642
0.0803002511108915	0.431030585596632
0.158450922606034	0.805957580664806
0.155837724322578	0.693509709397836
-0.0411769592932584	0.112757286505255
0.0601073162931113	0.137271537818997
0.201926736257142	0.690166024354321
0.133147051251441	0.471898443907983
0.0895858514009509	0.269014230072912
0.552653273521603	0.685661209891226
0.583668435987854	0.921312889194867
-0.143383136495531	0.240496683107691
0.0451757663060953	0.0694450888322374
0.0196024549271225	0.0287542326904791
-0.0606286965487828	0.10907800049613
0.142080720523435	0.297638276146269
-0.0854196331662391	0.170306313831906
0.124902312356626	0.272432115055711
-0.264964880444941	0.645588261833867
0.101608983592026	0.187373199685323
0.0706841602371761	0.116690428083418
-0.144508226096322	0.254381324449507
0.223020524273118	0.450329984459508
0.211673181688511	0.393974784059998
0.0949480557807678	0.13637374636664
0.237827856078448	0.364586964629652
0.0950855419443783	0.657805712263386
0.142631633967308	0.918157803563335
0.0517407345790982	0.194544470827795
0.208869973300481	0.356684362354119
-0.0633834130854097	0.0569334284673294
-0.0713970500256055	0.071427678179774
-0.30110196475939	0.677791558390672
-0.39768648473623	1.104138501874
0.221521654348219	0.475058358370511
0.00484320355727788	0.00823833083608676
-0.013655902847352	0.0224380510188338
-0.0348731948721932	0.0619358004700776
-0.0327407442231761	0.0543147588029701
0.195667618748881	0.427291027419794
0.0704525116187674	0.121789275313623
0.292481505707032	0.601783288274483
0.411411138686162	1.0977876592534
-0.0807941212008114	0.127012047160287
0.201220294491697	0.346621316823217
0.286249795201916	0.469307297537576
0.0442466742669905	0.249676931834273
-0.098389863784119	0.580790734762419
0.384997769033326	0.804545491795156
0.620081965302	0.72599983826364
-0.219058998004147	0.251978814790781
-0.0127833373438829	0.0194936402117101
0.0540465173839986	0.0897695801721399
-0.408784869698652	1.16124958271679
0.122270313158734	0.261427301131167
-0.181126703994581	0.441208774952844
0.349635105928774	1.03534136013457
0.106008040518275	0.214993960282462
0.0984876053114307	0.192291893552616
-0.0203423139315734	0.0332306646696961
0.0361628934285999	0.0565532026994725
0.282407676022592	0.667175044742626
0.301837312931696	0.696823808372524
-0.0177413196205613	0.0245326763660808
-0.340112509743149	0.648928897772951
0.355069829493943	0.656322978971588
0.0237365273528754	0.124331350616904
-0.137248584039834	0.907031536855392
-0.271741318160834	1.79836157569521
-0.0691864717463073	0.286880422492001
-0.128178892504265	0.592895023704403
0.247432652259503	0.558773518808184
0.415885404958219	0.904697984885033
0.00134715550511953	0.00103602719059419
0.283934777810731	0.356796671078389
-0.128341053344692	0.242373715554102
-0.204571696361399	0.432839891627037
-0.144994473724991	0.288511459268535
-0.15553381329613	0.342092482307898
-0.263355065934506	0.704155101363919
0.149079757523446	0.337099877066076
-0.000786319302515419	0.00125916936237877
0.56015136789501	1.92545958109788
-0.200350954660834	0.421812562961528
0.0165342066189622	0.0218292551031863
0.642678710436758	1.67821796727797
0.423055713428865	0.804410361469134
-0.00357056675570928	0.00354308706849645
0.0517743403678036	0.303829186994069
-0.0750550404456489	0.38019048151161
0.0919062883118378	0.44559559031419
-0.0297636801153278	0.106831788230249
-0.123042601086032	0.22539200118265
0.158361236930302	0.305845025464672
-0.171247677500301	0.369020224219851
0.0264307553703577	0.0472326594815894
0.114167686855862	0.220998795720672
0.236862565945606	0.57739726530724
0.0733228967416373	0.120130386563763
0.150854675796213	0.260616042275427
0.13378323733725	0.213953163736349
0.0124157928560854	0.0188752426790145
-0.0171570137614838	0.0246336320763628
0.421197711230577	0.985056664777168
0.408883333278174	0.815456248386307
0.188417379316589	0.275742107447132
0.125669124037162	0.15456352127802
0.0499992019103817	0.0593016185231996
0.100564575120021	0.700712012638755
-0.0536769068271107	0.267801732430944
-0.142266465159039	0.693278756371945
0.238558299400835	0.541451594771728
0.184380635888071	0.389444008289714
0.112865107706868	0.202627357124598
0.067089820797445	0.132600167346078
0.172140384599793	0.362707215557013
0.509539601248601	1.16900334218643
-0.283769166302751	0.550259140481594
0.12644298776379	0.170075485651445
-0.295047377635474	0.455110044874976
0.489716825985126	1.04240236365753
-0.443631589991866	0.879031846493577
-0.0251089075273701	0.0301787824015983
-0.103304216626908	0.131410190084172
-0.230034890372573	0.352323765641057
0.0161555341711825	0.0220073032857223
0.0817680005931783	0.552924406974795
0.064815420398182	0.327685938580617
-0.234237087710859	1.50965235626297
0.151290457508446	0.238072821698486
0.180539455896556	0.394733313570533
-0.196765055364481	0.411200399778681
0.0950723643044651	0.184605208541883
0.0698108357460372	0.141033958364404
-0.198096998182603	0.43556813677593
0.144900276379195	0.274077047472582
-0.0871065041738681	0.137715252393997
0.347060392287669	0.776423827358444
0.344872497065265	0.792233057444459
-0.156041190964074	0.254214201508221
-0.0815282250347597	0.111339428237061
-0.209554030969565	0.325921948036445
0.0877569636585872	0.113466324316608
-0.0103722745922685	0.0508531806850874
-0.110611812649533	0.681688905378698
-0.187623697202334	1.10974424100317
0.0657721183576916	0.0749597635183199
-0.142445664791656	0.297341535472717
-0.192481311844792	0.442119008667051
0.187715406254531	0.489244251493192
0.225713710928698	0.590127812781715
0.167399274991382	0.400332535126952
-0.215731123037429	0.43506004444544
0.33032132926926	0.846332434972104
-0.042711244211586	0.0687272165121048
0.537194045600354	1.39408053379638
0.193913328899656	0.340953470357307
0.0221841837280801	0.026055434279851
0.263108491775406	0.358482595994399
0.234286857428289	0.38976016713664
-0.00279731365973785	0.0128396942599595
-0.0593194240630577	0.302813953457956
0.126761137092951	0.295438057690507
0.0836093897244603	0.167216367620428
0.240641952462089	0.657553695706813
-0.145770928461001	0.285313865050014
0.196726755036143	0.415892570338267
0.16313401439828	0.336638135027863
-0.0165796795610332	0.0237120973613263
0.151165985754613	0.225912244169912
0.0521089869140603	0.0684647798191383
-0.0200287720451028	0.0221850543529917
0.0328486406647463	0.180522512542901
0.152990291938221	0.47061796562864
0.0159718823039676	0.0254149645508073
0.024491590459704	0.0392492246839527
0.718542787004717	2.58588687931306
0.082668185295583	0.136530439188075
0.0219172207867319	0.031305256055259
-0.116004140029674	0.188223562414305
0.0344549359944286	0.0473247263254916
0.147228519709737	0.291665259079681
0.00599910685302548	0.00697012470774796
0.0756157797175618	0.091398751360088
0.0316277096503942	0.0382759302133225
0.190950743073341	0.400304890640994
-0.0329841477423125	0.0317632270063508
-0.0292077577759319	0.030874795166476
-0.197892785585676	0.269076781262693
0.093409241368053	0.120556810074208
