x	y
-0.297026948827113	0.301575144950006
-0.269764077278026	0.235511216993839
-0.140792525275802	0.133218365692494
-0.392601535258091	0.417101319110264
-0.410005824916582	0.39196203972309
-0.46120825436899	0.537151794383673
-0.175782839013765	0.14619735567431
-0.477681613027588	0.487203556204268
-0.446861650394407	0.499142861588025
-0.454105169620298	0.517475249474069
-0.450426258748116	0.500106268251939
-0.137221834523495	0.116735070017443
0.0347723839112912	0.0248407095679125
-0.300192088352506	0.281317972997703
-0.169224142289663	0.165597318062147
-0.330441157141424	0.35998239126821
-0.559095697051673	0.562470237689343
-1.17425022934399	1.34355915337762
-0.274531196022072	0.151983517010008
0.206478115957441	0.131887515682255
-0.272982983081307	0.185760290088318
-0.374595975391028	0.481114131345082
-0.0863682650579347	0.0954142334337184
0.315573612180516	0.317430322196997
-0.016626576438658	0.0123602114878908
0.258409957114216	0.234706643326057
-0.716557128177107	0.697290108201683
-0.298040187607678	0.320602929446196
-0.33213879411721	0.218241809301956
-0.42802290837494	0.258337026528356
-0.0778527681224568	0.0420694076628668
0.0933652041376648	0.0581768882334736
1.13943599453104	1.11234534783816
-0.143026572309469	0.0928314891522384
-0.309205166528941	0.234967498219204
-0.458487021743095	0.406409639174419
-0.0829184826669653	0.0750036982494398
-0.645821164157929	0.720260165657785
0.0366215061836588	0.0265191313257738
-0.0556655857644952	0.0378470195827585
-0.888243990114623	0.772438903475941
0.204072185376671	0.151589904434611
0.759617121403251	0.687959080810885
0.793841243066766	0.816402230226936
-0.180182356240027	0.164132469629416
0.12384186236701	0.0971164411439494
-0.689560411126285	0.762022338291923
-0.09657451477455	0.0498542897432231
-0.25513556945139	0.264123926699473
-0.324587818167823	0.315573128616421
-0.158563424947558	0.149267124140678
-0.627756462648105	0.808573740832898
-0.857071910446488	1.21555631316685
-0.50525091124441	0.610028944868756
-0.233274317200917	0.262105831836446
-0.329937217240533	0.299147983657306
0.189277099251873	0.174172638815743
0.447274184431926	0.565636536299746
0.266567414346661	0.239580979870127
-0.0602800302766346	0.0495302225536998
-0.425895362317687	0.427742254370504
0.12123656952378	0.101083276261446
-0.0766976179097388	0.0602385653345679
-0.726985969230134	1.00605927365321
-0.542530336564572	0.512908053855836
-0.632264499305256	0.805566907393243
-0.904042320133394	1.31703515585395
-0.0917383121922925	0.060773444350092
-0.461181714661193	0.196855173536458
0.639237389650696	0.486568098087042
-0.423428755159301	0.413179577386798
-0.0642885192262562	0.05730095152642
0.722613235425123	1.10436271174925
0.116129396159683	0.126719911239607
-0.333551524146584	0.408984844454532
-0.0407560877042278	0.0426424898354687
-0.325887140178441	0.395781418675337
-0.186489407052898	0.225137000252784
0.260993584490123	0.24080520744499
-0.174818343158785	0.176178525374353
-0.324353318022008	0.411326170416815
0.13116796014088	0.123850145996189
-0.0793223962481341	0.082741282721799
0.0654897752061113	0.0528553527395981
0.128838371949858	0.117422860554487
-0.480736917452629	0.819308511876969
0.00119132150011422	0.000951414438046043
-0.717505881551013	0.71647403927078
-0.376375197329712	0.498412328992433
0.185630925915102	0.206650710467995
1.07475837789676	1.1075310458349
0.525145684572387	0.268024632089504
0.204431083385818	0.12693950987742
0.276264456193589	0.237418030432538
-0.495308532699846	0.6665425678635
-0.607219130509091	0.935663804760167
-0.301406276850128	0.368275763394778
-0.295963802889126	0.328979148450212
-0.0447895810613253	0.0321925703213302
-0.504893656760454	0.662309900673645
0.232825252539337	0.305091395283004
-0.36400939717879	0.415264688435896
-0.329303997886409	0.438899633984847
-0.689978953240488	0.999287605773412
-0.42197103380179	0.618067497837867
-0.389498241079481	0.403998620339882
-0.241504512577479	0.264034728969498
0.428511337667107	0.577658530241118
-0.155708197281791	0.164605865761982
-0.0449901313762037	0.0454028885114497
-0.53689727719983	0.763427857565699
-0.342920744921255	0.391849617956418
0.0686530918337795	0.0728896808777628
-0.117551975298404	0.114276262360265
-0.615352939425489	0.738067281112581
-0.0722443208604634	0.0499383885856344
-0.339212093234986	0.410704312593172
-1.10682767965408	1.83055278925228
-0.248310334338269	0.196813529818826
0.0645845775427366	0.0320533789282363
0.483108042364647	0.430079454831892
0.072642944527066	0.0635984296369314
0.322791012362433	0.41968611025118
-0.186273965055824	0.183119988880418
-0.258318714165729	0.270862434987009
0.377172266420889	0.549056816281601
-0.0534728834545524	0.0440470894898835
-0.0648051133093349	0.0663619132666877
-0.035286229873425	0.0298533246128036
-0.0445046188548027	0.0318061516486299
0.0591515635183254	0.0471751600835968
-0.0840348723714761	0.0661373328570131
-0.137777822190311	0.102408838443456
-0.124647191383652	0.0953887232265996
-0.654338264303259	0.774259139788818
-0.249390202709117	0.212427564991128
0.0476286836511403	0.0374410307333054
-0.631777060297235	0.664510058753397
-0.418838062011552	0.568452871908918
-0.319687116621124	0.364066277249476
-0.304673604343414	0.280861710845744
-0.427527051512181	0.510592527083167
-0.280823932441113	0.348242435753034
-0.561693455862555	0.644813483852929
-0.169651091408152	0.153452563520351
-0.768494399746759	1.19840239949109
0.130891946581008	0.102119302856879
0.19708901271503	0.168582537449215
0.0714077904443904	0.0594239838556102
-0.0742699157301432	0.0672658856719838
-0.0362320575088494	0.0255885142957523
-0.509123153658493	0.495337661314345
0.207560784083515	0.131235625172186
0.127929302597236	0.14279146608307
0.275761823514987	0.343461884561615
-0.268881712762972	0.309206364320568
-0.337704760321663	0.253890405443864
0.477004165408623	0.339893944478176
0.703457724226655	0.61395666068562
0.334879542839406	0.24132271590694
-0.388799005448285	0.379473656150385
-0.279368904860249	0.285897094349938
-0.537100935895825	0.566615210961495
-0.130201097856172	0.0999278837947766
-0.564167011457215	0.48253242748133
-0.0318134392807618	0.0227863053482769
-0.0261182852926696	0.0280028870660134
0.0090255012236403	0.00938962925470152
0.141024243103049	0.150987756632374
-0.0594511198923516	0.0414912242157734
-0.375025578155377	0.336796093543663
-0.589838132928156	0.242225581877867
0.13059452563032	0.131188174668871
-0.464085349973412	0.845465259072637
-1.00578483258236	1.4604337663831
-3.10262911460581	2.49090227156315
0.083640509139886	0.0290224603402324
-0.784960377510965	0.283322844437863
2.05811756005929	1.36805266287501
0.106076103579482	0.0271375857902757
1.76818514924123	0.699045438409004
0.447967911152003	0.474564193053406
-0.227898953113793	0.17742041627878
-0.251529955348687	0.265819384623985
-0.571465379786481	0.308387598398365
-0.325824543828646	0.323322499631758
-0.193799632815351	0.282433001931771
-0.271925719713978	0.182142068641406
0.0818833540367561	0.0344477422402289
0.00308642195982928	0.0031191903839969
-0.454656098438931	0.796629567316445
0.313199655770342	0.419352122209217
0.364905348511832	0.231328495153721
-0.297040976144821	0.231688521756092
-0.385143066447122	0.616875634905115
-0.611157222208818	0.630345048972185
-1.05147836453485	0.565021141737441
-0.787565693594486	0.289664917120335
0.971936520064338	0.369880811763445
-0.290417843181165	0.100155928009547
0.109319041940032	0.0216842476123092
0.114544705822238	0.0222898310099207
-0.520718786587274	0.402141445871176
-0.266478294610814	0.20095869942271
0.208645968188977	0.221040119611814
0.460555816729415	0.169536895809198
0.340053303007184	0.313133070502965
-0.409895633617186	0.443631962476538
-0.501378317594788	0.42114358878583
0.198944125192847	0.147793461175173
-0.418795217510012	0.694249108816337
-0.430859000715748	0.69879240897176
0.00811402496709393	0.00797284286133466
1.14990863148317	1.15067013061434
-0.643003487509533	0.418500389913715
-0.17143317682971	0.0726918508477949
0.85707864684988	1.01678932560487
-0.202858907856116	0.237810735790095
-0.810282200491037	0.963814503124058
0.0882730478457035	0.0300487728229606
0.601170086955385	0.187591958950496
-1.19809713184451	0.3736724448755
-0.136759198300644	0.0882415622078586
-0.696687895820362	0.795167126343087
0.187534271825907	0.177117495588571
-0.288356293797249	0.0988848104230226
-0.24893424268342	0.17054016843415
-0.428749047010871	0.257544078313257
0.211784203293034	0.134589938705912
0.214859008274431	0.14352517226653
0.136383734794625	0.138879324206538
-0.131927408331324	0.14115653488725
0.0657716838484905	0.0651344357729048
-0.235620491046186	0.163642469779164
-0.573260257601034	0.318027735625717
-0.503400170217003	0.342307302724314
-0.217054479209291	0.0838969086098354
-0.0845759834349301	0.058382944615622
0.212269182365428	0.276822775858618
0.449251622209987	0.431279259551115
0.0953258903390144	0.0288808811444748
0.0819431417183485	0.0282255156764945
0.0567639592260605	0.0275292746335786
0.939324112424543	0.810741031628002
-0.602740061364591	0.751353354702037
-0.416352529076819	0.338515620560118
-0.431246741550218	0.306516501075537
-0.338257515013173	0.168373323593715
-0.41658133142476	0.349012735046427
0.75519906140983	0.71739106509682
-0.746534015726896	1.39808857705186
-0.406391744032545	0.591319487018573
-0.164329144161731	0.1784856684205
0.481011713979845	0.353666053195189
0.325795548339189	0.148312729577327
0.899887641343866	0.689607682991703
-1.01561485474596	0.746857353052289
-0.0971191891513493	0.0775713727925052
-0.160220072371602	0.203468988972683
-0.0375219323543399	0.0268211287836978
-0.14265234129656	0.0647746571869547
-0.40462789337182	0.121429891152218
-1.35235701750012	0.630642500947889
-0.787128503002607	0.266715503572423
-0.675087955567357	0.168094231563518
-1.06986926147712	1.02124334982531
-0.0587652168150575	0.0412138222722622
-0.226183554950028	0.240820577104031
1.20773395935366	0.676460389938675
-0.709909725977321	0.87688257163729
0.0204656901365765	0.0273509205574085
-0.699251199488017	1.7541378923815
-0.486288511231659	0.332473061922983
-0.237859085855671	0.167857332058176
0.34866902132976	0.306040170153168
-0.451779401727174	0.469615458913169
0.654916311634129	0.684695635270699
-0.661918222639224	0.674638334307434
0.0299675440578056	0.0214380107095614
0.115707168378558	0.0848335497010002
0.215979347962053	0.154176893281935
0.558454705194131	0.452693650852276
-0.292766725249216	0.223016682375932
0.262723855845991	0.24273159891582
0.12587516530242	0.103057931255386
0.589955781451321	0.708292730886904
0.0337526618138416	0.0235542242708978
-0.771661138604092	0.547863556070202
0.232667901777427	0.132399499313696
-0.865089628790374	0.48058387768015
-0.792726253894746	0.633764449057692
-0.870157248315963	0.549342419051581
-1.2412766892577	1.07076159014526
-0.563881432453743	0.478085714842468
0.300331480575428	0.244653921475344
-0.549363791294191	0.589429270811684
-1.063351183108	1.03916936786284
-0.393893275943354	0.389632675665186
-0.774226646777868	1.26676469481799
-0.315528848640955	0.322101578884853
-0.0345847156110853	0.029569968474906
0.0216251931287499	0.0243935142853681
-0.128789950748742	0.185750945597268
-0.530310985644088	1.12829954047047
-0.217819373683599	0.084629746905544
-2.5107893557407	3.26568517850925
-0.209316886926412	0.147893323700151
-0.684592372562633	0.766673539513791
0.265639810114338	0.247654807027145
0.522200613635201	0.528521528159504
-0.0476785977748421	0.0395582594330558
-0.651974394663508	0.641476970545375
0.115839866526372	0.0777476066525665
0.562578797133301	0.471684428384775
0.871552347495082	0.562080043790167
-0.233955895606537	0.203888551168991
-0.822212320152899	1.09595268673626
0.982799298560116	1.32472538447008
0.0763123575729407	0.0293630649342869
0.243172098760473	0.12650459556827
-0.677807124578309	0.503067271710982
-0.135883874675488	0.0625376581365613
0.750325464414872	0.303455641458368
-1.23261230681914	0.723048544938991
-0.971462077102455	0.882643006608413
0.116929401798433	0.0896573594681518
0.490828406272189	0.598206984859299
-0.408192419619122	0.535835551076251
-0.386700222595125	0.477568138394736
-0.182972552649615	0.232841480624695
-0.755610559356229	1.45463853905396
-0.0798247644062633	0.0859233899680281
-0.171339647168383	0.230232080522608
-0.659631769125261	1.50165893757164
-0.398153777026134	0.361677061877462
0.660673584048543	0.59325151765708
-0.640757101021725	1.13553404066805
0.0324222563051344	0.0317360541714764
-0.276203777933996	0.301188876776621
0.40570595842568	0.239378552095081
-0.0391444340050342	0.0228449784446542
-0.564306835815112	0.290161745020183
-0.108954838099447	0.0849170234267747
-0.670704870692316	0.872463166723341
-0.510880223966291	0.437411901919395
0.254102745985143	0.135570186479665
-2.13753284467288	0.986427688777228
-0.786262466871238	0.288507965928695
-0.406273856580118	0.119033702006616
-0.792822897179084	0.284465054508799
-1.09493163574823	0.468434818435413
-1.19418487875217	0.376339280552953
-0.230478650944215	0.152928730863857
-0.375096389021822	0.271210025228506
-0.0701144844682452	0.0625101935019685
-0.475175940355615	0.20899215883225
-0.423537886323078	0.801860889377021
0.121715985545238	0.171270350444861
-0.296342116912129	0.508011261492603
-0.0865604659808635	0.0921880406271084
-1.06653791795923	2.38583447578131
-0.582532907503788	1.25137627346931
-0.537536364295524	0.500008860913946
1.38139881227899	1.7672993863625
-0.0023504615089321	0.00170435849290235
0.066950781961361	0.0534270944998469
-0.0662880259886225	0.0536670442447777
-0.578891174957453	0.620528010310609
0.589515142215372	0.465650486662867
-0.278150432772524	0.188790570985954
-0.280921969374355	0.157227655667437
1.10698680065892	1.71379783492767
0.0488168427242609	0.045139569656563
-0.389775765951511	0.35610303291258
-0.275046922688398	0.190291572495286
0.0829164662628077	0.0287163582670696
-0.383585085645957	0.184450203965719
-0.0770603807840677	0.0425261774002107
-0.212195918340109	0.169460133076347
-0.198835256096502	0.162810107834149
-0.86300256739501	0.495594626004845
-0.571280324031091	0.82410417330071
-0.428023120690627	0.561777256819757
-0.35666515034515	0.505262820650201
0.150779701505566	0.160101789569644
-0.300802371212454	0.411689678307619
-0.805998934155019	1.76300842998832
-0.126946904703205	0.143453838794749
-0.229868129219776	0.30471476107903
-0.493588675498809	0.669786433932877
-0.355980889652277	0.329702135977964
-1.3106272394789	0.994255947841872
0.388806619162057	0.484809354026458
-0.289214149607696	0.270441622575896
-0.710084970740193	0.889285994813409
-0.342785295771983	0.288696823065101
0.397633107617979	0.325149850665684
-0.0956423151406254	0.0493860775725287
-0.733946928872893	0.45876742262363
-0.394651566228016	0.382181447071112
-0.237090559892031	0.230034144097187
-0.987185459559308	1.2818954703099
-1.23035020111029	0.696330546914808
-0.742169398828982	0.437944947880169
-0.487991812683027	0.345685211287388
-0.0412727373495655	0.029955053203875
-0.672687646081393	0.504446631803269
0.195631980274945	0.168065200800567
-1.10937154769659	2.04770653365815
0.0497262268728184	0.0501108164399821
-0.0548934451295509	0.0557234925032752
-0.565572796750468	1.14657913168564
-0.269057497388266	0.364260907003669
-0.288891993525192	0.419451596199037
-0.332776809367184	0.520767415275517
-0.251005408829934	0.380023812333477
-0.182315127245608	0.28122696595885
-0.0482202114575676	0.0604613838930068
-0.383656013326941	0.681284107383707
-0.215492970494586	0.295813861860429
-1.02295009221474	0.761754222321535
-0.304267906925418	0.229336892548093
0.590423336701271	0.466600353353527
-0.457069397829312	0.806001941939018
0.0444960791095891	0.0455167564439223
0.242095048906313	0.310597910048684
0.405407589199305	0.324659960880898
-0.678823125688277	0.502318908409422
-1.02955680059911	0.640970142019764
-0.673421203457521	0.335297979203407
0.273820837307132	0.240597959317468
0.411504874076398	0.49054304953982
0.0843541584799627	0.0503496148122476
-0.594279716405265	0.243759690929542
-0.678630651686476	0.507669756419565
-0.175272696123673	0.174592938492692
-2.13059547889758	1.0410018164445
-0.234056702329355	0.204609070994517
-0.122606892967259	0.118254508432351
-0.322634088787388	0.590159141304512
0.156200708789148	0.230115673106645
-0.0750450969402974	0.0931971372520914
-0.275508991090934	0.373092673909238
-0.282282029161188	0.456847206290615
-0.588826723531068	1.37933308066829
-0.00750536454165191	0.0073825245274865
-0.884983736297899	0.605246796662513
-0.312897563702309	0.221419470408253
0.0891144237220391	0.0562919446873886
-0.366629010730792	0.266925446800824
0.000647487645475211	0.000654942532116425
-0.465213744251321	0.548233939686451
-0.291375996188501	0.288138776987799
0.210827433137607	0.139265505023303
0.210045949519299	0.143031044683599
-0.141825853746377	0.0916476074032004
0.067430392172404	0.032758513459428
-0.468873463175789	0.474985887324501
-0.409664213300293	0.508706399131913
0.530615224975941	0.541868989173755
-1.05397253857405	0.561934570261941
-1.64148576764557	2.08581515917959
0.122629422210116	0.0858904005480522
-0.745220640212281	0.886695975929469
-0.168975421133877	0.0711946460622577
-0.0541960155584913	0.0387753705092871
-0.12661843365177	0.153369983697597
-0.46578705525635	0.869326744223396
-0.27579201278101	0.403601004760853
0.207343378178802	0.27023726160867
-0.431758380127555	0.691020662841961
-0.651527141922536	1.49623520809262
-0.121396959225305	0.153707730386284
0.0505986518796211	0.0560387573234447
-0.556892774064831	0.839110038848045
-0.026278231985083	0.015660859325987
0.111320833571303	0.0724702964861372
0.460956517142334	0.254407943399901
-0.0378954011228629	0.0436492123959328
-0.715374391466188	1.16694699703801
0.220487098647185	0.267600955123888
-1.55530591332475	0.859171842303489
-0.311846654112927	0.307241805033615
-0.214480598787279	0.083256115922965
-0.714209144158308	0.635159223623147
-1.01243637677356	1.77687367199847
0.896112302428179	0.237749633943035
0.765951953256959	1.05618195993506
-0.33210139794366	0.446003183804109
-0.0788427936087048	0.078918193393579
-0.0349551343627395	0.0543221323874841
0.304414545503211	0.632209622237607
-0.171259184435879	0.251168008603698
-0.922216247815421	1.61385289381651
-0.363749290222688	0.504919550109867
-0.271395636078566	0.468467166626477
-0.327273822592522	0.58202248835469
-0.109412162326202	0.0730158257683827
-0.368301453442622	0.23885531513711
0.0866451691669633	0.0866901873979302
-0.383722003145012	0.425793780194494
-0.29080123365146	0.339653522063176
-0.0799746113762303	0.0524467153909197
0.105695925427377	0.0711555866988974
-1.65223754170299	1.57277409096194
-0.662209835005945	0.831976978177533
-2.53830425808955	1.52533046264971
-1.35743420162425	1.75189131425144
-0.00777541447636238	0.00685129505280913
0.189350222042087	0.212799266815599
-0.0437414726610316	0.0359547275253193
-0.0780418223647376	0.117609882813859
-0.34632843066699	0.699401084700199
-0.043995777906144	0.0510810007333826
0.117009353066761	0.121282437147486
-0.594780722030125	0.854207703774316
-0.313929405249802	0.498345770074164
-1.09243224690285	0.460933904755911
-0.281240789490629	0.1536969207542
0.0753589000879878	0.0422616232524464
-0.225411737978603	0.0866954096070713
-0.88485102001241	0.67015407804959
0.0753409472496687	0.0317383939334582
-0.457030354923175	0.670918416048104
0.199303369434288	0.226336332378788
-0.486936720128916	0.784452313022495
0.505898891849504	0.349201003913326
1.00595054923356	0.609019481054952
-0.168794081965429	0.0706808653179168
-1.35820226123516	0.608849704749826
-0.983875635988298	1.20144111773543
0.0161862801652129	0.0148345556358122
0.278494402302214	0.339601538703187
-0.307757489927066	0.358441421621742
-0.16548754045113	0.284711960485781
0.00426606075945946	0.0053806679044486
-0.300997079254858	0.35277321239113
-0.580862721012763	0.866882750083137
-0.475061182949739	1.05191106355946
-0.337358272777055	0.639399697576542
-0.532152989940239	0.420483927847733
-0.773296690793114	0.546818894188207
-0.590409170091689	0.240140574475041
-0.370253049315694	0.240724374735872
-0.892247614560047	0.694705812374339
-0.377550636836945	0.312431459019813
0.233519899377123	0.239465387776007
-0.0355179736406817	0.0320830566249307
-0.330967427890862	0.328336883655939
-0.000940915549390159	0.000584679281384914
-0.379577006307921	0.313546647206893
-1.24170140388459	0.721165801338377
-0.178464283552359	0.146470325261254
-0.235229562112293	0.273998917083248
-0.291009007543074	0.382098685547889
-0.301171589230538	0.509553536446284
-0.0322783545433887	0.0388559363802794
0.0990972543240071	0.119252577987689
-0.545499123189564	1.0384840126883
-0.786262466871238	0.288507965928695
-0.601158396469665	0.459340545939148
-0.495013896857903	0.42398909089371
-0.288054149345994	0.157130724618125
-0.618928134600256	0.523289266171218
-0.0922757107978749	0.0623687562858593
-0.239954811092135	0.169063485867499
-0.0338161389166634	0.0342604758385233
-0.297719160419068	0.392634118202073
-0.156430218542316	0.167886117288646
0.343732715855238	0.224365413684929
-0.558072200471175	0.381592332600813
-0.743901283070713	0.450159317689758
-0.794047409174581	0.279208313725259
-0.0719211573230324	0.0505572632337332
-0.321220522509875	0.397545854516909
-0.344707125045832	0.555709077738451
-0.404722474170818	0.554659016619256
-1.32668003015067	0.987008592453961
0.954908375469077	1.11430271558684
0.0810333405593252	0.0280681818203179
-0.697672810043632	0.575048710970448
0.961445310704018	0.94017949119934
0.707653396452439	0.619988610194206
-0.169611000406607	0.184462866150883
0.235024135308943	0.244446396993427
0.428834387810254	0.484943921756172
1.56246726025583	2.35463736475371
1.327163592613	1.48344813806441
-0.0897163126330709	0.0463451954607039
0.830738473565393	0.444824217559092
0.566570671167979	0.691105859615917
-0.224820272887189	0.249458552096466
-0.659468414224757	1.54912323204567
-0.206431336835014	0.296780308133508
-1.5803365032419	0.585644507432823
-0.31901538937132	0.163869611417469
0.702425410696629	0.591631592675534
-0.541737947438017	0.574458843012448
-0.320398807005026	0.167076225874952
-0.869133679180263	0.872958168584885
-0.471357826108195	0.381180642419447
0.203411190745099	0.152074656420964
-0.509249515851219	0.787171764677415
-0.0862687768720321	0.0874544402872644
-0.933352643007808	1.68102953635936
0.0224094438621619	0.0150629330912822
0.0733429047150756	0.0384292141024646
-1.31107211669158	1.01468326202295
0.717507200953768	0.412229076539972
-0.341295113468908	0.324206842086608
-0.12363043584081	0.115948218230578
-0.472303445978938	0.213469597925624
-0.14281971707508	0.19103250882836
-1.18373303659607	0.836257752549754
0.099889732931905	0.0619811881331945
-0.460258658970296	0.410626820470634
-1.54267905667447	1.40090704764253
0.194697381924398	0.160599182582807
-0.960032600686118	1.33611272333899
-0.735092209166206	0.84444872423094
0.0514112961182025	0.0476537991644983
-0.402433469397727	0.510215467428829
-0.0916004821348769	0.0864100493656108
-0.391638388357306	0.35846556704676
-0.862002335553048	0.998561745204158
0.208244931120505	0.153530917254994
0.413931813772173	0.242736025666801
0.426209225992914	0.479899410333955
0.28303232960788	0.316259719619244
-0.798384021426694	1.02331290004594
-0.240077893849314	0.13588766927042
-0.838108819200226	0.397328135924771
-0.766543841997491	0.54372886113536
-0.462395720892538	0.208278847304225
-0.389317803488911	0.190309398017878
-0.26467274078724	0.399319803381924
-0.473136632538608	0.95434156099869
-0.420956185195105	0.764389230705619
-0.496168631664355	0.992738764267768
-0.469230587191447	0.375781579025196
-1.8905580453443	2.53402563050365
0.36956608619631	0.146804496198977
-0.795717546554259	0.701324845640514
0.576913814075198	0.564775855608043
0.208979615954434	0.142764121403956
-0.258680860019479	0.27932403124599
-0.276850990834471	0.321409166073209
0.138872622963322	0.141369011132262
0.891605879132379	0.985833560631691
-0.0662600396802116	0.0362407477401212
1.31199848332966	0.9282160539661
-0.0359803896430273	0.0209071863525153
-0.714528167374126	0.651128544320516
0.545651312359416	0.844837034830046
-0.112725076104736	0.0859682078756475
1.17180371552381	0.804719833621327
0.0778921193532211	0.0269957279592139
-0.16691539036714	0.0687466305462753
-1.39639970693903	0.918857974944497
-1.56086405701687	1.10217157275388
-0.394398886389479	0.726478929759994
0.0631271556772653	0.0349552820195727
-0.232801853330897	0.185010602477555
-0.37500932455192	0.280814320726932
-0.338297477018111	0.485761972268825
-0.140086969341136	0.15444260982133
-0.237770992999628	0.279836990071971
-0.330578763854183	0.252492765736327
0.550886542479932	0.358541963697773
-1.34971026954242	0.628650249316404
-0.589646653407281	0.236752033459797
0.824219553643804	0.906194879710223
-0.256704216174012	0.318582999545187
-0.701831535440779	0.834572160627023
0.076318206453822	0.0256837003035507
0.458746373113238	0.16534208104903
0.0687597745847931	0.0294678493704336
0.106740611922016	0.0268445202028237
0.610672214313	0.196281620263059
-0.593550106921878	0.243024032253332
-0.168421231787944	0.104405059487919
-0.0785818033896313	0.0545869664864557
-0.638385497730144	0.589707178545637
-0.204450196509606	0.25243106517344
-0.109082088692085	0.11412265581176
-0.427480906965998	0.418668467506926
0.971944105599925	0.937621897507312
-0.166065595513655	0.124420274964093
0.325389372288167	0.228568111831182
-0.319428076154207	0.214707717379883
-0.338975021041845	0.396685194952042
-0.115773843336467	0.133336879975221
0.066810037495309	0.0508843194102203
-0.0584775287519731	0.032958120124706
0.22978428262429	0.128907159350225
-0.466181688111869	0.209063881174938
-1.74553717364039	1.04776758260737
-1.43963375650186	1.16819587880134
-0.591583286058896	0.45675648558093
-0.25289576452689	0.240763721713674
-0.225168140153874	0.220170282623183
-0.808704727805419	1.00174589253501
-1.37849036486483	2.76050777011878
-1.1015212650417	1.22799203695943
-0.70034135053587	0.605741113014842
-1.35748216722273	1.71981970017046
-1.24236651233919	1.53538341688279
0.0956226076278812	0.0959092529890874
-0.220830492733891	0.179898883767402
0.508595317573359	0.513178576635672
-0.958411185355152	1.59532466121723
-0.135238559097814	0.11479984136763
0.301090909550615	0.326796541312224
-0.157756418989839	0.146115437073587
-0.763871897190845	0.53009997255221
-1.00037110256632	1.0989766636912
-0.788950692308186	0.807077439756201
-2.0704166054847	3.02775269390109
-0.958885695984358	0.96034534243061
-0.274666450577874	0.251621292415593
0.133798393931836	0.122784567759367
-0.111280421317516	0.0983806833591903
0.204762437045866	0.140315508366609
1.01827842354818	0.732723342861671
-0.730493809228011	0.763515255317476
-0.325207329941326	0.296166099720702
-0.790860326784514	0.914436845052023
-0.0423506897973972	0.0291499607098217
-0.663574260921408	0.791324476284652
-0.506166245528848	0.613903111644632
-0.659187113426035	0.967245295835518
0.00113635563455482	0.000975609524810049
-0.270638722715118	0.235395162110348
-0.163860328712134	0.150736540874743
-0.21308433262838	0.171746706684543
-0.802380861854068	1.35722427554725
-0.445094708451787	0.612443342740332
-0.366180677357883	0.373684013358926
0.661289489947835	0.67254403291857
-0.138803047513848	0.105307957384641
-0.860445817827109	1.05775191376203
-0.866028743245206	0.916116465011563
-0.346547799495824	0.493316910245516
-0.415369637873305	0.632317084708061
0.295406197672368	0.379966761540801
-0.604105315884746	0.600272962462885
0.0767607024230938	0.0432160035838008
-1.14064973068779	1.19844781591262
0.128980062978412	0.105152050178035
-0.605090311922527	0.717987979018742
0.0802787039947349	0.0687942187784418
-0.317509077904692	0.267943717579735
-0.0865828698461245	0.0689996724447756
-0.917561674473191	1.21190863057157
-0.276073974756724	0.257264826550998
-0.490061728625832	0.461393472757617
-0.650230519225875	0.771001772238237
-0.277108676507267	0.263400184274673
-0.949498614226043	1.38846400079769
0.0277482325721937	0.0269911804663114
-0.0946790446601208	0.0644989955217177
0.307927863235734	0.229571135069684
0.415867953117351	0.342409139106256
-0.790860039138598	0.640494126446117
0.00620813060148138	0.00410420305421255
0.210694275711888	0.132984051868724
0.0078783808068274	0.00699512173920441
0.719042506853888	0.938154867001724
-0.010306827331689	0.0100878304874934
0.285260979810389	0.326563219610541
-0.163642651617321	0.190197672530578
-0.141386209685022	0.135657799160036
0.263190733032393	0.23138162951558
0.49130540230515	0.562361604550607
-0.121082497259951	0.0933430680351355
-0.18393417229315	0.209339897850147
-0.185170052848145	0.232853648844382
-0.122141719148588	0.114793610545741
0.0922228609951588	0.0565037345789853
0.22681065524572	0.128792089269078
-0.42843727514882	0.344551455766092
-1.43026487211634	1.18295622766998
-0.279268571637374	0.19369801297491
0.791315490363902	0.898838542894824
0.533253754912852	0.450026919805558
0.58320451867407	0.546916133648703
0.0834171228689481	0.0493724304048492
0.109934373040928	0.077851500315229
0.381050041295227	0.40946883843642
-0.239926897504886	0.254667575631496
-0.17711946267083	0.147670324058727
-0.0488150791288773	0.0349041433814712
0.35894667688142	0.40553881196447
-0.000898313663138929	0.000684831473958648
-0.141724176706978	0.12033865904858
-0.875156592871847	0.881429987786172
0.484254105624141	0.440077322149751
-0.698660150896499	1.0621753890088
-0.223087206322482	0.261213579897179
-0.0243433501960186	0.0180894233152237
-0.434463866843239	0.3137168335702
-0.0668370251307047	0.0362579450756337
0.520931518833472	0.357746244028797
-0.537279627898353	0.412999573095387
0.135716838530514	0.125861874165691
0.151300322045393	0.150922110952886
-0.336996901755658	0.366958737642069
-1.00939932418408	1.46663913707539
-0.435495331179353	0.624615603153904
0.203171737018907	0.2209420115971
-0.272408348413218	0.393057787159575
0.114802164583767	0.132364073735342
-0.460960735578054	0.573714815172096
0.652146374192627	0.99293720960902
-0.102347302934327	0.0813764937039763
0.382067508060082	0.403077498348148
0.148056336704471	0.153083296922546
-0.240307107394534	0.305530301785807
0.136787359523202	0.121327087393293
-0.67143275530543	0.886575943337555
-0.105757169274912	0.0902316781746931
-0.8088783460302	1.18299895431165
-0.394634055527917	0.441417325824018
-0.28042328267898	0.321830989609043
-0.302713358874291	0.250386690433528
0.245566571285949	0.129287892053221
-1.36141244623735	1.66478501264297
-0.592783139123531	0.450807596862478
-0.872166227759678	0.724729424806355
-0.330361152406798	0.171980693927773
0.331819595235172	0.229662175794394
-0.162808142699794	0.132804762223184
0.121201284658794	0.101841107633414
0.264215294010357	0.241905404092975
-0.232843161515233	0.327037305617141
-0.864499143413562	1.56670197599453
-0.180803891968048	0.18367910939879
-0.112648428381002	0.0883884122770232
-0.917618680907997	1.10557049439433
-1.09364385256097	1.24528445849883
-0.171355410958776	0.105697362407902
-0.619082638800427	0.504934572342066
-0.143990861325263	0.066367261326439
-0.8605912179469	0.4870228340626
-1.03637673093179	0.660997639851569
-0.490434097921071	0.282443085350073
-0.45626708962177	0.498815550503312
0.0743213704488203	0.031287632829356
-0.424380126651255	0.256839426488276
-1.34662515189429	0.648327892625957
0.747903264200862	0.321704451429303
0.285716153267947	0.141707385956097
-0.863359094824762	0.49750158768835
-1.13968778862711	1.15865218114972
-0.492596532936613	0.465211617527584
-0.367588928806962	0.230032611096114
-0.184154840769954	0.150098478070496
-0.180896062912717	0.151232646313073
-0.624890697979037	1.58168413414022
0.0745391104123825	0.0868962186937288
-0.379129877505237	0.666424655048709
-0.385816709162744	0.379336008716527
0.20835451806352	0.150165783191056
-0.869038549364736	0.888037422949872
-0.532240294334531	0.415236489500754
-0.457857324801461	0.408639713968076
-0.230333107539144	0.180233676333125
-0.474801221326569	0.792078316371032
-0.871297792384819	1.73914016462761
-0.239612553313262	0.289872463781053
0.118353894520726	0.084476316998568
0.59294021818206	0.552755103747534
0.830239965614057	0.918367609770918
0.206069882391876	0.147985887481284
0.208873429608541	0.148097325854382
-0.175576267263691	0.175425882859628
-0.471805389958298	0.744371610824802
0.531515390415701	0.440969364372391
-0.046487909528233	0.0470778059006102
-0.180740971705595	0.227933280848428
-0.252037780251467	0.370910708840214
0.528305234761397	0.834729259597969
-0.0268197979675653	0.0200166686421617
-0.590279412701777	0.830075599660138
-0.420469719811249	0.375426440561365
0.346471049811081	0.323386055497961
-0.107670132165429	0.136369254628842
-0.370777268485528	0.272799366207081
-0.73806368441143	0.456167650071771
-0.559632727016515	0.379185995265985
0.0894445587594147	0.0269958119254532
0.423467405592335	0.344312807069168
-0.34548678783141	0.28358577322085
-0.785150561450795	0.698898011455661
0.894270704913853	0.85708777906777
0.0643420962477976	0.0356048380682606
-0.227641088026655	0.205029584612379
0.0997601046716842	0.0640737995702222
-0.386890395431435	0.189636741823954
-0.860163662305534	0.496606092036069
-1.01589356701119	0.75782435309675
0.21666685114762	0.165161724176767
0.116119997969025	0.0884675111889159
-0.791482917507032	0.708360845044583
-0.0850479151571876	0.0458259107513405
-0.139571295295373	0.087768712691875
-0.890724850077104	0.700690706497111
-0.110391184153353	0.0731114433990557
-0.097622405986171	0.0665506134994299
-0.96392846369606	0.95512294159346
-0.367473711349876	0.237261462140681
-0.575101645734212	0.726165843748694
-0.965308201044335	1.26520936125693
-0.188025728850576	0.170769744793251
0.333555803769726	0.31575995787832
-0.530467210927931	0.496388660598811
-0.149916808060211	0.12665277108823
-0.221105511708553	0.230140635826707
0.623044856843423	0.731464570354974
-0.549578364481596	0.581771978587603
0.402285686664528	0.339683767917073
-0.195226393729639	0.195407114000528
-0.730378503390576	1.18776906631128
-0.293167773001024	0.343718014271929
-0.0800376195208124	0.0830681562378513
-0.387165224486195	0.454918795187339
-0.218954342514688	0.243646489550312
-0.329121772468443	0.30545508500314
0.595852215486869	0.630540754874578
0.313168673480588	0.326282432522027
0.0193607104055232	0.0156187960449247
-0.292037704376308	0.369142038614375
-0.124634444646359	0.116606100883633
-0.108442300645819	0.0943522801593091
0.199606899221512	0.224315067678555
0.0424677138687199	0.0389378802578404
-0.285259433859031	0.370112523136335
-0.721583790419607	0.977150685130277
-0.105879243961032	0.0836156360772083
-0.674112089902207	0.992283039242355
-0.558424341367443	0.562673050661131
0.0617716423715706	0.0490873463551914
-0.0616988887644676	0.0506104247992536
-2.13911734819081	2.67280976209711
-0.206500855799439	0.204585592612194
-0.862688339093318	0.918356350194536
-0.350920665069889	0.365820856192506
-0.698498875973761	0.870428107306226
-0.67969084863254	0.746410041550308
-0.216785945025707	0.154975389877763
0.185295465793857	0.162275173110597
-0.0586370897021567	0.0484317659935757
-0.442534104561364	0.568718642941718
-0.640556424065559	0.85401468652531
0.18887961854885	0.200870736031901
0.29576275890127	0.354060056085479
0.0443266563252385	0.0401752142362522
-0.16814689729144	0.182723258102577
0.116736425583616	0.0986740681426621
0.378973840578539	0.514073320331981
-0.35175323624273	0.404012844480832
-0.340474675459608	0.438199528857812
-0.0772029167098425	0.0617378268259607
0.067697608296507	0.0551388669554017
0.152866220027101	0.196099311369944
0.285929177527195	0.43518896536875
-0.590646787738791	0.911186946712079
0.488542183871489	0.50881905024512
0.72444847931521	0.707292324647652
-0.0137031471803425	0.00831562349938085
-0.306852091559841	0.237948188282556
-0.341717828971451	0.287728623632173
-0.304291486404642	0.281045033452933
-0.46245823070576	0.40397911137574
-0.324428046881007	0.299540213591897
-1.4378520543955	1.19928852988633
-1.28067552896873	1.32126515556544
-0.495674064151853	0.751588687154785
-0.743584278333787	0.873791856712141
-0.198566009071135	0.141274058120273
-0.114771774550154	0.075119979973362
0.615338401408996	0.806381958760838
-0.210624526581953	0.233910854782243
-0.476964089564762	0.438012386867556
0.232393922960189	0.257013533764726
-0.167596144576294	0.17415480224827
-0.0396622898223378	0.0336532145394659
0.209621734837003	0.30663539498578
-0.552693405459122	0.950953109120494
-0.166343336309873	0.191449445221223
0.13333708147608	0.118649872280135
0.59630262092863	0.790284635029277
0.273930925646743	0.241094948405802
-0.542334202029915	0.448004260590244
0.0860751895880894	0.103348724479364
0.0379398625825387	0.0481284573852737
-0.420203041812348	0.599320858873805
1.10146393074778	1.4948023445445
-0.431147134136858	0.265112598407799
-0.36450228383676	0.232628916660818
0.202024807001441	0.124493249260763
-0.497664453892955	0.427633879802988
-0.357506604481759	0.377086106696663
-0.339695222573972	0.333568945372179
-0.533415906306313	0.502809340575305
0.132086060144366	0.10765936959595
-0.736873175563083	0.45707218850234
0.102679265468238	0.0668799740112527
-0.836845788145071	1.20556489088063
-0.044493386221163	0.043742715587373
-0.284200957593329	0.265755033192133
-0.05807273284315	0.0538960677426492
-0.109896712560787	0.0958781038865775
-0.00623634407145188	0.0054624531034117
-0.0772484986451201	0.0697209716031643
-0.00981497692923642	0.00960079744765476
0.243092740558677	0.284569910314384
-0.211790153106545	0.257060867468805
0.065819342564576	0.0628569852057191
-0.0237190799915738	0.0198969993491432
0.126817755983787	0.100947023664054
-0.684523555196505	0.953394569412083
-0.127227004337189	0.172622983490277
-0.606551389233263	1.15354666036725
0.0327829925112094	0.0329775459289291
0.0496872804777463	0.0379695837822779
-0.937118888041174	1.00295781023996
-0.273342000777182	0.214704234779977
-0.458200707314756	0.435838591503963
-0.23682568669348	0.16737340652166
-0.701384204464879	1.09572367247237
-0.202594209715379	0.198698956095753
0.0711908211709456	0.0604641600777712
0.0260340129783927	0.0218925303353552
-0.137694818853617	0.144062179863088
-0.161846081968817	0.137347978969798
0.0571334609739979	0.0462496284052539
-0.167991420465735	0.154344707124315
-0.157883883215677	0.132350007890755
-0.597426353971111	0.768663443145394
-0.253319915313281	0.260748360973043
0.10241642764612	0.0661095469107029
-0.128933083835795	0.123324705344277
0.104539643013968	0.105468409336096
-0.324025431085661	0.409530107877791
0.202143163731608	0.209308255374355
0.207394801342336	0.151789048946127
0.879799494182185	0.981886538386269
-0.596554293512587	0.595965637045665
-0.11513267658399	0.102648427378838
-0.0577034821941693	0.0603854443955971
0.296964614699317	0.302870525124924
-0.421711499256152	0.427682566533307
0.251657952654418	0.31141314803593
-0.435094945810387	0.57479186341592
-0.383236872038065	0.4089735735835
-0.628636707297372	0.790519036157435
-0.12218598505283	0.101183530231775
-0.787912374375125	0.787748120539072
-0.565348501145252	0.732077727571501
-0.608614420814266	0.827253013476483
0.244476799998455	0.236313001730556
-0.282166156184807	0.285550149290275
-0.666531330728206	0.836540427611458
-0.378886578723839	0.272084495703157
-0.0992364708271224	0.0782648567127108
-0.547028540912805	0.615550408937936
0.135843701999033	0.127561765377234
0.144804825109605	0.165054168603877
-0.302506409418654	0.348563428254601
0.555074730025597	0.854368231268289
0.186017051084457	0.170897364686478
0.238858127179137	0.263310778064201
-0.299314835688337	0.305089457806988
-0.553693293905721	0.68119171534152
0.0855764740800102	0.0814812315876363
0.741172587815578	1.27687745750488
-0.218916783713488	0.293579366430498
-0.0934449076653064	0.0877091591307782
-0.835158909146049	1.73302976205608
-0.280557657719717	0.291174563861477
0.651666077116566	0.890021501144371
-0.0724837419016279	0.0587715918382332
0.316940844800358	0.329779026812689
0.125285316510143	0.142464874071264
-0.160589032366141	0.228784920250917
0.584671302895563	1.10348497557273
0.33265485520369	0.328158728641541
-0.140384251124912	0.106357589672489
0.299734264250732	0.306262173264724
0.550061962819689	0.536774219452986
-0.423754457460521	0.444904797636948
1.60073842872145	2.28050794003052
0.195816942495576	0.137882513970624
0.661946627877342	0.58497348296059
-0.171509333066995	0.107637903658041
0.122362362675453	0.0958780738085895
0.385790246934633	0.337722887429805
0.0885015568410485	0.0833295625634993
0.36958156897245	0.470603727666723
-0.798104959790364	1.11967911322137
0.0455897900778181	0.0462221108326508
-0.134334780664756	0.139107750652155
-0.623287913658159	0.933179718054574
-0.134433656832202	0.102821245007778
-0.586338093932912	0.628285089758507
-0.347359604019048	0.292619428938037
-0.0906004773372161	0.0908474798883318
-0.570194048810082	0.770963133462361
-0.348570420751316	0.436059583072985
-0.0221446474280629	0.0235891185305638
0.230484859731079	0.273514557575065
-0.177149355630582	0.195009487522429
-0.294716608256594	0.252836520025311
-0.213186037078444	0.225039076034641
0.479220313838147	0.52047835599901
-0.556115736424562	0.374353347407053
0.449250497261689	0.703113160509768
-0.198022418598283	0.26787241063274
-0.38220818101066	0.564841903916106
-0.868104585100769	0.882309796070748
0.464415101443582	0.49818324183435
-0.00726640046180776	0.00551477489282763
-0.0739041221126097	0.0603609999663078
0.792765928682774	0.900421934350914
0.286704826130559	0.233439919318654
0.448260824937335	0.431383810567687
0.430473972289756	0.341301961018304
0.217775249549375	0.171805806137541
-0.141932528427644	0.0904758839227264
0.139168842063869	0.142789855084803
-0.0105052271452002	0.00803267714093517
0.325870046029595	0.405924708075885
-0.0416917088667899	0.0395319286987944
0.175071219489278	0.165669399610366
-0.548902754432585	0.737312957741545
-0.193398232161868	0.189929931473339
-0.0743828649621729	0.0515949904765034
-0.503564768486715	0.442310170885215
-0.607311539843124	0.766652023796995
-0.557054857999102	0.75527105953819
-0.442411594721511	0.589371716983611
-0.102928561504627	0.117137011866932
-0.286673419754158	0.346602111637932
-0.193091358616102	0.207428921029492
0.140594841802293	0.13708341628404
0.143369511456775	0.135081874541547
-0.0538288246014193	0.0433210588780596
-0.696594217134165	1.00427167602355
0.236934113688203	0.293524885381335
-0.111423350010748	0.122495473343627
-0.25797952479293	0.349346676075543
-0.495867754426076	0.473033989872524
0.654533711502757	0.834279849473973
0.119363388917977	0.0936504797856309
-0.34022612432532	0.282819215539446
-0.209842511374842	0.127967311579681
0.486851491912235	0.440990673471868
-0.634536949083322	0.405555473563016
0.0177013759359366	0.0113533863816846
-0.0380919833972512	0.0224541964298094
-0.154461989890072	0.182632884394685
-0.361857348306414	0.503386067394747
0.687208520487453	1.00039970249155
-0.38345627896111	0.63921384885375
-0.235111558146918	0.297571911541965
0.33106419162419	0.437240590342711
-0.271873796024437	0.294892129021713
-0.222838517699858	0.176740363563122
-0.333100088808568	0.537964479556118
-0.0602138380819455	0.0530876481035787
0.27873088906755	0.234395862354658
-0.702922306578686	0.835279086623846
-0.622734552164012	0.509948788034912
0.610755824911665	1.12319739791092
0.00497561814460437	0.00591866007817341
-0.27700110301292	0.341430752733477
-0.431443270488521	0.317139167154663
-0.286301911666311	0.15779929322986
-0.679517340468939	0.508232301711905
-0.473182597915922	0.374834813268824
0.211710849436622	0.151040580984121
0.0343707559217057	0.0232403789412808
-0.431108737402302	0.262027885898432
-0.127919958988124	0.0784114030567957
0.337039378026205	0.236123846779177
0.0711693976091348	0.039929817519089
-0.0308342740032032	0.0180352928927656
0.297420096374082	0.247704624477235
-0.239074022866318	0.259743539429896
0.630303546536185	0.869718227571098
0.0554123241229277	0.053211367933117
-0.17373178949987	0.227053666541605
-0.145033133924714	0.171384250276391
0.074455956653407	0.0783294411165897
0.0800792652688611	0.0696785267438802
-0.531113612959491	0.419357591752419
-0.957749485894122	0.950582648305451
-0.672050622204047	0.484416535097541
-0.745395128465394	0.427110184169316
-1.811679024592	1.51565044012801
-0.401652861772005	0.510537306817591
-0.379577006307921	0.313546647206893
-1.14897747883159	1.83741531803516
-0.537575059624279	0.722350973543734
-0.352819935294423	0.621893245572112
-0.176034713659087	0.231779446008119
-0.0385021918440517	0.0329814659424718
-0.125451382227619	0.108827147222256
0.870276524565172	1.23139298311389
-1.75694018333757	2.10161986584681
-0.207294048120152	0.264227770888241
0.283859482981814	0.488758644465206
0.0110583430162974	0.0111598945011399
0.284143146069074	0.139863458446785
1.01452066691914	0.615000535422061
-0.287527498196801	0.158943775366819
-0.37697270623887	0.242211851530677
-0.364662678381597	0.229835550585284
-0.534294590517904	0.424099235430455
-0.48113277109371	0.279835194980333
-1.02629593687174	0.645855692439262
-0.04357453522791	0.031158848287755
0.0234384599271059	0.0158563706538475
-0.182518598568734	0.133042047116497
-0.652163311238902	0.588436303536012
-0.192535824573681	0.112870177605142
0.253466040375243	0.132680389843522
-1.57600782231804	1.96086920848127
-0.341148356265896	0.250449826538714
0.0154706420480259	0.0124467139722065
-1.01607061415151	2.33188554492544
-0.0467720957197873	0.0429613400658804
-0.725563138597989	1.7760375979364
-0.757890034216281	1.84682728338577
0.0881256183842941	0.112896399884712
0.453559435971774	0.558127126165481
-1.14822060058823	1.43441157716716
-0.128769110095955	0.0581751672029834
0.239051639010871	0.133362876391496
-0.787565693594486	0.289664917120335
-0.326601816201689	0.169390120954915
0.320880674381403	0.143293351971833
-0.68121796227499	0.351837394610322
-0.552101900677357	1.12544268572242
0.0136008424629714	0.00901389176194129
-0.759378235325722	1.02924977213612
-0.144666560657071	0.1497762941048
-0.444177944418232	0.489505926891992
-0.0261424350663329	0.0370310088704492
-0.128154292132532	0.199489846817674
-0.275029201339017	0.529395391207126
-0.218597960521461	0.215797840282571
-0.0453965819851723	0.0427103562146732
0.00126113152232331	0.000758652566927603
0.275088148251793	0.133834219662262
-0.243315767119853	0.377299062740266
-0.0431009690287845	0.0668359279669128
-0.297700684638896	0.507140453933947
-1.75291927285331	1.02957299301888
-0.143143879359936	0.0660413510878714
-1.03729786025839	0.637231443306237
0.212670556168159	0.127613405866624
-0.283750294889793	0.158909074970864
-0.549364067607607	0.3695253687546
0.11513068543924	0.135508147801678
-0.266789603451835	0.263879781332528
-0.563471607057048	0.713474812032196
-1.10308670918648	2.10266438916048
0.192114578974058	0.177034631823223
-0.544492772191839	0.667130010621303
-0.0521177429799692	0.0375470057613692
-0.0702844499674987	0.0648478450402157
-0.396865432954146	0.496361158526086
-0.727545035612723	0.98974953927887
-0.188787741375705	0.179136529086338
0.440641385815127	0.508040655905699
-0.450289270013233	0.43472650047814
0.263383049344257	0.243584437515257
0.721020451014142	0.871093916444222
0.497982095818967	0.618520508506279
0.13675554939034	0.125401906103244
0.0315047715764912	0.0264499547493158
-0.441184044041032	0.435172986636518
0.0150502284281367	0.0115338359041903
0.484621363223275	0.594316675326963
0.050737486744529	0.0483553063142727
0.0204977640080111	0.0183302083204652
-0.0873269266501092	0.0785503574534253
-0.74134735641819	1.20782035190993
-0.623965094215896	1.11762363233924
0.443156940508449	0.718937914553316
-0.394966484432284	0.597673858675751
0.234593784137473	0.305230662824925
-0.723469523700893	1.31364276151052
-0.946722318804008	2.08709068723815
-0.217989050117685	0.17822162301733
-0.192908825369187	0.159428629305186
0.731148788828735	0.946046714675164
0.47829654625629	0.731891780724777
-0.231906966490963	0.26878996641131
0.248430060327611	0.278710378629344
0.0140935211322482	0.0140827768480256
-0.0333593562809729	0.0388466622718062
-0.165316366988383	0.194576166737263
-0.250281792326048	0.385350795204222
-0.457041717875131	0.567855872204831
-0.995084631455642	1.50151569017983
-0.216142598381766	0.226307455644346
-0.164002779461586	0.136623660284107
0.397988422285973	0.787877543368624
0.238802357717079	0.34409773379219
-0.511712972197929	0.921662893555789
0.41617001511769	0.580711094656241
0.530578904075414	1.00764214433538
0.106526781318971	0.102057351610957
0.286804307540028	0.346124859244831
-0.155095220837476	0.198383941263874
0.183371890928817	0.226521569166918
0.157597579047014	0.16065461111628
1.12168636897163	2.12847510195099
0.127898102487337	0.111349584757101
0.334140961757655	0.332464346612877
0.0375910898850686	0.0262063859923541
0.54138415346692	0.536707409579636
-0.174788710093393	0.185304592145745
-0.00338316265340677	0.00330853065998581
-0.156356978945456	0.169462053485713
-0.0369218756257882	0.0372218851841018
0.210702135284849	0.261315754561612
-0.117680187525801	0.14775586595821
-0.234112538814053	0.305815896505679
-0.0117816954839839	0.0127373800312363
-0.561662352457542	0.860207719351378
-0.0269232522086537	0.0305408318727686
0.0705731095927282	0.0820457846784166
0.0838956186642139	0.0932432942244597
-0.721023222195542	1.59416423520636
-0.233967774825636	0.273470097145785
-0.0848608502097448	0.091126948991525
-0.451562789717751	0.709767581585375
-0.00490207530760163	0.00299682859255426
-0.711957909233793	0.6484849234324
-0.570672690851598	0.510165231517007
-0.101897910880882	0.093178912301353
-0.384216396404902	0.572214861934982
0.00439895385601622	0.00433148885856482
-0.0980625466479175	0.11120962381107
-0.417153785187464	0.631083170289962
0.0842123836280136	0.103103191452317
0.115534933046167	0.126746079177207
0.140900547962179	0.170335550543349
-0.133365369731467	0.141185519431402
-0.120116253984154	0.151577795180494
0.167789586852966	0.21500566887171
-0.613505022239403	1.01475775285572
-1.07946793312333	3.11695945004013
0.11228837400031	0.152520895420018
-0.40485398374864	0.594155441466933
-0.409639887974398	0.656089965240707
-0.0817664606928867	0.0961889413089374
-0.433577760325744	0.71908157465583
-0.258433272828719	0.268858073268817
0.319098610787332	0.334942351739707
-0.335528335015644	0.331138437802508
-0.427046292162757	0.339736596570711
0.100885334715855	0.0689752452426203
0.589920300700078	0.533436015535331
0.148313049465675	0.13000852509864
-0.0188725510656027	0.0193072300171865
0.000244782956179717	0.000103372527246296
-0.0305922219784484	0.0356706484350321
-0.193946827860511	0.286279794444936
-0.0385364406335394	0.0441189296993169
0.20606124931101	0.327818569068996
-0.0410636434066567	0.0521792440926495
-0.129048482765936	0.19651036139719
-0.167732388797808	0.225308879200524
0.0581192531904157	0.0623586310587043
-0.199631411439248	0.296412154436559
-0.542469936348975	0.765357985877503
-0.112229885981609	0.126569249957977
-0.162715040371852	0.169944490421311
1.89279024610357	1.18483990495355
0.284509147154544	0.141160902369366
-0.377127668075226	0.241553468869816
-0.0345499284604743	0.0321016100943713
0.41298747759468	0.568322533369507
-0.354152930581396	0.524628530029317
-0.383960554066101	0.56157825270595
-0.45693613520472	0.775052217168626
-0.539292678224348	0.581712263960291
-0.561645229726919	0.783370714664772
-0.0479823486837135	0.0614623485890076
-0.353463271132681	0.60773602319583
-0.235088657162159	0.384885049724016
-0.169204829102578	0.235226896285066
-0.359302950641842	0.612319113894574
-0.440847210326623	0.805167177961615
-0.027851494147262	0.0327179536426285
-0.309834394961483	0.556841344937648
-0.191053393090515	0.27989519648736
-0.424685294614305	0.784873492630123
-0.348341104590612	0.685099175703515
-0.293322726726158	0.438425072129772
0.18737984565117	0.221966965800747
0.136372666359441	0.124727890556328
-0.667129470111074	0.687372178846611
0.608127051423365	0.707615989147677
0.0645943128087946	0.0535226807787055
0.199410367270542	0.228078444710083
-0.105981504865073	0.127916789694441
-0.571989314387151	1.05830556981393
-0.0507174415567057	0.0561324304471956
-0.245900513335783	0.375715710762844
-0.129885668704095	0.176640304223282
0.442693342999273	0.937974135087076
-0.191967296694341	0.303690170291325
0.160213113225733	0.244604871043276
-0.129037450347581	0.170043291746088
-0.183448249470463	0.284179970595187
0.268906551299706	0.430640391801455
-0.0850881186054456	0.109717140661432
0.10613087350741	0.150013617055446
-0.154906778734309	0.188515026124614
-0.669754335196045	1.03860838225593
-0.340502190461127	0.464773052186843
0.602129546323637	0.477206688857743
-0.876706210982555	0.590531657223639
1.46349496246194	1.9564056366104
-0.495122416881204	0.510124878137578
-0.987463670271893	1.85594335345601
-0.11240692016173	0.148230273277368
0.192401200624858	0.256458484644039
0.000877880572092731	0.000935113671908052
-0.439682422126351	0.518738242169903
-0.0900080186506791	0.0984116769857518
-0.426017159200754	0.782427445526357
0.008827908409087	0.0116343280466604
-0.658453858292964	1.67947231517143
-0.132297898348016	0.193293094889317
-0.106991862521797	0.136249788136293
-0.397060811899822	0.655893750649568
-0.440381446960624	0.797918092255664
-0.369838434860655	0.626233720448667
-0.679315190630651	1.32493366207582
-0.0255399229090928	0.0219117271784329
0.133997890132556	0.110987313240556
-0.0775769988330846	0.0419237030418891
0.500043810563534	0.526117154068616
0.452724320678129	0.623078294998771
-0.106341441482486	0.103774135972199
-0.110613586132051	0.115568501598957
-0.207145352020385	0.295288860851289
0.478200299301525	0.903504860829874
0.215381000572888	0.281778560905563
-0.0104814691005018	0.0123340685781513
0.0167417848734036	0.0207957040691488
-0.382919478609161	0.824828738457831
-0.261557968619564	0.384808415368388
-0.124050417536427	0.17806481220877
-0.344214590832057	0.531860053860487
0.347329871344749	0.539551180956531
-0.296908272345436	0.492738666152498
-0.0871034631570619	0.0921698237013545
-0.995676077412397	1.65727458795823
-0.51419724432938	0.778090534413336
-0.206769461023814	0.122853023013851
-0.982931993463045	0.900938135297962
0.0934653392461805	0.0588824244331267
0.00219077242687786	0.00167960872147196
0.0214383112144339	0.0216390756448801
0.0791306772243015	0.0805014975382593
0.165410875980262	0.207830228601253
-0.488161747630341	0.666446754302617
0.140437095443339	0.130318959138463
-1.05993288789259	1.81449494796124
-0.0487173082928399	0.0564967832449318
-1.11324613168421	2.91226713000385
-0.307189654047734	0.529154410718903
-0.423261496105233	0.734907646640214
-0.0383591782029839	0.0467817214762023
-0.0422919913760374	0.0491909989786917
-0.40566631758505	0.627193690799243
0.255274176210492	0.38584624947556
-0.501431904466125	0.705002008423614
-0.258024567303944	0.412522411897
-0.564928235123444	0.903741823612067
-0.0731675792250103	0.0711761128507846
-0.203907749858893	0.200022677695618
-0.504202815848347	0.431084184100615
0.283267414323948	0.234290636252272
0.130062002118164	0.11576012922078
0.0345648536363753	0.033722281991543
0.511818518411553	0.747486290223062
0.674037489800742	1.24016679863043
-0.229172315275213	0.305481866276141
0.148817382116353	0.196600668198792
-0.23014603253949	0.372324210378161
-0.305847558750703	0.423755384853025
-0.51692675144844	0.992116538836973
-0.110467231881358	0.135209147593907
-0.390876874486514	0.748260562011521
0.189961559123406	0.230638716636654
-0.477472946545927	0.779827683295864
0.525405990094416	1.00734891294949
-0.364738361384926	0.517794978389763
-0.366940491160219	0.390636113957373
-0.557730015458729	0.891796895052425
0.420815714354766	0.347497426766873
-0.697443900970342	0.548945412308813
-0.0202273954248169	0.0118834371094624
0.184287658428789	0.169517717936303
0.117420007685493	0.123866527403693
-0.24189505737422	0.301627551968856
0.153226261094548	0.162893572748829
0.134120790181033	0.13427186516967
0.273861231142003	0.244359629695935
-0.762641399883298	0.920711925280063
-0.605645476708878	1.06086414589569
0.100904207320818	0.127829956290694
-0.226663824482087	0.303551172912887
-0.212362220324456	0.27891856593916
-0.724319249821133	1.45042505491005
0.106676512677038	0.108726298033385
0.241896195947641	0.246835260800442
-0.52365268531731	0.407279477713784
-1.34237579545759	0.647789639554633
-0.175762201771741	0.0741474119832429
-0.306313785783462	0.426292432100283
-0.275393155540746	0.358330510689105
-0.290079624430951	0.470618552004597
-0.321167976497743	0.397983754869262
0.132584702964519	0.122056634982809
-0.806921500458057	1.04901158273049
-0.729339093789643	0.760640192815878
0.0300775344142076	0.0252557872072772
-0.242519090946495	0.304487939641321
0.544853102176461	0.923382310509451
0.0691288775523574	0.0708678458786049
0.532819194018661	0.917605613335615
0.526401836752608	0.94294605916235
0.164652822813673	0.248739129777845
0.163959012532372	0.209984077143012
-0.334779126681477	0.541496162823085
-0.687811716112434	1.68478027904739
-0.447838048873708	0.880713811193825
-0.460223607584322	0.849338734330449
0.293700249186141	0.385065743226823
-0.289532003695165	0.480734563127039
-0.539859663646746	0.78365760672912
0.72846377599609	1.1983077598739
-0.586645323367111	0.770935462794483
0.309595630456771	0.244198859998107
-0.0977467789476638	0.0498741923551341
-0.461588019661675	0.359624099008854
-0.319442943124837	0.344363316183645
-0.0580648904618724	0.0572398926418755
-0.0452238052751394	0.0463007115930387
0.15725501301323	0.177468159900956
0.676182136915248	1.0667206765992
0.081224535817271	0.0676668739099367
-0.00984899844671797	0.0095642736331461
-0.519501298970158	1.04204855596378
-0.873839928060494	2.21286760874066
-0.881559112782971	1.96918366596719
0.0711876411923706	0.0832732683204114
-0.253117837176468	0.323490171854993
0.31577239710018	0.411984374783706
0.240101133936655	0.263354016563643
-0.150218816312945	0.109213327638426
0.195136858875288	0.193617603113187
-0.390263912105672	0.185738373239364
-1.34736073002974	0.664593533413017
-0.179854033728276	0.209943339249255
-0.0594542028768076	0.0705172442652219
0.111399250635164	0.137509733745512
-0.329799374523862	0.394838435312406
0.0940947848731257	0.082188070017146
-0.536984344578069	0.5079566764608
0.123156707256481	0.0997586394826991
0.144159647934986	0.142553042092502
-0.0899991168544174	0.0878466900880507
-1.02258271557933	2.36616945994777
-0.298599452159153	0.418479875184545
-0.124492896422828	0.138407355844744
-0.452445162129854	0.7685972368416
-0.138158564048537	0.195636035270429
-0.0414918368222595	0.0497129087706846
0.0974595833564079	0.135970977006647
-0.191325045642576	0.274442030050952
-0.0244577205081395	0.0297210802001389
0.0670759091583531	0.084504330527943
-0.115942773288542	0.143203334226289
0.0768550341226498	0.0889638695526038
0.229056300920124	0.281540309088117
-0.137432157439862	0.150212845219498
-0.168396078186253	0.157246790278763
0.290601425454925	0.242300346798114
-0.0935624429326214	0.0480925870004919
0.441020564833446	0.345452578158755
-0.305763154213113	0.350087855315446
-0.353361794319793	0.492711744250863
-0.69915160662877	1.0852945992497
0.0784423485160825	0.0863334325215407
0.299806486653308	0.352920831129892
0.51457980689389	0.674508191468542
-0.342090524114067	0.386520793905873
-0.33269643857381	0.484171333178056
-0.697072595668775	1.41736486879839
-0.456516559363072	0.777153586541751
-0.559886821929205	1.00841512692048
-0.198271073807492	0.269047407226877
-0.218091631383632	0.272101860337857
0.247048573504951	0.345294454593106
-0.0901168556730059	0.104096491412931
0.209949140334799	0.299862200270868
-1.00177046326607	2.04809757255426
-0.337586667432234	0.433060553968168
-0.388937824221938	0.354325460449929
-0.100685673985843	0.0797261832997024
-0.58780009521887	0.235016322261724
-0.334180169061378	0.42018640017356
-0.344377475434433	0.466117923714378
-0.0413860014610861	0.0477656560564572
-1.03263623973237	2.22353683431835
-0.144017331809015	0.0929223767141163
-0.184852449808186	0.169961086298892
0.401149826284634	0.563751743025936
-0.0705436221339553	0.0631973666932428
-0.0394726421397975	0.04056400546948
0.171740602268157	0.202202571581461
0.366714029453721	0.580253858989777
-0.224560224509136	0.3528302272571
-0.356022670068265	0.616965221417764
-0.303916551034932	0.52730690917562
0.246595723828627	0.379684421974213
0.227532896412974	0.362402802123523
0.158648568448785	0.189929922848247
-0.57233470138255	1.00534498484926
0.412116242835154	0.603569234871135
-0.807290129406605	1.27581853305764
-0.232667735687866	0.23756763648787
-1.36187262533084	3.24437093535246
0.109096686142626	0.0740948737564542
0.062607000279208	0.0310789075625238
0.492479289813348	0.44000424547515
-0.742964054103171	0.941920258793047
-0.362985967465712	0.528773188526929
0.115801479905594	0.131825025826751
0.671272995912977	1.13605565575279
-0.190547201074788	0.221422598065932
-0.0786297772671836	0.0692820888936108
-0.14827487346254	0.159474474891913
-0.59697920879932	1.03032109376283
0.191772972031078	0.257272943297983
-0.169977669607668	0.230154047795702
-0.20796906638188	0.280527609557275
-0.119506143539824	0.159360658357195
-0.0676935152454037	0.0820057864024564
-0.234239105309243	0.317200401609131
0.588208783549704	1.12913692689583
0.323656195188626	0.470781806530512
0.247132873695638	0.326368391664226
-0.0213498658470108	0.0204205542196806
0.628276465605953	0.890108416484939
-0.231600202326628	0.333053232541891
-0.363787230515002	0.362378156926477
-0.434216235847913	0.379713240281925
0.0177417241158856	0.0120033758301444
-1.33699904295662	0.637042497458173
-0.637197490123101	1.09792781846875
-0.174763619189089	0.203101298979595
0.347112589936607	0.418954548715668
0.617711491832327	1.16935119799736
0.0723097444429467	0.0867305693279144
-0.27757507849876	0.405700139698181
0.00483120640401726	0.00591549647785097
-0.0935226459536648	0.124002602661624
-0.196882985049138	0.329430183771245
-0.452603942107751	0.819450507530257
-0.491336456464633	0.889558303235797
-0.20387183431538	0.291608085204079
0.260271450130255	0.336749435427248
-0.813061215533375	1.49963375716003
-0.551986475569321	0.744701225819442
0.0214196889816647	0.0143650741066004
0.0658945161474645	0.0306396387351061
1.34927423567179	1.39906669080955
-0.745310800293282	0.919459457349754
-0.360582793270349	0.52044308025978
0.335312471141023	0.464093112798132
0.593131225089868	1.13203692787892
0.286433637687818	0.336694427380678
0.129676219874533	0.104769614921656
0.496355766967588	0.659810709162573
0.00790752856293668	0.00905266150350927
-0.336682868005072	0.513162692464237
-0.349813448733916	0.548397459305894
-0.106364194351934	0.131686795231111
-0.0778235684342038	0.0991235620770002
-0.106421288854247	0.130969780833523
0.121085337722022	0.13493814208162
-0.184401909649211	0.24863017887792
0.335225419011791	0.506463639257622
-0.350964208419666	0.580011449166684
-0.471987567912628	0.741867237504662
-0.0359661731215441	0.030947495460404
-0.189059433063134	0.261359992327338
0.241343699289715	0.306131181563837
-0.140254146872363	0.103769403775028
-0.719752516542997	0.746154677706029
-0.421522923040184	0.411154751370782
-0.78887005959921	0.288417089212359
-0.540644650548468	0.699473604571407
-0.264078048946606	0.365636010185585
-0.0524300496504997	0.048670805457576
-0.0410022179317376	0.0403194997146779
0.348982814471364	0.510345542453161
-0.663057403894614	1.36961180875544
0.339654999648858	0.484893028273057
0.180405618458163	0.255073900858986
-0.368232639292034	0.638973046560274
0.395524255818612	0.701671459081163
0.0823183550388584	0.0930434957371397
-0.740731608795822	1.33548646368067
0.00325443284275393	0.00326396308976243
0.0815759045304632	0.0762998700227766
-1.19125673889468	2.15392876076621
-0.470006402469128	0.645885894932658
-0.990841374842527	0.819510806514469
1.56940417309723	1.32196491116956
-1.13419711431884	0.909599191972818
0.0485698281117298	0.0359557862707997
-0.372836371391816	0.502902363737702
0.0554351473742388	0.0576001512706581
0.453977679289161	0.737567135642928
-0.247836213133731	0.307254451129405
0.0175565471201642	0.0144313175801172
-0.303909816496698	0.333272225884654
-0.569532677848216	1.00607022250206
0.309946999859989	0.431415640210125
-0.199758427941368	0.259097071150709
-0.189866417636863	0.226345636741742
-0.195037505874604	0.258486553561232
-0.358437126285883	0.506577520642697
-0.205073617645872	0.238434130471576
0.438463181396787	0.689290060675029
-0.174738257383116	0.17825591977668
-0.333894436432823	0.374839932019498
-0.406273634672424	0.619162172823782
-0.366412840009005	0.390016435645304
-0.59684072056182	0.463546552131792
-0.613707415642645	0.591278486033289
-1.09754551341434	0.468102555352231
-0.31673316591097	0.440894036842091
-0.413004097157503	0.579912773761696
-0.0849374230637379	0.092487437553035
0.45103439825062	0.873036271329573
0.252535891136399	0.444942421025655
-0.206890311157452	0.299840917177281
0.221519997533824	0.333053151138562
-0.314103980342101	0.54877707631033
0.173395225029618	0.245461444961845
-0.355103333392131	0.643234879196008
-0.10175262623801	0.117548184645885
-0.330588838829255	0.575548737326663
-0.132714540811897	0.164196292339572
-0.908714617053474	1.65654811833816
-0.936202215648902	1.72869617127766
0.0343106164666184	0.0237228736246383
1.78425419056859	1.79532243273761
-0.033860373548246	0.019550156865271
0.236175881497737	0.271746462267889
-0.162913297047175	0.186411891133522
-0.518086000836516	0.866734380616331
-0.00706530621497565	0.00780439324347843
0.327097184583948	0.463170933012737
0.028930699997132	0.0244275532441427
-0.177255700344486	0.202877105939189
0.233084146279441	0.36189512928871
-0.0394224756007665	0.0452027610695562
-0.191535915367708	0.248421647966256
-0.0242850224634928	0.0280695132809472
-0.079292522220773	0.101373226145222
-0.210062051234225	0.296098950965205
0.0855525502965801	0.0897435238278214
-0.25710410643987	0.283413976996619
-0.367594688682071	0.606651063317944
-0.315661525602923	0.530884470124565
-0.165913316516089	0.189764255656474
0.0278452347551059	0.0286661323005359
-0.323351015512153	0.457235495910514
-0.425196357164766	0.610984339411879
0.0587734776777555	0.0707745563436737
0.139660966747881	0.178172127447032
-0.117013282553631	0.155275599269962
-0.175151103982488	0.241823952008072
0.692550710272542	1.42591335446554
0.15795398873323	0.250950672690521
-0.439746859215423	0.845775095889825
-0.162591012997159	0.240509521271903
0.000879833666245564	0.00112334596765162
-0.0628056752042047	0.0765929613142635
-0.887376601445697	2.28602082690622
-0.338233336139324	0.536999530481535
0.0743247061365524	0.0696683735181852
-0.366168088526465	0.520626022994399
0.365277325340713	0.23935744703649
0.566735697202872	0.475390044030955
0.733181455971143	0.876607675855945
-0.124598214543389	0.114018699580039
0.00276354246691011	0.00256747504641979
-0.299042643481809	0.448524835756193
0.828033581857101	1.81977204056589
0.0267127045875626	0.0258855669656026
-0.421237479830625	0.535266794039163
0.448422954891274	0.687978672473964
0.0317177306106062	0.0366702455807854
-0.23156050336721	0.334440218258714
-0.472861247786655	0.838277493555816
0.421656673207948	0.657119751668494
-0.330820843782095	0.491974205059346
0.106627263075694	0.111690780296041
0.817004563109101	1.421731496131
-0.694974524891426	1.44607744533078
-1.28119174015251	1.88465685916593
-0.392844393513384	0.379503182743294
-0.438029719500238	0.781582871239442
0.05459146124007	0.0527957539544329
-0.0541230131209752	0.0504825408277281
-0.121103526708315	0.125218758120339
-0.347023146386208	0.434886174880909
0.221053823052488	0.292566900615735
0.32266159523942	0.533965203629272
0.421529406727858	0.713902425380949
0.0898037071921174	0.114581389383316
0.336549460510965	0.615682388189592
0.329262876411452	0.578258835703768
0.0937272958963272	0.133944709934475
-0.656980194775105	1.42780611573752
-0.23663051971188	0.422528596505417
0.137434400823617	0.180015587864489
0.215188378952209	0.319396045102871
0.0398958875637755	0.0476225705767499
-0.176822871929611	0.217207395583102
-0.0432505302937883	0.0408169379640316
-0.441780837663887	0.719480752462222
-0.484840839384696	0.330990272212432
-0.423721769962227	0.34736972766953
1.62866865600916	1.94481343448963
0.0461150704834132	0.0417025388739754
0.0750431652662147	0.0827756893164526
0.106979741576069	0.135054533458805
-0.274730715824116	0.361453892875539
0.392588135803623	0.653610676212032
-0.00415437314258461	0.0031573019860269
-0.105888140643121	0.111995440746652
-0.128954529034999	0.182915720421895
0.352859366219309	0.582936395069689
-0.260333316180445	0.477257842414054
-0.0565329821044877	0.072230351231941
-0.189957757474973	0.283280212957386
-0.0393080761668232	0.0458994579311263
-0.191668352988916	0.279152386480722
-0.00516270440848519	0.00575635592305566
0.0778944421588887	0.0930200445621491
0.183566347049663	0.238716439744829
-0.411553777259757	0.628856929600503
-0.165847464842441	0.180446886704546
-0.466552048800598	0.896434599525042
-0.808726939863786	1.39304208813065
-0.104565248199067	0.0825233269538336
-0.46985193944936	0.583893663563932
-0.457141185112503	0.529674256410043
-0.681212693958121	0.350283301850981
-0.434596161173081	0.723373240520548
-0.186951089867702	0.201016240538964
-0.194255493528842	0.17926685107373
-0.270736925500075	0.213016746234159
-1.18400017732379	1.33570378448987
-0.797323913862454	0.931126930685694
0.651000935070071	1.05165074539874
-0.128178755744114	0.133533924353563
0.466062791523195	0.596168640809395
-0.295453684449967	0.439502263367235
0.00229124205012582	0.00265443503487738
-0.0880628878606926	0.114273722874622
-0.00507092926777282	0.00612986541477875
0.334308995192461	0.578655272873898
0.196217460886648	0.297071332551242
0.404584218873072	0.796488942013435
0.100434999734738	0.139037703792607
-0.303768722115889	0.483345621414572
0.107591693580656	0.127803929273171
-0.299127260788713	0.509795282723654
-0.693412696866171	1.45670683211322
-0.279887337472659	0.347581618821759
-0.957861013307809	1.94067136029216
-0.061658584640864	0.0418382616021208
-0.0348481421756843	0.0205303576743938
-0.726439977198549	0.754881318730806
-0.394418441590159	0.415536042368941
-0.5448843042279	0.974658676560102
-0.236948880476249	0.285625830198121
-0.523120087872738	0.822952061598349
0.0309284027716896	0.0294376067417202
1.36184096458626	1.86927190595872
0.191672270503762	0.181952457480349
-0.245095167081877	0.334533565893909
0.193046002689189	0.256497427725631
-0.322591805324701	0.553417253704641
-0.302341032609412	0.464962762025772
-0.177809844069854	0.233186116121654
0.214305617737271	0.321735588325929
-0.469973132894179	0.916512657336735
-0.395112468924623	0.716965591811108
-0.452424596463418	0.705295765871897
-0.808556075023425	1.18555643853759
-0.0250823203312661	0.0266983097397173
0.462047686571976	0.630924032210263
0.639806217171476	0.789512450021671
-0.864302978361878	0.929161153627996
0.439214603609375	0.476650653108793
-0.246881769897929	0.409660632912741
-0.488263374997747	0.799428825874172
-0.500239356177779	0.745477706311941
-0.9911559423496	1.44986635279882
-0.133242178362016	0.111012599898672
-0.372948901214954	0.307233893430365
-0.151008114618947	0.140230017272186
-0.415915618409235	0.536139938099256
-0.24061881330099	0.344144643906296
-0.24523597123563	0.331619493030618
-0.109654860392069	0.122840939220237
0.442642605015386	0.72344716610013
0.22119574901854	0.325507818979617
-0.410074653535641	0.774714478285953
-0.359267106668554	0.737599089770101
-0.302727117254404	0.56409557458066
0.461270814460512	0.981858506128172
-0.0194536170554096	0.0269153268610108
-0.147085810737418	0.197545771626675
0.0512786395821407	0.0577123000134209
0.0540902252810022	0.0726342000286233
-0.111175179897116	0.12738890468801
0.0694971619177251	0.0726686006915209
-0.971902191567992	1.95599113862819
0.688302296968525	0.489931525898892
0.226706118059872	0.124270772596014
0.286268176180504	0.245872519675229
0.0350554564986039	0.0312309619085053
0.0551350708912575	0.0629716959401453
-0.411093772424213	0.700039897702668
-0.138011219723974	0.174075076863423
-0.160718377057028	0.189540286307913
-0.155250750090838	0.145162030698429
0.410355233638686	0.588364319718724
-0.311382715188423	0.514788586420052
-0.518696379316975	1.13469333783289
0.167739369377004	0.252749982526695
-0.503049897164574	1.01455115953048
-0.200461198702719	0.285655513806002
-0.0903424381317878	0.107895164311859
-0.128058846746204	0.185901689649091
-0.537257705379161	1.14048225806966
-0.383912922754655	0.566279264510865
-0.136414872865331	0.165102834585836
-0.0790819691499999	0.0861954111624877
0.0702876502807076	0.0891355808357394
-0.263545062623721	0.37916837215413
-0.438895486668952	0.474544066520664
-0.454294510176639	0.392514008569176
-0.302766543611498	0.245964231468912
-0.278031292162365	0.46591455819275
-0.590452242534011	1.00330646069536
-0.157869979008596	0.159748082983582
-0.0535453139124139	0.0416334094889651
0.129896620760745	0.117167903280565
-0.0987732956238331	0.105375995030387
-0.33940911635567	0.446657914430976
-0.0690904326621565	0.0852529900203493
-0.183856963508669	0.263679598465587
-0.122876488361792	0.154592538002405
0.252687382691703	0.377328727054404
0.162655629346204	0.252006286722564
0.195375722616621	0.313779202473732
0.388842170890575	0.776713510661072
-0.184817266074155	0.285848495199202
0.112530617638436	0.172809867911524
-0.0562608485249643	0.076150425255441
-0.348254005367628	0.543781813367198
0.120638003262967	0.168670105365364
-0.13675585085055	0.182968521433413
0.513337907786787	0.930501361569882
-0.452451331298979	0.703408798819047
-0.134806844272401	0.10002654491835
0.208301073414087	0.150825764845858
-0.197147947124359	0.139329025867543
-0.0626072406756704	0.0572423462905284
-0.260717175872432	0.389199736117347
0.698448596974653	1.43934546313932
-0.0235258563768479	0.0255103397059742
-0.247741017613714	0.287796538279455
-0.216984197111762	0.233027851724486
-0.342102873675273	0.483338994928651
0.000370477279776123	0.000466592676392155
-0.422081414599459	0.84818855216971
-0.28072220050596	0.469099423550084
-0.088963275712255	0.122143192855397
-0.27087319196319	0.447404027400392
0.218816168923816	0.299295293765731
-0.0156125905621567	0.0137271217200964
-0.20185521682442	0.310116297867612
-0.0201096739016588	0.019629895097578
-0.310106579798878	0.430002033761599
-0.036006577714764	0.0428988061602388
-0.484994688160278	0.490011517247143
-0.395674046976073	0.605153323016445
0.345783670670545	0.549997976680491
-0.629600392453357	1.14030231970512
0.156032265901182	0.200265682331021
0.037122170887982	0.0491790816454286
0.627567845538201	1.3399796559902
0.080848838897591	0.103837414500725
-0.128865730529393	0.176059590636446
-0.0735962714333813	0.10428487544761
0.156680794567991	0.207636159410623
0.0936676834693655	0.11328525505447
0.325658338389416	0.618925966232388
-0.758045735248513	1.54176431943173
-0.116993144681079	0.111119926521196
0.184624655516353	0.219364093121479
-0.379683856140333	0.30992997518722
-0.453991837226365	0.556976492474566
0.0111104297217754	0.0113860899519671
-0.191603839641225	0.246296587468777
-0.362789979592363	0.587530883408387
0.140493884551948	0.16261676232656
0.0549184905154663	0.0540935388051889
0.665115253525053	1.27114866991524
-0.29797270480818	0.458510054060262
-0.321835711115051	0.492963661369327
-0.607620797846262	1.30553571450867
-0.141515846020025	0.177815382205504
-0.21513307065512	0.332988015800518
-0.147157484940091	0.17440529823327
-0.427243808628319	0.558434582845164
-0.248759315912988	0.375443675091091
-0.27312620445667	0.338263016887785
-0.227783056203041	0.293128191479521
0.0781673243281798	0.0776055479025959
-0.120323585504223	0.149301314275392
0.515619980072681	0.929625045185673
0.601704992069504	1.03788771100175
-0.109146428715158	0.157360571689535
-0.143067147059968	0.207607161662361
0.0929310680209217	0.13302275526666
0.308951360379398	0.543664862430087
-0.537714642090469	1.28004572773644
0.361892057132701	0.594669393194154
-0.620224604223493	1.24369884496126
-0.366565401196673	0.684499295859135
0.105686683247516	0.118781535790804
0.230035896966475	0.288441984235353
-0.400335254567041	0.666042545223735
0.301762359783577	0.239597312492659
-0.459932395103013	0.197995561407642
-0.44649060063672	0.721811356045528
-0.151479738641228	0.179745115059563
-0.0804339834999336	0.0717156891602434
-0.20898499423586	0.266777277582374
-0.153896344593251	0.234352748490197
-0.0716920202382212	0.0847394893360074
-0.141622374603099	0.19784717996318
-0.187462593925162	0.229353059226012
-0.234127648792128	0.351759953804921
-0.255216215820939	0.400968637473602
0.114418240231638	0.131730562095961
-0.0558459543585398	0.0554637307031879
-0.0371053967757572	0.0369639922035692
0.428216493176466	0.745806104823252
0.71472760833327	1.78971566520299
0.372724854095516	0.761112155460269
0.265179195345718	0.490162545504908
-0.153407717875118	0.208647352438875
0.0376524210944935	0.0521469854292432
0.0313566109772973	0.0363134190751249
-0.0060252894050585	0.00670981805295742
-0.0979038050872508	0.127807067207997
-0.138120621083633	0.162801375897156
-0.830258301038703	1.57362764821963
-0.318956016409257	0.415735079876566
-0.866970844073825	0.886735306550268
-0.266227658600419	0.231176739182013
-0.213643873715253	0.238894465151009
-0.49541552999274	1.0295904930222
-0.124665855450109	0.170314457200025
-0.122836773695579	0.165691969093507
-0.34379535593553	0.31103035432887
-0.129705891198793	0.170119746723101
0.0399740998301404	0.0411817847104726
-0.433261335929446	0.722074849514055
-0.313212892633529	0.339649219781712
0.415685416071957	0.634815743287078
0.00506700399099438	0.00485455730092876
-0.451064346945681	0.799230190317439
-0.561115287126113	0.927443955714487
0.0246804455421401	0.0275941882626426
0.376654389736891	0.707081644062554
0.26089410750434	0.400134634358575
0.119035516235005	0.157517663060553
-0.12238486778045	0.163950699590444
-0.0201503584508882	0.0217070504041615
-0.190074938814801	0.295544782853682
-0.108161030303167	0.112739106423565
-0.268672435907928	0.329765924307143
0.239357190209195	0.260899736649884
-0.15763370628015	0.174764736556582
-0.251384321204951	0.325355149899085
-0.39076536281346	0.617690366674189
-0.162407576724607	0.203457196346553
-0.386311089026304	0.467068500107516
-0.127220176003254	0.123677491832304
-0.7336492287643	1.15153103014647
-0.368845696848379	0.473504149242308
-0.254838832609559	0.299448169226846
0.0161781682933281	0.0156776930677065
0.123872178408814	0.116293952360015
-0.0593333194130309	0.0545239959454294
-0.257453647324203	0.244549508964835
-0.350001399898955	0.468021825114167
0.281071995001776	0.342719776713599
0.202003751629959	0.226825044628118
-0.468912705591029	0.677336258773498
-0.138341313191527	0.127350051855322
0.430195272535989	0.588150839889163
-0.423571617839381	0.742535740362804
0.12536658887221	0.172073749015641
0.247035324912599	0.271212710174046
0.0116049101515314	0.0125378749151347
0.478506077654069	0.815684479498693
0.0970144090066826	0.111300941158998
-0.671143213953045	1.0175631911881
-0.632626577458513	0.555623399763317
-0.399299502541672	0.353959636908873
-0.0309979411546021	0.0255457885994538
-0.230195339195054	0.275920693908767
-0.198772118522231	0.204461259990543
0.339443211388541	0.530408699779078
0.587225815586932	1.19059279787427
-0.619044934108621	1.3602808264287
-0.493030169633341	0.869947632970266
-0.229773651293969	0.346885568013094
-0.640530330574272	1.40707964634916
0.0960288991439902	0.115656636339672
-0.137079614221754	0.160976966187684
-0.632605063348923	1.08070121336767
0.62948087068072	1.13896011932695
0.0627262423811023	0.065975743679237
-0.276134774515053	0.472024069985984
0.0176624944558527	0.018728575917262
0.136853917021955	0.182905521600062
-0.0556764778896148	0.0684092760827459
-0.157078924793455	0.228411858144414
-0.369121778765356	0.617340266608912
-0.202864461434794	0.265306779186389
-0.515301148161972	0.908650314382383
-0.161248738363509	0.188527677207292
-0.410880515614129	0.695777821324444
-0.059172486831162	0.0586132067572614
-0.145998707423349	0.124842603641031
-0.3153888480284	0.400513255780684
-0.425156858846757	0.305169630751205
-1.69193646138245	1.9055890979029
-0.438665695219438	0.442814816472807
-0.13835924009717	0.129619522087733
-0.789240630051381	0.946411966833004
-0.475374963423153	0.821394026486775
0.4061333723338	0.771935646548769
-0.419199919608389	0.894114107803278
-0.20517814577408	0.283342157680056
-0.318092646452664	0.555764139639008
-0.190831009214289	0.265069099125366
-0.0898192036993096	0.113478171774299
-0.090735491976787	0.126900523367804
0.0591421976300133	0.073263999733293
0.170844832388031	0.249578140441948
0.680083757123423	1.3958033626368
-0.539519855355307	0.959253725401565
-0.154341002073111	0.225457313251375
-0.12847906194747	0.157090049627292
-0.416832983356646	0.540282201750529
-1.37932672028507	2.55775447738124
-0.167789544921595	0.181657589434361
-0.115231804585679	0.14152865946954
-0.424862556191542	0.744078078072545
0.278770594106746	0.368103181376636
-0.301717646748869	0.528339349391418
0.0647132356202642	0.0820083097169536
-0.230708566753819	0.377992091476901
-0.484193300684736	1.05725575143815
0.445314748779879	0.811531324852742
-0.571783466922049	0.989233518876118
0.527650384170157	1.19023481621305
0.13484038105694	0.156369072944779
-0.668440553994118	1.20676230122265
-0.283870421864708	0.352953519341462
-0.789214100405265	0.688609484074461
-0.464852548975507	0.200689182347478
-0.383224560993486	0.188401049063575
-0.231639024487415	0.15840314847243
-0.88167126209949	0.757538919416054
-0.357435989690771	0.355304697251377
0.0175145353344824	0.0139323872275617
-0.17352865515364	0.145323360987184
-0.0175086425142909	0.0219576039239047
-0.388684639845736	0.742351065191004
0.0468234583041329	0.0596176650080814
-0.476510375759964	0.840739480589221
0.183288589683657	0.282030373778137
0.00823145330472674	0.010036484856545
-0.742628837276792	1.78565286240323
-0.132344834711301	0.198560229208255
-0.136783237239525	0.184126746363166
-0.0568265691086609	0.0670950061785292
-0.173646527357734	0.236419330801568
0.669132209688079	1.48260039715159
0.184154209208985	0.236240209382227
-0.405469514318891	0.68291202909959
-0.318695909742439	0.489038184268676
-0.321566348799407	0.460235871384317
-0.226850205663748	0.239906855740164
-0.527945279715319	0.678438947179285
-0.00676641673835163	0.0059579859411274
-0.240665774458756	0.298375201845187
0.256529087349068	0.358451287590536
0.0188679982867204	0.0210418474587235
0.0270783570784978	0.0301625881077063
-0.0276542858369987	0.0325661507681817
-0.174907889151006	0.247891281342921
-0.37823917353558	0.740499211357709
-0.187842270082484	0.267139654236913
-0.0309573028556706	0.0341564721163256
0.0503818223079802	0.0635068649377125
-0.196078218247363	0.243231704619587
-0.203482453967003	0.253739611529787
-0.540558013628443	0.837682451464415
-0.0810320843497271	0.0433011223160555
-0.116942117545746	0.0777595968205333
-0.0116127842318265	0.00705705615459642
0.471159003745145	0.437602430251164
-0.693051387610074	1.10245280358545
-0.413075056332063	0.586957675792991
-0.976165299493417	1.65310353932519
-0.210373378780392	0.311540431392028
-0.0782132989706078	0.0940907187275611
0.261616146214811	0.392978535360254
-0.14262458638381	0.187788726747381
-0.412609585619324	0.681110342759847
-0.0997477373890308	0.126962850846123
-0.37961174794238	0.679050888010992
-0.0315832023473582	0.0375770246425491
-0.258466938525696	0.376858370347892
-0.390621523119469	0.664169363398732
-0.163890886821492	0.199766016321922
0.0133508945623612	0.0151035464573431
0.614546377318276	1.21475102957283
-0.22331282895131	0.292785136505984
-0.059552734882817	0.0708370642554465
-0.0560012110665511	0.066219899122486
-0.411561643918346	0.59613463432472
-0.290381180875383	0.46213800478979
-0.229179692940187	0.256419092037215
-0.102162051976303	0.0915474818567779
-0.231952397526846	0.278332902104674
-0.000165970752296459	0.0000263520365942044
0.259142183298039	0.260649583534837
0.15180965163605	0.177014275209575
0.00871600976430774	0.00864136127603855
-0.574869533667923	0.970092780463573
-0.053168525500236	0.0701860060423061
-0.481869344867755	0.923686767010173
-0.243554717680179	0.379626030296639
-0.549237613567738	1.09483744343398
-0.465707454836821	0.752719028242603
0.19764997704899	0.265049682880667
-0.169676121302756	0.24675154636978
-0.351789402645749	0.294099379943766
-0.414151523204638	0.60762111541968
-0.259302338992613	0.396287891221466
-0.323948232937368	0.513199986767252
-0.0678617484725265	0.0723465081565601
-0.66865770249986	1.41900757465675
-0.174154406280438	0.252780350471788
-0.198062373120524	0.207889816109153
0.0839280096390094	0.076638637746217
0.258548781532353	0.261128622187908
0.196142212529207	0.144671157727429
-0.55118263179993	0.62618376721008
-0.288424508634261	0.492746001736407
-0.552888775335175	0.73000675138265
0.74296198513183	1.13887516328335
-0.175946258286871	0.1458105779283
0.513624506799312	0.670920265816957
-0.152531406310533	0.127209975879233
-0.727653892222273	1.05711406720846
0.0241665724548078	0.020364377348966
0.223052773187101	0.266238828806499
-0.156418447931193	0.126644520533791
0.174098923664821	0.155886912028273
-0.189815687512011	0.236109815822996
-0.14109686324399	0.132045289948344
0.334528816151377	0.391658144848661
1.24839877894166	2.14633795344862
-1.30295460724613	1.65598208449716
-0.241876426515815	0.167561919545561
-0.138446139597688	0.102913309620635
-0.185379691253849	0.148524361831177
-0.535337067258898	1.02295697012737
-0.0444483885066117	0.0561719638638928
-0.47255839229396	0.496445284667774
-0.205934090300771	0.262947610891886
-0.354958439921046	0.563480080341422
-0.330176150002887	0.676431767576535
-0.310213280434084	0.496577340315465
-0.133349499536304	0.179290474828739
-0.869850125206953	2.46374271539591
-0.222879632327032	0.180545342028069
-0.626183140256879	0.539262481718349
0.116805771368636	0.0861023889098528
0.683488159990724	0.488600944915784
-0.634132190810904	0.579423251050323
-0.145549676465683	0.21167242968512
0.385157266632491	0.411185541313902
-1.42991491373441	1.77771815122472
0.10816961882305	0.070956748001457
-1.05752965014455	1.30234308547888
-0.229804561013272	0.207781952872086
0.0259422472797082	0.0191924619836785
-0.280298032099831	0.290270858706903
-0.846492513113293	1.24880367291936
0.0253719870806982	0.0176732654971449
-0.638993267796159	0.565833980481686
-0.606740474292005	0.716236662192249
-0.655473372769208	1.35381009753046
-0.723311242286086	1.73515631669503
-0.00306361959550482	0.00335540197119996
-0.0507396686716587	0.0654668352772346
-0.235439426830925	0.359000667605707
-0.155440167424943	0.21428893867007
-0.396185906162298	0.58171397586332
0.130755511085665	0.123395282524229
0.488994033493557	0.515687688840365
-0.0172884742408524	0.0126621543988044
-0.414518728290102	0.36778687567903
-0.078760598443207	0.0431716969904575
0.0891777044772736	0.0562483859566095
-0.467115258523204	0.374249207331707
-0.701484933461231	0.619837299964872
-0.305009870178785	0.394791059302587
-0.395011568259509	0.736826783710083
0.0307753120206505	0.0221964929951082
-0.258410564783037	0.269971611816957
-0.224519565697398	0.354172028344589
-0.354764160564958	0.508759882344066
-0.0905153137178504	0.121020817184322
0.587695828891124	0.70675261233644
0.0430138365094674	0.0310807738356966
0.122951856238087	0.096577995630414
-0.372876936542167	0.275589863505524
0.271324482140229	0.242829025456533
-0.1514669978395	0.193469423226652
-0.236960293403312	0.207150507520881
-0.0711771646614128	0.0491645377673952
0.758163007627508	0.822019923590389
-0.0573966254420387	0.0399895263789434
1.08896197024436	1.41187781308522
0.451297252890228	0.493571644301504
0.262396957843066	0.241999391645431
-0.101068526854286	0.0979231826053099
0.336074255780236	0.331753409131207
-0.237951794230125	0.208936899859348
-0.600200589472175	0.59405710116028
0.00177552530949924	0.00104576177137171
0.724778576067341	0.881036585256268
0.785127553715605	1.1666496705934
0.589924537701705	0.973427713737647
-0.279403182031311	0.324991713121853
0.0609570570456095	0.0612878779912495
0.194666759823675	0.244252584067255
0.406879071366458	0.622315702009187
0.591579903008944	1.0730121809938
0.0157375173487197	0.0140795840156928
-0.416619036433754	0.463178262965628
-0.665673600726787	0.635449707071758
-0.345851817151336	0.282373576493592
-0.956203006096589	1.19569896973469
-0.809132900535351	1.54669798437057
-0.427952591524639	0.515282746012269
-0.19130263726235	0.19005474260307
-0.267314707392412	0.309812713383758
-0.29455941580161	0.403221937143091
0.428781680111679	0.641304213389649
-0.28756313651062	0.315258224972647
-0.0584426548817774	0.0482287512790807
-0.163982769230322	0.151154984156488
-0.163695051047952	0.137883982904877
-0.530963784642902	0.761660831134459
-0.172705622307023	0.239393280166466
-0.340445717444347	0.388663375704944
0.301073719108214	0.325412116428287
0.045264817453961	0.0316858170780569
0.119364849785471	0.099941287727499
1.06039070573654	1.67744414468152
0.0913627703466865	0.0857863893133304
1.11679802038284	1.89922750356351
-0.658927798838203	0.819177433828193
-0.445681788519292	0.488265577069456
0.0903889319245339	0.0793669054457746
0.203971145754484	0.199324417464838
-0.176611987504437	0.10899703425563
-0.618383057088284	0.867541409368668
0.10368805410425	0.0702512214887586
0.307930159909573	0.329477713801823
-0.102757926770795	0.0900684913925378
-0.702640510390785	1.06497537816118
0.139312219096088	0.12728976383582
0.750924399829998	1.03165613471438
0.0679667442087554	0.057522483216455
-0.111303661493308	0.0976072948316998
-0.324524789216248	0.528427895332223
-0.568414719190294	1.05701756469117
-0.0198838496578393	0.0146762997265638
-0.112240697620364	0.0709842924383775
-0.374763475383278	0.24066014929019
-0.107033645695229	0.133333065342467
-0.853352086450609	1.02693581725484
0.106117008964295	0.0709271323049033
-0.0456143580718174	0.0320942241748738
0.488238590464738	0.447501486195479
-0.241225039643333	0.192288172107165
-0.537529129895412	0.579738935887979
-0.134770646765264	0.116361425102499
0.0269570137061612	0.0183969875597331
0.198421471886798	0.164917702726109
0.345053458324985	0.327506784016478
-0.114874376963974	0.111469624785471
0.740041291698456	1.30746547595064
0.343088468994221	0.41158301314014
0.0559068682132099	0.0588053715707252
0.272614533326351	0.370571874697169
0.0815207842218382	0.0653259374702695
0.0393929817711882	0.0336133918458335
-0.406811249770402	0.708714011662769
-0.554997059912431	1.85136668674964
-0.18970029493031	0.344462878529362
0.0722602716445482	0.0305788595799947
-0.32043285819527	0.166793446789336
0.536169210503582	0.896759221233394
0.629516867724346	0.386901571907125
-1.68036020797095	1.27416456123927
0.903322681706908	0.679400428432529
-0.467714270931924	0.211596686598504
0.640360550482074	0.474679964158356
0.323207623051167	0.227079374187848
-0.0934899982096864	0.0626477895278168
0.0934921347885262	0.0606495874206622
-1.54220178546672	1.36062747832555
-0.121069074072069	0.0800419434549345
-0.139887250926739	0.0638816777473808
-0.23947540132802	0.136249990929386
-0.374784716384416	0.278355044685173
-0.399749626449052	0.44043550735739
-0.807391985115455	1.44178491900162
-0.606966248897849	1.00106063598661
-0.16787229223164	0.239621536166702
-0.0586134774325849	0.0649961466806151
-0.380758996457161	0.591960410317706
-0.713011346621493	0.893418549994176
-1.28596167607909	1.26957223159063
-1.02935693157093	0.642058391199052
-1.28388897050724	1.30494574424766
-0.0553918809161935	0.0619773566171916
-0.0731410225572791	0.110886961434189
-0.275999932078303	0.346140688860539
-0.402381383928851	0.644716562994376
-0.115562206369724	0.0576245030849425
-0.363183843148702	0.23180786657459
-0.277789343652435	0.154612293663638
0.23181732236849	0.318494173218053
1.15018193043811	0.896431089756933
-1.43548930764663	1.41121996267215
0.704443219608427	0.403108834093931
-1.35188858553063	1.26787325571282
0.00522665598824085	0.00319127108776689
0.573822014037691	0.54834625265518
-0.214722395007274	0.171254396483375
0.566960813390336	0.531099469556453
-0.167286236697274	0.105932907997349
-0.955416249087253	0.942463390054055
-0.276560924497354	0.14873765911677
-0.236734362871134	0.245375070127806
-0.493388995068004	0.725739902650977
-0.717250923096704	1.36247679476124
0.0323391865479054	0.0336848870651782
-0.0901311527087702	0.0871444640413055
0.136667622804373	0.113273494212217
0.200345451406588	0.167033862090297
-0.255839598409489	0.303819070394457
-0.367537211887272	0.481461841373551
-0.629449859704534	0.827401210646329
-0.392470634503746	0.552405746324273
-0.993915230668404	1.80724466169087
-0.320263485822223	0.409668847373639
-0.527946855492192	0.746298550134712
0.145819774388422	0.145711166355894
-0.446626664823953	0.633653740015541
-0.81204968457154	1.27608133682093
-0.809881583940116	1.4599183527246
-0.604046224401801	0.990555482563096
-0.246879587129516	0.300787293299515
-0.748535996810648	1.51845324631863
-0.20336821344395	0.219588427534848
-0.352245781379289	0.293030573900671
-0.205849068751718	0.219359366733473
-0.0101879222875683	0.00997980918103322
-0.509084262463178	0.798116090802318
0.0044998319644844	0.00402489898274001
-0.181259043929394	0.223155192266143
-0.517426408724912	0.621221036955666
-0.732213511202183	1.17382140035163
-0.113449429936237	0.109488366717807
0.152517952144569	0.193983879602123
-0.172351522674212	0.195228735459579
-0.360973358927298	0.449880971033017
-0.035278876932312	0.0297584919550179
-0.118832569174209	0.110000724573883
0.257942105689903	0.263361400974585
-0.108265360734712	0.11146446051157
0.0224902460213887	0.0216859241838863
0.850737692582606	1.19709701490632
-0.0144860653049509	0.012445943818815
-0.771165606982899	1.10087455317526
0.406993150768197	0.417468494452399
-1.12345037930973	1.65088320564628
-0.105338752744551	0.115627730977032
-0.236766388431711	0.221407847767079
0.0641230186921328	0.0606773774785817
-0.720385839362825	0.708720480254162
0.355302441979881	0.33626847028993
-0.64262016972193	0.880377248599258
-0.114191486746859	0.120041183152038
-0.143220887886369	0.135115466770383
0.0820483611028366	0.0742807793706779
-0.055008862155749	0.0505945519371301
0.232731286477178	0.302878092634502
0.553940999849503	0.9800159219187
-0.207500813764109	0.248634700917662
-0.352074393578142	0.470832211689864
0.108015217709144	0.108584390523109
-0.468787911008118	0.642222120151638
-0.605506171222342	0.824950500700873
-0.413334343685049	0.511391482826558
-0.710276374885962	1.6298275629621
0.0968567954842747	0.110377629835767
-0.337953858735547	0.415744351012508
-0.394861161462068	0.47667275734682
-0.473857718384999	0.524286988050625
-0.568885721481805	0.382114349866696
-0.200169296664304	0.140350999396791
-0.556274273322912	0.628278761834955
0.461764384510806	0.495627432962548
0.124510591304571	0.110683806783993
-0.540549107203043	0.863680506447386
-0.747234187733649	1.2669172251212
0.228626029026799	0.263751883216304
1.06447988089925	1.91207932355998
-0.298189322323565	0.350308243377702
-0.618295830542326	1.12686764858749
-0.391451252314268	0.492107149514685
0.0029084576905995	0.00280740058657209
0.288932779103256	0.323597469904143
0.238474082539639	0.2883694146843
-0.242619097184404	0.236631543918613
0.452690480353821	0.592786607405758
1.37184689027592	2.81541115376673
-0.464427980151759	0.622093120827095
0.302890823742217	0.327376747624046
-0.143416490830561	0.132469249235422
0.00926593093162395	0.00787874172065726
0.242598404306009	0.237925389879749
-0.251616612940074	0.29975867784235
-0.329827664164698	0.248465290113505
0.189819553264715	0.158557018947447
0.0718689861451015	0.0615681354477413
-1.12691969696178	1.63811334152944
-0.157753302531455	0.184847436253232
-0.308177756834614	0.488173075760582
-0.105233149384541	0.135988118284989
-0.404344883058221	0.639163610029755
0.822748077574596	1.51686288171154
-0.106814831298442	0.111903958204484
-0.503956281905614	0.875591944242146
0.0246822799419039	0.0244283726526793
0.681660444894825	1.4671786205363
0.0770998611827548	0.0889004145371846
-0.094455553058459	0.102041380751865
-0.228803771610996	0.295069074651397
-0.229308085124068	0.273856646995253
-0.773110083915418	1.37632994847775
-0.30230571694511	0.409231904336432
0.238356660216678	0.298016659165615
-0.205686293561301	0.270751622833594
-0.480596078012554	0.937485468855409
-0.747872683903291	1.57009043891351
-0.157409984444151	0.158256651197523
0.192134056754426	0.178024657717338
-0.394826555848722	0.5559472431237
-0.443551626441734	0.674237573743914
-0.123456176004666	0.152507155236938
-0.259997057645675	0.42590011851428
0.175546296050211	0.201711871052185
-0.0874579623391908	0.0957281991396837
-0.041602438396649	0.0378156993469935
0.0522311605856287	0.0504301820219951
-0.445308031342519	1.06402812552704
0.191175314776108	0.248462740615557
-0.707168314493907	1.19381081034072
-0.00109997063812467	0.00112536775859786
0.304795905956398	0.427361517724804
-0.0142747373743703	0.0140568099496168
-0.191035357203246	0.225762279147546
0.270483679898023	0.342879102023028
0.223773597366921	0.276060622408262
0.329441766964789	0.543179382019955
-0.21101566935684	0.243509700008582
-0.0745471781458194	0.0713083292141386
0.0242175557370513	0.0206213261909534
-0.207124319121446	0.229408183137747
-0.833958822958683	1.45725060013617
-0.520964929251782	0.768657515273916
-0.137736202482496	0.142203091850812
-0.355429953297295	0.392980024598048
-0.482484012102554	0.630212851096468
-0.246843867936997	0.237461425530119
-0.113229125691261	0.0995072233536435
-0.781596166012461	1.40921908771461
-0.230507147974391	0.327952516080247
-0.635345709500281	1.31915453563491
-0.23993770209519	0.370869489248376
0.251315626164234	0.386778893394357
-0.285772236455158	0.482902262974084
0.219619688547338	0.326284425315254
-0.0950818403611185	0.127472401901528
0.245444353505173	0.372567626140647
-0.016248812387693	0.0191570440777905
0.148518402929664	0.224502104397502
-0.116529419784335	0.166539619217604
-0.464709722079605	0.90189491594987
-0.504400912334095	0.977818207868724
-0.615609502443464	0.942025361953306
-0.497433173766567	0.838115627431923
-1.30805611709069	0.997187556057821
-1.82898240630338	1.9891153006588
-0.313075843234105	0.205089812095563
-0.176701384026974	0.1076757083916
-0.140098123670051	0.132339835481215
-0.31607000309129	0.337920033033944
0.0434867201283344	0.039015947389971
-0.234390160081062	0.331922916854015
0.0886931514579471	0.110302391646227
0.145714616419578	0.209620234178262
-0.0786560643700009	0.092774745658792
0.032505467048334	0.0384376990161853
-0.229157226736761	0.363482290702432
-0.58933581350092	1.1795428067324
-0.829564673692107	2.20676882426092
-0.219880839638892	0.290440130858392
0.0210524630010208	0.024598300667948
-0.130754020720361	0.174763924621959
0.201340530126877	0.291002309014999
0.767925097077799	1.6760793249516
-0.0812535923102194	0.0900594151576988
0.286516598283848	0.430409708737279
-0.0535470002534771	0.0640437486573422
0.160031168360452	0.201469324848471
-0.364422832574379	0.514103415035411
-0.33366183603135	0.545585635562529
-0.820985673114585	1.6652947861106
-0.0986270649643739	0.0978531715632971
-0.13611326973689	0.127004845094108
-0.30072067115267	0.443843650952996
-0.0773132915937426	0.0980993146843119
0.0204796235635303	0.0226997617101196
0.404875688791535	0.728113946215714
-0.222720663984419	0.370961181165614
0.148522184767111	0.221318753979578
-0.30064681087119	0.511158257114281
-0.225316182408677	0.35458443476297
0.0694503314398099	0.0971693329415212
-0.148811459051405	0.222231840394065
-0.725325815208571	1.82394344468233
-0.458103674816984	0.856641217433243
-0.967159792906017	2.71981287470163
-0.51748822741567	0.864715315264318
-0.118099771780911	0.111150679865146
-0.133860432976545	0.128498213632829
-1.10969217340529	1.44664209377627
0.320218198528374	0.145125083925522
0.457769753575086	0.24396417180975
-0.642042195812176	0.414150685045589
-0.198983596549958	0.120906372492467
0.3653396783136	0.334250150281791
-0.101283851530006	0.078528228894114
-0.560074758562728	0.564204674638003
-0.710591522394626	1.56196786704468
-0.268540294886382	0.391262800236852
-0.0932867694275212	0.13035584873408
0.0344547969871069	0.0388340374870425
0.140996421963709	0.217153739779458
-0.630528392924111	1.26703530876953
-0.406064664076417	0.776568021651561
-0.390528024786392	0.730880216543822
-0.153663648882623	0.200070289139833
-0.220937736066637	0.315581616092438
0.315046476820515	0.545191024968405
0.1826465812507	0.243453396696011
-0.16328687197606	0.205990765036485
0.155124917492839	0.168931953688003
-0.0390413672328379	0.0409199115613675
0.0978774271863768	0.131361071230858
0.022587810230348	0.0239825468259225
0.41758736268401	0.666765084780672
0.0275966625082384	0.032059748691444
0.181142887543802	0.244308074513074
-0.322125637587971	0.365447233767917
-0.566243441647837	0.653672411842065
-0.198537086096508	0.179819621297379
-0.00943104598327189	0.0071672756256101
-0.781098330830298	0.677655413151205
-0.618771784567351	0.775190340927507
-0.120800260659889	0.144871364238331
-0.478932301951592	0.951869900524656
-0.150899666448229	0.205907532407347
0.215399264456163	0.327718114478405
0.0526728450262282	0.0730678911570802
0.0521975534017094	0.0716149787579567
0.270094458725754	0.476691472327141
-0.325426816928311	0.63841373099097
-0.527743183515632	1.0449086602472
-0.022024653714747	0.028320734037485
-0.243593004777499	0.450243104260863
-0.49246605542685	1.10876851306112
0.177567463195654	0.305949752088388
-0.173338671803372	0.285792216423841
-0.827580441822091	2.01107393627832
-0.542098055702785	1.04472961249547
0.293077014310831	0.325557517676921
-0.675937700686923	1.02958180747501
-0.140434940214309	0.120663618668242
0.878183051975923	0.574170695341045
0.625937094723384	0.37673420046059
0.282427557659488	0.13921852965835
-1.28812999330223	1.30000390900706
0.797776647016589	0.917372294726127
-0.951836683000765	1.39083228852495
-0.385840369039009	0.34561153429271
0.0162594658304371	0.0213064010870954
-0.660467816664052	1.52965982682653
-0.442552257460662	0.875854147437248
-0.346418432293352	0.639176761510363
-0.227141212791407	0.379742956524221
0.377763062673243	0.604163607382135
-0.020874206033776	0.0265330615684294
-0.297110082743508	0.532448609108393
-0.261953368243099	0.4299183175243
-0.456315591225482	1.06671761625621
0.74927911708792	1.74716784872375
-0.160088397092778	0.239349784534534
-0.131929431534488	0.171942162270166
0.13156558948166	0.174700756297748
0.244077600042533	0.341562614077477
0.0401662979650143	0.0484973002960352
0.921202946211659	2.05942599441571
-0.0446352771224703	0.0517411023543915
0.0349792446986988	0.0426276042094212
-0.277214889477106	0.414677011028878
-0.0598233439050074	0.0479107910300097
-0.327501324936493	0.242530980070599
-0.410566947317444	0.813874049664092
-0.159053265109212	0.247624505059675
0.358802487529143	0.676162958404211
-0.0274011770092725	0.0355254199264108
-0.33367139062033	0.625055094649944
0.532001055938225	1.27565011827905
0.0585739752287886	0.0796645852659403
0.11446749965767	0.17455769230351
-0.114899287971725	0.176186685624189
-0.556957827589071	0.945841896649243
-0.680893447867377	0.753046212252421
-0.0115796497000667	0.0114531245407387
-0.273885131132024	0.237777030971448
-0.0793926938746395	0.0434312089686188
0.422829816398216	0.248922880793792
-1.14010551979468	0.934148560326683
-0.486242732769512	0.334705303575196
-0.310723095467683	0.250796595823443
-0.450363376083772	0.537873974453351
-0.962221526265032	1.39604178593284
-0.425057660880647	0.755606893326237
-0.573543119225303	1.10464496142068
-0.052264556135399	0.069930870823878
-0.297622530948341	0.497412285595367
0.249307462485856	0.40561064332377
0.0996472125629535	0.116622400726794
-0.257737697396348	0.400687014361914
-0.256009873571046	0.423971582389292
-0.537254412004385	0.954620868521169
0.149914303221099	0.223162870100727
-0.0756535260320192	0.0901006670306009
0.0449483816512734	0.0584798629779181
-0.085909321825317	0.0969067449862569
-0.0228677550931148	0.0220289550277794
-0.0731294236010987	0.0795448426678293
-0.0622711290650452	0.0636794519747583
-0.039136116268638	0.0454680140876621
-0.126957017101974	0.150010234491886
0.194670927666737	0.197393346063206
-0.13308285906342	0.188248885440142
-0.218811522655045	0.358020131907447
0.146549922711883	0.216492226723594
-0.468513919157509	1.04443046836101
0.0966311825403279	0.141039933481568
0.428249789358042	0.793095793346997
0.0235134044558402	0.0330693338930264
-0.101562516251408	0.143839712383747
-0.23700161106648	0.418715146685148
-0.119686327603137	0.200595840635549
-0.276548705260305	0.474051665819864
-0.553226111908674	1.08731150619964
0.32505683808051	0.518874559721341
-0.657636279000713	0.986646649622052
-1.20850189699712	2.10773232007178
0.111643013915188	0.0839301565405223
0.458919640606197	0.256916107671606
-0.100878383099248	0.05196219232895
0.325394177628823	0.147726762445194
-0.277367808236543	0.187369309962126
-0.33607329099753	0.359840000778122
-0.202665052412949	0.182729504310158
-0.473347110280051	0.50382080161082
0.319449602623052	0.514487993996885
-0.0408066209294396	0.049971859668836
-0.147241336476752	0.228845921224261
-0.0733406632524847	0.0883315091720318
-0.0791242266967072	0.109036013896367
-0.11472071566154	0.156094330650975
-0.455773883982063	0.840013011865846
-0.191434663293718	0.2979037324125
-0.0811576703583925	0.0984266844535022
0.110773738623198	0.1690985108673
-0.196201959868088	0.298456059327803
-0.142993957489178	0.18293949284987
0.0251805228266313	0.0284663145337964
-0.230446376253528	0.352504828544465
-0.0397963388637879	0.0444183672161237
-0.118368037570075	0.122659204034186
0.0410408273186353	0.0499424013186855
0.42417831252147	0.702091711741052
0.282298533398284	0.455734031810165
-0.533893807207843	1.06813741907812
-0.262014185423127	0.379557028229461
-0.413592861544223	0.737599431850215
-0.360626775596706	0.488708097600001
-0.610857115862552	0.738977357522765
-0.83739348685628	1.54977517320466
-0.879533080211842	0.752185666320801
0.0724235926569923	0.0330764675471655
0.623432404153974	0.389186360213351
0.470413510690802	0.338407302014818
-0.213046245427754	0.12948868080015
0.542211484206894	0.513158176584495
0.0447173156170731	0.032265327892505
-0.692823950931122	0.768657231883045
0.0699819753212808	0.0870784100307656
-0.155228295804226	0.220908027909544
-0.105728914125477	0.14954876009053
-0.217488598717588	0.315800704890187
-0.277653950525442	0.46384638457
0.0417650912294694	0.0504549039757761
0.542748483880943	0.98749874338083
0.0430406264109199	0.0559657693269399
0.0941538031571447	0.119500128993918
-0.056672993785279	0.0697079458807928
-0.0435278723890864	0.0515646785750608
-0.22246834067662	0.303621468792744
0.122401773089953	0.163130715375628
-0.269165547037438	0.433643831867936
-0.199248072634366	0.227939513968745
-0.065846909214279	0.0645081138553883
0.0458064632244923	0.0474682458775676
-0.416154993551403	0.686661968242647
-0.0376632615779842	0.0457477171476587
-0.261351680743849	0.368467471202332
0.39147211426688	0.688762238594376
-0.432302281858551	0.685561913920273
-0.575562449733305	1.1772479993447
-0.0285999015529564	0.0306572593046845
-0.601195740326997	0.961097005630904
-0.280701256192725	0.239360931380709
-0.164481705197667	0.159731772978539
0.191442157143227	0.157991506025005
1.38204138367008	0.873517628275442
-0.591137833774915	0.240865900110406
0.252393918174191	0.132570239835009
-0.619916600321046	0.521916299594816
0.586157058162783	0.614101589538436
-0.225393421242732	0.250691389027187
-0.793282070792152	0.805469010985615
-0.671811199532375	1.23130361339488
0.0397835378472216	0.0482120051260329
0.254283314426603	0.375174678453043
-0.145455610623364	0.16706544074568
0.0140299486381892	0.0143815639009156
0.5698023136907	1.04969956908747
0.0527154024808308	0.0591496389477904
0.422836810730934	0.763053807524855
-0.129815280620365	0.142248096721115
-0.104287647382349	0.130094502690361
0.0098475630305705	0.0104390457143153
-0.120413529352551	0.132902628359201
-0.0815933410375743	0.0740657724805544
0.294678307976569	0.452014611249325
-0.190804239788293	0.203327147160182
-0.355288534240131	0.35018684710986
-0.0730645530343259	0.0501340422786872
0.0429808864524968	0.0495517120680681
0.0574464771311836	0.0633691827621861
0.0646424945289638	0.080486929971389
-0.242609734120884	0.393571917565621
-0.295412209266899	0.55225158242369
0.270725731793726	0.4640360544417
-0.26579037667447	0.491421963680007
-0.0222657823420378	0.0267937228540358
0.121672791382624	0.16319745774188
0.125293537216565	0.189274643685923
-0.597062110977177	1.19082502507689
-0.573024430642319	0.709713032220567
-0.196244115354663	0.22849445173991
0.0329462849593119	0.0231453385288902
0.465510544412709	0.163521004054762
-3.22831353741914	2.75663289089236
-0.887976925385725	0.580255889411427
-0.140761884618934	0.088355338038201
-0.348320385641968	0.351704905068926
-0.0966462888963427	0.086354042610746
0.298659051615113	0.230307354418434
-0.445294331277318	0.766748969643046
-0.203775093860891	0.295853238894102
-0.143081138790983	0.21169442932323
-0.723468263734706	1.53729893190142
-0.120812578779477	0.172326806879676
0.437057014248926	0.769307932529206
-0.3590543402825	0.59900422124563
-0.0908251494742085	0.129565630068461
-0.374605773568848	0.633197700881283
0.0328338508997288	0.0376559987623812
-0.585371685711965	1.26421072565809
-0.819746039193708	1.78047146669882
-0.179182498575456	0.226156212555677
-0.0247295466199014	0.0251885971730551
-0.107065765023885	0.136215507417385
0.0617011433837669	0.0502182555580236
-0.175816294000608	0.232423902642728
-0.242814095369363	0.332780258509066
0.336341640799238	0.579784545857834
0.12452704311034	0.158385761887425
-0.620112622255171	1.42161889305152
-0.00678258996933637	0.00830066173170385
0.116312546395965	0.172418937196701
0.385468576019104	0.768931652928184
-0.189243639741882	0.257225803756532
-0.0196616973656499	0.0231010744663528
-0.372254710811697	0.600273423880119
-0.329078671444989	0.407902954842824
-0.951268513970389	2.02072621384993
-0.173448456218324	0.144179874199545
-0.0940569183360167	0.0492843122012344
0.773652626665741	0.536870173517453
-2.53141768273071	2.41837697517289
-0.777504232235068	0.720740115501236
-0.087220794304221	0.059051820483411
0.0297653149925677	0.0250841765785647
-0.359764468607269	0.323089019450066
-0.544805088456379	1.05081820341908
-0.207309091471974	0.309481115072475
0.524428894913365	1.15778823482914
0.298707084630996	0.460192631752125
-0.182047363199345	0.261583377527873
-0.48861598613331	0.880504011503307
-0.545090350582806	1.15596439859403
-0.181220420748844	0.274554968005533
-0.376581475535	0.62832126691969
-0.0260346839694229	0.0296426168916931
-0.0270444915983912	0.0234927875132945
0.315891077601921	0.441450469255529
-0.558538233876415	0.932816684474743
0.252050492671969	0.323029325652827
0.0376063648343859	0.0364081358310637
0.129479317450499	0.176561673694788
0.173353972701264	0.215205297090427
0.967689080894684	2.57666150136781
0.0281574534953026	0.0299244665684204
0.0881524586103315	0.0998011997420437
-0.37678132289441	0.403438082898667
-0.428391970783483	0.513877492181005
0.187948341507212	0.179122578068386
0.0761827703593872	0.0325718495998252
-0.181766281158659	0.0750878447257152
-1.05600570980916	1.03977910249635
-0.030652335212639	0.0180824846441798
-0.26143145059449	0.247528425145035
0.67429402147936	0.804229830824552
-0.272485610063805	0.280531954983918
-0.193069060580087	0.247811642075594
0.220731827401063	0.311686646099527
0.27248624557396	0.352897001427329
0.341263159966698	0.520841373919241
-0.620489783675974	1.0978113317903
-0.322193312076647	0.462501813756236
-0.556393726872775	0.810612698082793
-0.0931958106235577	0.108881315539774
-0.088073829982274	0.0791049883166161
-0.493271050596815	0.735015459274468
-0.58651495919671	1.00853887844093
0.094545604503982	0.0989078143072939
-0.0369551606772797	0.0363876346198922
-0.216058640076455	0.224086626586436
-0.892841217146425	1.27945151493743
-0.312532134163572	0.406367786715578
0.0776573585257809	0.0665863678201373
0.0934632435088861	0.106591712256589
-0.384866061831053	0.541120711533385
0.463106385511429	0.765280591750461
-0.0137528980964142	0.0131660552199201
-0.536079170626132	0.761133946110429
-0.627162745065582	1.07240980405665
-0.602026260174336	0.965648094185854
-0.345610191753313	0.446089532780772
-0.498952502471887	0.835400674758484
-0.668290464150523	1.01373625971414
-0.679291942827083	1.27705698049933
-0.4909050312657	0.568408786658226
-0.185613875123397	0.169325842780157
-0.196681088068144	0.140319959672127
-0.634957656643295	0.571088549085677
-0.0825540050103892	0.0637432130022153
-0.0581653549991913	0.0484112551497979
0.198816699239714	0.198639906495692
-0.456907288305264	0.602633509047356
0.0287928306824755	0.028506573625985
-0.588629506909806	1.01195867503619
-0.139836464691003	0.155869137611811
-0.0328305753331185	0.0283025209600171
0.157325578674632	0.18718465770061
0.104212579640641	0.129300083737144
-0.119639961052483	0.133761188267579
-0.284634386158694	0.35214754284231
-0.0141906114952488	0.012086494114309
-0.0843869340880898	0.0822396137259439
-0.294146792352526	0.300682599187087
-0.463907823048124	0.662937765471083
-0.202853519538834	0.264437680856834
-0.347525898778881	0.444152046115847
-0.271905282089068	0.319435943504278
0.142803206557592	0.144467926850072
-0.476095974738749	0.650267676721566
-0.212536996823673	0.237058406245995
0.367931811119983	0.398132656398134
-0.0661650420746217	0.0683065402831469
-0.0851318421494219	0.0838365667081316
0.196326630862483	0.197311771554031
0.0186431855446833	0.017814225171205
-0.356595119562391	0.379297137411825
-0.339959509190574	0.465480706864619
-0.636759486448206	1.12684662528428
-0.33564585424074	0.470002062948034
0.134882572249919	0.126948369955719
-0.078441799342731	0.0786278727514984
0.0488186518457683	0.0503048968170456
0.146754565264843	0.193790335623253
-0.629391244309369	1.1170321014017
-0.111850957112444	0.127059627871852
-0.309672149031298	0.360003731829984
-0.677720682893087	0.899100218783232
0.205860355680144	0.163587458965808
1.14984985127076	1.14154830326911
-0.0593847510361535	0.04142715381593
-0.317624379600732	0.322107625826125
-0.0843331014338489	0.0767088068219197
-0.58998215792667	0.829673083672822
-0.125397061650807	0.109012801264028
-0.484870333999303	0.719077775311715
0.61373319599437	0.856000765004245
0.105031131557673	0.107129516709146
0.566846394346927	0.687666250875333
-0.49905727429636	0.707340260118973
-0.0419505101422737	0.0460913078755208
0.0413899441050773	0.0371367848349256
0.129548663863901	0.103915247492767
0.678845434245841	0.908245027926926
-0.0792760341707575	0.0710556236645526
-0.076635547074551	0.0682879009524675
-0.423387335807723	0.408533677417355
0.0327946045653243	0.0285636844664459
0.0184400407423403	0.0149589597318826
-0.568525297131428	0.836245449331349
-1.0982535164911	2.23916991452666
-0.459814394124751	0.624179622191638
-0.0834941596509711	0.0737116271476456
-0.092479837208498	0.0829455463383906
0.194608784145874	0.290461182201889
-0.326851331130943	0.529662439429475
-0.593140693396031	0.709598527407386
-0.0168798591314018	0.0127250462661256
0.463100358394167	0.496837978281227
0.0821820174302194	0.0683865244083984
-1.00655451222873	1.5264122609417
-0.717565692402743	1.03004361340772
-0.798212693642463	1.0817143005725
-0.24091711412822	0.214297733837534
-0.418860435878246	0.440865124825423
-0.122965185975305	0.115507581468286
0.251261312877724	0.254009873269321
-0.609535950170202	0.720757354297106
0.0177399633588326	0.0143998364394051
-0.370912057934524	0.450708519259108
-0.0666773229464106	0.0753208542228743
0.156349757745094	0.238703903411194
-0.314235020685308	0.389980533849134
-0.0980373253135836	0.0783923598556925
-0.387139032004701	0.402966019643805
-0.8482194415565	1.64237413109234
-0.553471040194266	1.32828409796723
0.0380545720687808	0.0423422745074944
-0.107350392430002	0.127039966914419
-0.0836622341235443	0.104913345499341
0.0661363119807116	0.0637128361077184
-0.680042066192881	1.5183401701871
-0.0347457247221309	0.0362216328307168
-0.207474027031345	0.254010190726602
-0.220072124460428	0.298721002773541
-0.279635965675121	0.467432353864395
-0.039459340556636	0.0375318174537794
-0.88624375934726	1.32087474215882
-0.426337209549738	0.418201473413758
-0.178245407777785	0.166637612541051
0.0708284907469858	0.0533481268420233
0.00839872149034072	0.0103147405670358
-0.0101876012773443	0.00758584235381018
-0.21910971592364	0.177776974215638
-0.207666071044098	0.188754710760529
-0.68469073902749	0.774608875762654
-0.156308559101907	0.168158043967389
-0.297184184718987	0.391520244256936
0.0501298860084382	0.0475965659024403
0.309064936364081	0.432908420799122
-0.545887367968031	0.812766514543679
-0.498645976909685	0.526700533313337
-0.240221506607797	0.221357451071661
-0.26517252860688	0.377655301662778
-0.185667487908263	0.282527045338314
-0.612092023575277	0.730364440807782
-0.0901568187219414	0.106086874719443
-0.889179110589403	1.89335478818801
-0.226369485056971	0.267096556388712
0.271762020339232	0.326969510740034
-0.0735370187022754	0.0730371811788263
0.401861305759809	0.630789376663939
0.503556428251543	0.674527303589713
0.561728466083978	0.695201484347868
-0.332833149682838	0.403078560557234
0.150811769319441	0.182587636792853
-0.263573946992958	0.32738615242208
-0.0909784790175698	0.103202459843713
-0.558546228932466	1.03799924688974
0.124196864400672	0.116592582704856
-0.152422323377914	0.167452548675404
-0.101265345286406	0.0982427070976105
-0.354045146661679	0.42758608634848
-0.10815887126812	0.104312957132643
0.588275601254645	0.957147161049099
-0.351744770936945	0.51707074053075
0.000907158937138822	0.000953247692458433
-0.0941825136920936	0.0939216741784314
0.0166087844795266	0.0146861438362253
-0.356529288608965	0.481997276619868
-0.348154347955679	0.396520735201011
-0.742058829111747	1.15303117647188
-1.03578482083149	2.37746593099675
-0.549861432767199	0.776312162467692
-0.478630429134193	0.528312214219116
0.76154267009715	0.725452308724931
0.119084427433314	0.100343152893154
0.465267617574797	0.442057843351154
-0.0221686233598553	0.0214395215660388
-0.698560899845617	1.08873814391554
-0.460879353177098	0.609351195413337
-0.0835336856898801	0.0827910682977147
-0.0859612948211221	0.089293657273056
-0.29572119976238	0.365721382696188
-0.445938502201222	0.613129155016221
0.234022761640895	0.282140699884441
-0.231693858014533	0.335788774117217
-0.411909119882745	0.585895095519188
-0.204250706470278	0.229522815293988
-0.247599412437462	0.265842985105138
0.0401837891011058	0.036446253035777
-0.180721152958652	0.219171453636565
-0.150521306253659	0.139567380097918
-0.095115128335096	0.0848394298172682
-0.541261030854238	0.592300880847194
-0.378531513064756	0.429808916528752
-0.245786792272601	0.249658731713585
-0.396237634878206	0.465284693472067
-0.886471023456474	1.4252115925863
-0.426270764097744	0.695528226260737
0.200195002240963	0.237235945234128
0.161985005329881	0.17737228708477
-0.472154177754675	0.70712546612154
0.777259733847804	1.22089845754463
-0.334680262851183	0.526325177074302
-0.355284474043611	0.433209161809239
-0.0542377228983396	0.0455689265598651
0.191265667174251	0.231918558170069
0.390529002565914	0.637668678815443
0.197328252956723	0.19620112029511
0.1349966113586	0.117290672565876
0.202022885146778	0.154040478368154
-0.0360941048246721	0.0342517349596272
-0.101306200569614	0.0987212840407346
-0.0394872280732008	0.0369970670250649
-0.0539214439052245	0.0501446849551595
-0.51280572597626	0.685117691853289
-0.0427321015352	0.0386131654266617
-0.157594559273515	0.147772345379757
0.0402700566401756	0.0284012244709556
0.497562771149234	0.659290540825639
-0.606809925963864	0.810207894986212
0.434469223618428	0.553809426383296
-0.215442130457129	0.27782398415626
-0.312082150055818	0.38071413974116
-0.803506226810061	1.69050655648762
-1.44176960078085	3.87751746855081
-0.953392217772547	1.74662889296024
-0.375763777084073	0.431590300913432
-0.613945908769934	0.762802200989202
-0.742677945410484	1.14877895834424
-0.0607259749180146	0.0612003345050172
0.473257152887253	0.593631067505288
-0.563728903889967	0.838229643551891
-0.516096754366735	0.85239839257675
0.236381215744378	0.26929698913799
-0.164826928812327	0.159467026148712
-0.158796349760425	0.117715983437002
0.119888808306412	0.090463448071161
0.400209041775844	0.414705146179077
0.22273578387712	0.306865234104479
-1.03470282789061	1.3561305064539
-0.201574404394277	0.178004989265297
0.0572665374681622	0.0471455327162517
0.0578032424722126	0.0454488743432401
-0.243502255174887	0.2362381043709
0.085336526369632	0.0786337057204398
0.324815057698043	0.387611039739244
-0.146613038875833	0.147491370028967
-0.48628371863391	0.653178205416679
-0.504185633908965	0.537241362738523
-0.346286767431377	0.348159527097337
-0.00376763318921373	0.00224600153374442
-0.265779287949881	0.244455061709161
-0.44325673978238	0.418530938901598
-0.397125647227484	0.38321340778846
-0.182405592784438	0.22635219751481
-0.0722658812189215	0.0655510337951255
-0.324692624752983	0.300656212241699
-0.171006062709897	0.181623187745828
-0.637799263326298	1.11138400669565
-0.215922851308306	0.171939329778317
-0.420480916966504	0.344710196914027
-0.286879084268784	0.420979104699769
0.0953642352981436	0.119086531910436
0.0750425914856553	0.0425165428061128
-0.203375532771016	0.123478762852539
-0.376979911596353	0.283158923286848
0.62570826606042	0.39000604304527
0.217142376039004	0.160499273322247
0.433719893429093	0.346152020206947
-0.887017076703018	0.762680532485485
-0.112194680636203	0.0554394445030039
0.32105005137576	0.228478385803845
0.816674333762903	0.643474750422498
-0.432252240259878	0.431053605952514
-0.113056361854485	0.142596301275441
0.348367445335257	0.733382191897431
-0.647364000569004	0.873591824740955
-0.71462302233233	0.696373420613156
-0.37486763905286	0.280485342665105
-0.682458603446749	0.712701081646792
-1.0356941981853	1.32812862586113
-0.330837004622426	0.645444730075857
0.28684534619701	0.423101146032224
-0.645476295011443	1.51789576408434
-0.779565421542041	2.54739895984954
-0.028543398780414	0.0370335424605172
0.12167966968574	0.203775904531249
-0.551595226076701	1.21783454671785
0.330847595361994	0.559358802955285
-0.532074498625391	0.85858290284728
-0.476838309760328	1.02148250942473
-0.154690034527295	0.116753947433899
-1.25343188020454	1.09115251010562
-0.19278394449484	0.13983357569384
1.02204866774828	0.730754774549458
-0.20391798681561	0.12058911694626
-0.761690890719149	1.68871532586244
-1.03648869902906	1.1096508368492
0.821931294657626	0.65284051190533
-0.654791625497668	0.643903339367349
-0.0170461384207738	0.0103993611367052
-0.710893232404533	0.685891384747796
0.265099705212539	0.241651439443756
0.519009026995145	0.504645027379985
-0.102116140196366	0.0681773118474914
-0.857956066965222	0.983067699236005
-0.469244009406048	0.37983232709508
-1.64980247347321	1.57962650249093
-0.433776326791214	0.612703409700666
-0.254918811291484	0.435880544327852
-0.505959733962481	0.442464761993851
-0.99914937681133	0.81604008193655
-0.315440111443566	0.16178171535705
-0.0766484995952441	0.042219750767142
-0.641978804072531	0.58650827444303
-0.317222707094227	0.213226354603655
-0.617555750922927	0.506508540852975
0.211766611714912	0.140885114251766
-0.641978107788091	0.416113874744841
0.244684758794606	0.29150576638856
-0.0976736936504203	0.113526470207377
0.690311042001083	0.676663819434164
-0.108450750984593	0.0945316003922047
-0.980800600999517	1.83859804024695
-0.542616466373821	0.948374864816647
-0.216934900615376	0.267007526418712
-0.244272742779012	0.250533103299923
-0.773157545569982	1.0573189425281
-0.289336833106079	0.341147700285274
-0.244166046798411	0.270062379859284
-0.337615829563635	0.368683554610164
-0.215995262602501	0.244281828379699
-0.101480047039228	0.0916674614507722
-0.572961077213851	0.850412526026589
-0.325218903061449	0.303301053937573
-0.0476371917877575	0.0403327995145321
-0.901575545546164	1.26301445971352
-0.332230045197579	0.361919259635552
-0.00482944839742628	0.00485474553621038
-0.411399362653008	0.602047865001528
-0.474765551205491	0.86453955469634
-0.736731411422122	1.15410722621013
-0.450479065145192	0.517411796907281
-0.367974788752522	0.405902133676005
-0.60127446457515	0.671067526480533
-0.0375971764282033	0.031683935074245
-0.985372558293164	1.9052405481557
-0.462140648838656	0.7318467436011
-0.326975936650044	0.556774988705203
-0.415486423114564	0.546420172773598
-0.307099595563037	0.334405759047641
-1.07605586313865	1.80249693264759
0.13496764103621	0.125900146674212
-0.436269766172174	0.509235336456279
-0.434649474196993	0.619360521100489
-0.996885188128595	2.15390884672076
-0.206326189546504	0.261075060829145
-0.0831800583506837	0.0832421583582453
-0.474361484165412	0.56261009759319
-0.0877381906095515	0.0772653621328666
-0.087546891766534	0.0705832381379743
-0.295747998248934	0.304528737374521
-0.555742051385371	1.13525195127668
0.524551320641548	0.675029241728958
-0.182146732343973	0.179966486609265
-0.208197506135794	0.206083882722215
0.0143787678106199	0.0114339296232913
-0.152094323301369	0.145196224360231
0.513688579039989	0.666773588957353
0.187362969128755	0.181503091435197
-0.367364863026424	0.413094138034695
0.248600311031709	0.261385992042907
0.0790269385701151	0.0711375700151844
-0.739227465986888	1.15723021644229
-0.056052991926365	0.046360366819896
-0.132159311847971	0.121225036162542
-0.31650291612454	0.320998274114284
-0.585425070617184	0.703379281768126
-0.171670223691074	0.172662652365365
-0.129849497456558	0.1141757504443
-0.618139530238317	0.737672669079557
0.0473443279547957	0.0357822213658627
-0.300608190770217	0.292654821379787
-0.279519540458228	0.329025861607444
-0.588134744638843	0.731586790592542
0.252111422648282	0.270483726964182
0.190888998057373	0.153475430986178
-0.20235632870277	0.198331849499766
-0.526525690470258	0.76914626518421
-0.0194118451692362	0.0188610204132203
-0.260685309172704	0.290971431151657
-0.281715315907569	0.385879941741174
-0.372940478203986	0.597048099909156
-0.511419839692156	0.683723128630947
-0.0701812725593737	0.0622166982744152
-0.199339136545437	0.164060099628989
-0.278163605191889	0.217061869124388
0.37272944645546	0.397682757914998
-0.24147863634544	0.23405519486804
-0.0193948300220062	0.0169320885683196
-0.372694385997054	0.527495274266381
-0.176860802569619	0.208999308860161
0.111410291202388	0.116356163055783
0.0272551926446988	0.0262640427418746
0.45226001825133	0.431294075264073
-0.352782326907701	0.324532497766314
-0.766215250396082	1.13729379980577
-0.145154461346293	0.166071685690373
-0.817390630521506	1.58518675444267
-0.314290074784624	0.40438219664671
-0.587717020211161	0.852776222652336
-0.00186702092897125	0.00142529015949241
-0.0698574768536226	0.0569695071868454
-0.154215452146443	0.131857372744111
-0.11875865345271	0.105752076059633
-0.628117600591726	0.972780194719745
0.0795933841844763	0.0731976336092158
-0.885230287326482	1.66078823100881
0.146740566341784	0.141322475929803
-0.0627330269840546	0.0579657991430133
-0.515484963910575	0.514205552791233
-0.537344195338061	0.583450102707368
-0.3991976471799	0.449207679958589
-0.195270448736679	0.260551579263185
-0.466242903896506	0.506815704985306
-0.225499500209891	0.202363388739249
0.291307865007857	0.240262993818199
0.626386795880814	0.798153312436364
0.970515251732263	1.25627670384335
-0.290124537541627	0.356980211472655
-0.656264623173228	0.807830116570836
0.119414221339434	0.0869504287813087
-0.0384530653547201	0.0279480882088439
-0.45700120367094	0.471039981551901
-0.112370327536638	0.0939530799950353
-0.492305232337028	0.570421215882629
-0.464603849690319	0.545295265670514
-0.712082937561062	0.905793888431395
-0.955636238635164	1.32027804873361
0.429651172075219	0.502901871718373
0.393039673509198	0.421011823428555
0.134045783744871	0.119463624895087
0.111042526743908	0.0810595537776448
-0.207539645514359	0.148438402517651
0.0253493999433296	0.0207717894124123
-0.243889687769013	0.228016591649385
0.0516016014362317	0.0383638642880988
0.126323088694862	0.113918816186558
-0.675366178899134	0.697490369040422
0.115929121777161	0.0876703401757976
-0.295405788432275	0.378481338108157
0.0503365636334593	0.0514839621967756
0.528857044432618	0.619801452317209
-0.357371316766867	0.434590687155878
-0.329956159801375	0.490885276145543
-0.51895975802517	0.716343998043633
-0.256024647348451	0.301124945652578
-0.2398141545114	0.163611939726843
-0.601175430776456	0.592072610109228
-0.382462872432528	0.281182485572618
-0.266491550280753	0.232928321000031
-0.309739428646974	0.261681029717408
1.14170555067826	1.01247370892764
0.271745628481603	0.233147454509291
-0.568853385411487	0.910306949331867
0.498216698889015	0.810763849048135
0.474084100846896	0.514810968767811
-0.0949175907746064	0.0754402241322893
0.106935538834912	0.075392782366166
-0.245766997064139	0.168621013463486
0.928599674204567	0.986703733542861
-0.688215335215481	0.790309004960315
-0.386366862179766	0.512873022355053
-0.512682081777757	0.659396813965954
0.123685264321155	0.153146687716696
0.436772756064343	0.578149616690266
-0.958852145808051	2.01207277060561
0.33705063784375	0.482813198644633
-0.410933979100602	0.516006068863401
-0.077650278732599	0.0855039057194835
0.278635695359117	0.32979714001838
-0.20147932646488	0.227343220223186
-0.63908937435176	0.574880386608293
-0.0993492625460968	0.0522643137425584
-0.564167011457215	0.48253242748133
-0.796778951264621	0.752866006937329
-0.33181806744818	0.25353796221081
0.00236417718465049	0.00184079448030338
0.537217924069581	0.465315735760539
0.625697108850609	0.655330365272837
-0.198072066918806	0.115823573312481
0.748484573648449	0.699621130426798
-0.0892639935809777	0.0594003878904263
-0.127233036343727	0.08357552719944
-0.0831250002401671	0.065221183583095
0.0280973000299193	0.0195762550863683
0.125424180402183	0.0972826995598422
-0.722806590935297	0.696364619633924
-1.17274708955934	1.34261481239988
-0.352615537701983	0.406222485526516
-0.181327743850042	0.165805338503307
-0.856192275422849	1.01565553156395
-0.0202850183612933	0.0122595230983979
-0.365709469436758	0.232241671071991
0.479953378307373	0.353922035671601
0.352616842723075	0.228634842261683
-1.23930078055815	1.72316593352458
0.803000308744827	0.723585428874196
0.10554738558147	0.0735360519585636
0.331819595235172	0.229662175794394
0.459150430957774	0.351977505768209
0.196809776921871	0.18032827355907
-0.560476962164726	0.724202536319912
0.448563383695548	0.326140751782107
-0.363403316909939	0.361817180352073
-0.478894483601645	0.586468057158516
-0.203602745018298	0.231291770189894
-0.424912202949569	0.266079582003266
-1.24266632578096	0.746006171091865
-0.384232524332709	0.186599832361022
0.0626140854538209	0.0279734214902843
0.0664620445885784	0.0279525082989422
0.0752694682443372	0.0343792339534379
0.526869086646513	0.273526997979039
-0.0488942585323404	0.0275269769224351
-0.238714261853615	0.167738748626605
0.293714177572895	0.354614525110802
-0.441887320605906	0.918663094322258
-0.0335164673788316	0.0249241659936422
0.846272635066844	0.874218356698308
-0.243826077857841	0.143652787687095
-0.27757344179395	0.152194033527783
0.513111452334481	0.362162866654609
0.406147986886229	0.339255367273125
-0.19620799461919	0.260078817142445
-0.226381845967935	0.215477132380105
0.288847751062828	0.429068392774794
-0.343449041447379	0.765141195576834
-0.11456133179777	0.178425998948038
-0.0135228320121584	0.0181278094683423
-0.3073621847129	0.434809009114881
-0.0124019423700262	0.0120196675528149
-0.48933604550283	0.6708358915043
-0.562540911637596	1.03960142000903
0.207553066334736	0.122190308805439
-0.134740674808099	0.0847487861086976
0.926353437434281	0.775801718132345
-1.56081868853771	0.869372676618429
1.39060331479087	0.839274253480042
0.154263779067221	0.158154275721393
-1.02148900209743	0.629928388661448
0.0691487073630355	0.0324201197125987
-0.377777258964675	0.184526396990875
-0.0616648756055176	0.0350596289848884
0.413378510883699	0.248820772808889
-0.521576606709369	0.407629484369332
0.39742931199238	0.331482383411224
0.417653689262346	0.247832055828266
-0.083197579113004	0.0454799203250554
0.0638211938349437	0.0332189161787349
-0.667860365576869	1.51512812853352
-0.618527560184027	1.05351378911624
0.763290197453447	0.980869646138317
-0.285899668871828	0.216178489430427
0.0686916014726902	0.0390047311916769
0.358128569259235	0.234419793589274
1.01639850935112	0.736514748212708
-0.329521240822125	0.172723977069224
-0.880719715457698	0.767876423600293
-0.562257056205981	0.308864139539708
-0.270325952683569	0.145564746874961
-0.866722505305543	0.49022310068122
-0.875772729628776	0.5781847388537
-0.0908434700248095	0.0607319081530415
-0.236258063412092	0.225284569164619
-0.0687401782906989	0.0376363000368258
0.908873489098694	1.05900589687549
0.195289706899606	0.164414459812348
-0.0481725513696391	0.0638565301525332
-0.323677476587922	0.171737957631577
-0.889432447644336	0.700248632178751
-0.0564269916678744	0.032251068724351
-0.172907218415903	0.0721812578410915
1.5108872255304	0.770574620111666
0.462177782139885	0.261379480193382
0.40800479502452	0.239957568094104
0.087696952866801	0.0302564031978467
-0.246419335206642	0.1451335547524
0.203736205499427	0.136656636825761
-0.28019799032923	0.397038244511284
-0.0643670898290554	0.0880562166611425
0.484751613745853	0.509778099104404
0.428275474319573	0.331771079611211
0.0669948537974304	0.0329186135756138
0.378582471966356	0.157137582371217
-0.722542279585756	0.697240284482473
0.115558198562515	0.086601207033641
0.113444945141894	0.146172091813768
0.398979297764177	0.508360624893056
-0.504353754390108	0.97822126273201
0.366109403167323	1.04885143826144
-0.27284801190044	0.561024309923657
-0.184355016937858	0.321190357143629
-0.495460551522607	1.05641350476247
-0.151462699232158	0.177389709561592
-1.07460851697304	2.15354855414127
0.17039424254446	0.22161166366733
0.963506834198992	0.939660263414121
-0.145795474148909	0.0657592854375838
-0.172265758171725	0.0731385890132623
0.320049973674744	0.144156430908686
1.17817045212351	0.783736635408275
0.514538043215626	0.769424076671382
-0.681022553025251	0.501075368150312
-0.565150467790722	0.30910847530789
1.55877162036337	1.29719383094201
-0.323324702853424	0.167355766400924
-1.22604147508715	1.35909191557608
-0.70187501428962	0.575751938824293
0.533566234887342	0.451893253351158
-0.796046279431667	0.749048283938216
0.098688465480964	0.0622709224820784
-0.571426180743749	0.306617249083977
-0.307320073538561	0.507363744385289
-0.49234486426364	0.891179180420524
-0.660645732675443	0.999828234521914
0.540226912068397	0.52668985906303
-0.279170482314757	0.157426549311752
0.0798235052519345	0.0337619964750328
1.56771784003772	1.38770453409801
-0.390263912105672	0.185738373239364
-0.205257971371322	0.126359174052348
-2.53282154240054	1.50902211207396
0.318551878474289	0.145530666940888
-0.223537837652235	0.0840102926128215
-1.40019766929016	0.898126734323108
0.201810276100879	0.152426241473718
-0.496099709709516	0.576322779973315
0.760944913168451	0.508677752340904
0.264686554923947	0.250338616209409
-0.477151379985846	0.648312578809888
0.0572077532876382	0.0439343032837477
-0.118906522761867	0.196967366009912
-0.0259436115041352	0.035211894084714
-0.173666600745413	0.279805058111232
-1.90955041142092	1.29870871808627
-0.424676922018409	0.260491237724592
-0.677284748586973	0.345771492584878
-0.320736432142467	0.16813748123222
-0.883806748675906	0.605440707851832
-0.973446474105194	0.893166893493032
0.233600700135724	0.132784825956686
0.469373452468382	0.257774469264968
0.325328591618947	0.217705815132248
-0.677732027290336	0.346273300871534
0.224670502154226	0.125865525980218
-1.24409987125145	1.05122576809643
0.246094848753489	0.129008047773858
1.01583936151496	0.733695905620389
-0.114822107133367	0.0748162195430722
-0.168411916812925	0.182019016757475
-0.219356949236594	0.302248548832735
0.141753734036027	0.110631511933305
-0.560712893515433	0.305500139740907
0.0747181069573567	0.0317445710031
-0.216540305654371	0.0837825153802792
0.0675417418096719	0.0289185555182788
0.208170916261182	0.1612550210252
-0.114496219529311	0.132770763566713
-0.211077768013789	0.187622791138061
-0.296137165185283	0.391204983710452
-0.4225601510382	0.986485977374866
-0.308512598440561	0.571022290729547
-0.0247521418773309	0.0338397533505852
-0.311608374294169	0.530612795852453
0.603050229919081	0.991079019799593
-0.361890188011464	0.462191363144593
-0.394940520461051	0.628461686137221
-0.0317832887647981	0.0186987333586666
-1.81804338382884	1.52697486424521
0.224987264673735	0.124138673584341
0.528046181510988	0.272513184872445
-0.483670151191617	0.275356938772412
-0.856386789553275	1.08791367644124
0.245889365167805	0.128521973303174
-0.582170199729159	0.309420874529027
-1.13693835744823	0.931892662686032
-2.12117443729869	2.14430783683937
1.00994695199738	0.623367176866872
-0.945820022476599	0.975283208215615
-1.01303818898299	1.12475871766654
-0.0687401782906989	0.0376363000368258
-1.19521020340281	1.16607292096827
-0.489874030533112	0.278741058635039
-0.171251815480548	0.0730994087275723
-0.730380707728824	0.449283123453088
-0.782400201371096	1.42823997322257
0.148197330638977	0.154175720095403
-0.198873333330112	0.162099609349995
-0.134706464392103	0.101692509281603
-1.69195430790823	1.31450563458246
-0.465296529752512	0.207820972335089
-0.693357606628203	0.568912832927762
1.16959835084965	0.78951117507377
-0.321279364198891	0.16573400129374
1.31556727012315	0.975430414947473
1.89435230533144	1.22809614348174
-1.02828429206728	0.6571494446298
-0.677925460191798	0.35059804667587
-1.11073199494539	1.23096064610649
0.516171766461626	0.588772540684359
-0.330021762578056	0.168909479979828
-0.278108743315676	0.190958268230626
-0.119631490594151	0.102774909300243
-0.670433341908966	1.76161539921986
-0.734644842489806	1.57960460096014
-0.341394516434857	0.40391593309893
0.713652235771728	0.405110078717096
0.0875375591889345	0.0516468225550038
-1.4359855380206	1.18347637690452
-0.974414047846674	0.88692822272752
-0.868520224354617	0.489909074225065
-0.788612608801814	0.640708566909074
-1.35847698389713	1.24485033384905
-1.30220644175771	0.983686530975307
-1.43606984767382	1.17188949054727
0.239175757296973	0.120591968827754
-0.466929683959381	0.201889064508679
-0.164856126995413	0.0696657752568971
0.399868335100125	0.226220426674399
0.669818755642407	0.595589806074471
-1.43845575592666	2.09741901400347
0.0766734378190264	0.0797418927861388
-0.43021886351154	0.873813748343522
0.767401835969686	1.19842150671238
-0.71709315552028	0.695461264379671
-0.419850024818992	0.337803863643576
0.409063929969489	0.239846247219107
0.0906916655149	0.0530028202489186
0.204690221423122	0.171771641560259
-0.220632729438484	0.327041272046276
0.340345804384335	0.414941473816497
-0.0517209254019389	0.0581834976089682
-0.205543852602496	0.369413353211995
-0.112250180282426	0.158717335455827
0.219009250086155	0.402037306055684
0.258272994065652	0.413323684210495
-0.0522547777917321	0.0578699243099392
-0.277606646308124	0.369621030991723
0.070835036766205	0.0828995604725037
-0.671070758324521	0.495189170148499
-0.335003074064353	0.168821143764895
-0.557786187207738	0.381793777820185
0.0800733861069321	0.0302412056218928
-1.40026516560329	0.935465057362527
-0.0922361831817114	0.0890814459684501
-0.120762057277748	0.0595826400596564
-0.48515503697544	0.279525420812128
-0.677671803774292	0.338247195351365
-0.242558899705573	0.140182411944093
-0.271100722982197	0.147937891376194
-0.712860093688651	0.639992479508547
0.209757135130294	0.136931875254064
-0.796718838144469	0.699774316989382
-0.423340831951784	0.260521576062783
-0.483886421892591	0.276291529271945
-0.472303445978938	0.213469597925624
-0.32248416517833	0.170600754046703
0.0665977396226817	0.0353178708601952
-0.242995730539279	0.140582827868677
-0.237524529328522	0.331605968938208
-1.22140884253718	1.98190146270304
-0.408656379813891	0.357928987512601
-0.324776129210289	0.217251905941175
-1.24144293512213	0.750201646947549
0.416430449008528	0.247852888620494
0.275643182534103	0.129327980296716
-0.0923923500237017	0.0485902676997943
0.063671759048253	0.0267182702917397
-0.119892652282599	0.0590715295075047
-1.88257859794986	0.806305570090353
-0.85860212052215	0.484881675302816
-0.543874767258215	0.591561058405056
0.153652036503957	0.150906021980868
0.61867881070768	0.38553753081319
-0.641146679139332	0.715962216583236
-0.250394757616963	0.255775661158922
-0.313276165091848	0.567069941550235
-0.0916330409745696	0.107893746606297
-0.321281308426282	0.449148021494921
-0.471362810610671	0.477617201465282
-0.23257123811178	0.161117680775877
-0.118653331585016	0.0898760709458983
-0.0577777974994577	0.0481724423879293
-0.147628376623785	0.107390669715179
0.750648108609834	1.06833083822777
-1.20890699044762	1.91889574325305
-0.138493920446831	0.104499859395517
0.191499554114024	0.160712730569925
-0.0436330992734136	0.0311457007534546
-0.454542824037667	0.396637853546958
-0.123155646205938	0.0952738607423755
0.00750797790954859	0.00573733109998378
0.117660077076863	0.102914956230348
-0.00893188177320279	0.0104604743272102
-0.510620065919797	1.05725371257098
0.0957524843761045	0.0881477692348135
0.277046691339269	0.24298331635145
0.189285185632048	0.159572354273173
0.345694252782291	0.328240872206077
-0.382893152123423	0.38608781636019
-0.649038708344901	0.923241483639309
-0.165449730113086	0.219184620658635
-0.235573057747251	0.321522618497794
-0.274313403358426	0.407511440604984
-0.113252600111279	0.15159824744201
-0.20499212754064	0.251392590593025
-0.554198552962345	1.10995035302874
0.0166538874175818	0.0185657988814985
-0.468947299602736	0.797585331636076
-0.376877318738405	0.509007196595724
-0.332120153527253	0.479167856999923
-0.0169932473481449	0.0128423253159475
0.127998729827053	0.109501987564597
0.34029113114557	0.322902906300365
-0.793634679498782	0.874963968583476
-0.25628070489173	0.243698417385618
-0.109884544602422	0.129083103314448
0.0514455047324881	0.0465458044500715
-0.623513623379327	0.668966412283962
0.550257397656929	0.543173227859431
-0.714708247072335	0.935688050781375
0.410553562469578	0.399588836222507
-0.0152269872772934	0.0129652471348932
-0.769599007763725	1.05456724869585
-0.228246819342896	0.206202486876342
-0.416234651415176	0.43051527376394
-0.718568260861767	0.750898284435982
-0.528757892096733	0.494927745151702
0.718428625219719	0.769957142485343
-1.2214976457549	1.72908814601967
-0.537860906332594	0.57245737526473
-0.215060781775199	0.241850798481072
-0.281977759519028	0.331842387965805
-0.602304573141187	0.931843955053561
-0.269264122741511	0.278771371984171
0.118945117032043	0.0875817548172257
0.21506623922863	0.165281807425915
-0.367783453491474	0.235846743258874
0.1942461664764	0.161392665653862
-0.446875125104696	0.496648159934732
-0.610044069598073	0.631475848079687
-0.0635363840608803	0.0519982277024967
0.423420292282543	0.414218489873108
0.356710568667984	0.326605024053935
-0.494337899366232	0.613855615218227
-0.224890324298123	0.276856099292248
-0.493743873423665	0.574041148789432
-0.692678845799322	1.0022683890851
-0.672946538042649	1.22664389204641
-1.3140247784194	2.95643617754758
-0.041349283736854	0.0347074200906278
-0.459631822540063	0.762518858857413
-0.131168458307809	0.154899199552338
0.0774811643833986	0.0692317107406379
-0.269503710117127	0.235667132485721
0.198019830450009	0.183503401176757
-0.233663356930574	0.223008539304697
0.367145451051759	0.406703173090597
0.965019783217682	1.71781848632629
-0.248918379343092	0.285717558245611
0.852536216155365	1.16348879686872
-0.762997794673468	1.18548805612603
-0.340528284380087	0.338380203730045
-0.138695094464887	0.133735346239227
-0.252458570443337	0.256549302053204
-0.109203227834539	0.0852196451570896
-0.438674772712595	0.573107525305684
-0.0580474011824229	0.060773769481759
-0.155496995695535	0.199442488644256
0.0336995948615294	0.0346498945083105
-0.252720381985762	0.260450510832032
-0.81130426112201	1.01522604616066
0.285366454370119	0.309375270872253
-1.46803188055971	2.94936658891528
-0.0293187917668648	0.028806151023624
-0.656259084313662	1.22440946614966
-0.354579974841525	0.595312983915176
-0.00650428270476919	0.00641876941622444
0.716686149071271	1.34187139624518
-0.185041418782985	0.184240540606766
0.00524565125053144	0.00500714216307363
0.00443597436969759	0.0041682571418245
-0.574046306116162	1.01372073947667
-0.197025824000582	0.221050974665214
-0.469425295908096	0.734067456711107
-0.125193750360081	0.120349102897212
-0.472732652181098	0.611645573815564
-0.102819480249512	0.0782466129528679
-1.08748695769094	1.54146420471903
-0.571459842999842	0.648432238528381
-0.353693326603162	0.62118542035549
0.313832874349059	0.310912293598212
0.135424550339	0.13097145193161
-0.584335330787899	0.62481128725847
0.0710685880290225	0.0589722870679499
-0.541705821075266	0.616990784940431
0.0903390393804148	0.0858865416536172
-0.238863803317784	0.2297915493927
-0.700659719809291	1.10373465045726
-0.0373614887325966	0.0320813768935173
0.716963760061723	0.856046249166594
-0.22930295829335	0.202349084860747
1.02985431282157	1.72693441078016
-0.0157636288028721	0.0136434139718189
-0.851494250489816	1.36651003410615
-0.0401668145982131	0.0295461341248664
-0.287325949391557	0.334599594248328
-0.0993731948093814	0.0915456660351544
-0.385581778025272	0.467402657377004
0.347768076145476	0.340635716260619
-0.398390135708032	0.442417463044861
0.351519137645458	0.332929699477605
0.506529333631566	0.590255009645024
0.320242589011997	0.344269800147797
1.04398194341959	1.75137878915784
-0.511401336058875	0.517195418597781
-0.0652794352350087	0.05290193093198
0.71309667566597	0.87039067292843
-0.23218367144038	0.257033130299963
-0.60836583095681	1.0691723459281
-0.292424368395037	0.320387895336122
0.584623216776387	0.870558748466123
-0.213400845523623	0.267158432216027
-0.394169500611059	0.544757599762532
-0.0113965554982102	0.00967398903612418
-0.576766889938879	0.868269333856309
0.156887676237306	0.164016854240722
-0.180826118631182	0.164754951553915
-0.0890272884437158	0.0954039231768875
0.503788921527725	0.789172512967987
0.404037196706423	0.502484427634357
-0.104727366935081	0.111209060891336
0.0901915958148849	0.0809699832957655
-0.515894404728973	0.701929175258419
-0.206521744952858	0.218418778599963
-0.121190493129099	0.11710485996948
0.345872682879765	0.475595886984269
0.247542462944903	0.268060157565196
0.294163024194173	0.323948025735454
0.608165213837913	0.956173293632685
0.251166350116373	0.291975214984873
0.601370575125527	0.95008160808504
-0.0587349382378011	0.0551883394409946
-0.260220229477577	0.303393256506537
0.055260716017073	0.0616452382397623
-0.5181779106191	0.794067665562939
-0.779294431313314	1.46131679853956
-0.536921038619636	0.788298102559597
0.207130518924113	0.168867897614416
-0.14290821215078	0.0926504996184611
-0.301353729455077	0.234551711583959
-0.858450415799007	0.972733332938911
-0.174597125971163	0.175396782853573
-1.25177526564216	2.45200170794658
-0.524390558424533	0.660375907319764
0.400407197136686	0.569023910678591
-0.0699240758572609	0.0573507369896429
-0.509129338259139	0.624599619262633
-0.576378056469962	0.765715597995393
-0.563260511369351	0.959316989573051
-0.383748741946622	0.583240500153277
0.325653884847553	0.432952350948979
0.837248966681535	1.35480471431868
-0.404704445822228	0.452481257799168
-0.76163447036894	1.33947493834049
-0.175131253047678	0.20223036334416
0.00793946470364845	0.00725974976600924
-1.04832188048703	2.0381564032785
0.0382316317063676	0.0344728928777043
-0.170512760152261	0.172981737284613
-0.302913381796483	0.282728467697274
-0.416271205761689	0.520735602218539
-0.844416910363221	1.23599447776839
0.0841641074604802	0.0770635313182786
-0.795244518607627	0.9319728986647
-0.29249948338542	0.315616040428987
-0.390114725411952	0.384898069684524
0.374442184573319	0.324692995886366
-0.0229632086739643	0.0173468397239796
-0.242156141299651	0.240737795734512
0.0653739931660825	0.05993804635408
0.11055101110698	0.084202338016606
-0.56060080165492	0.738911697508404
0.48038233698714	0.590512047068925
-0.0654561666513483	0.0528939127186557
-0.0636644258335047	0.0638008912625929
0.354806636244124	0.414329586688323
-0.129167186678106	0.141922579567852
-0.341774846606217	0.411348450639475
0.245489561982447	0.253420459660301
0.186768686765857	0.230057996031995
0.148665616126469	0.15617974820556
-0.157628493744263	0.16304958812235
-0.248225958725122	0.303914399822305
-0.593746763794959	0.813482287956816
-0.705850719473701	1.62452068368911
-0.165201465632777	0.155463734051715
-0.566106219103162	1.06623174327302
-0.289260617568349	0.300148774318086
-0.155938200414561	0.116379378142162
-0.793988398223298	0.875197770324804
0.35720964187847	0.344795865780535
-0.0819369772930473	0.0754203790439043
0.559800182676981	0.811888649431745
-0.39403893251216	0.418492263015638
0.0765269547157046	0.0652053514214293
-0.125841301670094	0.108552748032595
-0.0274599807110368	0.0296607415479316
0.113093623709678	0.136949585668114
0.123097449667392	0.175510059512118
0.230839939582554	0.311159807652349
-0.0730901052748218	0.0641844663321006
0.30509536940031	0.330347156899572
-0.345706805912566	0.36087711449143
-0.561997917831974	0.746234999110091
-0.275874431923159	0.355009111101203
-0.251121580315605	0.368444366617203
-0.0921322752389762	0.104740694552248
-0.311166029811749	0.50568752830399
0.158781668221071	0.16833275692402
-0.335136177145417	0.409027649432042
-0.159043634394715	0.182650150075592
0.0533121921105536	0.0528651575966427
-0.340109326128687	0.395256968660237
-0.285707815889774	0.411281158525292
0.0822741915360093	0.104454445769933
-0.211952186072065	0.207055787033559
0.425374774917302	0.506670647411892
-0.336365733895716	0.432697627129085
-0.222082944692449	0.216399951902636
-0.0398786102274518	0.033934089422519
-0.689775064085898	1.63378533216624
-0.240307675536901	0.269160059082125
-0.121241620183663	0.104072763501349
-0.0254639671774225	0.0221377026253308
0.0140153314800524	0.0111271822007713
-0.492717743717722	0.572304818266496
-0.307153324963305	0.353498938161082
-0.469492388908514	0.598579712484152
-0.326391439651382	0.302656765895737
-0.104996306087976	0.0994728976954998
-0.0850819643297169	0.0785007118577827
-0.00214044505467837	0.00236738814084553
-0.490484717024133	0.665318120369832
0.147199884907589	0.148924710471902
-0.30029141315286	0.331276840549243
0.337083432235845	0.425450416223365
-0.148343336649887	0.151321224306554
-0.310927277407882	0.379867814031784
0.45212211320025	0.571918966649726
0.0108254603751149	0.00899154525213968
0.322672509988114	0.333369382467234
0.871616831402371	1.24039020934169
0.0399777974001155	0.0362427846592472
-0.210607490249323	0.224239652844882
0.103804405523286	0.10481177975584
-0.0992075527775567	0.0759433591617237
0.188148898211142	0.1660726305338
-0.0364218786954862	0.0306607251137119
-0.19057828050413	0.267196611697432
0.451394209308166	0.74823359899973
0.288339360744066	0.325278109458848
-0.38371397886356	0.501184744953432
-0.64625269506907	1.04368787615587
-0.671548845079559	0.959884343991478
-0.0159306915755425	0.0139794738563877
-0.105279268888614	0.0934937371518769
0.258170647850832	0.256688642687849
-0.0895825815706345	0.086193272453499
0.122516820887721	0.125009659963419
-0.0541057102249292	0.0493862777034671
-0.0246988267657928	0.0206196185520211
0.199878731620624	0.176218217733758
0.0843487077951365	0.0799196059777736
-0.452549502940947	0.571806339002385
0.0636258706616509	0.0646837172089714
0.0381461995010783	0.0333289529429466
-0.561634044417263	0.710926833203107
0.131095533141104	0.14232652534885
-0.304664729501242	0.328846086859311
-0.240574069529943	0.233350888317851
-0.397271332756977	0.586384184827921
0.377714133325054	0.547180279220564
-0.22826096449657	0.262257921865885
-0.450192883870744	0.616527833938047
-0.397350119807214	0.376777312917664
-1.17467313269243	0.820177922389075
-0.0594403692288217	0.0338447386391021
-0.870958113009718	0.806023078353129
0.200351454454017	0.141735890268481
-0.0394095143545573	0.0341179599510175
-0.152451593131914	0.155275817886816
-0.617777362793575	0.863639573255046
0.563238617009713	0.860973448941396
0.116602860796949	0.129345591979086
0.259011809400075	0.328849005310934
0.0969834011342064	0.0941171717447744
0.153977786663782	0.153689388748658
-0.522434141145088	0.933590708584314
-0.403898437512031	0.570716216456164
-0.478948790442838	0.693438085200236
-0.399887168093248	0.558992389677504
0.0442110035212092	0.0415923403987458
-0.223791829899168	0.221046059148533
-0.651192870991428	0.753365556889149
0.352964045186643	0.339705298434667
0.304997527035606	0.325058591129292
0.53916451925794	0.619655533899436
0.647425925266812	0.673269175868424
0.0509623901022555	0.0400257326414409
-0.108638730466521	0.0927699006975942
-0.108289679692177	0.0967806747718428
0.0724715310272808	0.0617417065117072
0.135284249986691	0.118007979071021
-0.174915065604825	0.141022356362137
-0.16742093846416	0.154421636807224
0.319789892187274	0.443049925270677
-0.0925124231359757	0.0820557003938047
0.0180904689515434	0.0179656934852132
-0.0989337908115301	0.0842592678296096
0.00340874571836169	0.00284932202132001
-0.582348953555922	0.923154018960246
-0.472766944801509	0.643364507604894
-0.282743941900368	0.267085697524966
0.127831522426567	0.123325937381305
-0.228135023576215	0.233734788849283
-0.833159547513934	1.46780982650326
-0.746873368207501	1.53992726401485
0.0585039265052935	0.0672915890487197
-0.12022705879697	0.14850072352576
-0.0790653924996988	0.0985393593386758
0.013901010897166	0.0159272700112383
0.267739578840184	0.453560621326021
-0.174982589621815	0.238869288467259
0.210267048268208	0.314446819467525
0.296180574707816	0.434255099927266
-0.00833307470831111	0.0083107089340283
0.714747764030402	1.63548767379945
-0.058418918093595	0.0776452941088756
-0.861457384158315	1.06432888441148
0.38853589087274	0.422873623615014
-0.10991587750422	0.095563249285682
-0.402706560814096	0.616380132715296
0.380166152471974	0.564179716060803
-0.91838693108452	2.10846935671184
-0.417347303305113	0.659774136836218
-0.249496016642468	0.27954256288895
-0.172257701606853	0.204090461489527
-0.38960602449706	0.31873009468199
1.56564408054852	1.33718173801587
0.780255812743858	0.530026094368136
-0.781734936928911	0.609947426283137
-0.327048569018335	0.241047287370849
0.597751418337492	0.64582515067573
0.385300805558479	0.421803603424301
-0.699122145422208	0.824742226432907
0.0881198572514537	0.103283460147044
0.420382879844411	0.750396398966569
-0.74981101303835	1.74088658293013
0.561200661785615	0.991718144770027
-0.176660276263151	0.240352394484873
-0.484954387622057	0.852353569257904
0.15793746652518	0.197059046526918
0.301798031628944	0.482043165676152
-0.21975318415359	0.306782617875732
-0.151995755383923	0.205050743312422
0.0634998788092748	0.0625767639185062
-0.763776585140628	1.03219046536859
-0.068599884424626	0.0559665679663772
0.0186351719222532	0.0147548834116834
1.29811089537675	1.80414041504468
0.09664563349458	0.0601823010844781
0.549791505899298	0.466737726787283
-0.514013329945128	0.581106120971195
-0.837064652981238	1.68854138425056
0.0594316640186258	0.0588098544618829
-0.170187277603111	0.214610622655771
0.366666208112803	0.545910387602613
0.296706767166849	0.408848200305869
0.228778309454574	0.342694632933145
0.126825030972489	0.161096059981669
0.121668625351899	0.161338151345808
0.160415471554399	0.207955630300893
0.245030547144103	0.334134392918376
0.196870894924867	0.239134072720285
-0.234787454740373	0.302298398278446
0.253327047929723	0.359898059958529
0.149434891513833	0.158200517155647
-0.321465103627541	0.390482229172093
-0.136072411296849	0.126188597214302
-0.272808405115655	0.396881440280002
-0.0692801234685657	0.082057347244876
0.314331762030419	0.445188746287187
0.364308499133192	0.582179224309543
0.0732093091996399	0.0990681710014311
-0.401485316812966	0.638666963031008
0.559025561346942	1.20643074214579
0.0208780740128507	0.023155676104042
-0.133785406279349	0.184084140514937
-0.573178739336112	1.06023271902421
0.560471825731826	1.16394773286422
-0.022513236702728	0.0277316675070333
-0.194181662448533	0.190015967388478
-0.282428759436557	0.307459084601234
-0.464019651808565	0.731837618761262
-0.26013637273582	0.397425220629576
-0.866626006177868	2.08958346282831
-0.45252591575558	0.539395022434582
-0.938982101044846	1.81248066285874
0.256317574435788	0.23883190167143
-0.0712843672379013	0.0392046886241766
0.257351153720658	0.135274683594749
0.659386855383072	0.580874306108951
1.03939896107988	1.39235284659867
0.139479019432873	0.125217317304861
-0.0851869317783161	0.0679327154625097
-0.14216393875294	0.119904135346523
0.486267774100392	0.884488714132967
0.328372203824711	0.509200905941289
0.112132573636718	0.152659987063659
-0.497898781480086	0.849879561197201
-0.454216468794095	0.800723438601919
-0.0517373840893881	0.0614265087843343
-0.322255224662304	0.524204833376237
-0.0451724268039638	0.0502266417129376
0.22445194092233	0.295773289074528
0.0405813178209838	0.04923288570834
-0.135915982084959	0.174858003679101
-0.150452975416569	0.210183852587507
-0.388949774929966	0.650948578810373
-0.186571116393049	0.242820094724001
-0.119691298393346	0.124970099665353
1.06425527748211	2.03191473916204
-0.158444200159556	0.174216822828964
0.208931075026585	0.195347137061418
0.201260873153821	0.147478611261574
-0.514349846563139	0.441488625072713
-0.10804686759579	0.0848649443401929
-0.0351661502670981	0.0301999595438135
0.558850004487286	0.939360908893131
-0.368137425523155	0.548754203483344
-0.215733636145337	0.281968156966908
-0.185588315249464	0.231185599914568
-0.0451658155391552	0.0504079203720659
0.339503073924872	0.536921411003183
0.231282100892214	0.334477883887
-0.481184808127438	0.904473198004417
-0.421687308499224	0.727277826703986
-0.247082354610115	0.380014103105041
0.0155818427241725	0.0173893723145674
-0.241201752731489	0.320204500265782
0.0847911791234619	0.103162687542852
-0.0413645023714838	0.039038571878938
-0.314666455232011	0.406234605879265
-1.06030302902539	2.33691240272637
-0.431597598225567	0.57151913438277
0.724895397714245	1.33166141242936
0.0108313382018917	0.0116152275610964
-0.185210664457531	0.236854980572172
0.301957291905783	0.435478762023228
-0.732520176698685	1.5121333675172
-0.368636527002875	0.490623926252962
-0.0382637560510082	0.0430704635085192
-0.741896210119322	1.39032529294899
-0.169712627794203	0.200919923578142
-0.0807852747505953	0.0966826499395153
-0.194599269077224	0.190901151803036
0.00988895236682079	0.0111687230006555
-0.536541908155745	0.897154560698851
-0.17437140901837	0.213395898111729
-0.0196416041744958	0.0188270763705544
-0.176559410641086	0.2094250093428
-0.222131477428877	0.23285772289096
-0.205310562791331	0.145279241776953
0.201005742759784	0.174463587005671
-0.659791879798686	0.641165742425889
0.314511507676732	0.322730452681662
0.0545379275164666	0.0436885572476954
-0.263377288726092	0.332957014881035
-0.643155713648806	0.858804566530186
0.198070086832566	0.275235661566237
0.0850323220734187	0.102479958621756
-0.297647504338099	0.387062001674657
0.140176259966601	0.155985031648538
0.161850416741197	0.210493023598126
-0.629429544708743	1.16285210254609
0.0701933437627595	0.079421364826955
-0.212447295047775	0.323654414193496
0.341320283603114	0.518671710203452
-0.568049045137923	0.974646251184603
-0.18853176387302	0.233386802617145
0.0560838009722604	0.0581350674977384
-0.126483868512099	0.144866596058885
-0.0283275373024735	0.0270053272629387
-0.115769317447674	0.121771745813898
-0.111611175969888	0.13461943826306
-1.10818360697126	2.05591852395683
0.3320426242333	0.414726998425795
0.295438415237904	0.336836567775551
0.245728605842813	0.252953951295388
0.296917158167383	0.245289126630316
0.494341066818433	0.441622161003621
-0.0546754529439569	0.0459835107990845
0.185301654703254	0.205610951537769
0.268253934127963	0.368236712962145
0.575014162108023	0.976065974230223
-0.0898254651270023	0.0948140301318292
0.282586713118691	0.344274615894242
0.472112326319147	0.719611660412902
-0.41059220978828	0.64799485122394
0.545578777622339	0.913271355204344
0.0305726632552986	0.0354538620129942
-0.527395046106952	0.915424879990184
-0.490514049035617	0.958291141138182
0.282440112234864	0.409906140691299
-0.12484997059424	0.154216212893707
-0.423631066004035	0.677635576390533
-0.185375376708191	0.241189251935727
-0.373340035383961	0.606533150762902
-0.237323993184291	0.230796747660495
-0.189016182776221	0.13794493924886
-0.0174617414517225	0.0131919486298456
-0.677278667413457	0.75564549923542
-0.0147822001693219	0.010980163192001
0.334340563270744	0.340209715995258
0.616966240056342	0.891610691202781
-0.0152643069278925	0.0115157394665983
-0.132500662529534	0.115394805488581
-0.347215236466692	0.399742228902973
0.39208715081305	0.583593409258865
-0.512599330474159	1.29049608922581
0.63762888888336	1.40133345540515
-0.324319579359737	0.541754801813655
-0.194986546798769	0.288063269186101
-0.656204584638138	1.47118702283843
-0.47631570966683	1.05526757233559
-0.259869242889031	0.387472915358573
-0.618489864915802	1.24098015867824
-0.137565488078376	0.172445651871006
-0.250884524208619	0.391370663765045
-0.0658468432171376	0.058270190925151
0.983786459963917	1.33710787858786
-0.308304335447459	0.339509695085281
0.388398990488842	0.393910914728159
0.0572685918292771	0.0447042718698801
-0.17022580568014	0.274054844392099
0.53714337989544	0.739151214515848
-0.287209108498241	0.260023042526931
-0.0316546394870395	0.023040661787483
0.570131565005092	0.702504208372349
0.390786001274695	0.339537665133796
-0.0257708308565503	0.0252237256313784
-0.0530267159586632	0.0545801641103118
-0.376021141792529	0.307375173755328
-0.182847769202419	0.225195625412731
-0.253341762966494	0.340082817660981
0.0777031284456986	0.0859825906336523
0.183432776988372	0.274009922203623
0.0663765355355013	0.0800522376055821
0.0666682862818721	0.0812183148738956
0.443654468209619	0.714703749726095
0.111972665360887	0.113445634785017
0.675407651351893	1.00143765701843
0.0513151550604419	0.0394786712418682
0.265660020561194	0.234905059090664
0.376294260562184	0.341539897124855
0.691419566099638	0.913279906815153
0.471113401095469	0.433926074780949
-0.106751366883967	0.101300127839116
-0.316045816305501	0.521823550148726
-0.197213375185765	0.175348142757388
-0.434610932385375	0.695024243152542
0.0861493435516539	0.102116821906303
0.177227137490562	0.222376150159527
-0.152745771101226	0.241390132674591
-0.000227304305901754	0.000282751330942363
-0.504297272106738	1.04558456552376
-0.312620732290772	0.385736636151796
-0.312344137284749	0.434340807867003
0.0319056742687205	0.0369222795895056
0.425543356931089	0.721716114360179
0.0188750681412459	0.0210771511233209
-0.0898996428518342	0.102844935919634
-0.536266852345704	1.00132993959317
-0.566754960451872	1.11264645185911
-0.550523231016287	0.729809599602898
0.26451761185017	0.350170315262576
-0.0904861886503066	0.0784285756953864
0.0399423239139717	0.0301473759282001
-0.236484857895841	0.137638923337494
-0.298739200100449	0.227709443851033
-0.583486390813515	0.646408849821333
-0.132677240398484	0.115511288866467
-0.346650508007659	0.398035727319442
-0.399160168644728	0.509288397429586
0.0526904757741664	0.0636776529287417
0.532058783452323	1.02373971512227
0.250224524899441	0.391102881358252
-0.063245299949938	0.0621702036317054
0.438043684522803	0.644352797300545
-0.655046795143202	1.4274601673173
0.540497330455212	1.05737695320931
0.18529945505122	0.242421231204486
-0.580202799967956	1.1750358037025
-0.21276648783248	0.305540720507756
-0.280734284158425	0.433532475353148
-0.0633676347086887	0.0761194026722354
-0.666491975097843	1.17397776183722
0.0250101747884797	0.0269774954234348
0.419845099150773	0.523584392747284
-0.0991941509931619	0.0991688458401581
-0.125919616688803	0.108217064709583
0.339209093960967	0.326790332066892
0.115506808498065	0.0870919729049487
-0.141941687932659	0.143474912515226
-0.223790682779802	0.22028280762089
-0.40929724502498	0.541465161421766
-0.269034493846769	0.287881603759755
0.110190546670036	0.114706937262521
0.566476731251828	1.00757942685442
-0.0363523244171252	0.0452946541876217
0.0569899320166111	0.0638397902667433
-0.133008810367833	0.168300159528753
-0.401011965461331	0.656995325534595
0.121006542656678	0.143209357996996
0.0440800014455537	0.0456143177088964
-0.19050338237048	0.219678190929827
-0.46781112837078	0.644696166217165
-0.851668278716432	1.0875352773557
-0.742634332575721	0.760068975121661
-0.519809831010984	0.583520580758893
-0.495610927852574	0.800777020809919
-0.478425202954305	0.80506983029055
-0.137816485139946	0.16649165884097
-0.504634125581509	0.957995458021129
-0.485813645504508	0.784852599767961
-0.210230718338587	0.254875217997206
-0.61968381789922	0.772985867272439
-0.285976684791664	0.291604982582878
-0.718623222590949	0.631326384457335
-1.54295623294827	1.08723777513484
0.0889985524889959	0.0296884848497755
-0.380681017201595	0.183047246846856
-0.181037994648038	0.130592533859653
0.0366444002017674	0.0254134910061946
0.176447445717861	0.159630500720089
-0.932885767483174	0.937402759495709
0.0206190722544352	0.0236756967451389
0.106358337857461	0.131206442563706
0.262818524257474	0.355862487083958
-0.431078190112809	0.672234285842441
0.0976920101912744	0.120481428474221
-0.239999626926401	0.344277442214514
0.341244079788549	0.502426344280772
0.0686027570353147	0.0826708544912857
0.333820568413867	0.566989995994064
0.440101553371408	0.836535012527372
-0.0912126418676581	0.114962259374293
-0.11038670857628	0.133010840532227
0.0644843755310043	0.0678695592665619
-0.114917746195092	0.109482929660619
0.14862892470591	0.143216379750917
0.396202084350782	0.414079123796078
0.299228544266898	0.242183493249183
0.840754307805069	0.960860598903601
0.921924379966846	1.18190914926221
-0.265492138468552	0.229545464646411
-0.0385107725611697	0.0387145684909112
0.0594127998777561	0.0539407046186762
0.293009499293771	0.388506239015853
0.270816018567778	0.372708797070369
0.307324152391245	0.47135915551218
0.249649372936109	0.388722264611501
0.47541077565971	0.852349910084334
-0.193250738570638	0.257765632968795
-0.390667844427976	0.603058982113555
-0.168765200218295	0.241023117102285
-0.238677832574816	0.250223455432974
-0.0964997561222758	0.103671045045346
-0.726030146321963	0.958532569471818
-1.44673875374625	1.41139703646594
-0.429510507043383	0.49760935262383
-0.813144028715175	1.49528127759564
-0.461230420498654	0.703505510055329
-0.180588764223472	0.215109844529221
-0.0920629843614114	0.105046440593843
-0.1652516133919	0.232536214428652
-0.178152961703974	0.216614659508409
-0.584715804944554	1.08337467385205
0.00532941749429071	0.00484376025555536
-0.24099750260244	0.230696064699839
0.861507027294448	1.05926640482549
0.718198500895235	0.412263810499374
-1.73189900482891	0.970383101452624
0.0712076890694551	0.0354073632612245
-0.284432915998749	0.188269053019938
-0.0138274388580322	0.0104877373282788
0.0359649772947313	0.0247756313824344
-0.490432966740369	0.466611957782168
-0.300950812246142	0.46023188958877
0.057961185997142	0.0707093060723459
0.0589472923650683	0.0763791250203588
-0.059663601428376	0.0717242429252477
-0.333287540790808	0.561955064944668
0.0021628647042853	0.00253864374371217
-0.138063835787412	0.1835456191661
0.178775189798311	0.259393472479056
0.248581354746046	0.425082199693632
0.0924471298385629	0.125100658367984
-0.227174798146707	0.31846116767853
-0.179724836081159	0.262694680944367
-0.259500495250161	0.345074309750974
0.0626774936830088	0.0749505688259389
0.0338639443716044	0.0341331035246001
-0.208969249691054	0.225088575969976
0.127576397058725	0.116597115929057
0.99799220586427	1.76524190268488
0.957466382086586	1.1193824179533
0.729877922090376	0.940464954332599
0.669491486304748	0.750335448612397
0.441159717487104	0.575337140608697
0.504421374463172	0.865733973624651
0.0864588961334456	0.098770938790473
-0.186820371800852	0.21498604329828
0.070929182300867	0.0793338423131414
0.326421074606336	0.50268858478121
-0.00623063511039969	0.00750561283640656
-0.390833123241081	0.764873164275509
-0.158928541266151	0.246725252895701
-0.657319059661668	1.14386909842235
-0.663271938111886	0.648173011576363
-0.525693163557283	0.607577390318783
-0.0404147550877834	0.0345426978180333
0.0648120165305653	0.0673474872495585
-0.170062269386666	0.226508227358635
-0.0827209855737047	0.0956214669054174
-0.447790040405334	0.87615608034446
-0.212465464045148	0.300700397492509
-0.174215238915835	0.223653317775781
0.142209501686247	0.149364245751917
-0.00799689316457889	0.00693427636539651
0.0312498003735007	0.0258562014489334
-0.642428197115673	0.591561716313591
0.280997845222394	0.139364591079215
-0.00563971263657604	0.00350305991195536
-0.370139385337113	0.235098561503335
0.590699969300813	0.558304436816235
1.15926744817258	1.43585599241401
0.201938319123311	0.183167869177921
-0.171558519755322	0.140309123276933
0.0798136322987485	0.0983729884778672
0.148139745955816	0.20013124246039
-0.196015003215062	0.298085486722647
0.146441408155153	0.190563904648382
-0.101840236998505	0.124692564117634
-0.128319333946441	0.14473838701246
-0.140383851565235	0.188560646755196
0.0880931625317984	0.116885324210134
-0.059888374693512	0.0708485713432862
-0.102024301213086	0.149013469936956
-0.278742635422582	0.465508554130348
-0.215133956774774	0.253688521846807
0.311593525981553	0.352042270679576
0.0642664224968433	0.0490319353803942
0.751567724323111	1.03766159994534
-1.09114574415384	1.49250375651916
0.588340351718254	0.46023244060483
-0.441555872899355	0.456903696128787
-0.0830376462579682	0.0722726846767315
0.291880753932036	0.415990302274377
-0.305031298639388	0.417159837052792
0.31328686159358	0.438954128338153
0.443490284247239	0.751708402087321
0.317735229676053	0.474863601009642
0.431872399856921	0.84546655054412
-0.149241754800644	0.200244971471681
-0.472879413154962	0.693368876631344
-0.958978782995642	2.03799238039138
-0.0552478428463231	0.0544211833047078
-0.168674028270502	0.240300167563755
-0.33903580455807	0.590647102570594
0.0989730937157173	0.115220496795344
-0.323225758943113	0.337619406628976
-0.38004391310146	0.478035066906465
-0.854869506590844	0.92518607654934
-0.496692613335639	0.342881914640531
-0.493192955068986	0.290691013364437
-0.837340299272587	0.396142015675301
0.086561229218204	0.0513322030749381
-0.204463394331577	0.186746380426573
-0.216783911769102	0.210898769942832
0.0833638078991578	0.0752165598629805
-0.00683879763449485	0.00808112497383011
-0.0287841101174876	0.0331547459078162
0.109450129831393	0.139419723731948
0.00686980963687974	0.00711885310668607
-0.26376918464751	0.398707041622563
-0.832335782746587	1.85101391021827
-0.236748830225671	0.357482160561616
0.27857891971115	0.436788794877737
-0.17383749673764	0.225199875037985
-0.143005658254086	0.201558186434583
-0.187383071089576	0.236397954416525
-0.344277885701237	0.575488240325298
0.595072471446777	0.936486262170937
-0.222749821337661	0.23125778261844
-0.558077931979878	0.643604663298678
0.249894818765534	0.250642217588674
-0.620837624839228	0.527909444876147
0.543133623543035	0.605026524919497
0.182983218539837	0.163367987272334
-0.031274416218586	0.0263409544687599
0.0359679782486989	0.0397816101029494
0.195311418001415	0.239917384887022
0.0438224819356642	0.0509346204083644
0.115169943853148	0.134822362738425
0.513437965671896	1.03457156321729
0.392286126290587	0.733473751070298
-0.192008616923346	0.268527494221746
-0.206861153108283	0.283253095143012
-0.180014220802267	0.241893490226405
-0.847190750370038	1.74118134847147
-0.21666997924137	0.210710850517215
-0.387644558277253	0.514774925763675
-0.623662284603078	0.725989650167174
-0.0521071857897842	0.029468188944954
-0.791936293394815	0.640814269391656
-0.430314022694564	0.31002801674109
0.212039567956224	0.164214627390943
0.0755161518440194	0.0665523281765876
0.401159891829057	0.47735946735436
-0.224022300473036	0.2445289575577
-0.174734812109754	0.23438477323389
-0.124728284368419	0.178816894216607
-0.0740179028127246	0.0939515766586799
-0.39525465995428	0.60502690097186
-0.120313242954787	0.152139541860619
-0.0777519599171142	0.0840052492048375
-0.584415109748946	1.13343557091962
-0.245968729856119	0.329118806960205
-0.0387132530877435	0.0399862353466792
-0.186169448520504	0.23161535875248
-0.217297855783515	0.273432521445202
0.139534689272414	0.148675771409353
0.967775539614325	2.28153980253403
-0.575638106294104	0.692071391812598
-0.0684343488354652	0.0560514203291592
-0.0234960628878936	0.0168257568165004
-0.321955004050832	0.293538424389636
0.205658851838686	0.164045890129527
-0.152267806794098	0.151656707140706
-0.0822820221049899	0.0824057768610659
-0.399003952133049	0.518842618715818
0.338631369680919	0.439001776620798
0.0512072785999523	0.0500780926316906
0.168313049839093	0.228153661057467
-0.0706181276188231	0.0846749563089595
-0.42490792153567	0.508662529210439
0.202387269611995	0.223841031831759
-0.0319439540089589	0.0303238025897036
-0.764088257308056	1.39421876111291
0.439279142555827	0.548206659589225
0.206428665405463	0.153774170127699
0.379735803124545	0.44347846648961
-0.316292620069035	0.332670905118117
-0.141057521570484	0.120100118088547
-0.303156726147984	0.39848019097272
-0.372023574919088	0.427060614500511
-0.146727761958191	0.150480082267037
-0.379265228246748	0.486542581425409
-0.435508789770092	0.542817230382158
-1.03241114646634	1.62391750413981
0.0234524828716325	0.0219012719695651
-0.461667601446044	0.833190666801977
-0.644681277391836	0.847579611445739
-0.45643350550339	0.689035682942405
-0.16983729093888	0.18357998156345
-0.313559774307953	0.34162096382225
0.330931486024156	0.341501246595336
-0.39590238162461	0.528968902840858
0.195588079570138	0.216309886527699
0.0865229566574415	0.0860135671609807
-0.00774265553033793	0.00748465716432583
-0.114271795263997	0.108960952534505
-0.120630162699706	0.104809356937034
0.190635168478304	0.183089836629979
0.596243167991091	0.911640460901828
0.30005431031746	0.335303523296491
-0.192635117897256	0.192355524369398
0.239408319494262	0.252008389513594
-0.0151986452132594	0.0133017332173101
-0.00563764543411081	0.00490340537475737
-0.0752096640652829	0.0805433201152355
-0.0270609533484263	0.0281711966427603
-0.565146451840467	1.00420984409499
-1.12390706283571	2.27019316963939
0.341081179058651	0.434978543409545
-0.361101096153614	0.419977513730785
0.48564691260646	0.558547355279135
0.0665317250689864	0.067018915272782
-0.213404335308092	0.22633747591401
-0.48706988585604	0.628207517147266
0.252075632442279	0.286456140025952
0.19041839215732	0.204304324430375
0.0118980392916202	0.0111194571775393
-0.146333614704068	0.159527006866536
0.113240703182806	0.121338169519374
-0.399279416003392	0.416142396937677
-0.373860433338213	0.594033470691384
-0.266316908298617	0.275697259093185
-0.861636722872088	1.20798586174323
0.37077739225383	0.468356776938241
0.300806792482762	0.354623274359764
0.336827521151398	0.464616255652087
-0.0743714248826389	0.0732107386098644
-0.720574642508527	1.20139221838529
0.153098202753538	0.155850657094508
-0.177657468518806	0.189822953222917
0.39001442141556	0.527725655456228
-0.697635975888841	1.16006725406368
0.240343812314742	0.280526463724343
0.0608967315074206	0.0580353712073821
-0.0524382587438162	0.0428165217515665
0.397646213141777	0.466718323239707
-0.0362167269430967	0.0302373592570098
-0.349566000591512	0.291877471118167
-0.117564424262073	0.109405035679445
-0.145110930605449	0.146787257303014
-0.817728313397104	1.89700239758869
-0.135702881847896	0.160414310584511
-0.174808601500484	0.251331642957819
0.316145099658213	0.499195981724543
-0.251104996895213	0.371218713980801
-0.255891088852755	0.411865061896149
0.286793093871334	0.430717575978283
0.0628756295372309	0.071543524221237
0.0360558157575524	0.0376208431229041
-0.5529608877845	1.02787123206989
0.158434763444086	0.169231903881541
0.339209093960967	0.326790332066892
-0.249304096981904	0.255773007341166
-1.34891193531224	2.17109235734183
-0.0468317827744289	0.0390790046172094
0.542067484020853	0.752006212996891
0.239206875810773	0.312008246404045
0.0734048088746804	0.0788802598067307
0.389244624329851	0.589342590281263
-0.25403954255831	0.358664339491832
0.257705176835541	0.35156457940927
-0.0805651417912873	0.105790671817342
-0.668142465170377	1.17495461779496
0.9024953182202	1.51624549242083
0.349991034683452	0.426967590691952
0.42188640277861	0.421897883118207
-0.243528994379801	0.23377161947433
-0.048228863036858	0.0404436013861417
0.516477129306165	0.730521554075311
-0.0541852163565891	0.0590584968883914
-0.330744649306984	0.480731382723699
0.190281360532879	0.221612018568899
-0.148292351212192	0.18666594971112
0.154527813838309	0.154356753715825
-0.111145061085656	0.0969128886247225
-0.176215248161432	0.205922307451601
0.323471721199994	0.397358274081897
-0.088128521397161	0.0971706055281956
0.405444542951823	0.627994406331442
-0.568318840510696	0.817235725305653
-0.5795347348081	0.890401551056817
-0.241996541189072	0.287936655291417
-0.00968407640654754	0.00846812714704842
-0.229500153998692	0.219882824742296
-0.260479404179218	0.247788851149584
0.0623104030143316	0.0571705822775003
-1.00392205718424	1.41966290440613
0.156244859531025	0.173381871476556
0.432182977115886	0.646546137097801
-0.154440931226546	0.170568066971248
0.0358674145259403	0.037303405990374
-0.0437706904243957	0.0371352531150039
-0.230754541235917	0.246515743375603
0.15552764920736	0.175217640517812
0.474910027334013	0.697051342093646
-0.0624141146386895	0.0608705180619222
0.603442281016814	0.940532430715482
-0.142938466769105	0.135799282019572
0.02772089570984	0.0275352495829092
-0.115630938295599	0.135971978062285
-0.106851316671738	0.11897586165562
0.00235755553832332	0.0022705615798179
0.134203166838763	0.145847850559958
-0.357798666584594	0.53275264816065
-0.295684447407442	0.327509232791537
0.0435039516972652	0.0323169414637702
0.56073313686141	0.513700101084131
0.08914722567593	0.083654193547923
0.114593658066995	0.113090905285907
-0.0392784938318319	0.0376685350759675
-0.328322728698659	0.419455266571695
-0.730767310654755	1.04174534372035
0.19538556041051	0.245166787229627
0.165174945426034	0.195074681557263
-0.311077208291261	0.431253426103955
-0.51811818210725	0.870925651369058
-0.366831985464393	0.483502083388822
0.013301311813316	0.0116631829669564
-0.208998726143689	0.247720247613824
-0.069736651008551	0.0702647609102403
0.0237951484759817	0.0243484033011463
-0.137541109185834	0.139413168171463
0.0389092248653534	0.0356573318267069
0.10848076454124	0.111146953952954
0.257993213093706	0.262820023513847
0.100055251252624	0.0978226967278859
0.597902189621298	0.87778703657864
0.43829371167383	0.658482138841441
0.0145091880493572	0.0160364188965489
-0.036848739644684	0.0412108356690753
-0.650303248590836	1.01354335514699
-0.160701424095482	0.172541031825741
0.0972987098547043	0.0923696672655743
-0.122862268441657	0.116975214493025
-0.883148881192058	0.584317327661245
-0.487162081164467	0.345160013108075
0.0103948163444719	0.00633901974639745
-0.476349839915585	0.572708070515389
-0.164974695021316	0.181378387684884
0.199964454276258	0.16317490725812
-0.144828353725379	0.180652886460536
-0.376328152496881	0.723365798020856
-0.198056956358053	0.267319225744598
0.00156090576144501	0.00151566982126412
-0.0566295099740151	0.0663535519990317
0.173494876138779	0.207547773447502
0.0794655554095612	0.0864196806855201
0.136633751913879	0.137949367550371
0.464869699661189	0.775154962720244
-0.928218312369163	2.06276056305036
-0.018520619765428	0.0161666576384387
-0.0992364708271224	0.0782648567127108
-0.00382297555125285	0.00334846005615271
0.467032220986079	0.748656356215045
0.628835097574201	1.01014235406755
-0.401335824907199	0.580064260869017
-0.262914314631035	0.362613334321359
-0.267152832488782	0.388593073573522
0.0313341356081662	0.0343139943936787
-0.130838904706093	0.18670215101821
-0.19283924998716	0.272999193303888
-0.341502126256199	0.530461872864292
0.0338956989535933	0.0308891141788992
-0.169593842802145	0.193541890705236
-0.179118727232564	0.179465780716622
-0.379533174373726	0.429789767934279
-0.0691165296795292	0.0630394357957314
-0.208099123434587	0.19055906355653
-0.150938898224229	0.210935542534595
-0.154978774031428	0.205935262670119
-0.184605343997552	0.249337589245305
-0.211059225258854	0.288300806309292
-0.141914292177057	0.201230942204024
-0.0761516625444017	0.0966877569283512
0.081051325051127	0.106776885200319
-0.0003661245971591	0.000413241961261967
0.0591127385082926	0.0665733073086873
-0.0885134319535541	0.104171541100583
0.186371752401384	0.239194826421263
0.271689805118157	0.409503743784714
-0.236160693708176	0.32159031403034
-0.383049064747329	0.53353192391827
-0.085911217086535	0.0893482332283165
-0.121967269516974	0.136588096682782
-0.13716131111971	0.176525631287469
0.013984731333446	0.015167497999172
0.16847143643017	0.224533611340095
0.0606579943652756	0.0697409120005808
-0.165107863368159	0.231099961207709
-0.115452905588983	0.157879994123057
-0.112524695627236	0.144349845058644
0.143678867390857	0.183377569938379
-0.0867154859051394	0.085866086881417
-1.11887693117014	2.41152369398415
-0.731527121167195	1.00419303139728
-0.0933618872460325	0.123662786468231
-0.207460297324014	0.307487851224991
-0.174809291884018	0.258019659887514
-0.128985828911338	0.165745617949465
0.418081235097216	0.759495475124015
0.352095320414784	0.545776188083164
-0.199024324679895	0.259811658090382
0.0160595904955597	0.0184074823556943
0.362545241750977	0.679326336745494
-0.464108871347282	0.676471025421565
-0.176692080139239	0.235283512272873
-0.0347878911707435	0.0332063751651313
-0.258702789020238	0.420908783858388
-0.189718342525119	0.235269242281456
-0.309422064947745	0.467255048893016
0.618718359671491	1.23712658893166
-0.0333030120518026	0.0388089122714139
-0.0140176989341663	0.0173344752231125
0.00431999656658632	0.00506021475040198
0.041302618863711	0.0486323455268811
-0.105317766962835	0.146918610024564
-0.485901487255305	0.967304337645475
-0.186901699211322	0.28565378242693
-0.195901257619665	0.281272810814575
-0.552538547925211	1.23903566445659
-0.0808432755845995	0.102380277390662
-0.104938432747694	0.132082031769702
-0.0271996923348405	0.0288160205666317
-0.475071977391718	0.556506281117358
-0.324362403154679	0.420740867005659
0.188490887642675	0.15688526918611
-0.800018929131041	0.27582874047261
-1.32438991223894	1.94448551187232
-0.803276663535555	1.80471863320226
-0.213377930223384	0.320402631779366
0.0325115711098883	0.0379645234046738
-0.355645689637311	0.556957916711029
-0.0117655546332932	0.0147953012050726
-0.114720846632597	0.156828561226375
-0.0600641638188421	0.0810059911299754
-0.0452285869355368	0.0536207694602055
-0.268943688373949	0.398327088312073
-0.0762585580880848	0.0931085930319519
-0.00637335612813845	0.00696374930773135
0.848348023988304	1.83244153718571
-0.328451453319151	0.508840596840211
-0.138393019021907	0.166535399363681
-0.307629647108147	0.449859088290782
-0.132705144784964	0.188753596028061
-0.021561540148259	0.0254839952914233
0.046457633676316	0.0569827282095913
0.0215739537838712	0.0282575097986996
-0.199369494381623	0.259768994666085
-0.258345864111276	0.384766477375782
-0.295112263343155	0.404631167516688
0.498206278654319	0.926790990908878
-0.227754054019005	0.377034864797897
-0.239616558039833	0.386891565212273
-0.0134475361101781	0.0170832920276802
-0.360102381086266	0.579579888522332
-0.0774625385397706	0.109384622999989
0.04732696582755	0.0597681478541071
-0.537746881287875	0.891107660146728
-0.155470503385093	0.146322467705175
-0.153327950658212	0.153479668484384
-0.0320157721791576	0.0231652174454733
1.31881515886733	0.991115447035976
-1.13849238331796	0.917107150837423
-0.738924868928174	0.454106255245643
-0.9944955096801	0.827444704733445
0.12912558413669	0.102638688825091
-0.444451647980307	0.524467325688703
-0.988126075771751	1.15837267810599
-0.0350405315961935	0.0417167530305205
0.102206160540726	0.117340440712184
0.112436326683595	0.15581788892431
-0.137780114012784	0.212410610531084
-0.0158275904236682	0.0180747945928642
-0.246707667493443	0.401275619309331
0.084760650777268	0.108688955799432
0.0212359214935332	0.0239295796720744
0.150116249152443	0.21665978929764
0.0246961444600501	0.0288098691855069
-0.122691728860566	0.167494100685
0.027347490876969	0.0301117769362615
-0.214221618083389	0.278283958771575
-0.173988235107172	0.191100061571558
0.0466271818472622	0.0530790749220925
-0.223092291278452	0.288768861117857
-0.0323699021381918	0.033224820916827
-0.454564801173765	0.803159206099028
-0.0277077142396448	0.033739644010157
-0.314188712430722	0.487444558864824
-0.293185590282198	0.51964377076389
-0.0669534814541276	0.0866738798249662
-0.0426537653069852	0.0584056940431869
0.002159150430199	0.00253057248933915
0.0658977451650791	0.066301010043428
-0.0105691206444859	0.0102506496908256
-0.093745600965816	0.0989661828938958
-0.547046190651427	0.960639988557129
0.509867491955825	0.756003517684304
0.382939405242569	0.620645971239093
-0.206121138237061	0.290114591351186
-0.528284187989236	0.996807185316823
-0.0759208325591374	0.0965713691566623
-0.482979133143084	1.01451915132421
-1.20771448603598	3.2484553845347
-0.120848956761969	0.156094650991012
0.116413325624829	0.123991735825431
-0.552165540113358	0.373436454440723
-0.793557223517197	0.711869438782694
0.384095269628394	0.334805008533686
0.78946889935686	0.915409983619498
0.0927002176569239	0.0836545094591271
-0.445597099968551	0.608160015816085
-0.291483856196469	0.464122679834404
-0.288260464352094	0.35832234770099
-0.154362461266548	0.186327281726744
0.108453149022648	0.148284970581709
0.179638176721791	0.245437714787107
-0.237290078433462	0.341791325628933
0.105713408039207	0.117780018928471
0.489065498892401	0.811583978570538
0.217014048387586	0.257912755459091
0.769285407802902	1.46222747870326
-0.12458469816026	0.125138046503865
-0.332949001101369	0.373757723203542
-0.350722143538733	0.438532027740816
-0.440594107294833	0.782479122935106
-0.0931646617262675	0.10922596563774
0.138485629492105	0.180506970205939
-0.273292991327278	0.440126092052408
-0.00369716854632703	0.00407562526648138
-0.113448362160996	0.11801498450241
-0.153838089486351	0.128496118244894
-0.169136125222114	0.180079240033368
-0.471189371356413	0.613070906582719
0.398213191103103	0.576766688456687
-0.0412791501293042	0.0379576994391876
-0.612742762772893	1.02089121747772
-0.138428513810499	0.156293932267448
0.0447277494304923	0.0489905955703825
-0.239465040459895	0.341361647534636
-0.668038210447448	1.36888930244387
-0.471339870877965	0.764729721285392
-0.498997176004294	0.688499466692108
-1.11454966898397	1.22317538207422
-0.516576230257052	0.394893508048923
0.888399785033453	0.990406959034543
-0.563808806234869	0.676053215630783
-0.511755444430126	0.68223833312551
-0.848472363794845	1.56148270420149
0.144167941258684	0.151970979866643
-0.429755941472582	0.845124309979844
-0.300159058752587	0.368739082176869
-0.40146954471186	0.537203676466673
-0.293456329397887	0.336349571180675
-0.338493569388446	0.454143313867988
-0.0716810937704704	0.0722363357340877
0.000421026215726815	0.000534338938493988
0.194995512897019	0.21777173122913
-0.655424019049899	0.952261816631138
-0.297042735691176	0.336319196698704
-0.326022702001866	0.404247949221703
-0.46474791382215	0.628895206240536
-0.33975724798888	0.391427080525274
-0.276048446495982	0.360086118456216
-0.67093117198355	1.36938822033458
0.142415262555651	0.20226509391063
-0.000373801404161109	0.000449013885429671
0.776452813913799	0.533103235109186
0.32086017724871	0.144513472687543
-0.557224547807116	0.367890384758917
0.209710385660811	0.13027181330563
0.0691480330559002	0.038891210465451
0.285690379072115	0.140374200741693
-0.0896366341630645	0.0591696374685549
0.468536227222675	0.566754678625815
-0.170699418410196	0.290172338570956
0.483541919281429	0.749623627183823
0.398103854484878	0.710425549825449
0.0721401237971334	0.118222545758773
-0.0944104031686298	0.15458084626017
0.19450407822135	0.405897552487197
-0.434785153250821	0.987581751275862
-0.367265074876139	0.584553703755979
-0.358160602829678	0.534390563950651
-0.214893312076754	0.398913423049996
-0.34533937481843	0.2593168811031
-0.790425263500797	0.698425658771783
0.706565416301442	0.613704022574576
-0.717564786269534	1.75087722668214
-1.27756644579699	1.32419485905025
0.472809216065763	0.352462213563726
-0.678496591871582	0.511472516382559
-0.150296753086658	0.126168559341347
-0.59927403088338	0.579196355076554
-0.540127274637137	0.803726584054207
-0.610940215620513	0.705959295052537
-0.282675353056904	0.211567315372711
-0.735137370753211	0.457839594917562
-0.0202173179111704	0.0193945790655272
0.166844817568642	0.183048576669435
-0.240055779513887	0.136472706570178
-0.321649221229969	0.213606045082678
0.0720790546598283	0.0380492674228494
0.389842203592698	0.340720356372856
0.202092927589267	0.12544418628059
-0.554622352251428	0.471479632858584
-0.203372664440441	0.124516881821203
-0.42960723664014	0.734676712485748
-0.220618235510304	0.386926294436884
-0.35123320139545	0.372383270433534
-0.0478978586275219	0.0274793672921092
0.662574338380731	0.922797832885577
-0.375617828305542	0.654980186882952
0.188590760117236	0.199019703911498
-0.072907600392114	0.0928576597401334
-0.337824094793018	0.81053073390396
0.0926758246146675	0.142815886093826
0.133026454844543	0.252697749785401
-0.329981298723114	0.646748909187132
0.0114461290443415	0.0128864728130666
-0.24171104885618	0.321908969984605
-0.564733057847523	0.368685155211851
-0.235522674817651	0.136458869269528
-0.0682275858650499	0.0695940532657273
0.113553286593551	0.0809134319920297
-0.628230356318286	0.393652038054072
-1.02640769081272	0.755409609603276
-0.325730096689493	0.172872322177575
-1.50313803664752	1.75904497331869
-0.769420523649885	0.5377927476112
-0.671701212115596	0.892405454745965
0.267688198045517	0.335071588818048
0.117631436297747	0.100071956304791
-0.0126343605315129	0.00955854141869361
0.0916214889300077	0.0828119979682764
-0.355178783086746	0.432808932234788
0.336979336746709	0.434891097572287
-0.573400102879774	0.722621525618041
-1.03115537140447	1.56742200764466
0.290957305709498	0.359997511312715
-0.00233998701652472	0.00235586116864765
0.0183764911028432	0.0169894662426179
-0.39603416601539	0.502080709388538
0.220863180264991	0.274526472734856
-0.0666678992230212	0.0694010878470168
0.239700415886234	0.324950311407452
-1.09176918378455	2.1636860434475
0.193700919422591	0.16561430710975
0.802960975071098	0.733966343507531
-0.20447222404869	0.185215772582515
0.595723036367505	0.798520747613962
0.605911826407138	0.724248933732987
-0.193184178270215	0.208461290709786
-0.869846363352775	1.53884514123557
0.159892449393834	0.167380856340869
0.0808126366792027	0.0815944251064373
1.06605388344192	1.46991267830032
-0.184505886963462	0.212750719288885
-0.53546979027998	0.833619282741577
-0.10906779518328	0.117486710675606
-0.024858676291279	0.0239422579970444
-0.163764416213903	0.167227529228613
-0.160583834215217	0.16311968666229
0.0381868722020554	0.0344220390732687
0.287700571247184	0.334441258628596
0.316496258134817	0.386099962126963
0.00527118375315085	0.00467446511290051
0.245171876123152	0.280376178233094
0.316069973588201	0.414610422808939
0.326589146455921	0.342111264214811
0.129894247002488	0.117632501928562
-0.0772641197470414	0.0819977770702956
-0.306056951411265	0.464710583646957
0.145547283811105	0.1555688669772
-0.938489595519649	2.0616691328845
0.895162657844643	1.47614444228269
-0.116113783359354	0.0752354407763027
0.564683910466974	0.46983800532972
0.321705616390394	0.242095700854444
-1.31969393651671	1.88172879350676
-0.201562757033554	0.180750020372183
0.294553397928248	0.360752050148718
-1.19749780161432	2.09042889225663
-0.0781699583003671	0.0776581443494696
0.521412119044278	0.591922168276728
-0.00336451135534925	0.00290122997556033
0.0934856950692237	0.0925665611018203
-0.0347888176390967	0.0295273621070965
-0.354170389841044	0.563423329375395
-0.382921657968265	0.606760044083967
-0.26998770991496	0.275120613644414
0.204859021875594	0.184433658903058
-0.0486012069949998	0.0404503682062611
0.329588698775614	0.241645459666134
0.141078734530385	0.135108659247424
-0.364077999839512	0.334762862168218
-0.493921983161187	0.504236216323607
-0.175814057907733	0.163875198160922
-0.629425942490321	1.15984838646857
0.238097818704102	0.246687109743675
-0.0825431948766865	0.075976093028885
-0.055226713753115	0.0610109654170134
-0.218926103744908	0.344196877251289
-0.720442355909001	1.55403574923073
-0.320910780694806	0.523137291045445
0.180992829381123	0.208728628207008
0.0583819430104214	0.0513151451090788
0.479714427961641	0.762187579340418
0.195069150666848	0.257108125305415
0.257107707822421	0.366317132857061
-0.315363972947219	0.489405323339779
-0.547499276280671	1.10476035272248
0.13236601235894	0.108938299364589
-0.256818941740776	0.267012634167078
0.597219126577139	0.727874019669856
-0.521369656727845	0.481266866054702
0.426023092351229	0.423712103674036
0.396727243111025	0.647630044306041
-0.321134606705439	0.326400325209727
-0.600562845530234	0.801581744813162
0.0326958399030637	0.0287965428858846
-0.0453536614473083	0.0372657267524711
-0.260698566525282	0.272255922082719
-0.387902368534532	0.459406926907453
0.11946657426998	0.130217139710516
0.466250360622408	0.673455970101037
0.104873388309038	0.103567235000131
0.093740866528674	0.0925993345763359
-0.49699772037621	0.646381721121062
0.410057100740844	0.484691396107366
-0.599990220842588	0.843177552211608
-0.189060627661563	0.174553046100229
0.3683272048731	0.407044925333737
-0.386043193104093	0.400253457985245
0.0237965923511023	0.0255736222468291
0.231055679299963	0.275990395059544
0.496863948162365	0.690062063407973
0.134917183430143	0.112440665519881
-0.0504019920658765	0.0512113618486611
0.285308541487684	0.436066765672329
-0.312758987362548	0.452134627539531
-0.327720147326064	0.458426677921626
0.0538806457819912	0.0511094655366193
-0.596941599427996	0.544427085509634
-0.584276316155894	0.539014777235896
-0.363214976232562	0.360141935037925
-0.157844957129065	0.128770924878641
-0.319754628077553	0.337166613041707
0.0681169240934431	0.0690888317349757
-0.164835201386806	0.193274960944156
-0.0131770428632403	0.0131171605226908
-0.0326381159029839	0.0303811447806217
0.92244838522241	1.51338989338459
-0.190505727396495	0.175030765419485
-0.119620083565052	0.115008168006624
-0.287824498163852	0.524126441383804
-0.267849610610756	0.332267398654571
-0.28213964385706	0.293899820024481
-0.351221993030951	0.424196306808514
-0.125624714110221	0.132675648670343
-0.758584868740827	1.00566439845785
0.140069566326131	0.134307210384891
-0.32648268429752	0.464877258098226
-0.0345329408432174	0.0284413869100516
0.108877739858475	0.0759413029900926
0.795804200745386	0.968704763030308
0.728718819686823	0.908021869118982
0.413033420457141	0.348808201845722
0.275281926193294	0.318014948247049
-0.0881030124687289	0.0602111446223729
-0.636217335253444	0.580437126242859
0.244297992900582	0.271710023687866
0.0107069448799788	0.00865249583164008
0.124670464044103	0.112961653723367
-0.185684076074711	0.166623109038846
0.0729453281170516	0.0964383557675706
0.146848822482119	0.156126156797909
0.635729643315065	0.89765463602743
-0.189008021583664	0.184929127028151
-0.0790675593506987	0.0724917764681367
0.117394768450066	0.125520706687529
0.188990204500241	0.276159153784356
-0.183768093509557	0.228108071512649
-0.85809051684199	1.97513605050775
-0.0662052927096698	0.0813708315340956
-0.125754531410301	0.159370591884229
-0.268644666075235	0.420000654257363
0.0713982984672353	0.0815596046242303
0.448449324378769	0.715088951288158
-0.394560967090175	0.595046634550401
-0.835582937208203	2.02086778194345
-0.00414532232083586	0.00307500838212592
0.306323490324951	0.320030934341631
0.268196226369091	0.233620938435407
0.125743530494801	0.100669323405437
-0.411978621903373	0.631303274052625
-0.0421555880000887	0.0340697552320493
-0.0398189047484565	0.0319885821401014
-0.489893260972796	0.466382286505104
-0.508777638528092	0.427837347584198
-0.0809970638960087	0.093882721304747
-0.0265750386486087	0.0232767193481852
-0.0070876168118205	0.00685060042490583
-0.0621223875730034	0.0546327067115186
0.22762271591966	0.280435245395245
0.180152853226345	0.217470418657887
-0.0649912497754989	0.058890610062287
0.424147726811704	0.612283969022112
0.392890693539131	0.463128450388737
-0.0498670957015535	0.0473963162112471
-0.154411519738665	0.142610628590995
0.1892559421888	0.182191879106611
0.276504439885705	0.327164125194076
0.239678719740083	0.248185051788
0.0119073165686499	0.0128295899305311
0.16320039501012	0.201356688201508
-0.105069123346746	0.129548228379927
0.469223999690171	0.668840705237222
-0.0602765535901695	0.0616388483236235
0.424352254218295	0.547630273093842
-0.305044462732707	0.328739269887458
-0.001287681316693	0.00136058720842605
-0.063076137406357	0.0753380398406574
-0.694066244033481	1.80430575179274
0.0527788904043738	0.0663747481048721
-0.481147307369953	0.773521171077625
-0.216370009929012	0.270434062692455
-0.205408645192661	0.225538558318105
0.196763183704233	0.237259425429624
-0.236433151557984	0.314046845940128
0.163158144459763	0.191926254703622
-0.263825377185612	0.34763053710421
-0.297280648023827	0.494161931136861
-0.143140917799052	0.160063486710966
0.156407171044166	0.173801291138731
-0.0756632327904721	0.0750411167569314
0.0280444530595704	0.0236942289646883
-0.220863778157024	0.258187804900307
-0.207066605270565	0.18756234062887
-0.352558890412164	0.450520629184986
-0.448232278734134	0.65529336705924
-0.0265159300367166	0.0198199089954122
-0.310306902596575	0.288239874040936
-0.212429746260278	0.192739083876989
-0.143547858168726	0.121253849249469
0.00915964106825718	0.00752732143827089
0.152687789880382	0.16661448589987
-0.176822139324598	0.190747448859081
0.111042843368821	0.0790037345460884
0.782291906333308	1.15620887202266
0.0201330664015572	0.0135219475460938
0.0402982536023537	0.0407482642855599
0.060564906388433	0.0673173082998261
0.369398870741951	0.625488889136423
-0.170405315414476	0.186579032298666
0.57047919813938	0.621777197914958
-0.378334776794757	0.388292604950757
-0.366280643383515	0.365573998753107
0.0148607772943154	0.0137917553329021
-0.26958419569735	0.355577682393646
-0.652192907903681	1.63241723454941
-0.423743915440467	0.675631087649182
-0.0644171637336694	0.0737043922378812
-0.608262173846532	1.13266222036838
-0.0114944148272646	0.010937833813162
-0.147182155164984	0.174908980145632
-0.384880870405963	0.552116558259545
0.202316760698095	0.261938325050239
-0.33797640602781	0.460897630728225
-0.293964937795974	0.44114610543542
0.0873786651694046	0.0807233541338323
0.0552976477337399	0.0423849430165253
0.0182154321582083	0.0144718076888014
0.138560185490078	0.119409759145369
-0.243723481101395	0.21403930470021
-0.00642214542846353	0.00755569052991913
-0.127002910556184	0.109561904178568
-0.0476095589105405	0.0472853822856633
-0.329086813935921	0.424731386290685
-0.515830532490244	0.551526292505873
-0.214769111447514	0.173337949563626
0.0919554092554153	0.0811683937531279
-0.00986308117401026	0.00872249022421092
0.144000466764663	0.132001198696842
1.24925516449467	2.27702979323483
0.38407516806541	0.567285521659541
0.0549320579142923	0.0443672377622316
0.176654452228717	0.245543305620441
0.154327688888879	0.154311820869611
1.09797377972851	2.20501053714102
-0.617531223274883	0.732593883222811
0.345321768380291	0.332231364368176
-0.106142892159233	0.114762212458229
-0.0754899783411486	0.0795120078182841
-0.120184280721774	0.140243237451902
-0.535797437769284	0.921486380626487
0.266331842413844	0.328173771971981
-0.701813083914459	0.84714119846515
0.199641499357816	0.172308731015067
-0.338374521696506	0.313151289254598
0.508767365431978	0.684687752083739
0.614204848407126	0.964967226407901
-0.396997412463912	0.541068011775945
-0.0464919482309735	0.0481034953548933
-0.257823657568564	0.290270231841168
0.456128935299436	0.583602993089877
-0.552996808534708	0.7485726625087
0.286164978395883	0.244527717970269
0.407338358477924	0.495605494805854
-0.0000760461391882565	0.000146668484210456
-0.0909343884555966	0.0795041254586597
-0.12582459434884	0.12620357556792
-0.0807083200819322	0.0712292472001037
0.0874857476937048	0.0851503755343515
-0.0660762183743329	0.0536751087881736
-0.347880083618705	0.396734339908215
-0.291100801619727	0.313881408636189
-0.687646884663579	0.949675908754675
-0.549464092725575	0.673127724063049
-0.360226066232811	0.351920323357916
0.474635032976059	0.518017677076722
-0.0269106033593131	0.0196732125591282
0.19294637032034	0.235678337342327
-0.0953081434733774	0.0832345478651073
0.521462964494781	0.774178306545174
0.468380943682054	0.647370746737829
-0.350238532287476	0.322959378068774
-0.180565014801673	0.165740617913612
0.131631992214842	0.122320760255329
-0.331372318705231	0.361489242389299
0.192478227165541	0.216467775987187
-0.0504218409368653	0.0476528117591824
-1.4692730581188	3.49366939003224
-0.502397197864266	0.539608800687854
1.49282129879419	1.8567413533701
-0.462833612241979	0.411158747401752
0.128339232608909	0.0977283440641734
-0.136842745336418	0.103897660636264
-0.336996901755658	0.366958737642069
0.370037194725213	0.424998760766201
0.0961704294369445	0.0875852543152479
0.509691844948179	0.705205707639863
-0.775117503821872	1.24483843409965
-0.157086148543124	0.149062367878245
0.663406780942127	0.758676239249765
-0.687947879278693	0.937676245674714
-0.310617238137939	0.380262990227932
-0.617102434614069	0.607187374154762
-0.0102623388172132	0.00892421589298277
-0.254746243597137	0.276308466806761
-0.0676831824328163	0.0616649355353277
-0.251958069083361	0.241908306043226
-0.0359585124570106	0.0301218874724657
-0.233415186187878	0.226937609400749
-0.902860178989234	1.40196054746056
-0.419876754962627	0.493326593962667
0.0264491906889847	0.0251648519194475
-0.417238074905906	0.371301931088388
0.123089926091156	0.100769219045984
-0.345476806904884	0.374457477805814
-0.000842944509918807	0.000732941308932984
0.059189518237819	0.0473590041429342
-0.256126651893888	0.246777753328774
0.1156643086481	0.101876037401301
-0.404801926280754	0.590770373888093
-0.245612958961471	0.235792457676529
0.145937418878565	0.149665363583543
0.22480869460108	0.242592581523333
0.455585259599622	0.490719939875531
-0.116927790545466	0.103984707105066
-0.643241610865942	0.856433716435164
0.0629879891651403	0.0596814605976357
0.177604611557065	0.199874161846607
-0.656158573850334	0.912900603955649
-0.719441063882389	1.21508900742225
-0.287046875951379	0.296737750576959
-0.172609015382862	0.10869226774856
0.298842907025424	0.229568741768381
0.551192241642458	0.544597939291517
-0.459129837634402	0.434250817865472
0.595263090268151	0.869597884597373
-0.281377434312482	0.330017690305253
-0.485619308607518	0.589557839814491
0.0973192031751841	0.0932616323924695
-0.407506727464624	0.411963320120641
-0.685914838346327	0.990359043976281
-0.852137571369753	1.13975808278088
-0.59488240929886	0.673540500885289
-0.143589482915513	0.17166879366491
0.506108201670233	0.524731828985809
-0.251784653617177	0.24025412009509
-0.286515808496944	0.307394479760105
-0.3444481253404	0.308968870664157
-0.0906954578781248	0.0827929326083097
-0.170056036619343	0.156080708954872
-0.369723231439297	0.235299868819014
-0.375807627602133	0.237553578462199
-0.934199300593606	1.0013349023885
-0.244815542022209	0.140661879279318
-0.632994876083657	0.574957618159766
0.211777749467512	0.12441620518117
0.0719286063384094	0.0310900061790029
0.376062951465073	0.234460173907549
0.489499298258372	0.352891881927597
0.579474682627185	0.699737453364724
-0.350632510256151	0.447999400039906
-0.220366597763034	0.176726069786102
-0.175653347990821	0.109001424670394
-0.643210614399037	0.416962298974356
0.322120750120424	0.230733477672841
-0.87940436360395	0.67150210565665
0.303406195126575	0.232644282698522
-0.184864843220679	0.17944275686568
-0.508585820564303	0.659141782088366
0.649108812491311	0.820392760086933
0.277007181050734	0.253430126836923
-0.141460328989824	0.146388865611561
0.193928666062371	0.197650505486906
-0.0876016791181864	0.0793928482053062
-0.698574884710621	1.04648475272414
-0.253656480513721	0.242182316069013
-0.371586074889581	0.419187065683791
0.314368628997192	0.238889575770469
0.0752906009309621	0.042710300513989
-0.323527145222429	0.217281944700907
-0.766508193684041	0.556141322441919
-0.11265761064802	0.0748527269222022
-0.0513118228288635	0.0429202643956482
0.356722132223013	0.239586064201795
-1.19075365009104	1.1193810148215
-0.740574960731407	0.826616777862744
-0.288327833217213	0.249818098151941
-0.602266540334172	0.452285353269628
-0.33653339144805	0.334882958067053
-0.2858904667375	0.0993119442028246
0.0532963569800655	0.0255169547811463
-0.138421738107381	0.0640193786052451
-1.40276919689345	0.905483828464963
-0.83825332421733	0.394095024191757
-1.0419062875177	0.528066845414166
0.328268054492577	0.144484775478661
-1.7426613480364	1.01815367557888
-0.287301755358346	0.0983716222742351
-0.676379992486831	0.170643638327607
-0.348831375910962	0.259249000226556
0.298729829729293	0.339161585083394
0.319901815131068	0.509809088891457
-0.726381989113367	0.742793000943973
-0.466181688111869	0.209063881174938
0.537656045865021	0.277532115024234
0.616038601410626	0.287136891615574
-0.1715370572002	0.0692138753848538
1.39279729729875	1.78289332877126
0.254041113689687	0.341717966376235
0.57540223323129	0.554239035623152
0.165064784973666	0.198248301137061
-0.363745832671502	0.909616690929054
-0.301132372737453	0.603237415810207
0.038657262408486	0.0564496334678178
0.188188970157391	0.288594538348125
0.577097831578905	0.92224403252502
0.0156718556904694	0.0134649195002251
-0.151578151346724	0.149474428002403
-0.321967429590377	0.168335463695327
0.0946349833348142	0.0287303242903703
-0.774436300278061	0.551277860925354
-0.212436591729736	0.0820367728949097
0.0687597745847931	0.0294678493704336
-0.261238243913725	0.250843472174317
-1.74790269994259	1.02979271453265
-1.23898957727528	0.734974343671122
-1.23814567027371	0.74609479705073
-1.10288861091719	0.983481741105878
-0.706377207887331	0.612727478339094
-1.34366871806629	0.64903643736299
-0.467273515210641	0.207316086827426
-0.595119154812519	0.231729522672604
-2.12929949094716	1.03935933977351
-0.139887250926739	0.0638816777473808
-0.349256517822663	0.348441674068173
0.416244490003186	0.634535998093452
-0.0203541205530623	0.0119590789587198
0.060721371684924	0.0286777451825198
0.0735161649753738	0.0285537329229463
0.457339165607528	0.165213255461846
-1.5620909843427	0.871045844781346
-0.673370078495568	0.501838400410331
0.147832324742962	0.155848591876097
-0.138832012723823	0.103620915508031
-0.198113224071341	0.224719715830588
-0.185697741737612	0.317912854280615
0.294799960564101	0.51080624455594
0.323902698697993	0.614446221361024
-0.131437114041116	0.147029113088033
-0.088489753894041	0.0851172541995883
0.195151033476304	0.16269614976537
-0.772337737131477	1.16348624972753
-1.74638483115362	1.05594992239251
0.712153615467443	0.419366803026501
-0.226863956958429	0.0849859007998572
-0.124828743024942	0.0585624715904808
0.280997845222394	0.139364591079215
0.376606383245156	0.425486679530024
-0.740324169184813	0.449978859055189
-1.23363906845522	0.722240044199959
-1.19351345285313	0.375038738204817
-0.5590045842545	0.380214736706792
-0.583376548277678	0.307790168763134
-0.676379992486831	0.170643638327607
-0.220034275466592	0.0835202831984266
-0.768479236786008	0.534427533351643
-0.677925460191798	0.35059804667587
-0.465296529752512	0.207820972335089
0.416076804089324	0.347526670024965
0.436956972774547	0.509926444596069
-0.0151508729879356	0.0159433618518272
0.80398725019956	0.721995472968256
-0.634177840241122	0.402491421910025
-0.227631890524266	0.0856912893843615
-0.770810610679701	0.557821214584706
0.0805479571541822	0.0311882242657911
-0.874969484089244	0.82981809505186
-0.309195318163514	0.356170973686907
1.93776352282978	2.43414219906359
0.0214992326756684	0.0189102543305903
-0.0403058692094121	0.0528323611366489
0.162682214590524	0.222432489073682
0.271280576225405	0.445659382905162
0.177230001746155	0.221218208116694
0.256246865973037	0.303274476141459
1.2081179328102	2.03707468349408
0.0112730611563681	0.00933245078815709
-0.0116434433429717	0.00708797327913576
-0.878608014594905	0.601905782591955
-0.566365191562003	0.294842790674923
-0.314585326213869	0.161722024390303
-1.01111084116838	0.685680792551549
0.721662810961037	0.798019904783196
0.53327708230527	0.279111472154581
0.058635339019242	0.0286958163370366
-0.873691797065736	0.447199061765821
0.373038500499796	0.235832763019412
-0.135659272858664	0.0617465521077243
-0.885970694171403	0.675148163657421
-1.31677837287384	1.0117280709785
-0.577116928280351	0.315390175774006
-0.0521074421908884	0.0300542500192793
-0.0267331210197454	0.0259252513627482
-0.287694411047538	0.374298696109677
-0.21624750198597	0.151090129910385
0.559352694579451	0.374989356740747
0.901042099035642	0.896763164112488
-0.376547791003184	0.242039341957239
0.638647716414694	0.486309440970526
1.02574618132124	0.836414143851377
0.525648063427954	0.765300649870384
1.38529333874152	2.27769248655012
-0.333113720647794	0.474587741585719
-0.379215475083263	0.634908108770304
0.408363953792258	0.696121723649793
-0.174050390578864	0.228764184712893
-0.328448954236601	0.486447403444864
0.386045407506018	0.490740113419209
-0.562072754389146	0.7270682340875
-0.778055676291919	1.0286513870933
0.0748326764768868	0.0345075054568485
-0.0910405846835858	0.0478629582041032
0.98895957401838	1.04539606809316
-0.423770228003044	0.263721701463571
0.194616432667135	0.116406290948861
-0.17945214281073	0.1492094613726
0.7510994689437	0.616593620874038
0.27798151953629	0.13617051110094
1.26407278615102	0.574094482023824
-0.628748832234217	0.391983604864999
-0.781007217883187	0.548731277222551
0.0242480145101546	0.0169378657402033
0.0752906009309621	0.042710300513989
0.00344463347141596	0.0020950416592963
-1.55282328052083	1.38025540895514
1.14578414033823	1.03264904377448
0.065308364969088	0.0247637560699498
-0.678589321475407	0.331356680958688
-0.0921849179029681	0.0486538187227827
0.303959984080089	0.353635886086562
1.22796747351656	1.65445620959417
0.0294237557573805	0.0287866305826239
-0.325728737622465	0.545311724433309
0.0795035112890335	0.0863008457048039
-0.0437248877592009	0.0439661534895472
0.216204781439596	0.256917386230944
-0.205034370146732	0.202187900963964
-0.157192884653851	0.131797494479032
0.186230603018931	0.180473900909372
-0.638905787266868	0.40776281205874
0.284002779464987	0.138978012312184
-1.31560563269265	1.00380374879354
1.16831880766675	0.721609827700662
0.0750678778794596	0.0316262178730225
-0.174699391303769	0.145908747528947
0.52298508394503	0.259687396958724
0.0682874905985525	0.0289530934585986
0.694804921436975	0.504093183038081
-0.136746730706134	0.0618116992888933
-0.246295256573822	0.195963913460562
-0.554867229131089	0.366003113089793
-0.781998156610261	0.723914612558617
-0.155060765853257	0.11550028856794
0.720262965290169	0.610221532690719
-0.119980740794973	0.058376020605548
-0.467305156120652	0.376143221638242
0.0239523783807902	0.015800097077672
0.310758578384115	0.422210543432172
0.418990397378376	0.507986896359245
0.0995585658593161	0.114951375200186
-0.183703696405085	0.277745640911222
-0.257396945568976	0.364922420104354
-0.568436657375392	1.37720641271315
0.294410139191194	0.426077310722306
-0.0741620555946252	0.0737267799135654
0.435426045547597	0.587833985612953
-0.828837864872415	1.66184832368622
-0.146069060224396	0.0951347826352343
0.567657613428399	0.462953219470388
0.762572357881809	0.729721131468347
-0.423829785408806	0.252957433389887
0.0822690020497208	0.0489108295637416
-0.0688154185382512	0.0680314161563394
-0.974468453309906	0.892560191724123
2.05019376139965	1.95929804945336
-1.44873924686923	1.41156606908485
-0.54035233894948	0.572895660503454
-0.878202477505817	0.821689882091001
-0.481398662343282	0.334834219056498
-1.67591769307904	1.30003626438869
-0.56396596958953	0.381813075619528
-0.32047115798351	0.21546496588523
-0.362614877880375	0.469413320833612
-0.220797573641367	0.214439373374229
0.00430371311164114	0.00405893117220017
-0.279144958127041	0.423971371801008
0.294391208094915	0.398955936301438
0.523931623533746	1.17768771993694
-0.0902140803584245	0.109456211491407
-0.113992794862884	0.115022100160473
-0.449439357119612	0.503468915096491
-0.700341247731243	1.09292553530812
-0.313145918453812	0.203831257272706
0.688491350204381	0.69706096166682
-1.43037222731229	1.20388844551159
-1.91283232719211	1.27835503972028
-0.605384769820775	0.46053952091803
-0.279657280167148	0.328013389639867
-0.0129802916950321	0.00792384346449903
-0.704150602741538	0.543450434093418
-0.242460942884451	0.141935232194592
-1.9952395190528	2.36070618625887
-1.44541033844498	1.45256578342946
-0.440017983523072	0.450865593151223
-0.50940945883957	0.447042968003296
-0.596728479214632	0.546484733818083
-0.0434312306657831	0.0251976754274007
-0.0409005180988313	0.0301773899867431
-0.381058798884727	0.345601616668496
0.657469797637508	1.05179686743837
-0.114274016226942	0.10869692870087
-0.14946317314151	0.151434199608485
-0.120261719058878	0.117267778731364
0.681669014594716	0.915764069689273
-0.0845277395085006	0.0887403631361814
-0.195858619347989	0.222355932405981
0.71208748061315	1.07764448965163
-0.31026724904081	0.314855788937225
-0.180592722561201	0.196864269418188
-0.975912612304651	1.2653593189388
0.206346781300582	0.167289996816053
-0.166883700247528	0.138094113523592
1.32202998167491	1.61487050675535
-0.203853703434322	0.168339357938068
-0.483583355910342	0.648993534912067
-0.0682460776436949	0.0565983901225993
-0.379354692063481	0.316982102095519
1.49054740349708	2.21091317298715
0.0602539935484996	0.0476320560544187
-0.960066301795272	0.940241130880528
0.067499238609177	0.0379381196373301
-0.679915732266326	0.50394872096503
-0.561200392022232	0.816406475892154
0.294639602020009	0.332012578621534
-0.510312106056641	0.68432344340999
0.828785720929194	1.30756199146831
-0.146323226856242	0.149594588213155
-0.185451316539666	0.186506164423323
-0.0212210319681224	0.0198902604247141
-0.287439018697617	0.371774604805804
-1.39859917038679	2.67654092751251
-0.156405749381784	0.153443344228695
-0.288020107753727	0.272217922496624
1.38978335215346	1.79204688919177
0.0752906009309621	0.042710300513989
1.08503226823203	1.26290411521031
-0.791466187524139	0.750194478386687
0.0205033140385969	0.0186028857715792
-0.389970116039386	0.35547448367248
-0.0107724110444932	0.00663299767698907
-0.236785417988359	0.187208034654917
0.198980710804541	0.14212630964087
0.199489240356838	0.148595288982713
-0.46550380043771	0.507959127373633
-0.966791789952194	1.75254503446888
-0.658908592214519	0.651053931446531
-0.284913422509697	0.159343705948567
-0.718543805296957	0.742305470246592
0.604543985695894	1.08208713124908
-0.12498518116094	0.116023471364441
-0.231637077450947	0.329535331888459
-0.184940009759041	0.295210155220543
0.260332483032311	0.37202143839441
0.0336093006642439	0.0439366415021448
-0.231792139501222	0.301702887564429
-0.602755720536707	0.883329580822414
0.436269744504718	0.566347690961016
-0.308122116569186	0.464286929067507
-0.43398703634397	0.349189033966518
-0.0551704932860289	0.0374784042056882
-0.433434335035826	0.313844104587104
0.0667031631737806	0.0359166930295964
-0.993242792839874	0.811414958932063
-0.145792987366553	0.167150544080883
0.954640615050331	1.38187775131135
0.205245816782814	0.127519843730605
0.52491970786667	0.442161867091162
0.561558977288178	0.459652215210872
0.285330534503173	0.243865072152989
0.475394840099466	0.516788507961293
-0.116211228157459	0.0906705307656837
-0.0601020535132906	0.04867300155762
-0.369634591135166	0.268492716894567
-0.224670643357968	0.247031574020107
-0.332513122002018	0.357216434786188
-0.182802483588267	0.180624976610026
0.0299883489762605	0.0259135993635791
0.574410918095215	0.554012122732978
0.245636440120693	0.256870914296781
-0.154383215720879	0.131172085733282
0.692031268005388	1.02017836062279
-0.187991392429147	0.168573290980485
0.0920909607815032	0.0881024471055852
0.130557770552385	0.111081895654073
0.556800085369027	0.628315496796949
-0.174177135008597	0.128310118040267
0.101722624169453	0.0664982156068932
-1.76879478341276	2.50468131425032
-0.141022000526165	0.133107081845599
-0.351390134827679	0.316000436233071
0.294748187532759	0.248107831456631
-0.0432068134512777	0.0310409862207599
-0.44548572702583	0.426482999986427
0.284192647975361	0.25139143292475
0.184363192668182	0.150167805638645
-0.288263398456791	0.274296998433971
-0.977072989532627	1.55264540202664
-0.413845293545316	0.598505026283019
-0.597736870239849	0.866468756808726
0.199076216230906	0.18014819039778
-0.584242870702038	0.628896955708617
-0.113875791710821	0.0992597610706594
0.287643507081586	0.241083662967804
-0.239640979575871	0.269889280617939
-0.159944080461435	0.133624523769309
-0.474312421547251	0.685942050366474
-0.359121619493331	0.441180451423666
-0.101566442536307	0.107327795023784
0.0247696829776397	0.020203911647749
-0.792465496942374	0.800399404567547
-0.1178251943308	0.122168353199052
-0.26803723697887	0.333736540245539
-0.337917851241427	0.360274309184317
-0.118245435719248	0.129508938675051
-0.249333714342755	0.256950096955841
0.0601755455200668	0.0592404654857608
-0.231195474983769	0.245990307522793
-0.35465771561619	0.477085213448193
-0.838862493680957	1.59039063900855
-0.775113605789618	1.37868335401581
-0.0813064387275954	0.0731411280115283
-0.167225666793613	0.141270369524397
-0.0895635641580668	0.0698681963799299
-0.347428264961588	0.28790215222541
-0.792435126602214	1.00160116291188
-0.323644427093589	0.329704569598628
-0.310123395660961	0.328860218285284
-0.963574140898272	1.36347273463103
0.142824256769908	0.142078108293795
0.148119374463511	0.173953527688677
0.423384247552554	0.565139847202529
-0.032368449109959	0.0274399839521622
0.0450831458581928	0.0429819617349386
-0.229357564683978	0.318975254702169
0.828687019712435	1.40526834137572
-0.986861193202163	1.62816187001216
-0.44165082632761	0.548381493536966
0.452202904579377	0.667319758078229
0.00589632270220225	0.00645966838901952
-0.239902970646899	0.283668331698262
-0.459087321265464	0.639244630329862
0.0336334786341188	0.0243713532219041
-0.379163423290451	0.243817475837812
-0.58947196624357	0.448735720931384
-0.157995520029759	0.144399988328666
-0.722139695379661	1.11142206755871
-0.107078396704472	0.123093683313558
-0.0957644473636452	0.108343703071323
-0.631053745206322	1.19522285639873
-0.0472574005451089	0.048468131893299
0.176835064566682	0.244503495056069
-0.427342710288743	0.640931720179447
-0.18792856582082	0.211821464317902
-0.0659448461528447	0.0725026737839717
0.0942218070382249	0.112556768137805
0.0777808362882584	0.0893619188895109
-0.620835605606355	0.876160703072487
-0.260099910673149	0.251165178498615
-0.497353947971515	0.827414757969321
-0.512890757872243	0.944349233533554
-0.150399412001656	0.194070535963107
-0.321670717595101	0.4436385732442
-0.273488417287456	0.406935657021122
-0.158462161779531	0.219453228378151
-0.123829949600863	0.160882364091454
0.0768703370920364	0.0908655209110851
0.0293756671845994	0.0288688481524136
-0.199510878340635	0.182272239299915
0.0326394587063951	0.0272344814191347
-0.0961059248317246	0.0847514287819653
-0.244556956166056	0.35439683591879
-0.0247294016335303	0.0299784804348659
-0.0129451747672927	0.0142183924443243
-0.374815015656853	0.593825731563138
-0.261766349293722	0.351953929435426
-1.07694133687648	1.28126821386401
0.8567514677333	1.04910856671658
0.656922560572178	0.975078382926381
-0.466250080943333	0.414135800791798
0.432560393009314	0.788451673486012
-0.194287300251198	0.258462155736886
-0.415381230383566	0.66593399048237
-0.152802663571661	0.190916622415511
-0.104395647255296	0.131713863120015
0.0509753131061283	0.0379868743433095
-0.497546450727178	0.645232266293842
-1.82636544040447	2.49781250934822
-0.0286315590018897	0.0332429265718219
0.422872563403994	0.729219322706065
-0.00958059810377188	0.0103414188817663
-0.167617256042084	0.234393003921801
-0.0692889324216982	0.0848160836028654
-0.168173079278445	0.203420320280481
-0.207197529285643	0.294718329909868
0.185892113576072	0.251088567416256
-0.179325207726201	0.210595971243143
-0.288028303236436	0.293422517684078
-0.280993134310037	0.238606820214567
-0.206637066057557	0.281172973891371
-0.136648354642568	0.178234829689876
-0.364876517709286	0.630461781330495
-0.220177409861988	0.310466916981677
-0.440371549819818	0.691238583472673
-0.108075619944019	0.130158888419729
0.0489069242129195	0.0537215594073012
-0.260079512768193	0.369537777561453
-0.174212125808486	0.145378822838308
0.0581770092304063	0.0457913267370137
0.311835232600297	0.452788721356275
-0.370616306139979	0.604602523518965
-0.289180297589907	0.48949783207552
-0.178124393405908	0.223178164439719
-0.126692262145895	0.151263457390588
0.0505980190403524	0.0596745326537788
-0.16697154186013	0.154664433922262
0.56769803605447	0.552359359184882
-0.392008633082295	0.668346541767561
-0.173444109377035	0.256314311947477
-0.0841098086803051	0.106185526650372
-0.105873827460252	0.137365870750455
-0.191612001161372	0.255307914197242
-0.167447396581668	0.226587042188262
0.0128091791877712	0.0146668436488127
-0.0522686379932611	0.0612497968961542
-0.364610075632812	0.594389706000912
-0.220346376515418	0.261757404901432
-0.552843288939628	0.925659171539039
0.0659146753674612	0.0689708693538352
-0.305688967800927	0.404409579816664
-0.681214678333093	1.27883565606312
-0.199781783293244	0.267558780744384
0.336326640782373	0.478590392158332
-0.243086741438071	0.310058488602308
-0.276547557636558	0.373118314427771
-0.0813671178908674	0.0838019295880475
-0.13127027496939	0.137129640360384
-0.338845874628363	0.532509197976905
-0.772145690532462	2.02013951078046
0.182332211714772	0.22005780594457
-0.268133016537945	0.337817587022858
-0.0700864716710876	0.0631723753764281
-0.610487299309505	0.852417171639227
-0.314512574586802	0.360108374627411
-0.299724600896571	0.395413788290467
0.58235745898213	1.00409015504513
0.00257174058433678	0.00250856321035845
0.00592232732915136	0.00567789572208761
0.136973832237698	0.141166959737374
-0.118500787400857	0.121172552218128
-0.182975553973537	0.179966360908111
0.0495470089373548	0.03874236286315
-0.733756484584149	1.03996794027491
-0.486121173551517	0.777281192844323
-0.244961075961203	0.364877019564449
-0.12333318553148	0.0782031874837339
-0.0424881937949739	0.0303549955050366
-0.190016766752092	0.152951332202798
-0.351608837304872	0.317774065926244
-0.335107569817105	0.52821881274673
-0.47451369338743	0.815355142259383
-0.409894398736237	0.6901530827195
-0.619761100545724	1.25120903376337
-0.551547108245521	1.0081702777104
0.0460760398499307	0.0501535549768686
0.799827746944103	1.80013042943236
-0.119635477421845	0.136156519876412
-0.277917222002154	0.30227810301611
0.289657828037734	0.427461303751249
-0.387920932359475	0.517548008417776
-0.203607630834184	0.205918840343624
-0.175708172850034	0.111546442284572
0.0108833805318733	0.00831005335516181
-0.605247224039074	0.691498868546708
-0.447915083922547	0.389746282857367
-0.00812427542847614	0.00924508098629997
0.110552107231848	0.134106699637684
-0.372139744067493	0.64732824611979
-0.245442605895293	0.398592220774514
0.0643493930873791	0.0865819441356664
-0.141106573110261	0.175135860145552
0.352603672045603	0.62848774755102
0.111984524591004	0.132857919710929
-0.183856298221906	0.256595518164953
-0.181165594937153	0.219518244379222
-0.00324884181247335	0.00367662664422961
-0.462452509724847	0.694362197831305
0.0408514579754094	0.0408596885084499
-0.487027622185319	0.345969055257936
0.69291357032809	0.490545428401538
-0.111366893322727	0.0728730763950095
-0.615107361673115	0.724420168697974
-0.402852897737771	0.456203792642615
-0.32768380892124	0.456374108947917
-0.575290533828025	1.15083071930554
-0.111812434524404	0.146796633742315
-0.414042205077406	0.790758693896753
-0.278796036197204	0.387090740702128
-0.0679448022741724	0.0901478357594607
-0.113338359971047	0.13570354924035
-0.303788991336549	0.474068499212351
0.0335300264205381	0.0401375721667564
0.00484547344325708	0.0055766093859005
0.0197808922890932	0.0184572991035704
-0.305223771126251	0.405307038601964
-0.240760695717743	0.304636741566623
-0.11319027732278	0.114968002474574
-0.199521309053399	0.301582986753006
0.0321568740302185	0.0350334919235202
-1.17086568458776	0.824389676928508
-0.633335111877268	0.565630459426425
-1.12913989710797	1.65981945279648
-0.429475456621956	0.744879770704946
-0.271100713974213	0.393183258521224
-0.0743044745373967	0.102019374223801
-0.221409112505722	0.33234092250246
-0.111370700798353	0.133230152113636
-0.446285569426607	0.853508503579153
-0.174824693876763	0.195421493622987
-0.345775956039787	0.448589881177693
-0.570607108339838	0.309520317023775
-0.524025859182036	1.0229393017295
-0.200060116384366	0.302519404747129
-0.390463153906516	0.76518979485336
-0.204491089838878	0.288001621754807
-0.187977759579228	0.231047417224324
-0.212825242675983	0.221200389286757
-0.18206102676231	0.166941305105872
-0.719047508626895	1.95645693498478
-0.0168991478991452	0.0183724816665523
0.143747251756859	0.157933516367291
-0.558085959557079	0.79847183771802
-0.0123540141111151	0.0120814224219772
-0.0266356212702956	0.0252814639214879
