x	y
-0.767701287495066	1.05809064208833
-0.400108446456249	0.484499883517422
-0.584122528084039	1.00102935153406
-0.418265947793403	0.639165909628955
0.0477498213753454	0.0442761661507459
-0.875191497367407	1.59477147597338
0.293309973498767	0.34751033078706
0.266667720719334	0.340645330051034
-0.118155427002076	0.144589675780712
0.0087337236538031	0.0103412210544537
-0.222916854581502	0.200207422706779
-0.00218442360491006	0.00161274594309692
0.597953774514427	0.781367025992455
-0.496311731002925	0.573102085688432
0.317118181043252	0.339641814973361
0.033935338461662	0.0291318596086479
-0.10510729763238	0.0770293808288985
-0.0103632412174619	0.0102597731264488
0.222957715651995	0.313195566675753
-0.319579458662648	0.428932649697871
-0.106853795827863	0.110713969198601
0.0255768195038861	0.0217076890279337
0.0441145331277395	0.0390697104140442
0.0740132879648475	0.0654115949701287
-0.266971879701201	0.272740640018502
0.93379233066638	1.63428696546974
0.285657378383379	0.383396539136188
0.236569958683666	0.31910907427339
-0.0565974452253446	0.0571556950112378
0.250327410845023	0.319115526104451
0.0028461251311328	0.00237381368239905
-0.340971119280076	0.440071995327642
-0.330460672422197	0.320240784771785
0.594586023211454	0.758403689353224
-0.852516952477376	1.37954491388495
-0.0880722066410598	0.0958123626721111
-0.00538731204089711	0.00542230216402686
-0.198475503875032	0.207759538272355
-0.135414826737886	0.156997275705119
0.0715211583596308	0.0733540099541886
-0.572283008341075	0.693197308597434
-0.34321481250062	0.43357632959211
0.183545388666002	0.172677552878489
-0.219932017859057	0.229735452391829
-0.129753827125136	0.131553037321501
-1.143432964522	2.04854616196354
0.0478968571811569	0.0459728309129654
-0.690413992681105	1.12002129529903
-0.162611542796958	0.185973872881818
0.0957283288580901	0.0904061315290636
-0.339822246227288	0.25481180226654
0.0843566335967591	0.0505172884894809
-0.014209378235851	0.00861389995604322
0.355638152197275	0.236616891927535
-0.0912707707148267	0.0462730573977008
-0.11458014128835	0.0885048075458104
-0.229531046671643	0.213365848964351
-0.437159801681498	0.545196840765352
0.20416044695613	0.146598450427469
-0.146382849412938	0.139139522956282
0.0236093592232862	0.0207476030174893
0.123938924372024	0.104684344169437
0.757230902438057	0.629198518228461
1.49359081910584	1.46578864110902
0.754243969247715	0.322958053743226
0.463180907445792	0.168285527716812
1.01485321104102	0.607030747306065
0.351736409483559	0.316196304967025
-0.370431592247231	0.38961891695398
-0.484646230617588	0.28326612978667
-0.31992847216606	0.307090362987719
0.0961631881433306	0.0930418727673337
0.841351534193765	1.22525041874472
0.470279201478925	0.336844944693231
1.01156034226865	0.604752649562144
1.02178620015872	0.83758887735077
0.285716153267947	0.141707385956097
1.38558767612329	0.884403396274095
0.458042399219212	0.16591671495207
-0.187380801738389	0.0747721627863439
0.201587777054472	0.150084057646957
0.0871248732741224	0.0707975063411229
1.55105951180964	1.07671634975803
0.205158087012518	0.143502944553844
0.264378325073765	0.243366703351245
0.526869215565012	0.524001147229639
1.2081941944676	0.677608466541926
0.597829840233517	0.481039685718863
0.278578830007935	0.138481328829806
0.525984793890114	0.269310887601475
-1.17465396473452	0.840913962566559
0.798084231507856	0.846302675208997
0.50786906382935	0.454322403512297
-0.643210614399037	0.416962298974356
0.473693882485073	0.342956062983764
-1.19392443099074	1.96510334206369
0.0529148639151698	0.0394942398410207
0.830105697496355	0.737660852305302
0.765944941317037	0.53597666453854
1.25954992919191	0.557470152486489
0.017804268864773	0.0119531483127444
0.213286212694298	0.195208775244107
0.0871837670717933	0.0544742369646128
-0.251762610866298	0.259479609288938
-0.645612810159811	0.888568106553016
0.421660458003467	0.423605010545008
0.287474769834879	0.139416118867153
0.970883679588371	0.938141004101329
0.82303766484236	0.655421901513503
0.213480221006395	0.126334153556477
0.619437121730823	0.389469275785691
-0.172513294284649	0.10747475094423
0.360509879649073	0.331544018445531
0.713280492612985	0.409627575551593
1.14826058578014	1.35498544340586
0.618769236590402	0.651146345767319
0.0587664392958011	0.0318130080192766
-0.0963120626371638	0.0641471003203461
-1.90870308360523	1.2613386457615
-0.671920022112722	0.501164861630846
0.433346871423113	0.498684244147697
-0.093708903903567	0.0887463891772076
0.207539541399169	0.138260637641698
-0.145386013224876	0.133871968093687
0.77528065628787	0.532502513473503
-0.245303385048024	0.144398031525092
0.411740630992241	0.336324451523214
-0.069615455846824	0.0379395552850188
-0.589105820867908	0.741577796622458
-0.236946255580156	0.284079580634916
0.0969049452248139	0.065154912260418
-0.180773935013529	0.16371545382481
0.761618598369279	0.87795407421405
-0.191325760615056	0.155787528741677
0.947010538150934	1.10272226101429
-0.789369991995662	0.814759190910857
-0.409743715610582	0.570680555521818
0.492755804053175	0.67950504250424
-0.22171874208208	0.216847994681125
0.0416042971619925	0.0374562712387476
0.246560006126878	0.231951592387829
-0.273475645544865	0.223755669723789
0.360246660695184	0.327111369277233
-0.353962707013835	0.392127356828561
-0.0898951215109337	0.089005392543085
0.122142448448075	0.0975562564862252
-0.614973600435872	0.855635139926317
0.0350387110433638	0.0340249894192297
0.0432813955485839	0.0385979857872494
0.298873509692412	0.417884911189199
-0.712001435105791	0.691360475452824
-0.31520548493624	0.255834828248191
0.415687898471615	0.469997401360997
0.436977974517403	0.589008728909792
-0.476380663331157	0.378391041616641
0.0907641651004246	0.076722373173388
-0.164792832877518	0.168413576070558
0.202134102143625	0.188537630458712
0.535965436586961	1.16611223582589
-0.141205833703569	0.10693597812562
0.457773939677313	0.540424551620842
-0.0154347617245301	0.0145680617812717
0.130016619534955	0.126130203561684
0.131017426878947	0.09981152295685
-0.400477592817237	0.494791404141935
0.193100148378365	0.214390719440326
-0.40907408665095	0.569555821127324
0.27857418470899	0.337729127460313
-0.154838832366748	0.171387074296105
-0.08148455007825	0.0938246546003964
-0.131063386742717	0.13555973052046
-0.0824983917658412	0.0864791283754633
0.304166388170551	0.459463584408612
0.253950525351423	0.300320753507152
0.377765379370873	0.481917153953738
0.0603511520309732	0.0500274182089249
-0.0710070921567225	0.0786526364239939
-0.0260480432987858	0.0249915268507465
0.366166319538666	0.489783367634227
-0.176601075910219	0.204545948758822
-0.155649717994211	0.168108874106619
0.35690377856971	0.548759494463133
-0.365949114803374	0.519992418900125
0.491054080153091	0.511818809357015
0.34686495621458	0.417369803062017
0.406224217199015	0.672118454510309
-0.208374910774063	0.242178808494981
-0.586797070966047	0.995110941786116
-0.0540050908523223	0.0632221542502294
-0.545651455073287	0.804293302814642
-0.826934854243811	1.59225945608167
-0.167947455667232	0.212104255694491
0.242185153137377	0.234853859155695
0.661011885119143	0.571783834155436
0.237002050102858	0.241393476440993
0.510360388068021	0.693450677967874
0.512920045555359	0.923584372181828
0.635860964569169	1.16586435551344
0.244641176887198	0.309524431895639
0.30943495749777	0.33437877467702
-0.0627481983115582	0.0716713014394682
0.376332570607552	0.626686656533203
-0.0478142809154942	0.0579666329420853
0.106452255712818	0.114906366354517
0.0387723884807425	0.0406631734773434
-0.0536341890163016	0.057554478790966
-0.0782127876906883	0.0638759447339828
1.29034701169481	1.73328529689645
0.140245828293809	0.178768907396747
0.375306566105496	0.505576531761486
0.208990163211718	0.290275026626816
-0.132166803114224	0.149635964687713
0.30149664111311	0.419531255422837
-0.00286709253319741	0.0033946476883131
0.158383459084185	0.185213636750595
-0.338976410229247	0.629556920471608
-0.352511079917065	0.521165008120596
0.0208369399424973	0.0210329399081725
-0.0634805501295409	0.0677305843829271
0.169383431455619	0.22411767539755
-0.164593520239001	0.205697264301951
0.0645032077004268	0.0615964344584324
0.614508669114832	1.17824560741745
-0.251287279935469	0.369295470136346
-0.224873962924123	0.325416273579656
-0.085914579507215	0.119254766599829
0.0235884837466999	0.0242650094923168
-0.594348930989102	1.04546034366052
0.349991971161834	0.489821915274404
0.767397345685314	0.980047162048334
0.417047996717625	0.639683423258616
-0.0409831224250417	0.0435373673948398
0.19988721308615	0.219896972681523
0.471077855641089	0.67479867658868
-0.0506493714080431	0.0615097019121799
-0.0481316406680114	0.058651177880483
0.0715547264404811	0.0925698962637669
0.470551396212591	0.919594745656495
-0.564534270462375	0.949643298279043
-0.415372607741547	0.65615378289161
0.0373570318213805	0.0261564114542656
0.500359269960378	0.942252754275913
0.341788240882672	0.535181176156554
0.212925159663611	0.250939243962386
-0.165116897111693	0.139725964079396
0.28487738976111	0.364393846419072
-0.233726629443025	0.391801751208477
-0.0947883847132286	0.140996640055118
0.0199782442962844	0.0239929858942427
0.0828344212419076	0.100049879468349
-0.156682614534894	0.220858804892102
-0.289499003185059	0.421810650806976
-0.154475658460711	0.195918327556991
-0.272431857381344	0.382730440831856
0.12385384833573	0.101947379718375
1.49434392196552	2.19970769816173
-0.0503084213487538	0.0360134605065933
0.237272377808582	0.247712331325974
0.257309865454397	0.371116868159882
0.791285739170969	1.54403974834721
0.419928955652576	0.554556813824377
0.188439396351493	0.213961927350621
-0.199379140442378	0.310659563399483
-0.395314831304258	0.758119643680325
-0.107195311618216	0.16303846324559
-0.110622085166307	0.165781841573162
-0.153370175146729	0.208618745383827
-0.527664029293438	0.850123810663852
-0.369244986847966	0.527500950708518
0.201636740682397	0.160117137680972
0.121758756774155	0.0860108179484011
0.117384809328179	0.0895118376515099
0.573923318754413	0.900525196191813
0.246914891387061	0.295563368359128
0.305519495456078	0.442084016834456
0.271598731622307	0.32404996335251
-0.333817875038855	0.656545559331151
0.115193742661016	0.184050273542348
-0.0898613144466985	0.128827021839672
-0.0658600942123233	0.0795771050626134
-0.165435456092711	0.192354707479905
-0.740187433495212	1.59657089365738
0.872330828824066	0.776081902440979
0.591497946467275	0.471336124946544
0.313478964099643	0.247217842236643
-0.189769879255243	0.265020168823662
-0.0898357352024294	0.132469593676484
-0.32970226109166	0.612948723636187
-0.171132968136755	0.280032814216741
-0.228302861176269	0.304825743803341
0.0988505846901164	0.113392206701575
0.162551657299808	0.194831993730656
-0.20324016806216	0.332313493538626
-0.321230428742108	0.647452342846529
-0.0231108240841696	0.0275325629260534
0.0515365137072336	0.0688088395787889
0.337483073999306	0.583076801908196
-0.632183589344547	1.25916552312278
-0.0185501687376984	0.0193509273071862
0.0183332380618142	0.0182745655644505
-0.367554178293543	0.531259090974676
0.309595630456771	0.244198859998107
0.760316722352583	0.785912835582351
0.298546159812343	0.22614894020211
0.523633800021199	0.689938341922732
0.00742965116630805	0.00792486810710068
-0.030835756988712	0.039540452382722
0.0319091361605652	0.042996141894143
-0.0421749075762457	0.0476470928554609
-0.0918831978734163	0.0967607669443113
-0.0322367198225924	0.0234392748244614
0.90350787063579	0.873344398884683
-0.353927613764064	0.294834220267394
0.365370529825878	0.493153471789201
0.232875007385308	0.338582375360743
0.208613978454699	0.297132865884769
0.417726609078652	0.708618627043759
-0.407713643459336	0.684444424694443
0.338044206456951	0.643176208068985
0.354958487825918	0.335119987874504
1.1373188399291	1.14697730338431
0.263411227979478	0.241205948560947
0.311021758523874	0.423638814395472
-0.231034628190828	0.341511003176408
-0.569775935356115	1.24650736075653
-0.216651012861424	0.323984117085182
0.407968587247981	0.69648312483787
0.283194380764175	0.376329769945754
0.713815225661423	0.689646095770241
0.438931654749068	0.34623355791686
0.340989933279947	0.530427711292582
0.490874730282818	0.815809382872729
0.156520219546447	0.183931973788784
0.993227261502571	1.69217017929459
0.0483031571857824	0.0542150388907337
0.0240589438035455	0.0294986868207528
0.242351519035272	0.357883479903808
0.591607470719458	0.466858357551234
0.539198118551612	0.464937591421343
0.109318133425387	0.0770585111446278
0.136602890102702	0.16418002144574
0.238288363352563	0.294242527449758
-0.133900436312987	0.151046226832128
-0.0793530244710235	0.0777181323532027
-0.255136523201969	0.42916770151203
0.0545465581248125	0.0651556325717877
0.027043588600155	0.0345099329357229
-0.34694641320893	0.494596909921933
0.184571336646206	0.223053830757681
0.798047538178213	0.802208020426725
0.304281450243679	0.238432314385058
0.0253719870806982	0.0176732654971449
0.191861157936408	0.211288484036413
0.554273054371793	0.91323642415685
-0.148605819450144	0.189813318439603
-0.0131119200950273	0.0142904684763881
0.216566307017451	0.292151642666153
-0.0535714504852922	0.0502842792390527
0.718336328351911	1.34731633085188
-0.14065973286087	0.185386200385936
0.00202051545040439	0.00220336434784742
0.275825727699456	0.503854833688299
0.0651361827560761	0.0641228809562011
-0.020769909913087	0.0212491352725813
0.114085892862648	0.0864378567217229
0.184445289363545	0.204673863456107
0.48856613067956	0.853264956842623
0.0589336379130297	0.06934481523713
0.0168394606667878	0.0206094432142363
-0.0659975456932616	0.0778544005090115
-0.545009741110834	1.12891524917507
-0.258656425595208	0.362961180950634
0.0553640397140696	0.066063932965786
0.370590433217021	0.578063136984251
0.0137066578842372	0.0130187910719145
0.0648595789108769	0.0826237836954726
-0.0442960864801432	0.0482964962417499
-0.0348391845821808	0.0379262559943758
-0.333695231238723	0.495488816712824
-0.0203475038399325	0.0249286959950923
0.105881522493044	0.160615780748175
0.354886042364337	0.443498986574519
0.268257990277658	0.388056439003436
0.104926483011796	0.143061401430111
0.205946669779388	0.329761622203571
0.116655451701075	0.145201213488813
0.210740357719644	0.295110634100942
0.317018394980844	0.619285442829347
0.515856844108977	0.766660520924416
0.192949918452252	0.207575745856572
0.603663490874175	0.948562358758178
0.192239054273283	0.211721790599324
0.60795152460869	0.979516486965105
0.0225350684331477	0.0268794752955799
-0.0860599057073371	0.100449112880221
-0.0720441686362168	0.0862486722862532
-0.134516847531862	0.192972899116309
-0.02353960393309	0.0284512752737935
0.404125474035377	0.649112480090368
0.108534910292818	0.132565526820942
0.134686098286756	0.100158961901022
0.156660643152272	0.16889856276777
0.462551952188305	0.846874580239031
-0.05882003305347	0.0694155151083149
0.534568535205587	1.10661231161752
1.06928098304046	2.70857856331223
-0.137969197580794	0.180829544852382
0.340080255216985	0.600350376533249
0.401558841095253	0.636301116466716
-0.124023485457911	0.137001493939355
0.236802341179022	0.325007247371517
-0.234145603406963	0.287563689006461
0.719018649950622	1.24501703577746
0.148825882581607	0.188152498052721
0.301690234117834	0.420056010165245
0.496349113119782	0.780277188246106
0.315983665914133	0.238129005239772
-0.44675052076617	0.528293289611862
-0.00510167839780658	0.00443085355092329
0.105747249231367	0.107962149319839
-0.157474760237979	0.172043032514021
-0.166754046628219	0.205061924645682
0.182007795204633	0.228512051596346
0.338918284783095	0.423294435596326
0.484837570546675	0.846435381810885
0.547390981378338	0.979412485188385
0.022120834955977	0.0240080463785708
0.0140933897909441	0.0130090434741273
-0.000668222666296537	0.000498346016408282
-0.0620459628113237	0.0622864277095129
-0.0866671564450131	0.0903482875235912
-0.192337057436087	0.232921726431878
0.283976247108103	0.34493458985333
-0.35684441722864	0.593504173842265
0.765418234574666	1.1651070358862
0.167673488376556	0.216230168222265
-0.178756612576788	0.301824873665835
-0.270401381780195	0.528342583018683
0.301763958701293	0.46405875583888
0.551710199142805	0.860347579355681
-0.389868305800144	0.664620371212273
0.17200383730517	0.241866450602163
0.149665463365283	0.208184462696404
0.0968590184577513	0.1158921460757
0.508152976422689	0.880515027535364
0.0892709554186985	0.132087907306622
0.257638384936964	0.34790798082268
0.184254636095766	0.221832908736722
0.293945235169106	0.468519799938087
0.0321397121950827	0.0322634647316956
-0.279231070679444	0.349788618192475
0.10291954260956	0.125406930473985
0.640719081397546	1.2433839309707
-0.0864725165743847	0.110672709690328
0.42304227488693	0.801321094504437
-0.201610425947806	0.317516373394247
-0.714343851448003	1.79518733027146
-0.0273118553193888	0.0342647948361971
-0.595313251363333	1.51060653296928
-0.303883410681703	0.552168379825251
0.0600304121780062	0.0779750393107632
-0.0668626943327897	0.0860957423702563
-0.032719823809976	0.03703198439463
1.14152792323834	1.25233216807306
-0.636263172844063	0.722020702672605
-0.135758961116055	0.150430976658482
-0.864351277379491	2.06297875103172
-0.517745687734521	0.944292079515705
0.552449836393168	1.21280787125646
0.29394328441439	0.472738287485029
0.0093307143601652	0.00901443549356482
0.303901419268985	0.487438973482573
0.175302612807941	0.284507744099146
-0.363771529359104	0.710293336842841
-0.139641350918333	0.21281389531382
0.201555019050049	0.341775308897422
0.177053736274754	0.237672761825549
-0.0160885612508403	0.0151760726860731
0.240688180596556	0.298795090063964
-0.269393676919068	0.327426520278156
-0.373731226257705	0.616145061407968
-0.223724268448381	0.305114298243333
-0.0629824259327265	0.0781454767544337
0.110603092160602	0.157348784942661
-0.152176552133331	0.219698562498404
0.325662750246101	0.689828505065873
0.0354938801162381	0.0488645823864657
-0.107160494279557	0.163508951968681
0.18215043843084	0.242053628984789
-0.246788893099132	0.38575392333666
-0.0943474755131114	0.127047225272389
0.196441136531634	0.26248907449907
0.855665359937975	0.743665056146825
0.658279602508421	0.739119777281283
0.445894184106863	0.555065416443574
-0.0340521212870786	0.0352116786616069
0.171366760815832	0.220705517040025
-0.200346106708755	0.279775088519626
0.347321317498942	0.511432421147665
0.210345083957993	0.365329561994657
0.466844534846099	1.08779496173228
0.35994416041986	0.725164869811625
0.258360038504194	0.471684258318416
0.0561804415322457	0.0764855312257905
-0.0602574810181597	0.0682438824810894
0.0601671747694197	0.083159359986092
0.186396392956125	0.333840631311807
0.118346343665579	0.177783688196819
0.120010475791319	0.188812619938176
0.820083958463402	2.52251508058844
-0.432824127230011	1.01406187075798
0.0642827622674421	0.0857816021981713
0.0300986924557149	0.0375988416187059
-0.123823544408261	0.182088800265426
0.438172386661748	0.427788296199644
-0.0000848485131361824	0.0000466419013479234
0.693167908754494	0.764573148587569
-0.507366108841821	0.725241567229581
0.0170063548039242	0.0207998430205276
0.12066681441082	0.153167592565094
0.290044224706078	0.453033435224619
0.0263715140592724	0.0374199193498111
0.0569954500037752	0.083655522719765
0.380921086860295	0.793093321305653
0.351478111383151	0.778116888120202
0.533745831913261	1.15788255774724
-0.227949754712485	0.290660621282325
-0.222496210201242	0.26765111999929
-0.104027563673766	0.136174201646671
0.0409597854344612	0.0499766459823806
0.187956659611745	0.274612982700081
-0.32441022067648	0.581669673560717
0.14828259040995	0.225548986380414
0.0624085930273097	0.0830682927918659
-0.0542230687199018	0.0645591611504637
0.41886307811205	0.693937533147792
0.490918849499943	0.807837814523422
0.322495774348136	0.242179547375094
-0.0793926938746395	0.0434312089686188
0.305743152249031	0.24868529812108
-0.442236631535655	0.550625196937481
-0.109511688512603	0.124880417147545
0.41935822182126	0.692590478056741
0.539685359135813	1.0036932618046
-0.0146327039118211	0.0143110036345692
-0.00990201655501772	0.00951061300001393
0.288626111378376	0.481183909013494
-0.0200296982170238	0.0251245559921556
0.102352725354634	0.14437024072549
-0.267182451187233	0.471372312844102
0.152414156337979	0.23310961503615
0.162025384294303	0.277118617641332
-0.0085915386911537	0.0100184535953283
0.278097701493483	0.490552756979622
-0.41011690960971	0.871352360037094
0.174823512964879	0.253038419026069
-0.192992019795355	0.329979903008533
0.0358633746242265	0.0438507488924783
-0.0333187921800701	0.0462889741061589
0.267609039179729	0.416985676202323
0.107532256182812	0.129915236974085
0.147842840865373	0.220343349715132
0.0655957653377122	0.0757956816432981
0.12716439609901	0.138972051524906
0.422327639389193	0.342856361517495
0.537340924528178	0.602652965176548
0.783229293890485	1.30503837578809
-0.438041956592556	0.78200566495921
-0.135985344943502	0.17602691408402
0.0950637330118724	0.110876051471175
0.510579420419535	0.851194392332015
0.148038921414266	0.167824668942805
-0.107541344426576	0.141624793341102
-0.107557035913411	0.166125247919397
0.146010969319959	0.23061439513959
-0.0693591992170353	0.100544056216671
0.135348821932923	0.206622963777935
0.194073952718799	0.318612863495113
0.296417900287029	0.595787348574318
0.32147729317647	0.570689421149766
-0.331551244345204	0.509265881634702
-0.0550105033047239	0.0612728138130544
-0.300662043189715	0.394869028851538
-0.130831760371024	0.185881206691892
0.698367333586544	1.67847938188607
0.590728808782625	1.21907352178707
-0.307110471237216	0.523532089810228
0.0327683309167162	0.0442411529749571
-0.0429271038107758	0.0500123057942675
-0.0639626525490011	0.078612886872904
0.0287754006868951	0.033324287486481
0.426461815837715	0.428944442356605
-0.945589371836277	1.00824061788353
0.399792123824844	0.33874713049262
-0.218824378762621	0.248482456713597
0.292875919152932	0.446139128256271
0.0508765434103647	0.0567567705841434
0.0716250551124896	0.0816531788409875
-0.338433624152187	0.438846680651202
0.193649090781777	0.228532284015327
-0.153961336676289	0.177123143093854
-0.518214987691329	1.14735376889336
0.265826462000102	0.446978849069191
0.000195824943843296	0.000185267331334538
0.394300877626668	0.745299295753353
-0.24956563585055	0.429471243525424
0.131753397781971	0.201572601042072
0.240829675196258	0.325712183414538
0.25043966807708	0.434155310773124
-0.257148297347941	0.359685369372133
-0.190964367975061	0.290496534599644
0.185412300707931	0.292443039405029
0.0402783875925436	0.0512117589278442
0.162374943951294	0.264926659085032
0.345065259272842	0.634458769472409
0.0258446551332512	0.0286056345533594
0.312967421469688	0.325426181536343
0.381595324228518	0.335635936171688
0.130068154278137	0.103908876902468
0.108575238125602	0.115536613976422
-0.246386085918791	0.363269072321733
-0.126509275232602	0.160563827375559
0.681231001697566	1.40211889431614
0.0114761354791994	0.0126276468288589
-0.28680042628201	0.343478171247661
0.0227840374354024	0.0268496000043086
0.116412329189279	0.17926099433695
-0.0670093978195051	0.0881521177866068
0.0993619340610279	0.151703555602808
0.237551788298358	0.427005328193264
0.0517667389360087	0.0715545866107232
0.0317794084908469	0.0430414972264664
0.607224391923032	1.42458884881199
0.0547004320242229	0.0714453156081412
0.333233480578193	0.597422985456119
0.0887847784960668	0.102495013229849
-0.049996514299916	0.0467153520189833
0.049793824129541	0.0691017882536523
-0.408527913531897	0.772192143480744
0.216409963607118	0.373017786680749
-0.0348504572620499	0.0257007665306431
0.212158081466261	0.166866501898085
0.0214500507859791	0.0165422595479961
-0.204201300951727	0.233575606560806
-0.121482791173763	0.159587445389615
0.183113486397475	0.250269633906498
0.266116187720254	0.39023802410322
-0.00250819347015714	0.00247838209254112
1.05804302968579	1.65230126136171
0.0692444419769684	0.0731432987849079
-0.178933227591438	0.278700322282119
0.22783737718767	0.369403945280332
0.0462156481262362	0.0624216967301306
-0.20045591223807	0.322135136453935
0.169024551067154	0.261526836969609
0.217036029610268	0.361846658199132
0.0513677582980211	0.0609959599209329
-0.0646393993585504	0.083519138077787
0.211924919823926	0.332016541971939
-0.365385756312457	0.408648947201797
-0.0323672606376574	0.0327301458496876
-0.0470065385557051	0.0542420696658037
-0.214803676834787	0.323810410302163
0.273547638528603	0.389762540037617
0.0982557139129283	0.122018646417321
0.125336602580252	0.091275684127964
0.772731381678762	0.799801565558577
0.0968069122969928	0.0838104187917868
-0.0787091108228514	0.0711694631465025
-0.994752276629341	2.3062264578388
0.314846603893899	0.501762895625327
0.257017022299582	0.344513927886931
0.119753751611804	0.137131145371359
-0.297165564440946	0.329601129103965
0.313007968992428	0.402012679021912
-0.476387435931801	0.925775108530234
0.12849017157188	0.165056816486904
0.462811620611928	0.987358860290798
0.235842209183488	0.360873930675889
0.472334245606445	0.953158536154696
0.0472848945012867	0.0626050937185094
-0.261528706178	0.361341365777466
0.0901548820732833	0.120034428179141
0.108137478299948	0.145224620832092
0.0824972312557191	0.069005317406776
-0.10287912406002	0.0786002400293627
-0.0960158869901827	0.100223269247392
-0.210418671792849	0.265234764492313
-0.47320337970277	1.06444934761793
-0.847479728804079	1.96520781326899
0.160614411939388	0.208902639817791
0.750308560093019	0.93083531401444
0.630458687159445	0.665718120274363
1.11438415699518	1.74272519835858
0.119676943000123	0.142396611669512
-0.580398360593609	1.01055592353342
0.0328181751714001	0.0345763717091178
-0.328653027000876	0.463606219043897
0.275812752325221	0.347032676878392
0.442671881206915	0.562691895800403
0.302902315087259	0.405838474786195
-0.450887847048122	0.960698724680631
0.231154676621142	0.330330310676182
-0.221082104395839	0.372291985778209
-0.47042185426689	0.79791423432203
-0.104673906365123	0.144214970626542
-0.159981466678465	0.235094916748153
-0.181282368451403	0.255301940482842
0.220635663174156	0.349202377912159
0.23723541736209	0.385113047618583
-0.384233312239973	0.369400823063996
-0.497045763180584	0.640230209429776
-0.119999366590229	0.146776919229535
0.12380899594638	0.147105090202468
-0.0169130881071584	0.0160516887256687
-0.0224420786309483	0.0265529300419238
0.0901283976892642	0.110812605746757
-0.0137373673953452	0.0171496935744166
-0.168757874759621	0.228351999753838
0.00145519663301771	0.00163308140348752
0.0231833326665586	0.0156722263032823
0.900167561231289	0.91166448037117
0.630162730791105	0.809979918309421
-0.488510882288777	0.812617339612308
-0.0931280788847942	0.116363584134155
0.0573419619566101	0.0708728545945771
0.163127595206404	0.205295045705197
0.595523313648756	1.1441440649469
0.600276652766273	0.888579642190495
-0.468704472876625	0.709159181216148
-0.254316424227188	0.411661446088152
-0.356916955070009	0.616585193682748
0.0749894964752659	0.104360583610838
0.0921856051127852	0.123184937522671
0.148692721106224	0.231056673053318
0.034246091149401	0.0447929805668989
0.50022825010367	0.966235327622173
-0.0996310917947998	0.138741846161122
0.24087584006259	0.390322706092258
-0.0906439953234565	0.0940291984531728
-0.314624021173666	0.316926735908418
-0.0115398635217675	0.00873007739825649
0.114443307258366	0.0887848287266771
0.245083895453783	0.232973022612535
-0.0517191426108932	0.0474201429921477
-0.355144151207217	0.534686450074387
-0.0375469733039453	0.0404789416811841
-0.524628328077665	0.875662765288862
0.516244415412363	0.826556895145409
0.131670306276531	0.186347775764999
0.032433256177976	0.0388718016529087
-0.100862845856141	0.140312854388481
-0.124531828726544	0.153232786705183
0.202510522490167	0.302659440250492
-0.0558294789207168	0.0720654537330489
0.48623165223995	0.782713895549169
0.373435225856165	0.563495438592591
0.0402377236054222	0.0291215801180725
-0.0952601669497795	0.0753902992062866
-0.0818941860119179	0.0662451119791424
0.189127195595572	0.230341305785955
-0.162190644116918	0.186267813648249
0.262849484358901	0.368552163110549
0.277674386683589	0.420785900095205
0.156638042927174	0.195393694145965
0.24365790082907	0.2997713118661
0.496756646762752	0.973707645807301
-0.449103198819227	0.896001712788894
0.603714072411646	1.14258333975082
0.02035606143194	0.0242190633306105
0.0715351454677838	0.0916630793615757
0.774112322552191	2.00588737092406
-0.367864278990251	0.73111292565735
-0.0236577170288166	0.0297030561132386
-0.072775690805048	0.087956725493071
0.186157164738289	0.278181061970832
-0.0277419581441069	0.0314440763848206
-0.572287112139183	1.04181438721193
-0.310487060925733	0.370369247713367
-0.118525828097107	0.125527224788757
0.0448871969919915	0.0496134810706586
-0.125521601831025	0.129908630380513
0.0995196125890604	0.101854562339644
-0.208709197588723	0.228327629149235
0.0943564361836496	0.108344175640571
-0.564430135107918	1.06943874617602
0.310768871534092	0.416588681106352
0.366945739488225	0.506100344214071
0.197337765211593	0.233971244636207
0.0375142984383588	0.0388510913993596
-0.0314858935296984	0.0368141361665338
-0.192386572520554	0.278654725632156
-0.789555730407726	1.93929633558585
-0.219059191764217	0.299808939752319
0.308671693242207	0.427821805752496
0.403489618636442	0.584949074472708
0.240234113513611	0.290339675614514
0.188556041390783	0.187910226038297
0.288051025589335	0.362231620464094
0.636344656037547	1.15312841928757
-0.496369034827791	0.717798439629882
0.537370763271551	0.842438689486586
0.425477470149209	0.684265315037911
0.0532125568578209	0.0689328478316908
0.0841092701399796	0.109318375533256
0.1491221519211	0.202717544409283
0.19309478417128	0.267355317435212
-0.0807938656371214	0.090697558980762
0.228126786175587	0.31763941144314
0.888271487839591	2.10468137911644
0.488311919072237	0.781119425329021
0.267349896297703	0.351935124861988
0.117030872228073	0.144804690986338
0.180261789915269	0.217577687538277
-0.15854813645677	0.199361647000247
0.499082554433391	0.85145694172781
0.218799463451726	0.297407415950778
0.368425639274413	0.504532867817007
-0.179097077053207	0.184250927429212
0.469129956351978	0.58584301115695
0.000773702119807018	0.000825086361081751
-0.47440686313503	0.828290007749033
0.365914076745463	0.64346432108405
0.289108030782574	0.434677719806609
0.348668058123131	0.544623627189288
1.02339105182397	3.08782597550275
-0.0298167450807057	0.0341147812039423
-0.431932044405793	0.784729182656857
-0.0277490504462746	0.0307260981135077
-0.00274659066526595	0.003364687952307
0.053579982849055	0.0613840253066647
-0.06528355039262	0.0801791468824673
0.259500977814836	0.345592173762104
0.103028363955104	0.109512238723024
0.0152838231951058	0.0153200015288178
0.00660167123301388	0.00709498370105301
0.59596499264596	1.20759469633392
0.285855144492692	0.416108615646438
0.487242109280627	0.845391879671134
0.303799599654951	0.494014775478593
0.364144970623312	0.617060350133223
0.367116213533829	0.601966628234071
0.395529068840163	0.715368418557191
0.0977229091739122	0.0976037729722564
-0.264787154076133	0.292079456849138
0.182258839360914	0.158356836742621
0.0502385481187318	0.0361837406412684
0.976165613173847	1.24032764019014
0.454273128198564	0.587828652202993
0.0730551168302254	0.065550863423655
-0.266031649226568	0.3500476355107
0.149075131499823	0.184844012279019
0.0557732826463843	0.0572084738636745
-0.253649702944086	0.351774874331248
-0.399638744361444	0.680667773763389
0.140932304308961	0.20300518315298
-0.184631599712184	0.261707424841956
0.0190654236031688	0.022074609715503
0.193589490647568	0.310018598441275
-0.0713942911154125	0.0797839518823429
-0.185589526830689	0.221823074810012
-0.0494575180835947	0.0464347615466866
0.167635806978434	0.22533247009552
0.0816047308164107	0.0923929616808146
0.0251153215104568	0.0253942497671806
0.378906873316727	0.665112292345207
0.242894770276142	0.337654306889266
0.317200987475002	0.516432983415057
-0.0578254703441635	0.0533117543707813
-0.264162313088017	0.253602645837082
-0.389877581336696	0.349038785993172
-0.122810500966884	0.108147582114666
0.624152958163551	0.887721524495465
0.786574026415701	1.65118572283538
0.22800169058072	0.274571557119827
0.233154626115741	0.308173940456634
0.585672393357362	1.33725028416848
0.27038756770781	0.441495661891581
0.233693884627553	0.383062515265282
0.191256304938365	0.272949839957224
0.0525841333822957	0.0755124648201851
-0.12115545872076	0.161885588408196
0.109153375836381	0.164615878246398
0.132911424359504	0.190587721462349
-0.360781820721518	0.530191177995509
0.0332649511995573	0.035409934865392
0.188342498741125	0.220666982090952
0.655016945813652	0.739053116093442
0.211659830197695	0.15331275436534
0.0904045888274449	0.0862762920112747
0.252926863629052	0.367960513589736
0.260288908456431	0.347676550073436
0.258528581583589	0.254096880299413
0.217625751873149	0.308006375646232
0.184241106675063	0.284069376860044
0.345546932857531	0.702839890245264
0.122481969082739	0.162788892883733
0.66232267046757	1.52111799232962
0.440766820144982	0.967425691388553
0.580179210859512	1.40361374190262
0.068507303712259	0.0393201810156047
0.480740515988497	0.500041178378362
0.347618273436981	0.443599555314816
-0.14619509721206	0.194097116081185
0.217666345969897	0.28526901334419
-0.0240889110098856	0.0253445064641318
0.273590721918214	0.367510125246411
-0.166050601897654	0.215839227400486
0.0550555069308042	0.0748931885128206
0.374690627942728	0.653418065926797
0.122717998924258	0.183019561767135
0.439223176620294	0.866711154786122
-0.143095024392858	0.204267577516313
-0.180385733752805	0.289244608903412
0.176466765769904	0.229217066869129
0.0615408849429223	0.0704720097169566
0.717158773321082	1.26324426945074
0.387353865347175	0.573256696874122
0.187763118042557	0.239051807655739
0.257683209667509	0.239865151103248
0.0333316170086461	0.0229641744199145
0.125226205228754	0.101368900920433
0.18887619083977	0.198748686338395
0.336327187105715	0.529811263271874
-0.292020233714517	0.371964180209791
0.959436332023397	1.5681254516564
-0.461273674454595	0.748673351801775
0.0961210557742556	0.128139623532976
0.264250695988185	0.421430163968648
0.0459374308198718	0.0547559609570503
-0.239968562869107	0.407750643460437
0.468460159934539	0.993104302314791
0.743353849565824	1.98882199057062
0.362287240697235	0.657274307176716
-0.131165088785299	0.174362113382634
-0.00365052764891196	0.00407984319355081
-0.204688296754495	0.186413934659042
0.765902755479563	1.1449594983805
-0.0462789595085012	0.0414801472147242
0.0778628631215841	0.0826936844877099
0.565803040277293	0.936306229027483
-0.00483426054023368	0.00479407885766614
0.509139592581764	0.978816489441926
0.638921381355957	1.24159769197825
0.27654971531899	0.422448124115739
0.540910598943715	1.02055191367023
0.106778345956143	0.138701455352938
-0.0493787349067022	0.0553809702164782
0.461106886575208	0.964388668933983
0.016260416365962	0.0171881574151815
-0.0364820650518025	0.0411663939297977
0.451186527794675	0.666719923057571
0.107089189565398	0.113695290538788
-0.107509915954879	0.121322261231692
0.315775803656873	0.319544822364226
0.357831378461766	0.338091740004879
0.325046372277722	0.312903080519202
0.740302778716815	1.53848775099166
0.0170737862570239	0.0162496137707401
-0.396261623235836	0.5237087587644
0.212166730022519	0.317702658939803
-0.0115772073060362	0.0125255112102834
0.227835892722744	0.362911242962288
0.552027477555526	1.12501884251732
0.390133502679642	0.733003000937041
0.841377896973651	2.29793169238861
-0.727147557128892	1.54925145300132
-0.0318595600271519	0.0372355430553732
-0.0414401305225743	0.042624596414806
0.334142219630613	0.42040834671108
-1.36233692023933	1.62100192558344
0.637192989751231	0.737065847390959
-0.272262755056771	0.310473815559477
0.35603677490427	0.536163778176243
0.12225444622851	0.136130984418296
-0.157706278765301	0.195993318092841
0.155193669518343	0.190608939633281
0.0436369953962354	0.0469582725520719
0.715450788051264	1.41142056820206
0.274024710252669	0.403386484501145
-0.493951227239639	0.926345357005351
0.309837323442406	0.479985547089583
0.667397778152216	1.55648354625191
-0.00106551151068406	0.00120105536996883
-0.148950230771874	0.176764200262083
0.479463895281435	0.785367742669247
0.0979940902770417	0.104609340059774
-0.393719952053513	0.494274913173007
-0.0144988257646052	0.0106185129608603
0.880920625720919	0.960423811871299
0.202720094249538	0.175227441324739
0.208143490113422	0.25717857896823
0.479970888010215	0.605877436470812
0.574522991960272	1.10155081508993
0.201097432005792	0.272600305285717
0.316918935514796	0.56254867935936
0.579394259462352	1.29795058742904
0.141314075842259	0.203487626517584
0.174522441148724	0.231346603294681
0.333114666360109	0.472250406544166
0.541534180108338	1.11958206783297
-0.184078947083119	0.258332909957555
-0.0675397114293616	0.0834486793140235
-0.16161787122711	0.204370938656734
-0.00626328072180075	0.00629533518132213
0.597559271738693	0.922159440424779
0.409086497182749	0.50424012555459
0.498040348445908	0.585804935914677
-0.040942123996954	0.03004827784188
0.0444653345449353	0.0344921435861994
0.932822221371908	1.43614580765155
0.555328401941252	0.783582277751061
0.464025855084556	0.801618886813
0.881709027697762	1.73114635132898
0.798458828737185	1.71822546917903
0.125328434927691	0.143357831894351
0.160239749784297	0.22282865261959
0.129537453999761	0.17790321796308
0.251025918551158	0.374634037726934
0.114056012703809	0.141812008282528
0.329382089161854	0.6305355456081
-0.0130335280744936	0.0168100536270598
-0.128342803951763	0.17314553244803
0.226033176683469	0.316237486107384
0.325224119525181	0.427441967727201
0.212660573158603	0.260861263834396
-0.347493737201806	0.450176452249388
-0.107664194654464	0.0834273180115621
-0.501563931310608	0.47419231638115
0.455724414706864	0.575699319228954
0.329478641238809	0.416303082760157
0.593705960539929	1.05942398834745
0.350847338669843	0.534056021076656
0.15912802306541	0.178924028833474
0.213857566665977	0.313641510821536
0.192153891505683	0.287142277177607
0.233661486520208	0.343275274142379
0.275043269767313	0.447229591816979
0.59405873901442	1.41394876444321
0.074037331605039	0.0824757660092598
0.060917440947418	0.0731188788130475
0.304687431956667	0.528440463831064
0.499544470924452	0.912044312317827
0.684158913969763	1.59676607144358
-0.300758841657164	0.481912722625297
-0.165019700386755	0.197631262629675
-0.00283587591891267	0.00318061197575229
0.492543045280943	0.754172263346812
0.236169538705133	0.288020655992345
0.235862872571231	0.253028414094757
0.480199737590352	0.581644829761004
0.328015117329324	0.337419556393104
-0.692500449962072	0.831021546546873
0.619114548311603	0.818988151160358
0.615696520401525	0.956798096508304
0.13088367024329	0.168631791436566
-0.112109022587441	0.135785245653802
-0.0119434181324405	0.01311507247974
0.0884047127640253	0.107429565909286
0.078501618223901	0.0989205144614524
0.0576904235537253	0.0773476099232221
-0.0861397363260638	0.107180439383762
0.400652075289183	0.802742728234224
-0.108627201400156	0.138403536603081
0.271589013945679	0.501215741051955
0.266121527404358	0.360456363057674
0.239481502629058	0.287390244111276
0.191988870832874	0.14603973899916
0.860167853331966	1.0489999668707
0.194155406389775	0.152328268628818
0.809188780122804	1.76791725553961
0.082618495474093	0.0906990891946996
0.688640082357256	1.06420483800483
0.220501429360457	0.388418504260242
0.188036284333763	0.27520986427604
-0.377086382245038	0.723699465605153
-0.517353235348496	1.06877617142265
0.195499667968576	0.321115014149212
0.504839151372183	1.15035121160093
0.323320895238806	0.534679447966313
-0.444239281180507	0.639641379767054
-0.259427453773536	0.436358380057408
0.0948122600813905	0.111636725291098
-0.295045456550866	0.467355625049136
0.522001003379702	0.782119317283347
-0.0315828929887883	0.0362544402229482
0.122620199437046	0.160841881037521
0.0375587812055286	0.0406634903172141
0.0634688693506617	0.0670567856250248
-0.108315529421066	0.116267542394335
0.293807881641805	0.32725252672083
0.35592979914947	0.319497354143456
-0.385384201371134	0.340666270274487
1.47244633349797	2.31826940150393
0.424537133921512	0.417770000372441
0.193467628384785	0.213068292512971
0.0609143274200945	0.0689009988917029
0.112741187860498	0.141182471795621
0.472122402426463	0.782511357107416
0.00888841089858986	0.00959562271065541
0.687850768307752	1.3128230961036
-0.0757236756621986	0.0956103174126247
0.426576769286764	0.872776496748845
0.17076787551623	0.254623863115838
0.015704138161196	0.0194795771324411
0.462708164605252	1.0701010727698
0.431995212697262	0.575811098545257
0.378506196962602	0.338073299066063
0.408089343340973	0.590272606090508
0.107262635068037	0.149200603943598
0.359859673320221	0.570189132394007
0.61585760188541	1.42115284860482
0.312616533702232	0.585766172762782
0.190066299148547	0.267705032919547
0.617154588725704	1.29128025111417
0.188984685035974	0.323045350914858
-0.179210779691446	0.276246870036199
0.0204997978494315	0.0238361173490438
-0.123481879775006	0.163977833446431
0.0998218906742479	0.140519962714718
0.0461834474944998	0.052321779956591
0.391608784666195	0.490197738342834
0.290158057280657	0.31882422109621
0.0249107616136481	0.0218610724474627
0.75511962244847	0.707199773709115
0.548761161578838	0.550057137204807
0.204323093911955	0.204933343484466
0.551992552235797	0.762728080783136
0.335939217332579	0.467462599861023
0.614935004716412	1.10735904278614
0.648256891093	1.52795286876561
-0.224989565909904	0.301725040334235
0.0487374738873734	0.0554851467308175
-0.00153526526091342	0.00188268127042093
-0.257139181764241	0.38421239594466
0.44823822135718	0.948719557255679
0.343289759820097	0.620000567979175
0.226152132405738	0.387683292055623
0.249386218245408	0.345844305517788
0.0823029933919626	0.106634256723218
0.278054702471349	0.425593573387468
0.0484543196362237	0.0640829974583632
0.10144888488764	0.138724617899216
0.202787019475329	0.342775759250477
0.170667695468674	0.258753118528336
0.575461027069253	1.1379093422681
0.105382081989964	0.142595047384004
-0.130889112342805	0.192922377632793
0.134385905125184	0.180758750869751
0.122195177919941	0.152308703625142
0.145089985710613	0.206484630087838
0.449467503177823	0.657246017221126
0.142423540588448	0.158198268246755
0.242501156691601	0.247853640030446
0.267566745906159	0.366515482905019
-0.185344029724132	0.212540482443636
0.450496209021386	0.645491809382247
0.394149053706477	0.632757474875638
-0.34359856733372	0.469564931479028
0.116031039958009	0.13455719705719
0.630112125474684	1.14831601478287
0.0700316456806324	0.0661041634271651
0.286179540016478	0.340935308098051
0.240439783866634	0.260861428836713
-0.546529328554223	0.668445699768576
0.91989733080787	1.53104181752845
0.183437477488604	0.217421719785341
0.244808008191864	0.272558908212771
0.880296824420035	1.36719729873121
0.344563687047683	0.463619022932393
0.417974019308362	0.533263695488507
0.329103761033693	0.497314273286253
0.774458917330628	1.21474209029421
-0.0171257462899458	0.0150541770825776
0.0406985141191891	0.0426561973951511
0.148373667816413	0.138282155305829
-0.265455312091625	0.294475448752768
0.230591467582122	0.263218992402019
-0.286698836271746	0.329486482373459
0.653374457574647	1.3728976397629
-0.0735863045852299	0.0897305647975224
0.317031904466165	0.561538150355456
0.550537207459552	0.879787184698638
-0.333622539949387	0.410455560425369
0.0116666774436625	0.0101672232132077
-0.205132950997538	0.277844434268418
0.148296788413583	0.175199118366996
0.397166904792563	0.5894241564734
0.479196432833013	0.907052593924277
0.34523303346857	0.52848588996538
0.634193198553894	1.1175566790244
0.170354202954312	0.230983326064954
0.327249387487725	0.419093701295133
0.224670543543217	0.28520038810838
-0.171012653518283	0.200491794631159
0.136469147106567	0.14797873038722
0.0985220763638237	0.106794739200166
-0.118547371398946	0.122680317830265
0.62693985492344	1.10498138688781
0.297111695277473	0.392945534628782
0.413211540499953	0.569838438216641
0.697597883596139	1.30480317088474
0.404252419316961	0.48854697966242
0.715412637755145	1.58526473241403
0.421484988218566	0.813963492090805
0.57482597500505	0.91428460762537
0.729602488587601	1.12025057955969
0.0542824264003701	0.0509986327792041
0.495039127720412	0.685972668961028
0.156453217202148	0.173940189064892
0.881070910508268	1.92310278483726
-0.0477482606693894	0.0492582814739527
-0.50771341121631	0.845813856804747
0.233464696974223	0.349376932818599
0.134819518643645	0.214080563448985
0.353942585686935	0.554271956887727
0.355728419680482	0.605785403188378
-0.191629887916234	0.263979248737299
-0.472771429243606	0.83323262658818
-0.685021228223181	1.22976647568864
0.148186595245953	0.218670891238474
-0.923776510166354	1.60531966901397
0.544235456893421	0.852390990061119
0.519997828542693	0.618037229286518
0.869633922241141	1.23403812192088
-0.177718366467872	0.146654402404785
0.00286706803713567	0.00171575009859604
-0.343535082223667	0.2880003650191
0.0250926827746467	0.0213525513332274
0.210141257153705	0.283787022759663
0.838678586982668	1.66563291444019
-0.0684034254072286	0.0760761008101141
0.338815781647482	0.496404039227173
-0.0838454913829313	0.101972148862936
-0.111814642702123	0.156977662141457
0.249830109556869	0.370927445997806
0.274094446585533	0.47462606798638
0.518816340983883	0.812764914269065
0.297448951063847	0.35225329506371
-0.0822230201758752	0.0748151213814086
0.345405132187491	0.328969643557202
0.206364253605605	0.141832138773363
0.49465724488804	0.446367166718098
0.121150997147848	0.136575606153309
0.268729748641914	0.327773666482413
0.202724442889206	0.202442511558455
0.314577150729515	0.409682973323157
0.386027973251077	0.690997127667936
0.131865050516012	0.170732485170741
-0.185786321308563	0.302715702294821
0.404494068375674	0.683290422315843
-0.0111981266169401	0.0128760846548987
-0.317324933042303	0.571934678169385
-0.208525789987976	0.312122789081973
-0.392647739254542	0.630332440137589
-0.0113537519400641	0.0118106498427008
0.332329659203352	0.413183989044651
0.129847377717188	0.178582705208589
0.145075353315239	0.197643600430125
-0.0942729397601866	0.109234015860704
0.215406749580602	0.298779064099683
0.10537427330452	0.126966682910416
0.107859758792538	0.119590969161541
0.6307185016953	1.27643305243705
0.0864050043665189	0.0903247457502616
-0.0123771238360016	0.0109343167638637
-0.241720304620702	0.232967490130332
0.539766765665747	0.612346750575158
-0.483089337874154	0.457236291516713
0.111593675544375	0.0764038721282653
-0.101162053205112	0.0671943371778388
-0.170855703078831	0.167066262969601
0.105732759886396	0.118342832634949
-0.0909175466668455	0.108322690662659
0.126310349403837	0.146215562257806
0.472527420115085	0.852441967011175
-0.0453382716317607	0.0500425549223309
-0.100327419905605	0.135848518979933
-0.232593145818037	0.318967810829558
0.122879794776738	0.165090294870905
0.616043074709114	1.39586943235219
-0.0360379945193077	0.0214073295164992
-1.0140369281294	0.731253856713297
0.309796310535686	0.232754794133307
0.485669265032715	0.859332553847713
-0.0994465182117224	0.094507472752463
0.0957922035757297	0.0978182135938602
0.13444108374819	0.117761265314327
0.0285213228855873	0.0287805538785577
0.0213741384031967	0.02596151575877
0.0917732454688539	0.121961912766774
0.151323503082705	0.208215861058557
-0.16703434777632	0.20965700051856
-0.12725621782252	0.166701107948186
0.15272562218485	0.197947610336563
0.00623595600760664	0.00683735443469758
-0.268587645521624	0.361744653725021
0.341655001841427	0.415849378850521
-0.0433090192857024	0.0509403404571459
-0.133609904045937	0.139511699915092
0.114862842956203	0.088780561586754
-0.0938609345410392	0.109337065964272
-0.143109106693846	0.184630022193824
0.423932395484623	0.694098520828508
-0.135846256896925	0.15422245454464
0.439222159441451	0.636005769898777
-0.0330430651698668	0.0351790955770181
-0.255801502632837	0.337058057150975
-0.265824089831334	0.308452322892073
0.529267783623229	0.688480784879926
-0.273169959597654	0.273721703987541
0.268446861938631	0.242668702978581
-0.112704608529965	0.0844942591646185
-0.497464039652958	0.468746934726393
0.284435939047205	0.314406699684892
-0.193582061259057	0.248483882243869
0.415327451596223	0.633559024579832
-0.365152522057218	0.542335156943253
-0.261687486074895	0.324438606761389
-0.170476314459117	0.220228658989468
0.4442766969853	0.803075413733724
0.178275176387986	0.249325385204823
0.497379009491708	0.94301848427618
0.311085452156529	0.418683347572657
0.497282348223536	0.984611769290039
-0.0618206748431892	0.0645972915305195
0.410298729172715	0.501605867363698
0.857723014259934	0.751292310314506
0.0087044491002733	0.00569916381707374
-0.674896341349978	0.707174914598063
0.191407494880595	0.172524070296384
0.243187190815284	0.260906444575167
0.0219861055622695	0.0174414065040785
-0.0620246775847172	0.0637220231940438
0.153083063779781	0.220769029902748
0.25156551237717	0.334669886647208
0.286180460093411	0.451543091493071
-0.237297756115133	0.343234971248804
0.0754472325099756	0.0983949554182386
0.35920186337083	0.576219504373656
0.830547305135181	1.81606305613183
-0.0523015346542655	0.0613355481381461
0.0774490111435998	0.0928233010911233
-0.114954947734085	0.130314914559967
0.290470327496942	0.396762025539289
0.213814507148635	0.336856711566057
0.501022646077406	0.668093945478864
-0.15758299110283	0.235392758760064
-0.250358954981675	0.374559693856139
-0.516005040599641	1.08168474575716
0.0659789905683567	0.0810710935455844
0.546528735594183	0.965265902113505
-0.135873548991473	0.160167939349327
0.218621504446195	0.327610342941338
0.361540692125469	0.539758071002735
-0.0619286811928364	0.062479011645407
0.389096677408395	0.485436405190036
0.70515696831302	1.293977005491
0.551627916852879	0.552599473869235
0.708881775893958	1.0221381841762
-0.319056146382057	0.34103158833428
0.248987769465818	0.280242421771105
0.0587528073056842	0.0681575414296646
0.0689678460791909	0.0838945163794366
-0.389930657836172	0.688804252631058
-0.200641165290919	0.257275193480693
-0.245601226546024	0.375443192470011
0.0798096689244105	0.109652420876799
0.109071501913082	0.15154629447235
0.115888417662979	0.148060103851098
0.0987300090792043	0.127878771579362
-0.0166268388562866	0.015918313017751
0.932926278758359	1.1851190956114
0.132903882330624	0.110600744754759
0.332254361915175	0.400522841676592
0.297354135039673	0.440999860966149
0.605115638952055	1.01795431851845
0.291714264405842	0.331464703453068
0.11156126584489	0.128376966904516
-0.112565748082193	0.154730048259554
0.0700953686028487	0.0957774472215018
0.0601318477029574	0.0752480386072282
-0.0838445753253579	0.103461014459362
0.390959407674883	0.779251503743229
0.0619308797071112	0.0806270899690072
0.226670478368562	0.406600664606431
-0.0295977728773097	0.0404118337948319
-0.504784338139199	1.05748661663511
-0.00240209902663982	0.00281654527257164
0.79743926163726	1.76946500100172
0.228496185202384	0.344825400514552
0.323303137668775	0.463453264021241
0.0311171472306133	0.0266761353140593
-0.33202410512116	0.687995376624631
-0.504422047144192	0.984545484564445
0.0581096530699897	0.0741409260446512
0.144319418028649	0.211437891506627
-0.156731694032055	0.217496308094231
0.329876448855013	0.509889581831369
0.521625596544603	1.13887680624647
0.406009645942016	0.825464370915422
-0.263498207951205	0.347241603026742
-0.0538443511611447	0.0551252789338337
-0.595458234009963	0.704764260143713
-0.317847215763079	0.321027690632211
0.9865815588467	1.20273653878165
1.17218953046408	1.45731461564727
0.0384307766280781	0.0344900294101553
0.202644852092954	0.2276770111006
0.0514892958115531	0.0595645840061477
-0.118494212012213	0.142067904093568
0.156081859288335	0.219483352563017
-0.516571133133604	0.803073244891894
0.473105648609042	0.949471422216018
-0.0486160502083378	0.0662197950382497
0.0246291866551296	0.0292730221064464
0.443865363549559	0.887136095846003
0.455798118266615	0.680788311639508
-0.216455723161229	0.320138550448349
-0.296777471522608	0.48892806637104
0.238091784655572	0.315987462839689
0.183733074690941	0.231777170260405
0.933616317851702	1.3368290481878
0.407699402450635	0.340543955059846
-0.260842670681654	0.26674592912473
0.314266764657402	0.43281196838988
0.0535566807915971	0.0626338591339228
-0.37673427893922	0.578112364549208
-0.198383352469166	0.210400208949213
-0.13527762335515	0.164387614730109
0.0690702975281189	0.0832848461088326
0.525961870464224	1.1429266096508
0.159489468536653	0.246737363672246
0.194967450757465	0.295122314893984
-0.166265825744978	0.24820329144452
0.0575999682099224	0.0769385645602391
0.180788778485283	0.283358745638609
-0.0545294844579662	0.0727112944950129
0.203709586647429	0.335259645022437
-0.0311079097491693	0.0420691296540076
0.22907716819938	0.348658529176358
0.0582897336848766	0.0780857130802999
0.133367335030939	0.11019574242916
-0.313418221945771	0.542044113811497
0.128023313059414	0.206899543209864
-0.0470369175521278	0.063863168345719
-0.108823805146497	0.162388699485197
-0.262334400277623	0.49796642354133
-0.465550962497526	0.878118824796957
0.117712580937349	0.150590054592743
0.739236060084721	1.83730017705106
0.596970711489538	1.36143432445027
0.190096132235223	0.277908713476785
-0.0890693015742114	0.110902475989443
0.384163291436446	0.679402840719871
0.177757181688451	0.240263636992607
0.00566114086891348	0.00520026323687051
-0.417651342428958	0.537671141632071
0.721903930075853	1.11102648548337
0.0491705171191146	0.0397924362559121
0.263415695299855	0.252354613785141
0.201894281201213	0.174302410134323
-0.865000761105912	1.49152293561021
0.0198354559140665	0.019035487955452
0.241725652956041	0.363822083940756
0.293637690087484	0.441056485733882
0.314407787908009	0.563080209165361
0.923591801325058	2.57912181315725
0.302453839990025	0.60049034109707
0.198448416122138	0.317489526552459
-0.44438309650426	0.828474533969366
-0.0848740947228918	0.110391827104363
0.242755669766999	0.347834735962496
0.200068883994268	0.252666817175558
-0.0522932954503416	0.0563455887101936
0.202992397088915	0.166457836411676
0.0330704770075516	0.0221885793951687
-0.245258797927498	0.194813759656609
-0.400138685212905	0.537419491639948
0.378010916350114	0.614064103986791
0.409836087672208	0.652173130911254
0.241953232554065	0.299714480171224
-0.19524459934389	0.244374316772085
0.51143268208184	0.685404700234322
0.297464756672745	0.399836215334686
-0.350109595618525	0.63043721834989
-0.431497021538793	0.775641184643783
0.253426200451235	0.468809785010416
0.302508646023895	0.549592313748496
0.880980558080185	2.64890486250438
-0.00840152518425429	0.0110427697442453
-0.0861279385201867	0.115963321268922
-0.0513953067143177	0.0677932718600342
0.13099359295264	0.188119163764733
0.1436186791031	0.146026647506181
-0.143139874993356	0.235003690062896
0.09916274623751	0.165527692325378
0.077089868435305	0.124292112322798
-0.387824648826709	0.809877824159678
-0.175791431985811	0.320606593197534
-0.345112969716762	0.692547301424053
0.361646182583218	0.753555972470084
-0.0450455545422212	0.0567158254624869
0.164243351668286	0.256284884440334
0.0509294827721341	0.0677565920233573
0.78911369112184	2.15256967817195
-0.0290034900863067	0.0339880868686428
0.432763652891351	0.816527108003063
-0.0821864252764457	0.122150623843587
0.0695701700769939	0.0797298567153923
0.18801151535955	0.231835806338101
-0.0266070174757013	0.0259662772750212
0.0867881909235124	0.0821747907885918
0.366596310759444	0.461055147021495
0.123180241004119	0.0954314998442774
0.0624664878142474	0.07390697214859
0.451847557520436	0.890916245613424
0.0526014403753525	0.0722774969561764
0.573269029952195	1.54368022560228
0.0373438736741983	0.055214341109953
0.0730736323339955	0.109822778666143
-0.200512629017821	0.302105637062321
0.0585227986616847	0.0735810378874545
-0.425332956035181	0.895661142436585
0.20856594431685	0.285108878469224
-0.188103065131035	0.237994058158294
-0.749425381293925	1.52958473179284
0.354987999125404	0.320097645476483
1.11579504156609	1.69523517904997
0.476961550489372	0.418843933486781
-0.0650188844062716	0.065883020065147
-0.194689938183461	0.269532663565059
0.317530711981392	0.518713567757565
0.197200575474293	0.270490604341278
0.406679228072986	0.580272324929603
-0.298398395202259	0.327282819064111
0.0379268199274185	0.0395076641827721
0.0335360094040235	0.0446401260396632
-0.30661706618546	0.530657730643567
0.201718395011225	0.360183753637533
0.230397971515823	0.410530097078578
0.311432780452386	0.620560573395254
-0.183914674606203	0.319086407057931
0.238139683050193	0.376055723772631
0.235856654994065	0.398188203515505
-0.0331608395057676	0.0471840441402758
0.468356457208701	1.01738023456776
0.769905653998531	1.23640545746384
0.319924274154393	0.327863499466574
-0.362438284540749	0.740806358707861
0.140227401635604	0.222243864184586
-0.0868000555145072	0.124571323811699
-0.108534968726286	0.165762086453309
0.370959952830363	0.744974336607026
0.284334130445394	0.505877617494789
-0.543579986860514	1.28282004506825
-0.0229599177644684	0.0282686476182448
0.0460926444920187	0.0601057927954945
0.429288628175813	0.87105741252776
-0.288225999039744	0.444123647874004
0.0307280866262123	0.0388124652617933
-0.193409495804318	0.257792057061358
0.695926473260897	1.1263283585905
0.203953042621149	0.202527251846427
-0.124566430142697	0.108002277536564
0.217036257476815	0.203810921751115
0.211608581395773	0.160071256218836
-0.937137277190816	1.06832083260314
-0.601581483642167	1.1048109052902
-0.0961014077143215	0.115946482304604
0.286856041506803	0.416497694549903
0.161740704643201	0.244460253012721
-0.0152149222098071	0.0168757997830259
-0.195559571376011	0.319339081585044
-0.162321820422956	0.225022632864092
0.314676513496401	0.581144155567477
0.365076751670316	0.602576523196628
0.204897363864353	0.275924486282654
0.211438828373718	0.299182402718642
0.248819788075778	0.300593083200639
-0.463345382057465	0.662179949198698
-0.797745800512986	1.39339695255741
-0.356564430910477	0.297139835840791
0.212771532042272	0.159978545422983
0.537710079258091	0.455290882938164
-0.260887085261477	0.265303443808343
-0.639118929245211	1.1357613481092
0.195378577023434	0.218302737826269
-0.0323406814881406	0.0370340745451973
-0.697219840800129	1.11815686909397
0.194989254383627	0.185850855948782
-0.079745527482858	0.0854593031984924
-0.235838701378607	0.377602817600035
-0.0181694585681161	0.0230570978328188
0.376246065616617	0.690995073209994
0.443587821872082	0.857769963659327
0.497534855563265	0.985450294947487
0.383425917877223	0.73678508991664
-0.140094982825921	0.187239148102247
-0.0186807614654765	0.0232831500924442
0.135727544530185	0.207527222814844
0.125184181636464	0.161583636255614
0.064093405520899	0.0877391241657639
0.519371922052889	0.899375603037522
0.42858413841369	0.572165170392018
0.274848521957428	0.242628532723094
-0.286177831865652	0.604832931958685
0.0533229415632934	0.0786176999085216
-0.300079077411521	0.637122746531474
-0.328842008098025	0.629895366914025
-0.170351429029444	0.256216974431395
0.130664437399216	0.189376248763392
0.139789779254999	0.213625464283299
0.385539050212023	0.79784880138348
0.386155984253793	0.700644320258909
0.295812865026317	0.492297074543211
0.311153851859113	0.551355502377518
0.0370803560727055	0.040925507712785
0.0443910143522226	0.0400367649876423
0.147229095968201	0.146874560014766
0.836210280071494	1.45853555673063
1.21990786621959	1.73583413884014
-0.386635117007529	0.307755506964202
-0.383461397852843	0.620381264024496
0.145718253123268	0.179829294565661
0.212155624062932	0.294141981197786
-0.0764983863264538	0.0954933149060589
0.146077098331548	0.215840649244923
0.104743093414007	0.162085133644401
0.0912374286524432	0.119590326439039
0.0927629627999799	0.133928174222506
-0.0913092862684621	0.12609696224245
-0.404554065354644	0.944028615786527
0.0979231866972137	0.123911284308461
-0.412794616974852	0.793020050930141
-0.0170544079461547	0.020296820452883
-0.392524408976422	0.496171643437479
-1.17048636050452	2.98418809983531
0.450954975108867	0.643993873980126
0.392481976885222	0.421737259553742
0.543621920048783	0.469659515266896
0.448091938195859	0.415237621099429
-0.237357835741084	0.284241243593542
-0.00131065538539563	0.00124956971108509
0.14030168699098	0.161695405236655
0.142883394050058	0.188287541202579
-0.432461430859882	0.627754863676602
0.0527637762654242	0.0509407943128687
-0.199625917948217	0.272315371858444
-0.509274309081447	1.19845242718059
0.221284835592999	0.336108431818869
0.418796037569955	0.894860299573311
0.395264342862511	0.77367590346834
0.0744074056613793	0.101932432086007
0.44143729696053	1.08192600264905
0.529417141066667	1.07628480495407
0.577354821096713	1.21141859989393
0.350011242899381	0.655560645084269
-0.311380965884889	0.582556410259477
0.229714180352381	0.351361652477011
0.0760624709884457	0.0929335684469438
0.16185631461588	0.229727189192753
0.584204934055401	1.41498574564236
0.53590703767089	1.15240242189419
0.758735466389993	1.83504924674665
-0.10552403164844	0.15039221329169
0.240607820745772	0.345882670720864
0.0943882119042094	0.0956616436112987
0.105324289836311	0.112155901159538
0.141397901389141	0.14155176143501
0.0641445124678476	0.0489456496206794
0.00784760792655622	0.00604005449472641
-0.113921839583791	0.138633636466918
0.0564698274413561	0.0675152515404401
0.313239898680552	0.443509537121671
0.0900568949248231	0.111074708809093
-0.0786015216361865	0.103193467964836
-0.159043873223946	0.270293955417723
0.259550663907259	0.442950024727301
-0.0854548656246789	0.128451833685221
0.349787321618985	0.625448585351074
0.2540505811298	0.484937826122014
-0.0598072943844984	0.0751084664409696
-0.700349219765865	1.42841177480213
-0.0985397040592783	0.132386461174866
0.0843202717214031	0.0950246050466811
-0.425728269711705	0.559076900713135
-0.78036814110971	1.27758302066816
0.432390520690047	0.419618207509697
-0.289830362834111	0.221891109738219
0.286327223903987	0.247260062413583
-0.0683946177598461	0.0626010902051326
0.52426305141614	0.920521763062176
-0.215661770138941	0.300606646179139
-0.578698346312458	1.03125376700966
-0.14539279661121	0.162341457310311
-0.212111266084972	0.224768217753415
-0.303439353104744	0.418775369325331
0.315396830074345	0.546555780701566
-0.399723275917044	0.715093919871265
-0.219927466897506	0.38739882521973
0.16846049800563	0.267334176999374
0.236366436063945	0.405536363507126
-0.10493881367867	0.159884093932805
0.271593990741788	0.443601406801218
0.0241044185753215	0.0333225982860261
0.122295622178611	0.201602536664479
0.139269545963743	0.213526244104828
-0.201428821967402	0.331665687776586
0.464286976631679	0.913318401400943
0.395980173568512	0.85590157012881
0.135098566842983	0.183391059726868
-0.188891751012916	0.297546562122688
0.0350195861674872	0.0415462200193253
0.15405904080204	0.175890719891639
-0.0780994411417851	0.0700027188047771
0.38930909939627	0.397118548983254
0.104768230293778	0.0711464521641495
-0.0365350490270957	0.0263677604527637
-0.128306947218446	0.14949455441747
0.127639058067107	0.153004835076266
0.217665775655161	0.338071127587743
0.245836087325102	0.350891848004335
0.622554144985653	1.53168069172534
0.15882242293758	0.231267523995517
0.119189001725768	0.174355074832745
-0.188570407412831	0.321248523649732
-0.181787820056658	0.327052146567549
-0.30321567657283	0.479976102737392
0.335179551245135	0.523729519621146
0.0428811127143268	0.056621438595067
-0.281543872105107	0.367048819130182
-0.259764370337668	0.325225422820187
-0.575706405797564	1.01885066018883
0.114793970259677	0.0835244662167161
-0.134299236288404	0.101428190351236
0.31847051855653	0.243261697385156
0.0686728878015276	0.0558208059501006
0.345300207615982	0.582342765306132
0.1193465142394	0.140409995249136
-0.0411209990450176	0.0454272351162237
0.558419467712265	0.994899471431242
-0.578210424807994	0.758740030741499
0.110278419785244	0.125086107986891
-0.0261889549622845	0.0339073015390808
-0.113988843260821	0.15650840320648
-0.172306935078103	0.275869382356695
0.269862130674407	0.48630142859671
0.664322230728778	1.64376632681076
0.270518505777189	0.478662052982812
0.418504559305966	0.646153263079789
0.111295325739629	0.189246989326446
0.166789798365081	0.287184319151597
0.0461218348468554	0.0657225886611412
0.139660548232179	0.221311586650369
0.108794536642423	0.163345690501016
-0.00712897198243796	0.0102057342391806
-0.352426324573415	0.594379613517324
0.0985717983801422	0.102397863576951
0.234014539296886	0.28557281185443
0.26168374338844	0.251736458818125
-0.169484962425069	0.157241412435879
0.0888422751503413	0.118507754479106
0.0799927696528641	0.103424925929966
0.710523217499064	1.84576984927454
-0.265493856044018	0.470369424509582
-0.00712316106184287	0.00932358185798464
0.359382879609124	0.846919271729519
0.0825065592870619	0.125368719637723
0.0387055934952841	0.0563001837919024
0.0191163020610962	0.0224383193241878
-0.113141196591073	0.153965928821069
0.174839802202398	0.263464822864685
0.199889958605287	0.23501791297563
-0.195513220125465	0.237203974836002
-0.166269794320871	0.188635447841442
0.533051199848428	0.460155812233483
0.307579203303344	0.24167388317531
1.01934272767389	1.13986475152589
-0.480668469606491	0.628084550673957
0.255780174402433	0.357833329664807
-0.336867029994839	0.550500164281755
0.209644732736905	0.3024166111526
0.00107570272009808	0.00104782257239188
0.154959559231564	0.1752051686731
-0.0780108293357482	0.0757973641595612
0.139241131996436	0.21831882900789
-0.36220648136102	0.666053008968387
-0.0152268517081377	0.0201890894666128
0.131884952461402	0.205843624396485
0.166145084652862	0.259155110363716
0.287369145540977	0.581679899611213
0.141017066374273	0.208715340419592
-0.00940568993811601	0.0057168705973293
0.617252370946976	0.283723879477146
0.77528065628787	0.532502513473503
0.137877738290664	0.234470369000784
-0.0635868925355502	0.0856174113699906
-0.115729811165862	0.166257799109132
0.750571335852104	1.95944223310261
-0.0406789626051687	0.0489597603932111
-0.0931784316897476	0.124410372144463
0.444517745530831	0.712550023817123
-0.111426931130293	0.112869714976299
-0.0396770177709802	0.0459866452531078
0.341939818600303	0.706583478057606
0.278572441699125	0.526621086677159
-0.027516620558517	0.0357563498319099
0.401396933551841	0.885123716312645
0.245649652837684	0.470294262243424
0.234310608337467	0.458114041167943
0.197058785814164	0.282002271989188
0.191689591282185	0.277605337150236
0.38409919023625	0.797376094973276
-0.0453802804878833	0.0561321108550642
0.332453776372058	0.433436348547587
-0.181611749617952	0.211349962325621
-0.376474252410658	0.312049279628237
-0.429230984463389	0.312587956087021
0.836226589154776	0.951019350536721
-0.261387088929425	0.290795042501542
0.210247771225544	0.265277260865346
-0.162179457707191	0.206623739437473
0.245913861816857	0.364919846262374
0.155926138629821	0.169137736912038
0.249673524945634	0.265051036188064
0.360661139626669	0.547398837901295
-0.257467902413188	0.455923609855931
0.0369194655624602	0.0456326429671504
0.0338822518451316	0.046605513118453
0.18284538236666	0.312769592241224
0.09435190370637	0.143824057484193
0.372945505421502	0.778785804433916
0.131601175979807	0.172113803222478
0.338841678434543	0.677098574955884
0.356929963241676	0.72734952497158
0.534663564773035	0.830795336837205
0.555267749902694	0.674134978429756
0.0688599304714712	0.034373111956295
0.405621434086523	0.391905025513933
0.0778404096334091	0.0437137705879352
0.321020418710602	0.144210459052715
0.764029722252412	0.498965947705817
0.321688058723007	0.145070049837386
0.261678346734307	0.323801950391797
0.165656455742575	0.30537146404521
-0.0646846806640802	0.0862886615256248
0.0358728133414638	0.0475725020914982
0.299685744232958	0.594840116258695
-0.176432643665381	0.268677754994588
-0.214386560035052	0.273929804503214
-0.465488134389644	0.753311067973431
0.607343791679524	1.31035997006433
0.0111708587582924	0.0136735873492644
0.0321957494668332	0.0410598564688403
0.176786750994862	0.294449385129643
-0.0825431874140149	0.115913783530712
-0.290282181530527	0.528135052679642
0.124432702066274	0.177464423075655
0.361798271439958	0.566159516400563
0.197424396220711	0.293263726549504
0.183584351755373	0.221629414878851
0.116129396159683	0.126719911239607
-0.856836815215397	1.40276735847066
0.66905751572856	0.596336124222353
1.04708111013626	0.972237143655783
0.459277596681557	0.345378222982124
0.0701769022646201	0.0609923402308794
0.119492750048052	0.139865943315476
0.17818746583593	0.224512783031234
0.809309086327962	1.56550990626107
0.703538617786647	1.45481824410884
-0.467231740850374	0.566947103054642
-0.00572525179197265	0.00557519669255119
0.134581344831813	0.184991482343376
0.529165837647813	1.18703158485687
0.687547294053672	1.95764437870115
0.543042957161686	1.15420166846569
0.143386024035983	0.214886398153543
0.272357007317383	0.484286518788192
-0.234540515052539	0.366822263982411
0.5763368534298	1.19064861942667
0.259710036849281	0.423673455337613
0.136903463733098	0.20271432800925
0.462150626574391	0.865045716580079
0.460800024480823	0.567532043857286
0.6510417345629	1.69807084376759
-0.275955973843602	0.39267698211791
0.323196502661105	0.311957804327324
0.208510564890175	0.134113973635115
1.68943424715607	1.29146045654119
-0.224645697019671	0.0866285988130991
1.31499859368836	0.984461347948482
-0.175367257456824	0.0746221026707891
-0.881092907014992	0.676294548010636
0.231753985908498	0.230565864263433
0.554324658160992	0.847349380307649
0.0852867699096412	0.105570032885685
0.208926321203344	0.329255244961545
0.318339323715689	0.546968988480429
0.422277761742578	0.757587736176585
0.0530001628997021	0.0668008221650935
0.541241943239422	1.14906776392248
-0.291288989715513	0.466793820609306
0.398140154874122	0.728391182043964
-0.00139364361651701	0.00153926733126304
0.510903679721128	0.814675182502397
0.196155234776957	0.253062518871759
0.228686780840247	0.316180501827252
0.638748932449749	0.810286736969383
-0.303839362579972	0.251814750992577
0.728780309893376	0.939132922691377
0.0920016673002861	0.100306251957743
0.793354154029741	1.94842871647013
0.887334805665186	1.75317395387439
0.301111066297746	0.425586555560799
0.347599515415078	0.550439069139435
-0.297442225303301	0.347950263274792
-0.173645643885171	0.226034056138729
-0.0838300879184572	0.0991749314288192
-0.0937546048185051	0.118813656411702
0.457636007640727	0.785268988731806
0.125029292806388	0.150640654677533
0.309201018305098	0.472197750953577
-0.147301156805387	0.206041753131684
0.366175162105666	0.564529356502958
-0.163985801371517	0.213915199529862
-0.161997227924502	0.229077729109417
0.68160660956312	1.40216583322221
0.174490686164243	0.253046552412072
0.0348757023850188	0.0371820456690457
0.112669946624668	0.135434519819977
0.274763449622855	0.411844615677699
-0.197288360912766	0.262265929373289
0.61394504828208	1.03638231225422
0.131962041321783	0.120086264706675
0.240826721353487	0.295327076345409
0.566260175020493	0.628022627908671
-0.152323567311398	0.129242889066371
0.318212526948028	0.315562834866603
0.0427770426613119	0.0303157735728967
0.408245969241529	0.238503070867028
-0.205287685659306	0.144211510930267
0.300486052491755	0.233679156825005
0.00687951401638867	0.00536228299949274
0.864498950239294	1.9782945348119
-0.0746925412558268	0.0814644602294994
0.0265411907914074	0.0301295198577204
-0.0246181108418234	0.0211004124276966
0.495609744006881	0.657066193829259
0.368073349499869	0.405485090508436
0.198793081695752	0.223767360276734
0.643472416250461	0.731252420341969
0.911979844557334	1.2457147064152
0.0659022494802803	0.0747041365433033
-0.106152890867941	0.130536846208918
-0.16571686929829	0.169383570227968
-0.0565275210435145	0.0553514709139479
0.02189725287941	0.021402895089736
-0.213621881751485	0.273629847527614
-0.158006796438906	0.199649901895702
0.483151833178973	0.754576686913889
-0.15854320059749	0.210924358357213
0.196257559413591	0.23615576157359
0.50946806180649	0.75913767642263
0.758417790132837	1.19199791021026
-0.170512892879029	0.156114714182922
1.06640451405664	3.03816838376913
0.197182622442776	0.288302983146392
-0.334943661719057	0.548522628286591
0.478776924349443	0.586606351594714
-0.18863764884997	0.171869818095508
0.366232303225413	0.487527847418986
0.190012745451566	0.179424275548667
0.0435676266733357	0.037000208541612
0.653185957012006	0.966950598924731
-0.0544333069040185	0.0442147696134664
-0.622626593823951	0.729234955178259
1.35066901603222	2.38135646723202
0.529604471983606	0.690598565224024
-0.0869087543045853	0.0950452855356799
0.160007603702209	0.211380107225613
-0.0121544925048915	0.0135890060382422
0.690568133081859	1.06956915238586
0.928283206325862	2.60023043987686
0.260188714560888	0.38829312159456
0.20930206255232	0.2966179708981
0.297600830067676	0.405126098945944
0.233651244575848	0.247936682890771
0.319823297978683	0.246373336407404
0.237174006674777	0.272143647802744
-0.0150738929219792	0.0159065355409262
-0.23965711388649	0.284209793800906
0.12594321560062	0.140025081487753
0.1883703114323	0.230379156691062
0.745944672016464	1.33067935400163
-0.246776817405921	0.401338697087236
-0.165244198845756	0.230063937016525
0.119586630009741	0.123953484132647
0.243088006511604	0.288618785867739
0.198624231313575	0.190012581710786
-0.109718396607205	0.0934429901824346
0.585524400639077	0.636492235467215
0.419381188243932	0.414360450921308
0.0362811937729475	0.0446437117100023
-0.0181727568901769	0.0216505158521238
0.0762936664733314	0.067821725560939
0.277113291526538	0.34045910049853
-0.0754470134199282	0.0925351535947983
-0.053836620093769	0.0641207836596507
-0.146677321146941	0.228484316315836
-0.354000434650914	0.614255102019356
0.0732625293919747	0.10102277997514
0.163280327676966	0.20328540601802
1.07690937635818	2.08385976933319
0.329936907188162	0.411909586113432
1.43896074608498	2.40870563933558
0.175960109765503	0.269157571679521
0.264251824477199	0.547959703680543
0.112776885783859	0.173293123459261
0.250709838517422	0.231783582583961
1.25033634276229	2.16298692014164
0.152437145908972	0.155392374976359
-0.0373210782955143	0.031943943088104
0.941001482862123	1.71438049845634
0.0242271509136548	0.0211388612990055
-0.0322449586809998	0.023907409133703
-0.251132190167802	0.208838525000158
0.139119762066343	0.121668269996926
-0.223869453000966	0.200250331807315
0.506658143368084	0.928234734645816
0.183083765411967	0.246154764561229
0.0880762175090352	0.132147947562982
0.674647990708553	1.06042217042176
0.151169372910858	0.222863925975916
0.213383788947872	0.31667503358961
0.936390265047756	1.4719723104449
1.01575240299314	0.813736397523631
-0.0592275683451823	0.0621255063889727
0.00318695696548629	0.00353514374134341
0.0278127166474655	0.0238831586280898
0.378246300653586	0.497015058860578
0.381020630563311	0.562325214985231
-0.140706837143519	0.184015101760157
0.0696212193821267	0.0832810551626177
-0.361809130158129	0.63382354945678
-0.348988236703781	0.514751015755502
-0.233849014936658	0.295696504878711
0.0493493143865656	0.0511467947160852
-0.499167396909221	0.675528566387847
-0.0775898471014476	0.0812221239241036
-0.0664990462492824	0.0808953894455471
-0.360827599505891	0.488205792011298
-0.501379885182483	0.774827493453061
-0.238139942534818	0.32410677699513
0.0263095938159063	0.024601529002549
-0.304390631068107	0.412326256601641
0.627114729598999	0.961937858951611
-0.000117081742540878	0.000193784648101042
0.0253321982672246	0.0216365766086362
0.290093972767361	0.390153039938062
0.21435429832604	0.296993398564652
-0.775547516611128	1.33420320007241
0.403838990093222	0.482848219850562
0.398231706481911	0.624099819319941
0.36075630668963	0.488313983998965
0.503509018924632	0.653401621399963
-0.0415037911354952	0.0390681007105428
-0.264074067290259	0.305327107036016
0.302749359156571	0.487679132147289
-0.375625744097849	0.456655021101395
-0.648218739160422	1.11015502694536
0.360567235143383	0.512597978849002
-0.608374257650247	0.984648279126963
0.452784054708483	0.789233424851469
0.209041526274789	0.268481911082069
0.0981241216179434	0.112526823712071
0.767262519189483	1.45240794632268
0.319109358609087	0.445615268535717
0.993344852294588	0.495862258257277
0.299690811279635	0.2435776284543
0.756864870323152	0.818235722779093
0.189290242941999	0.294602762118201
0.225324948926309	0.323602210818937
0.0205990951012274	0.0239289994707478
-0.324875260336105	0.556273652971107
0.118880694666672	0.141428881307905
-0.170372148110981	0.208707114253358
0.15568313299438	0.154946755874275
-0.167746915637321	0.153849759096207
-0.173161500444994	0.16038959623184
0.0931917969805769	0.113793260816357
-0.0113990480083517	0.0125815256116428
-0.0193254609456917	0.0212841586278693
0.0350252809213582	0.0436690356115941
0.113585849399452	0.143562317798542
0.175225656188037	0.274252369947975
0.456474590748765	0.8760967183853
0.423742996278917	0.654516326935014
0.167988061199971	0.236410121567169
-0.811445918110205	1.78754745928842
-1.04632505487456	2.70475923304123
-0.175930371086548	0.18984501887242
0.558104142996095	0.528965109171826
-0.085010506917848	0.0589386277503292
0.322726610275785	0.242277098007785
0.235162432887608	0.285451898635268
-0.20745206630568	0.275647157387277
0.182587349556047	0.191543682537451
0.659249199070779	1.33475027767404
0.140396980865885	0.143513665891683
0.364758140008862	0.55647684333958
0.306269264658848	0.511758027130218
-0.328504339982627	0.539445716476462
0.406293550957601	0.743878091808162
0.522632449362971	1.00222506023997
0.5599607233121	1.1067690391826
-0.195090593096188	0.266986870933049
-0.277114591881055	0.403481432352813
0.450960093683338	0.871076650585741
0.0343107548775568	0.0357970761696044
0.23632067199037	0.284457857905569
0.261976732767922	0.397679711554883
0.0403237436854992	0.0445845032994413
0.627180007784611	0.578073234936023
0.630557460295747	0.470503647215118
0.494808394004585	0.653804555707583
0.361837257014933	0.238127824132683
0.2663844616283	0.608719556451699
0.371459893431898	0.960565888982496
0.0740137026967699	0.11092944178606
0.361421210795727	0.827727397060423
0.231818419005586	0.383343487193827
0.292198486948781	0.515123508973443
0.595752342257991	1.48183810090984
-0.00996792684215465	0.0115641601277103
0.120175822294479	0.154491026422467
-0.326754331642397	0.680724250368545
0.296255486691436	0.414409916439516
-0.146193705599223	0.174018553942269
0.0858307851902557	0.077623160272792
-0.212662042991642	0.205882652345206
0.112960828588078	0.174708170920918
0.491921714403818	1.05066793144101
0.34967730740099	0.634994307038933
0.392780978177363	0.757215090437115
-0.0424986623203792	0.0585033417341505
0.317992444397165	0.510857104976854
0.879737261650905	2.12366021991148
0.0287625326558842	0.0350037767888957
0.462006017726756	0.78536073943781
0.0173595643109349	0.0154429670096689
-0.69540390667701	1.08590868129312
-0.212342614012525	0.172459738052825
0.930600646811573	0.777943351138598
0.508029495435533	0.848659144549559
0.0713700660017118	0.0621391714464919
0.239679285338965	0.280265133027163
-0.31642883120076	0.360676386522374
0.367528273004319	0.407377053923288
0.140150883879325	0.197870002704265
0.215345987073506	0.347496635317647
0.360266957042988	0.699015396221726
-0.141563830123079	0.196125450286559
0.38051021708519	0.777397696451718
0.454566638220664	0.843603947611429
0.116822809377627	0.171340907822116
0.132758244374959	0.19690207656939
-0.37897092558794	0.674797576975669
-0.0633874752293185	0.0798984623130331
0.0882673375791807	0.0941074505338831
0.276190531741077	0.350315143959366
0.416643225422071	0.248789211684601
0.872311746254779	0.779240064581313
0.508112218843987	0.354152162888117
0.622176028415297	0.30039163175096
2.19133795196271	1.64802877251232
-0.288538646747255	0.293048273474047
0.096985153126377	0.166788628336974
0.608549356781767	1.84906564193853
0.460747298135994	0.890569278530769
0.295497338681724	0.563883311971705
0.362564490761463	0.776027215127545
0.216069786554954	0.367082553126548
0.243799832349702	0.391281484211425
-0.207686499939051	0.298279147558954
-0.718431045373146	2.08196713811737
-0.213540479941057	0.312782116419602
-0.284849667455209	0.434073274048044
-0.241375505009293	0.357014210718132
0.139339954026142	0.205981598168655
-0.159008086409226	0.231033386294904
0.406956695439364	0.786557274784489
-0.0295509264632575	0.0375943096934218
0.205385423028029	0.323378557613541
-0.355361195358486	0.561495817206184
0.282321310360026	0.449199935794053
-0.162322143171095	0.229656978401574
-0.103011817209873	0.10184696074883
-0.0449524837321722	0.0507087368929747
0.0557778943727273	0.0539789426142622
0.493469450577061	0.449348673904185
0.629954036976395	0.476603927774233
0.398325353520199	0.418397159848549
0.446498028057451	0.726076832999738
0.150283215309453	0.178649877375255
0.877042855678611	1.90038397964972
0.255637247224617	0.287076808481688
0.746582219250073	1.08457862190076
0.179220227856505	0.265538917200898
0.367400353064309	0.59498427911833
0.319957720038071	0.535026725019795
0.398999087092972	0.703621516793983
0.295357718637531	0.443166311521852
0.279866871444438	0.442317473918964
0.00724958505833022	0.0089931932955124
0.210678154735953	0.295790796764072
0.349572334579109	0.496959967062182
0.401945880575091	0.231416265645517
0.0298330942987808	0.0215110708236486
0.313868915497715	0.243557788517501
0.284509147154544	0.141160902369366
0.522105045298268	0.268394846365774
0.182535144297823	0.20179561154673
0.356110758148317	1.01682147981276
0.638693290156422	2.34939796604554
0.24063999797781	0.531891164668399
0.390438372750723	0.978695302085574
0.375072648919628	0.789955943253858
0.679862846962208	2.12560338640363
0.385557815241972	0.821376779296896
-0.138542113051561	0.200454512449962
0.190621420831362	0.329205492395256
-0.177124929198478	0.273714922063083
-0.0928056158808897	0.1334307217022
0.0968665453625782	0.125994048529467
-0.132737476726321	0.200223578542916
0.170171922726977	0.255022749373237
-0.461120770404521	0.730595806613471
-0.00538423899665564	0.00479290490480442
0.175787183474821	0.234272621190636
-0.36408181649218	0.543882067852986
-0.101713291034016	0.11737503604012
0.224609567809987	0.325618273347031
0.230282409922362	0.330800588607115
0.154553866248293	0.190236789750522
-0.214528511181477	0.355067469039403
-0.163770366265293	0.23048972483552
-0.113443594707324	0.170873735000049
0.377500452771417	0.612738379191002
-0.372816270720244	0.621113419306703
-0.0410741317238279	0.0475354187468197
0.330887980403116	0.520210652785122
-0.211202612436341	0.292055215624004
-0.443680694678877	0.69650089599556
-0.0566515597686245	0.0634320163423226
-0.358595137094043	0.596545685101413
-0.214327066983522	0.222820724087478
0.201014917163413	0.14649401774222
0.533583938099701	1.02907563595329
0.45242058210135	0.82424261021402
0.0575146760861123	0.0657182098620222
0.945493149060541	1.29971368724713
0.225542381111198	0.123180337295437
0.904480231679768	0.665450661408878
-0.232468064948584	0.160490239775087
0.203872582604726	0.154478558252067
1.03976756388727	0.975807796811412
0.61241450089706	0.279169914301205
0.774230345999766	0.536067040172108
-0.222327327948457	0.23916205312704
0.149680308012444	0.156842279996993
0.488475672488598	1.59277626252541
0.0462423414099696	0.0842059674313686
0.245381747852767	0.520281132348167
0.0217132596432372	0.0303813367249977
0.350469699932328	0.777940964745157
0.580278793090349	1.70447985310415
0.0715645006630629	0.100844375881761
0.18443215278747	0.284745863239804
0.118723418118354	0.156046315929581
0.0732500037102367	0.0977557631889866
0.0133449937186318	0.0149297470253378
0.23637376050328	0.339163854901678
-0.326272910212094	0.568154666965664
-0.56145872722828	1.24824357013799
-0.0894461250128136	0.114258846518055
-0.175676818660011	0.204875153459264
0.0512095648675806	0.0495808074230829
1.01594984380861	1.88366412868058
0.0194053606320083	0.0190329873316854
0.189115325650419	0.259707165186903
-0.0290033194858805	0.0305158823524019
0.675504793639844	1.40629092356534
0.0327392060122679	0.0355762479815756
-0.223169151501263	0.266722010030241
0.255845107784005	0.377030448147866
-0.060692063081523	0.0686543709343135
-0.422392903455831	0.870808109087389
-0.0729574872687771	0.0793535929356351
-0.548378432068191	1.14511392141555
-0.689676486157002	1.61561299968426
0.266463438052663	0.405469096374762
-0.145715564703082	0.208422225399219
-0.240467270309082	0.359795156849728
0.00434077852192414	0.00475589979797567
-0.49105609172571	0.819863283785012
0.189589759704001	0.16652126448847
0.672638367185355	0.766124453903551
0.155907878439194	0.161862050553087
0.214217461753518	0.19689321419703
-0.0963145122968526	0.100610885521766
0.639274991022085	0.496488174298536
0.708840124808085	0.820975051930176
0.293455446698639	0.254531671461796
0.0183335011278753	0.012298133183636
-0.044395934507373	0.0361537101014149
0.0768826380822282	0.0687034511205546
0.566484503190423	0.551705774070284
0.669668257557285	0.598607411694657
-0.789383568843525	0.692152563692488
1.26744784427451	0.578634269529078
0.618849049085654	0.547285598816654
-0.241410494273807	0.284774839335969
-0.0680212671098232	0.0794931827404758
0.377000563959014	2.43641907222865
-0.0800326000157252	0.299866379942454
0.33611191584969	1.87604366727096
0.215222031606581	0.465312840501038
0.3582564093028	1.42955332194867
-0.0193906149687863	0.0292570329570922
-0.328413715787638	0.689244378466083
-0.133966105463675	0.185382897641457
0.347788462506722	0.681390866719149
0.0414884713891465	0.0568491251675667
-0.575720369838552	1.34310687219742
0.0463013178139616	0.0633530839916342
-0.423644850998094	0.849758956641242
-0.249431562296629	0.371545306102343
-0.194880989617161	0.272061268128631
-0.423274058952495	0.678386001789415
-0.0859706256025885	0.0922939683986288
-0.666722681637663	1.30379947302424
-0.55338006487229	1.03432203516026
0.164212710218458	0.235101948371458
-0.470706056069559	0.982135609833635
-0.0281787422916871	0.0321112470526285
-0.268915737525755	0.469348650588957
-0.89865509505209	2.4476790926032
-0.0493097906105929	0.0559707192205088
-0.227695072522872	0.314501707788295
0.0791526382954317	0.0845631087182018
-0.0574683034146968	0.0595838481222012
-0.536643725783085	0.780598798987196
-0.0473319690691791	0.0444974356309409
0.120061438581013	0.134729636687049
-0.278675221771305	0.475513206477989
-1.04677272709367	3.18146067952867
-0.201974759459229	0.218036444400309
-0.63117906626014	1.2589163460348
0.163278501138403	0.247227659295016
-0.357493660383379	0.583242392934989
0.0854496324348883	0.118460842903242
0.0631321269228476	0.0784632430195555
0.513113171314995	1.08853000886673
0.131387624732696	0.174652050901443
0.093686768573044	0.117771802311153
0.0252241389954236	0.0288114672899659
-0.793429768454021	1.62197666475214
0.237804442474266	0.299264431323486
0.404065990175921	0.55519295874849
0.241266872072894	0.284285051624208
0.814209033452133	1.38604375462715
0.0692511503367835	0.0739541546498188
-0.440661655754126	0.705941271998809
0.0912113221690426	0.141499588156971
-0.057619889298861	0.0677717088614284
0.0013966659442177	0.00133768948812909
0.251068127862322	0.27156281648002
0.0838545941984577	0.0752492663276081
0.107361254150316	0.0856808120087512
0.281583872763715	0.138101833474856
0.696989213785639	1.17859411901789
0.731079298300468	1.45318200271634
0.595268474146658	1.21653329658976
0.272336963752917	1.5553139207666
-0.282870124601868	1.71798987403148
0.170818507139544	0.642619371026929
0.198881052026434	0.677452059705407
0.330329859385996	1.20303217522851
0.388914646379316	1.22088349149178
-0.0315859877147327	0.0599652793381639
0.0625371160960916	0.137813291347564
0.0140217222983035	0.0227767225034794
-0.359788387025258	0.920344058032395
-0.0449317611378857	0.0673465951302021
0.0824233751125461	0.129125973184825
-0.112961954881641	0.183457707977967
-0.0947694557619718	0.145965685691226
-0.252516914131595	0.44448097795944
0.195200265095169	0.297978990412155
-0.220824403387402	0.3184483888993
-0.0538305040723884	0.0682400346638138
-0.33588996151219	0.518394990021916
-0.49737989736542	0.893521462857904
-0.935947181269807	2.36577523489615
-0.962371634111116	2.6131259474167
-0.147108000881139	0.209308984291583
0.14637977427924	0.205422657534924
-0.100363983377265	0.11436936721276
0.153383430987999	0.181910613804404
0.366763989665645	0.490001699577952
-0.249937827853193	0.358840152255776
0.226669076310451	0.291514199352306
-0.309379793305177	0.450385235474119
-0.228133252091779	0.268921251889656
-1.03652618520358	2.52772476173195
-1.52291819535889	4.9185545769351
-0.602556246406907	1.33896354662396
-0.0891217004140079	0.103021929473046
0.213672965513017	0.283720542022921
-0.19702967796053	0.29653987647014
-0.8382460282461	1.99363144956769
-0.587273289769918	1.03630678604646
-0.046533021363303	0.0367415710153404
0.100599340887215	0.104912893813992
0.497507111092623	0.662539824894329
0.394388276306276	0.571526662673598
0.472131871405192	0.576169783832237
0.984612995860781	2.18738701106006
0.114195885373342	0.117135712051538
-0.513119438011674	0.8036778724978
0.726305138857121	0.794023369318033
0.59879670024268	0.645470917306808
-0.0585765245947506	0.0416143773030018
-0.154884449800817	0.169518369468866
0.107656188559807	0.11461688082434
-0.147376753514964	0.150829101407935
0.0601203510476104	0.074541306251604
0.0921929704105752	0.0946902278010842
0.93786847698388	1.43205206744986
-0.0706743952836269	0.0480032544859047
-0.602268523454264	0.671171759369174
-1.00710817232519	0.710259739849103
0.0121767004813649	0.00828272492102316
0.197838965528792	0.156722478090324
0.404829350212888	0.555097655485733
-0.266672294031671	1.608094591877
0.14667959039721	0.437296134522248
0.0640556815007755	0.146057807708971
0.397099707121201	1.47826368622714
0.260218208272055	0.665608670741321
-0.432278285113161	1.28082371969863
0.0949600351282256	0.247820731087463
0.0411822011947161	0.0599552231232651
0.0200365702844779	0.0278932605845928
-0.214418732209364	0.329102947051962
0.249710904190857	0.412788678255919
0.293245295262759	0.485644222098501
-0.239965214375357	0.374298938105838
0.167872140187697	0.268825277145806
-0.236129887461317	0.356657933389114
-0.270397707593257	0.372678067653329
-0.414347895471647	0.592422051714997
0.0299656092655434	0.0297417267763591
-0.985894556914229	1.89928184464197
-0.484506889934406	0.754437133071317
-0.110621300677478	0.114312820485698
-0.0787177915170449	0.106737160449167
0.082157714420839	0.110164519145012
-0.067790870555379	0.0859560785005042
0.0624075555867524	0.0871690847411997
0.00473257675371613	0.00638026529070518
0.285146769407617	0.44200974358499
0.19583638377579	0.202417337845591
-0.0629334205352181	0.0590419355646533
-0.115765128454734	0.109838225573079
-0.194738683762526	0.175104334030737
-0.6281225087321	0.791033294930861
0.459686216395436	0.774034697548031
-0.460846843198424	0.788733421616723
-0.579042561681168	0.691962974382399
-0.409296489671562	0.563664197567536
-0.0635045569075346	0.0705382472968807
-0.232990480314676	0.292355450885511
0.465405081776093	1.05388532160016
0.0321423807489152	0.0384134313254695
0.497770920396367	0.963081572102432
0.61214258069782	0.88102974602227
0.406208149808691	0.421353562252444
0.150768075431862	0.136397979361443
0.761098429586404	0.894598857424739
0.506352111718043	0.529213851762609
0.343077572305856	0.33306989972851
0.272717695827325	0.25356230060945
0.0286974984398465	0.0316433210550449
0.28708031648592	0.421527167111968
0.0815736303516823	0.102536200290724
-0.0156355881449786	0.0177188030257498
-0.0177920021494303	0.0191540739483587
-0.20920929247306	0.266082506493313
0.643249496795473	1.16977856836581
0.46415897868848	0.786978740442774
0.110192127837289	0.123198674249822
0.513246418344482	0.896193480821902
0.157350304294987	0.269796871491291
-0.157618781939747	0.211193080607139
0.482720566733372	0.824262773005238
0.129545924181499	0.127632608212531
0.332960030699335	0.394821740457653
0.0639357730556845	0.0657827585065288
-0.0675391473012798	0.0543795956728603
-0.491750149973721	0.289234867961697
0.00566849694466897	0.00602909108655483
0.298873758279516	0.415735246849971
0.0213770013126285	0.0262684699102696
-0.0161566154115394	0.0142015279740804
0.329281374807559	3.07299800197038
0.0683334405651681	0.259845358036753
-0.197275853273162	1.02345533197317
0.534393863379395	0.947217081703592
1.11217838973514	2.80314001198373
0.714492639914302	3.08473976548009
0.757541848534806	1.26568682092996
0.946098936697548	1.44986648675994
-0.113912943258267	0.0887527449308738
1.03793566137876	1.76175210787414
0.755087425694007	0.971557206559129
-0.0852676911258491	0.0841978003282205
0.282287689146464	0.35261919735889
0.199358491453415	0.216435327062182
0.686090809136198	0.852702234695057
0.120098380402563	0.0862610710344583
0.599074632282517	0.562856792183947
-0.495052432488584	0.346893757618434
-0.351832670629458	0.308524402209496
0.306781483336757	0.323316896248829
-0.223987445455771	0.292437962862022
-0.298176931280844	0.547316823830608
-0.156559987058013	0.226618737380639
-0.0705067999210366	0.121426141983196
0.0268557384508035	0.0401410054306436
-0.329224713737319	0.688434239661342
0.116584375196706	0.130039930399806
-0.854014498346208	1.19285271213342
0.540858791166569	0.453348631672141
1.03045779290626	0.848812921536085
0.632989302858485	0.588513056411763
0.373921762268746	0.237955964465354
-0.107279748788381	0.0703747568896352
-0.427813628585571	0.259083534856527
-0.378624292035854	0.184472409493748
0.355166705183862	0.332777736313323
-0.204718704927311	0.240916041357168
-0.381358068713411	0.284372818910294
-0.797215709923518	1.17341026040082
0.101209794332656	0.103638349533554
0.480726438890158	0.656486248110479
0.5611829803078	1.06031660811937
0.438216147045575	1.09858310380708
0.392597619013804	0.666994875890168
1.13329611830678	1.07656117787744
-1.24414358005053	0.73547658613563
-0.647106276744019	0.591834431644627
1.24669413324334	1.19508515742851
0.451741030595879	0.342736765249531
0.518209464249306	0.363871885104091
-0.139760590735495	0.0648281795420425
0.450864269591178	0.232864638319836
1.00765740953705	0.572408891301648
0.129942505986401	0.151034716443363
-0.0110673891547212	0.0149703606211572
-0.201072349000955	0.350664340359988
0.127192419008893	0.168025803208526
-0.00955461823965305	0.0155621298137318
-0.208594946269033	0.423670705309832
-0.329538637286333	0.634889865589831
-0.273878386214475	0.355825076530189
-0.454076846956763	0.838501857971435
0.0348139689932409	0.0440509441779485
-0.159279578689497	0.33263836027353
0.125541858993865	0.208611809225921
-0.0805013782684257	0.129006579534569
0.307524417365582	0.323848315309833
-0.368924881430635	0.676988450023225
-0.366735446282036	0.900087357466272
-0.194554360069783	0.206382842286497
0.715431454209254	0.693516908107221
-0.03136435738711	0.0470182106762755
0.105286721953386	0.167172281540489
0.118453062126013	0.206531005390734
0.105118954058278	0.578101291620508
-0.26083697948209	1.88719235191107
-0.504311902831801	5.14615945072278
-0.182606893082877	0.264077804999836
0.358092238144433	0.593429631753948
-0.128290557142211	0.250022651411693
0.110252177746575	0.122470870681415
0.292801992576612	0.339843050815148
0.425429346718847	0.484807547218701
0.559836921315422	0.67257768369835
0.23857041240069	0.246823675415824
0.246260581408694	0.265512047150347
0.0893527593637997	0.0821903730224368
0.445033007063224	0.485594534722589
-0.75437858225378	0.990214759301458
0.495860677526446	0.522237726770372
-0.344337450588014	0.288023724697239
-0.160116641482673	0.119571457793482
0.201725877166807	0.155411978325005
0.504530465892078	0.599911365864961
-0.495860132134543	0.9384885661285
-0.25379325653601	0.441226356163737
-0.161108202390065	0.20246119614293
-0.109831488169265	0.171641659648606
-0.0542858317522419	0.0759213365215901
-0.605058480689466	1.58432042644468
0.318899535082914	0.436892148444091
-0.587939711454978	0.729284919322413
0.0480881194355005	0.0353476289947631
0.209673025166695	0.133351686354926
0.193565528376449	0.141935119084859
0.642627472676248	0.490996593900021
0.0822642505069321	0.0492351422381681
-1.24401631354997	1.89875277632241
0.343944658290345	0.398939452826458
-0.279211941474239	0.19273737097084
-0.0746257297253855	0.0609066170797722
-0.0829523164935712	0.07445588001367
-0.0732358643231531	0.0588564068913254
0.0481134889642988	0.0724518888251781
0.0725847193058054	0.114571748901519
0.329714883245592	0.573191280522289
0.0840358908811384	0.0886746390342908
1.16914790673706	1.35469845025156
-1.13209025158598	0.89292452017331
0.633870430807206	0.484228236831223
0.211862380952644	0.147039979676592
0.247284822551051	0.130207032312788
-0.191438372708398	0.113451277345807
0.711212302355866	0.417892602541718
0.0641868242699389	0.0297326663965617
1.1454348143876	1.02644703180447
-0.173283961439389	0.185576973781638
0.123282383030819	0.176233518668751
-0.206952618795593	0.300365962578156
0.122351941195221	0.135062795623732
0.172114040515465	0.313057822099775
-0.27971196660543	0.515085008964741
-0.205532249830597	0.31719005600827
0.139406145253207	0.148451250428296
0.671805913630967	1.27918473561396
0.55497448954572	1.08801081923964
0.264449629671016	0.565225766287334
-0.093909342729485	0.138529399755593
-0.24715596574384	0.402833692474705
0.0729526551316499	0.0808251684933089
-0.227236792657831	0.180105637603364
-0.371842214795449	0.671217325331887
0.336357029463197	0.61053677586555
-0.333494670597514	0.355721280506471
-0.6676869727892	0.477687740005946
0.112659603466968	0.160578347607108
0.231269080103378	0.426968633861922
0.0877415535433871	0.129084175313099
0.382709527215894	0.408470429153502
0.0463069400886486	0.291949693287011
0.00793952494480014	0.036658142379932
-0.378184276135566	4.40417038680132
-0.347044242028845	3.45814494113354
0.673272042046054	1.85348825420553
0.425818966685444	0.859259240523901
0.368024539798799	0.681893347047781
0.103941924277255	0.227061711414796
-0.410451524378408	0.647916350595167
0.346304374973097	0.437100065302449
0.134059072577698	0.116437778648772
0.486828021286653	0.736461302343509
-0.508594246113069	0.745101735705155
-0.297159657169726	0.435768053977734
0.767603904542216	1.36855570333668
-0.163676536872251	0.190942771752914
0.195243502480125	0.175510270465665
0.310558186963655	0.339759851590461
-0.0394298269645533	0.0278182897981875
-0.157841301406701	0.117666975050277
-0.185844594018597	0.148798448575281
0.0224659710432766	0.0183372856886185
-0.108334711716774	0.15273629875602
-0.0185505394427546	0.023244617327855
-0.319448449136573	0.580188405625731
0.121818736084841	0.213052424211948
-0.0906599778713935	0.149335223503135
-0.0622522841775531	0.0911013116589657
0.140570349652784	0.120769933945068
-1.16515399824899	1.58529874037004
0.416019542555373	0.329906880570571
0.324736067316322	0.246432223127035
0.760428294385211	0.738734406491989
0.0977340818842916	0.0645101170591713
-0.214011271557095	0.225985161339893
-0.00131065538539563	0.00124956971108509
-0.145422766291136	0.110835075002376
-0.455577700623842	0.596752544679624
0.0674499690757809	0.0708749634897876
0.229189579340407	0.274064245455488
0.0235047218538986	0.0338548162390682
-0.240102905586209	0.47312555653573
0.300698087384663	0.552841133436943
0.191272053235283	0.198726015906391
0.0188177429610668	0.0154578436820182
-0.0351649703042942	0.0255747926591608
0.601735965993314	1.26152146697235
0.264363886236186	0.572195191326932
0.232560631225619	0.338270551731993
0.209669377836965	0.139742135169798
-1.0205226195454	0.624367514838324
0.338140866554345	0.234164410343462
0.327471823626037	0.238988365012495
0.477874855440636	0.349178634130554
-1.06696937026261	0.530744059010664
0.462720567346661	0.252401521951381
0.214898408319347	0.150038579360963
0.0679142557995291	0.0290879692006158
0.46458133341867	0.25697363641228
0.0475628274868141	0.034213395033282
0.159447497401341	0.218139810438878
-0.30568434063221	0.58515560496553
0.0406519696939909	0.0570228187777613
-0.181111400693547	0.263516792927161
-0.0522298527299477	0.0818748865907755
-0.3121744421981	0.648123963481846
-0.060082414318701	0.0796247027209125
-0.0317485389723983	0.0364702598289165
0.0939358517140334	0.134998508672815
0.0868401177294414	0.154239532034608
0.30904403825176	0.667835896773651
-0.102421423011328	0.155562334511624
0.0262192240515451	0.0257309561560701
0.149272536272964	0.150762357007287
-0.208804665899148	0.30064017048912
0.340526955439258	0.696157966438264
0.368222950301222	0.463881369495912
0.123709190609403	0.0906895221499422
-0.36984901196716	0.80392284327174
-0.0419081675966215	0.0598575517320952
0.266921305250561	0.50639617495673
0.362351411053692	0.333964222403356
0.0447346576895325	0.280292791251188
-0.159977995690404	1.34045486035688
0.0084819193147004	0.0334309134018333
0.0376513222643344	0.0525286430151725
0.262512715922652	0.458828111827744
-0.0935737343285689	0.122360686310053
0.442598829222347	0.765580047295816
0.145243720000442	0.186544637779084
0.42872922736559	0.656238304366584
0.965067817629606	2.43302936761783
0.0407550588640404	0.0460214856761977
0.204055205180824	0.269974288016417
0.329307408551487	0.442895496326653
0.256213360493612	0.273024727969444
0.281083849629692	0.338298565753443
0.838118850883205	1.01501757471919
0.856063043974744	1.49257989782503
0.10178993033054	0.104306425809037
0.245249400044741	0.416172134417942
-0.16391027821302	0.250544132582884
0.17092950907859	0.228446616272377
0.359707570312721	0.472957399933984
0.130315694769307	0.114696204592415
-0.235619268059126	0.164651569222299
0.348500647006057	0.325611976359764
0.11395017756495	0.0839050465774916
-0.300921196332816	0.281765650936838
0.128042114879643	0.0990346223982684
0.19383285061539	0.195853125416435
0.12359927990235	0.142251099389441
-0.0648615097021824	0.0523169990741324
-0.212462265275614	0.221520963120236
-0.056835439091917	0.0678103632895623
-0.0441216250758133	0.04170667447752
-0.148322244841025	0.241706382463781
-0.0105245979708687	0.0133380953526514
-0.15807430822291	0.236532378419537
0.354934878141171	0.421103560749798
0.000231746830701149	0.000201578915546714
0.508850144860015	0.679623735426959
0.198203950131372	0.150326597311058
0.484930312357683	0.741723606782032
-0.00213608172009161	0.0025236025368342
0.312371643875585	0.46197996085536
-0.161232291352875	0.120417044832128
0.574595791569684	0.615047574706057
-1.2957712138962	1.5122140748423
-0.0444028350809586	0.0258602206811602
-0.110318290107796	0.0863531417605758
0.339509139003996	0.319771725794534
-0.240764907954815	0.167805197690893
0.255988164921598	0.240116220925881
0.323186297659692	0.462464863915083
0.29015060337957	0.544194864344865
-0.27735879385712	0.375249690135966
-0.222334344984451	0.361896319489111
0.295917648518718	0.529485301706169
0.271636799963835	0.415473475063556
-0.0513695358933294	0.074734704058048
0.185277800587116	0.27547106189161
0.0800795652017919	0.0951730105799479
0.0483596987707738	0.063480017387754
-0.0321133555200179	0.0477461992968866
0.320066261450778	0.628683971539852
-0.114216046362068	0.181662862397285
-0.437857393274251	0.664506249090164
-0.606285614704479	0.879015311871583
0.0385479859657388	0.0436871325224312
-0.360841126206316	0.660281732724956
-0.408563439327453	0.405676333869607
-0.704011364460269	0.564314989905572
0.318841314078908	0.537501353373924
-0.170617947688131	0.282240733866607
0.134591663079571	0.207070339258959
0.0376053469050833	0.221026610377862
0.0356770990815673	0.176676729281924
0.135912076214217	0.248625959220593
0.319698679036884	0.719516345858339
0.422187737556853	0.989719311806519
-0.0838959525055885	0.116041487618965
0.141144862866627	0.210194526960479
0.287010441627135	0.539644593074295
0.0106060349245384	0.0142493174015816
0.101857395880553	0.141761156108772
0.315966086666796	0.481013419607719
0.368106875083477	0.71438910765749
0.219672890252135	0.269966010872548
0.333631390285178	0.425224339668158
0.134013015717128	0.180244482186885
-0.147452785886766	0.203934783984358
0.439446641400611	0.818733371320682
0.212156038487256	0.331346952784682
0.356389137600873	0.561428041504008
0.426594262705038	0.512228262540832
0.279266252804852	0.345879009928751
0.258028788025299	0.255505494431735
0.370741671235671	0.542268801695939
0.276086071045431	0.345054651847281
-0.0193288545177314	0.0166369828042641
-0.326211646501984	0.400612823857587
0.437047488045929	0.769969830716293
-0.338005802043823	0.461733235287462
-0.253720453841001	0.255953159217546
-0.256611438051332	0.381719410112043
0.50093363429846	0.757937868879867
0.372029372261153	0.644690713679047
-0.330332970290328	0.523674856861592
0.258663923949073	0.398592436253009
0.483288187470114	0.770905961513498
0.189153859385648	0.184225719332202
-0.149218178720089	0.140247676908699
0.575441155876506	1.16951231385579
0.335179366760139	0.570960872137486
0.616225328972347	1.32971629954433
0.530864099249238	0.769446882914771
0.644826795496132	0.790940953109423
-0.00761667428999385	0.00574095558441775
0.100828257050974	0.0895021985478968
0.769172614963241	1.37635342070013
0.0124141217431662	0.0116470636258846
-0.0791503846644869	0.0636063893617405
0.110504862023633	0.109406827238295
0.478746196512367	0.522938498926216
0.082942753605021	0.0936947538451646
-0.0326417103629016	0.035843488053536
-0.129250381642073	0.162126424717392
0.431806401235236	0.646956087305776
-0.294016522722222	0.446100453361569
0.724410946531863	1.45161228459687
0.0500898790748481	0.0565017557485775
-0.140828496122808	0.142761808102271
0.285680728460013	0.328213322626579
-0.132236498685675	0.156825563082715
-0.010996882609737	0.0107278646626885
-0.268487331950656	0.399168695266473
0.0304397475345908	0.0430613330846485
-0.436118642978236	0.779141152616363
0.205918473342808	0.288384207720907
-0.658182461853493	1.16413112817352
-1.00705819870462	1.90773598603525
0.374685404159305	0.492203206341937
0.0686333123864119	0.072819096586175
-0.0936906400492046	0.0832742927330229
-0.0838737032569495	0.0459051224279884
0.045786748656173	0.0412975269820917
-0.0757879608700087	0.0772404346309098
0.046924613801587	0.0565187001114908
0.207387716753467	2.19093816574883
0.329342311870001	3.47210687043901
0.22908899408606	1.32777748811364
0.331207107807216	1.85830852511259
-0.0960246237526151	0.287351067870066
0.087860797225383	0.210667361027593
-0.0780952703883275	0.172404362364034
-0.219898579861422	0.758495767041621
-0.00583528905705865	0.00971449112063406
-0.0348195434801557	0.0600001314475178
-0.135711389367846	0.252560488666276
0.175744826058005	0.323137998644609
0.107096697751238	0.172245462338737
-0.0654795673053588	0.0981549488834998
-0.160088994443832	0.272611858166962
-0.0129647064135262	0.0173031060417905
0.160451129025618	0.244562096180561
0.140451978568637	0.186471353440926
0.756591868951022	1.65131821584009
0.247433224116787	0.339280143083695
0.227058852521733	0.278840590131071
0.436462994630981	0.58433319550476
-0.100004913978228	0.114943404557996
0.393257508582341	0.583082470926798
0.450115326377532	0.772332462116078
0.110379220877847	0.121584544181879
-0.678576268859988	0.933757534992812
-0.398017911049338	0.641052014736169
0.392793334860394	0.674152207863096
-0.156888744327377	0.226704968975487
0.291038257116414	0.351197364107814
-0.170975060959635	0.166682234632481
0.252099430990169	0.296183301304182
0.367855234137537	0.501606459400218
-0.199266623854817	0.179943653191647
0.445690206446153	0.570342797631005
-0.0139123204715799	0.014522247683609
0.23405048236702	0.331842207730636
-0.0232451744555546	0.0244533194508489
0.289802403117518	0.358233488112593
-0.00923946223499974	0.00894438952246104
0.200908079952171	0.175776511735622
0.291182501334504	0.248723979162384
0.398909122693158	0.480200521224099
-0.102334479069293	0.1086156228123
-0.0104191541901341	0.012296767739908
-0.272340831408728	0.343840450941293
-0.019241565568845	0.0167459076725456
-0.1827879727364	0.198050891497382
0.203808396065343	0.249521869313078
-0.0190274287869853	0.0156298260016836
-0.025569463661645	0.0187414829001815
0.461994327528652	0.424407076891605
0.107071431457815	0.0708572783327673
-0.438996480528178	0.556981886781968
-0.197360045866072	0.220356299983818
0.395134912190067	0.622380438574505
0.159486539055682	0.18610652994305
0.344790997632526	0.419767245075251
-0.00465085239348466	0.021741357300327
0.146611685601243	0.863289391023426
0.00516063975745947	0.0140946765115202
-0.0735393364463369	0.206818999034355
-0.395744970335076	1.61846932466355
-0.445540980875506	1.80952748801247
-0.564153034172789	3.88785792554122
-0.532053934551358	1.8148580866722
-0.630362140614158	2.16886501693513
-0.253756291748031	0.576772564548532
-0.39924758588578	0.995688016706999
-0.411011971529027	0.949055777640624
-0.437798691580173	1.02698348404939
-0.013424730760601	0.0186815431556423
-0.130811679645817	0.204510876612776
0.0566937839621469	0.0686730817806252
-0.143380424389826	0.183487195884934
-0.160895103558732	0.185834748051207
-0.268723885496136	0.280593186787714
-0.546080377761104	1.29248360974864
-0.459337861555871	1.15667171588265
-0.464791571296872	1.06115676183423
0.26942778312795	0.255220978554147
-0.385121626086855	0.351105277674227
0.143166620473087	0.131961081272294
0.0654653611438773	0.0661077388620621
-0.0865916920683672	0.115658983336738
0.196969542125296	0.333853829187524
-0.816780896237165	1.81557125308002
0.0536658967233731	0.0592675034396514
-0.0839962140289638	0.0817086071927599
-0.0454341859721565	0.0410485130551217
0.25568786354925	0.319923424287202
-0.185821956921073	0.296252294438346
0.353484119720638	0.458203534260786
0.0796211851722011	0.0700474703602226
0.358074095361497	0.236453549266573
0.145224102792993	0.171518199108819
0.584942644208713	1.12011898509532
0.0381966370290565	0.0456621426978265
0.160899777008005	0.172078553045999
0.0616767254282165	0.0618274089235413
-0.168519039335508	0.214869750359491
0.367950221179907	0.596107789919415
0.0683408883944983	0.441590577812987
-0.00867460848158562	0.0361178912580226
-0.0277185668414597	0.10389300513216
-0.0595898969780577	0.203629859506085
-0.160552311660382	0.678182454156737
-0.357480691168503	1.90596311983226
-0.296047729205604	1.21644363584683
-0.212797393738727	0.770399344606355
-0.225273057907666	0.761782091620339
0.116626269959703	0.299605655728741
-0.000940099171045439	0.00172339052051487
-0.0831680727255864	0.184624669227139
-0.00462336526349355	0.00745879447566297
0.0269452296205573	0.0449880097231816
-0.150308961439829	0.301618858442916
0.191898470941814	0.427392079338573
0.000975022561614784	0.0012421434288025
-0.0120028791264172	0.0176551704807983
0.0324108151685823	0.0407846446178255
-0.0821636542231371	0.0974674430316043
-0.625563903188955	1.07337065064222
0.317769315792885	0.514752586100272
-0.321216290890079	0.58091245142706
0.00566389103472084	0.00680135145782592
-0.117172789603332	0.166368380163861
-0.188106174534052	0.268581696814462
0.0145194883965317	0.0120990578467858
0.179656152874689	0.174519044960519
0.0483498584455681	0.0471409038800993
0.0771512715932868	0.0326721040587585
0.630898786976229	0.394921723663228
-0.112071145347415	0.0872913026838718
0.0307973708637609	0.0315859653564355
0.124746378553676	1.01925566021983
-0.0458404384580271	0.225665076979892
-0.080074278573509	0.330527987623857
-0.145470524418987	0.652936294660406
0.0375817221421006	0.108885844415216
-0.228038805898351	0.952582861998368
-0.202625358134987	0.799538602524315
-0.158226607444527	0.496592619446271
0.145145742697516	0.417895669876877
-0.00900681388002551	0.0174090637657039
0.196013129610642	0.50984413238351
-0.147564051615261	0.314960788405651
0.165401895231848	0.34151173590298
-0.148216374312835	0.318812258849366
0.0285469757144443	0.0459062253676829
0.161080481740973	0.335677865552747
0.122663752553283	0.150936970083919
-0.25255667439148	0.292611234030138
0.677982493681153	1.20380325832635
-0.142835814641539	0.171675285031924
0.139971878175293	0.215096323051997
-0.297835180700097	0.527638742626382
-0.101819313105781	0.154457033331534
0.0502318583610708	0.0703662229318925
-0.00445614323410181	0.00345903592298021
-0.607856680661816	0.818349178585818
1.00428413498296	0.588083716479113
-0.286596483640043	0.0996994327156536
-0.109196502195306	0.051999975996474
0.280296180188684	0.22912401404371
0.0708252169376831	0.0402898350931364
0.48640002623276	0.34850717814509
0.33275805153537	0.230207049275907
0.207426168955731	0.146738173933759
1.3937422792312	0.86410392637359
1.17423481633329	0.787338939300547
0.461386614445621	0.425654921479836
-0.167530165001569	0.155640112603748
0.0963660949083272	0.0978876037161163
0.19541307422082	0.187236085110835
0.373038500499796	0.235832763019412
-0.0256466737758123	0.0153650074220386
0.225026954466386	0.276528040097787
0.100062629456497	0.741264060242754
0.0159590995036451	0.0657779284880055
-0.0683576946901679	0.292049015611484
-0.21115623511365	1.05943854892477
-0.00479180122000596	0.0129513431044696
-0.26563262097813	1.31253802998418
-0.101358392925774	0.298287184456344
0.129649895121003	0.390218917695871
0.437838567477308	1.79343112331323
0.269527941836298	0.869843881430889
0.0954485229954257	0.203202637364884
0.325336685401308	0.925105364375869
0.0313909687913389	0.0571771927185523
-0.327246421734577	0.84591184876848
0.213498013108207	0.504729212074451
0.00234271328987535	0.00380499174209151
0.0858950579811645	0.111236302317634
0.167868617703463	0.244246960196922
0.112436236840474	0.122269111783122
-0.0956513390743241	0.0982343370376258
0.0353490626551416	0.0364619935831566
-0.324221401567472	0.6785277306272
-0.0848121984763039	0.124483637065517
0.124953387492281	0.19084079902675
0.313899890636313	0.644306011311866
0.533317705169569	1.08264197157098
0.229350415013487	0.267391392931267
0.383634835669602	0.744457912997724
0.349317005507069	0.543105832312595
-0.0120272302744258	0.00906744888811907
0.246640384822939	0.239459947858975
-0.173069665723575	0.160061784237467
0.0707109373675461	0.0305309311933395
0.0754585635242516	0.0314755891493761
-0.560052384928275	0.371971810274458
0.331876404291971	0.324711330573067
0.414386913438335	0.247008001609954
1.68849284905582	1.26695718555855
0.113624747573696	0.120954119090324
-0.0046319529264218	0.00403862143696377
0.219113127199024	0.130194067476893
0.0692355787222022	0.0347109944409107
0.0628027292589133	0.0286093490677542
0.412554888812493	0.33456966333993
0.133096980174161	0.155231060082744
0.0917896675711593	0.614165374140539
-0.129854964957312	0.814876110142541
-0.0924895625222531	0.370860608470529
-0.0307903546818341	0.0905587262063088
0.140309899080281	0.550580600077081
-0.0442506267633749	0.113222020038001
0.415155790952924	2.0172649365007
0.246295371863893	0.755565817772426
0.201490417621466	0.550782457352855
0.0591204984658521	0.107897033551711
0.0687225651779414	0.126452055038266
0.0537953368278548	0.0928159495081687
0.166731016955731	0.331990916434209
-0.0172321327126524	0.0273832912472314
0.136810070149582	0.248379078718984
0.044948863205481	0.0725170732575314
0.0373079094777902	0.0375614483176336
-0.111415764788046	0.109585820719102
0.567530802435371	0.850892367353132
0.120918284951577	0.172114355843334
-0.383527490830201	0.685874308740798
0.0884244109375487	0.126234163316278
-0.356791604785944	0.677493072198245
-0.134391746187165	0.202011125390019
0.367044697378081	0.704953760754662
0.158086781361954	0.227756205641491
0.394355992407475	0.546935285565989
-0.0624977910464247	0.0773804734662965
0.559350733748998	0.915159238752554
0.434440507915602	0.42498828915069
0.745416897641569	0.303948987598172
0.319220298920491	0.144271494460804
-0.369734426992506	0.168689762200438
0.101733464427781	0.0661656942244238
-0.320236829085652	0.208772746088347
0.943564942819207	0.815314188368212
0.826229507711971	0.648417724349497
-1.02982206548022	0.668182593838553
0.621374155504569	0.300315625071135
0.327423866698599	0.240482998965178
1.45116386565544	1.60420452067077
0.624732591310758	0.285070614249817
0.0998612906909529	0.724332296237667
-0.139346796415731	0.906141574557221
-0.0208174981752677	0.0733388223679171
-0.0892366611770634	0.36883306230373
0.120017000769498	0.447934802628208
0.157429761046755	0.568674514425594
0.463515744858159	2.38389624607295
0.13094527426047	0.353881807779465
0.299285471266334	0.974142431605042
0.0356435570675699	0.06661971618977
0.316060124829539	0.962495449107267
0.190395264572351	0.443991097031743
0.0960292143114641	0.178169771347131
-0.286635232701757	0.681523923221386
-0.0257482374151612	0.0452026870057381
-0.0907200984154062	0.0808286483985768
-0.256507430610723	0.358313236965122
-0.37363241596001	0.773152443809588
0.0699633179296192	0.0955634195245073
0.0426543176497147	0.0639904418431859
0.275336806230893	0.498877653103528
-0.000685781481043949	0.000931005650305229
-0.00246341921048576	0.0030960337953307
0.665960999853607	1.55707189416804
0.0905531546095877	0.123979256226751
-0.0501481862433798	0.0558161601481976
-0.214958576656164	0.173569773584121
0.443659171157181	0.436066814608791
2.05358235027657	1.47241283514928
0.374310140662059	0.154191210620307
0.529396842325422	0.276269573677659
-1.26569371695173	1.63840858544917
-0.320497664223653	0.215877577497471
1.26528050672873	1.04790997154624
-1.24143646419799	0.722924361276256
0.386932715391736	0.241917195706622
-0.899687504444904	0.680497506413062
-0.0286903109717962	0.0171011883128955
0.0681545575812432	0.0356893261400523
2.49838837925161	1.4199969661117
0.0574299584501986	0.361151634215701
0.0270748527808923	0.118586583573006
-0.0308326895293269	0.114228721911298
0.0393075787426434	0.120956186576755
0.0685336720275968	0.198530779430437
0.304662403672227	1.22906392198033
0.411116425669787	1.79042288845583
0.291533241802995	0.986978610651164
-0.112473216886378	0.263436688165274
-0.102371236904674	0.228009664537851
-0.045350142957952	0.0841843991857014
-0.0534820736658864	0.0912462356852611
0.442551026567037	1.24574826972822
-0.179760686699701	0.385992825236736
0.189645466840475	0.357600390758878
-0.433813350195711	0.996330863447739
0.151806418746821	0.260218959978909
0.267731287630064	0.444947801770238
0.0256143732147699	0.0333847971062284
-0.604008053069372	1.16051547604183
0.0919033425109978	0.129844034182457
0.503774480555255	1.1568605717858
0.949641384199492	2.5138629183573
0.39312761354661	0.96513295077628
0.0242617687423144	0.0354599611870535
-0.0206602899659061	0.0281035463179901
0.00601139397742407	0.00891474741824994
-0.562227376387841	1.29648026850716
0.149865002731124	0.223810368250535
-0.118184593354981	0.103208525554092
-0.0280502506177894	0.0240159633200856
-0.39327184135136	0.495419711660573
0.0652645148861179	0.0658929039911181
0.396588605085712	0.48465821824446
0.0922221386460415	0.0852980445010213
0.420491262489207	0.417163813744924
-0.225747617196332	0.256620535009834
-0.344636278803945	0.365652844073601
-0.0487799648304142	0.274110647750266
-0.0614625943009043	0.303169826379052
-0.0143212685975124	0.044331802828641
0.343041982641469	1.95499920205744
0.335478145355426	1.52445427978614
0.226387186614384	0.744620895023302
0.0210395979013194	0.041645483158605
0.362206937848292	1.15856051461484
0.0747387286932026	0.160029695698587
0.399534762984777	1.33861349433973
0.048667142999378	0.0903939885976626
0.352876926018972	0.522394118577457
0.113200487458364	0.156556418568377
-0.134545356212994	0.209244744610861
-0.301202156012655	0.550487472297837
-0.424629054476739	0.985155446915913
0.102292526582065	0.151065903523969
-0.352417996925943	0.68768896734889
-0.212755264738489	0.360677728237858
0.0733369760000288	0.099512961902562
0.438883706796518	0.902869391990952
0.256816879436816	0.387980003085842
0.265102530762066	0.398602632220334
0.0748726602323561	0.0640638097243144
0.457936699380998	0.43694765730342
0.135585002529174	0.127153151923166
3.11568123964746	2.47114378984596
-0.384182014176496	0.284360520697352
0.199867429716586	0.135529837866821
0.114325121042561	0.0747387395937842
-0.0745177797044389	0.0507497139209436
-0.109829456811779	0.054059019910707
0.328478518453473	0.241732655396939
-0.236899191063217	0.134329654318781
0.0828917064636439	0.0463039136973697
-0.0042030741395919	0.00255005266050398
0.0258061594378822	0.134444237105759
0.055256766123028	0.258807376904384
0.344952897996447	2.50542490604318
0.346569704266372	1.85153099364172
0.246144788532312	1.01114519884837
0.118225755848133	0.32289281980879
0.293241749036488	0.972828431700323
0.243456088383311	0.796728688090238
0.342486193671654	1.26397832072838
0.978924086343028	2.68772147106561
-0.4578261363559	1.07003384175042
-0.311881421511554	0.622769081797358
-0.0966441094086914	0.148126430762901
-0.0947798684292702	0.152065107938054
0.307562706330069	0.591680636432556
0.049391900427001	0.0779546077639831
0.257686895032578	0.432155314435179
-0.0583647187568046	0.0789138372511239
-0.0356184372491171	0.0507382132391663
0.0689043051817191	0.0983490136946743
0.258353454102777	0.357117146418604
0.741611954950322	1.02658373040759
0.649744764761018	0.673252859433906
-0.468443838837852	0.370266562068786
0.060401737083915	0.0276132102122662
-0.488346382112642	0.290895019316997
-0.14098178696072	0.0639472335095248
0.0636443425000346	0.0294499751316042
0.274268176562153	0.577350596425715
0.438856979574905	1.06345149831804
0.14416713037174	0.224631775371616
0.289187412922487	0.484579757327603
0.172136110823215	1.51657301544881
0.19053650736711	1.31720776997689
0.319786583608516	1.91909349852079
0.234276469050242	1.04472154133338
0.176902820406476	0.253285334101684
0.272789741507104	0.418755985363798
-0.515330583732499	1.32452292670527
0.237579371632816	0.377033638038423
0.236074143316969	0.453570928849232
0.186293009176868	0.304395120779426
0.283296667388211	0.509308751294192
0.0125447726918858	0.0178830456392382
-0.124702711452716	0.180730644501966
0.211970968791289	0.343509841630754
0.156292954238168	0.157642809079471
0.0559704185125796	0.0446580098647213
0.459388719677881	0.165595133852018
0.0966339155080583	0.028844403628746
-0.10826933539894	0.0836161235184074
0.0677120085180295	0.0363483668038097
0.213918497142648	0.140959855280912
-0.0950360407654316	0.0503123920459309
0.238867834411663	0.133178798982438
-0.0755395287468416	0.0408678166555185
0.108808139075633	0.165944662808988
0.00155547238667221	0.00201772186792696
0.0540643276994866	0.0769928477772819
0.0145693118809721	0.0175845396304105
-0.0483501457407763	0.0529515987498906
0.159375757277992	1.38661343382952
0.130606746607178	0.819531315189247
0.0718620895240009	0.286582761634427
0.329739531416695	0.507158933587094
-0.0490038949406795	0.0615674543378554
0.408733781116053	0.6873563749403
-0.0362587093273789	0.0502793824190468
-0.0958379567987068	0.14120015344031
-0.0480671332663155	0.0729971661099896
-0.40360615081286	0.837032907864639
0.313573864403764	0.644166712244574
0.313981924595948	0.66066575048387
0.382879619255692	0.772025339197894
0.11072513222905	0.158159495739358
0.0235611057700149	0.0307064577074924
0.182063724352487	0.269787574094619
0.465080904507718	0.830156225654023
0.0746956953347011	0.0781345524719084
0.282486928828301	0.528480505243474
0.24509732799589	0.343705159983484
0.0232427706617423	0.0199368791391142
0.460056706103707	0.252215208781937
0.277616036640674	0.136417956595523
-0.0338391681542801	0.0200581168841542
0.121852465061924	0.0862826487615024
0.426268867273436	0.330574036982614
0.213724427644612	0.132666295400145
-0.728961684405136	0.448367365567166
-0.278359185392738	0.189162796623424
0.430166479987077	0.340319024835695
0.0804390807926503	0.118612613702895
-0.121245864323522	0.178334249168161
0.0292037758741077	0.036471799900744
0.0497173801187662	0.0596382000102237
0.71902830386631	1.16270911754951
0.392217198046086	0.417501534097064
0.0248000445169256	0.12485951166076
-0.00148220600465149	0.00580757387622884
0.153949976521449	0.192653944571875
-0.218289386486993	0.331574599002302
0.0195808235177948	0.0265397227235302
0.284820425423536	0.431889885416245
-0.597741724656985	1.20665140848116
0.00530855066459308	0.00485555007915862
0.0215451040923723	0.0267829749046192
0.114169619790898	0.158392448025187
-0.319038228502436	0.61991269976403
-0.106074801045361	0.158268376752942
0.265762173753024	0.456859131808943
0.379804852918641	0.82388808168534
0.677038305979782	1.60273579654664
0.38770140992381	0.783720723096287
-0.257839490433784	0.419409972860355
0.0282320947552987	0.0350851473599976
0.315446319793111	0.582017640910008
0.204717249025969	0.26803703339022
0.243849427555085	0.346938712967349
-0.0160494792890676	0.0193831491448645
-0.00338812301809732	0.00335969856194877
-0.411232927720716	0.448166784215875
0.543877715314785	0.61815143616909
0.549723559995902	0.608972898993744
-1.74506695146411	1.7744033525792
1.39250188266216	0.86042584339556
-0.772285761932614	0.583203997972329
0.417943216209605	0.345780687705212
0.723002243423075	0.794807222260413
-0.0595406798176174	0.0337482739040769
0.208411890670052	0.130925785388096
0.0730830702759728	0.0380748778282074
0.270010305671994	0.462997403202604
-0.185060614037191	0.284229421427288
-0.598466669515065	1.47360997146488
0.357263318237125	0.623942443010813
0.311729574389111	0.334459192685752
0.401593156870783	0.419541101261186
0.0815750546768996	0.550426375644643
-0.0597589769144464	0.306548454403657
-0.0600385389687045	0.244974186444301
-0.0363441607449445	0.120838467791569
0.101548208538841	0.13180279201533
-0.154254428399336	0.238028294562859
-0.121609519702369	0.169850310399228
0.160573028697557	0.231366549748441
-0.170525795337657	0.256748277650378
0.163296623831877	0.212229769332242
-0.163336086354097	0.261240991184074
0.0653120279174212	0.0928643468919193
0.172991564571303	0.291785009586175
0.481521101801405	1.13173555301936
0.153085818431069	0.235792620464486
0.0953457207895422	0.134153073817552
0.27777026003909	0.480954893921233
0.389544831311269	0.701289369974018
0.303614130323345	0.551462427974421
0.570026609817841	1.37561680158836
0.12682429304252	0.192621686578991
-0.217236980841141	0.378874494005997
0.152329675379908	0.202313270530404
-0.176210686720882	0.209476125764008
-0.189990680571711	0.28878051657835
0.17995896691526	0.26325690266834
0.582082525758462	0.843925407246688
0.0351860468236097	0.0297083652149415
-0.0832106237013255	0.0819111046107259
0.21285046163378	0.125428080214055
-0.0179624035568904	0.0109150527375057
0.0870626696824105	0.054884500655625
-0.140708628210837	0.128693425695457
-0.867912765594463	0.979519651686255
-0.0626149463462064	0.0443962684145118
-0.417748692674949	0.405163254449608
0.231735876589924	0.404137733934217
0.464925436734268	1.17242068413085
-0.0809819194656503	0.10873607758078
-0.462183432827772	0.937693456932492
-0.579231966027313	1.0699951543414
0.387656503398884	0.492500421727407
0.0798885511511275	0.52070660783733
0.0121518123342325	0.0486919580586132
-0.0455405477189763	0.167917550837779
0.052288686583149	0.0594819231039661
0.366037960917648	0.685600075204834
-0.395856370379734	0.696762036650022
-0.119464753546897	0.169612157105545
-0.200256915745402	0.308889753176975
0.452743659549134	0.83711472973752
0.38042501237421	0.637993405324219
0.186597624232019	0.292285234794942
-0.978686765876504	2.61038543835895
0.255283331413328	0.46828793051119
0.333579343199681	0.593193594358072
0.528352667033231	1.10117596453284
0.232787212060684	0.377579806102406
-0.157944345401702	0.201061129476309
0.121785745163086	0.156574561496449
-0.0668626943327897	0.0860957423702563
0.174971804040183	0.253699255515296
-0.00525818962415039	0.0059486152550797
0.374017956976589	0.610266807486522
-0.0664174712826475	0.0744287766127536
-0.0158438185158715	0.019033555202551
0.727542816567421	1.61085023752298
-0.0533004182132658	0.0606635576903771
-0.515597286139487	0.697748600310722
0.291949971343181	0.345738532269869
-0.278265973542088	0.187681459895015
1.03429875015012	0.932746975991398
-0.54769317246882	0.453061733744886
-0.019705935644964	0.0148444052808667
-0.329415134736266	0.246107598603901
0.213867967961831	0.165835519785398
-0.0849099586627114	0.06840892378407
0.300585271897924	0.228933282647957
0.179473474473105	0.270657880965861
0.0984801022905036	0.136098881019249
0.0593426829118021	0.0797489526145725
0.123714025668391	0.149209809985592
-0.437049758245118	0.804588477955174
-0.3891614608568	0.612174872068468
-0.661290052233872	1.16741489350293
-0.0252585750724627	0.126369614986625
-0.0396314998970263	0.17652211775981
-0.064233569580578	0.230268182903983
0.765224474869957	1.15046838815949
-0.74393663599118	1.55544333017732
0.560679522741699	1.19139542851236
0.167874124673231	0.238394034464538
0.251505370754173	0.397784419450002
-0.137311162087264	0.201407110039602
0.0420513631911795	0.045043573300274
-0.299554166302238	0.455894443514094
0.184951237830865	0.301491826829072
0.251527842503691	0.417315056498238
0.217359370807865	0.318849403826824
0.525319598528469	0.94977542694543
0.0307992291824135	0.0376015348983576
0.473502152881886	0.904519577468599
0.116150054131569	0.151630650849934
0.234540110595866	0.320053357954356
-0.117354043999015	0.160521849906676
0.739028041472408	1.7153644379085
0.201244354728151	0.289649546253258
-0.340603286043355	0.458016951357096
0.000238925546997904	0.000324663493972291
0.416395651340035	0.792697981998126
-0.298434758493726	0.439476499197306
0.467785418338408	0.583987287451457
-0.152923180519161	0.15242992572696
-0.260025897027738	0.268896965892576
-1.08002749897588	1.27488486651668
0.589497100101762	0.466585250711988
-0.537391965101787	0.416475470910107
-0.410263049631602	0.421610037638849
-0.446325109732248	0.493672002262971
0.195061023840754	0.164230946885197
0.486264728222944	0.440177871777131
0.177836989741752	0.259653906820634
0.349881368808123	0.646403828400484
-0.155081075561946	0.213501873130638
-0.348001166033927	0.524980020477784
-0.455851837212028	0.664861858812985
0.0601169769256669	0.356776601641
-0.0191590296627966	0.0778090445082878
0.366384610401023	0.414781640086065
0.354586986122611	0.409129406909951
0.195809614128171	0.213341307215383
0.736567388953338	1.59886924400571
0.178900216530161	0.272278210541502
0.300235082828314	0.498963755359662
0.339946768975599	0.538867752227196
0.00779694477028083	0.0080402395541717
0.113067015419672	0.132302571613078
-0.485555778395347	0.897451133390238
-0.0801659655163835	0.106187194804085
0.342938569879526	0.624036886411641
0.0731083808053227	0.101803367266208
0.400522586638369	0.785326770471188
0.376886076530897	0.735724255649584
0.258941912426099	0.445115812557118
0.26341280630753	0.405213661094368
0.563685097667134	1.14599169497723
-0.30918616379441	0.564178532395196
-0.0659126425115737	0.0789745514010781
0.657906574939499	1.46635573700389
-0.0474575358369271	0.0529784339053908
0.332209842841876	0.488245928455182
-0.125546703921654	0.16762309871449
0.0865921675888056	0.0944416398597836
1.46061481296431	3.10784023652245
0.00670217470706704	0.00572171305753614
0.72647567765692	0.865901311116248
0.0810380944907501	0.0342462759666906
-0.144835885946082	0.0660011886415261
0.454986424756625	0.334697956042944
-0.0476967277320862	0.0339016402353766
0.20318586817083	0.161322343060153
0.244901881508442	0.454848493849266
0.0103640613761805	0.0112176912408481
0.192605859017247	0.274648189710278
0.110511794746238	0.111934791382333
0.0101476600204377	0.00938116979174869
0.0747949503694644	0.457512401691064
0.129687440616484	0.109466628848408
0.492750360846664	0.580261191851004
0.971701056458241	1.68420682299166
-0.687871717310055	1.35619901712417
-0.383919361402188	0.667010666274595
0.122912894236423	0.186820474028577
0.378628909415209	0.624986031059737
-0.203881205588822	0.274943941324738
-0.446742028910706	0.588517843458677
0.282407288150357	0.387185790412956
0.182368056039947	0.299391370247043
-0.0345770487648331	0.0402648945345804
-0.184756062358166	0.324248165404221
0.236418654214987	0.3620037012646
0.159430118681325	0.24973168609516
0.410967127672778	0.817559552519481
0.0830395354549359	0.109439730319338
0.177011198439432	0.266053330799383
0.536236482070895	1.28454393695367
0.0223908557056166	0.0266046313023334
-0.366294881704105	0.674648870711945
0.169210804718139	0.224935306616774
-0.146427041719045	0.174281766956581
0.307859556569008	0.504160512575993
-0.207805691840476	0.252236037317812
0.572730133394195	0.716377274018511
0.263324664784426	0.253341075310707
0.041808978460611	0.0304643285627815
-0.884106356322737	0.603307938964881
0.0730692766432021	0.0362431061434699
-0.171460457146576	0.108464483036753
0.241884421364028	0.125376091820993
-0.0112614420172528	0.0135264966361191
0.243866645692537	0.390086397174838
-0.0159583089141651	0.0179537171720947
0.135783264789798	0.113141388909913
-0.495107873775501	0.598839369841788
0.249457631087294	0.249758761987817
0.319697760643931	0.317346237823903
-0.130434303176772	0.112661649471055
0.496306032931311	0.867783035008215
-0.233269960452475	0.411744029282703
0.0070770755555328	0.0087508911539148
-0.0101537362859602	0.0120057357740708
0.559383881452743	1.06453070527118
-0.21517587085656	0.265035888921928
-0.104511623907726	0.134975913904553
-0.149758173086926	0.232554796655333
0.0816332360282119	0.114321046552347
0.0796723949298328	0.120492228700685
0.276709012069182	0.473563692096865
0.415499283625488	0.831357973911794
0.406948413903945	0.802748541197513
0.153148447660436	0.218966753698615
0.288454822986729	0.448953342756446
0.169076098193422	0.266657833796043
0.550364866712015	1.20493351446107
0.297387699581721	0.491966609002887
0.270075010417114	0.34936939052343
0.00836759802370809	0.00867805703942494
0.461265171712819	0.86833419709546
-0.381219132466991	0.576332074251921
0.152737627692332	0.125532436219145
0.00612261142045875	0.00370557418184245
-0.0101924327538327	0.00774749376990717
-0.487166213386829	0.290039449969816
0.0764103451361728	0.0294324592658354
0.762655154562979	0.621242830360835
0.282828685070843	0.13919628548156
0.704469015953167	0.410520519123692
0.24472840296567	0.426470435628811
0.0696362368553597	0.0918203749502678
-0.106370282182695	0.130644759423521
-0.946247158772044	2.04612525865233
0.0841189875977206	0.0761829475283979
-0.302601936541363	0.29620696232199
0.0379766143821926	0.0342803547692883
-0.272692751671638	0.237263938160265
0.151327065544223	0.155150572487402
-0.206343660218439	0.260873183180811
-0.0693426747786473	0.0890805197840252
-0.469678609896392	0.860302233823758
0.528043904128379	1.11169726242771
0.315287772938532	0.47349757623025
0.136439382599466	0.124655474218555
-0.241304619160897	0.304513092334635
-0.109185837385461	0.163209710519284
0.157239743527336	0.20116374443747
0.333080606937924	0.643174948349732
0.259865902306082	0.418572304801091
0.438643522196086	0.888227681213208
0.169976507608986	0.262344898280371
0.532646695992037	1.08061563745523
-0.419218419719041	0.669014025358593
-0.134103914944068	0.191622685477338
0.4759732030381	0.803550736977545
-0.676103957854326	1.40320948498414
-0.317378945574398	0.38973348525439
0.433069329698878	0.556932329717307
0.262251482984132	0.416910933555634
0.148460983678392	0.164301558716696
-0.153963318937491	0.131607003604611
0.011378888869658	0.0074698012844053
0.69168998731977	0.755767242781107
0.0652413309091469	0.0270493546302977
1.00631841861639	0.480240051542807
0.0797280436907884	0.0448777326460472
0.257342326067075	0.133677865910099
0.306635876250155	0.24888251243946
0.0750005829407725	0.034574159247649
0.696038467865742	0.487632113782048
0.322904477703496	0.147034585169118
0.0768345627931676	0.029745739646701
0.459273980527094	0.258562567823442
0.451342873554453	0.4092331487633
0.258408340341505	0.399707498530512
0.224103518979296	0.363817181651343
-0.0546438591015375	0.06664736785379
0.0193183743480424	0.0196508449054691
-0.166216492248788	0.195587788667873
0.973917461501092	1.1937015809134
-0.256251092127516	0.22048424059875
0.365631739987458	0.422914752993996
0.544611653971736	0.77442334658229
0.669406516415798	0.896615512659095
0.440428213425649	0.86675701591664
-0.349995733983457	0.663576706847576
-0.407733177277128	0.895118493442955
0.026534581865077	0.0304609770868294
-0.276996109104856	0.461297494019744
0.192125445479733	0.24547837317672
0.122869642820928	0.164359319672692
-0.195047336064222	0.367998820731219
-0.301229643417508	0.573430437681474
0.349541942213303	0.785111990124246
0.167233585836946	0.272132520483237
0.28728526319663	0.60023167716762
0.0868525957815373	0.145656428816213
0.248377832997263	0.371085450953079
0.315866815919272	0.611283793611655
-0.338617894208394	0.655119985252039
-0.304612394730724	0.561201167950326
0.186320837371484	0.308349416082391
-0.0215651609561214	0.0240701395560839
-0.542959491508754	0.87580330974608
0.157942455080942	0.229827366276307
-0.22919907477409	0.340204548481047
0.476066947054599	0.586753045141595
-0.754587910036106	0.92529734456881
0.176024295828946	0.190805825919138
1.48665166575935	1.46458858609722
0.282325556820398	0.137339059642469
0.416058430200562	0.236982394486421
0.277743578525704	0.245109565570025
0.00574969483197731	0.00348197255103785
0.568111202082804	0.544836730386376
0.0943934295631245	0.0598318340579771
0.598242849203216	0.565030700415218
-0.293745287608271	0.24997851404063
-0.55778421163732	0.482883587172116
0.892677197890102	1.12744559201841
0.334838658369882	0.231720047030389
0.461258025465588	0.170273180706361
0.821270219749103	0.645337484528676
0.366499491893047	0.312345862403225
0.375856719233241	0.234805411441891
0.819575506619625	0.721720857377827
-0.326544996744727	0.239830550373901
0.339586206481523	0.335545582196174
-0.118852560319184	0.157549899470422
0.234955523800393	0.34365248581106
0.345907807747878	0.451292070356458
0.0979285999277464	0.0944941666607348
0.163084113057721	0.201097111181345
0.0964724892748806	0.105035378366687
0.509596204208848	0.742956498702653
-0.411802122533352	0.731232377532827
-0.279477538714245	0.538079233739385
0.22841005069114	0.324775893660219
-0.196960105224364	0.297043820602239
-0.249638286277129	0.402766203134058
-0.0361077572232836	0.0420436373855648
-0.0282926335425607	0.0358412732371597
-0.422770188743739	0.868051330796027
0.296542340550524	0.485401229415333
-0.128068967012222	0.21497240562706
0.364021342347363	0.672950695346569
0.417604482194993	0.838833303452997
-0.430622502507017	0.950261521860447
-0.18462635256921	0.252373425238969
0.699253809333411	1.67776694225648
0.511725685873082	0.970914276679473
-0.0862830068683137	0.104276941157159
-0.29598428511186	0.442742738572914
0.0728012414748552	0.09257659246846
-0.0552646204806103	0.062444142455964
0.0568375819996666	0.06945857217566
-0.295932224447083	0.404530672870622
-0.269910598506059	0.313445054367608
0.148255978415025	0.146709181637611
-0.388120820024751	0.518169507085043
-0.0308176617568676	0.0183488356307628
0.569984897190627	0.362457120416002
-0.0276818264909264	0.0164483855144811
-0.0954268105062225	0.0758597006294758
0.540904771668902	0.550309718037767
-0.695321452190503	0.756591498853143
0.135047543188552	0.117135360702913
0.491403665954432	0.351111501862007
-0.974703243526557	0.896946372974974
0.214376829442047	0.170268874196287
0.900565647560158	1.07882876391447
0.436631906862931	0.345483810119899
1.27551855219165	1.08779776377115
1.72226329023568	0.941800429589978
-0.433467996097063	0.313377811565842
0.32868598334966	0.224177946415499
0.206657323251657	0.16981521405485
0.897615673539713	0.87964328598805
-0.0309299876433546	0.018033399792874
0.371809582836775	0.324478903868265
0.24737884189058	0.216822633397136
0.0391120285419735	0.0463811419815298
-0.0186700324517075	0.0221303114685533
0.0362811937729475	0.0446437117100023
-0.0809150918694587	0.107406165733899
0.111453159025816	0.151402489269081
0.232131431622416	0.344676222516014
-0.0640479316828219	0.059487856370917
0.294908541947485	0.325982646691196
-0.141735384184002	0.246514682721796
0.0707396683730796	0.0942176418153715
-0.145945435513187	0.229776673875798
-0.163336267986908	0.266199593532883
-0.0350921172603388	0.0445245626439751
0.206041995903621	0.356682338414126
-0.348604277320794	0.498279639748273
-0.217183986674703	0.38633060872744
-0.18815355995602	0.315919859298118
0.291050718944628	0.56516164035242
0.364672104057849	0.602256057807379
-0.193205531692195	0.229964248663326
0.274751217736929	0.445752916043059
0.502593864424275	0.919010172360199
0.0519204631230764	0.0608691599167454
0.152099405624127	0.217419240188139
0.550523200763502	0.928020732723482
0.420237017078645	0.658102299804488
0.157687136673552	0.180034872993845
0.097163289474714	0.0907399058899573
-0.30350205180433	0.470768058728775
0.0462005703138126	0.0561702573564238
-0.519473769707153	1.06473045637743
-0.082949604541864	0.0883164547266901
-0.123964276904453	0.175438215523597
0.22901743947901	0.30467676156527
0.0398515910101969	0.0456179013579584
0.0933935705647184	0.109408962170282
-0.333968696552668	0.370442976418154
-0.247770194722618	0.272726504352157
-0.21306495052052	0.208447877024146
0.147757969807969	0.145149685147554
-0.140908570391656	0.133578865007839
0.0461928821879182	0.043217632746183
-0.0293423165967447	0.0411612123243151
-0.0448400214405991	0.0516839633531713
0.117993049282102	0.131113386446089
-0.183424233270292	0.196643019931051
-0.326187313836704	0.345732734919829
0.118821906873601	0.0950735104316176
-0.381133743636373	0.365464858757876
0.52762618593578	0.60059471618417
0.550818242685368	0.724486891399597
0.237384869948479	0.247734145215641
0.223632667407159	0.293156205294297
0.410322035840008	0.577166822236831
0.0981165990138781	0.0991712158831426
0.415612236466531	0.543587699719924
0.35096390976981	0.604674284585229
0.344535428610422	0.555820352460892
0.0210492732952899	0.0254457478843298
0.0680368545843744	0.0791234231737826
0.831356475173082	1.55427153887822
0.169661993097583	0.207643234935568
-0.320071158555504	0.54482233590265
0.0267094952248481	0.0321961567731919
0.0820503637141827	0.118899423257193
-0.390220738639841	0.691447550869281
0.263521123887711	0.580174459484227
-0.409813527311607	1.04521316971246
-0.539281389457265	1.44271673013197
0.398974495253514	0.775564077909039
0.321622585471531	0.621440634936969
-0.139881138569729	0.187467920928765
-0.0393790545129549	0.0413617934737159
0.245099076555043	0.423545119689429
-0.17693694049568	0.272738663598532
0.336217676840892	0.598327316868745
-0.171237946486264	0.221855706518747
0.350132040775728	0.413489538809451
0.0814163549947186	0.0912124079093965
-0.426274089982414	0.559442509429601
-0.600878129125955	1.07453724596124
0.141955303022551	0.154992069035624
0.00525740934257676	0.0046541643906653
0.417619683051677	0.626570339848699
-0.126824561299406	0.128848746248254
0.196963684575574	0.213883184557311
0.115802682527349	0.148112069752552
0.165060426871646	0.228767905808361
0.233093429114203	0.410076200426738
0.00069874237939439	0.000701416596565536
0.0380383138672899	0.0425388579375773
0.291317702919109	0.492958158265584
-0.293206236173625	0.446094084108121
0.175537747778878	0.220306112626712
0.588963136995647	1.00985027606407
0.356664986140003	0.509839725366384
-0.0481848206593501	0.0480417549445099
-0.0529742166963817	0.0497237806237881
0.382175722897478	0.492204751404878
-0.0693013337956214	0.076893844453785
-0.418529773352794	1.03909487116603
-0.256478312057747	0.387381977327325
0.00891611883605187	0.00773980089185496
-0.0189149121646401	0.0184085708594417
-0.641359584184368	0.907567143867972
0.414336255135035	0.551920309113584
0.396066921487811	0.506214697027042
0.239795620445014	0.305665931048266
0.515843621513146	0.682978528737401
-0.0924461129150349	0.0892948839961787
0.143075847288815	0.146190870837453
0.328522455566863	0.414849145217823
-0.258585430105339	0.30927193364113
-0.597328179436009	1.27551969662105
0.853834074111461	1.94624106751361
0.133523533721532	0.150449047018261
0.575167650168201	1.06395766503251
0.142761155991086	0.156310551948764
0.679017934785703	1.06837450900419
0.0587894396035165	0.066744447572654
0.359968651029326	0.667773603756507
0.19092335752804	0.324712971972033
0.23027847456808	0.324379290785774
-0.00136557659886966	0.00204369038844442
-0.238388779428881	0.431548038387816
-0.31863462522793	0.654758099407437
0.132591252441684	0.188434896946627
0.31728184315276	0.485798984069945
-0.351187782136021	0.510254269218377
0.345079314200794	0.414860367774729
0.395084759115448	0.812562510569851
0.155804352779673	0.24567044382928
0.231972207292439	0.352291808101801
0.200617259147862	0.230013174978332
0.412662689606221	0.573681328522505
0.240547597930697	0.294412460301736
0.432961187645009	0.56451211764025
-0.423705297305437	0.537825103250234
0.689759187948801	1.23580934466334
0.506517719772205	0.756633927431341
-0.304911309123397	0.378263727296269
-0.0592817680326787	0.0607031383638925
0.546924651024384	0.76883093459964
0.368016191002026	0.564907877178245
0.211933814876583	0.276547592082864
0.0423252288868523	0.0519476644483402
0.0047578072299502	0.00448269042248064
-0.112907127624576	0.135649283144292
-0.158105841781609	0.223715886714678
-0.126631471901003	0.160375039550462
0.0705729571116716	0.0767380173766993
0.202381957175552	0.229351411480973
0.103647224142427	0.110614971806927
-0.298638503167587	0.324416409360095
0.14647324745162	0.162478450132812
0.21810877635734	0.263504764423587
-0.517736574253373	0.904981364849787
-0.227446833203557	0.426326548929934
0.194670117161383	0.250950394131114
-0.484187886914155	0.820506447771869
-0.305764355846193	0.437701008429168
-0.619508628012621	0.747943336975313
0.261811040206481	0.26407323646565
0.834656397835513	1.28642058007015
0.460007715703468	0.61895920610493
0.0842435980969405	0.0860712668355653
-0.83436165775439	1.42474789792826
0.0394838060847255	0.0433390676284177
-0.14958894096606	0.180494275847592
0.315295827223064	0.434713027445452
0.289460403146732	0.419721324134441
0.764134441966142	1.46277514242503
-0.00854118234557346	0.00753433662570335
0.600569930952518	1.21090610002481
-0.0856299006024603	0.105120776838046
-0.382894561760798	0.60936199602452
-0.416391096595958	0.917354531421667
-0.0398323817887257	0.0387494071599562
0.075544954172596	0.110578513106482
-0.0538464234105955	0.0944010960793042
-0.122159536021724	0.245468068645452
-0.0360426433478595	0.0588883502308946
-0.217618611061455	0.319656158803857
-0.00945011846292568	0.00900813604419312
-0.714807547751613	1.36984026648367
-0.4840395822168	0.629022530539672
0.1534554138724	0.233858085154827
0.184767222520042	0.366838545283987
0.14012522451138	0.2045630859021
0.0942969345395156	0.0921945765609564
0.379701588491467	0.40767611990286
0.356449101926033	0.416396238304024
0.758170890517641	1.08360081687888
0.438969751013809	0.483383243628741
0.192372033343003	0.203029337312536
-0.200328488267212	0.139998617120288
-0.444596439836797	0.460005359519003
0.59773824235081	0.744554611814524
0.202295020758509	0.160702148819471
-0.0749341356380026	0.0769044106197431
0.111518708695325	0.131265515389482
-0.290541320004315	0.515621003331861
0.440977620849857	0.515378376568719
-0.336828889150507	0.513203479824268
-0.252358528298697	0.406102767526705
0.192421502022984	0.305634735144751
-0.257481298737742	0.362837407592142
-0.4791537455367	1.03696801218517
-0.318791413716911	0.527812223313394
-0.181032397805934	0.225572350719792
-0.19514704130328	0.210572188503034
-0.274685426517083	0.388919605863527
0.0632132269994527	0.0779833813884722
0.0246242713280735	0.0414243419646133
-0.489693289515252	1.17649371269345
-0.65372231892835	1.61011919532573
0.0622308583623624	0.0634651237916195
-0.781260473334558	1.35156420367177
0.155546321056498	0.181140368119662
0.0500532206337624	0.0519711284739729
-0.0247319876384599	0.0181531210335888
0.0608615681158199	0.0319388064566483
0.000542814126731571	0.000657010555796392
0.0868100193463763	0.111578881621424
-0.0438478171200068	0.0503013562879139
-0.0954862238114704	0.136913278970879
-0.163293690420879	0.200167570185658
-0.753721910926236	1.0255039409581
-0.0709684292991291	0.0703437792169636
0.359641789427218	0.402317605970923
0.627087968317789	0.806738515500556
0.647334738556113	0.746873043835538
0.147647793754632	0.18122177875775
0.204027876020204	0.233600855677772
-0.173595912129624	0.344488276267398
0.0778014769700836	0.100115592697199
0.217168508867344	0.465983714497416
-0.398891692984353	1.00065000601349
-0.0775088102653176	0.134319925971
-0.163541617243397	0.219917969988709
-0.505136241680786	0.823190071361438
-0.0447789738025862	0.0470697191668999
-0.0439373921188012	0.0415259935571006
0.660656757690723	1.88053971588606
0.00783094201845969	0.0104616190823674
0.243214097898463	0.401061613647704
0.135274708859614	0.136191659838492
0.0366319896730843	0.0275093679175081
0.697881288157177	0.9325403641578
0.00268368433932726	0.00201027892228986
0.686887086085342	0.931585760998761
0.370948736862698	0.473916231316761
0.754760323350413	0.883372338996869
0.88691366459973	1.17101137829928
0.701199044836293	0.929430820706062
-0.33888007259492	0.259758206290338
-0.549613203206705	0.833957768901976
0.230477944812137	0.287782188256312
-0.105590190876578	0.14095093988419
-1.31727383331529	1.95984520174048
0.383848419813331	0.637441357619924
0.23389809865723	0.330938862262059
-0.232084113523204	0.330236683929239
0.652215410868258	1.02823257367603
-0.0218867253280882	0.0275330136723428
0.0229858792081289	0.0254371048042486
-0.478469052698334	0.76359452519369
0.229431891408805	0.265525066884283
0.00361227004679298	0.00355478233585054
0.548681900850927	1.04990841575903
-0.0214504601234927	0.0287147023532931
0.220632550090536	0.336358088709678
-0.543923287982996	0.792468637980641
-0.108060062393536	0.0939848642529455
0.196365266939795	0.212269335304699
0.0376617928460217	0.0408335293563624
0.325511241425982	0.328318649448183
0.52539265373777	0.270941942264214
0.148846411970335	0.168257025509991
-0.0496741936195843	0.0550496781758059
0.328035358140471	0.588679596900245
0.505223136164459	0.512501744126468
0.366048369372197	0.424177146722335
0.778513956482084	1.31858307262629
0.351417240978425	0.479091935196188
-0.777609023714727	1.52363185358009
-0.291126442904288	0.405233798063245
-0.437732036283316	0.893168640197123
-0.00527002701767744	0.00517486517271037
0.131156114814779	0.12205656563168
-0.186916445194774	0.202052458632271
-0.175561772425038	0.144978239594152
-0.567027231841389	0.564215838986314
0.130491539674816	0.11835563183904
0.246751086168549	0.261517918269302
-0.0348258017024051	0.0335136909951139
-0.239204875044941	0.46946640754655
-0.0946792866043713	0.119374781576472
0.106392357924185	0.203284798236626
-0.116549954595703	0.210273833270794
-0.0384882774356207	0.0623823252860761
0.28960050855916	0.466557997423609
-0.382256186293852	0.700229970955227
0.260834959868212	0.362531948192169
-0.0921899355814692	0.0969480127854029
0.47374275806417	1.00030407475647
0.417865970839043	0.96102629329773
0.528266837314596	1.01908660602009
-0.357516024784511	0.453015900319659
0.256597249698744	0.28929935446776
0.300498043212103	0.388269816913017
-0.202543265591075	0.217389634584524
0.4737880737911	0.685812568526901
-0.140161905237573	0.130378917042779
-0.0426929955968564	0.0352198095261469
0.434222596165661	0.493074709099104
0.148969433048083	0.149593216980126
-0.415605902367243	0.436354922304333
-0.24995576081688	0.356447149749335
0.621799760296266	1.05113299094618
-0.169358066240094	0.252396617358453
-0.533468810582951	0.607219631982348
0.188252703759145	0.238551812059075
0.0265429120358166	0.0299184263130875
0.222093063965774	0.290706015963711
0.110211147521532	0.135163234319969
0.274918379862488	0.399113564242648
0.19539441452988	0.247136673642061
0.535722819846242	0.928533154267641
0.476202497315505	0.5970717094372
0.276730013943657	0.384091447908495
0.0375390317168414	0.0344448922576086
0.352551316482681	0.432218815437256
0.102674927762099	0.10365672093491
0.692121138157024	0.842961314271457
-0.0575573146261387	0.0328576964498899
-0.483795635840861	0.664724998627141
-0.0537016978859996	0.0598508185718192
0.119625657847086	0.168690065075246
0.237940553053154	0.254504333819297
-0.142170792497473	0.135307712056799
-0.0059050147401672	0.00518972798318434
-0.181354839820755	0.204507897845957
0.468400440190776	0.793440040872218
0.436181088847693	0.588806251407929
0.0548916316170249	0.0687254004854506
0.33863348072652	0.490633811296114
-0.300941453150503	0.395830407655978
-0.051820192195571	0.0493090806221466
-0.0790228008128885	0.0822945923493301
0.0464843699945275	0.0421870163736877
0.829906570079113	1.22229939274472
-0.587618145551248	0.979894937659319
-0.0652532090949712	0.076415600519292
0.267201124385121	0.524684735424375
-0.318612240143095	0.56024602574512
0.125091884947326	0.207292324656717
0.185987821591183	0.273935586231602
0.352260487328508	0.722190098076881
0.355983685375384	0.702144560868524
-0.19494772722971	0.331919412841668
-0.25170896984154	0.40163460690213
-0.321479676366435	0.480955208623706
0.418589697954994	0.825504419074468
-0.295677053859933	0.500651276385701
-0.32076393137763	0.548221261234246
0.407819444180956	0.731756636273702
-0.191475670822136	0.234052624917334
0.298871486752375	0.504038711318436
-0.346288118124292	0.457236290533038
-0.0892958897772111	0.0962705964772018
0.0852017773885373	0.101762074931682
0.5947682050523	1.07313715381979
-0.027017696173806	0.0290146079730818
0.400940108185785	0.685259179290502
0.237776534112556	0.312811836518724
0.0843188963593029	0.100529725207608
-0.0380008195727536	0.0400073855537142
-0.151524544787576	0.204612330080937
0.331189279445989	0.476927134343572
-0.292957377004144	0.39847611894439
0.491043071547893	0.846553484116057
0.702654325270879	1.32408857633096
-0.0171231837067691	0.016830623596408
0.674302217825483	0.675493178278163
0.0122352457669981	0.0106365953538167
-0.416517874208515	0.373629512466628
-0.0518730135885224	0.0457817485051952
0.210739272346083	0.14692341073906
0.0588545382852553	0.0291739755735997
0.196210424488912	0.183105276022867
0.10144719922078	0.09732050662535
0.110152159290746	0.110938316402416
0.277569659900622	0.333373128529023
-0.128711096100583	0.110712757366036
-0.113234139057177	0.116533218404257
0.349098439896565	0.32868169276595
0.284090070352102	0.310496220386686
-0.0930706025472708	0.0825000754922587
-0.00894416368066756	0.00778777618882322
-0.464810883210971	0.731232612925058
-0.659133381056385	1.17164123043741
0.249273800481258	0.295220873872866
0.708522983038711	1.25900641234298
0.281080987278027	0.380654748491779
-0.329568895520257	0.499837354792459
0.181455070942373	0.241348623703094
0.201843659862168	0.283724687432237
-0.342457405744457	0.59118251735388
-0.158146649924389	0.193422678903962
0.053008014907689	0.0612436122854512
0.534911147203652	1.07069740894666
0.0656191760367097	0.0772881069445278
-0.0660316682121668	0.0921460055421609
-0.382358466715317	0.758690114043964
-0.327785140714857	0.664015097430889
0.0871453981847544	0.120905377112334
0.00337214760076988	0.00399349095752902
-0.431220224206794	0.833167165383299
0.238163344919832	0.375287052064866
0.101005994226167	0.144882999132949
0.0229287664899539	0.0284224342669264
0.352976276261672	0.696877624273991
-0.27720501288096	0.484404587409082
-0.0994624522656508	0.142318121997261
0.44347104090016	0.921965030633734
0.210866063725537	0.30523185762197
0.246109279520047	0.382068674195877
-0.304767036379022	0.534255873801519
-0.370678816872024	0.604511766721855
0.10294201492011	0.133704348770793
-0.445643692359795	0.819176193925377
-0.44170576390738	0.806610037466265
0.559145841129044	1.21546659554851
0.241118560231316	0.337364586555504
-0.276736903895014	0.328199319223974
0.627279475471531	0.809728511746881
-0.00155666425399595	0.00160218142389532
0.508015084113461	0.579967492284524
0.582059820751005	0.714827873834729
0.315599936925466	0.303574287909604
-0.523545618278965	0.53418804269318
0.51219599188842	0.446126513006732
-0.623464169665424	0.38040147466331
-0.173599672175962	0.108341531368524
0.607116254064547	0.196239636588593
0.121171156607333	0.0850987033401905
0.296066016630825	0.241667727227205
0.52119554831681	0.602096197751553
0.395548892463371	0.54092403001674
-0.196026050238736	0.241603068449189
0.443082093353506	0.575633049952604
0.568786298045684	0.477330683446783
-0.0600248383816375	0.04217769430118
0.617461579512759	0.645372882237524
0.187890370815675	0.185195350359333
-0.410130247396142	0.706356442166042
-0.0625326912223388	0.0784927931363372
-0.143370682886463	0.20606586840156
-0.0300698217589281	0.0371504061363913
-0.171385294876306	0.230447608848072
0.131481026772781	0.19450480130602
0.0921955138855383	0.114886223705302
-0.343738610983995	0.585714273440185
-0.260617996588555	0.37090362397254
-0.379203002850045	0.530378531141466
-0.0499567428366744	0.0499896246595163
-0.49608478935878	0.680406839073119
0.292819648719555	0.417617835509274
0.338697040467228	0.585482334711119
-0.174571873703603	0.290874576665685
0.329651549762792	0.635394441802188
-0.190199878781153	0.321820442618774
0.0786147470696125	0.11426583174184
0.0693600618349837	0.0780646685169375
0.362606415411496	0.672564963034312
0.344760665332518	0.663489257403731
0.552157492992407	1.24347438010003
0.572925051865015	1.44883430314056
0.240283284941983	0.43018418017712
0.451704508260546	1.0311917668696
0.221622089259514	0.370522432726229
-0.0290654968171475	0.0369096216825896
0.163451619843533	0.261451054435545
0.228311296047473	0.352882534956135
0.34527500124594	0.602609145443468
0.641856121193491	1.49051736034325
0.338701890096115	0.610487428030053
-0.175858990095681	0.211345153326916
-0.618358044965704	1.1286669139779
-0.212633560295306	0.27481241604715
-0.0932593946504519	0.0836150918361818
0.301268655664511	0.319916892685495
0.483277798996566	0.348620165909846
0.622058562947537	0.566262428208781
-0.67158111779315	0.706293991328759
-0.0730331653420456	0.0495463839293482
-0.524835266405212	0.409059646648741
-0.374354887871131	0.241293666072578
-0.275118636073035	0.187428450969463
0.376533561540617	0.154986833026645
-0.481524878144168	0.277972685329506
-0.493639884796204	0.34699704097779
0.354564338741496	0.33935141320408
-0.690283165333506	1.00180208907394
-0.566809947300664	0.716954520084203
-0.724033533879925	0.986389780780007
-0.246324782603354	0.143382676889709
-0.278431292225178	0.187823811354031
-0.485957824378658	0.345458015511498
0.107174601116783	0.0731985690571573
0.00732232524999053	0.00697768736518374
0.156332645795069	0.221682613339715
-0.00439521661997376	0.00582393393818217
0.0839659565945786	0.10506030806826
-0.478274725291613	0.887939571910868
0.286813403166973	0.442195635291635
-0.0326844348732083	0.0387956786365229
-0.324302082907998	0.505520835654277
-0.256908421951502	0.315808870943245
-0.971930230946288	1.56400650437818
0.709654320494948	1.44957158657796
0.797307785026214	1.28530698096706
0.111872937049909	0.127353044554685
-0.0428347748978139	0.0575997971972321
0.269877617335612	0.500282614961096
0.180114655829637	0.303970120327051
-0.473943054973371	1.18635318239772
0.0850330524543207	0.128326417730383
0.372640872121625	0.576808010876998
0.310213510641125	0.542360711594161
0.15090638597391	0.257401505944608
0.116597489286113	0.161634070361738
0.0492456594817032	0.0706175733057409
-0.000465989528211938	0.000648832876866475
0.692119555627305	2.02583752695046
-0.122732008358141	0.177572526483647
0.0407607763535929	0.052879160297967
0.0647896519549614	0.0895478475384928
0.144703829725225	0.217624855752007
0.0275155975287303	0.0358350762382138
0.634643825963074	1.43417628926881
0.258540617658471	0.407150085940711
0.23812448740072	0.275553450174217
-0.208156237850847	0.314059622625516
0.286051545050492	0.376631664563106
0.0555549939905252	0.0450077748757359
0.760504087768503	0.631169903890653
0.08257813123079	0.0468094234906144
-0.493649791419096	0.420619063157529
-0.160668644864882	0.119697782128349
-0.477423807961152	0.264997331058763
0.381669416686944	0.238436916155602
0.517016002980042	0.363408506046686
0.102238045727751	0.0296055551248283
-0.2255906575786	0.0847572330987582
0.353516737093945	0.23658879500785
0.696875966754493	0.845640615981605
-0.138849704835808	0.131045236010125
-0.208187324503528	0.195713983947075
-0.0181738214413659	0.0106805302676857
1.44716071380681	1.18163633416928
-0.124427804260005	0.0607505853670756
0.062443290022397	0.0288646536073173
0.85428272145765	0.870469007392392
-0.601176537149987	1.15387614959885
-0.224939659770755	0.341401925012635
0.263377992708338	0.506074935520538
0.512848273484769	1.22081661088824
-0.212836976136987	0.367894078614201
0.266278481967022	0.429050180422909
0.232055506712022	0.357916519193458
0.0723299249973026	0.0811378219362911
0.328325306883948	0.4345538158208
0.0777734667829036	0.0714231090342556
0.296864439295669	0.37845843930007
0.350845848059315	0.427116821132126
0.642164609075557	0.98175142025523
-0.471809171453168	0.891800567049471
0.289190947147615	0.570449124743586
0.0267416539553198	0.0370972953645553
-0.288985955143796	0.575951157750339
-0.139186105867148	0.195027640571012
0.153596708318008	0.189599251486055
-0.135695765348803	0.19897409493258
-0.187109728629999	0.355100121512415
-0.142522350241727	0.223575529729683
-0.0623609515319686	0.0949053759015896
0.456281624019029	1.00164731350175
0.0741448691528224	0.116479615569618
-0.0373504090122838	0.0528011769856878
0.0788547742066854	0.107578057541312
0.145219743123062	0.216526082586997
0.196455078940152	0.352037054236675
0.0479217712673153	0.0618540621399568
0.0643621164435151	0.0842785880314981
-0.36919572046434	0.639805600177509
0.350676764863763	0.498984801611277
-0.461296314369286	0.921009922997022
-0.443962981043026	0.697574197386091
0.196103649450866	0.182629789005459
0.826879819539325	0.44857471131381
-0.377777258964675	0.184526396990875
0.410344869271901	0.240792932955397
1.32087083338394	1.4643540678552
0.430612124571225	0.342835948452543
-0.840318378692081	0.389980967897203
0.465945494005167	0.171994917424054
-0.566675743297316	0.307495432774583
-0.68674983873774	0.172168395437891
-0.49571882409188	0.289303246592898
0.248376482328622	0.129073749350339
0.811337950400168	0.753486239951164
0.441123875349808	0.489887091215065
-0.286793798888543	0.249855783098983
-0.156584041053955	0.11567669645759
-1.31362039700432	0.995193777037237
1.26742116043092	1.09263448536504
-0.636014729142195	0.421449597294675
0.72111717322841	0.70734096741837
0.0898385285255059	0.105630237227824
0.342112953178419	0.693005790252446
0.0270983093404409	0.0347430538156626
-0.0339204398968069	0.0466444043098521
-0.324552201104478	0.63678625900628
-0.193805426313035	0.305335554023991
-0.322685221003341	0.50468546566341
0.38942776010929	0.710225467305171
-0.452055673076643	0.532287248531088
-0.536524399236169	0.61731983018562
0.603800119311814	1.27912347354776
0.469746041898062	0.590343834505769
0.0422562447141234	0.0476845797426564
0.32946405868152	0.74586657200499
0.199010568854169	0.394168389113517
-0.0123027425284692	0.0179592405310482
-0.322387222982098	0.738730333994994
0.327362398028805	0.678731400092279
0.235532740362853	0.380014731233728
0.182585607981279	0.290322535975811
-0.04537836287407	0.0748985096377288
0.17889447452956	0.328025874690572
0.299304614168089	0.6801675865363
-0.283266068605103	0.632160232975063
0.40229332394495	1.00571919841113
0.179669798626429	0.334965949218351
-0.279819237670339	0.488356392604104
0.0797488352107607	0.124902146285759
-0.29218386251598	0.597290758306677
0.207961564817343	0.366358873874147
0.23249139951374	0.427799147590183
0.142366581050579	0.187763365013774
0.127656358423069	0.153239858369317
0.0628632225637259	0.0899528781364095
0.386024338478494	0.713898854795774
0.253233086372735	0.264830509390422
0.710393591121568	0.414198790753082
0.279309621587524	0.225717143917426
1.14533145586882	0.891020612959182
0.252393918174191	0.132570239835009
-0.00446091166307929	0.00284919685799653
-0.0882797096778783	0.0595092020636325
0.0620912868017352	0.0326877242372198
-0.856048010065327	0.481383323055222
-1.03081344200844	0.663674033590156
-0.220547738493538	0.0834103983547806
0.41796608471563	0.24887710200453
0.338175292428122	0.233688951234955
0.928746017155319	1.1998008633471
0.247668327348945	0.278858388883909
-0.293656599630574	0.340889394841852
0.0591996700848582	0.0451992156326134
-0.673214957901767	0.336925772575569
-0.414580497602214	0.333503898493639
-1.00054921136073	0.838930525345494
0.603161804949568	0.478876847636045
-0.247701760255202	0.384653677595767
-0.112723077104259	0.176925361882576
-0.450044888594046	1.04140913886439
0.0453566229306278	0.0662289408863803
-0.00957335319990917	0.0130970912789785
0.261421858114492	0.476276661393061
0.42978831880283	0.831133910816098
0.0643959642194211	0.0788936977059912
0.0691775721028712	0.0590709393097314
0.546925305588336	0.676335858669771
0.366631652472008	0.671705094595598
0.396499285936874	0.681631204038005
-0.0349657935432305	0.0440632159861283
-0.0560370004291614	0.0881252880603386
0.0866710187048567	0.165490250480788
-0.148006656775293	0.303352881977941
0.261985552736086	0.639061716793506
0.0688319091604721	0.11861970172145
0.30458360966857	0.565153049685831
-0.0196207877400404	0.0263368542918292
-0.0323728610161106	0.0540505679565555
0.161015329989221	0.332136515728362
0.366493543619262	0.960849126271948
0.1566149364655	0.299820119815459
0.571070749414079	1.867674560505
0.192520399923423	0.42155951958125
-0.346868205717915	0.735081935935708
0.0492133511708699	0.0773471057322937
0.939768952792983	3.58683776578456
0.203841468383941	0.355917668690477
-0.277134836420162	0.559072116809838
-0.20839369120764	0.317980307394244
0.184532464286516	0.265024780146193
0.060300129577351	0.093315263427883
0.189437156051409	0.280800788476203
-0.484828969375215	0.689637697712203
0.2398473251684	0.271815955028539
0.184464972344046	0.23998571894724
0.993304353680621	0.492889517542862
0.438015290145187	0.503310851866127
0.431843187939021	0.429728471770512
0.0703429546870375	0.036991627639191
0.521112372541141	0.526169234442993
-0.0602968877416711	0.0421151822372058
-0.461837921186233	0.363915694606398
-0.276230305564655	0.183668697867406
0.310921031868662	0.24621823028017
0.60842208332039	0.193782715895591
-0.0946662746565569	0.0484334723636499
0.213798548256537	0.1339100555685
-0.0364070018399783	0.0259373526758873
0.242506919810271	0.294562488302799
-0.0829747677840291	0.087130860924331
0.37175060312728	0.415413960679911
-0.04023445248505	0.0235293761375173
1.00454272365525	1.03839501896876
0.534274112946246	0.458570007295607
-0.421608049946962	0.473811001090786
0.451233733097504	0.843887827828905
-0.28464450872776	0.5675155096941
0.233732689396626	0.497262696620943
-0.118426834255956	0.213094764781757
0.238157263271302	0.456892315601054
0.232071831749688	0.43002757914668
0.133240101127605	0.203895000092331
-0.256710852734947	0.435950365121652
0.0114879372863535	0.0110931959507815
-0.428830599036607	0.598351474832541
0.57184239169506	1.16325081843265
0.127022904781456	0.136462238662022
0.835216347070481	2.37555248330383
0.049076318950064	0.078648035842424
0.171904316924367	0.390191737855594
0.121604397604683	0.233715387913
0.395590819057626	1.12133370969126
0.12723533418857	0.249534003297791
0.0621577110027744	0.0896173562090882
-0.0668212324275992	0.102126639445508
0.32677001903223	0.834634619584058
-0.266907175977712	0.566897371011065
-0.147196522969619	0.290011485775047
0.149457050813916	0.284649506064919
0.262639540355881	0.573969949676367
0.0263720783059732	0.0402573645828277
0.125616958318726	0.210134368954352
0.166518421953909	0.32705345538892
0.0605746590469749	0.095025431075329
0.257626691205875	0.446873077406757
0.0376918583084567	0.0509655231048118
0.118267081295529	0.154573021328236
0.187156325026439	0.253462500027219
0.151350992937813	0.190199761667748
-0.301561139828476	0.371673105354714
0.270873959300134	0.264971107517208
-0.246590610602195	0.284996737610676
0.0742341859128991	0.0361894722684606
-0.770031306371963	0.548248499538963
0.411035992624141	0.242847969455987
-0.294266593942982	0.256146700152719
-0.287780352152501	0.195664364592238
0.512412134779976	0.457753268800273
1.49516281191504	1.46163765234849
0.590445409702399	0.469845050048338
0.509432180307908	0.443301628171017
0.308962966729163	0.229320492991635
-0.372583425725081	0.239924851210149
0.75090723359023	0.324369808451665
0.457224693092373	0.254162679767152
-0.289106604714942	0.0984696853611077
2.3294873166818	1.91328472277905
-0.109369963678201	0.053609991537974
-0.764803524186752	0.939427296079644
0.46977848266696	0.796321371864072
-0.539901252179816	0.727326526066328
-0.510981743944787	0.557684190764798
0.50952036416338	0.354296002854305
0.00905962108007781	0.00550014080620842
0.597933830775818	0.47451038664784
-1.14924287375678	1.40176567388781
0.53289083393023	0.985493152684528
-0.134941048269616	0.215082021120747
-0.459065663055334	1.16290586585608
0.216624361691519	0.386551480063324
0.266878053038245	0.50192045808768
0.00427925265025247	0.00607247280448292
0.096089844395441	0.140899293476884
0.157922765319544	0.232378736054819
0.147092610802236	0.165628308625493
0.759219936019222	1.20766372446615
0.212406984815158	0.362651398812906
0.700747919724399	1.57852778607896
0.391523208851055	0.759385822486124
0.261727290347802	0.604884580327815
0.250912457030253	0.745900897180747
0.215309927981223	0.550779427218736
0.361599712805313	1.11622476154358
0.351115691959408	0.908635278066087
0.235831617180322	0.403220651254865
0.0278431767292967	0.0432284628511347
0.0722611227253559	0.145809031935986
0.211082977457558	0.489447089682925
0.217592111433465	0.517203827071729
0.235610329479553	0.509971753325382
0.427319866136796	1.27557107410685
0.0567789298868173	0.10224135164974
-0.119094478153748	0.205327674998292
0.507092750732018	1.51132129238258
0.367643588377417	0.933537447778657
1.42864465117123	3.66319570557387
0.246346941425967	0.28170126435658
0.374488470071694	0.154613237400397
0.0752205230222782	0.0292056520429816
0.715026141836837	0.622816726987465
0.539496131473443	0.468315662068416
0.00396570243126467	0.00243624988645538
0.389789063141888	0.322495853863035
0.223517849981141	0.124432581925484
-1.03667068520784	0.648551729711173
-1.02706503742772	0.622745330005713
0.98499055954945	0.465789014372658
0.0775199208466366	0.0322811661766677
0.818932714598097	0.649475291947412
-0.199258281357477	0.180797549594513
-0.290935753159879	0.356053506306894
-0.228990767437826	0.23895409397896
0.24147204015721	0.234385780759258
-0.686805525741927	0.495573422565464
1.35150530621518	1.3768671368805
-1.28280344486471	1.3073174492995
-0.141007195340875	0.10753035055713
-0.516919896109369	0.925956422053934
-0.287690269315005	0.668689834797191
0.165863365833523	0.310908623555728
0.412719008204433	1.06065225208444
0.22614581915784	0.460692587945291
0.0399513095193309	0.0577607425785584
0.415381188617135	0.880832770354051
-0.029459869376726	0.0364839323668495
-0.0101589473916873	0.0101192724160679
0.560925996390719	0.788648511068718
0.573828762269543	1.37288970934945
0.870918380812564	2.17808479660267
0.166284224375777	0.245505150685621
0.141487894088089	0.261768560957672
0.198745882573243	0.518485946673022
0.480895135688597	1.82125404375795
0.320832205870547	0.951153827095902
0.0224733178909111	0.0372213917064189
0.0554616768352406	0.069768461851438
-0.170795789025659	0.276702609498597
-0.219685996187604	0.570320055834582
-0.0325949184693284	0.0558257234284636
0.471977797090868	1.51026600233941
0.551821216956096	1.84629969858245
0.276498528647341	0.646854488649253
0.419774947878384	1.3589932163399
0.215903508974044	0.427430724930455
0.317244109663367	0.240143694565836
1.04065809544899	0.968741726847844
0.774366148802513	0.516750585053136
-0.37483247836248	0.172788373359322
-1.01589356701119	0.75782435309675
1.39708678938036	0.46845938914715
-0.493050622395369	0.278567404392209
-0.59379063568841	0.450231841296682
1.03442128232547	0.951049343229556
-0.578658004335829	0.774229785661603
-0.61088042017678	0.733595422269768
-0.293526379514624	0.265816159879366
0.867034942550501	0.559712767085552
-0.484358543133522	0.284482789344424
0.372699982295282	0.22921755085357
-0.994170128092723	0.829607280385946
0.688962370665486	1.60683237351938
0.127229708885759	0.21507584354733
0.128911402056955	0.230551396757845
0.0102767454178957	0.0150041655806902
-0.332143594222455	0.738791873896862
0.185546035870118	0.316784379945026
0.311025761141048	0.560442830999324
-0.232007376886624	0.358042136702816
0.0773033524943609	0.0660749338078539
0.00330252626147872	0.00283210666394949
1.09459310792	3.97367091487392
1.58557000542863	6.1640341805093
0.245195096483857	0.434252106791086
0.44782641808695	1.52480884013444
0.700863069497745	3.94351178161611
0.190354526555291	0.55286128409253
0.282349285858845	0.956447913446932
0.126595041326835	0.302821095466744
0.235314973989407	0.465441615780684
0.301259954701495	0.727438536739047
-0.148590494968724	0.347973450695954
0.0409507891913119	0.0779833295136058
0.101406399288705	0.23088260971761
0.198465245381042	0.475282285863294
0.390234168585181	1.24126498270627
0.24294798211158	0.620401786977359
0.420926259936982	1.30137326529266
0.776186173462593	2.32393595696131
1.10849793744951	2.46321595960146
0.281898313742094	0.344056693734836
0.429043993753221	0.637271829297382
1.0014718156799	0.49385247014533
0.756399893914215	0.328464935336307
0.11172254818009	0.0770661157792105
0.47127650461269	0.261709747023394
0.703132281810807	0.392202942994717
0.0960175551979991	0.0286023003858242
0.467679313569253	0.25838252999555
-0.0519573250493886	0.0295264663829084
-0.730713600282733	0.757558547972022
0.0764012291069144	0.0789372927442326
0.549567162848742	0.848417506080498
-0.216493468721803	0.196714347447525
-0.646862850537367	0.413949507352932
-0.245759082595089	0.142262400923103
0.0717027165909991	0.0397645188480819
0.279405114551296	0.262806041208809
0.127489676136772	0.192366328339651
-0.277521432959547	0.636696254358196
0.225766375186337	0.514195652787472
-0.228855222086142	0.511743013487976
0.151997248749331	0.301963417553779
-0.0847556142569784	0.141739034521169
0.00369887589781896	0.00504494157924975
0.307969725127455	0.571300112792783
0.0615452110238833	0.0607371539248292
-0.199869909252951	0.225252501100465
0.502482456581345	2.13909273140726
0.281220725003422	0.707810009044358
0.420535202657212	1.38473683004096
0.302569547318831	1.18045614341965
0.37421630283364	1.73542646485505
0.196080182925965	0.634236844594068
0.261812187019584	0.90275738872237
0.049584508535507	0.136138209929775
0.293149491826262	1.01671043573513
0.1387691255423	0.376259049252723
0.0376806821579099	0.0756486155057406
-0.123680916204349	0.257536600335392
0.358613356592258	1.05748368053424
0.349410130949945	0.954814828659506
-0.14519563286328	0.303158405298517
0.326421765072252	0.922510943617083
-0.0200039043142302	0.0300909506416326
0.0655274900396584	0.113345472786566
0.0878577756344089	0.155820840702252
0.301682433586469	0.67375871848158
0.33873143915294	0.734609042191961
-0.144937285961686	0.187718119067956
0.396051543041765	0.845663791944811
-0.312317674626822	0.316046606862687
0.277053701303535	0.241096732913634
0.57064322235301	0.874572606709167
0.417396928568695	0.483648217445211
-0.00751849119515365	0.00667624632222474
0.308814265791722	0.247515637663381
0.0329462849593119	0.0231453385288902
0.0155624596613762	0.0131387825998705
1.30697631633167	2.28890842283989
0.20192255311114	0.17886539702809
0.431334027798713	0.340705089856488
0.978688316333714	1.01651086599219
0.0894445587594147	0.0269958119254532
0.12094902096788	0.0892212165392407
0.0503900673654306	0.0358286697706745
0.177166955025581	0.214058095399287
0.290716406634966	0.476701263996903
0.113962652199428	0.120654429053773
0.262034367925632	0.245988012803904
-0.304942379677186	0.235905985007129
0.234678697298288	0.247945964387971
-0.527367688790487	1.11498544078765
0.0274935366933038	0.0413694259437841
-0.165609850117226	0.297482594093525
-0.292188302061601	0.598012128687724
0.212087739952151	0.423113494471945
0.168558815701496	0.30820864560671
-0.285206694168865	0.598009118294842
0.292361119564454	0.691668121353332
-0.181236248120369	0.352839936340902
-0.171139903142591	0.291172064866817
-0.00353171074763533	0.00396272869549123
0.269020283312761	1.41771166236519
0.157055914003095	0.561558515997697
0.167921402154918	0.507773072406787
0.383459419423868	1.43019463177311
0.173081759308087	0.388500598179858
0.388482320283131	1.35156499372347
0.343036864586238	0.947425084769639
0.0367545634077212	0.0631503714937396
0.153972210908075	0.330300039244629
-0.0470207929176767	0.0776590135262175
0.143043960881628	0.273279041688558
0.357206278361629	0.906973139391612
0.0499790694308135	0.0896100047775143
0.261394856173865	0.577771267230883
0.0543684855855126	0.0817317624342713
-0.563136957190992	1.39113248233725
-0.716722935638517	1.14872519398792
0.364824348926868	0.460170413184692
0.431133654131018	0.564511122425868
0.249304385132406	0.321217087524392
0.158915575612229	0.195516606779184
-0.126355613854872	0.133277919609482
-0.0735167574771215	0.0651640194862436
0.190597058611194	0.199327754491312
-0.307178286627461	0.329439746231279
0.464928103931969	0.518661674605804
0.38832185625676	0.41670021650306
0.377295162505889	0.154195425356161
0.101295820079341	0.131038025369068
0.501889894427815	0.743503888517918
-0.00493968930302045	0.00485990763489301
0.284845503487867	0.348364031719794
-0.157040754099062	0.234475384666867
0.00252853105875854	0.00372182594399827
-0.00268070616909519	0.00401225162664702
0.111280307601388	0.191014464138105
0.334526291671244	0.772454075210256
0.000669086775847365	0.00093166458164614
-0.117782072485243	0.207792721733416
0.101608598896481	0.171993910517841
0.15051333344679	0.276480956838043
-0.0961490247042135	0.170154958709266
0.182629046480031	0.276557422427923
0.182810940184576	0.422821821586625
0.182244465898894	0.447631911468231
0.342618680125411	1.30888314586735
0.167385938357192	0.413455472470625
0.409153514485044	1.6150957732034
0.102429433171123	0.231112049696596
0.264250383099431	0.76410239575355
0.310950840987493	0.995838259293614
0.0431909914642359	0.0742919293367104
0.204609023099302	0.468969925308448
0.330568645592801	0.939824894991784
0.0823207453136496	0.125219585575424
0.0519515714217229	0.0866827235828076
0.328291394237061	0.704025183756044
0.597738590175346	1.14457952956666
-0.554418773895433	0.839867123196322
0.201706212844702	0.261937592863385
0.35123321736594	0.225350066345186
0.0914108820967581	0.0571389618308065
0.0952391202712993	0.061902809644099
0.136396460241953	0.105212304304451
0.312138252700491	0.316771811318139
0.260662754407813	0.405962218513489
-0.0563078476762473	0.0324549454483645
0.197353012549227	0.170475675024988
-0.0965193876453995	0.135704897332693
-0.165093546613506	0.317189141876456
-0.00760923351161553	0.0124626202905407
-0.186314483499624	0.396167951745728
0.111498354942257	0.200860182813871
-0.0317085988732434	0.0512106668754403
0.000403986827294497	0.000535062492466767
-0.299388222255414	0.599440767085342
-0.517916495519774	0.871298109764886
0.487216891453358	0.69723876954221
0.366738680931316	1.9592035488085
0.250437373959634	0.786673211041211
0.360034394215854	1.34511708988094
0.390342423236789	1.31120070186394
0.150208913423443	0.298863703766428
0.204647031207579	0.460318801987422
0.0780467122951284	0.136248400754931
0.0263530280908845	0.041016187955502
0.795144302001961	3.212692948352
0.214176090403711	0.395422214964924
0.474535978489003	1.25705547377765
0.181268302703719	0.320143234597147
0.104093490994642	0.162673643509217
0.210244284766977	0.385911140469689
-0.316929908134955	0.708214273243015
0.230165717505486	0.401232749134309
-0.398794252263101	0.717767345888053
-1.00898767431059	2.69906531143574
0.239229097355072	0.250602846926924
0.570019055605031	0.550361018441311
0.443114930929861	0.493427280282272
0.0842462136487258	0.110119254948864
0.389889782518807	0.389735348564869
0.0414256819533527	0.0315898036775625
0.468677474476496	0.502016037048314
-0.145088857490517	0.186234248000873
-0.0836907457821875	0.127737417187608
-0.404213501865196	0.902648758119743
-0.155466270738209	0.265223664764794
-0.109916368799143	0.176182447524258
-0.0489454439312938	0.0673630475255158
-0.111832155773359	0.175574402029324
-0.390520420881038	0.931074702006018
0.00120175432952018	0.00178361313292206
-0.167818329898914	0.283495813470795
-0.210718606000347	0.299406656407651
0.439290758488102	2.92903883013446
0.272093870833915	1.00299756597018
0.114206890016116	0.299576309396764
0.230627836165735	0.569780837369508
0.337337261832826	0.773290576182174
0.400063389951174	1.16523771190626
0.222272633556203	0.441507782568256
0.145259591429186	0.234595982510553
0.0360557767638791	0.0520129199366962
-0.0768003873373524	0.125160172084002
0.0436501733319133	0.0626289746047212
-0.256652318144158	0.43781520553475
0.129004573882092	0.208105127638541
0.160321179557261	0.174205004659135
-0.315727809723511	0.382266698283702
-0.543857686052471	0.802579239844686
0.0355495145276035	0.0406859286150512
0.116116519290436	0.123456779213635
0.53934048702148	0.797407416067155
0.0657953175714687	0.070026176845018
0.0897954672083385	0.0823307448393316
0.584715475946799	0.866704961004458
-0.0163838722352746	0.0159589631237889
-0.449376998502959	0.551527911915982
-0.615294736496266	1.27268975130606
-0.142300640445821	0.246606328674833
-0.238203445587768	0.423857549125261
0.0812664735094942	0.11503269559091
0.379422978884278	0.753631208103279
0.0983783012326461	0.14760069258151
-0.642925599533854	1.74068192000757
-0.00558759638140802	0.00820839348214698
-0.170741364233818	0.289549542975548
-0.183267260060499	0.327224253897697
-0.254177872518605	0.404834306511575
0.75404157098038	9.53324388913327
0.35264079742311	3.02022542453869
0.254961917516903	1.75150859327943
0.0255716575841027	0.0778299541736508
-0.110201673987792	0.401782485803167
-0.0722741906434484	0.115062476294747
0.355765278628469	0.672434221221437
0.248544053354943	0.267674976446453
0.146589538292114	0.138100815930767
0.599440400538323	0.721751295514463
-0.0573456183907986	0.0631264104379756
0.0367962672823334	0.0408818456204854
0.805045898601051	1.55227214566022
0.39439781965321	0.667381083659709
0.839808691648522	1.54400046650891
0.949341361282527	1.63893571574196
0.0951019311206028	0.0877579692977345
0.2071855173499	0.253476883059225
0.526614281429215	0.686196047813053
0.418622517247618	0.5671641242023
0.239991313275652	0.262894060953908
0.193902722689339	0.205225994807052
0.0981669654303496	0.124707403397454
-0.447314467526477	1.13500715875309
-0.142149693593349	0.207661210841171
-0.426465150188604	0.870883757663185
-0.719683887347217	1.83508473882924
-0.935469597678559	2.92568367156185
-0.65521347421104	1.8359615414145
-0.546079713074014	1.52590512603059
-0.746587146948083	2.40653750182181
-0.156034848253249	0.264238466247019
0.258348704225142	0.411550421793428
0.0797949148677396	0.571569876488068
-0.230180407753776	2.37835869898349
-0.500862838060687	7.82170428277431
-0.342493112810159	3.55083567537161
-0.335581974142138	2.59102047213385
-0.311315092106112	1.73521658877261
-0.273477774020658	1.10844673808705
0.0122186673174271	0.015007954746446
-0.0384734905581973	0.05136410934313
0.564935231035541	1.19323223817598
0.16603377910004	0.299869816878647
0.342757540434644	0.990525740967397
0.296140699122062	0.696012885884792
0.511507275281543	1.04820920657695
0.2809537862336	0.565805671222419
-0.0480606822668642	0.0678364533438234
-0.0782291152486746	0.138039261484817
-0.0687641334011877	0.0877753295743857
0.746809484427458	1.28192914480539
0.00499431319354394	0.00407575815726942
-0.132833643462618	0.133129133511666
0.121957265905505	0.115587156727906
-0.351298481227382	0.402083408184942
-0.282492844722515	0.407329746958489
0.0382157584396662	0.0463995375089024
-0.160935084783026	0.413977037838932
-0.400038899636598	0.838531507304741
0.0418829375481717	0.248087112161009
-0.0710609591139387	0.428715001191282
0.282824613649411	2.34373767709887
0.250297549425267	1.36880119753331
-0.170976658611288	0.577935768648187
0.30696109780326	1.02793057175132
0.111428350991581	0.138070190355083
0.0451892515329465	0.053260703560343
0.377717757631409	0.582207332132155
0.0239780538103773	0.0260833373338857
0.117832037435366	0.177991674525274
-0.205004784666271	0.419049445392606
0.0466323577337238	0.0749946854181708
-0.0183434234974287	0.0263905524150904
0.138760801855185	0.203664993909568
-0.0230509911831215	0.033910984034423
-0.279130816633917	0.394398925050181
0.550317223738436	0.612636826809891
0.567906050809716	0.53720029388617
0.44363085228821	0.584469250759813
-0.21679214040843	0.189756698517648
-1.00016817400695	1.41262322540567
0.595995211253365	0.965405432647868
-0.0863828963554656	0.093390826004371
-0.192836229619221	0.442560464693958
0.120449380164034	0.182712749479289
-0.000536220139457709	0.00251715863243245
0.207339835143485	1.79957211690921
0.278143785747817	2.01110732772735
0.0146489535493742	0.0396554861315406
-0.134836924218621	0.412831997097205
0.0816217288791548	0.107101201573796
0.0375274604495652	0.0479493821781554
0.20154337983956	0.322400325675299
-0.0740963938389857	0.085836724413234
0.559576937909801	0.954460498274855
0.37256300965282	0.53293835484662
0.0694185181658733	0.106301776426039
0.169183821360963	0.322430461830091
0.243337557708825	0.500344975252634
0.43950848051073	0.956551782887999
0.14289105406445	0.217840189698856
-0.0518786948878227	0.0766020823855819
-0.0206519380464837	0.0377717608469422
-0.0758653906744942	0.109591901287067
0.233743828024487	0.45463149825931
-0.0519593484940012	0.0811430112184502
0.0857726802367355	0.112881059337483
0.583746288843524	0.858244432219119
-0.544158478875682	0.714291612217769
0.192703497621099	0.214434454874924
0.632836952752956	1.01608434619067
0.363149066838156	0.386398170944461
0.300255529625389	0.457569583649746
-0.381047941151207	0.76002418797946
-0.341131775724444	1.04052353277635
-0.262955338377776	0.463447111288248
0.0847830544338873	0.568425578716459
-0.0451072317131029	0.221753036689973
-0.300568030934305	2.2738036476603
-0.454278709216824	3.74783512414456
-0.0776749599138513	0.144603958458748
0.237878299548306	0.49828855508698
-0.613220711529228	1.96772338251065
-0.560723361394082	1.91654344278782
-0.464482905269052	1.10776884303903
-0.265735886018696	0.507900537203086
-0.0675639895713084	0.0978332482686982
0.243724294039557	0.43275161432369
-0.251949359556789	0.391648974567382
0.357344785263419	0.664612740800742
0.0550279749405793	0.0534520790306715
0.115430977316414	0.121683032849865
0.161086583620338	0.196661056377044
0.0770980743393361	0.0873792466654297
-0.275617634592177	0.491692479379397
0.140455299722008	0.180120732848483
-0.240651292981439	0.311949370076598
-0.178939885726385	0.167167334247735
0.252874251544263	0.261191243086278
0.494127879836238	0.499582216245423
0.194198369928763	0.188502435081745
0.675080511224708	1.0244540567452
0.388549159634432	0.632665986062301
-0.0284324892635512	0.0292861624894831
0.211730678146851	0.335587517215091
-0.422543223455593	0.848744188613583
-0.123655186073007	0.176599035730865
-0.155531799441956	0.216664828766798
0.324784340922578	0.544491315178632
0.11899838296517	0.152068494584791
-0.167982190448877	0.278605927955401
-0.246180552737847	0.44688630345455
-0.22958669120326	0.417123874366613
-0.443742566858585	0.71900187466713
0.137336543976978	1.16000653651934
-0.132608890834863	0.884078928910298
-0.312529639194787	2.68535977926915
-0.547115977261493	6.47665744839796
-0.263542143208011	1.1876679975736
-0.0953286686043975	0.222284370557172
0.099530552456206	0.236945488673056
-0.0554149325816553	0.111419180465471
0.0637740588714214	0.129085515820312
-0.125068858581424	0.285567876550044
-0.267814678230416	0.586636185243103
0.0270032608336416	0.0445145857414109
0.227179325261094	0.532146126735184
0.0609268883277226	0.0993138227695175
0.429986743157456	0.831922749786087
-0.0759376015628118	0.103282597894369
-0.249554623032486	0.469312050141687
0.0259054994987657	0.0214943470832337
-0.00415565742085949	0.00321130623073917
0.485101910109168	0.549696510025161
-0.27836596667153	0.41431447657752
0.263876136827225	0.350589178443523
0.00273526113261821	0.00229812736239376
0.104353147888336	0.131684684744304
0.654573709449126	1.06337066995297
-0.105691363240316	0.106564104136341
0.291832765321631	0.30843726724695
0.302648257074278	0.40587062647007
-0.0138819572714096	0.0102461055369805
0.931948114113447	1.0172456729763
0.928079479506927	1.01569085812459
0.466266164538847	0.261308621804206
0.791901694258293	1.00057595857802
-0.0472152940107101	0.0393311047272441
-0.00895649424533883	0.00869296830628573
0.581648535289777	0.626249997227678
0.119223439321473	0.128945487027208
-0.407604594900234	1.04193602133774
0.0643392982575183	0.0953085202490647
-0.140189425090569	0.239528756306558
-0.173220025261075	0.322294624727317
-0.28093990046699	0.579099548704712
-0.168893316423075	0.27988664939379
-0.325091859926796	0.75804620803709
-0.233193486519808	0.502558963677607
0.0576102525515686	0.0785046245231037
-0.62588468076586	1.03649386716227
0.146081163594955	1.24102431763493
-0.116727963684385	0.718414997290587
-0.332037778208514	2.87484935218372
-0.126612177177685	0.395598536237632
-0.030321858090719	0.0619776337995147
0.031534791464723	0.0660147044819946
-0.00193058706825476	0.00359827312577383
0.0791637055263047	0.163894599390437
0.0753889768644408	0.154181193531511
0.22199257326372	0.485584517158193
0.242441817549206	0.58412527287656
-0.0539780226785378	0.098161167463908
-0.000215848638220111	0.000404455670742523
0.0659216626642348	0.0871277219503475
-0.276190697357233	0.415616981705331
0.0153715079050152	0.0187859436360915
0.603928305421193	0.655567463989646
0.185682230313052	0.16135614896994
-0.111627243858212	0.0740236820437839
0.489345329217094	0.68451468242812
0.371610344736088	0.488719417121353
0.0825812362594845	0.0724289214532404
0.100708388215386	0.103523910604069
-0.152313736062025	0.12629341817138
0.456456943626112	0.509773544768767
-0.416695147025663	0.498530894315806
-0.116050074615772	0.110985791605744
-0.0189836693626511	0.0140379430293452
-0.0171526845711591	0.0103771973710741
-0.699699050156455	0.574857242758233
-1.74514281167276	1.05179301213268
0.119452827200151	0.0951090535870017
0.0580456697772112	0.0430808714487981
0.0740389518772424	0.0752160133496747
0.0235580200870206	0.0260616838740556
0.0583085940763815	0.0459860474959727
-0.336920917251339	0.496032479878802
0.0120182683908012	0.0150667958687914
-0.172647497470875	0.326684332004693
-0.548096899351636	1.56613010518519
0.186092147177368	0.329572579269558
0.154813265748331	0.266704349496063
-0.00711156115804028	0.00965909159316462
0.00554236910413669	0.00808985894996965
0.164241220142726	0.26407176287231
-0.0575472920489374	0.0698700067723207
0.471359251783597	0.713728779310299
0.0242380444675424	0.121561288386595
-0.089202430171685	0.480683718615748
-0.110560729215243	0.334044058371407
-0.111660126236426	0.32847948842869
0.00421025726465948	0.00868356527696521
0.311379981172757	1.21827808946049
0.0564153433813913	0.118373333531624
0.321124316062004	1.05521596284071
-0.0354738396062837	0.0676878931692527
-0.108997588244121	0.202056054105851
0.0524639159437102	0.0965046866954474
0.0883963873625368	0.172765759602274
-0.24791305263558	0.588721955066052
-0.0582417474605498	0.105398114161943
0.0144799891462383	0.0222197146434901
0.110415985736546	0.180075891901916
0.295152870953627	0.523048009637748
0.368739989649278	0.609131183309288
0.424012579944459	0.802158387910121
0.105969953499829	0.0733529096312215
-0.046965603334705	0.0332746866772599
0.487521132454207	0.444179350193743
-0.145057228876623	0.157953316908889
0.00210873176300941	0.00173533768491095
0.0160614933695517	0.013458687331207
0.0157472161541665	0.0106629021438613
0.112943313612251	0.0797892583816289
1.04694839694985	1.46484566526309
-0.543314810585755	0.653740472621873
-0.177792666267518	0.175186270278354
-0.461817778966652	0.365481127019293
0.282828685070843	0.13919628548156
-1.00183492169066	1.11886467402483
1.33454181588283	1.31527944366177
0.117410462693282	0.0828077047884965
0.628645446263888	0.958711691780489
0.0920936343776751	0.110611926304695
0.107157743195658	0.0773607685507405
0.293139703072323	0.306880703817866
0.201009179601767	0.371522716873273
-0.337195716264593	0.728862251556094
0.292000491131113	0.647985814253987
-0.116302480289259	0.206601765176247
-0.529382667524402	1.41094389055755
-0.327375204668766	0.700233352964826
0.127226230134734	0.231662515128628
-0.416630163151924	0.937435673927674
-0.0815880795176997	0.0947818504950662
-0.0567866236607242	0.0551276567668761
-0.00383739172537031	0.0186543480060962
0.0398101875711254	0.194697481455777
-0.0436274903403483	0.164367955825752
0.310058408876383	1.55089954167296
0.470707871415073	2.30544698592753
0.660399215070431	3.75724166454535
0.256000829636608	0.845715034428247
0.317499774054381	1.0858403010333
-0.0285651105298615	0.0562951107005167
0.19766216021807	0.425261750426961
0.350609485668754	0.937745931943562
0.178796569239234	0.386914164879452
0.264212054443406	0.642078809415007
-0.188179521624163	0.479491352646987
0.096207635767415	0.194455215630346
0.25091883569742	0.773802060684644
0.506996079594875	1.98926085468531
-0.0253288797554453	0.0314568315427279
0.0782722221811003	0.0979245544955419
0.0566058146450654	0.0760957880077991
0.615159876714646	1.47144902987088
-0.0199819709692715	0.0254903814954125
-0.412556631983063	0.820164940051124
0.114710195765598	0.131572175761646
0.0939207526857261	0.10738305242902
-0.405457182411782	0.589714794941514
0.0524248287638018	0.0518932224448231
-0.119359471346951	0.135250851695254
0.0811369648850009	0.0865486873116666
0.18987581091113	0.157261253056415
-0.498484571967569	0.284006762174115
0.358370313129734	0.535878875019159
0.391863149228769	0.756249756606364
0.437272845809828	1.01413106070424
0.462673387269378	1.06771732477581
0.147647559917621	0.197553031875475
0.263708822278789	0.353438960197488
-0.116135852805522	0.226689338123835
0.0473445253514335	0.0906669902382232
0.158352647881277	0.297680250092362
0.0643452892742671	0.0931287484881954
-0.0134773115806349	0.0188050381349502
0.194268891801987	0.322967628590746
0.201574577274961	0.396786184980751
0.0597851204053984	0.112258661624501
0.0349637943100899	0.057257751257013
0.0914483336183876	0.180423784988854
0.331933464571251	0.586636922738661
0.0103641639493218	0.0533366393036648
-0.172666492681461	1.50091042337667
0.310508147175377	1.71956284697428
0.025998473993617	0.0657498875577389
0.268430949372665	1.03783818698208
-0.0432940986040038	0.103283950642604
0.00736502899690643	0.0130070834193515
-0.0697088851228616	0.106055497097008
0.016683572907048	0.0272184607220972
-0.0472034809314773	0.0657208339376919
-0.0600875023477387	0.0883800041449997
0.341480853977264	0.501360708757313
0.236334014228627	0.33652667068715
0.123113641159502	0.174388255083498
-0.380666841251121	0.831516156883127
0.294420525239697	0.358957154815101
-0.456764089788937	0.405721523140036
-0.219869700611013	0.39341991440547
0.403652976421534	0.997146939139329
0.329812514131193	0.727459615399236
-0.372118870625915	1.48657859312543
0.0840789063195182	0.155027447093783
-0.10603922367114	0.160288903530285
-0.348469521933577	0.644197169263109
0.219347665906488	0.391253899246908
-0.00347859446747292	0.00418533288360522
-0.0620428919392053	0.0780823810433074
-0.0175470148503053	0.0279115296259268
0.34509163648703	0.94334869941553
-0.00845040714645106	0.0177369272742215
0.0870127225614116	0.144148812779353
0.0311977585291162	0.176178957267459
0.206723213930223	1.09598297316084
0.140856323984939	0.544891045311351
0.094978356798442	0.301406577426596
0.0822063530804197	0.118151941910752
-0.00224105208851412	0.00248946235923038
0.119025715815324	0.182949870839418
0.125629426936174	0.139866885015203
-0.0409264157639204	0.0427769484651743
-0.153716557954695	0.183398534404988
-0.0795901176780455	0.0858739375590749
0.270141782918294	0.368920933241456
-0.58739027539764	0.995794610701729
0.380862917409829	0.419718847731646
-0.491943286411287	0.346729600837529
0.331666353869236	0.429733956304215
0.183752260512784	0.261302592094578
-0.225799345569858	0.338053417970393
-0.203380417775021	0.422962200711537
-0.298190360143739	0.861210428009966
0.109480541686715	0.209326869347395
0.0539970312427623	0.0910462014676254
-0.219892149558095	0.444188919967808
-0.012489494577948	0.0175485353853198
0.36738972222894	0.915918734280479
0.296960947860271	0.776595059165449
-0.398125891401444	1.22135456660973
-0.082503348562991	0.160259760465243
0.109798076751496	0.18393045245173
0.0670058888658487	0.436850851863761
0.107424160704111	0.679973505375406
0.0849912874636587	0.411290375102103
0.254214380395628	0.556702737748581
0.267126109233282	0.47603867478453
0.550004628026645	0.697935421809676
0.611223533888005	0.956632754760968
0.0657799279897096	0.0532525030396319
-0.699659935991067	0.618414646758283
-0.300574518512233	0.230683853370401
-0.657761016150908	0.647655949025272
-0.588681652906663	0.533103640086791
0.596883372244055	0.630094389682898
0.032419696227847	0.0208419060694474
0.744438569625326	0.581132154694565
0.418079877391837	0.345536378128744
0.087696952866801	0.0302564031978467
0.212745764621063	0.148034911672351
0.333361602094433	0.442629273061004
-0.107453103589202	0.0710322945725605
0.564614070553895	0.463787585770442
0.361616149975254	0.410116409437732
-0.221836090949526	0.440658185440868
-0.604043908570051	2.28923201152733
-0.50060223685282	1.79696847345904
-0.240661676296998	0.60227187119641
-0.33803211497819	0.977075827459309
-0.284123881491393	0.720470086083093
0.129171492975646	0.245842830018207
0.311843142106783	0.679385496812922
0.533951371330428	1.06349031012717
0.102251136369987	0.121101718457308
0.083916877510721	0.57281044536511
0.00799699052940104	0.0336486941339028
-0.0100675167751695	0.0342126272694423
-0.0921548306015112	0.198246149916275
-0.102918002900411	0.162544648196307
0.0746676088707224	0.102173893059632
0.0727564697740989	0.0361000346928627
0.201519912216679	0.149509479836173
0.616341103817187	0.65238254231022
0.440170911387021	0.320677036427686
-0.888982229485562	0.662406121603945
1.38090919684679	1.77199263632708
-0.349983215338004	0.350838608561409
-0.861486357505249	0.861190950207116
0.230757306016446	0.131069798602658
-0.0889524679152751	0.0584339688343312
0.275408662109473	0.343597239579349
-0.0109638330072105	0.00658330002809313
-0.613788662213107	0.60923015924583
-0.0202241509940797	0.0146783574317757
-0.0734704654191344	0.105858427839868
-0.427457071731445	1.16181937404256
-0.32394460598946	0.829210805544902
-0.218350203639963	0.523648976423018
-0.0445314695023578	0.071396104048628
-0.279924023935139	0.706927954291519
0.0231395393776317	0.0330372074841566
0.294104527335915	0.540897236735499
0.0359746004499056	0.0357708965693518
-0.668155992595343	1.14013478411745
0.061321026576374	0.390663366691576
0.0117207648177161	0.0502905674965701
0.181493668931676	0.352331218818268
0.555359650344668	0.370557354880671
0.904197647729049	0.906280232409489
-0.11713434662612	0.0910671743059107
0.272571926938834	0.369529481285358
0.336211024054679	0.395337399238883
-0.567628733495077	0.667960935493231
-0.550747001444694	0.456890102140368
0.394859765544433	0.327834857768585
0.109509352404627	0.0743951655040023
-0.0754773736877562	0.0617264326548699
-0.121646509381399	0.105139772089521
0.301456696784424	0.233532338223947
0.156615351007306	0.189912635562495
0.324221941602296	0.235961104880168
0.0944690927109909	0.0612998541300695
0.300603573524888	0.233422250397067
-0.118062686941141	0.103792439298745
-0.440250074194385	1.06272326279894
0.289219203155194	0.742853159577953
-0.0870284653687941	0.175384804224298
0.00733155760397882	0.0122063887850404
-0.000047349187459736	0.0000282864355823003
-0.159388076949305	0.320090196422685
-0.175452867685502	0.355976163201346
-0.423263930043222	0.963653439208239
0.0674738676647153	0.0790168067231582
-0.472593780338563	0.816244962829853
0.0531799827374057	0.318649034726909
-0.045417561240835	0.220059523535506
-0.035153392876716	0.138219251075525
0.159062156170274	0.431155205718153
0.0758731754411723	0.125595584163981
-0.00893289844516436	0.0119551284466185
1.07134179795456	1.20502383057533
0.194624046626074	0.116785370469476
-0.312474088454608	0.267086896666482
-0.374043812359214	0.496489392804959
-0.636526858530831	0.805713134240573
0.54527029401545	0.608241978884849
1.01549855122144	0.739489394275557
-0.247262391174464	0.142563914760988
-0.0118034301167216	0.00727037465055713
0.66711580190896	0.768717473416079
0.603001366631938	0.750243870379281
-0.332430186753903	0.2496636988449
0.641007882145119	1.42171901526586
0.693220422213601	1.22923653101041
0.422016076658159	0.325762779537256
-0.553951938398326	0.37882216877126
-0.512276961708063	0.432431260854944
0.201719963916443	0.181183212538996
0.0411141425496222	0.057849644328849
0.0169791937268758	0.0268493294136225
-0.309010147285497	0.806573414603664
-0.0859835430090783	0.172802981019188
-0.234358006883305	0.584573412070919
0.00971883133682055	0.0151791350722683
0.0218952968802158	0.0354352343356135
0.378539561083268	0.88237803100455
0.0855460877527869	0.0956624266828705
-0.0768295626070846	0.0882839583946792
0.0411547596749667	0.236113559074665
0.0124941659441916	0.054580623852513
-0.061253348726721	0.222493854136627
0.0184407175632556	0.0470082273197326
0.00564571059663901	0.0120438264742337
0.210259279947809	0.469780896086442
0.183234597795426	0.336298009138579
0.458782085035752	0.510822583426623
0.622642501832512	0.565658734053556
0.630123920630523	0.671018861357336
0.0186589021929593	0.0198054840509964
-0.22358346500441	0.229644915425013
0.565419255408146	0.633540698887495
0.679318226123909	0.670584548269812
0.0599736932485226	0.0469893938271476
0.0364219399511438	0.0249878390918151
0.248823725409247	0.245024041132043
0.190972517797202	0.172075841489385
0.223971299544202	0.345839851548887
-0.373322312390259	0.502659402370459
1.13568635284665	0.85378616450683
0.194375648460663	0.166206694305751
0.537822496769119	0.539053588862485
0.194370483868835	0.163486566305182
0.0644149663136979	0.100131662997732
0.0436036604407535	0.0780725607598826
-0.2167825274752	0.531182904404536
0.26011096028055	0.694273889490951
0.352284732041982	0.960448052464045
-0.0568345798695085	0.0961288953855193
-0.262394240099797	0.592119456850979
-0.240047128451724	0.447808909856119
-0.366859766813806	0.601238516472672
-0.0563705522793053	0.0627000870938378
0.0773655076364971	0.5326598267181
0.01071655487325	0.0448188230825071
-0.0459246331223552	0.176089975797451
-0.0624014362418373	0.189472575231765
0.270698082647164	1.02419545551389
0.0977335820657349	0.194611064042275
0.0107105373818546	0.0164375117050572
-0.0765926049426632	0.133901773419059
-0.740979672497648	0.754797883965461
0.0366444002017674	0.0254134910061946
-0.62522884437485	0.791979820562331
-0.872419387366932	1.87579214406624
-0.0982153375469573	0.0973933955658697
-0.0889088092727274	0.0701624232630371
0.179751167743104	0.157326255285502
-0.472580229314185	0.412754542500228
-0.789195544438266	0.750634445438364
0.29746252562402	0.337931910935772
0.286795009098992	0.452941564657307
0.20995995165216	0.303400882144146
-0.506164058913125	0.782136577039208
0.111877024521911	0.0788427231976394
-1.06752196743206	1.046722320653
0.263084611433181	0.254663331034861
-0.226766486326412	0.258068411293652
-0.0958755255211855	0.165533903850233
-0.201707036215442	0.467005826164729
0.349469216423267	1.08753272663077
-0.129362016996584	0.281784431186902
-0.136813638670643	0.297033186855027
0.113861063488962	0.213136001941539
0.262865919413694	0.60611976425782
0.365972544493708	0.858759143547952
-0.0302715657243521	0.0333700004627534
0.492396197937869	0.853024608706346
0.0292079264409656	0.150717152728678
-0.0550709807361431	0.26707650433988
-0.0382510855789539	0.14557371952782
-0.0608381260935617	0.148954279470118
0.0980057238491106	0.313306773466828
0.00799159816761341	0.0167903571321351
0.295341505176589	0.691044364738424
-0.22393828446988	0.423674941618814
0.0300304120746766	0.0459076373636801
0.0748955219845278	0.0443033692033207
0.332827805390313	0.226796538301915
0.88004576372302	0.965768300114397
-0.185597777832197	0.22577287896079
0.351744956326266	0.330946055856447
0.248937077881862	0.25164689266688
-0.0340377161824091	0.0193884530668348
0.0676949935195896	0.0377946528784333
-0.778832202682319	0.682210087812507
0.136474122421423	0.114673376511486
-0.371426274349629	0.243068222116606
0.281850298597474	0.137909069871617
-0.0597300468363217	0.0484985158295877
-0.0498089979613143	0.0572175136660274
-0.127672481726979	0.166456292426291
0.198575903591825	0.211140121201344
0.832206886745124	0.647429414862393
0.900939549624022	0.899021413642752
0.707860203837627	0.68256728316882
0.310464326979892	0.332299534366468
-0.00167806164623134	0.00231777671630498
0.0423731366427318	0.0686785772241161
-0.000208699521087079	0.000417803527879202
0.19578691773452	0.43539192702667
-0.351156890449758	0.913206264065174
-0.0949988175744816	0.16668141621709
-0.0452767722006639	0.0659664020709871
0.234142437313635	0.429254032978403
-0.424056467639513	0.55516239945713
0.709721181552839	1.17440270188438
0.098100012429941	0.700957839318431
0.00101655166068793	0.00416324460203736
-0.0218096278550307	0.0787538942365409
-0.0579082923603291	0.215417586491717
0.116248902274584	0.365462441954805
0.347939618420741	2.14103934520241
0.461122796897292	2.3798632994578
0.118128000889756	0.235388527616324
-0.173826647565857	0.319086305320214
-0.245886407626801	0.587987859438519
-0.306510551404459	0.235202180414169
0.206280490149486	0.154769565572879
-0.0399952439123759	0.0340851270455232
-0.213295521410622	0.261644111734135
-0.41969689998472	0.45756775464756
0.647386635964886	0.820898658147015
0.898729257387438	0.692551289137945
0.421436493875784	0.306213572062217
0.106099272929474	0.0718976729543993
0.335685874857192	0.393665403424107
-0.0616613635021638	0.0480380779705285
-0.246072390373321	0.196753351484929
-1.55707139702582	0.839504699049522
0.0671492920375993	0.0355247298387161
0.569962657817652	0.475361075597897
-0.204440904185462	0.18498082693932
-0.0618615408711353	0.0841660215090852
-0.0146650452195081	0.0177312858228568
-0.350063268076513	0.458645013777098
-0.243341118129904	0.170111822338577
0.803394791621837	0.849191501274984
-0.79236243957409	0.862695340024673
-0.010057433645109	0.00861287986655657
0.0378234765026016	0.0571774002914957
0.466788467101039	1.55217306283616
-0.181506456515857	0.443432643323634
0.103015111332016	0.214137330931342
0.247009958323112	0.62403111234899
0.363769656402991	0.950689419782955
0.120004686248512	0.189516355541102
0.0043243740016007	0.00629075131091609
0.124164459668026	0.149157715527702
0.0902886482278168	0.104863178012118
0.0786434997248006	0.542448555352937
0.00196471826731564	0.00784643104315572
-0.00788769097477991	0.0270497958766238
-0.309638947935106	2.17167834602442
0.30266759908757	1.58642659223909
0.453259301023994	3.64263809843544
0.750063994822097	6.21376885665147
0.468909635240306	1.62565440681513
-0.1752596734688	0.373926964899584
0.084686831376213	0.16349031477213
0.673769713560667	1.30091962480176
-0.389723229427177	0.356031961090193
-0.482623173899369	0.45103541097297
0.117028422621182	0.142938259545419
0.350532871755708	0.405717541891521
-0.266901979933969	0.273036604317004
0.806143534127015	0.744866077281763
-0.0449199811161179	0.0321065613314105
0.211712011802502	0.170097458188659
-0.360927665479506	0.442518612195738
-0.587811008889819	0.241350351033138
0.712836737659579	0.615463737552882
-0.115031321547298	0.0560673990508803
-1.13381973392407	2.08471779714748
0.0805520548756686	0.112072585372879
0.165596501907182	0.248111076644061
-0.583328622294779	0.957978720509535
0.207710924039503	0.175593913700218
-1.00850768074965	0.709321856967276
-0.0554654384155152	0.0315307601768409
0.0887389556954195	0.0865718211200746
-0.122803191805236	0.203114323373606
-0.163643997312768	0.389255852579711
-0.0757140948666069	0.159380893470504
-0.0633644630893014	0.122745149639569
0.226430256109869	0.565278208439727
-0.191331234874987	0.430611219233028
-0.0278148096323015	0.042964973828772
0.0719553466309123	0.105378707473642
0.611317641013445	1.17220471749913
0.0776470002692301	0.0789377906629664
0.0712380938309821	0.447688071669805
0.148778226139826	1.04903764542584
-0.199933945240596	1.31607089114216
0.39440313299949	2.80931161215394
0.443860641827199	3.95400518415156
0.433118716848344	2.82974215560238
0.455718018187695	1.79695617753416
-0.0230977437499728	0.0370666854530953
-0.0708120775572446	0.146763618273629
0.673755308624172	0.896605107645587
-0.0685467900774279	0.0478494044069737
0.0648243219694966	0.0490424336147641
-0.457176308740816	0.800296936024976
0.29499148447172	0.361586449854293
-0.469300774154618	0.602496280550017
0.714980512530857	0.621851173429002
0.0988464083358391	0.0652101599653876
-0.488736156925729	0.463547704495966
-0.675699493473334	0.497868046259332
-0.726620403670284	0.430361435420223
-0.372532081080903	0.230747119938816
-0.695647224425945	0.61044607879549
0.385610693390615	0.415924788559166
0.504492062434439	1.09234489199097
-0.159716344746124	0.202757048464409
-0.213773198094238	0.26072457044646
0.670892746379597	0.606340319573741
0.296349053267825	0.237634888003679
1.15494137275573	1.54158255292377
-0.608212887472458	0.684441449852195
-0.137737825125871	0.248672518968741
-0.432460573405196	1.45123810429604
-0.149043093749042	0.335118117886547
-0.0280846500970518	0.0485228548475823
-0.0205284990993537	0.0361890780161922
-0.502898742093128	1.80665764999571
-0.139083411299119	0.276374377991768
-0.0910094785168145	0.147635925017488
-0.0744056292976065	0.0884525828263444
0.381323192723907	0.497524561859678
0.038078150412108	0.229664935610132
-0.129077614060251	0.909796064961118
0.540098075011635	6.22293533817221
0.461792559972413	4.50777564884345
0.492827069174327	4.40603650068318
0.511486214142252	2.95421993644432
-0.317189506386926	1.21746808025127
0.199495429509194	0.640484568490001
-0.0230176228805156	0.0223188125437278
0.188823246084611	0.292767352260418
-0.278232814178786	0.461387503101873
0.256345291556136	0.51163561282462
-0.0106655199818989	0.0140665466607823
-0.134727134030603	0.18850605425862
-0.253879742522517	0.426898287900438
-0.0260189249889599	0.0270245120550353
-0.189658340921101	0.199118547744386
1.13433921752833	0.983715970317011
-0.681069858018933	1.03730156979133
0.0787093470025666	0.0870087337438586
0.529773182860621	1.10242611643349
0.125868623518769	0.192951267345587
-0.124973372931695	0.201040794536483
-0.180492235798171	0.28779863135006
-0.277471959688904	0.378179813526265
0.619524373654567	1.12833823304801
0.114751807913149	0.134790108163702
-0.121533923035254	0.196169180882878
-0.079840506941575	0.155529037656436
-0.106892012770302	0.214708682068488
-0.448909784343594	1.49748757059002
-0.138870902154346	0.297321193028204
-0.267178634701427	0.648507221945472
-0.17398342998271	0.390059981269168
0.0462812858655924	0.0859274280083189
-0.172410396155921	0.375682292546299
-0.101637666328719	0.186137200407514
0.183272343565552	0.318835227687862
0.181252332737307	1.85115887778153
0.558735201454074	9.01941277208314
0.521965762982193	5.23496354702489
0.216328814504028	1.32275518496278
0.161678208933796	0.66603555146732
-0.108941279160919	0.3516259488899
0.00631562311244014	0.0149088900794654
0.029783982245291	0.0487223736176331
0.288366778785909	0.534130253174284
-0.115782541086056	0.186885766014718
0.021837247413223	0.0315040326854341
-0.299926968756482	0.662378512962902
0.222149154883158	0.414030841424397
-0.217007802484077	0.410950074240551
-0.217287012237498	0.331648168696155
-0.704784612145546	1.64017227943834
-0.0748350363786844	0.0948237074689449
0.12099224489359	0.103395051012655
0.474840507715535	0.436339310019377
0.248043712670393	0.380662238581599
-0.0147890481252818	0.0157471934353509
-0.127262781353919	0.202106618604348
0.192586207075183	0.337808530496655
0.0378510071685197	0.0549831908835802
0.00627738866877807	0.00846499226377769
-0.0602905747923704	0.0676741786412301
0.321308099472068	0.597302235285067
-0.0122875345689122	0.0145610090388886
0.13252180946181	0.251119868540258
-0.117927992478353	0.248537660849925
-0.214394675048847	0.49020704034054
0.0438018174798681	0.077592027631084
0.000972834001667483	0.00148204160703358
-0.161234993812594	0.309019005650564
-0.0748670876307116	0.129943427634104
-0.392960801639666	1.13682918806011
0.109406399832822	0.218577225780489
0.0696841854388331	0.136880419732589
-0.29312484628939	0.606747386131154
-0.000541939367167654	0.00262350648667999
0.037364269705303	0.171038974219743
-0.241268522440879	1.9145960806674
-0.252865572742874	1.76431146503832
-0.683746785774675	7.94138942734213
-0.20862290610436	1.03032897477609
-0.493052397343276	2.17371671899495
-0.143235562297612	0.368394328014549
-0.292335361175969	0.798878910234825
-0.0195677858402279	0.0326244821319592
-0.290782222580249	0.728063429896503
-0.136111788018257	0.241781316368056
-0.150399033171826	0.253552011863679
0.01820538672001	0.0234774326540871
-0.0187054765094943	0.024454163619318
0.103703676203031	0.167795764623133
1.06298349692287	2.04496527269165
0.302181842811788	0.25127088914419
0.103516172304283	0.151828008146382
0.204232944155246	0.370529281122157
-0.155606048857997	0.286330563293575
-0.139568497777296	0.230800560691437
-0.00326215701878521	0.00447758751412594
0.101447518649124	0.167601154163443
-0.393649510901671	0.903960568882498
0.0197931763072906	0.0288587107135043
0.0817888645112034	0.125476233772274
-0.434156779970203	1.66762282619062
0.152102087578495	0.353127880874441
-0.0888138061378413	0.161726714670399
-0.0663517191802757	0.115563504608842
-0.156624433933205	0.280545108732189
0.345368893871881	0.837441382716238
-0.186805003164563	0.372149906450871
-0.4446216865757	1.52874870910323
-0.172307741373668	0.397779156407715
-0.201192813474351	0.629495097033779
0.0383304281503376	0.0572088555016505
0.0155705192466825	0.077769003321862
-0.107324535013048	0.637839671321625
-0.141307756170112	0.546871275398163
-0.742065622323754	5.28106692308679
-0.689009015798567	5.37819051978308
-0.538254258227898	0.758531690860628
0.00714854190146351	0.00603468594326086
0.340649055299015	0.488954907921807
-0.20245105037219	0.365436756736951
0.306208213821257	0.530705301048811
-0.303221550120974	0.461406295826609
-0.363796167243597	0.329988698554639
0.0759608125671461	0.0875197583239434
0.0756546253979629	0.0864979625507614
0.0554568917784575	0.0523606523198888
0.510501387844682	0.455088034461385
0.433213208043866	0.421299756723592
-0.486412366045803	0.341901165941475
0.486447335916292	0.439400816484436
0.40060153272034	0.330777648137514
0.31544996812179	0.422829344538386
0.162258695500147	0.311523741373262
-0.171881195210911	0.285631156784588
-0.213090096077293	0.34240101462973
-0.38355776715725	0.319584490672094
0.0473417800598856	0.0334024445302634
0.589872539819358	0.635702026086591
-0.253748180306279	0.317616367149448
-0.280456060842199	0.766116048149846
-0.22053520705176	0.677650444485131
-0.325135310676423	1.04019236213213
-0.0770775418012124	0.168677833716258
-0.0454631512946922	0.0921548800456419
-0.159306068410159	0.361383276189033
-0.160656683380702	0.373155515400665
-0.172904308466721	0.377716014591228
0.239689732910296	0.396326663437451
0.0238993968940571	0.0258217798393776
-0.105166463204092	0.820308708516128
-0.230882485990899	2.1699863021716
-0.646623127830529	8.56725034811287
-0.222428241895349	1.32402766228189
-0.265261060150039	0.96485614278864
-0.205427597696855	0.591780195030981
-0.115847095062101	0.259119151252687
-0.546647232836702	2.35315460080519
-0.359995179604121	1.14226692299774
-0.322337754575523	0.813719017066535
-0.14331128637246	0.227709510275356
-0.0891517757654512	0.142330652685635
-0.2486089652164	0.404089644249112
-0.149476748919834	0.227152222022164
0.0260478500682041	0.0261252080747856
-0.337140812734039	0.282658981076612
-0.275507720507772	0.443190916616761
-0.0143265858042798	0.0199295497507103
0.0702441668815863	0.116550385699296
0.0610008170403202	0.104723631771582
-0.110029465748055	0.206555262199942
-0.0472678852165065	0.0738867263483911
-0.633362277839686	1.55149486835302
0.508246971585387	1.17663995313626
-0.181869278623462	0.279329206060671
-0.19941574655593	0.518937951591779
-0.0654711035326774	0.138117757562551
0.283284301228302	0.804707430907429
0.0486233922816367	0.0793102218319728
0.0537758773576523	0.0950630387835098
0.305941773395942	0.767102256629184
-0.0335431664386634	0.0532746038286475
0.192642962397939	0.504492565950983
-0.0322445407018639	0.0602842967123114
-0.0857505771359815	0.19344159877868
0.35354506890818	0.717950149830448
-0.0802929013281124	0.585119435279603
-0.299080239232676	3.67128840260191
-0.0903367163241778	0.485383725576638
-0.213689852216347	0.23178929913427
-0.123996544455013	0.414315794529988
0.071913348860634	0.204438729313436
-0.143443248573484	0.476358338332252
0.0559219132862764	0.142478464869136
0.190050730298676	0.4490495374807
0.129756181096184	0.316156203653691
0.143386829068486	0.327539596041486
0.182909963093807	0.334057407829823
-0.172124166839381	0.212901826578998
0.11394727515635	0.220044993765112
-0.0548966660501693	0.104720236493771
0.445011737185261	1.68213119447526
0.110910595328681	0.215618239070297
-0.0431631367805607	0.0677014331313675
-0.24775859667435	0.590568785825801
-0.0228121744762166	0.0369911718970958
0.281047931925453	0.662752474928137
0.21102957043998	0.476871930728219
-0.209850872603744	0.647335716024153
0.0770300946417864	0.153656607566203
0.433331044951113	1.09891393392878
-0.193798006181299	0.30052287267207
-0.105821951160073	0.141432286977456
-0.159130114078539	0.203633635886667
0.0188559401804029	0.0212865948592159
0.366756628720607	0.999461193803177
0.049799661138024	0.0936790643276725
0.146833478131888	0.397027967953498
0.382120029632894	0.859007976933817
0.0726551773564875	0.515232010274753
-0.124180590726655	0.949901409593085
-0.237756161959377	1.61381971429497
-0.101030284503942	0.46442139988435
0.0310768919820211	0.0965468198151024
-0.0588135701225466	0.193903448605844
0.00632365472678444	0.0172592186485518
0.208401403444398	0.665564510606713
-0.0436943360561581	0.0630820492564413
0.667359649896328	1.26912139546472
0.588008621054331	2.39316933609064
0.329365442909436	1.01043998647997
0.201528097062827	0.500002781985286
-0.142524501936396	0.30060065844676
-0.00745564198706554	0.0122917643776252
-0.133246254995033	0.282475223903404
0.246437543090147	0.69215308476478
0.274539623647274	0.698597888935179
0.396539414564741	1.2142289354373
-0.193001969345213	0.565130939420012
-0.531669966820313	1.79221656846774
0.00653236985972959	0.00908890979793226
-0.306273784468767	0.497356922042682
-0.241398122525885	0.433663475790285
-0.0858908907128581	0.117903692184568
0.308075581213921	0.566485459985145
-0.285658872049963	0.647433372247123
-0.125457939609327	0.236260991067378
0.0394731349011133	0.0860410438539364
0.0818250379783545	0.122645066137977
0.144361175351572	1.38004362685624
-0.215726634544444	2.0803303432488
-0.0347461958320405	0.142560200434219
0.00709848811991633	0.0228026913422859
0.219510772938086	0.566761213677789
0.536640516515989	1.64471597981395
0.305452485881276	0.441771548705124
0.327220280130986	0.948975924197613
0.528478634774444	1.87472075128267
0.230946079168217	0.567162359625216
0.098748534577378	0.218283413738335
0.00150625506328002	0.00249701935857208
0.281578083592236	0.807885109925544
0.165772363390854	0.340467230636674
0.0144751926146534	0.0227153675815192
-0.0642931692999568	0.104554301950745
0.210657542861274	0.552699971622971
-0.231104938673694	0.611926408320083
-0.556933660991975	1.71215732023941
0.0127814129133164	0.0183015125267061
-0.653904278824062	1.77259364373431
-0.287526892248012	0.544778216769787
-0.263193639093233	0.492479669697281
-0.230744054232269	0.510142454158352
-0.273474242308272	0.70029367109738
0.259554129199843	0.740969437411329
-0.191668004732973	0.300441835296659
-0.00513787010931857	0.0268390584913168
0.0424261946036357	0.242566050075163
-0.0864064972776935	0.397775788163813
0.187821426735343	0.578288213836228
0.11519727595563	0.348065774348119
0.211667971059021	0.433021102734425
-0.560740058678293	0.965433804246705
0.0574037249195487	0.137473303903424
-0.157820046831789	0.470300819280391
-0.153024040543149	0.380709639006437
0.637102720782185	1.22322360132776
0.480876917098234	0.756294134758121
0.519983661248426	1.40178919987465
-0.587808329872873	2.99066851285052
0.234799071021999	0.727627207015456
-0.0685425069090686	0.152517862697953
-0.164896457011027	0.472295831117298
0.151126657483557	0.160001289261999
-0.377833929663556	0.236314630057975
-0.0722951383134283	0.0394606078711902
-0.0414626027256154	0.0302101960433324
0.63308724453447	0.480342854026208
0.0317268585059637	0.0209172231100206
0.620625300663363	0.960241376660841
0.0754483309311007	0.0793152759043153
-0.0912368263188106	0.208085736928584
-0.00262897507723885	0.00292598082146272
-0.0276473949800566	0.159655620197518
-0.266706462891654	3.3469397944724
0.108854627267667	0.350270621552096
-0.0218234823784325	0.057702214664208
0.105836273552875	0.207627692864125
0.204419181071378	0.291405823048733
-0.0951822686405749	0.250989230360868
-0.0579197687734444	0.142791896561071
0.19472465983363	0.506169676103126
-0.0204846675338931	0.0237874637867031
0.467761109797338	0.990837048456211
0.27048383883208	0.630721501518929
-0.0643253295631477	0.146893151760263
0.0355260269339509	0.0783979462558112
0.0245935973029456	0.0490174408711173
0.0527879786401888	0.120373032668335
0.125165713681751	0.134205090340034
0.725632573512831	0.695617483219274
-0.205605503757144	0.14688193274339
-0.848270276049439	1.00735568073133
0.800534310129659	0.851747255260909
-0.00334437824799657	0.00204692788767273
0.264556044034487	0.260185635926542
-0.539672995081996	0.849369479168909
-0.243923024859612	0.611547756821592
-0.304352618724886	0.411984393680652
0.0145247571538527	0.0796159763618599
0.149150660725774	1.19659639189777
-0.518405603850292	7.82947728585944
-0.341153721107823	3.60835505028135
0.0344149158522115	0.116501120700058
0.069393598576897	0.226444574318838
-0.0612936636786519	0.177277938575403
0.322665151964357	1.13229566764439
0.0295861223776382	0.0409686558434113
0.132612469513648	0.39398508448523
0.14440551488342	0.413453795193754
-0.120428319154521	0.29329093363238
-0.0897324472867382	0.152506923379722
0.320824155149281	0.824549193961568
-0.253492650432749	0.668177291267432
-0.0870149623791813	0.192661855817109
-0.0938037968534206	0.209871395340202
-0.00255186328253793	0.00456140000651383
-0.386194422665848	1.31341998119833
0.188545013094412	0.300488541607893
-0.0814976330955472	0.073966879246555
-0.0671039265773069	0.0554374572640285
-0.0566157849761411	0.0518694367281698
-0.528778242582717	0.70746406277996
0.320893189553767	0.341486027822349
-0.458869641615447	0.885073612985055
-0.296106758062622	0.473534560303159
0.213885976983487	0.500422802479004
-0.186729274685038	0.219580683590863
-0.0406912582071703	0.24798440635905
-0.058370437085628	0.342512425047551
0.195399859351403	1.5698666825981
0.102682326879403	0.449073422085771
0.017107136143323	0.0641427921842617
0.0454315178250105	0.148769566727795
0.178155248191121	0.584890906288836
0.186591629603289	0.550983559793396
0.257506204702594	0.6280559709457
0.215523205767733	0.694193223339513
0.329211159818512	1.12928668502737
-0.0697071684068109	0.165765821133979
-0.100293261863347	0.266814858067617
-0.119108259502767	0.318175217605861
-0.184032669983304	0.533023511167933
0.372859752519569	1.05564423687156
0.247210367728745	0.636375647034094
0.000263115426056714	0.000450601498492731
-0.163051904789802	0.364778636926809
-0.3275965351394	0.769687392257467
0.0868100786606038	0.125108791145563
0.312199560776889	0.574473214360641
-0.411978322521711	0.743484320279777
0.292039169787501	0.503654443563998
-0.259404436815735	0.41236442323386
0.111129955438001	0.171430088444484
0.19805172532884	0.401298628877862
-0.119909966868153	0.219557361821006
-0.738372669748047	1.49593825062846
0.0265656630977218	0.152680927149973
-0.10219414423239	0.751857200690604
-0.0546333738803934	0.243557289317262
-0.0517723806384152	0.181755885031374
0.163899013271427	0.60996598991348
0.16590708382406	0.48200742159856
0.00446046817875873	0.00656455118877825
0.00539770929631069	0.0117080898386836
0.180393645673829	0.55730181240576
0.101924603611179	0.249750089600501
0.013390530302024	0.0271431371883767
0.0438097721440278	0.0924785353233243
-0.127659786666945	0.311402233978595
0.0616221525291108	0.122596883947044
-0.161745055584456	0.397762625806069
-0.351320923791596	1.0033680191411
-0.102088999465461	0.21241661330032
0.128537830373758	0.233679966572299
0.611750601411237	1.42420747652012
0.244487076555398	0.312713036825923
-0.344429686389843	0.526502308633438
0.223450781663618	0.305551655165579
-0.0535560722273383	0.0662138340490595
0.00959721459553952	0.0122137894259806
0.132166616822672	0.233234315350691
-0.157618865922034	0.313944544260859
-0.647513259282292	1.26300738183125
0.164684691548719	1.75258840270349
0.0958279416164772	0.60330053874214
-0.0256422305801974	0.103526150656417
-0.19985237946555	1.41263707396594
-0.612313435326354	7.24630473192051
0.0521407504121846	0.171356709461804
0.0929944155792336	0.249957836818368
0.192786274302255	0.417606028976872
0.00279575563971015	0.00667951197312077
0.00431965695121744	0.00922941964993691
-0.195218530728602	0.610933771205483
-0.0149411098509473	0.0303227390293774
0.096581375453623	0.223699656303111
0.173968175257729	0.48856783493725
-0.00526381002452663	0.0103355253735836
0.0281882145180906	0.0580491485008517
-0.0551692605060026	0.114348585583465
-0.141844882544022	0.343859274397508
0.211894155385627	0.436296693358241
0.320465780423065	0.51128223554793
-0.500311873825157	0.751699809241391
0.308420790881575	0.401797230445628
0.186641068073808	0.2145089008188
0.271886793344281	0.377520800239186
-0.407157544089642	0.818063608338119
0.127678259583827	0.209651454419546
-0.00084401417933257	0.00147914304190953
0.109238656528047	0.130644006875435
0.149129303297012	1.57224140101229
0.00630109597813026	0.0305232692916702
-0.202928995922406	1.95009198272987
-0.340009426064672	3.94606098025018
-0.290091954586673	2.84654091993006
0.0482634033871366	0.183436843403753
0.280546973975731	1.70102551580496
0.303286230416004	1.17188234751711
0.184511436434215	0.413752451055833
0.154634395060251	0.606983491789664
0.187707218038816	0.684654886211669
0.333202267838345	1.28848129993029
-0.16899708653021	0.356764428836746
-0.0851165772881328	0.166377026837999
0.180490301879142	0.542853356405856
0.0580371544034051	0.153342873919558
0.0775761622613438	0.218695966315281
0.0128829885105414	0.0286184209072518
0.135861744529242	0.371410338077086
0.372789670952582	0.781294273722469
0.0658072731863027	0.0612134502205123
0.234162256410476	0.24336061015206
0.327871561393348	0.386724414093811
0.0380453653103625	0.0266634857671254
-0.654243640954115	0.945270869602585
-0.157478583620751	0.210668153433024
-0.303236076587603	0.599305315323087
0.0429857126096238	0.0861502354234442
0.203475894164324	0.2730507743319
0.00882626036185214	0.0487603969070255
-0.0730853241298608	0.511909801551039
-0.0731799693445428	0.430368289049545
0.139134019046449	0.919880477280888
0.317256178447163	2.29035878382947
0.618350754404177	5.79979209412422
-0.0869019557183432	0.213271122133125
0.133474917513263	0.246158390971438
0.305215427098311	1.43780317040884
0.464291646092122	2.4604590448782
0.227669213596012	0.680061684044646
0.452399367546084	1.21481040705132
0.519687359880196	1.65723628194947
0.515252571322926	2.10894450562029
-0.101538731976694	0.26664563219294
-0.0824957694376608	0.210206424108455
0.159105349676854	0.430593416000977
0.233157576933903	0.638417924591948
0.74728086729643	1.63665353849964
-0.190623203930664	0.188148836821273
0.194234767149994	0.156019333575441
-0.15054551658832	0.142128707815574
1.48459103124091	1.85147442565008
0.505712217389501	0.506761409497987
-0.0112167804791407	0.0125440774751589
0.235722097341373	0.308213641156409
0.20447639520123	0.439414383369289
0.254237360310659	0.368384760591619
0.082764881780518	0.667480582600985
-0.0374726779206996	0.2087865278775
0.279957793480336	2.73517622835553
0.220846510010206	1.3435308535925
0.432731427658724	3.40471018707218
0.36344904491727	1.491937274628
0.132997091335724	0.250558419498546
0.63014721405406	4.57137745323436
0.373760546260615	1.7597683638148
0.173193080794517	0.493012463366259
0.451274367782852	1.23624174610943
0.579943218437569	1.93675972782539
0.118307842822326	0.263947647771592
-0.187437201123101	0.542453695696625
0.0118615381685677	0.0231349720225799
0.234686611481221	0.657980937107907
0.0474593799714607	0.0927579790852817
0.215924964898904	0.310349766589473
0.547317771124516	0.841366383468616
0.315459127436439	0.321953858005289
0.275478523159429	0.346094496768713
1.30793931453416	2.17724060974191
0.314459131299732	0.335949182872862
0.172448394301382	0.234564731345761
0.149900421263662	0.190707525985825
-0.0202697156279301	0.0336252452897561
0.142334426128484	0.173393333763182
0.119145090050405	1.0296727273286
-0.0212850711632498	0.102866231604231
0.328227743557502	2.64711255857473
0.697810265235878	6.0536364981774
0.564321759829122	3.2409981756547
0.220047220266678	0.482940406635324
0.409520018149645	1.94074623297928
0.351075384374594	1.25827750599502
0.134448803447223	0.313655227515124
-0.124028117458871	0.312723122400392
0.232786099400941	0.718288798254048
0.137353583484867	0.37633407822407
0.306694318674381	0.804358634039879
0.175016481036465	0.376040403544414
-0.283838056633345	0.695499660318801
0.0493179206986318	0.0779213846615715
-0.0731194869353166	0.108630532801855
-0.416585602162858	0.720352934142383
0.884381444299744	2.05308873262665
-0.17456264353327	0.238245688913016
0.238826190093294	0.328892590733051
0.551092578487517	1.00468921936824
-0.0159812172101276	0.0200239477989177
-0.221095791695375	0.3486709295912
-0.195276341086928	0.368341673936667
-0.167130789877914	0.193989138323194
0.03944706832702	0.2283496024889
0.179360964984976	1.39433162129296
0.871787298556993	11.3216969427489
0.780248312401121	7.00335009697208
0.260077932521313	0.689706624287603
0.535534650437436	3.42852236433957
0.554829826536981	2.98405187172593
0.142190823700915	0.398353643240897
0.285245147444363	1.22018257246815
0.345587834708834	1.49248724839831
0.35640270968509	1.5388649845989
0.419256728152627	1.20981928779968
0.301636349003045	0.829605366531981
-0.00423068848246487	0.00639323033131192
0.57034520843301	1.81558273136393
0.0757276073778694	0.124839066137399
-0.0214242540840134	0.0261960954397266
0.101785028406546	0.135355648838955
0.236843244226777	0.373635721883194
0.193800591613153	0.254082880613255
0.119128436733368	0.147976121814642
0.322957409488209	0.658180530148249
-0.174727193048938	0.320464646761724
-0.144417856851308	0.231208907036058
-1.19516958690643	2.08461451581225
-0.00893621879479428	0.0460987990844638
-0.106209051937836	0.765836227520692
0.187292978619428	1.06791399372208
0.306140227637556	1.3198498621123
-0.0429058708156669	0.168078164477702
0.178490430188418	0.845341636952846
-0.0420559562002166	0.118986713185545
0.270740805608153	0.952914527022138
0.522117494518026	2.50059920699933
0.421236816684919	2.08292515623855
-0.0269763525065804	0.0604031078915004
-0.00437205995436126	0.00907287913128554
-0.00644918797648896	0.0129831642207488
0.123568977229967	0.311184515766732
0.272113979587538	0.468907646530374
0.282463681655357	0.398549442210792
0.23363183330968	0.299288299036045
0.171818376559516	0.272762646543135
0.0666359803075976	0.114323754955153
-0.0841064669785857	0.0879058521164464
0.00816917500106558	0.042206722900707
-0.111421477875162	0.802255947145218
0.0573388580926943	0.230874353371114
-0.320972359983542	3.97485279350545
0.316759827589792	3.16753524217729
0.133166195432985	0.631966539889933
0.37491924970641	1.36092728822987
0.391216562630933	1.56222728462224
0.285622252132164	1.30350380119173
0.207101812190161	0.864129677140399
0.0378062237788188	0.105706256947286
0.00280882786201875	0.00690087730156237
-0.246769862998591	0.27721939966897
0.0657596965704584	0.0542326300986431
-0.00396504697778332	0.006704786080841
-0.0171967367668053	0.0187819878383773
0.0232882220778956	0.124867472758668
-0.0559409976162351	0.274116837190707
-0.274171112533553	2.94351021823477
0.4549800143825	4.77806259250662
0.155024537330406	0.616978204323959
0.463057210161032	2.16770225408077
0.403950195272044	1.67882909911773
0.290282399398957	1.18974661197751
-0.00145486913820255	0.00274328844083325
0.134355465466624	0.354740824679172
0.0189031160106266	0.0378442674673873
-0.0167039790648886	0.0290530401477601
-0.0467602067292385	0.054788449015444
0.335761238616792	0.653439454936459
-0.0552241011914824	0.0537277340384418
-0.0862364129052075	0.480723291429479
-0.0618104607567022	0.31874029705021
0.755029592614482	7.43496013998886
0.214322358544196	0.660019422814626
0.368772212908915	0.887829970669301
0.185840277867609	0.358275678688588
0.343017759996736	0.876412932467525
0.0556903428968012	0.0910428992798022
0.450363229148708	1.13793983600571
0.042190298909828	0.0571542913156557
-0.285935813308657	0.471078160965824
0.207565829849542	0.177414273279298
0.135549795837305	0.141481716521831
0.0704195856473984	0.50349869427648
0.0757449572521881	0.468686505601272
-0.0738954195234983	0.327684984803103
0.25565859645497	0.894744631436026
0.38308706837311	1.30847862780379
0.10213221514651	0.327033069490449
0.0764469943290123	0.257930744852823
-0.0996387031226185	0.368386703076414
0.0192065906578465	0.0513122310482416
0.0435840304530859	0.114839554215861
-0.0279754777441466	0.0521183951536788
0.0104377214195961	0.0549933466888101
-0.219827381913415	2.20158796313866
0.31276395733329	2.00308883657427
0.306531532090782	1.66720511891483
0.196863120451329	1.09621374148432
0.049247522384044	0.178574546198736
0.133410185788676	0.631449537166611
0.079048558298248	0.299253329708921
0.161561021396173	0.753549611990777
0.0565412248389361	0.37902524021142
0.271377525990137	2.64229823200895
0.147747370198733	0.905540972478409
0.0783769154947594	0.388286848219708
0.103050039783162	0.499030003824711
0.133627049378074	1.12020759744009
0.0188732000779825	0.0863663216142043
-0.285400386338755	2.66500894471964
-0.0857554907303734	0.311115865975454
0.0879868927046125	0.621629619501751
0.0635040526658083	0.33839943850405
0.273528567495363	1.81145214786495
0.199114545536854	2.35410109702773
0.174721723977199	1.63255203121123
0.159710270767363	1.19481448263716
-0.182492956639739	1.36160028618538
-0.0842904883433111	0.652337433515488
0.209665760117305	2.22924641885842
-0.17327701828416	1.41332172352576
0.262631529274929	1.99418832447549
0.0358055999482407	0.228984697494028
