x	y
-0.871939475937313	0.497190343617266
-0.681085050435347	0.503109458730865
-0.185928537558138	0.257922365165358
0.0334224524018593	0.0351274570809182
-1.14712929396481	2.64762825564127
-0.188907087172313	0.233525648083037
-0.0989646616807201	0.108229882749737
-0.234472361987481	0.345243325354927
-0.17742914549708	0.244307374655233
-0.336053935849098	0.556685994958984
-0.428542339454501	0.68767573603381
0.109366188525055	0.119372393935708
-0.161827980687781	0.205195389594956
-0.337341195785316	0.48032640644065
-0.262058030088193	0.515319370982512
0.195080031096201	0.230675292899734
-0.0417690478016131	0.0394878865137604
-0.030855899392493	0.0430120898842113
0.424822896129868	0.689571017881342
0.69500476256037	1.11078915321707
-0.26000190803659	0.287076175698212
-0.0672640960569652	0.0558182896698287
0.0440360104339699	0.0400355371354048
0.0439994638311153	0.0463731844386553
-0.419107770232326	0.626257959392186
0.0746380489250094	0.09389386875425
-0.0821635717648477	0.0941190252495655
-0.280678399546948	0.403824086241593
0.327435376797827	0.422297106135872
0.236801525053522	0.413925371289481
0.382344043138306	0.610235561195013
0.485174434209267	0.650289749391789
0.121156951417828	0.148661737767053
-0.185206160782951	0.196498743909889
0.508188166013158	0.835401685453823
-0.271263011643119	0.342986403264599
-0.226437217514955	0.27926952329081
-1.16069453122366	1.85380386223069
0.0381031001105257	0.0336247454881576
-0.0908612427304942	0.0810703076317122
0.0754274797198576	0.0731065554723418
-0.257558893014866	0.470410581623184
0.129407420341113	0.22008408946806
-0.263548737979054	0.34214986869483
0.385309165516137	0.525983148093891
-0.0387160006241271	0.0561196713756063
-0.288364838790231	0.376130701214552
0.449018116295826	0.583907850064798
0.187666153683099	0.217155088747681
-0.141205292850062	0.121097489814251
0.165407308449159	0.168445047066687
0.118683649465433	0.16905086379877
0.177193507983165	0.238052920461048
-0.0666514260996995	0.0972096448458139
-0.0574685343703947	0.0844898889267916
-0.136757038463144	0.186649054732314
-0.030847760357781	0.0327423561709912
0.192915023094207	0.362674846411577
0.079466036842036	0.101304873192572
-0.162227321134223	0.189125335511731
0.251238215748929	0.334541462437066
-0.0144876332929899	0.0140342952540074
0.186003640477052	0.209948129012812
-0.126935509901001	0.141177918542858
0.234044530354075	0.404733345278063
-0.609359224699133	1.54281657240497
0.660070947504197	1.19632673912829
-0.432143793415648	0.589575263488867
-0.285355871070458	0.599958469666616
0.838947148566455	1.58531419721522
0.194503636479065	0.223679615503998
0.553310464781291	0.850665811496844
-0.0135359515677409	0.0116678957158456
0.131574525768972	0.119828730746622
1.05937543285696	2.0613453627777
-0.399217907101885	0.556625183211891
-0.13947214759115	0.243644323496731
-0.361846755980653	0.544514104193974
-0.0643777894267609	0.0659154919286735
-0.051999568141336	0.0691114457510987
0.0348908094279251	0.0455936351898037
-0.538588808084796	1.0339086622677
-0.400421341627604	0.577111304318748
-0.2988162262839	0.588065497122476
0.499782995427703	0.991139994165085
-0.259739135437845	0.320690856778792
-0.446256676750327	0.665136772009147
0.907001696815707	1.70921166968787
-0.0011620654858592	0.00115586926097569
-0.0257770898905864	0.0246644784457483
-0.353494393472692	0.453043140612992
-0.260182803732785	0.348318179790353
-0.452896870032072	0.593237198484586
-0.426042966208827	0.732681648624979
-1.03873379166418	1.93065114119033
0.00347875468248772	0.00488202496516932
-0.00295901606747352	0.00419348492118938
-0.106544431729508	0.174711947448704
0.179392323101897	0.244862057818738
-0.488604518592966	0.853595571974291
0.452140353731786	0.924170225601545
0.3040898809125	0.41997829128696
-0.166659196404028	0.226111746324481
0.0720068679448874	0.0771118995853097
-0.290688547088148	0.451173445449042
-0.250348407766873	0.359845756490038
0.335899347490448	0.484562953366105
0.190398397915254	0.218667475783698
-0.0631273021499212	0.0586578048942738
-0.591780664594072	0.956559865688675
-0.023159763371553	0.0216374441037032
-0.208623049933075	0.237912764161255
-0.486575021708771	0.635216338386299
-0.465888159742443	0.578066801664717
-0.0669654186136602	0.0649261325183909
-0.00762597023018382	0.00667334551728023
-0.429719443162527	0.569771383727284
-0.0195497190083099	0.0296000947110008
-0.0601058990316839	0.0956028071922011
-0.249330809065445	0.526636049042449
-0.0290563293869964	0.0405514157363732
-0.179523481993799	0.325869155024775
-0.0346518039921395	0.0532729941351005
-0.252012286441342	0.458976295111916
0.189704865868382	0.256740833560224
0.153384493366243	0.206560195289475
0.0750859953937289	0.0878942150216377
0.0493244537611645	0.0573182464164019
-0.0398934455244566	0.0411516728331189
-0.122775986769167	0.163117274945678
-0.0226330636751213	0.028457760041563
-0.212696277589197	0.290098189481626
-0.312879786159639	0.479854327762164
0.121216241711408	0.150411123189316
0.176827638410246	0.286906688303927
-0.578429546366976	1.05665802174616
-0.257521902651855	0.322420184058545
-0.343105881551621	0.484222371751857
-0.371296562496384	0.470871508235575
-0.00951869149919657	0.00927309688576764
0.31894365451594	0.421118852628328
-0.284919381152277	0.391371114212709
-0.372058923718462	0.424056897824738
-0.112394671283443	0.132007453153697
-0.4393042466135	0.523607733400528
0.104401449917685	0.110083589951123
-1.25494389557445	2.37677690591356
0.119259900700148	0.250436795378683
-0.084722478972252	0.154171315734488
0.0965597144967888	0.158121688163323
0.01751868520623	0.0228287307477665
-0.0610036535525079	0.0828398565227216
0.117255746843465	0.13876315610427
-0.0532249745046125	0.0586113240546363
-0.0466625228154628	0.0531561742477478
-0.0678226161698367	0.071154628354338
0.448304796806907	0.653435688824901
-0.0580142994843548	0.0845930736017275
-0.219998711574508	0.374617074191531
0.395448884096229	0.510305018483249
0.37717497717063	0.405098769072902
0.126022437329984	0.112847209903124
-0.421306280785807	0.403444578263507
0.00185766432321786	0.00111198028680994
0.0194307325446454	0.0125968314856714
1.09514368284108	1.32796267842842
0.337143241747413	0.309431747701465
-0.540473453032039	0.935655697110306
-0.0929084328523807	0.10499020682864
-0.309806801002551	0.261886275992046
-0.00852476887530178	0.00648184350028003
-0.324340312850279	0.475525990530017
0.718326102295719	0.700322273654463
0.323256806589545	0.235548380678658
-0.382208796963361	0.347273238599796
-1.00418835464716	1.10694519100397
0.551736966707936	0.617929532693186
0.0363791786326158	0.0270224617635597
-0.280278543174142	0.1882172772114
0.208563670037241	0.122840068792029
-0.422283717072914	0.378346434845681
-0.425115082704813	0.267002606618345
-0.55287872513137	0.556057015558109
-0.684655191555782	0.697793801878683
-0.542445122826717	0.50972201761229
-0.0618861555578206	0.0591389333023517
-0.381238714153973	0.369841660727013
-0.0590325680759433	0.0854502314141406
0.103062862855242	0.185594068935229
-0.428162696611477	0.306398973423739
0.257351153720658	0.135274683594749
-0.0422705878192074	0.0246951203080092
0.23460738538705	0.127553291902266
0.0700342155469607	0.0349534754658462
-0.0996450041745034	0.137017242725933
-0.200934164560274	0.365495191490996
-0.0965280818960839	0.0657639862266655
-0.791583939047815	0.692217766045344
0.564164418428344	1.05650939833957
0.100645954079306	0.0622774512864396
-0.178100247126698	0.0743011477770487
1.02507923427883	0.842485665093687
0.373467923555968	0.144259427153249
1.32284165460836	0.922613295811506
0.468029010342606	0.261272111340478
0.52564697259787	0.273450733774196
-0.490564887557982	0.337324142468682
0.0699328771656544	0.035053660235124
0.0687597745847931	0.0294678493704336
0.0773973692729095	0.0328951381107236
-0.140826243395163	0.118504694948271
-0.323252852516407	0.325071631925034
0.701355134989914	0.611996349862643
-0.55104294219523	0.372096075207416
-0.563251277531161	0.385980237943973
-0.883964939124064	0.768443165997038
-0.110661479310792	0.179252507033101
-0.560268289064954	0.481595083388129
-0.487166213386829	0.290039449969816
-0.118800128027762	0.0589271089277087
0.411613950887925	0.233577947371338
-0.0919765097236832	0.0483092158889879
-0.16745167437551	0.226693790873225
-0.0844613025768137	0.129741621776032
0.0837287728451667	0.0459930765825335
2.25230166684949	2.42892592704162
-0.0833832824040378	0.0813647634373467
-0.763642852867919	0.547347435905444
-0.736869642972961	0.456708656880739
-0.466181688111869	0.209063881174938
-0.383713291445328	0.189004555278402
1.54191480242008	1.05292601194612
0.0656950581556712	0.0353597256128231
0.69032471703006	0.505820495595304
-0.32282565292826	0.168375482164685
-0.551222140470701	0.368642693969634
-0.409830386261891	0.120239134762711
-0.377777258964675	0.184526396990875
-0.332252559318281	0.168250169497332
0.851927576941304	1.20455872381677
-0.333590656716135	0.26867782351259
-0.221312749124398	0.0852735688983957
0.624490719936463	0.387511454717238
-1.01794001118429	0.757509358574333
-0.633591632712103	0.410938996861557
-0.985028453929907	0.897908678438018
-0.0610960045349156	0.0811615159172516
-0.273061936632854	0.186112483094725
0.123529232542253	0.0907308762764604
-0.280941553709484	0.152549443999044
0.0845565102279683	0.0430929672238072
0.0707521130273092	0.0375974918590977
-0.0857919006342007	0.0464338020061592
-1.30454394360901	0.999828763299643
0.15012158610802	0.169101194012629
-0.0869689810760634	0.117673359694717
0.428732491539347	0.326466212168774
-0.432477618019821	0.315389127362746
0.192147479461671	0.215846422561101
0.334875969518754	0.244761271869645
0.410798531742394	0.240848416258068
0.371223839347075	0.23396348934615
-0.39053282905407	0.189165159303382
0.53608523810168	0.455932536621456
-0.315259011906954	0.158298388714586
0.0732178715101229	0.0330347276717005
0.612599826582598	0.482203584473893
-1.91020524631876	2.1312810683158
0.807060986213165	0.744152893181025
0.211656346627033	0.134440298379553
2.05008348961752	1.97151332995644
-0.862850364629754	1.05624517721893
-0.121287298923576	0.114798300719648
-0.0716491507392421	0.0391739071764831
-1.43633138288401	1.62313831860645
0.297008823931562	0.240866884911832
-0.112377099521655	0.0740650667398625
0.692904451745988	0.501825116292959
0.204531586257675	0.152964953830524
-0.0584283489052728	0.0331812749281198
0.0785980518720544	0.0856551095564777
-0.0849998968285125	0.111368070131621
0.537038669572427	0.543143292041403
-0.276633554448898	0.242222719110221
0.00584797204211969	0.00609448745541124
0.204004606901843	0.151964144403646
0.352945311219018	0.232675852148629
-0.46796355631304	0.376212025872909
1.45805051123665	1.15693962116792
0.706262079216506	0.41448390452598
-0.424966057223159	0.3054509912458
-0.0993492625460968	0.0522643137425584
0.949602505268346	1.10321809200903
0.221233486556421	0.139200278066947
2.23313718804014	2.95364397720411
-0.597890817039826	0.455441310578147
0.0871252951074238	0.0542456264584599
-0.13904917482797	0.105173932041582
0.243111964285386	0.265796334533972
-0.0119472540170796	0.00731823954234695
0.331867209107794	0.551112303435513
-0.129569941738946	0.0973326022103882
-0.0158580445868152	0.00968090668742482
-0.526864307488345	0.417379550876873
-0.0818349010410432	0.0446532740970788
-0.278619141384222	0.151498976482076
-0.886842408743828	0.667208103937142
0.242501645523935	0.344875429629724
0.841125009092237	2.37445793861693
0.203239519076671	0.146320810252455
1.03198586278634	1.3566916456133
-0.147503622752193	0.169964823560748
0.377393167244539	0.237275645413732
0.211789688569019	0.134418791580435
0.826229507711971	0.648417724349497
0.557416721293735	0.443958519457703
-0.500477968764197	0.283084147951765
1.26706681723613	1.04416803986503
-0.682889843804477	0.352451806746632
1.04084007545171	0.976379648315674
1.02820011343077	0.854205222437899
0.697184713848209	0.507526640209694
-0.470200953760029	0.37851495008511
-0.11746017155453	0.0550255364009169
-0.216861238290122	0.174493729983139
-0.570426177352728	0.654476639825943
-0.203107211663756	0.124588244485551
-1.13375149071126	0.908985186796732
-1.03372146838205	0.666038088340438
-0.0685610678024643	0.490664515178535
-0.0924740751728295	0.601265189124442
0.275914101137578	1.98660610624613
0.0647178990317129	0.270152481451922
-0.160206507113595	0.765617499767094
0.0217546448609882	0.059291061459366
-0.369693420112291	2.00768775224776
0.24286633622242	0.801512798653757
0.211007810252561	0.55493736444926
0.144128070085486	0.329529773133868
-0.146177723430925	0.162411994635893
-0.104935371275967	0.101697587879715
0.394200774180681	0.509147404281679
-0.006709801625919	0.0050520625639642
-1.15033320056372	1.84796374395207
-0.495527362424408	0.572124301158117
-0.804807156775981	0.981969063285174
-0.171745184566246	0.154654508596383
-1.0759366119934	3.67216032993297
-0.468372164977284	1.36512109851093
0.0233187236337836	0.0217062949787355
0.402515159207396	0.41436300943038
-0.635596500697995	1.57636056458372
0.607929591147344	0.79613842479486
0.206523399852308	0.1374973664659
-0.250165794643172	0.19634039487491
-0.0185930482415807	0.0105946904095755
-0.0858655599267305	0.0571269084253527
-0.36094524477102	0.330794014025342
0.0030600523987225	0.00186181563446765
-0.151510454119043	0.10824435589459
0.0647973870413175	0.0322089009763639
-0.0953079094133823	0.0634460367947049
-0.340275959189018	0.258938485132592
-0.559399518309128	0.470612158544061
-0.887978435525476	1.44483625524014
-0.854523520378726	1.01995620630094
-0.327315172644361	0.246310160179383
-0.208110533833106	0.125815737559351
-0.784366832987728	0.680683080079735
-0.115762538756435	0.0772920794052828
-0.588482812312072	0.442886409415
-0.285851208674569	0.159739468914558
-0.706188446973333	0.62670045802828
0.248200276843944	2.99687314353688
0.156105324295209	1.20537900969642
-0.128778830942229	0.768364009036874
-0.33151226298638	3.30124518349049
-0.669705851358867	8.34107999596538
-0.349985628627619	2.45099097805708
-0.513696107096681	3.79586723728749
-0.53421465545423	2.79465120069891
-0.197161146397589	0.557504888449309
0.232460193004372	0.279515099123079
-0.325308702141047	0.376917547362757
0.19640344865122	0.174047446963619
-0.256121792226531	0.222084763038056
-0.258695675421521	0.24311016594471
0.386155234985781	0.38852996810454
-0.605519870249997	0.680840167888241
-0.806644067898717	1.08774633122829
-0.574697082062862	1.67043022875454
-0.538890245305167	1.45753998119248
-0.629005542578609	0.794238431427039
-1.10687367973114	1.70484123343159
-0.802814446101102	1.98746905346923
0.193070427361671	0.18298406963362
-1.13748600892933	1.18447293996067
-0.928799719046618	1.05054028893673
-0.329969598113699	0.219537271075968
-0.894196222948994	0.692502204041164
-0.0803629625851918	0.0554685333799323
0.208855796464214	0.173215756498671
-0.286733757604071	0.194816529603505
-0.870274932294788	0.941622344695026
0.0192774362330719	0.01297364968158
0.549838355414134	0.431724924596839
-0.094306576579658	0.0491461407709117
-0.385065619455356	0.318634443731025
-0.774685803202043	0.597956504918524
-0.476600040405919	0.38578009457282
-1.10784069524716	1.21695879209603
1.0610637247794	1.11142390356685
-0.427547036154411	0.344048644360512
-1.00543325735181	0.816895144411843
0.50028103793054	0.338631037340583
-0.147035999489031	0.16184770966313
-0.305583726404939	0.395059737023056
-0.137087111020392	0.0629964130102189
0.637121738610988	0.489734966886181
-2.43782236060593	2.21723460630779
0.167263186775259	1.51497786570769
-0.0332232343468931	0.152113151125269
-0.112543560203136	0.579632143302816
-0.35382403619546	3.25849208919711
-0.0689072290295413	0.271936915778599
-0.34968235628364	2.34300503108707
-0.022983957964144	0.0604227927799202
-0.275750283404498	0.925750934273394
-0.135308473650364	0.380012932799046
-0.307904380263168	0.468838760618555
-0.10274247823155	0.106688418148755
0.0307628456624273	0.0271079962541873
0.300970578481956	0.384234747025518
-0.0100382276262724	0.00882198514689563
-0.129583640936744	0.122489383964658
-0.212728460873569	0.219293771405848
-0.596385865983233	1.42002087218027
-0.237245420618519	0.397608048443879
-0.0917647448267913	0.0910291786447802
0.243591210546956	0.255783762961372
-0.14429774525796	0.215669153131103
-1.06560522549836	2.01268370629189
-0.637063680474636	0.807683336558514
-0.222395432255003	0.217372740390196
-0.945360949069557	1.35893080283257
-0.234015627342805	0.183091724180435
0.212054703743961	0.15699895476743
0.116278030144306	0.0905439625103143
0.86916441904576	1.19256105310178
0.0666547145788223	0.0505849906274864
-0.907897430162582	1.17263773378457
-0.148898020383224	0.112521700296724
-0.311301612254188	0.258578032562177
-0.142464310019667	0.13175920539439
-0.609030142827597	0.927574141316713
-0.140260444197996	0.105654705543541
0.0123541462543163	0.0075054155482754
-0.790349480672527	0.84759655371167
-0.020518122819659	0.0155323077433032
0.102744528602631	0.0705168642945238
0.0149243012844814	0.0124229322460046
-0.190855474754536	0.154522060204156
0.0426307593976685	0.0295889367946377
0.120754234518987	0.0986702056229226
0.0679347852254497	0.0568853403035754
-0.105110141496406	0.100770698163386
-0.00116656245694372	0.00063769750705954
0.616623510431038	0.382419896863246
-0.47435679555724	0.473670615421164
0.118565958685269	0.900111180916209
0.0147226535831591	0.062859145632282
-0.144936373425678	0.938190990947955
0.0191817678821136	0.0695976684792422
-0.114217675978277	0.484059913299949
-0.181888207949379	0.674038202415016
0.0890045154134625	0.231501261979184
-0.0891726399811784	0.214657784431466
-0.0415667732492181	0.0764327523383146
-0.0727997174158806	0.0867603984147215
0.0182407321858573	0.0184394426358923
-0.776207280019232	1.35490676024427
-0.375964489779286	0.558720219572756
0.188284969203644	0.221749003568369
-0.415705772119757	0.481615192032228
-0.24329869210929	0.23580313237888
0.133827026029808	0.123942309410599
-0.337181568817063	0.65107786311719
-0.193106004697785	0.291567902674079
-0.165934637029535	0.18990394596154
-0.763734579143608	1.01500586295495
-0.561024117606533	1.29713422926081
-0.0867211585128338	0.078382311746533
-1.24044664029414	1.47769822720368
-0.0119373875036829	0.00900463821468043
-0.453197451283055	0.464994579422361
-0.2848219959855	0.246461873297515
-0.209397622801554	0.168057390276698
0.0604588301665284	0.0473199744767922
0.0797612938168045	0.07114192264938
-0.324720645992338	0.29282262042056
-0.117602602832336	0.076773777276709
-0.636141335886226	0.702961884808569
0.0156941020435824	0.0128690384224031
0.285441164303686	0.341726528132493
0.595375225329981	0.837120890712832
-0.0927602221808345	0.0621041298214418
-0.0658619798045059	0.0542488418970762
-0.265302274851788	0.208829381904391
-0.382427605609786	0.344968693434813
0.299450965224781	0.248268466516111
-0.323656966467782	0.276220730478896
0.00883068521634464	0.0052309276629673
-0.282039279937012	0.244652178968202
-0.190639792722467	0.154979561712967
0.532711230140647	0.773935636350767
0.250143472703327	0.279782489076929
0.588260792149073	0.5618703277958
-1.0017905858102	0.834017184996114
-0.430331889797476	0.315477425156108
0.0460912624125137	0.262314900262163
-0.00151769723505138	0.00613601792655482
0.146019275885997	0.785582076379496
0.0701389249008862	0.246891579525252
0.127691074122183	0.396077962814897
0.476009654040467	1.91164572263238
0.382625039065698	1.31070486094329
0.0592003565287155	0.102552297955795
0.573629576053471	1.49041713844909
-0.109479095543714	0.103568014775507
0.334944666673051	0.406268155810861
0.817527892976473	1.19520385742521
0.57813804437614	0.782453391465912
-0.508205623240613	0.551703259852285
0.116709596584407	0.0994060738060271
0.142757598785196	0.118781338910047
-0.30422857977714	0.2971816733821
0.0172173417899318	0.0249205050393753
-0.494997765510864	1.30503696486148
0.114640248836697	0.128114212734607
-1.12984325544933	1.8474310994339
0.818380217140037	2.2863136445206
1.01561599583326	1.41528116461996
-0.340434393793285	0.257526778370708
-0.230902025427599	0.221752744962478
0.53743598299636	0.530994595838549
0.043156528372104	0.0328705807191996
0.0451902346013843	0.0320572686446809
0.13344464313983	0.123643046028287
-0.337392462691413	0.336526603757714
0.969440744625253	1.19769656445091
0.298962698825445	0.240778258457882
-0.0933692629624726	0.0627586310543734
0.623743028413423	0.656758354105984
-0.648874727411561	0.899772333679697
-0.424172121457927	0.560017648701066
1.02620335886875	1.25910843766651
-0.528983809726901	0.405328563518905
-0.247352442106795	0.174842787197966
-1.2076830948622	1.81896882162351
-0.161246912820658	0.12043212659731
0.19586006568444	0.15544307167299
-0.223714036902697	0.181850444114491
0.235305330467934	0.277231024098673
-0.229779350918014	0.27472094041081
-0.0880619189028155	0.0457172776242485
0.0614194219782122	0.355620637627022
0.160756267200197	1.16099174639724
-0.108871090271669	0.511958172912101
0.0721712484236575	0.236930503316175
-0.0276065453136831	0.0670670843346622
0.0957281201016278	0.259411354350083
-0.0336744519698795	0.0661838103107434
-0.0403192726110888	0.0680303937717382
-0.265352123139691	0.712633453961908
0.0029873021874514	0.00325394761351951
0.270893400074607	0.401410021254719
0.286505302792381	0.348032266141437
-0.119299412204483	0.126524863445916
0.072069590864236	0.0770119318136009
-0.150191391334384	0.145263038843355
0.535063587068176	0.897037273399453
0.441125277015356	0.563708833299425
-0.275044172164494	0.508381468572346
-0.0122815717926002	0.0139265786467615
-0.789548507892101	1.3797409480142
-0.126688706664469	0.125792576482558
0.169321269497968	0.24170516184249
0.269996736174669	0.33006759167147
-0.072795464894613	0.0591580404019083
-0.304861192420851	0.371568815039866
0.8129972575041	1.10285180344488
0.24341336077636	0.301879069522347
-0.816341053785283	1.21876102601721
0.188172490875895	0.180287962245395
-0.144774723884329	0.123025884477198
0.648281489521801	0.818927562487519
-0.137106903921451	0.128009336062836
0.52428814354102	0.679906191530897
-0.506114377191296	0.661223535361731
0.149842351564804	0.136533479554073
-0.493535889413377	0.79804371801579
-0.179340165662474	0.149489720206782
0.301742296985254	0.245207350750433
-0.381559076753957	0.30408103284982
-0.126544122080337	0.0975780521063576
-0.799291253011293	0.986980427538982
-0.241487625535475	0.2319811548497
-0.465519790174249	0.54208054416289
0.264127468399917	0.256453932982009
0.0653804020293914	0.06358106543806
-0.475843804054927	0.431704104116055
-0.271654144475687	0.237801219055423
0.0975380102591949	0.686785780772856
0.0170499429206079	0.0717002177765996
0.102098753568066	0.460116612301264
0.0444299539992972	0.141288291308916
0.0164611573997715	0.0445997238999314
-0.241777547534815	0.918571555015667
-0.13586705296337	0.397361531109148
-0.173267519112626	0.476177524259188
-0.108276412530812	0.17379164976299
-0.453495227376751	1.14403365131008
0.253031567762366	0.45462754996848
0.00118043871816472	0.00144335061513931
-0.321066307586347	0.565494573435064
0.0733463167732823	0.0945084753499098
0.102948100310452	0.145727104296627
0.0865315187398687	0.111959545562572
-0.61645084712197	1.48293864949621
-0.193896566449516	0.281867547374377
0.0989889297861445	0.124935206943704
-0.236005736923754	0.327543422606036
-0.0330612471819254	0.043050833367754
-0.457451711295149	0.770656260081355
-0.0393080804736123	0.0408560455614167
-0.412745388635532	0.654240540634255
-0.369235140067571	0.518256780795807
0.000565836599318875	0.000293895174049307
-0.525521724856574	0.861018053052467
-0.660050818513752	1.24898764264841
0.365107997970011	0.556052303396949
0.235974901900956	0.297936701243591
0.098700142220125	0.0924637866391958
0.191562744143899	0.190804391381545
-0.438007012085773	0.514299964931867
0.203857581273602	0.242116345246074
-0.0670114023217903	0.0677837253295844
0.152649127152507	0.149122306963116
-0.028037775472675	0.02741413340989
-0.233784793032738	0.263508763673029
0.648894656282451	0.996032836990185
-0.623179520836923	0.912947912043767
-0.756182043948736	1.27565562702193
0.00414679662771382	0.00400201861985877
-0.268068603725256	0.315876248699596
-0.018483089975245	0.0154845502574192
0.204539348471178	0.244928749724641
-0.177817233906759	0.161628703664893
-0.0526280743258251	0.0437525130126046
-0.430771900808151	0.562228101054295
0.0964015509776654	0.668687609657583
0.203515327119291	1.59055401756363
-0.0537194793917251	0.201469313164268
-0.00665166533921778	0.0190547843753988
-0.281034312894306	1.27492236014568
-0.308280808967461	1.37089086592642
-0.185653868873441	0.598213514963936
-0.309096645853408	0.752953804345335
0.278408738187769	0.548094207972694
-0.307498026084011	0.66806547626441
-0.0672032004628614	0.100659787121114
-0.339480496525189	0.669004105201689
0.520265043486741	1.26600041067463
-0.0622691096183064	0.088645562699208
-0.20008165152462	0.306010571725704
-0.216716121545913	0.384169766179777
-0.104416236109988	0.138848176727366
0.00775909047373358	0.00953116250447297
0.00714523470216719	0.00839509617884192
-0.0976658374760697	0.151022792639433
0.111844399864151	0.153134940812668
-0.162724465626367	0.215583379000054
-0.144812993631771	0.198709291517524
-0.457027906432019	0.876974963328551
-0.384763049888823	0.687783863971603
-0.0439650172554994	0.0443020375181336
0.074830555251896	0.0982202719200971
0.456237001680504	0.670210924065631
-0.106999747705727	0.125625342388813
0.192834574936515	0.239584424931588
-0.797084244620727	1.6235793200044
-0.576133212146994	0.931703519871424
-0.0710461743097499	0.0771373809422385
0.288097396169359	0.360462410390155
0.194358348825641	0.243276398337949
0.0560145613333692	0.0615073712198595
0.194293800690863	0.221169446802738
0.323330400235596	0.41770205348286
-0.147656247999172	0.165579612410692
-0.0350115968347516	0.036843805587115
0.158368977984311	0.175924355671136
-0.664422386463478	1.13729077282745
-0.690022139305357	1.27571112188049
-1.39744530455957	2.8339537033804
0.170709462778319	1.51218933915151
-0.0796874823422004	0.427754720147038
0.0379234162707949	0.139332223295355
-0.196639689358198	0.906399639640455
-0.309281327756877	1.61236329729891
-0.153852395445242	0.532111237107099
-0.0551439364562222	0.100158264690605
-0.0366762751811868	0.0657850210257094
0.353345198973906	0.890458248676789
0.0896329153158049	0.161219852391468
0.143056181912003	0.257902990390358
0.185400274310311	0.352226996281917
-0.104208001466001	0.16151316661282
-0.347377268253777	0.729951863677604
-0.630004853063885	1.7144609724737
0.0811624746017987	0.0996180477682089
-0.423105567089276	0.965818955435532
-0.926250454470139	2.51169728718468
-0.304959192327688	0.585024851434865
0.0490568666448784	0.0652082155233955
0.176262973704938	0.278698439836584
-0.0630482222177459	0.083667253783134
-0.270099297073454	0.406768050326983
-0.849072380657379	2.00350938827178
0.148388405405419	0.222174686492057
0.213859560241838	0.340637214412553
-0.123213979940042	0.161896880690223
-0.359459283424577	0.576587327872377
-0.115749128794992	0.143898718553867
-0.162585552065368	0.233606561519025
0.0761122003194323	0.0937121567029378
0.0604295100246875	0.0737604688412857
0.328582759361008	0.528356250033251
-0.169172534624915	0.21671098781537
-0.180777573230235	0.2109702775774
0.0173752468413937	0.0199089621138532
-0.305585239804474	0.358618323312723
-0.118808495363949	0.142009383044733
-0.501859086967356	0.886283831492676
-0.266444554318886	0.302627084908089
-0.593022347445648	0.932714305457492
-0.354249232655753	0.495160439331476
-0.294872744192254	0.392129510416811
-0.198257345855828	0.258870978971985
0.0945106286543744	0.0970938745264584
-0.513892151370039	0.817033667410828
0.079840343520061	0.526859886093818
0.0550305190973495	0.272091252062433
0.0212922485632035	0.0726401239354074
-0.262817571276123	1.48379720315436
-0.330800948772695	1.73550458012628
-0.00611677971527136	0.0142913622581806
-0.145131416090342	0.343242713855934
0.0501984890747567	0.0955202417456505
0.198722901240455	0.468512965961815
0.200742885348405	0.462743924781925
0.0236865595129006	0.0378407254419595
0.0651856765244172	0.118361241328414
0.285807619008365	0.693585066650467
-0.142796325541169	0.25179251031369
-0.343999904302525	0.67690978695007
0.359972647900534	0.615634971691199
-0.30198633966932	0.612080468238051
0.103217430227025	0.141787269753873
-0.00762869290652727	0.00984624845752399
0.297400189725381	0.523270783223825
-0.296237407733982	0.579652534747924
-0.307000078466423	0.621348007747792
0.332068007004123	0.620161555490259
0.163417965713872	0.25635183559687
-0.0450617847596033	0.062409419421043
0.251560129431063	0.447112829468383
-0.16984139863671	0.249940922702227
-0.263653105843447	0.414845075083926
0.122267502734291	0.154502608532184
-0.0331202813206068	0.0399400002488196
-0.102020400292215	0.119400262364514
-0.205087475125639	0.265981106623385
-0.229932112183001	0.359040637999645
0.368442805239849	0.522921709366719
-0.361613972845793	0.629097271095765
-0.15699946839055	0.22025410679897
-0.432465302966928	0.724665792583594
0.122831230732371	0.96521795173287
0.0064984435422868	0.0247704990059322
0.0351698943370437	0.122650452452177
-0.162157692147994	0.714886448758654
-0.342486143379331	1.88588299496524
-0.245534297035304	1.06343601503116
-0.125394426395047	0.303018347337845
0.239586860285561	0.699090116995952
0.158358451508339	0.359086067334653
0.251512992811533	0.640135775781739
0.195685812444021	0.480328421146856
-0.0738397120473792	0.1453818750496
0.189462036012839	0.439509059390197
-0.281630093622742	0.635715872399738
-0.220708852164612	0.413390389221418
-0.22382176514055	0.374265788731211
-0.375973882123552	0.924086903336947
0.0308060241686065	0.0402745020879264
0.0279231950134715	0.0391103737718234
0.0355604433256907	0.0535484620937974
-0.431306186089312	1.05096929997125
0.00935872018733822	0.0131901061271056
-0.140621656635814	0.225035500492677
0.134016417036367	0.216457509988291
-0.380183246688566	0.826322550644272
0.388352102302044	0.850023737552246
-0.249116869673184	0.441059578380605
-0.380453549913715	0.691873604077051
-0.119112936595266	0.164930538992601
-0.0790568582556655	0.0916667969293435
-0.211710672909639	0.304981871603094
0.317625475069956	0.473303668666366
0.0741539569245659	0.094271670149974
0.263742556824454	0.38330912320432
-0.514073341400623	0.947087189580999
-0.340010909519359	0.512347756626733
-0.468700161903308	0.805867500791342
-0.125333648066338	0.107409404441071
0.0292049253055739	0.151066659040982
0.051161181384306	0.242151870172968
-0.185655946195411	1.02402023439718
-0.205049024299496	0.963465085736925
-0.327224086193147	1.71055150668498
0.0132557618251062	0.0271556998302889
-0.0195304223431899	0.0389006291057263
0.511909266919559	2.14808734194671
0.213485533036723	0.573232621702247
0.156008462831832	0.344237676489271
-0.0208472870995392	0.036383150479472
0.0936814413417736	0.179472070345419
-0.212886107179367	0.469734487664359
-0.670625279615119	2.03719713370285
0.109559623054614	0.160856535735152
0.377680256992356	0.874888046994974
-0.228781805302835	0.420368784956802
-0.373100558483198	0.797604506772163
-0.286099370026968	0.595509106155539
0.199258763967339	0.385606332011614
0.370413836159439	0.90131159870136
0.123018329932312	0.18633909513037
0.101287933695914	0.156953335469618
0.0837645830406308	0.123224930724829
0.0792904060581237	0.122323327063632
-0.00107042615341399	0.00139510691048138
0.372198302187024	0.668419738486798
0.12199791544565	0.172380781855145
-0.03511937579669	0.0411377189284832
-0.26239782209846	0.331417392466943
-0.0840918689154515	0.106307281179069
0.172288484587772	0.24312775659298
-0.253512087948086	0.376651088437198
0.0484163026448917	0.0519079443048505
-0.0232755143116614	0.0259981864829515
-0.292274645026939	0.398182495921308
-0.617173797916153	0.769913722933333
-0.39048771355979	0.433615029585144
0.000625188820043907	0.00282595282116077
-0.103737119091729	0.607249857412728
-0.223011455406844	1.2853043157357
-0.124727253578037	0.339511002814378
0.003662383249357	0.00785879971926881
0.379131285062194	1.6421654268784
0.426362702929724	1.78551694503768
0.430712655612537	1.78493083090044
0.140067502515522	0.330697836240759
0.232668491260012	0.667733598389013
-0.0565758988872413	0.11011821457864
-0.350928963753368	0.986320716948736
-0.320810775136856	0.672774559071802
0.158477572535713	0.250246679701496
-0.164477386503193	0.334114600970336
-0.0091314957297021	0.0122323236250329
0.0515833585844612	0.0772130774378593
0.136854843207079	0.249874158886527
0.252625106310186	0.50348213004453
0.126215364066072	0.233216318818685
0.0727198797424912	0.111684680006125
-0.138794363690376	0.244299609054067
0.332074447260381	0.697044577574179
0.142175066477537	0.239094455248748
0.300829980659638	0.559349903147863
-0.040220453037257	0.0528310544430841
0.202195557013144	0.334601309189965
-0.201329471550825	0.335300585118206
-0.0799768219178776	0.102439157172589
-0.488073436691805	1.00756391081457
-0.11018036326443	0.134540277120237
0.302433940586052	0.464996267361706
-0.0114092635271138	0.0119998739868157
0.214903446174548	0.295838943893188
0.1669473582488	0.258938033421464
0.146448827171705	0.211152189179644
-0.358944613129288	0.62312669073287
0.0584236415103194	0.071985152805623
0.256801619984912	0.410749361474901
-0.0756396638273902	0.0934043326701211
-0.0987654590820535	0.13370880265408
-0.724140615004158	0.983873701127778
-1.02104803808621	1.93386104468803
-1.31049462046239	1.69365581923285
0.0952662973751906	0.667561016850461
-0.185079332226843	1.31691613096444
-0.267072168757292	1.75336164106997
-0.349462868493989	1.57717476894485
0.00817263743940078	0.0189566379571569
0.324944515072302	1.49223916441306
0.434727720364672	2.02074985147163
0.467263614704397	2.00649739382724
0.258371278343463	0.819542003795471
0.273266536469623	0.903984800666484
0.0557939457651958	0.113256017140923
-0.31135957864699	0.772007640299101
-0.451327513165978	1.30520490868395
-0.216151841698628	0.376473685805901
-0.218424495492946	0.445474981134678
-0.0413841256464199	0.0580861650054436
-0.0961840552395508	0.151526834484309
0.0190407592331938	0.0283712948022625
-0.190835912047851	0.385652866467163
0.138271165280444	0.26471203873266
-0.197341291580095	0.373158207372076
-0.161788464193911	0.289611292839594
-0.118056828280899	0.193793632645645
0.0648184179710815	0.102931138657778
0.248083153880693	0.465031712467063
0.190661269300971	0.318549012887853
0.0268014774058523	0.0372609312138154
0.0906123091419171	0.131364562830618
-0.343358213831821	0.62272544890726
-0.0702952927951494	0.0910735409136042
-0.220691436193763	0.33706814426165
-0.0524778560809302	0.0673085267047607
0.0903274580475548	0.11871380382991
-0.0785545633850333	0.0936618013173338
0.0443735100905113	0.0495990388446518
0.272668023969347	0.407333886471465
-0.157114325998485	0.21851105086554
0.0866542125616318	0.115326735304234
-0.0692874775127978	0.0873730564970957
0.266712715141968	0.408176960643809
-0.150561973570314	0.212284672833395
0.0388556340358419	0.0496631218482948
-0.0680182313545862	0.0821915294524409
0.0209678319898115	0.0256277572427324
0.310684000459905	0.479752766197501
0.352952487082402	0.57116623858152
-0.0946407720277707	0.118240808337815
-0.61890461710867	1.06822704193458
-0.584146904007056	0.693771307713833
0.015229335538021	0.012343333261182
0.0903711972619171	0.0560410877121292
0.106999111614126	0.768923284772666
-0.112945336091545	0.656610004181465
-0.203304291894019	0.809522274418989
0.373992624803739	1.6890126903652
0.218248005069967	0.69935672043711
0.0124621907579623	0.0242699389755646
0.157412304738781	0.45048048971241
0.130466185436306	0.310665380981469
0.313931538499182	0.89373654200088
-0.646265330163513	2.32113127765399
0.0389218978592758	0.0525754836061355
0.230914096359903	0.537494783327943
-0.0977902901907017	0.149442779636715
-0.206950076209568	0.379609593483153
-0.148636455941557	0.282862696062466
-0.206421182385706	0.453374311083818
0.0766600330593044	0.134701909503806
-0.0982485957270488	0.162520274580238
0.130592221397092	0.227037447939631
-0.0494170794712051	0.0710877057924985
0.0617827615467322	0.0926997749810675
-0.0242615680860158	0.0316459728974197
0.0323229991934847	0.0403145286667561
0.00782124321060128	0.00966875315707914
-0.416920892844556	0.772844971956507
-0.167418809781933	0.231012182299157
-0.234999391310701	0.344453444821957
-0.0195096387960438	0.02340689268553
-0.122209844904232	0.173594372320265
-0.0173914895416499	0.0215851693444537
-0.0869242411591256	0.104042548016219
-0.0247685424398875	0.0287620556553784
-0.114371537515496	0.163790557235232
-0.221703398830182	0.374180193095764
-0.0260887125922398	0.0289740612394882
0.316298218495625	0.554369950126901
0.534877103337749	1.24518403029715
0.430881439471806	0.725057585946767
-0.0136151824124983	0.01743157831874
0.0610730723893351	0.0772567403468924
-0.0710779372467415	0.0869543973186471
0.36794144628007	0.598963461068517
-0.992571386214996	1.20519474906447
-0.330904890377167	0.481387520676743
-0.412148407815969	0.547679122702596
-0.298374854756953	0.323558213527847
-0.188476462921501	0.173518109376694
-0.958909370073586	0.944881499887082
0.0753683696986103	0.491720204743255
-0.200902649663085	1.52455607710345
0.084790838670807	0.322074644692763
0.582273522637669	3.60085212772732
0.492914766730277	2.41078320972703
0.21966646583149	0.728125791282755
0.165377665885552	0.463870841708834
-0.136253690277592	0.333887153440338
-0.499522991001632	1.74336909120402
0.0278693790241549	0.0389355290858773
0.0993377620578604	0.20234173010779
-0.274442938044354	0.627446142456471
0.0228090098256043	0.0361644360459365
-0.115919741830182	0.241349881641492
-0.161144991072816	0.332803644301261
0.0672708733899563	0.102423825331614
0.0594416573425463	0.102178034970261
-0.194353868410008	0.284013654974075
-0.127647213414369	0.181864017108928
-0.065599189601935	0.0951162260652548
-0.0931777292965371	0.129637311265337
-0.039938565668113	0.0508887404851443
-0.108761776016913	0.164590645578937
-0.28573305446681	0.493977379700873
0.411162643926804	0.756633547233948
-0.189494430078513	0.267394653061089
-0.278969955230969	0.463327845022526
0.0398554895448811	0.0539251007229007
-0.367904549522824	0.637279951299078
-0.0045711652906359	0.00540439831378362
-0.319656160743781	0.539171257692149
0.0471171029713978	0.0511573863865315
-0.0578492357359026	0.0640695407803188
-0.365361642276843	0.560314954919933
-0.50710191793249	0.929771108047136
-0.819176241139027	1.3101856230437
0.1383361405208	0.144219933122626
-0.114874304423517	0.101064236561933
-0.0751448173397043	0.0414812295788289
0.0642604982753171	0.408110038285981
0.207654207314487	1.77952172387804
0.592588494471706	3.62834511230587
0.624692171959673	3.48498240109509
0.152755319350232	0.37385895716816
-0.024468981462663	0.0476918539091337
-0.0337569874762941	0.0622717006000148
-0.462470889973951	1.61988925071154
-0.533543434141025	2.82619599239021
-0.484557091242631	2.11054166403678
-0.0917215959694469	0.191364381652049
-0.131723093900451	0.262881723512229
0.0825975505756742	0.106365762220632
-0.186415977257982	0.246249010145912
0.491557824513935	0.884265519570446
-0.183510535422099	0.281669456201891
-0.130212531403784	0.152623022357682
-0.154236654798363	0.198538113737453
-0.157201754887767	0.213919625549849
-0.151369733649221	0.200602688745139
0.41061149234092	0.632961875524904
0.457155519358521	0.774664047633587
0.750662597010137	1.43974700977513
0.0137774362340915	0.013698542013489
0.0104142786307528	0.0108147393833375
0.0354024666690305	0.0433110104497571
0.00914197438539532	0.00946207889185778
-0.232374582256689	0.348719591726352
-0.173917684676685	0.244709538770983
-0.433875804752302	0.681137925690425
0.188134754067918	0.217518443716544
-0.290227504104807	0.37463230443569
-0.541133520342865	0.969078292699726
0.088233369955734	0.108867419307366
-0.117624552430978	0.154696848471177
-0.356040239178908	0.585911677808303
-0.359859958750727	0.539003130136034
0.210239000368953	2.26987090064845
0.388016478463167	3.97703729234863
0.0814122567647125	0.297003122510255
-0.124183998217243	0.391819737292238
-0.694664421192971	2.99074764508975
-0.121796747925478	0.194439572162791
-0.457761823854714	1.26048725290583
0.0650495389205075	0.087911616252922
-0.237065999900261	0.422074495216423
-0.170324839247483	0.280190206501168
-0.12404165192961	0.195929514934454
0.0758184266656226	0.110285409994278
-0.0861295194009257	0.117146510601255
-0.275687724013133	0.454114588554622
-0.23114999176171	0.414234181570397
0.122186799849538	0.186449204045087
0.0255241494221384	0.0289791086532223
0.100652988778945	0.122246485163102
-0.0593478000894685	0.070278291448534
-0.287097875982092	0.407520233097086
-0.294056547315008	0.401844524059671
-0.537744525380487	0.792295438015931
-0.260380411637671	0.342938694119308
-0.0190903645083062	0.0237566367092472
-0.053661704456149	0.0800274035742312
-0.0650435113471473	0.0635876443370738
-0.435088286759153	0.613338173159889
-0.0291689192613139	0.0281630628872419
-0.129129895396014	0.133777106691074
0.0266906809662752	0.0271353398576384
1.03038458105081	1.6975144649405
-0.635882215501423	0.882034780058639
-0.840025206533511	1.60442212119226
0.195833567025456	0.171235908285525
0.0252864132266571	0.0235974111567794
0.42155083492097	0.634489159813936
0.349558403868228	0.570596641791109
-0.456485869986143	0.954143445762253
-0.00481160246851298	0.00529073421412753
-0.205493892715963	0.2492000844649
-0.147110513062431	0.14735094596119
0.563502875068689	0.767394083977531
-0.112391295880613	0.117438951226373
-0.121584217806438	0.135910840292596
-0.644437206969829	1.55479917871891
-0.388794829052981	0.577208793098957
0.0522312802715064	0.297936183496968
-0.0896231120135169	0.478683975851799
-0.284163023745768	0.83644170308672
-0.233991857845449	0.577106625814011
-0.234490586681951	0.637105757814624
-0.183568861708426	0.365233913099375
-0.0372188525048112	0.0618585101572313
-0.0773813472195148	0.129090924984915
0.208799393391882	0.375371600276211
-0.264847713057319	0.527935383799658
-0.195804740051023	0.345838741796503
0.233885822403931	0.381593049784662
0.0892797057909422	0.112605487151299
-0.0482299353006475	0.0701158263855737
0.0871291740161515	0.129988521137427
-0.155073450894887	0.239655780718798
-0.00682121931534176	0.00878650776843681
0.106810947540055	0.134886036815774
0.0377972160620055	0.0461509169800349
-0.0831728958618898	0.108910600788057
-0.045051964486843	0.0582280517680703
-0.11555955768537	0.162910028863313
-0.221905936449781	0.329208206720638
0.41807646060966	0.647860122371545
-0.0214841884249907	0.0222417641819807
-0.252409274711097	0.372355191387864
-0.338131470328787	0.588167683137683
-0.405403710392764	0.727659123023079
-0.00103570848201526	0.000929221899557018
0.341511338330458	0.556757342815631
-0.374676445323325	0.679118644250609
0.149319198138346	0.2116969826611
-0.132856801243748	0.190771019998443
0.0491014483281335	0.0591838261529295
-0.125955700629333	0.164559495435838
0.19507666471183	0.260606057413055
-0.224448847442357	0.29504716586482
-0.108731700152514	0.097121963478438
0.33813362549167	0.322117588954425
0.243099715453405	0.28556398383202
-0.448625482744049	0.722663712118299
-0.485432376955136	0.795558835706689
0.0107756276060913	0.0110375045922517
-0.017410701331121	0.0184568832579245
-0.0140574240997838	0.014031233121381
-0.616715049469981	0.864454013583135
-0.408693995024513	0.538743627150618
-0.334779917372734	0.25193618047431
-0.111011655520758	0.0548459217081646
0.0195612521099089	0.0976331377965714
-0.110587712667502	0.638845064731417
-0.115991799950267	0.246486052083201
-0.0251408433444768	0.0432065473728065
-0.155370536945545	0.284382728415195
-0.179482001750683	0.330397394347579
-0.0831200727710865	0.132201373379257
0.153908171324243	0.25752137842524
-0.231556765238828	0.402404664726796
0.122262206511072	0.207952709934431
-0.112643127412509	0.168661199871592
0.114923804068818	0.170683767727378
-0.337908535413063	0.60967163647238
-0.193036737498675	0.318199987277075
0.0711404462115917	0.102010233316312
-0.15948852122468	0.256524553772701
0.0103498568323936	0.0125581332761594
-0.150766681589341	0.156925730252935
-0.135341321416514	0.173837482806328
-0.380147469893543	0.652514888583389
0.518422281002182	1.09641753122916
-0.183501406222114	0.256722115864734
-0.617983788066154	1.45154931384819
-0.25008923197323	0.468152180060869
-0.109010495136678	0.151503362669325
-0.172482315704274	0.280624173857113
0.0846371160274629	0.118335603273678
0.198951900339292	0.31276501908091
0.25261434926479	0.446961145333977
0.223820615041541	0.376107849736025
-0.276471014969742	0.455120459973586
-0.00707508035077787	0.0091406579286608
0.202900111213194	0.28711597275649
0.163344073412297	0.214840083571217
0.806445431480219	1.17311829385742
0.00806701154827471	0.00643963014701634
0.555813668404521	0.845601194213862
-0.182101297455519	0.24380037734439
0.15329372138101	0.233667236521623
0.0498872065995963	0.0659471511909169
0.253345549581775	0.386397584229276
-0.971113923382794	2.25372319887738
-0.421865006222195	0.498454521089191
-0.701483797247592	1.3233965599511
0.0130897590535521	0.0618659460331225
-0.174458195999034	1.25270497541512
-0.141558201599277	0.65945267360732
-0.0857312611473572	0.308506762473632
-0.0584099301025569	0.0888625431782836
0.0643079408569954	0.100524887460885
0.0929304281056657	0.147768022206609
-0.0298735476370478	0.0416111603150788
0.100076146340976	0.143995535601083
0.0670566183431615	0.0909853825936188
0.354509673479934	0.754505666150078
0.106415215220708	0.155532937521123
0.139667102426786	0.221443688510111
0.329686510994786	0.635006544220025
0.446070037044142	0.989509287016181
0.0486135347044904	0.0615498688646833
0.371785692288851	0.735669868261953
0.0925300782760642	0.134447659805418
0.0421515085528793	0.0398105336744459
-0.156375915780597	0.184115074281121
0.0542660798919838	0.066054514961557
-0.17829468286326	0.258223438514865
0.0508287197155437	0.0697102326801437
0.115754458916899	0.171081466310127
0.243764404502968	0.413291515348517
-0.182843303740368	0.294034066807952
-0.00735060016586633	0.00965677914371696
-0.0690349322661901	0.089820414470155
0.573221208305378	1.30122862097261
0.621481004017791	1.42262893899855
0.520100877069307	1.17382068567381
0.388175946603901	0.733672779026776
0.0772544466753808	0.114350693075528
-0.295046706730798	0.482987963410208
0.117567999254742	0.136694210534672
0.647538148101203	0.993161824448782
0.248624424620868	0.256223301522635
0.413223883677665	0.560004655704584
0.230618412608844	0.286938904280791
0.186144632338576	0.243462800069923
-1.02561819172341	2.38777593146557
-0.718591426906372	1.34034633917457
-0.516141371632099	0.797074595577835
-1.47134108057707	2.25430688546311
-0.709382256615722	0.888142716429406
0.0191899315088044	0.0941851940872142
0.017234264657723	0.0689998043992075
0.0201247252169094	0.0664266778146998
-0.0694225478500456	0.234070413567377
0.134096150292225	0.202519135350618
0.169141393196739	0.306295453486384
-0.0483416384546842	0.067866947557714
0.122901327318291	0.181733297990543
0.547479930248988	1.07975908332856
0.504120823358129	1.09982995775612
-0.242192144204361	0.378655187516773
0.243200082133812	0.398587707554658
0.545767992833534	1.29584173487697
0.177199369140958	0.191168404192041
0.351680026716376	0.495362666828388
0.421615750384941	0.792753870265448
-0.391843844405452	0.725870042714246
-0.320367125022884	0.545139903242759
0.0473792820741979	0.0565219186659549
0.0416194281980302	0.05522359142391
0.390200636397131	0.713377154564836
0.38613983025656	0.729090467753518
0.120874817924805	0.183665730173168
-0.124206752344961	0.169257150731628
0.0409779330672876	0.0535107175238416
0.809469342105454	2.22570461452655
0.214281520202986	0.350870599682106
-0.239530437124874	0.423593584868829
-0.113524254001752	0.14938993184197
0.0637072371083747	0.0667830088261034
0.0417266656419736	0.0369769222842826
0.18285732402898	0.17994779238926
-0.068254227452358	0.0674618620156438
0.569861672185312	0.926684976232886
0.409353106038187	0.74205905054356
0.00203820942746979	0.0023400341541154
-0.0109381279671298	0.0118270065491291
0.0268817795224876	0.0269553018784411
-0.332420358878863	0.345739018411562
-0.394707038867411	0.554975014322507
-0.610397811864549	0.63090735514289
0.593635974547341	0.638944803530236
-0.0236419375973457	0.0136531734324422
0.0557544614141134	0.323903977288262
-0.0451091162810756	0.203399948617135
-0.145592105243858	0.697194683080401
0.119867731867602	0.17833648773342
0.528205411298426	1.28433977445054
0.470809781342744	1.03995577439668
0.302372061117833	0.57146220480666
0.0609507345277609	0.0795136362979042
-0.216429225633098	0.324061821198305
0.0355761838440533	0.035329585238339
-0.0671600577833968	0.0731824964538066
-0.247250900080045	0.417724865869602
0.35966471924848	0.611193713717261
0.0979880598581213	0.14068717256139
0.108668990394789	0.161074118833397
0.0487945307013301	0.0635299786438661
0.310150633426166	0.614211856692058
-0.582985741483996	1.30498746807293
0.514410867906961	1.06884882300728
0.349930241317667	0.652035949459059
-0.108205334765324	0.144895801864387
-0.0746563020051849	0.0973602473186472
0.110398669188362	0.155801938074408
-0.0902578256970745	0.124049418192929
0.0919938243027	0.119150683407692
0.634501898090496	1.16502766612547
0.195953891090449	0.191832661157749
0.0479154938034975	0.0356180164781254
-0.175193078575932	0.175241110353232
0.0621282970077588	0.0635756353552127
0.054414325874211	0.0687031542489557
-0.169438892269512	0.240297006107813
0.190621139566489	0.230195122462443
-0.191493972731544	0.266175487923597
-0.595798230242816	0.681282721589055
-0.386477257212719	0.377435125658671
-0.859794322097106	0.976962784427331
0.0134002888037363	0.00787646230759442
0.534624397132307	0.533331599464303
-0.350058203392051	0.320985092094538
0.00455066132777874	0.00306603667834424
0.17887382026719	0.230459381984101
-0.0133891292110707	0.0657058804043294
-0.00467131077794083	0.0188473165576178
-0.0715640701402826	0.284089328349754
0.194191766595728	0.334608534341898
0.443342409389773	1.02440840602205
0.48729970526031	1.32742413567446
0.35959421106799	0.76146442324596
-0.058887213812803	0.0655400989409179
-0.0731179462875054	0.0852165238780589
-0.000516345024281918	0.000515379836439907
-0.428551370311088	0.886558827218993
-0.563589800668024	1.18539795275241
-0.425548113104194	0.935374258384703
0.00521845101840572	0.00643355857324913
0.289645793219159	0.620117749742774
-0.332721752479087	0.727078400077994
-0.0334027711720148	0.0419488694868699
0.232324628199408	0.42665589285848
-0.254670952244848	0.446757528147994
-0.414574921623923	0.87769599740876
0.300931790897337	0.618059710166322
0.219550839567706	0.381697009203801
-0.0605143560288283	0.0793014447691384
-0.409623942429584	0.699209244084239
0.688851546622601	0.924485386410409
0.643019904622047	0.85284183828542
0.755011979157854	1.2556564774413
0.336665604316896	0.4787023138717
-0.111462486909448	0.13648810908403
-0.0242495201877629	0.029701915896158
-0.268307404139342	0.390150032522468
0.363934487861954	0.531691866590232
-0.250313478952359	0.291149791259417
-0.0980433369460836	0.088858878440663
0.385266222040437	0.338135614270513
-0.838615034033444	0.397130321055471
0.463883187426708	0.169003815490307
-1.50179330057869	1.77188722172646
-0.490379371429084	0.56620334595964
-0.0237735687764979	0.0178622484916466
-0.444635193192783	0.415130551080038
-0.412014670869202	0.747108201779312
0.0812522006578933	0.545858313595257
-0.0593937856514907	0.284405805174278
0.158719408973931	0.277403890906926
0.152084585400098	0.235656436549507
0.122249189165389	0.186004776156178
0.188457951048856	0.301085939600141
0.504845996468954	0.816836460231103
0.40875126250309	0.686844074198158
0.149095064962876	0.228136203396047
0.314888130605435	0.597867061066105
-0.3723875511894	0.691720223332077
-0.24284076704713	0.456871399099071
0.510569413826089	1.31425025396118
0.10136517512038	0.143534956168082
-0.462242527083675	1.12341214872231
0.222180440733499	0.375512759359273
-0.193621691490786	0.345250187058192
-0.147615513632725	0.231266141990116
0.285556051485434	0.517030827956152
-0.587427358708685	1.50897536112634
-0.0849621987436349	0.125607079428706
-0.0988958351430995	0.131596218124034
0.457035974370293	0.873552766540614
0.437064244945292	0.419283677923825
-0.0198368391195848	0.0146704594926593
-0.029117749437292	0.0282105062446457
0.133625677257963	0.176376348326188
-0.011868370393215	0.0143769379860396
-0.241984086923374	0.371336715099834
0.259122643889276	0.363888672920799
-0.590756959427762	0.9431266480289
-0.760552121513803	1.03859364269263
-1.0178253333095	1.93926619726942
0.0136040339605761	0.00883564674562951
0.385363376857153	0.236064880091711
0.24837548085949	0.132750589623495
1.39058100815006	1.28225851084321
0.126905439195669	0.0916587197917712
-0.0734866514010585	0.0504280143240651
-0.0078854646710595	0.00606755175526641
-0.842354793116049	0.991892830784514
-0.314463416491285	0.542602339039998
0.0142990867272428	0.0676037282287272
0.148509393306258	0.92283280187685
0.293872359620964	0.495886016665787
0.159252040341109	0.234843123286814
0.104158716666363	0.140138084862112
-0.0535749350966552	0.0661664922048338
-0.170776374204813	0.256183267096742
-0.15138789140772	0.172809015570743
0.340109362601845	0.481842467159534
-0.316738022013159	0.593316952046093
0.581012372062697	1.21853881219256
-0.458366608293828	0.920561673407321
-0.038456880976705	0.0520752460192675
-0.460822331997276	0.802653798071519
0.158069807867128	0.22994935433296
0.178704947061048	0.284605490303488
-0.0942437188881302	0.130947315641367
-0.355902456413347	0.714243421215871
-0.0877617597948923	0.115849798171833
0.0131447394472222	0.0145786978527884
-0.404982822430869	0.761327880980171
0.119493241540527	0.165058101555201
0.314655123443474	0.52663425760918
0.11874776766189	0.142003308458661
0.804023109476615	1.16343777615175
0.0735345328263482	0.0613070378606809
1.13383684543935	2.30269868851834
0.162137167127205	0.211320238584141
-0.343474258479191	0.51176426466223
-0.0498056545630345	0.0554614500909727
-0.395090140461274	0.690285698619094
-0.180186531311911	0.23013321408613
-0.616843089716634	0.854173412418128
0.0393134260592403	0.0346481515199884
-0.0469709817380255	0.0335936449026473
-1.18287747343459	0.816612286525175
-1.09552520307381	0.45949374164643
0.414386913438335	0.247008001609954
0.207600671345894	0.135430401492647
-0.389218686443815	0.43840545746736
-0.382966470299076	0.316928509669882
-0.562690648922309	0.636551183693757
-0.178767848172231	0.222759890091903
-0.606346005474055	1.03064073785521
-0.220438871764896	0.317812493441862
0.211380254890171	2.26249933827528
0.108470570548699	0.718817498508655
0.307760383366211	2.28333967563839
0.0109072931280104	0.0314053791982138
-0.629270187672246	7.58967404385692
0.215528508853312	0.314476872132256
0.361380472243703	0.634295305908689
0.063420849861275	0.0653372234606068
0.547797848852508	1.02022834954903
0.0121878167428845	0.0162725101558498
0.245823735363682	0.435096756809046
0.174802404589252	0.206560156303795
-0.273304106666339	0.355519930588161
-0.257574835662724	0.30882679103565
0.207728264399363	0.221459063589877
-0.111413093986654	0.123555154543884
-0.267828066370561	0.395278415775002
0.237130734919015	0.317219548131298
-0.384757798283822	0.61699000699793
-0.247261432867905	0.349465466279353
0.193493762967682	0.22044723407691
-0.244415983596916	0.331470582858406
-0.64727522218596	1.26681592680504
-0.360040220914742	0.52968144434165
-0.395978056005161	0.584060298449446
0.212527411070674	0.294818891724085
-0.102389869854865	0.135619301453313
0.0543143755700095	0.0774673662089746
0.140905350752385	0.16609007361822
-0.148829889935603	0.176185398820312
-0.107607878410994	0.122752867866486
-0.601254008098452	0.86947699111848
-0.452416829171716	0.746062630896551
-0.506076911303542	0.928694336133502
-0.156937974891687	0.235486087116531
-0.0770320680174551	0.0852559620052844
-0.407257513753826	0.643618419787492
-0.408118349539377	0.625539298705734
0.119718312346502	0.120107825335351
-0.17537806453147	0.22084178582014
0.0051468242952105	0.0052866677890707
0.659673499005307	1.14670095853168
-0.479536677022431	0.687632543344371
-0.224676786505995	0.329484944345961
-0.497802875667389	0.813692322182414
-0.22685493485327	0.271612875682834
0.0293095124152218	0.158984891646641
-0.014092071684065	0.0539359059168515
-0.337458446630699	2.25287436767938
-0.720202552303211	10.1802100734388
0.290189172857471	0.432529992706889
0.299948474070183	0.461318664048806
0.0580259935677023	0.0644936481113777
-0.0200985778073492	0.021769142541138
0.626519139885568	1.11570693631134
-0.0203981108792	0.0199757602198382
0.235190646454317	0.431963304083776
-0.224912432401594	0.417237595777294
-0.256075996445748	0.301162749900607
0.0579181862869866	0.0464678542481725
0.458415676628493	0.512930457285477
-0.00154080099951693	0.00134513800833198
-0.290903985184787	0.321746274983253
0.0157638048795866	0.014693902242576
0.727447837461078	1.14719413075077
-0.249674071807808	0.240824997183823
0.0036398935429677	0.00321803951666471
-0.270029787062106	0.292316744850461
-0.134815480895462	0.125531236270053
0.203670197048062	0.194618850481321
0.0132988590870049	0.0109646657255746
0.146460203072078	0.143378821775154
-0.0024306323641541	0.00243979814781474
0.37330580402199	0.57005080361848
0.255683906530446	0.43168694252992
0.180944197187966	0.231279842269239
0.309931414972051	0.324869700961833
0.247664763349582	0.262632670972367
0.245255961914835	0.268547220506145
-0.195346287051843	0.22435272942253
0.537998132418472	0.811660967524873
-0.480638435384151	1.07852076793934
-0.219354929936116	0.281917276629819
0.0304947987184511	0.0363019706474227
0.133032383728659	0.197337063374285
0.0455447306047916	0.0557321691292516
-0.398762474217061	0.833167707764852
-0.212640224884824	0.304653313899813
0.0484391116224032	0.053267319704995
-0.0630815114270133	0.0665828967332971
-0.571050181533127	1.28974513841499
-0.121475868658464	0.117084515973801
-0.307582814225684	0.310092715634045
-0.212201613200319	0.171414741241466
-0.0432241794198714	0.235698847401349
-0.180821314926843	1.28035431476514
-0.358268746037012	3.08848083664723
0.232336380531249	0.406031103425807
0.469695857101245	0.92965265108399
-0.305536783708779	0.567184237691969
-0.190506364961584	0.262314906035941
0.397843640617468	0.761272085373524
-0.0702007825981674	0.0911210817986269
-0.247727563576003	0.369973345932698
-0.0848647588253738	0.106799198206291
0.215436347648134	0.323055719532267
0.33476743532628	0.615583199212452
-0.118572914183711	0.163291759863134
0.184759911614215	0.280194709068371
0.0395738676738985	0.0454712708824403
0.296560381851702	0.501224337544085
-0.111637334943034	0.153641682396811
0.0563766407399214	0.0647816258695246
0.0950154143837587	0.126543585673346
0.105694453788595	0.130002933089836
0.425665795894008	0.720921269719874
0.333191761880552	0.509182225528894
0.414361883466682	0.583365454992435
0.277956312841144	0.305739684830709
-0.00229272801988523	0.0022706517324198
0.341058773987807	0.474242152101131
-0.0181040444748844	0.0187353314572857
0.305045707275549	0.428600295569688
0.0345578890090671	0.0382121861568642
-0.130629790051435	0.167365044070306
-0.599477609394158	0.847801704789483
-0.82914135384542	1.58792965621856
0.744258382917992	0.888830617811047
0.514860887867274	0.357961034541391
1.67808738026311	1.88724297120213
-0.88342905225747	0.688874081704614
-0.44832253259762	0.429846362146633
-0.142889768060528	0.13265530986375
-0.117893626593019	0.122461599264149
-0.117470643983344	0.103129773136177
-0.649259682494873	1.137052602448
0.0362577901327029	0.0383897155201215
0.333652553269675	0.531370672790592
-0.168144139126787	0.18317890449013
-0.0264808749469332	0.0301507490201429
-0.684049346186782	1.29897884229262
-0.00147341409082393	0.00618571726605603
-0.0415445517611452	0.187587077504262
0.795577823820593	1.85643304213439
0.179900877095278	0.243950422272656
0.00381936178220262	0.00414827791883954
-0.200167906736318	0.236700619535806
0.120469287745261	0.139950028428726
0.139080746644556	0.174350616595338
-0.203631218973464	0.249039289539668
-0.262510996035988	0.350566222779249
-0.245337219235687	0.313702994069097
-0.220889054275043	0.266638494541343
0.0190023992849245	0.0177762254729934
0.152320956975949	0.191687818981948
-0.255904221439925	0.311601734832133
0.0364417829327278	0.0401083497571095
-0.171322675139625	0.206793688318484
0.0848454647704468	0.0827106809131448
-0.460920713437365	0.757284994241
-0.262499244077628	0.391698176691898
-0.111172400462997	0.117336312050726
0.136960754713201	0.166268527554864
-0.299563084597184	0.294105260105939
0.391647012019503	0.476628890124334
0.871048386500788	1.67034171312932
0.0421907558813712	0.0436033964079442
0.600967220031596	0.956623597056833
0.190197077685751	0.19820492782435
0.196707047122471	0.229977730481501
0.235859247385763	0.268687240801985
-0.48939227368499	0.603063277330384
-0.25919984453037	0.305751505242996
0.455137972960843	0.51457299716269
0.686556850009734	0.698482787152012
0.412124622424893	0.331741857298881
0.29500873371377	0.250974710070649
0.0127006722445688	0.00852085930942696
-0.270203136396927	0.250504164672097
-0.0343347381671176	0.0318142220296563
-0.254290485566092	0.242846065242286
-0.181811908423206	0.202458673329294
-0.984031247323629	2.07005563046618
-0.141091336013118	0.143472362966211
0.130962497379021	0.128281065210108
-0.0341350419221105	0.0324155693301782
0.142356673891586	1.22565889159583
-0.000842895194236444	0.00113056306912499
0.186292484166171	0.281296716156579
-0.0771006635057736	0.103060045051453
-0.0074177134414424	0.0109337484525152
0.0632062760337232	0.0767953154363122
0.207035291411156	0.2408979223286
-0.00998034642324439	0.0102934957012627
-0.23909659521589	0.302811217573823
-0.0307134962271736	0.0339421538586784
-0.0668483730642828	0.0758507479171441
0.298135656480048	0.484708651450094
-0.0314450205798088	0.0331395374810568
0.325277451814696	0.447140020998997
-0.0833682465134755	0.0973098512497847
-0.253197131202978	0.321198470854761
-0.0983201370094877	0.110558588059873
-0.109214918963674	0.125191016177053
0.283706441137418	0.404818606180196
-0.523177698049282	1.08551281195867
-0.187664741930107	0.284187049065331
0.324880622522355	0.630154139309092
0.339479563904048	0.568915925290087
0.299797016416809	0.421211220858335
0.0882526342079312	0.0860479603985677
-0.0544025542271688	0.0546421115363753
-0.556726416419619	0.921861909907472
0.119521862945697	0.152727432191295
-0.569278868470574	1.31635535844861
0.00239743538278119	0.00282860211330427
-0.79889252406937	1.85774341823352
0.492559263186526	0.60036750635791
0.357518764208948	0.395528674387653
0.355446715835766	0.56255775236742
-0.0980475428142314	0.125328136202582
0.260739219006885	0.359455147249469
0.0402046294741242	0.0440461791268424
-0.333494007562489	0.592331796544294
0.261913500802391	0.357095889408945
0.0138265353304951	0.013164095656569
-0.377126593402378	0.459890980301904
-0.0188022225177513	0.0157432635228487
0.143233492125093	1.19584869996922
-0.0714272089603074	0.362439719270016
-0.506159257756376	4.88618907418432
-0.247142469899934	1.17434044424274
-0.0978797974139507	0.138871115008627
-0.0619291389237301	0.0788942423435285
-0.224118263543661	0.421527661535659
-0.362830868016048	0.768865298098406
0.0950105207521828	0.120217437042
-0.321413267809688	0.627480818256317
0.110534470925245	0.154675921650828
-0.107113697044403	0.147661860572311
-0.0855913817636854	0.127897570157543
0.216069942450643	0.362509574354147
-0.218382187302626	0.333939236463992
0.00712122723771509	0.00862216415193082
-0.0724788490613009	0.0701853484380206
-0.347005662883595	0.397647832883228
0.591768005825895	1.00587778897909
-0.269745468782042	0.406506896987858
-0.0342917545129715	0.0417647199270694
-0.0928164817518174	0.119559251718858
-0.480551352767714	0.878475395322334
0.0059044678659738	0.00695993760510203
-0.390689340210213	0.520484918160184
-0.468249708206865	0.757759075812371
-0.326794091287375	0.275674167319413
-0.365513267303204	0.233735692053675
0.58846516560375	0.464125381036423
-0.232812669897278	0.133156617881369
0.205301234790451	0.153808776586174
-0.162416622281993	0.136337479554945
0.595031718948381	0.906469390496728
-0.0474707328314449	0.0402990398728285
0.101143331336292	0.114329271763734
-0.0570276313037475	0.0620795320704539
-0.124168951499017	0.169837877599015
-0.00744432469686959	0.0347938334977268
-0.0786536877609811	0.417549173877748
0.195469485211618	0.991833267567561
-0.0267766338762903	0.0747347970589956
0.135965258237861	0.238290825723497
0.179926213930423	0.327643131561297
-0.171151919045894	0.304526457697191
0.136953068210808	0.235017221365252
-0.112254286046376	0.167120938295349
-0.266794809797747	0.456947255534387
-0.0267249582223052	0.036978452600916
-0.53420550054197	1.19384196971376
-0.100570715365434	0.159217388677188
0.365699309243135	0.761669015823826
-0.511691080324245	1.13076217711712
0.0493969544764788	0.055603529648385
0.144796181933392	0.143139631780916
0.561925931643101	0.70191451798511
0.23292543689574	0.287725206688583
0.139086359839391	0.190122720853384
-0.224136118776572	0.345456375266014
0.0644089629472274	0.0839407683255523
-0.481308467550766	0.849036042099285
-0.46563494955006	0.701342056064746
-0.927810995442588	1.38146434577242
-0.736366590283743	1.2589544542504
0.345867863811357	0.332703592121592
0.360160278721149	0.237177348645496
-1.01341699308091	0.769112033686035
-1.02458582681544	0.648113195621219
-0.228567944745098	0.158245866484184
0.328066685889643	0.325612043998672
-0.0382853730126697	0.031761386037121
0.204497517501188	0.185723055443249
-0.447823611546056	0.799642893479732
-0.19008736372802	0.283391851755267
0.105965253413115	0.783659421700735
0.104238656285026	0.586360932982306
-0.0454558305397431	0.162962175517553
-0.0704099282091114	0.234917752992466
0.00756100435440191	0.011872902377879
-0.0761851185887673	0.114647611267285
-0.16954150549952	0.31732666444848
-0.203594077772112	0.420491206796384
-0.586547248560454	1.58730835047206
-0.140830181631155	0.264119105370739
-0.598655384331282	1.76825845841983
0.237757356599387	0.462478443004921
-0.123623623895218	0.202341389537747
0.211459786176454	0.402727557050364
-0.189290347095507	0.357335576559139
0.47022510530757	1.10236435985139
0.176899406496409	0.287371758787388
0.617708971882131	1.52894505347065
-0.206581005855764	0.219700369348172
0.194219345129283	0.208005329545817
0.694026964430767	1.48368888896766
0.532831813796483	1.2642809591317
0.136314957581195	0.204992054104022
-0.421356164013575	0.854792905217511
-0.147364740727844	0.216799859709373
-0.114043431641915	0.143519242222557
0.277848921866676	0.335163419512008
0.104443683467235	0.107771177122677
-0.386891631639881	0.376590432317603
0.82131754900535	0.441746917713048
-0.767451882568718	0.55803478322779
0.904758025512172	0.688451828987954
-1.03789724724878	1.05921526221757
-0.0859350818488256	0.0687502248026343
-0.538742113633888	0.732051274151487
-0.0637017779160294	0.0530302123000189
-0.76354402901852	2.01830678660959
-0.00943616606926259	0.0111996204590556
0.0529741378632179	0.300850016010944
-0.00679166184056747	0.02644535045574
-0.158785582551195	0.743308082430423
0.0164245258503904	0.0271149430348811
0.158221355427871	0.239196511221332
-0.0324560591199705	0.0402474586810472
-0.255165503209681	0.471004612588151
-0.0267880928735237	0.0373736889310341
-0.356160942643507	0.788637614462778
0.343524896973936	0.68348522999131
-0.0586767888447186	0.0884793405983895
-0.388043384367618	0.898946582412316
0.140627080002257	0.203590516075689
0.193276949388143	0.354988313471223
-0.00684602409616967	0.00913194774844734
-0.258523871397959	0.455656737818708
0.272588792943901	0.399209035618548
0.197973194717002	0.175235820226136
-0.256631903505166	0.245592580251519
-0.189982648536621	0.214985582832817
0.0288870587274685	0.0351919808328064
0.611465005712954	1.40038268108287
-0.93279681960709	2.60350176892525
-0.280862539510672	0.432956425672107
-0.238037644347819	0.326488194918263
-0.765556608002693	1.09645323277158
0.00226622784200991	0.00196053407996928
-0.0284153327481536	0.0210704853719916
-1.13933818230401	0.925816570036498
1.00784427643674	0.715652640856526
0.487420783491449	0.353676293603187
0.507942972069277	0.445602814880477
-0.166660208764019	0.149982617943799
0.0183110013194113	0.0145201947656609
-0.041540616085032	0.0460372608864465
-0.349317988823393	0.60324385805993
-0.0458477056865948	0.0571900638841016
0.0915260006656069	0.631376070385
-0.0847755510432271	0.452424124339188
0.0199004512627074	0.0661150201617276
0.188778835403146	0.458812883199488
0.0336496419309807	0.064606607002679
0.0491628204478443	0.0894674474825577
0.0819837986227196	0.14303949283477
0.422041215162106	1.277829666321
-0.0142531832930495	0.023460526877848
0.0456184344646825	0.0753049760057539
0.357700862388635	0.659951735464307
-0.102811830700948	0.169328867476565
-0.0268139686401456	0.0420942062572615
0.426757878984845	1.01768001684581
0.0371198305200924	0.0545149686533803
-0.106526935977256	0.159005672228389
0.0694727394950297	0.103192066326353
-0.022200634166419	0.0297723943772167
-0.240840075213059	0.430752463032051
0.338938367073614	0.636282654832031
0.094894854198847	0.131359727737709
0.111843868163867	0.119068286571936
-0.195117511106241	0.225017130760328
-0.233297460251447	0.301396325538679
-0.231290237867751	0.347884753852434
-0.0136225926333733	0.0155482969733929
-0.337641115964856	0.579353803766885
0.146834815614503	0.217622153487129
-0.407343025542391	0.655962088452222
-0.761890476744091	1.02523325895722
-0.417292428745664	0.546085683251104
0.120427552029722	0.090660231425739
0.40800479502452	0.239957568094104
0.408636203695968	0.323886765355572
0.376050112310038	0.239600944751301
-0.0202249222693504	0.0122565030990871
0.59428943125924	0.713374330995424
0.223749995745305	0.338181386179053
-0.00369285785838138	0.00467017015312997
0.122111292321264	0.921475372635735
-0.0189356061235151	0.0771123855790433
-0.00917831975260522	0.0284013746700875
0.0123698901334296	0.0284330214811451
0.0976054168134045	0.242733453131816
0.175879998985868	0.436127788328505
0.0704360803329775	0.144007503693084
-0.0305614683888734	0.0541113695501306
0.134460675384892	0.30766528119764
0.0586682292419075	0.103993550372693
-0.0147528248617704	0.0239831486084629
-0.0405087013743629	0.0660707075058173
0.088971833031269	0.162823846921511
0.178163907141142	0.381369003361505
0.123350691691734	0.211856109352181
-0.0749505028740038	0.122957268984705
0.0565420086497171	0.0873955607427568
0.143601229064879	0.256193484269186
0.223018274449084	0.427943962436236
-0.22990202479262	0.467406165206123
-0.125826308412215	0.216066612891323
0.157212535415612	0.253043018542914
0.271620516128264	0.49851751681441
-0.197546623585075	0.330087544030621
0.140605740187236	0.244403012366448
-0.0661487873161018	0.0951132711835364
0.243274434586049	0.418528624083995
0.290560973284935	0.444771634093934
0.451551912439465	0.597261906066612
-0.142645504641955	0.135362576895684
0.27177895269638	0.35358612568963
-0.0578340298109391	0.0664279834582106
-0.237286720198118	0.366105474179642
-0.0758294996407775	0.0992906610518646
0.298737071852855	0.490365168361525
-0.404292639168185	0.619614768783795
-0.508747257738527	0.680842993148072
-0.867871839987082	1.70038349182821
0.35725267801048	0.334336749386806
-0.377883939485935	0.280239620446027
0.648881777599967	0.490784335598289
-1.03705746849975	0.653312168031178
0.499604261549174	0.33139833670551
0.197429473304873	0.278005369299615
-0.0421768155936234	0.0505114932538316
-0.056612349383103	0.0779638414261695
0.513970351381837	0.937823875316196
0.331456140279355	0.547333140069822
0.0790697603617049	0.520646578198721
-0.0492722372849993	0.227866853108875
-0.0261509782522289	0.0843083735110234
0.0383862944231071	0.114205146152173
0.00940264442839656	0.0228460774945995
0.124083410600257	0.387699961253389
0.0561704147618744	0.123970867414974
0.0245181669632009	0.0529836878206031
0.121929181525107	0.301502989035266
-0.184256299972222	0.494682706300355
-0.130230792031975	0.307911437811732
0.148396405289972	0.350996669334532
0.0991966946422941	0.204552516006454
-0.131162677032563	0.286233220931056
-0.0370301421244588	0.0645213609115648
-0.0526859809457308	0.0923796198992861
-0.0697450493426531	0.114960707327347
0.341156749925333	0.825050631865856
0.098285693191594	0.169451290446348
0.181535160618546	0.36512124019266
0.333968290481881	0.762314414448898
0.188338244468839	0.315695600383495
0.0864311669478991	0.136034493648598
0.237893411324469	0.453478639143366
0.139904154391363	0.237745459574868
0.262972973671048	0.561762631418942
-0.017223842505235	0.0213633820462197
-0.171190649360684	0.25483132212056
-0.364692686636614	0.46194927205209
0.291298925299914	0.363870835921333
-0.283103441597859	0.359435357407487
-0.304412366944292	0.519969560224639
0.284922652185336	0.487685487755511
-0.170459527494781	0.244110157803026
-0.0248809011155104	0.0292550412382095
0.146973122862014	0.199111630983247
-0.364727872741828	0.412609006888023
-0.545819961988292	0.771331618476167
0.128729002337673	0.110806005165381
0.370910600720642	0.231256945155424
-0.59476460654883	0.455359122504033
-0.490302475572577	0.347801904990195
0.0123639309738169	0.0103779281036381
0.19993502928761	0.195412188191589
0.195163771372611	0.190823061258314
0.211305941877117	0.299483711807066
-0.277499848575224	0.465748533782602
-0.424486106321364	0.80695741105871
0.113983989788768	0.142489362310873
0.0733006499565244	0.466450415903362
0.0150172237175245	0.0603466395196254
-0.0200511329561381	0.0648251162782684
-0.177146696484217	0.760437597244923
0.0419640610381381	0.112772354550336
-0.264780246309295	0.917284128171892
-0.0391750007020556	0.0896500670050139
0.0946871306227075	0.252058875955999
0.0453756197470108	0.104565905013281
0.27901354047034	0.973968711764614
-0.10344581000789	0.237670557488885
0.249021061060883	0.67452578868914
-0.274088838171625	0.784136643832882
-0.146931644283178	0.34425112167367
-0.010086498661281	0.017380369325737
0.0203627438547075	0.0352991327516298
-0.126140377812707	0.230171133624899
-0.0093134775421126	0.0139071780287707
0.22280732339831	0.461451589526538
-0.335267947867609	0.81443568237598
0.38055825824034	0.934756252098763
-0.36967826386605	0.887018414734967
0.132226447055963	0.215859407797346
-0.0239576221607013	0.034600725569915
-0.314184981095332	0.626354730345003
0.184682368045939	0.33395179416531
0.0200564394790808	0.0293516120803316
0.32446669779158	0.606314939551929
0.320942653885069	0.543395853973722
0.145355523196799	0.143767235779361
0.535231721051628	0.918286846750261
0.483567270071979	0.913140698613143
0.00358560202758226	0.00410286208699486
-0.292090386647767	0.543421868547622
-0.126101505314442	0.180651062772362
-0.454175381579303	0.912363150461741
-0.511934166921727	0.857697645972676
0.0322615918113929	0.030766204004385
0.217966953321725	0.27946311873597
-0.173413853446125	0.162022817677797
-0.634716182497399	0.409323014927082
-0.673847324260238	0.506126827108903
0.0966530031120727	0.0605502247443199
0.3928555763052	0.405523249115321
0.839133276397704	1.18547091108629
1.23921154173494	2.3452685267205
0.318686991391728	0.562128511191831
0.0961758038655379	0.135022473108205
0.174013267714273	0.242894688321653
0.294384988853207	0.486598489978947
0.0563836073431287	0.320628895835823
0.0122948012435818	0.0478580565207883
-0.211966608465817	1.12154705749571
0.00332047463582553	0.00852449374652841
-0.0596673172313809	0.148035299617572
-0.153840804960723	0.501765317787482
0.205778739789951	0.709286155283733
0.0813735316504933	0.22263922489668
-0.137230832067023	0.377923210408435
0.0304446173050959	0.0629139381331714
-0.179567797121751	0.462360980602763
0.051801638727691	0.104655428992586
0.0125528715111069	0.0217813484440106
0.0550775801628531	0.0985183535963689
-0.10020869255849	0.167610435331894
-0.0674119920687242	0.113274240511815
-0.0662663244855372	0.10691394266773
0.210629848968266	0.383383483992373
0.345924001579827	0.839983060293144
-0.256026054860642	0.469884833711951
-0.0521882802639987	0.0780918507688895
-0.131704522909667	0.212507811374803
-0.210894304529657	0.344763601984369
-0.263908870197024	0.511590913746806
0.295613674811862	0.582754344604124
0.354969268640063	0.70107003723907
0.192245061165368	0.269860910363178
0.0997750051040088	0.10191797541512
-0.242150639234767	0.272887033338317
0.328647565833136	0.497152594545574
0.331738457929138	0.568131030154797
-0.153600474653421	0.212019146872168
0.243196171014216	0.349918906319168
-0.251076606095873	0.359332968091064
-0.456616242201414	0.728836659573825
0.185829430604456	0.206518288053498
-0.815072962714948	1.31338657826387
-0.425286565100521	0.472050216202708
0.0587361930071848	0.0289395885576274
-0.0522324104861501	0.0291847510016202
0.289218198016503	0.240424875341167
0.30475333490009	0.467741976076081
-0.219005020289026	0.337517741091582
0.46067528591388	0.90574581417201
0.052838845951991	0.0635634253220788
0.147293851257923	0.20234729087281
0.0782687384117926	0.49265745470673
-0.000612526930879022	0.00230784858985705
-0.0124160246615192	0.0383397862536137
-0.0269512490709172	0.0704535532710576
-0.0524881855386691	0.152729859350899
0.0788200667396276	0.237697854939555
0.0248710592749174	0.0625651278371647
-0.0200654631840215	0.0462778834945197
-0.0191673525699127	0.0403610886876383
0.0668803870814435	0.147239562066978
0.115472846683409	0.278555012881436
-0.126538534766874	0.245331390994929
0.0116000896150341	0.016883863261076
0.0247829570661221	0.0357807569151644
0.0589644408149145	0.0942720143989136
-0.261531172515107	0.517676186072383
-0.357331273544789	0.809172451946868
0.31286037455706	0.603198021685966
0.0599086123718716	0.0798480017553829
0.0755314516669056	0.117208621708736
-0.154479827265583	0.257419426133396
0.00843946729463064	0.010562021364869
0.331979508743962	0.628024494106534
0.061620399022268	0.0600549251217999
-0.459839840784527	0.606733464902248
-0.0608732320899618	0.0660483393623191
0.156534712199579	0.212260980185569
-0.00886514630440784	0.0112190269211777
0.293366904875629	0.499542287435929
0.175327320721454	0.257509760137752
-0.180474450519078	0.237645610806505
-0.0685182485314868	0.0681676458156275
0.194398205103497	0.208825936785743
0.0503922339846433	0.0376962910275233
0.84447739977317	0.860236953370752
0.592535238913246	0.473327010280365
0.0600284881471069	0.0555675098851961
-0.0853518895989692	0.0684839062938827
-0.0249836664279229	0.0318667736617578
0.394349866661335	0.673228249855758
0.0269062241418725	0.138418855850435
0.0955105128140274	0.530556298047476
0.0831012592064963	0.317873687316435
0.135067979471969	0.597345970701089
-0.0358248024528774	0.0809389755590851
0.0362166394668678	0.0761200010036973
-0.0491744874542319	0.091495512233211
0.24647506051616	0.535914894910793
0.350663413608821	0.839150089002903
0.209503766714373	0.404982794692158
0.293788567282167	0.655583816550278
-0.0839746121324277	0.129987165012538
0.206087473962218	0.379717159730615
0.216762124023148	0.392262043485619
-0.0402357971864171	0.0620839991267287
0.0926058871907717	0.155139415428539
0.139596220052022	0.20177566368474
-0.0730691579332444	0.0771110574282886
-0.0376025977506297	0.0355357134584913
0.405975888532898	0.58523148135185
0.310255458251416	0.577386361114114
0.0737471556009962	0.10381118322588
0.207014623048397	0.328956836675143
-0.117623772553672	0.159365653365735
-0.676171650665189	1.52925451270074
-0.104009080921419	0.102300073193872
0.233721721835679	0.285381742908106
0.0221296420252666	0.0177638002928562
-0.533169170738275	0.418430811531809
-0.0776619757992003	0.0429178817581284
0.122790961914326	0.110691404829879
0.190659335383377	0.253519941878666
0.143428874243719	1.20105600850999
0.0781877692868217	0.408479478548418
-0.0393312453922253	0.160053289019489
0.0909761520917832	0.289907030322711
0.0702098227226448	0.111315600856844
0.0742790115080287	0.118102039199925
0.0925978169616759	0.142798100724201
0.111251993509251	0.185532750116792
-0.359167469850292	0.862879917552952
0.24618247210567	0.460319770027382
-0.138671540794056	0.198731048056803
0.0722534680609351	0.0972051129158706
0.527604851141379	0.804862748880231
0.103344130251916	0.114932762879302
0.206256708864292	0.266232275192778
0.446751374736335	0.901422623320897
0.187579169645834	0.265191414507533
0.0330501985436809	0.0391475759105932
-0.553768664743666	1.10790478363625
-0.771802581134182	1.57540423807681
-0.508097356633011	0.813098671481748
-0.475812730941139	0.869959684984634
0.0717315279062275	0.0607488767190089
0.0943947435723265	0.0592142445745839
-0.135504701987902	0.100936261849375
0.21910665632257	0.150568195811741
-0.237261721461558	0.209770907471687
-0.00141344907626901	0.00118884340904052
0.0793654470521401	0.526167652151112
-0.0201816306768928	0.0915528205674337
0.0462558866573371	0.151518941433371
-0.000278720157676649	0.000715255262487387
-0.0264894412748692	0.0593777221141365
0.0184828997672808	0.0269703307501766
0.124255739260287	0.21610985455926
-0.0185171970523684	0.0261370482335294
0.110261631153381	0.183496473181596
0.254120532248593	0.530951373002984
-0.0822777077859655	0.115717821546376
0.387891438281923	0.786074069562072
0.317765972688744	0.529752644467732
0.502280626805392	1.23599096004745
-0.272316069627817	0.483793856553954
-0.128086846733182	0.195893631166346
0.838867717773116	1.96820004895146
0.0651446242836975	0.083827456219885
0.396610875509795	0.731692160319098
0.142041857840878	0.193774647589842
0.281551640943215	0.410671337992938
-0.659195356734481	1.45709472192629
0.135869670575573	0.153785529777712
-0.0864801993910738	0.0928867140505939
-0.19179409935836	0.271250390410896
0.374944747125035	0.68842870229446
-0.563106498997212	1.2415658342248
-0.842962974953195	1.99433235343181
-0.173796186787852	0.199296060773245
-0.17303279808643	0.155595985028524
0.0697184856174247	0.0619096853432045
-0.372127428213097	0.520105575473988
-0.111292856467953	0.110915653244048
0.041479071320335	0.243737042750179
-0.0625095144066482	0.320974045009823
0.158083014595314	0.80338620840111
0.176921552627187	0.761445141849828
-0.0433056047989293	0.116540592339435
0.0273153974188442	0.0635783797827957
0.141026497351876	0.279486005342368
0.0018277603464381	0.00281005167883949
0.0403773284928176	0.0652967903354824
0.140606045713191	0.277933841720323
0.203146398129597	0.359989080492627
0.365132870131074	0.826880161986612
0.0670850171728306	0.0975509566121283
-0.380607443925869	0.793803232002984
0.109771280145525	0.163631906768134
-0.0245654149239259	0.0340502064923564
0.354401138032768	0.667705095011145
0.383184900813745	0.771582412493045
-0.0554961766353138	0.0654385245408009
0.0717464591775957	0.0985881849365153
-0.105353749592069	0.14675323827998
0.0832859802315198	0.110609149697978
0.608235134015037	1.41383770798865
0.139637716959567	0.197973090796576
0.3208735086605	0.550014420484335
-0.361308144019592	0.707641661076833
-0.839158641251147	2.08065339688949
-0.0755631701868486	0.0963887440682319
-0.549765776194028	1.00391401230765
-0.641810400107745	1.12889930458589
-0.115899497947992	0.11901435109598
-0.0647645483730246	0.0701569924110647
-0.0794533221699844	0.0823339462618859
0.498185759222858	0.874232408747512
0.0649229959500169	0.39709671424045
0.107215546995916	0.595299059059689
0.0788171072270407	0.295294469887362
-0.0614967666487423	0.194984681179187
0.187391188030237	0.445163164850463
-0.0638248103960313	0.118984412167483
0.0494572175708591	0.0922606853193223
-0.150261755094669	0.313944799679545
-0.123993559508224	0.248939833951392
0.0880856899059917	0.157172044404644
-0.0447966699738322	0.068447594890732
-0.0779268348889774	0.123706283578128
0.459443287019438	1.20778194145034
0.0672996654316436	0.106619669667806
0.0550888012248295	0.0872624486310955
-0.19299931149614	0.333223524635988
0.445050443155901	0.937393522476851
0.128690187192607	0.143609147681491
0.410978546752096	0.591935858921475
0.272136706382772	0.38474346557465
0.168739945065259	0.276970404396085
0.0291574882653263	0.0346989733211817
0.136712270419609	0.207883223822668
-0.256733695258981	0.358302041044223
-0.0554761677568871	0.0668242110363658
-0.52172234481065	0.853422299428069
-0.681308949565916	1.20936535776684
0.056220042544141	0.0547237470747385
0.823497812467571	0.660149399053718
-0.306920049671988	0.237751912685227
0.454954987215515	0.348059235343589
-0.912035541171459	1.16548631508556
0.344574027217849	0.403825672561905
0.164806930321258	1.48647234269675
-0.117825486163401	0.710803917455709
-0.0903947945986241	0.380261464100608
-0.130319987239861	0.50872006485538
-0.199218452256894	0.838269308507383
-0.17069703222073	0.651528873279924
-0.0203897458146708	0.0386523396097365
-0.0542665259092922	0.11085214416006
-0.0544370675312609	0.103048691204352
-0.429848800439895	1.37670408485979
-0.0357385568119211	0.0599229618788428
-0.52422271241018	1.53932281361372
0.0839386642135061	0.154767975759713
0.0471613446178617	0.0737237575501031
-0.062967340473875	0.106331140430447
-0.00576765323071442	0.0091155804204596
0.215047719996891	0.421720851146305
-0.192934114584788	0.34411138388626
0.183860121351047	0.285916923174715
0.0887477663314221	0.102518095641769
-0.19045653551148	0.233609556418541
-0.0941983540353228	0.116148634038887
-0.4410656353558	0.922528524023069
0.599296998842121	1.50617145653586
-0.098893595464871	0.137398972528792
-0.298540395695026	0.511217972609119
-0.605743602440742	1.34769775033845
-0.68356982325957	1.21964496136143
-0.435894934298942	0.685193057689142
0.091202078256766	0.0859259542082882
0.134542812422027	0.104643888984072
0.333748695530937	0.241801536967958
-0.726743739464357	0.700337445882282
0.457508098998853	0.500158571269917
0.0312043902655475	0.162521694801361
-0.00723764199563087	0.0287167135619819
0.0620543814947161	0.230353615115466
-0.160933140136818	0.715186316129367
0.00943571719638911	0.0180509246459704
-0.00502104547537907	0.00866483827050024
-0.0260016706893604	0.048416158597867
0.0196606057314067	0.0360340167968689
-0.189918392203495	0.465301588857066
-0.0427526927567222	0.0757066617074119
0.151248441666332	0.279230835514508
0.132075084082314	0.263370213333833
-0.154522209372753	0.283985193283094
0.227415054638895	0.445116184745385
-0.314834256322541	0.692976392775753
-0.138332123361367	0.23549589644152
0.406940449946842	0.993892602381041
0.244392106916787	0.452498281479668
0.0128744820874806	0.012690156800377
0.588978944365044	0.938014025216818
0.584155405196346	1.24870992826963
0.125071383384593	0.183616518482543
-0.123400504557341	0.172371063526493
0.127736926858984	0.195987983057898
-0.352077822128558	0.569584990606081
0.255445785524437	0.413631511590294
-0.531358492247936	0.826366785314016
-0.181640986778479	0.238341828265898
0.00587372688062117	0.00519448949536989
-0.0882797096778783	0.0595092020636325
0.664821861536984	0.601377808358787
-0.157588261388745	0.117081631738001
0.85848595532348	1.54199942249415
0.0497300457024339	0.281636414991425
-0.0632952902570293	0.309218763903811
-0.0809736289359682	0.334291298273906
-0.164410658183164	0.738752243827928
-0.286526707402282	0.916822225856966
-0.0375961733193496	0.0724867336801798
0.13066180414994	0.310743832143679
0.174320416270868	0.396990450169423
0.252590689748683	0.707207852984305
0.196764729147025	0.488075634231679
0.0832827402755748	0.152059652527867
-0.141834814702884	0.286280653344499
-0.146648027583013	0.265288600168633
0.100988016039696	0.166311704974978
-0.497647597843166	1.40686432404076
-0.124983635581077	0.219473124406556
0.201305514767486	0.354926671515625
-0.137923287927945	0.197911313780207
-0.681980647485567	1.17590200416615
0.225635515511362	0.316896031806374
-0.208221268963572	0.328688563975936
-0.0723351622790963	0.104625292168803
0.230673636391402	0.401613691514989
-0.242959168081177	0.389087882467791
-0.130168101036827	0.18282061058409
0.0198695870722542	0.0229253033888603
0.346232902780172	0.45602200502329
0.118021646548946	0.0900204732379357
-0.160073990641906	0.135337172833832
0.245464355924995	0.235988113729429
0.483123992339564	0.599973623509828
0.0475474265012642	0.270999957147411
-0.0942719762975493	0.52249482660351
-0.0222050487580543	0.0754051032270848
-0.208297050364482	0.611740275300105
-0.0378849550084961	0.080071878838456
0.153396023710891	0.398226997487505
0.0885352398840449	0.192879288320428
0.308615461046113	0.923812436673526
0.325884245534853	0.968608130231093
0.240309246353448	0.540706945084238
0.193670311050836	0.423468213564416
0.391778936727398	1.02385410965335
0.20127409520379	0.390333697977195
-0.0520866970158688	0.0827196444359234
0.144369204378631	0.237929913395034
0.343056909932016	0.650547087756826
0.280459169835462	0.497805166910886
0.293575203843559	0.412280633449409
0.587775443172236	0.787033494627894
0.053247347704307	0.0631473850430831
0.251607549418341	0.415149445001709
0.118673608958833	0.168290929647037
0.176638165219573	0.256589033432861
-0.399875439705834	0.767009881174337
0.00285805431158607	0.00321436342847376
0.0332639417025074	0.0361679928009279
0.118904617328433	0.902489109214971
-0.0934888241189323	0.528926823597077
-0.166281934580801	0.854303812489283
-0.203549614034736	1.00508691422249
-0.0351888104414942	0.0840630194250809
-0.143300530725472	0.394982799266999
0.278393980547084	1.00750655871996
0.19367852348812	0.589225993032579
0.394749158471203	1.4745685963437
0.390059118191448	1.33369890305097
0.101637750596285	0.198288264374827
0.314372812088354	0.779058661303907
-0.331840867969981	0.801976172592278
-0.35647502415666	0.927379027850113
0.127232650806919	0.238410239049412
0.532283130544191	1.52931676357605
0.0405988185992148	0.0578576085503294
0.192195247433354	0.328851503819217
-0.263360940032043	0.359232104020091
0.157095099893321	0.200230029562608
0.488042288070963	1.01473577498135
0.15892772740807	0.247022379010682
-0.145068664463541	0.240823644170262
-0.0357540728972619	0.0482307714604344
0.0529724983197952	0.0717182003365141
0.324885487395998	0.563215498977785
0.0903897192448839	0.623502212156138
-0.168300933888857	1.18556651440912
-0.198077380662018	0.911855229142354
0.0298790853028148	0.080863062903689
0.387142573001709	1.76559442402173
0.0668963257411304	0.174825904944404
0.0827574430432823	0.207926841276993
0.35310944407334	1.33508327871529
0.0917810057080792	0.210876035709203
0.207839524941242	0.51242612693307
0.0169721854732065	0.0291378503833804
0.310137125354986	0.826953449600334
0.160533372607871	0.301490274215588
0.296578211473455	0.76962562169882
-0.056067791386945	0.0936066931234498
-0.0111865197513639	0.015905443168051
0.0449757152765953	0.0609901401616792
0.327740025528521	0.47888067023612
1.06715996060274	2.48772902853942
0.392274573740855	0.762810326035645
0.570946994573076	1.39383178958512
0.0972411471018192	0.153601238133827
0.0682212884177937	0.0958205004929081
-0.238203445587768	0.423857549125261
0.0548354484827353	0.0643958672320589
0.0370697691034498	0.202547678188704
-0.138358331507166	0.925367862826693
-0.325614148282722	2.12661334950539
0.0501354901866677	0.176566981105705
0.168936429745611	0.699470860119272
0.349438512451591	1.75951742140017
0.188434541849338	0.668401148869569
0.524632476947086	2.81474536884073
0.0181262414096029	0.038442236474006
0.0255354350111552	0.0528802746050428
0.0938335668290963	0.200584280635065
0.158535269120697	0.366895634503185
0.643515861149765	2.39822692435921
0.306301127661652	0.752721664312953
-0.126698738352692	0.262424819407709
0.176246044713569	0.344234732334365
0.0871370417837692	0.138304670532482
0.023008376105101	0.033926800024426
0.304709805100909	0.425796640457101
0.296176921417647	0.397956766737727
0.218814771312096	0.326271515524385
-0.280734369918255	0.508894016934198
0.0110232417473014	0.0146103375923921
0.054629052061084	0.0851624801443878
0.0805901631216813	0.117110442167053
0.0454778201567376	0.053614042273444
-0.0387882122736827	0.218894204387055
-0.180558441402847	1.29506157216115
-0.232633118075166	1.7281926949062
0.303773651060706	2.46333835485407
0.58061439504308	5.27447876335196
0.528627164105442	3.75855977714346
0.449624313208582	2.60747913065141
0.415597577182521	1.98964767002057
0.172508703174832	0.486529370485517
-0.115471909571172	0.278553602202914
0.254461786507141	0.756304878263452
0.337044221996349	1.07237810442672
0.448303279085359	1.42639053596879
-0.28891838689258	0.72821727164972
0.194242483785029	0.454046613104004
0.34944804778584	0.898532239616299
0.789637647307788	2.79861874626666
0.774435460912058	2.58087282681047
0.349599778699791	0.562768389877373
0.259934372038344	0.387901460817134
0.259402060910482	0.436439007841531
0.825087392565018	2.56367110830217
0.477807527540745	1.13102306111654
0.0385661402522434	0.0512346200905017
0.0179466292681145	0.0873772934483313
-0.0227883019455244	0.103748950760111
0.627803370666986	6.67753623795126
0.522488314771731	3.41378147278822
0.408268228980836	1.87673482140027
0.179958540664844	0.485046123217546
0.191203191176624	0.50459190436987
0.605851622486367	2.21565474596909
0.121767510432048	0.239738006417231
-0.129379036615962	0.221115380237912
0.348694914812623	0.791005793798693
0.13703785164236	0.221026727708706
0.289070540406302	0.567277123829814
-0.167992686065004	0.250808788191612
-0.129820998034932	0.186366755342503
0.393786400822845	0.768420348450783
-0.0145981095702337	0.0180784263900098
0.337210326779946	0.665847870627148
-0.181384228730804	0.330757515781823
-0.172642261095763	0.243618098546032
-0.174096800449234	0.245977919023701
-0.251061777211211	0.354562340114752
-0.0944341502124361	0.110510718052243
0.0719716258218085	0.464555990035387
0.446102963431427	4.99177681746438
0.478035093374607	3.23949976290188
0.129831426185162	0.375164737391189
0.31483570356823	1.23235497682174
0.21451994984471	0.602826468451449
0.355068961881376	1.12525205935644
0.478810357321136	1.71994831406663
0.0245038629141622	0.0401064382301676
-0.0409607674242387	0.0667818347326353
-0.0571748377588976	0.0894876039261908
0.1924300420963	0.331759438977123
0.198989588923229	0.343515787012885
0.244254211000136	0.453325632493517
-0.0133901629209149	0.0164386219573522
0.00477937377759226	0.00607806777511417
0.282415493200957	0.561399308863135
-0.0829474528744215	0.128330017288371
0.261729244717747	0.471455864841793
0.448891548908925	0.895484416421482
0.865119720311631	2.17206601064281
0.131546558187649	1.02022525503612
0.0904756657514877	0.460788980919843
-0.0812164880342541	0.290454355124468
0.0330917226869712	0.0920474317092154
0.137998292384763	0.456982508152585
-0.228686175972505	0.818750960149756
-0.299676376811832	1.09678221939164
-0.270033595717186	0.819783285085503
-0.262026704894848	0.720627369000399
0.10926568765976	0.218193280328393
0.0581305857751293	0.103303019198804
-0.279455795963371	0.77254469709493
0.191161969105123	0.402164929324589
0.307963610370602	0.75515502038056
0.145780183335265	0.248803523077333
1.15777665989883	3.10647282999252
0.367870367359487	0.562182108838839
0.555914288095141	1.19360980875532
-0.104892213862704	0.159540011316152
-0.215193504677942	0.408300994273951
-0.119749728323409	0.185498505433301
-0.0125778272448416	0.0171987508535719
0.264624631082571	0.395375909533863
0.0249052608466134	0.12135442485434
0.0909539229234876	0.458329030540345
0.0744756231871506	0.269230898562661
0.014123900614823	0.037036422958707
-0.0650582389098076	0.176407277413648
-0.270174086540315	1.03284099746436
-0.000890427722136716	0.00187020321119802
-0.364441251435261	1.23525715701768
-0.123962243321998	0.268481108647018
-0.196098556275516	0.460607757925166
-0.303113436032326	0.878019295685816
-0.18187820225474	0.382770331537864
-0.271219853887245	0.609377381885463
0.166961055470437	0.276798473599142
0.524368837375354	0.930965842254383
0.46292120864885	0.768351666392487
-0.0452382650565254	0.0583299862054343
0.417125465629705	0.914294738440145
-0.0254778500798259	0.0376273478496157
-0.15534308221563	0.250881074428958
-0.178359142492792	0.303552322353764
0.0277372867439865	0.135538107866172
-0.0457129718620794	0.202621859858087
-0.171086618474758	0.778610922348326
-0.276486507626828	1.3119725949406
-0.044091804809058	0.114723152585323
-0.14435497879731	0.394965141199152
0.00475951968693771	0.0093444612798603
0.418824581439848	1.55904084833836
-0.269705377879498	0.721011846361816
-0.485551663332273	1.95051252813648
-0.267186911319197	0.711568751334716
0.167550675031659	0.329095339128442
0.857952733043903	2.79154457033853
0.230517293575361	0.294748973838066
0.218360814682198	0.295638313707802
-0.000228063103262438	0.000234305205251848
-0.173767933469171	0.295561760203045
0.228194478053471	0.461796999565328
0.0947680384024439	0.648110101648654
-0.0179453766334519	0.0719380756992807
-0.097546920245028	0.399828797411269
-0.199138632706987	0.922115707906049
-0.230388272024113	0.928243258940191
-0.0498963985634301	0.127174506604092
-0.141237295130783	0.388727209421579
-0.245679955643363	0.796561853015411
-0.257734931359738	0.870666581415556
-0.0356177281867084	0.0705198226721289
0.174668371666691	0.400062111047594
-0.0478363592822514	0.0828458845153994
-0.200315837322208	0.298249680763891
-0.673258052085662	1.3957402077199
-0.121044314575419	0.197593819224433
0.0633673599298138	0.0991623374181557
0.0128561384495183	0.0209945082053859
-0.118590442766654	0.20887462620392
-0.169505453860081	0.317548402448027
0.0695286544864385	0.430795419556386
-0.11248287366025	0.655970971259044
-0.112638105790984	0.497857747406758
-0.000789177045235516	0.00212735441268284
-0.075338702676666	0.220648343228396
-0.0245508767470435	0.0570513580563198
-0.260691437510345	0.89670461090555
-0.0912665282940321	0.239909872889864
0.0725757154239113	0.164307942208742
0.154900871054482	0.354679692696936
-0.0560535181768396	0.0952335730448627
0.373725073037037	0.741622101645621
0.186898717694491	0.279382817120817
0.336648420678676	0.717771974108449
-0.0116191159479811	0.0182397942397069
-0.070708473921122	0.126146879713452
-0.32504459511203	0.786133327236273
-0.127063446065667	0.252642843206678
0.0545249529263881	0.318030055266653
0.0583853749208439	0.283380818804332
0.0390110200237652	0.131187404960968
0.0238770219149745	0.0652552702149829
0.0412795342443753	0.105830114255869
0.0333483839164262	0.0775396533407818
-0.191422899965769	0.627805965025722
0.0160698610214449	0.0330600954218857
0.0343258419467733	0.0678895315274187
0.153776076910789	0.345155168769594
-0.336774418173349	0.682722828555177
0.222252231274278	0.377667687828841
0.349147832264141	0.858919821614089
0.175531858707028	0.37043791590224
0.020746029050549	0.0350237358698378
-0.0383225040597548	0.0657678459686817
-0.212042622942343	0.486160964256523
0.0393551504071217	0.218025708515024
-0.0226508402347793	0.0930823452001175
0.101037495210829	0.417529994695403
0.271641250958902	1.35380407466994
0.0855245834614401	0.250439329713807
-0.0260773497059355	0.0646623087153549
0.255854199076455	0.973548544342871
0.114401564283158	0.278735716945381
-0.166781399450241	0.415245849583629
0.262904370504883	0.556611976637128
0.16298353708286	0.277327412460507
0.30596794501424	0.836311559358139
0.361304513969939	1.16272730859435
0.115501319892516	0.252677470988911
0.102312407266364	0.228388678674753
0.0878807743987827	0.162278522885118
0.102509464310859	0.19854040073799
-0.161839777280279	0.291752306590218
-0.163613896603382	0.286569858244317
0.0678109307876054	0.403205993344012
0.166629656441026	1.05516242636696
0.257997800143388	1.42034000836662
0.0152054638650398	0.0402917773656605
-0.206618232610282	0.826248177942426
-0.169380166243042	0.564274326805796
0.0157227656143125	0.0330085856017239
0.0831749929093471	0.169808657010788
0.106465111121029	0.176629782224534
-0.171185778803715	0.299299704941349
0.103600327859873	0.201674899438637
0.191967772323322	0.463910618508632
0.11049083089734	0.246598700872722
-0.114209368514176	0.253120380512883
0.104875311597954	0.738914977749587
-0.0213131945072284	0.088487369430715
-0.211239633827425	1.18882086369521
-0.36185895474554	2.49730389270031
-0.443854885787794	2.83566711221656
0.0033025429140301	0.00778043175785293
-0.265206552116624	0.926529944173504
-0.302662520151671	0.760375542398732
-0.0470678153929696	0.0805476246478457
0.0334666073806237	0.0670984417676154
0.0528866459255143	0.302813811322111
0.072826124080129	0.358551974464287
-0.076742288299641	0.304263468629522
0.0227980338394737	0.0682865962800955
0.140326990752163	0.479092009693444
0.110963721385512	0.297663723661337
0.164839183730465	0.327442221016219
0.207473934826772	0.427801047668174
-0.133927718743409	0.326563235974821
0.0324592967791792	0.0719165360943419
0.0288138666389808	0.1497553803811
-0.00316981265443637	0.0124669341366998
0.117056391815663	0.532924475132417
0.239148540216872	1.2053982466311
0.134811483701607	0.457354991888399
0.287421044479878	0.869396730568486
-0.3692473903202	1.11095346790694
0.143060049368443	0.406299694005041
0.0304818327449428	0.0768995314828295
0.114346660549663	0.884147420404275
0.0805398691752102	0.441664431937267
0.0574432365093717	0.227610035629976
-0.000807842991732115	0.00226043566230004
0.278883649863986	0.998142921839499
0.0421750181279013	0.0862548252617367
-0.0363032519155428	0.110165533530011
0.0352051336672024	0.198748526773657
-0.0476312889384807	0.23519557344425
-0.137110018085498	0.703817522096451
-0.0747961755461809	0.228682659895675
0.0255978997444466	0.135402950149905
-0.0208605964796947	0.0911948526193852
-0.0685473091202646	0.253727566626565
0.0966865777268137	0.712359157958295
-0.0695973796507214	0.371744417594681
0.00132403604986604	0.00615751456515455
-0.0328061059226785	0.165116302906696
-0.000125906221869219	0.000467060036358785
0.023720842572636	0.126317296191242
