x	y
0.0170949770682696	0.0205130777440716
0.0822885973934532	0.09840898929089
0.271215778846334	0.42220096876274
0.234050255100249	0.311963331623027
0.333373784839685	0.560944345728938
0.129230883733722	0.174590685212064
0.277082630392441	0.448416242970385
0.400478468141553	0.672024622889507
0.638565472144277	1.23309002958283
0.154767829533268	0.221455657690903
0.035979709448991	0.0393432572604877
0.881048367295358	1.97639285245811
0.0765949628357226	0.106171903010203
0.68138861009116	1.2885083867125
0.278310162132772	0.400702904856562
0.258168457706762	0.408249262797658
0.211411893001068	0.324519255896784
0.187150071522655	0.260390930907021
0.664232070578934	1.4777593206502
0.468667678413304	0.930464121161036
-0.0450554766098607	0.0514696639669316
0.751495728328329	0.319763450129423
0.0939770456712818	0.12673023729022
0.0102058780464334	0.0118702047972518
-0.308665938249979	0.608589137820476
-0.0111125562396418	0.0123696166979822
0.413190926445998	0.699254021997811
-0.11180768192407	0.156140560345891
0.354143593890551	0.333553991774236
0.0765930850159241	0.0638071367127772
0.05783369496272	0.0458112788559816
0.0764750713105206	0.0292802622949343
1.1409993806888	0.863429882911329
0.71526846458803	0.766428915817718
0.277161756471147	0.42535046185199
0.566931687822496	1.13455136339703
-0.0916561382370558	0.120787379811872
0.10618847428648	0.124833546511543
0.0777342338676194	0.0933866884202018
0.298883084050669	0.466161139154215
0.770381602323641	0.833797403376858
-0.298994102404775	0.254967866389269
-0.864310560766791	1.16964851422371
2.0580703259171	0.942295152924462
0.402070367148934	0.343357999236696
0.271001036271807	0.342182921209264
0.197029181230081	0.26978008302859
0.498001777060267	0.873418945066194
0.222325736013926	0.362347476870566
0.432076535750962	0.879360248440604
0.532077873948476	1.20999715109826
-0.0163029416536495	0.0209500547922058
0.1555340821899	0.203133999151943
0.10795492096446	0.153184109664575
0.29229091206419	0.477599773980481
0.164920823222844	0.251446282535829
0.255104982131329	0.276633399100685
0.08250011103899	0.0882944586504078
0.0241343856303548	0.0166745607762993
0.320967139339414	0.309953580587774
0.187084067323566	0.185694093025161
0.973251115137303	0.378566807385659
0.467533625527358	0.261128133448473
0.207471356722783	0.130513689577158
0.197743218894034	0.156966684283528
-0.142509894210538	0.130797033343477
-0.339691639473832	0.452400781493668
0.389695436929506	0.567472210840228
0.525723113238699	0.892614422299675
0.0844398456916842	0.0827686949141393
0.146784215234057	0.217257886985381
-0.134739712400985	0.188902530705599
0.104300870893009	0.148274948864145
0.033203768455212	0.0408067041037083
0.482285901189729	0.855414923467252
0.362076250974656	0.6095097590704
-0.0069265381150782	0.00816616163185017
-0.00696742210436504	0.0083062951893865
0.129741109874536	0.198640949282313
0.0869262532681751	0.0934670270906856
0.142432158860621	0.14508952324904
0.0900546871508389	0.101419925050191
0.250830453210673	0.245384203682221
-0.0645531506365975	0.0499267456846342
-0.0359638875384316	0.0298293825267065
-1.39786027338099	0.918749762486905
-1.05397253857405	0.561934570261941
0.333859804209818	0.23322953858671
0.985557951258836	1.01482457845755
0.109096686142626	0.0740948737564542
0.214297160229977	0.195800793564745
0.44402751842437	0.581832461692863
0.156536407335811	0.178162521369208
0.612079411448982	0.804090716421741
0.0488009988376627	0.0543860518246458
0.450288872877363	0.793199040704615
-0.223804992169921	0.319219634082829
-0.131642454753615	0.154790470240579
0.314141688997835	0.447396475125924
0.157641033712563	0.194239718368344
0.0765102356452716	0.0862446934153834
0.305482534224641	0.455443536144949
0.0394977070829341	0.03539085130226
-0.0868362194281973	0.0856733009927636
0.190457019822121	0.158460064522632
1.15132825544079	1.41561371658487
-0.737831683684304	1.07436218870165
1.19214421111637	0.634354888166842
-0.381651538046387	0.187230078362011
0.622352918105893	0.394648912314223
0.945367416697688	2.13601614501433
0.342067776946678	0.415921621529668
0.672502634683068	1.22951562077808
0.250961393832981	0.286926963775143
-0.184015408479995	0.245082672323914
-0.181204854017992	0.240771998110669
0.172703918915996	0.247443237832895
0.0402722144658058	0.039887900780614
0.42820483761896	0.579457006569811
0.804392525764504	1.43563199075308
0.384428269172474	0.477184462035135
-0.642899328314112	0.860711207190262
0.418531950058761	0.59480265042492
0.356462512807423	0.410297202004065
0.223289668936	0.304815242695731
0.190067322924055	0.244968624207021
-0.115014959943349	0.143240794556597
0.142182333819085	0.173879597917989
-0.18216265130852	0.204798551062878
-0.267149569975865	0.28846412121816
0.223130803825628	0.253285113117024
-0.448392276647718	0.419007715981292
0.120723642573839	0.0907500917185144
0.299437508300278	0.252886325678365
0.726468750088013	0.855717844942708
0.413190828865536	0.42117430221248
0.605871178664915	0.576491976662076
0.688562222894539	0.774903191998421
0.292396539301411	0.405865932659806
0.0961508192358224	0.121515874178765
0.570819401834442	1.06851189071478
0.15069435545216	0.195796087551354
0.0968396436663843	0.116803527783305
0.112979553840648	0.12043461708454
0.416137165304776	0.58522338750782
0.372194177821668	0.551790357777926
0.305017281768284	0.436879496621453
0.449258434822896	0.504245650644805
0.202125922309045	0.279740780796838
0.958316299793753	0.915640175217866
0.0721654065871341	0.0751475508388874
-0.125945549953269	0.179158424012133
-0.217876370294234	0.325406550686145
0.13318275242352	0.185687349165819
0.507316773860072	1.08154586759669
0.380248360781034	0.679423088210229
0.117677834421798	0.137422317300997
0.0839929179012092	0.100854367441747
0.136567543408574	0.200636197681805
0.462972590916678	0.677965231620123
0.491241459620057	0.664312244320673
0.0502709095014316	0.0569628231949754
0.0813783815624347	0.0874683259441818
0.446306610625683	0.926731059415576
0.352234486334511	0.579864323373991
0.509302533838552	0.435299705030222
0.0921949034459245	0.0567231681734639
0.0524355656233005	0.0515139175147885
0.0515688336531349	0.0568161091551252
0.0802876252800618	0.0751532700561413
0.0725671055570755	0.0730867539109761
-0.0540348805948387	0.0703030348511344
0.36335258296088	0.582978350508565
0.29501055673912	0.527216297228925
0.263552263204393	0.431153944268227
-0.442362019095203	0.668799434511786
0.338475859511875	0.526229220494729
0.17900648684146	0.264915024375262
0.0923349768003258	0.124377477947428
0.285108437727062	0.320816028340927
0.719465551518763	0.974863865789544
0.306126971867781	0.43919825438377
0.224200248835005	0.318869361261815
0.0806375801925113	0.0982867916416223
0.249833229914656	0.417144051107222
0.597011349547713	0.565279610498883
-0.0722229934893216	0.0790039185437428
0.400422781833331	0.667148430140339
-0.0905335999206871	0.106603613106882
0.0208604454219077	0.0250542440202162
0.00406721816235799	0.00418368312369597
-0.0303082078133114	0.0369274731855802
0.157272470489641	0.204778946419093
0.0842517951614827	0.0858010065756886
0.195856245268338	0.202140349114157
0.148795941936768	0.185269876518604
0.309094208986631	0.462164263700669
0.0363671271944561	0.0433405108936966
0.142119479554914	0.183840323310333
0.308960831368125	0.530636509455113
-0.549330045263442	0.581088458695192
0.383481608070251	0.47644229968454
0.345623264479751	0.483171075860971
0.507165887339243	0.515778396115254
0.324005299916697	0.344508874134423
0.126345895526355	0.111306241833247
0.463416415032608	0.57954552533871
0.181815099665818	0.238530259173072
0.371803306861902	0.729893591015751
0.16124788773022	0.200002908185674
0.0143304484526503	0.0145664325074163
0.151338998727786	0.140209660284254
0.0934676858520051	0.129654571747359
0.466876406792652	1.15197397657033
0.0360559430900579	0.044599158785562
-0.0659289067366392	0.0533899873632141
0.412896293563057	0.339327985765801
0.274555054903536	0.35653430329318
0.327525466487511	0.534475563483398
0.482472543809626	1.04340360923084
0.703489045520559	0.611250959443096
0.196154304243051	0.183309104786728
0.441221189056227	0.753676842386674
0.016230070972963	0.0220762040144208
-0.185243847610399	0.182377842042658
0.69130559655764	0.90402334092428
0.0179942248039352	0.0217946109492805
-0.351662769452333	0.317680904683346
0.302226454677753	0.226598737298824
0.110329312163794	0.072012359105081
0.305592026928597	0.246886656478726
0.206813151434837	0.142106819732202
0.273756660343565	0.130856153537845
0.325362530050554	0.433386238484939
0.11426760111537	0.18005597067458
0.195705113338312	0.354646396938959
0.709339800354095	0.687557051099035
0.8002073896206	0.827849333414404
-0.177899379189309	0.1115238832682
0.549752048993449	0.609316761019811
0.124473015362428	0.103982598489424
0.405753348843499	0.412467111863725
0.834953228279166	1.06960506429208
-0.1240684093374	0.119359607118308
0.451804199598098	0.875851304485932
0.441694163383822	0.653541273461553
0.0228836392904635	0.0233890423013571
0.186580947559336	0.277304665745552
0.546380562175566	0.969660198280574
0.509226448596477	1.00066560568667
-0.0400907482887088	0.0362014576484922
0.591514807477823	1.03986193330723
-0.00241188892382579	0.00184045735474042
0.149611149881867	0.13750602061498
0.263983096517787	0.379353587638493
0.597690312563452	1.20789243288176
0.603281450154629	0.563713657477416
0.0912787815614518	0.055866788416686
-0.0738586352484137	0.0514578405130485
1.49231273956597	1.44185200472641
0.925878103057232	0.982507508534624
-0.343008540472033	0.288859222362736
0.380626185790734	0.32729033235955
0.733535131701818	0.785184978495469
0.322712469164542	0.594063260147499
0.236576885835984	0.323147174616955
0.278630008460704	0.437879630039797
0.428494167481789	0.417807733221664
0.195562700457044	0.180815819804578
0.283948670323811	0.250256570618918
-0.188105510923017	0.154277230923067
-0.168024135970008	0.140628053112124
0.0319942671075817	0.0283570353048216
0.359194483991853	0.420873246252327
1.05057906115334	1.50461780180559
-0.648928617212017	0.901537437540201
-0.300473267834363	0.282257788860072
0.0802851736103869	0.0928550700394403
0.115874212556022	0.139782450903835
0.256654103437387	0.281534309305359
0.0706039379948618	0.0705447662247938
-0.10125647184225	0.107271010585053
0.137725426157093	0.131914263658108
0.201565072759403	0.228417475226918
0.842695733455558	1.3578987693337
-0.288036471049117	0.329094825936395
-0.202898335632674	0.228043366210407
0.165064447486133	0.189274212567338
-0.813747196110026	1.21230056618256
-0.403291290496313	0.449805145409757
0.4229977478349	0.694024594575558
0.103678236567967	0.122459239092433
0.559785626603396	0.990663091451505
0.00830173406460214	0.00654248760353036
0.972553910247246	1.25758340651168
0.319752875680221	0.324642090079234
-0.381199648519455	0.389313104685554
0.450796919579051	0.42906304857028
-0.414796500134927	0.398710646283217
0.207560464976652	0.155436614956254
0.216114139933449	0.301559806511427
0.533289377514228	0.889450594082206
0.0281737431437705	0.0193918632619706
0.793141343382619	0.833853403706228
0.901367645980776	0.879587919535567
0.675441699394458	0.681300980149594
0.664797027758965	0.590558913027354
0.693511997514883	0.996178042968078
0.452279348295242	0.419218278899328
-0.51134256398398	0.444418502653947
-0.165175808622539	0.103716536737196
0.386150430523657	0.338142778682149
1.49725069099541	1.84074261468387
-0.492067160859868	0.468517406845136
0.204806297175883	0.138447039530983
0.362169634383146	0.233438703639441
0.136739131001246	0.10502484674201
0.0253599826791547	0.0243087894547933
0.345194305558277	0.442366611899002
0.0670907025926754	0.0688098679230764
0.590820639986702	0.698248598848908
0.426493797622765	0.708997747868967
0.071496042931046	0.0790064828461993
0.127890798763936	0.156115996029456
0.567321144011632	0.674477400963065
-0.328015159007331	0.358431289283646
0.129611631624226	0.109978748220489
0.187999334049131	0.165836059324788
-0.056086802190403	0.0663384347337275
0.566186218040993	1.42433236421944
0.436536255102782	0.650032015873816
-0.112394894457756	0.0736035992510443
-0.340294155114181	0.16691303754916
0.30515847413077	0.240556353705143
0.125247470061325	0.104909173276684
-0.0129202707415491	0.00787214860598841
0.101382630253961	0.0687961627359131
0.0374709431824636	0.0458930361250955
-0.132534359890066	0.114369211156545
0.144717267266367	0.196134601275431
0.219291237182084	0.315319069982774
0.515862522250457	0.357637503373548
0.0689485406462003	0.0388225742351048
0.824526780345126	0.637958746743217
-0.0717389541286561	0.0393389340638208
0.709998747674019	0.418099177135265
0.35778196978755	0.23914881780881
1.70850889929311	0.976933185515738
-0.11361069429199	0.0753032257927969
0.89965422566556	0.693566389611999
1.78765003648991	1.80696885795415
0.435268084007752	0.392789166390659
0.512807210616967	0.589069101703723
0.143518678179019	0.140858350241911
1.0060101660957	1.58386539962152
0.115471603761494	0.166505031170663
-0.229139039145169	0.352585472798395
0.929965669346178	1.51875986225312
0.109110626959941	0.0739198258517055
1.06015748882672	1.59019320088219
0.703097079375331	0.500865290973984
0.778389050691371	1.41480202645716
0.145872621249142	0.199633594133535
0.459507746160386	0.650398232928344
0.900931362520358	0.66944224901302
1.16332146475887	0.75715395565621
0.215189494244367	0.129313455843826
0.41395061555718	0.236067140653502
0.375134741112532	0.231924280545895
0.207071650561185	0.120329952408512
2.2020977584773	1.70234237824459
1.25782315408321	0.535541222432542
0.768293639542072	0.53617403661736
0.885923960090083	1.25209712071936
0.0853501219486883	0.0285902501296205
0.287075909291973	0.408663199928151
-0.0158703314642219	0.0179593117541124
0.0438032476451869	0.0595158360143331
0.0786006035316287	0.0267506123117214
0.216325334648306	0.123705922825421
0.487468514626045	0.42299409716906
0.197104134539241	0.220248639515981
0.719560137554566	0.697564398114423
0.69113581877611	0.49861269282141
0.548281092679182	0.343638091536308
0.315387336174936	0.239407009203486
0.0806513330266624	0.0491230757462243
-0.287527498196801	0.158943775366819
1.25269356762891	1.2162505203422
0.855404357217158	1.11804580826379
0.0844361808430912	0.110564885713393
-0.0143342556429193	0.0109383742539987
0.131820022566796	0.102993973162255
0.348589947838376	0.228321033508272
-0.257147422207124	0.297919083901969
0.298254754487767	0.545609901097185
-0.162879769752225	0.189475311781446
1.01934474167695	0.851992017405518
-0.488958783128894	0.350132598308418
1.15728398757324	1.14235929176112
0.624236108932451	0.298532822986633
0.256165209836331	0.135638761169496
-0.0749497155288337	0.0409141290460453
0.819931526714295	0.653039033837169
1.00845790570906	0.61226950926099
0.185122646891801	0.17823148345287
0.708070500645718	1.26545532673671
-0.0356081361061986	0.0334719759507905
0.197098286289814	0.25031240807225
0.347474628441546	0.338497490905255
0.722925489833916	0.904732607820529
0.251120582067441	0.233899022534329
1.08847066768628	1.31082107830912
0.269667379414173	0.240272023054215
-0.422644588202788	0.476029271758624
-0.737380832000303	0.875009220363527
0.150926338108736	0.154288643214053
-0.103839340122568	0.110850035685052
-0.0358465932590776	0.0304281653009584
0.333436658763162	0.402775191752815
0.300623450384138	0.319238696528235
0.056519532674408	0.0443738152791019
-0.0502770236134547	0.0584806009687005
-0.060734383932515	0.0667670397250619
-0.0895345324759334	0.0932687159387314
-0.134119865283783	0.126803872473969
-0.354967588746902	0.324949078382256
-0.247085524789749	0.268139110138826
-0.161081356508811	0.136917832319883
0.65637970784714	0.82601655230359
-0.155468832182176	0.146212256311096
-0.203136904025041	0.219880711117829
-0.0585732224143446	0.0606467913989892
-0.124525187861395	0.140125511614749
0.0468349659252752	0.0447215656035308
0.441383369690155	0.501457835065219
0.518829625875419	0.607032861530242
0.321183201356282	0.317499272389496
0.516905621272846	0.455996522900885
-0.529536490858179	0.552421765106392
0.43466437126004	0.347406635232133
0.125226205228754	0.101368900920433
-0.0289835368920793	0.0213641967556024
-0.064695770161225	0.0586551198963554
0.793354524843793	1.43308706245676
0.257480842620904	0.272158606987595
-0.00731192161730567	0.00711992621573645
0.192007616297511	0.191073389377938
-0.0871005283695844	0.07861066988788
0.481394575691241	0.800745585636667
0.0741525305431447	0.0738782164035413
0.507477049841422	0.668889568475498
-0.152525074646628	0.175353128421927
0.116143271075039	0.100906669765377
0.0807974102804665	0.0727527377670674
-0.0754707235616374	0.0678444075084466
0.0250587062968548	0.0210556414291765
-0.281202314054662	0.331196037518606
-0.0459306465409218	0.0374409150802544
-0.14774188377534	0.152992244943379
-0.00750576710740381	0.00576564587755017
0.655418431616159	0.975179990465788
-0.763313704779882	1.13850186741912
0.336662376374877	0.353359035944406
0.503804615452751	0.602296035779704
0.191635244676329	0.168998426077023
0.730907784012659	1.10560404039333
0.19878456802377	0.225061532116989
0.241920661994396	0.300995685214905
0.52655930541006	0.69438344356569
0.49327815116738	0.882743973521808
-0.00558854597769079	0.00532788720667448
-0.219252459409261	0.352060642947659
0.0256505777661112	0.0313429382478563
-0.0292342768992893	0.0340640119441812
-0.0404570405128787	0.0454046051566575
0.59160458330216	0.952366712178317
-0.210382284131954	0.224886148340991
0.239154304806902	0.273531316229423
0.0946998208912738	0.0843795988031323
0.301447704944024	0.354854911546835
0.31265931542235	0.460479798795134
0.211057279636404	0.335074667377091
0.102197595691089	0.121396286286407
0.179691187006846	0.243616768729892
0.408276054666316	0.490823037655857
0.759216790398432	0.731990376080547
0.19039915025342	0.142222526573488
1.06374409507335	1.64857684528204
1.03726687506631	1.83873036336636
0.127850225216187	0.141100624607898
0.22361602469082	0.272018636588806
0.510186604851468	0.805176183012693
-0.0110244950920548	0.0123894651557234
0.374050272286274	0.70326206059336
0.0213077814281486	0.0243864120719412
-0.10917772910014	0.131067697444386
-0.269657596371618	0.388106910844483
0.285834039820862	0.366015190462369
0.110122382530902	0.138505134766891
-0.388538776814194	0.71336682785406
-0.0210585936120281	0.0226627514101238
-0.154850942354929	0.204992778185555
-0.0699658263590298	0.0697536585477044
-0.236031049648784	0.399363364751311
0.15195787195194	0.183011821586093
-0.05614511744742	0.050488179402222
0.425014936550617	0.515046872139879
-0.165052057238333	0.180530871311754
0.0793717935066809	0.0354131764673538
0.146085661727111	0.135953554795527
0.302534680385174	0.40635519454946
-0.248530180223128	0.297756969171484
0.117806991886514	0.138665434737519
0.0415164079902061	0.0451810642271519
0.0754719974490295	0.0915528593224438
-0.00586152214526416	0.00727189800814594
0.284281246436295	0.465907010195691
0.0298257825464468	0.030202729555887
0.227187554934407	0.292212266034225
-0.0730018616652455	0.0786909466881169
0.0539597444018368	0.0528639714259599
0.419965707111124	0.490251040069937
0.609328947056874	0.880876280156961
-0.0524959888939624	0.0618640652741117
0.0434327622625434	0.0503389827707286
0.205907971272729	0.32614305342706
0.0680888998279468	0.0944405129671845
0.249357174641192	0.366169179249927
0.506131110499297	0.873879616123585
0.132947608962973	0.126011928389416
0.147028964414233	0.211695578482662
-0.322983703362872	0.461811550865732
-0.283875534359365	0.249606278203847
-0.48979159923542	0.459799950747786
0.202159963420123	0.170746667528594
-0.22284648060678	0.085962170767875
0.551012190695414	0.84650576962837
0.56852671632068	0.63734699977091
0.701279128580989	0.597075029590729
0.509946953780008	0.53455994695364
0.118242398098889	0.101333395664201
-0.126979097925895	0.132277134652994
0.233709769647383	0.295613537744825
-0.0447964444961421	0.0498081340519123
-0.775589792642921	1.57102008258589
0.410320651792624	0.767721938987114
0.456870536473406	0.893771798726495
0.229109679819128	0.357026601000927
0.294535733846279	0.542595769343104
0.0724594144957329	0.0757237944814379
0.226278846410213	0.309871808490506
0.216522003889878	0.300848233820955
0.00757505321101494	0.00673316993541208
-0.171503433156867	0.182336917444024
0.033922721619875	0.0359250712007322
-0.209276532875622	0.336704445120921
0.07742782956078	0.104622137540988
-0.14044266496961	0.207969091801717
-0.0117304868447633	0.0148353415856781
0.318867834205143	0.539602187002846
-0.0360454385935942	0.0306977861375837
0.0300435408156823	0.0353311123620655
0.081876826085298	0.0892185727552042
-0.147443436893617	0.111555280169862
0.24607545227627	0.221590425626464
0.204720714630331	0.19347827595288
0.665642529031509	1.26791335462995
0.436381425864632	0.752757613929078
0.870280869494525	1.30976828940634
0.64747729594801	0.913667679127468
0.528729335433971	0.444570946016015
-0.0564130957432373	0.0324629768837974
0.265791151715117	0.249211097928725
0.3967781544235	0.413258529323172
-0.0187860009570681	0.0175716229065777
-0.353914020480352	0.496951435039188
0.154877591424975	0.212919260523969
0.186127012114568	0.241091902911833
0.198145529697985	0.199884551332822
-0.837076026939256	1.71445532145752
0.450927763012247	0.690938769961295
0.832448219174051	1.71757885764141
-0.278779659018021	0.327345207974946
0.132151529509039	0.111985778648749
0.24129388783021	0.283462373391228
0.108343231112254	0.14558655334592
0.0891172836228948	0.120277968732587
-0.0598386850224037	0.0693669233601703
0.12043085670355	0.159892608553213
-0.475504545633567	0.84895558066329
0.113238953202425	0.143862531279948
0.323645372434661	0.573372181084712
0.0758744194938411	0.0840210459454143
0.355539309911926	0.329063523043587
0.204322410076304	0.152456253610794
0.680816407258474	0.756326663412978
1.72097788367871	0.958698392139485
0.29403457519078	0.477688832132525
0.435790914573475	0.790322201245591
-0.281370297520018	0.370376358904362
0.199942368851432	0.287545497588564
0.345582380195849	0.622121475173385
0.132615336350822	0.123511587808771
0.119525606776792	0.0973126027407426
-0.0161359728527318	0.0135290807185207
0.273455599127705	0.247260253563451
-0.205882289517559	0.162658505737231
-1.02270285754333	1.7180744173905
-0.0202621914192351	0.0212908155708269
-0.143074780110673	0.181511041767629
0.437299300566183	0.729217168105885
0.587267906412211	1.16895869436965
0.505623594756369	1.00119332762514
0.268123868980115	0.259768701689433
0.141988526914716	0.168427386260072
-0.666786540434842	1.22879899483747
0.297904733039265	0.377494613248933
0.076078592632511	0.086012508569716
-0.439249515581377	0.553711476706704
0.154072497181616	0.170154343345987
0.60090001068538	1.45500405222261
0.055103665969112	0.0744221368722071
0.214859669056392	0.340040789035248
0.355240495513009	0.596316554618196
-0.213751153528877	0.295389267562284
0.195525045561685	0.301749376823743
0.0913210400856655	0.115399517378481
0.144097535346742	0.172924003292248
0.683094405399132	0.694716804210899
1.26806331351402	0.566993166110905
0.557134410968647	0.357289673574249
0.257853464812107	0.360260852716445
-0.222157708261857	0.280028959316955
-0.223335786498279	0.286284717292055
0.0721252019766576	0.0849891640298732
0.06066049683885	0.0628725901328693
0.243228127050502	0.272169924111348
0.264123060051157	0.262208381841844
-0.396727896719302	0.386519997246574
0.503113580123076	0.506046257228275
1.71225987229637	2.70970235166272
-0.501141574417467	0.462827172616135
-0.195744853167261	0.195757913037778
-0.253524679783536	0.316712576832668
0.20751812066278	0.236286177240615
-0.0454889591755195	0.0457409622597551
0.394890324734448	0.574128512260331
0.626901028837317	1.33966560848808
0.28023745764591	0.447612253463347
0.491137255300248	1.00665118112042
-0.000215317052069606	0.000293820410507619
0.286248622378596	0.451109614822599
0.0520377200240119	0.0605885807307754
0.207539346902147	0.307957567169173
0.786789377722461	1.41994027001655
0.0133092031193887	0.0104501240125137
0.07433192117069	0.0787673471421992
0.0331642675656843	0.0349935789411526
0.819592484492341	1.60434585138695
0.233569403770922	0.28702349643325
0.189746762573242	0.160120693321793
0.457092802574764	0.582827637908516
0.0682061095538423	0.0836085886145538
0.551849775961645	1.05265508646235
-0.0000461969001874872	0.000160751946097153
-0.179282817341095	0.282923291532384
0.393367126037005	0.645515205960214
0.32252036715435	0.519737377776136
0.144269158984681	0.18548513230966
0.832917035001002	1.36912969178255
0.759809648452409	0.822994090955044
1.71353385930061	1.00472829451272
0.816437247091245	0.62661965354301
0.39102952360858	0.341142268926192
0.450610754751835	0.658584512281373
0.669232007606138	1.11965936836608
0.673808048337485	0.956285948326845
-0.0680705683414679	0.0689937214898753
0.183581861048053	0.221545564579183
0.397328172922007	0.326369777746652
-0.367840201458168	0.266440786942871
-0.200786004928225	0.141096098731397
0.845232991225296	1.12723053702536
-0.226740824883205	0.20382655568319
0.201633556411087	0.188979721810947
-0.399251702643233	0.5835228932082
0.194513091407822	0.193321389181417
0.798008629500172	1.39619779962682
-0.0212017856562362	0.0220024210825427
-0.138931304101717	0.158252835786743
0.157855770729383	0.202700641164354
-0.0154888541204211	0.0168351576010567
-0.0329887415594384	0.0351496812463464
0.115366325270903	0.14643122147433
0.110034556956363	0.125682855575196
0.139733389747794	0.162997745774379
-0.282832425426034	0.335794883258397
0.209236438710012	0.190096204230961
0.334976728957981	0.230258968313156
0.641358442989488	0.495433137828275
-0.332683058412918	0.383232017894584
0.165835517722674	0.189922270955861
0.00714197424746261	0.00703835999676796
0.113553703857101	0.12323756601967
-0.0703485119357659	0.0643596536085102
-0.201033946151793	0.180862046257856
-0.00625094251487888	0.00548383267245759
0.181536222703656	0.228117651534314
0.259259174175423	0.348430834325233
0.20642267440652	0.280634850904559
0.0858530587087329	0.092779742322859
0.282561502039502	0.410265348331914
0.356656548784848	0.498493453273591
-0.868076709392571	0.505287009973895
-0.586322288311134	0.44407792920159
0.598918865025157	0.482138041904184
0.379345339250838	0.156709729794293
0.264824443698094	0.406181570745633
0.150045936101457	0.192734570913317
-0.252985929377324	0.329944225488235
0.286265227729521	0.437308331904545
0.537533595533329	0.985467291772121
0.507309862373535	0.879089338699196
0.285173127505992	0.328126412415246
0.78327361452767	1.07492761967318
0.718851712432572	1.03759096273887
-0.0444641317890573	0.0317045507377905
0.934558570330737	0.795677244092525
-0.41127541608714	0.455289820429675
-0.220702159320231	0.214299072205305
0.0373351351281237	0.0393116110334104
0.0245374546382247	0.0234965514720151
0.0311216067948509	0.0312879649726456
0.136483480970414	0.166859387734127
-0.10974456790997	0.127010483050206
0.290581478331312	0.478831855497405
0.721740053540299	1.7047833401546
0.00559882978649431	0.00689329593526328
-0.053307592110484	0.0654366012620791
0.406591585997454	0.823112621878632
0.459908225145451	0.84290206300928
0.0107328513869735	0.0113749030942975
-0.305817232845316	0.507315224110442
0.0665543919308043	0.0656378896118241
-0.0514552221782023	0.0506676507585776
0.589502219447343	0.461038468036589
0.0706612226468059	0.0397712824724275
0.850242869753691	0.875553351662923
-0.0868641663858349	0.085993995874577
-0.281226056731401	0.370941206261304
-0.121862180035964	0.145638504350586
0.399345276858331	0.535813598047813
0.859792236326604	1.27038568462425
0.0228274091653181	0.0187757747442651
0.230057369726843	0.29092748769549
0.341443241170483	0.545309420400801
0.36749247002086	0.581140400703424
0.174761768547642	0.265065183616355
-0.320463456852314	0.492338667418018
0.0879078525866604	0.114445938560136
0.278968262348724	0.403864723176537
0.214858596957723	0.298553058523014
0.23633766093485	0.304298683107526
2.29095345327899	1.16118722336222
0.623897923271777	0.290335011961883
0.81840666905308	0.662915969049948
0.29221949985422	0.249699529169832
-0.096559936587314	0.0504109316099507
0.696185025835624	0.507451705018031
0.465242069385326	0.169372980204178
0.181586299078427	0.236690220668542
0.337996313355513	0.58803874759922
0.247979830754216	0.354321735692472
0.982436553740952	2.61076474014018
0.372475956362149	0.564581421571481
0.151814298501243	0.194544332766988
0.225346934785725	0.299615166013001
0.153034259340067	0.182457136549244
0.323385991721595	0.426465352329675
0.744816819517663	1.5955030613337
0.758595961187364	1.06512601055925
0.200185441736042	0.19614674127794
0.00111824876116371	0.00106340498255873
0.599409103095332	0.563086485878323
0.324246366953093	0.235973675970237
0.023768373788942	0.0159794738599008
-0.332138672947236	0.403946891987019
0.0865929119407604	0.0861715555504281
0.295502132625484	0.357870017484848
0.188899199445577	0.246614997651293
-0.0910109208247292	0.10274514667736
0.180380600422429	0.230321295375839
0.469461882618199	0.971505316296643
0.813567249445086	1.68715063029651
0.255498238371562	0.385374033564435
0.306809410654637	0.456970636302977
0.176356803954476	0.259516393064803
0.0364830061554787	0.0364144351031252
0.403778601606621	0.591360706698705
0.224331866012503	0.336161606239665
0.391878516507291	0.491206295244531
0.197788853261698	0.201958251987941
-0.0427826181957522	0.0441655054955906
0.301554110172368	0.238868653895175
0.0826137601377927	0.0339203495234396
-0.0432003674003541	0.0308496658435106
0.992538612338224	1.94752842644954
-0.544437721797421	0.823688566233352
0.541788215902112	0.92556036032469
-0.182358432617791	0.209687946581975
-0.165375504540163	0.159769888080096
-0.761957208719626	0.990886285682058
-0.111171302365521	0.109397927253029
-0.429694359888564	0.866720777934536
0.191064797421318	0.28326189288455
-0.388958982484223	0.669944700967636
0.606682692362124	1.13633159724196
0.151875469013722	0.205264144279417
0.346446638015085	0.559167706758093
0.110374041180346	0.118469249227013
0.264114681678016	0.385482246956922
0.066337025528499	0.0830020447962746
0.214584378914911	0.299331754665112
0.261405280791285	0.371795235532619
0.0653295160064365	0.0298191196728703
0.815695496985128	0.651090163975191
-0.154561618039368	0.114272150494266
0.460474370438923	0.433038585528573
0.906369331822646	0.68285099341992
1.75874083677342	0.684772519064541
0.199839810299037	0.260911184666738
0.0569548532389674	0.0620360651764649
0.178967129001474	0.224615285960146
-0.206063210592262	0.250695938382522
0.427528102674634	0.641235076840037
-0.102938527349786	0.122034688729481
-0.667474440731041	1.26012333610577
0.194229968619348	0.229610111438204
0.012885593552238	0.0133472549842985
-0.0480318160153417	0.0472613969410366
-0.0574782587321094	0.0596133219488401
0.351719405887772	0.441155146087367
0.441853281603151	0.652220948658005
0.108440450274837	0.111712996835292
-0.00872268223192773	0.00754339643486004
0.711489326566382	0.954827485048041
-0.792558272544321	0.832740350672204
-0.49130758761293	0.340853630785688
0.757783969441209	0.814476858598477
-0.141205292850062	0.121097489814251
-0.198191956284019	0.220870779742404
-0.0120327435921396	0.0117861926005131
0.627951387571428	1.05418662747983
0.23204790328506	0.264031385305006
-0.119205490947016	0.12568659877396
0.619435453440061	1.25308565282744
0.692316631710968	1.45380721742233
0.51038788573666	0.859972188789705
0.174549101495054	0.242466606653001
0.110795412551729	0.134690431657287
0.936077988645111	2.29888920173142
0.150098447128164	0.168890395524791
0.352561633327354	0.23531078644245
-1.3607228842353	1.44705466085027
-0.238924251715464	0.168250339917783
0.26277739559341	0.245223138123738
0.187882797110435	0.223117612432963
0.157297752055169	0.178183706011844
-0.940304291030839	1.66977591434402
-0.0201838932789106	0.0208644809245088
-0.474258097374032	0.484060467925152
-0.096364594558048	0.0869875450244637
0.0295924188396023	0.0310716534434421
0.0458083504152256	0.0474613626697546
-0.0246642604541488	0.0290119457944463
0.458641724826932	0.791046989479076
-0.318175681043313	0.435147599781635
-0.934333854606998	2.42080245368062
0.0999836470110909	0.100453957873663
0.47356312760914	0.665987700003715
-0.435508319310114	0.734483105125548
0.237165448833955	0.284235805173883
0.0587003677897621	0.0588574826686374
0.334583348830087	0.589348022527003
0.346643297868685	0.498230965291243
0.114544705822238	0.0222898310099207
-0.170022511727184	0.0722690433504213
0.634735097529755	0.580062844266793
0.419970338821948	0.347592021394211
0.411656167597928	0.248094968864063
0.0954064769143697	0.0639513167912524
0.0747720675272805	0.0291642152716215
0.0710412236636583	0.0404117244246119
0.109319041940032	0.0216842476123092
0.0128558227472439	0.0120986353927123
0.313132278691212	0.427069983388154
-0.354105338598297	0.444524152263578
0.0569255386800096	0.0532289592341532
0.345427931452185	0.454754717126226
0.0771487460510437	0.0825894519157863
0.112960033307992	0.113843377986689
0.344892099775005	0.417310478950174
0.316163669165855	0.315144250286951
0.0205926744678427	0.0177479557031962
0.422458375868718	0.493264203203027
-0.0239509332400547	0.0205005585006028
0.0613705777155581	0.0496318229806061
0.0288989667133549	0.0195475609016291
0.104747279367844	0.107402618145079
0.297433033268581	0.31098820571242
0.0935250385134602	0.0886130835646829
-0.657950718940844	0.758682422134425
-0.25721382967412	0.266117408698826
0.271292247841113	0.244461030285887
-0.4670630081382	0.601244256554763
-0.101124942646959	0.0992858874146173
-0.130176160770452	0.130979538986467
-0.275028636282633	0.371215265846441
0.154258278657842	0.176864249096878
-0.0194597708333334	0.0189486179538997
0.765031498764238	0.915736286896938
0.570410873794608	0.63093379689294
-0.377121345177046	0.359167385431
0.0462224197630326	0.0353453445794485
0.243637355669546	0.263329228006455
0.429212619460783	0.585346907597382
0.0141191289136658	0.0136072774315054
0.152164710792506	0.180166831647166
-0.353047503986887	0.527204875138216
-0.277978548711951	0.391765082719126
-0.154951971172051	0.171792667067871
0.0195130068153881	0.0159641763124989
0.199414462566666	0.232575441367838
0.56662701808119	0.792251820849716
0.290107732102566	0.323502698875411
-0.0370010915053594	0.0372131909829774
0.0188825361438752	0.0159335116962325
0.014738745336572	0.0139908204691382
0.177843218656701	0.204116420993085
0.152110589000105	0.162608156654434
0.0343589766588066	0.0353408724009839
0.114467028825236	0.128497110637624
0.0173301907867257	0.01558956041046
0.620868262184318	1.13813593417054
-0.13098549654513	0.143228653680602
0.571739308169599	0.820566486243346
0.291256367268425	0.297299280000086
0.807362850020714	1.07250324765157
0.407423382979383	0.341651364888415
0.522278892857145	0.458651343071372
-0.121821860100532	0.0939517325195944
0.316429249339714	0.240858365867129
-0.339165712083209	0.25469389649624
-0.170270778267693	0.104039971101554
1.2687656598295	0.569088781603671
0.190592017818053	0.223927948876481
0.294601712722724	0.337536124141446
0.754040486781982	1.11684811486794
-0.276351316202811	0.337130659752295
-0.150810647582766	0.163296583866567
-0.304428899354143	0.362789032214857
0.340015265790004	0.479754145935219
0.329841374086611	0.383429793912361
-0.170790970705015	0.173368730660766
0.25427198525778	0.278046583529329
0.193720059096397	0.165360732613151
1.16347674160742	1.78403772332544
0.371984821535081	0.331918184390635
-0.0583269247597896	0.0519896305073479
1.05999910116208	1.59246433889127
0.336792519122749	0.330274823904779
-0.0182482166086973	0.0155246246937457
0.505504347150017	0.656165155409045
0.804013430137071	1.26178505543955
-1.04211720476328	2.0147043474301
0.270379999035204	0.337988139545989
-0.447155880550655	0.584101969786542
0.192918264038627	0.234456768985214
0.414666646338004	0.484315545964592
-0.0442629111541385	0.0412351221899641
0.369522026626007	0.544271868890102
0.531308354579812	0.84932017426607
-0.227003223390865	0.203376595382969
0.65216799190298	0.683229732442292
0.0695185914570374	0.0547036034549801
-0.439565426753024	0.477031821486106
0.382049027163864	0.487284128391001
0.137446695497741	0.136702241277096
0.0213105134053744	0.0179510872460511
-0.265702152532442	0.36907122406121
-0.0590846672057137	0.0486629381166319
-0.99328474246943	2.08977575331297
-0.00914966156661205	0.00804290947387632
-0.228458630577954	0.234684831834378
-0.0279062198510446	0.0243553799307506
0.363027071923371	0.408446587380092
1.28862103927066	3.00426286734771
0.24899358544547	0.258459099953383
0.11602072840079	0.118514463947107
0.251921869824165	0.270074436286106
-0.0718945721946454	0.066867365937831
-0.244856030052914	0.324918707831398
0.14170900789164	0.142261213104133
0.185577354033861	0.182796353883598
-0.0871913265809747	0.0453912462086805
0.376168594438435	0.239378110462451
0.0667358134858922	0.0326346968199744
-0.719752516542997	0.746154677706029
0.0188668688168759	0.0131579648257194
0.192624829170542	0.159218973762153
0.492728724863084	0.524612668246492
1.34613577688025	1.40641471936548
0.00383796903916816	0.00274347459203645
0.678872139688162	0.842858820353405
0.624367749940092	0.736655246276265
-0.316518839960128	0.270061460681722
0.0913001150698002	0.0575510266252973
0.385470632785649	0.397214043718713
0.141766429861693	0.131874637940631
0.438026129901546	0.503333109565652
0.349763736738292	0.424092705140952
0.111631543081952	0.114236074292479
0.379103580234626	0.487365485135548
-0.455018682859626	0.566579446224318
-0.113830607202297	0.087923518335825
0.385623188093141	0.417538596607849
0.299369659042316	0.33080671922654
0.146299701771505	0.155747546750203
0.228295765658661	0.273373241191254
0.91413269377501	1.6154904914303
-0.0216017414166468	0.0157841988518512
0.110271513879652	0.0775588144142719
0.299546911574419	0.315224380989869
-0.681828999422733	0.772803473324192
-0.201090946444592	0.18060997810265
0.617693084299737	0.713541927696408
-0.0151375848080003	0.0130752046618019
-0.0572913730730852	0.0633830710442353
0.0430955925236736	0.0497567313737757
0.307990075178549	0.430998981558231
0.114941904174032	0.128056088103854
0.505670271919384	0.748441975203433
-0.337796691830319	0.322917245288862
0.26307343357846	0.255910996936058
-0.1867408207447	0.284929254831401
-0.0439182859346825	0.0617147787877347
0.1875838103242	0.272385977722662
0.00940211910763063	0.00742345441131949
-0.651255406758466	0.595128423849955
0.0109248876205464	0.00829468810261243
0.207260176232504	0.155348413121685
-0.120908012767106	0.0807135374112469
-0.272259648043141	0.339416073767853
-0.254442762514215	0.396033567765623
0.648159900616074	0.905588408444559
-0.124921589426912	0.162896035626618
0.221203779443485	0.341655094347987
0.486564737003119	0.850617494389677
-0.094994878306474	0.113173637554734
-0.104086825888832	0.107853626007539
0.18714972770714	0.203789724775909
0.0338526399457094	0.0360185067934535
-0.00400447686586124	0.00348554879563077
-0.300070092056839	0.391159672720572
0.255381432294431	0.339861075094399
-0.0331416099540192	0.0469877340208153
0.706652339092595	1.31167248222041
0.0631832619685723	0.0681741164022469
-0.132899104605277	0.124409507365706
-0.00343950003634211	0.00299520817249584
-0.389805453276105	0.542981118116204
-0.0241882929215374	0.0227948776802999
0.159589029227491	0.177276634417582
0.448502265517494	0.67322393174729
0.292061862841828	0.373388447046161
0.0892163940709695	0.0805012715583942
0.165688333626252	0.19285431042731
0.370725019942474	0.50325189418767
0.00195935307368056	0.00160425845924173
0.419456940454467	0.480231595313343
0.490078841926153	0.522393339204759
0.9351467557857	1.18684831801755
0.292413263496983	0.244898364632598
-0.147998316937504	0.126950511989264
0.544243744108787	0.772567649901804
0.344412469760089	0.325741421803286
0.0383167725234795	0.0327400170779698
0.258981751230415	0.254629028893378
0.558853282411385	1.00626730363078
0.190245699127922	0.224084493528313
0.349334605003824	0.420845253467399
0.0511925542799823	0.0382649614904636
0.975084543603286	0.938668665774387
-0.112143929729544	0.082876625024285
-0.263786232003031	0.292859629992863
0.366726525115667	0.503665462832028
0.0875532733053735	0.0820170145435123
-0.318599288459808	0.379499616341076
0.0544035153953942	0.0610759661691575
-0.113092630409304	0.118834729285014
0.26432904105471	0.378991599391007
0.202453586759771	0.223197906358813
-0.174260269671883	0.176513276437093
-0.219562436754446	0.264238367738631
0.557493803620587	0.688143018909333
0.294569214368057	0.349180429153113
0.7077145578959	0.924875846284277
0.070103984642608	0.0562958456202686
0.0233676156641987	0.0233017058418948
0.446180495124593	0.704337917897509
-0.152968297282008	0.178930796990741
-0.174112131118593	0.211506885663784
0.966281080461393	1.45878233811506
-0.213082168888581	0.234647503851653
0.0896825650562481	0.0868012752410652
0.610957838207054	0.56309556565148
0.112201853207776	0.0762556092860411
0.0880954162220861	0.0872366777390511
0.899905696761598	1.35226148373961
-0.383035522465845	0.347073910222547
-0.121096043781034	0.104352735408286
-0.115746213716071	0.0756460674368295
0.112142687923853	0.0719754882534473
0.458762168890203	0.493987694250914
0.660285507086949	1.06516279650598
-0.487393199172699	0.455777347279961
0.331831446533264	0.228869026994866
0.217019399853214	0.137708814317366
0.883011384526981	1.13584194445327
0.120389855127739	0.101429884798701
0.043158152768268	0.0325053984353604
0.515535508379312	0.519409058492747
0.437044215559831	0.513429289288095
-0.351700630711771	0.403780315105789
-0.0105575500029132	0.0105061393285066
-0.0316185272435477	0.030314681040937
0.0653435068015361	0.0539210351449084
0.0480351103052392	0.04483569813821
-0.221395325164171	0.199652349954844
0.0279976570684738	0.024759486633716
0.407784678101811	0.493015258035182
0.299068560031433	0.298863074929368
-0.0542168883554293	0.0381869248127867
-0.00324145111960692	0.00253920066892057
0.288743640176929	0.340554129828706
-0.133379002339551	0.147427765774233
0.125137886300244	0.10757768658813
-0.0753381775517832	0.0696324321511094
0.729016893290602	1.1023007345829
0.177423268130977	0.196301529652429
-0.188962206192368	0.17223367085843
-0.458963402418491	0.535690949267066
0.0446549151553334	0.0454527026864415
-0.0607251265815977	0.0619504389968969
-0.0956604525972626	0.112215343232452
0.211981340767721	0.145097490591835
-0.584915496409457	0.522862835918609
0.00580491232518938	0.0046180668429309
0.11181743706345	0.0790586488501726
0.613719159227271	0.70248450841553
-0.0135363511047043	0.0101097302996584
0.79622254638051	0.932717663782935
0.383340876979402	0.331536500161362
-0.00126309349442673	0.000956943947400742
0.00656981296936103	0.00706929781196718
0.322225828483691	0.44946265569931
0.356323446517436	0.400649103405918
0.0239112554473284	0.0257347140919437
0.382308970322836	0.491278853603492
0.687208520487453	1.00039970249155
0.25211655947241	0.281980299404895
-0.205448511058767	0.232857879574275
-0.0444390432608903	0.0371849498755946
0.471636991833212	0.551614289513547
-1.13783540675578	0.928449096468095
0.0850898677955866	0.029298456026614
0.908535647469985	1.06909167716591
0.0667031631737806	0.0359166930295964
-0.101551693697164	0.0523234386677622
-0.418430632349653	0.339108110559322
0.17336832371885	0.179586130300806
0.278680985373869	0.396891171841576
0.206458157824849	0.322689907089195
-0.0682636620903007	0.0800020704031737
0.0525502752270751	0.0532468289091079
0.938900162770008	1.03404487644979
0.0498899883230885	0.0482168487596267
-0.522032741326802	1.32846832959767
0.0493741335001259	0.064239150515671
-0.292875392973566	0.557771348919338
0.48285179050772	0.601985651904039
-1.01234243125391	1.69920736976022
0.194020056709321	0.186935884539009
-0.640336198828931	0.576957641395265
0.0413623891192039	0.0482193804403632
-0.282568401414378	0.636599426798381
-0.501312044466804	0.933737651156585
-0.714018716878302	0.684595661279795
0.220111793095785	0.137404227500204
-0.275008879186182	0.185923991697651
-0.485537814839988	0.284771266901476
-0.498601790431794	0.287867937440111
-0.139775361569592	0.0907420232143993
0.906424703756105	0.679155667217972
0.38148392770899	0.692840296376184
0.44765862157419	1.03549056827666
0.277999051824101	0.377850137876682
0.778261053564448	1.36928824712056
-0.163891526893088	0.210382246219633
0.0896705855132224	0.154177260784264
0.169427142495986	0.237379153849548
-0.0385909623712534	0.0387810447690623
0.190059767092876	0.180403609295131
0.143791382955441	0.156563059197661
-0.104054428875582	0.127284490951078
-0.0055635314005504	0.00423312736269376
0.561789013799603	0.371853517646819
0.106638866805349	0.0718475726261214
-0.686197013385828	0.907797114029375
-0.245041653068004	0.278068427562011
0.0180736409043132	0.0168026064743057
-0.0532266876073698	0.0492378363259564
0.246422206017984	0.263923697748108
-0.0557623401643867	0.0570366084886826
-0.153506638514647	0.161677279256912
-1.0119410619164	1.71355902295896
0.151112353747573	0.145089362255605
-0.343183765458843	0.371971252427497
-0.671163354210497	1.08515872740119
0.351273607770959	0.523088154345758
-0.394220611046903	0.43758244767331
-0.222746551859563	0.209327836975946
0.147699608850634	0.181675266534358
-0.364008751399573	0.588179357797097
0.370788087763994	0.571717579561225
-0.250253464955796	0.255095658900064
-0.255329995187395	0.195939230958371
-0.594644146354007	0.762129709595917
-0.0239351906005342	0.0198142815740641
0.192612678235257	0.192393395763651
0.185723612538011	0.161989337017605
0.426228116313528	0.410367044720012
0.543892734961694	0.664644887198759
0.0222547173165702	0.0205686598252824
0.154653933053162	0.167904964632646
0.0309676234587747	0.0280202795361938
0.0703855104023615	0.0710635878391233
0.260930455777527	0.237578881649815
0.0754846391399137	0.0590281152676755
0.366294736150561	0.318769062533337
-0.0777875661924648	0.0704547114903918
0.395510700643049	0.424866551751222
0.455446962842157	0.577387801220118
0.135227486350425	0.117963669742988
-0.360256222878931	0.432892554445652
-0.160697067346056	0.160562029975946
-1.06657108990344	1.94636685627512
0.336022777920582	0.320822922097041
0.138658321017384	0.127040518999153
0.2870064278643	0.359753860279705
-0.405394418309746	0.560843238588052
-0.227775301784224	0.291288784891981
0.55930076846853	0.625812898030034
0.0225605334401575	0.015229300372017
0.518831386351562	0.521096112994188
0.490413222310512	0.522462749190919
-0.405555451947952	0.430173101636217
0.37995706981464	0.345431538796572
0.96568559336381	0.919092503602318
0.279568655421123	0.247682986827024
0.13555797417323	0.136987730110012
0.327947699260776	0.490853972052947
0.187807854967343	0.185183384555395
0.43483003837502	0.51287590958963
0.283305889492826	0.369259670054302
0.160384788050625	0.1794309867097
-0.0439421236325834	0.0416023042223551
0.697542136257728	0.944755099400496
0.410798531742394	0.240848416258068
0.421312403068971	0.343324892085969
0.619769989948147	0.658944243993881
0.930777125142806	1.36289151394155
0.190579454325158	0.189923471501171
-0.114661323019813	0.118152601573581
0.165712027022362	0.200365210584115
0.148361081883069	0.155184515513552
0.335153061887054	0.328512662348303
0.101448132607892	0.117867982462177
-0.106981033496981	0.120621598132467
0.0751025704164409	0.0748424658104717
0.26340971682757	0.243148658794206
0.133356382357094	0.115376592802869
0.188620276225736	0.154650398824237
0.111070941254991	0.0787279047353269
0.135275985617204	0.137269482225727
-0.349068940514326	0.495982365199801
-0.0803795838785805	0.0721514116065836
0.482063029299077	0.357215899267249
0.563300443916459	0.362642588132836
0.226041879910721	0.126760684589307
-0.125930863630191	0.0606600327724354
0.286193580739448	0.140262456707519
0.221217725887965	0.131103159595927
0.115418062349244	0.0782935102424937
0.676477517292192	0.905106138531884
0.497919945864978	0.35354647711582
0.0768049342761678	0.0715105632522794
0.38524611554849	0.51931663158531
0.367303487113695	0.509497550918535
0.940058375187418	1.99503213118027
0.237372276875148	0.277331135599753
0.884249887596929	1.5952751180872
-0.127466339775314	0.172277541393098
0.155821990142684	0.209836740497028
0.0576922306599263	0.0609572821968188
0.652353551550865	0.976857897827688
1.00938522983889	0.717476729594532
0.32086017724871	0.144513472687543
0.0679247917124091	0.037565949593192
0.0739238496039385	0.0431407141494822
0.67152571721867	0.972658619593449
-0.405726132756585	0.504932923789719
-0.526715025944253	0.601380900938411
-0.108525676648239	0.147449840938791
0.802102198513925	0.836545715032177
0.221459560918564	0.361764695622642
-0.00776139673077918	0.00874498031265014
0.0776573585257809	0.0665863678201373
0.676793298050747	0.681829119035073
0.534121260199481	0.46199962053893
-0.117062841826919	0.0584899854971827
0.0243784699157031	0.0215870567896884
0.219817904088265	0.347798701848178
0.772359131403691	1.29164395344273
-0.3228182310421	0.169891048048725
-0.320765066789771	0.16500672736264
0.0730616017469082	0.0359037746834443
1.01982434484702	0.715874121150214
-0.325392986055554	0.172075917199599
0.876985402719915	0.569134751998342
1.00041766120599	0.480188220155557
1.39644866072835	0.465278619540083
0.193742621130288	0.185763402572216
0.00578028845967745	0.0060143369135997
-0.382120629999146	0.183716200476372
0.191444317629385	0.194685184528867
-0.0648382312504873	0.079929018503224
0.0560611583545329	0.067837105110445
0.390532544676965	0.620146326456941
0.141144941684491	0.236957585150544
0.159653786321483	0.197832495025064
0.257112381461467	0.255087121537299
0.634381358236097	0.475354421462592
0.463274163345975	0.170560724530011
-0.132016981914201	0.0600466247643835
-0.030728595780033	0.0182111193796384
-0.0226455283498029	0.0215023116909494
-0.601172515917525	1.22992864917563
-0.388136083457427	0.485444669015737
0.099178656021923	0.147282862605434
0.510629436122433	0.514001366603997
-0.863638207866185	0.843997014496611
0.364757983950606	0.340542079421497
0.200233016540694	0.136975979452508
-0.637705295487222	0.97706505654549
-0.200935826278243	0.346510398108513
0.112164060332078	0.119773873386909
-1.55861989408078	0.844379807021086
-1.34606489029841	0.660441684577168
-0.375451034103375	0.242050089303558
-0.230273222046159	0.0812861519241518
0.0843849109669798	0.0508059240792091
1.39775168234521	0.468027783544626
-1.6844552910266	1.30857801501342
0.614778887958716	0.290703581339539
0.277952162572053	0.312373242036729
0.208431958188518	0.274390866379771
1.00496871381544	0.598049137216948
0.66527884668601	0.964311942539562
0.286358739594573	0.437016759496269
0.0284210085621498	0.0378177445324535
0.257468532534614	0.347211514223982
-0.0389224650038602	0.0643888956765455
0.13304419116228	0.227335167787858
0.10602849344124	0.175832973313484
0.206448170374545	0.371576226843882
0.555651448470755	0.681456145109001
0.28366842038676	0.140558369199191
1.14985823281447	0.906286005318723
0.49197093199182	0.664603795612074
0.756201617613753	1.5139404918087
0.193628149995848	0.216703173551047
-0.0696194598361227	0.0840511572743526
0.333544884617556	0.312615503533314
0.345287081737766	0.686422990695054
0.0393584812975856	0.0272877246038434
-0.29468057445889	0.227088692695399
-0.492960398011828	0.347458850933212
-0.0959722735480445	0.0508828525108891
-0.633221728594222	0.871873553808217
-0.0840768518655988	0.102298325165787
0.134218922176797	0.13358499498331
0.0645318842806205	0.0300382069502274
0.329067224979217	0.147485233910521
0.226929418192806	0.125463505561425
0.321283913830606	0.145009164056021
0.0772128259308396	0.029862023320515
0.897805036357979	0.68890006198169
0.482063029299077	0.357215899267249
-0.142546048466333	0.0638708583043144
0.526593599744797	0.264223212553874
0.116188411501124	0.140113454571009
0.0909360637291852	0.117888302254453
0.322921612532527	0.408894982655791
0.56714738495938	0.905260501858853
0.191303183867704	0.2581107708427
-0.0909463577772085	0.0988859594706813
0.142841725961167	0.202762847653098
0.287500523058467	0.446369755153114
0.257820577783608	0.254850579402687
0.0411961132588181	0.0549197391200686
0.241652912336023	0.452188987940053
0.197549419430335	0.180510666260284
0.765800591682277	0.817403051419036
0.4724876324948	0.345048089171265
-0.8008501721127	0.696259263022353
-0.613662786434484	0.879212127408507
-0.365209208473148	0.669177256677794
-0.0722175593659516	0.0666551241581811
-0.325030397777454	0.164189822083841
0.461410422198949	0.16673263343972
0.463084574278841	0.258254075866633
0.700206746467391	0.381946835945644
0.279802720110797	0.136548993537148
0.997798445353035	0.57956688927788
0.0694824264927362	0.0317731643986623
1.01794004750944	1.95802096361184
0.180744768247138	0.216533330569057
0.0272221646155891	0.0270681380124724
0.420190334541291	0.654911479712088
0.123886755844944	0.155312376723045
-0.0204809334760597	0.0176973253358879
0.230621494900827	0.318890697613098
-0.211825229654191	0.263189496865347
-0.0750322396686223	0.0741441175809962
0.017433314056133	0.0142311957300996
-0.337950176112947	0.339876963770002
-0.132259230223731	0.163770081855728
-0.161084485774451	0.21562120708937
0.0664662815604957	0.0713838451242694
-1.13565268736585	0.908230075721243
0.354238291551849	0.312802040099552
0.758150124818763	0.718789202514777
0.0494721761898639	0.0543663256929272
0.0738830026686501	0.0662428646162588
0.78474518064356	1.05635199778043
0.090404641316785	0.0898565499839288
0.0582249325268919	0.0573024654798234
0.350317840752198	0.489215621168613
-0.0585912648917821	0.0625959609280073
-0.139662585712933	0.16268922804879
0.378741453826959	0.464189102624264
-1.0749012626459	1.80192171079182
-0.066730499142509	0.0784475183920995
-0.704567994728839	1.29795964803537
-0.186916645986824	0.24349488657236
0.777021945815024	0.820431494132471
0.21149907698958	0.283008051872721
0.0156762532145353	0.0186327802950199
0.274877905825896	0.352175658881415
0.774966998410959	1.06559177058838
0.759825360125602	0.889866611010356
-0.132606878705509	0.100158700754505
0.488238590464738	0.447501486195479
-0.0265314403157827	0.0184222330234676
0.214601658499038	0.211353590980562
-0.357340723623074	0.477339493300536
-0.1103797382965	0.11651683255584
-0.855715931450338	1.26845293057208
-0.414610901022304	0.681641932275764
0.105601768733697	0.106074123825168
0.397067713487169	0.573556696835816
0.196522471235963	0.188043013135494
0.578797006817417	0.641940398830874
0.293713361553311	0.254806814510562
0.310313455915704	0.30395854966002
0.110730566235579	0.0878622302306366
1.02720483268882	0.853013417518985
0.749597565246057	0.317116278518047
-0.0583511369898855	0.0667846191987056
0.0390840907696258	0.041156260967092
-0.0823595306134181	0.0950075304248901
-0.576783743334257	0.702681983025611
0.0176715529089604	0.0168625768939707
-0.862518167704257	1.57145322600338
-0.39249238255986	0.528334988000681
0.510367240645382	0.582122263379466
0.638222295744087	0.822199467131257
0.141127900082263	0.180120908499459
-0.0103193661810885	0.0124046485721323
0.131995723449561	0.157867830734304
0.238806678954584	0.244147581878304
0.0946726096950185	0.102915722605557
0.340034233143738	0.336489201684486
0.207254680324201	0.220114694715809
0.287910248583081	0.32092368780769
1.01637688723485	1.16818249861925
0.0304630319165331	0.0202517763821197
0.340297963270914	0.234255460798685
-0.0817740561459665	0.0637738891356679
0.0202758569593554	0.0172703381624821
0.549825552736455	0.829543598170539
-0.0144204404410781	0.0127472729157392
-0.2810722641237	0.268893393044663
0.272296614323074	0.357314619277802
-0.100472691074945	0.094082921962327
0.0662807088657107	0.0675594609198151
0.0776892191638417	0.0698986650134643
0.236550474045318	0.252103668567194
0.654056514383949	0.663745404735943
0.208549353875542	0.135296359373423
0.987436667646527	1.22447256211468
0.285857126744668	0.238982756415646
-1.33832478125739	1.19668605672776
0.68742864488064	0.497872021452177
0.774834248506801	0.533799521171047
0.318389468291946	0.239118897464718
-0.235684594573883	0.165321225456049
-0.488256993742057	0.464745504288224
0.718093217714572	1.26872717783255
0.0379853086568207	0.0402939256362264
0.558291736888012	0.9095777518088
0.149711804248921	0.166888119294563
0.423249249136606	0.557570106773527
0.426696597852388	0.482208283018764
0.161091998707592	0.191833675435575
0.0842780124183391	0.0984768623462432
-0.0107306744620174	0.0101258094884647
0.0724518682409106	0.0359866400299265
-0.306229247948279	0.289320647065163
0.0679529613728954	0.0337782087201981
0.211683933447423	0.133143665335409
0.415590682666887	0.338345882706673
0.648419890446687	0.662059309217431
1.00982610524329	0.701764493360745
0.663670402623965	0.716920095602158
0.86203932386626	0.536167703186844
0.224397841072327	0.134866989788144
-0.0683946177598461	0.0626010902051326
-0.197593977221725	0.251063892201568
-0.101374561416315	0.107301870627695
-0.0313035007264243	0.0302599179938693
0.617834025871635	1.04053364201582
0.142390137772284	0.180572488680673
-0.17127670469795	0.203024030377667
-0.728762082540308	1.28204334453196
-0.0122838344366059	0.0120817801797273
0.275497031433458	0.415030113873139
0.496318706091634	0.816986895854065
0.33414261102024	0.318338837180864
0.999665866987067	0.501146128715902
1.00062063723423	1.04319057849222
0.100411854917212	0.0689847853111736
0.000576692745051204	0.00037104827826663
0.592547773416826	0.638709571128631
0.476721586610009	0.344338243348018
0.715979371260411	0.414327416491115
0.333636811565896	0.237579633556704
0.656796222031885	1.00580349754605
0.0242955930465863	0.0203713468205866
-0.597146524876667	1.01847644796643
-0.306292120807065	0.39488725111625
0.237124012539491	0.289809091906198
0.108031130891204	0.11600495337701
0.394209331599975	0.564232146268275
0.198109568304119	0.255128724941223
0.491682192735405	0.874645820621801
0.468143662677392	0.744130136731779
0.674843587568326	1.15140809437361
0.066211631788421	0.0710820439228726
0.872803109357417	0.574382110761514
2.35706771342498	2.65882235735947
-0.477414460529128	0.380687937019247
-0.443112911491997	0.422944719531962
0.0311271761778744	0.0206661637127794
0.307175486102605	0.325968189066928
-0.240726347214914	0.16717358794758
-0.78413457758082	0.686604033301902
0.34302926160967	0.318838484051881
0.207603781639997	0.18700664234064
0.0740891996979007	0.0637086201643341
0.399637663899184	0.593559639464584
0.327394495358806	0.497442866154791
-0.0792012842679662	0.0776950500855392
0.580721128299321	0.703505755456868
0.206165153776346	0.231315263617463
0.748964694176794	0.932116639538316
-0.143850652462658	0.17841292583046
-0.372772987619385	0.645204625427753
-0.334064924674546	0.706937411435506
0.646695430287755	0.976269788995065
0.1799862982182	0.290411277228919
0.345837457619017	0.658352457378948
0.247095544749923	0.352388074046094
-0.386282303765407	0.593964586356947
0.514607350244196	0.828799282581451
-0.325517656369264	0.492325228639722
0.562964064921646	0.963189306126344
-0.45454156084627	0.709799110908619
-0.513567783487336	0.846993812063559
0.125319977744184	0.207376959420048
0.302139155929895	0.507475116233141
0.0742052448368885	0.0799884275245285
0.156707900349634	0.190692937863227
0.318900176976968	0.537973182839298
0.703574310629035	1.50596033824771
0.765703186693215	0.732275641086249
0.180834050556303	0.23155374618234
0.350095752538103	0.480474918111178
0.396436583784883	0.643858555498229
0.010721748144269	0.010846458991208
0.142957643635117	0.161941716512839
-0.0567182382527981	0.0655688185311613
0.0541342759850407	0.0616620583955471
0.234204872675553	0.302163990196238
-0.0196629366269179	0.0192867676018513
-0.0664654413798977	0.0715139904738658
0.227926838581077	0.304649352238288
-0.0267223641680078	0.0230647915457261
0.147344340092839	0.162540000156792
0.614692656676612	0.363931368119239
-0.567014429773875	0.310682140923557
-0.769185183173108	0.548682861191545
-0.0318783046279432	0.0232236420071493
0.879410430624058	0.948186001311208
-0.347269734819542	0.294138337405348
0.091119022628962	0.0554396048745365
0.486141076654703	0.353463878704529
0.0309103552964941	0.0331873959469737
0.089995525199138	0.117584143171885
0.128730610999672	0.161027412120557
1.41218582259609	1.67610123685422
0.229607756093174	0.130706750535917
0.586138026238375	0.99136880173668
0.0936641994761562	0.0879329098712977
0.218195098201303	0.301477478375864
-0.142237424396432	0.188951380362711
0.415850122511708	0.647216344106962
0.565757529235125	1.08462235247757
-0.371305466716486	0.449521948208415
-0.691888336267325	0.969421417948039
0.0410805923802109	0.0422196439514965
0.103807149519064	0.100326166424349
0.121851913380051	0.0857401824917081
-0.534978841784321	0.50413368525372
0.0311565030595452	0.0223557454887172
0.743517909727599	0.306872191446571
0.378343164936745	0.153940639044104
-0.172663370702321	0.0729409454001449
1.08909418163481	1.3048028781061
0.761194406988733	0.501759738175013
0.768902815842605	0.53317766905293
-0.171036058737947	0.0725679230976462
0.525014366482658	0.269842936852081
0.0837877843265533	0.111900718390597
-0.0322577433988576	0.0428233806153946
0.612437552939357	1.2363121327617
0.0914381685208155	0.108472787543262
0.261523107220051	0.415091769684148
0.117427904673319	0.1384158027224
-0.241306040820498	0.291664483069086
0.473581503251883	0.339092586710542
0.33906818829572	0.237099474953426
-0.25679352117319	0.328540798171028
0.629268173215979	1.22611014373434
0.187273126872925	0.24967169271158
0.40092013009456	0.596688141325824
0.526735901292469	0.770078483639147
0.239807221591902	0.352061184820544
-0.122438570471842	0.150919532065595
-0.330756484419367	0.560523692544199
-0.391135974186299	0.656115505032174
0.042254722068398	0.0468625546252372
-0.359654728839839	0.403616030622491
0.0291037191078782	0.0385571655750374
0.196700228235664	0.201121580686168
0.610825372131027	0.704853171604828
-0.526733410218651	0.485349820340043
-0.307109109795283	0.257328720683833
2.06091545207893	0.906668573519312
-0.140734865240521	0.0644974202796036
1.00836177310686	0.596876056538347
-0.459657692966735	0.402794096358701
-0.796482542473965	0.753978625937175
-0.281398346994236	0.193819516679235
0.214297236935614	0.126289867250961
0.427249242101399	0.833686077320951
-0.127510628127308	0.180787317915651
0.0770566757377692	0.100070989237434
0.251771642738994	0.344151708283445
0.215921149882074	0.305498066585632
-0.0829544702420646	0.104117497695284
0.198768727439136	0.18169311832235
0.384221730418518	0.435100876361826
-0.935549181135876	1.55087703490266
1.32094340739244	1.42905485478251
-1.3142173710543	1.02312807187072
0.795920090996495	0.927647040534897
0.546456812064248	0.844045642004459
0.0308367935058213	0.0352930073736579
-0.14019881619844	0.166348215419566
0.055521257032295	0.0568624634079862
0.560468137063604	0.821042113025229
0.230020671814882	0.351708671156218
0.161468202709719	0.237086920015077
0.677993809738887	1.52730840848045
-0.186677526387229	0.273649946587207
-0.0984976723175974	0.116204475352514
-0.487709610271435	0.607759291869237
-0.3002387257168	0.309397121121406
0.341553406953967	0.48401102620493
0.610763463917107	1.1046404628224
-0.247159062281932	0.219249192421441
-1.08959940755994	1.44694624821792
0.725485436919616	0.870638368653752
0.0762766137394909	0.0317671746620885
0.620905500240983	0.292597826108115
-1.34237579545759	0.647789639554633
-0.729688720872693	0.699419962333929
0.207861467431071	0.142018535382982
0.0665589531573965	0.0305724298011291
0.229348583011916	0.348720429040804
0.623627930496124	1.10806699834845
0.643984428586561	1.67850644110543
0.0374739280453609	0.0406697187445887
0.272841320513842	0.411400944246349
0.072210054156382	0.0895240821192399
0.229137431396408	0.254444490436536
-1.07769177521151	2.05761152224988
0.133548248794985	0.124865809505747
0.516319579337833	0.452084351813549
0.510060230961904	0.447168763130873
-0.15284069889547	0.11265959708798
-0.455261195970546	0.438066351269957
0.227830299248493	0.296490455455041
0.52560068256829	0.887741784758624
-0.0809675766217224	0.0809993180571426
0.420587771261545	0.571386968096637
0.540219073688225	0.624235174577426
0.209205167224335	0.316878597853603
0.147278236021115	0.187403302892461
0.0134087274150658	0.0145387954031111
0.17412078795251	0.25187950922987
-0.264017453726061	0.336817222812761
-0.306189139221391	0.466709792953539
0.0662926060785583	0.0645467572009871
0.196215149198711	0.212686656867153
0.151793862782815	0.204675083640443
0.538589708589833	0.899505814434558
0.300818409382956	0.234326752726072
1.32933930581526	1.48341480429716
0.601305302936219	0.859898628852336
1.76818514924123	0.699045438409004
-0.410513005179403	0.122549662318218
0.0773973692729095	0.0328951381107236
-0.867185785981509	0.88179107461563
0.0907659395003637	0.0528222116554251
0.223409938821348	0.138602866793983
0.00982784579567795	0.00570141096557666
0.467962117867878	0.169898954015918
0.463778921088667	0.254826066825777
0.262018599101988	0.362561804765198
0.233575083609375	0.377120832798589
-0.00540181310067863	0.00607221948892089
0.0398528874457214	0.0483886650496893
0.118174122750826	0.148475555965842
0.179023392474902	0.237473541870243
-0.321386989441884	0.486287512737376
-0.254395520295474	0.263988256805447
-0.495005932837919	0.805154624254894
-0.332682136245304	0.435198872696241
0.281889953992946	0.246368503182796
-0.271999541894003	0.215283207763569
1.03466094519948	1.36848292430918
0.215666552426442	0.197710406967077
-0.681334937265534	1.32398149492997
0.64258029553182	1.0829828543129
0.356603585069308	0.509145549556302
0.205046398317818	0.243177796091937
0.329572660964297	0.496857177238993
0.271509629698532	0.381945890604024
0.329686180161654	0.410843898093868
0.40247502644248	0.575500241535518
0.0288026623262262	0.0286441934196019
0.298810618155686	0.467845060905506
-0.50764266989007	0.895538620045386
-0.350859721841005	0.321701196639646
0.45918390584237	0.437290110900861
0.321153116760388	0.330093125166224
-0.872884987131276	0.587203885277542
0.822145934047958	0.654694468997489
-0.67153812282923	0.330483983305935
0.47435098651669	0.511577547363319
-0.554763345549613	0.559577587543923
-0.115529935193918	0.0748022231035496
0.317182402669533	0.237266564097689
0.367144747715482	0.556653732784373
0.182655124942207	0.19826716115383
0.281804770141787	0.36741495061824
-0.0410028414873533	0.0347972997658951
0.0452100142037029	0.0506180404372216
0.485208136055416	0.785886386153238
-0.279336762109258	0.368989851105246
0.193373078026037	0.217829923287437
-0.12892516675036	0.133113739126241
-0.597118640875174	0.891648649678262
0.0590319372455819	0.0615177396119327
0.797591774893487	1.33071647535488
0.199707455868204	0.195125804732456
0.193665828336732	0.192329813121624
-0.330923197911262	0.359983511613655
0.111063906482388	0.124275250125174
0.263951893462064	0.258913521806735
-0.0846025660825375	0.0754968151284117
0.342530742717467	0.421855567536664
0.253683553342194	0.266523115549453
0.389398362940605	0.510734531909286
0.192787903598386	0.169040407837927
-0.480447163355141	0.644272040758117
0.0649446340218528	0.0636570116122092
0.267827062840777	0.253479697355423
0.198179705705279	0.197520619609898
0.21537889848732	0.155554244561516
-0.209087519721341	0.158908152682533
-0.350922519425521	0.294389146559783
0.19736886413205	0.169267818756607
-0.9768291603279	1.07085520605452
0.852387424617773	0.88620984480394
0.278189273934259	0.381134264890771
0.169233703592906	0.192264600502454
0.438892683901736	0.662611809965155
0.297559667451048	0.315113434647915
0.281098190942666	0.353346925390583
-0.0854005086025479	0.0968173244909551
-0.487997333032252	0.796162968081386
-0.248961471447443	0.277183631050767
-0.495772216598097	0.670675194483156
0.0134881318838842	0.0135467136929239
-0.00932855603395222	0.00920291160818549
0.00511162963661914	0.00457672140366993
-0.534136123040756	0.747080798744979
-0.102447117457941	0.100630741980356
-0.343211271610086	0.446227779174938
0.197601077232831	0.232011986354607
-0.0789467316816523	0.0786452320428378
0.699434516386403	0.968244733765403
0.484608531754386	0.800456831610726
0.810159775471314	1.52078099946147
0.279055460021477	0.354540668880794
0.156667690313922	0.176283403376567
-0.242273875103147	0.23619940668176
0.365020506881903	0.402763964293388
0.376263097109177	0.410848491244616
0.135032706742309	0.125059284003684
0.0168449903439958	0.0146155678662503
0.190831863158645	0.216530092360066
0.157217903569502	0.177479229159236
-0.037808768137369	0.03158573425096
-0.0707272641578684	0.0633914403520596
-0.309548577116971	0.284990197169093
-0.220383984415431	0.195892933656095
-0.384305156550349	0.364386326514346
0.329173732145178	0.321026951085518
-0.175019750394407	0.16038403637662
0.323271133826376	0.324429641646965
0.0745405032276165	0.0894247623319083
0.340697525200619	0.411507980013523
0.329778911240624	0.330394905536435
0.585595670741691	0.875657873380964
-0.725606504354247	0.986416190778831
0.193151243899445	0.182584093417515
0.659410890207367	0.841256774366382
-0.00380715689633325	0.00294879612842054
-0.341599920631978	0.492296369554945
0.142451907187272	0.175168356412324
-0.302466186150256	0.286426083751257
-0.680620749454408	1.07893130065925
-0.845640809539235	1.56481069729581
-0.243295716474655	0.337402130189365
0.285933872637118	0.476747501676425
0.376867057492331	0.605013033208117
0.0389714390600227	0.044232147270316
0.491040551468056	0.801825165786641
0.192983145222132	0.186532198647525
0.239294473546992	0.255587665366498
0.322161612710634	0.324426158173796
-0.34450170225682	0.524051945620524
0.203621006936732	0.341333829349627
0.380403520752945	0.570456930012499
0.436391428477297	0.499592425345158
0.414138387974475	0.402726597024118
0.351274122360904	0.338948277820805
0.0125872529261012	0.00979874528501993
0.588310543516502	0.707931811354918
0.205078241547411	0.173837849610446
0.428542962455219	0.430416516254358
0.0596445121109078	0.0488529141618156
0.214848493228774	0.268770368953274
0.40084423546384	0.699096635669493
0.233576728971266	0.334127807248384
-0.0460182803896083	0.042714658913579
-0.874643252168429	1.78804532634167
-0.187826049281392	0.181937089637313
-0.514102047699766	0.728038541016178
0.338171473302406	0.410437086140563
-0.487661988987284	0.620729176573871
-0.0733327803626821	0.0837425378547351
0.132232475318429	0.210374946056714
0.451048952287213	0.746503499634297
0.123007189001453	0.105335629755542
-0.298411170814484	0.331121569231778
0.209280337285884	0.248505006000345
0.471102159114651	0.731291791600414
0.0216906342805513	0.0209801429854009
0.0538060466522432	0.0633099484590669
0.237634226656497	0.305160578095219
0.113592679099661	0.12189090501035
0.37008734893499	0.556633995319279
0.112967772709141	0.115856913817433
0.526856080516008	0.893691030302317
0.524587184383593	0.759515164013162
0.183700317426613	0.199100199901505
0.407449257768957	0.598629050020575
0.356841442370054	0.492189264530534
0.0972384975573169	0.0930901690982008
0.912680962142381	1.764420696398
0.794096041350186	1.66193884033949
0.780988881067974	1.58946295922092
0.436395450866968	0.716693013782468
0.592590285939809	0.841444604096562
0.153041727278753	0.146108962254732
0.674451845173147	1.14169962037069
0.0315230795735659	0.0309193134032774
0.0868605804390385	0.0840386408167557
0.0809060336617898	0.086643766187749
0.30465033661112	0.246772173300927
0.518572948980037	0.942759856228251
0.127068880957052	0.133155727886786
0.690813684317683	1.31225212680162
-0.382757825539041	0.485424668082079
0.206559407861334	0.165302996319902
0.676029156425108	0.817446827071535
-1.33713376891322	2.1833155986143
0.0655948176406385	0.0578200234852265
0.277515391616068	0.310947405788113
0.0150572919310209	0.0133710329367738
-0.0725095290691815	0.0937942638956697
0.324759894020435	0.333541641127381
0.268337892609895	0.251785685601154
0.558909004085196	0.82847917558557
0.249630844589769	0.308725251745839
-0.484588690675406	0.80976015021173
-0.344954910291244	0.44179181722764
0.00445553524272336	0.00473486846866793
0.148623932368896	0.176357875227266
-0.133019241952629	0.159221447719582
0.36659886524204	0.476809341770631
0.242496280539207	0.312415572753057
0.0989419591319313	0.099713456687148
0.511526788761186	0.765761554773757
0.447859910472749	0.583304298902621
0.550928499631992	0.979436371898856
0.394209016062872	0.620674609088404
-0.150814074050636	0.155900068775387
0.174112493883711	0.23901203378436
-0.522778024294595	0.734410378612837
0.341176655016147	0.476944612319891
-0.21249416309655	0.265703002061823
0.390922909866746	0.581493615460784
-0.376922059645622	0.592599725320927
0.154470841175927	0.189454644703676
0.0387946436940411	0.0400686730838744
0.132485427330673	0.158615267604328
-0.0645506088988627	0.0587571262254582
0.150661000766564	0.161290150960057
0.247250198949102	0.335029712122398
0.256839663502822	0.284036902259627
0.252092510882909	0.260351745440251
-0.458026695320732	0.383859868100798
-0.235851698060844	0.166042279307284
0.207151997445929	0.143915676490191
0.247466891118125	0.276797660363033
0.436153902535037	0.481389952523326
-0.0140205221878279	0.0102322266261045
-0.141024564824754	0.165794272230831
0.238872679093153	0.276106848669583
0.116494358412948	0.0990551519841478
0.471537893932198	0.777249199240463
0.714145074374979	1.01450918102447
0.452809711562932	0.50627350146916
0.44933300032023	0.421992954312021
0.473764618071851	0.859129517070687
0.45455785505603	0.940248100773639
0.138555265642464	0.182368207133383
-0.197149765456517	0.268528835121254
-0.0934290129753955	0.109704323332313
-0.110961797877414	0.141953802235261
0.542220901417248	0.914377312986704
0.0583764449495773	0.0666377873274435
0.51867512032955	0.940442421334325
0.605807265191865	0.576833865754569
0.359776434756428	0.406636145926027
0.167554171922002	0.191853689540052
-0.503461634055773	0.783465351759866
-0.0603743772277888	0.0685357944246065
0.115782667933461	0.134042385077789
0.779519890432898	1.24208037969826
0.103922492719584	0.111933956493468
0.646194632839755	1.37668472180057
0.192579733074319	0.196819173981111
0.0653292445985144	0.0827652174102067
0.348704638566868	0.550008339016394
-0.506809844736448	1.07401833484868
0.281585272849341	0.434180560870303
-0.107568021861372	0.12491797371751
0.0729199108992529	0.0821874107805052
0.758494664861912	1.67574539778613
-0.263664019412744	0.232470098108078
0.0644721238535399	0.0337048426110029
-0.332104359882	0.169270814092831
0.0881768389399615	0.054357308604602
0.123830750682598	0.0894753883019207
0.575057175860052	0.475875968751357
0.411528575815012	0.642912206269234
0.193142986404519	0.224811072307498
0.290242806901721	0.357226763438683
0.487569267771784	0.671104509260951
0.255866802518945	0.240934898666122
0.0575810354024884	0.0434639267597121
0.969057122104621	1.50787835809892
0.561467636114073	0.743078981780887
0.362943271332998	0.525319838944391
0.20672850672032	0.33854800318338
0.0875391313015645	0.113435904402744
0.219770350844595	0.355302697258662
0.346577078405289	0.516063897412871
-0.170161186460336	0.235518147316076
0.412860938308451	0.709344401750004
0.423351383696616	0.394639469917092
0.842626618878714	0.928240694704381
0.391199185472336	0.342974920310201
-0.161081924493354	0.17099767401869
-0.237360444486772	0.316260777587419
0.296187728415579	0.372712271258152
-0.00452092053309147	0.00450089080011946
0.541669106940581	0.974122105364061
0.536460966639982	0.843564973817623
-0.495657518787371	0.742248626174133
-0.345379965603463	0.59992371130878
-0.0601746921074157	0.0714760771847375
0.0983000278088022	0.124540389734588
-0.121090651062943	0.157378227408497
-0.0629760799645299	0.0838360403691445
0.437702560684873	0.867109527965696
0.627451814354098	1.10223199315849
-0.205550691102592	0.313213157268601
0.119460999576631	0.148253319528971
-0.00416159870519343	0.00415754691364175
0.260547709911279	0.245778639191913
-0.181370720348164	0.075358045114447
0.0691654397620189	0.0344323970875234
0.0727654303188603	0.03876924238355
-0.0106329643824644	0.00647685349527776
0.88785781972764	2.18510462475832
0.396593417826387	0.630532173545247
0.190256509622612	0.241516490450273
-0.397820451842408	0.60955380768965
0.725489023402622	1.10702790136953
0.852755136858047	1.13261016081728
0.490681781034309	0.436349689615101
-0.433651522401369	0.350450918229905
0.196597107156355	0.172215670379919
-0.366594504481204	0.416040165178486
0.647154085622441	1.30195368908441
0.389804621287542	0.565194290074732
0.727600288175567	1.48383715978929
0.213001662055719	0.317097507153534
0.638406398127377	1.54248759450438
0.239275363241057	0.392440810750502
0.446571468266873	0.788933420147861
0.435748009647249	0.935880007675715
0.31063933279923	0.509590731216664
0.152865937096984	0.198957383505473
0.46013458127491	0.903852356469102
0.72053350161785	0.696774199753003
0.201275106420521	0.130762933439741
0.300257328115493	0.241384199692768
0.546512071901845	0.765548234420298
0.344362225036937	0.564207211213665
0.185265284855279	0.221207603231218
0.149430283057276	0.197187857888638
0.177202163417426	0.205705082173806
-0.285880344486078	0.26651075850258
0.245860003932378	0.276419981197973
0.344640074304906	0.554667211662546
0.341655451708521	0.634081669287725
-0.0344286676148857	0.0457698296632221
0.334225063923381	0.535145449422358
0.0808520995672609	0.0995056209990843
0.01697889672323	0.0216920394269851
0.125482795878904	0.171815102613592
-0.346445513194063	0.54420294970724
-0.00602342825822617	0.0072420212746554
0.226800701384411	0.345272188508377
0.0797300623524468	0.0989970590080363
0.306693957591472	0.319142420825417
0.380386771848417	0.154666017197929
0.621904292961108	0.387264743036609
0.759458450178954	0.622317121524579
0.0749487441354298	0.0412394019034864
0.322648971975234	0.145001714534294
0.306644649640354	0.458512754981305
0.363042073735167	0.462625610924551
0.221003392409121	0.343611637909667
0.133580429403002	0.157080357051635
0.791374173509771	1.22371510491895
0.520003367014573	0.594557052023891
0.274626229901801	0.252581677973023
0.3311326471289	0.323197619289425
0.117909681095566	0.0876103484286357
-0.327111333732838	0.321767747053219
0.165516943115616	0.179889871311005
0.888786319398889	2.13273383175616
0.458396292188892	0.786521511833282
0.271527958687737	0.39864347164809
0.33988685523791	0.599862050694668
0.100872314403422	0.121304908634988
0.189530340521214	0.270884144855136
0.333766906633911	0.239010914794477
0.450791252944966	0.340007187676013
0.752015171173878	0.715776662357071
0.207771353394185	0.232342857467705
0.132388111031075	0.130779280476759
0.409187075800183	0.774616230944562
-0.0611577322557239	0.0788857105156433
0.181516307137009	0.26998445264658
-0.0880350066014424	0.116324378739778
-0.41583707700502	0.733031465153312
-0.255614163301701	0.395293960641583
0.335643764878897	0.565473526077114
0.0900657531198079	0.0269381602415149
0.323241924639126	0.228746313491975
1.15255889968266	0.909460255155899
1.31630457283436	0.988917157545315
0.392881190540215	0.693533158870749
0.0479769393078229	0.0611136370588733
-0.0571585715955259	0.0591868136380794
0.222159326480249	0.275715463922179
-0.109701510887485	0.0956692761251774
-0.562741924067716	0.727692238038992
0.624431857760568	0.654293458525704
-0.243958255388139	0.218420049343716
0.621680958938525	0.793513466819589
0.744353625808852	1.04713111501728
0.110253855428894	0.143063528466188
0.933342184493894	1.00615845520365
0.403635405402031	0.338636186027085
0.621978035190752	0.996613137228402
0.228191810057332	0.378248926165117
0.351654785582957	0.655679260676385
0.315638418496791	0.487850441261919
-0.325874867815467	0.487574615124949
-0.302080371176321	0.491671663216303
0.367362926329587	0.542496640171648
-0.05394609882361	0.0662133255899697
-0.014434284838359	0.0165890993983686
0.20409607743089	0.284325084139252
0.12422658758352	0.154872202829725
1.20487550208426	0.690133019295358
2.49636651643861	1.41826607037409
0.0716873810605658	0.0379809131623688
1.01639850935112	0.736514748212708
0.869867978993505	0.555985210821603
0.294729864886848	0.390020488233739
0.368118749946643	0.556553730752687
0.743179553919997	1.59233524124758
0.751248119969391	1.22877286535722
0.0839381464156516	0.0756694129401815
0.103206519468852	0.114554982537332
0.288135627940725	0.391318281418107
0.351339232902781	0.531943682349853
-0.102614191412451	0.104796823180597
0.69418459211627	0.995710785725935
1.20178747843516	2.22671224002527
0.0311377356402651	0.0216488533277963
0.184950548776656	0.169360435838051
0.15410054765714	0.165497820670395
0.459623024230115	0.664414456516129
0.39028659662216	0.512035281780086
0.311136499083968	0.422731578513441
0.312306839662095	0.489632247906395
0.0931319239309819	0.107126690845923
0.468912436881351	0.888264572012117
0.280152400564809	0.253930172598636
0.664226401706322	0.800818814595565
0.266108573894324	0.367422992565228
0.295679912740841	0.409377250399194
0.190398909186785	0.205068700621515
-0.353395494193759	0.489440971132536
0.145183946246079	0.170719375622593
0.176607518729041	0.20697294533858
0.211248889423823	0.248712720899496
-0.028624506537165	0.0301600066611571
0.973939617837008	0.380021135392973
0.189181371394269	0.155831903726998
0.879352618854451	1.2999844215526
0.612467248112169	0.936067879110046
0.10655473624657	0.108692467073416
0.204849256088193	0.217950411045359
0.194221125306496	0.197452322526748
-0.710449115356751	1.16179244682208
0.0118239745078336	0.0108008999533722
0.5932513154403	0.940591283660855
0.240596063977423	0.24819980707668
-0.298005960071547	0.362032339291844
-0.591479211041692	0.716309746893174
0.114027970702967	0.0842781467216676
0.00267882730227595	0.002178468796789
0.00407578272344285	0.00317373054654611
0.247381716036036	0.260535169523296
-0.137592151581409	0.131183460711164
0.29161785231137	0.357206661045005
0.0453076082305508	0.0475089022647929
0.745012167989973	1.17265474010956
0.153877358572252	0.22840386744535
0.55242583288272	1.09396275454089
0.0828951445473358	0.0687649446520316
0.868138067281466	2.01472338425119
0.444481488846852	0.552215918695089
-0.400098500749411	0.436935457032779
-0.368119618358524	0.440428154726416
-0.190739002148502	0.206341234927253
0.346126635249695	0.414349984224875
-0.182549729645612	0.199789916590807
0.339534794867904	0.430488179241938
0.399513667694643	0.338102108037536
0.118867330328434	0.0819926043908377
0.411952010559928	0.414180036149164
0.398735885838214	0.411867614411519
2.26630395925748	2.37653846835905
0.376018234191481	0.222680426909218
-0.638185642222198	0.4098676464254
0.312436400782837	0.235641637212217
-0.186930236868901	0.165104171169864
0.529092181052612	0.886285619448589
0.0717967010042457	0.0837519711360739
-0.372011968992662	0.627768577959585
0.276846020149096	0.515336236470909
0.111479666904654	0.171643292280193
0.0634952526881016	0.077194323396929
0.696705990411559	0.696944314357525
0.697311078461091	0.509569352474753
0.815085427570551	0.648389091341593
0.0900329978251464	0.0553794667233845
0.813324888707723	0.638440437490941
0.259520540963494	0.13554124185289
-0.00361634208675253	0.00235275863144897
0.105534775758057	0.122574604868393
-0.15116554431444	0.235226610754084
0.172952204722212	0.193365719719277
1.1414636776377	1.02398233903707
0.448644398970183	0.343510623174152
-0.214436980746253	0.152045126406961
-0.870639572209343	0.566896142059253
0.0676139413335572	0.0338484733974462
0.454923367572498	0.342530727901487
0.0636113409081477	0.0491343426484567
0.0560416841344888	0.0456485173006962
0.434464482916586	0.423773673785193
0.801916998658234	0.75162064343726
0.433193063216224	0.340411539197143
0.438760520585826	0.349018269662312
1.0127060509991	0.738947102353222
0.202188759452706	0.141567813479223
-1.03168204661601	1.29730606553092
0.189675232229782	0.228659610854234
-0.170551102979307	0.236197982196938
-0.153685191775356	0.176418349849438
0.133979193391248	0.210268895681201
0.377537570829838	0.692332186793626
-0.109344752882005	0.139554598300664
0.344599020044943	0.400065622595652
-0.00456725812244051	0.00342973353087261
-0.280046650785619	0.157790613615169
0.381326610207245	0.236795415828602
0.809357176846353	0.754742496069698
0.462323351208349	0.353160353943178
0.250513077759344	0.128431605501968
1.13322841367911	1.00231496344544
1.02720483268882	0.853013417518985
0.347385674697194	0.45977626771642
0.615828468027845	1.16997306433598
0.49416101108243	0.674509796505094
0.11148868748333	0.125598377305147
0.693554679238852	1.17623747529546
0.200308322107528	0.37046151613024
0.771268096692984	0.530749347345688
0.697184713848209	0.507526640209694
-0.420751306486272	0.257899577384277
-0.0952028778121362	0.0498953020227826
0.225030046435457	0.13300231829385
0.412838455149432	0.241762310788518
0.246501008515344	0.264954629226837
0.332915790784775	0.396249162814939
-0.888091192358249	1.51922732769758
0.123094248511641	0.111344095645497
0.153740667552203	0.161703524778123
0.0100399036580249	0.00936604833300989
-0.716209845546425	0.943738601676842
0.913546013160723	1.15146614749402
-0.307179939599761	0.290913215916062
0.287723577052451	0.239409934834049
-0.273983385623158	0.254402346090306
-0.0524960513549592	0.0487355288399419
-0.900724613941905	1.37970755271916
0.0263028783158355	0.022674101838756
0.71957166975354	1.1466125276773
0.424888732633259	0.497694503734311
0.201009398639644	0.191798745321228
0.491734468049891	0.667504993520018
0.137223785636703	0.133381335566449
0.623219684898407	0.99625448560991
-0.478223730001149	0.491191935342517
0.00843756124091496	0.00644709924305287
0.705600232186787	0.872016685568847
-0.186709216505242	0.201980405284663
-0.267716694531149	0.335727288752722
0.416192687180109	0.476406318780047
0.338998440581628	0.419620633567452
0.112459347537855	0.12035299247379
-0.22355143079544	0.23252197493191
0.22934512044143	0.319643932165289
0.195678294630377	0.193376590378222
1.04497455668565	1.35638130210041
0.244110976696697	0.248051810071298
0.327690375190467	0.410452490905031
0.783025321807848	1.24942958552352
0.10515073253818	0.106179789778484
0.188607412703971	0.178628170422427
0.133490384220314	0.130010358555942
-0.132723839555777	0.135233443030839
-0.527863495633804	0.622652872104829
-0.371009179260545	0.498591908157512
0.565382125287514	0.778457060185034
-0.0121446968120458	0.0112421848158063
0.446092406325592	0.656674008424491
-0.267182814589932	0.278428757422107
0.242386482902555	0.253701828416431
-0.229614762936303	0.245155472328179
-0.00376462544493279	0.00317154953748722
0.803929620503943	1.15236260129368
0.697110913801299	1.05521922452537
0.903887738562321	1.34687093082064
0.25326150261455	0.241930737435971
0.488902744517457	0.522526656826512
0.947621568711289	1.28618791525853
0.505990408472823	0.447874446398918
-0.0101574285407153	0.00893022995213215
-0.139280020352185	0.133942195321528
0.18921667562192	0.1987908219086
0.439444423120349	0.505885279030477
-0.447320433027245	0.532476733582164
0.846512244370627	1.47489600312157
0.274926677888852	0.335632701900926
-0.33053200936899	0.422130056915338
0.346911474898753	0.462750947440801
-0.00202542677526348	0.00183870976123961
0.360419745372587	0.489264463480284
0.419354842350148	0.661737847319866
0.307728474234152	0.441036748481801
0.525864335219499	0.845312950796196
0.102588481502258	0.121925704476734
0.0423951043940032	0.0445212446230959
0.204290438535659	0.242751264909569
0.287556734598019	0.24472712446548
0.210789138539492	0.168584813432566
0.330841138020271	0.366416776037987
0.216802122839847	0.224243234514419
0.240833947124316	0.269905857936561
0.07090382730276	0.0353390143353718
0.05885927352248	0.0460108458885542
0.27410130216125	0.237909282329052
0.203453331087602	0.185640881588728
0.18608599328522	0.176374677653794
0.383830172648387	0.484434435535033
0.683390534818293	0.927655819547689
0.684675650925543	0.979720754378373
0.499575077000906	0.527785465397163
0.903151917879288	1.43255950667101
0.0344164792248996	0.0241161693686169
0.305464531846866	0.224650022628735
0.201054492357172	0.168650214730006
0.284247908126974	0.346985026083351
0.2013520299757	0.218537325671514
-0.337285667261976	0.469336422186423
0.756706665658733	1.45414684396472
0.0797632446901089	0.0839954054469892
0.198292672909585	0.222628854890332
0.631337368916466	0.966798034270217
0.144736470854835	0.161572050168281
-0.802847402399214	1.30680819321769
0.325411429792535	0.316459699025091
0.117037922328397	0.0836470795405896
0.481464030231087	0.524002700868686
0.396682394930575	0.41872717551366
0.550735852864635	0.765289920606671
-0.26004963533183	0.243660477407787
0.891078123156346	1.59988879350999
0.18055576612208	0.156590456025105
1.10711086271751	1.62183723028385
0.61940788328924	1.28887056077142
-0.17526286072891	0.24092078042564
0.10023151911139	0.107220373328785
0.179883195720912	0.245974791839748
0.244073537451777	0.229521447158944
0.451023845111224	0.432721901592176
0.0730911246227158	0.0631950558679692
0.124334121049697	0.104685357490705
0.199019646339774	0.153027853885996
0.183804286291991	0.203650653568795
0.0497544825609723	0.0479380187311273
0.385643596203885	0.418716761147775
0.386924821567191	0.47227879451644
-0.697671607529095	1.09522868569953
0.0574851918200742	0.0457787981626519
0.101236370279428	0.106981715478507
0.332050717562968	0.410318180249419
0.612414341044665	0.730343602068114
0.311526993299724	0.327150329744323
0.00300705799264977	0.00276067253327393
0.207903170493755	0.211162842774988
0.687444388097856	0.921424128225322
0.656614523026546	0.877073356171874
0.859551200451019	0.876967553085303
-0.572163234358197	0.730524387066559
0.323354620713849	0.330255878028669
0.183848870263523	0.20799317822677
-0.12307205697179	0.120591763924063
0.780734067574158	1.14385833110167
-0.287516855701165	0.271743732411358
-0.179747945098247	0.150670788739875
-0.0336109406730912	0.0320119638637031
-0.452484333984428	0.50730663897571
-0.795221997975797	1.25620552076711
0.73121589832467	1.10703418967327
-0.473960875389583	0.584725210644676
0.305577170603104	0.450739116523351
-0.143740455271514	0.182073944898615
0.113526020669817	0.118257841690604
0.500730518092618	0.766160616040934
0.273779177905337	0.374665891709595
0.33346567464569	0.379662176081796
0.0839673246317058	0.0809418891709433
1.03221651415573	2.44414723247733
0.500913473343354	0.737740605250723
0.0816737032954412	0.0683067277416999
0.0189101316351188	0.0159062878168179
0.275767403118576	0.305945573594094
0.186619217993687	0.253186812920347
0.20258428491944	0.175787679167522
0.769636848214292	0.515162904931841
0.121443791375244	0.0874642107981833
0.676926900034157	0.849359708832575
0.330787379639237	0.545979431521814
0.421723327268252	0.430619753890663
0.307900827017987	0.345253059969266
0.417996374097603	0.429772603428967
0.528671813809423	0.597759630609149
1.01273175894682	1.81115249667054
0.0883011163479776	0.0854793848276055
0.757493391104649	1.05525101571354
0.525714052659006	0.672093383349086
0.414832769945605	0.633957537108103
0.342374336071932	0.486773263608978
0.341888405316105	0.414212438514212
0.844367788423465	1.22169873659631
0.373345215265114	0.335957249307536
0.189842878285582	0.162392514669096
0.662160137490788	0.666169797161007
0.440307292587326	0.505102617619385
0.760888261694039	0.971743197123704
0.542564483622798	0.623960668348821
0.259244425408553	0.260873604808491
0.805477820217158	0.940953010101279
1.35690546446589	2.4121526138766
0.206613979635112	0.257430127417674
0.192807723863875	0.274546754649843
0.297182125206529	0.356858226942128
1.01660257365369	1.87516482490614
0.46485057084539	0.499627851895206
-0.395133938352339	0.4730532821913
0.0608565511557935	0.0482677264977002
0.381892978700992	0.414361085088941
0.844035247150039	1.23456033805914
0.830228144479324	1.02438876025608
0.104139046240282	0.100502239974311
0.521428904710499	0.593773686274769
-0.461286462272413	0.44480823601442
0.0572470102598892	0.0550546948724768
0.1107825535902	0.139325895158526
0.416042955285287	0.724077504215579
0.131399564645727	0.11962453007581
0.102014382933155	0.0625655830311615
0.305563770384752	0.454608394187187
0.532615339214342	1.05568568706186
0.0335996805716248	0.0448613597002957
-0.10098991699944	0.139814335972894
0.386543795312751	0.411762536352834
0.341446919002932	0.599846725569937
0.165133518736106	0.177670916685125
-0.51773477139203	0.696429199883968
-0.740943709229931	1.15195748758403
0.146167459806269	0.1632236401417
0.444866845504586	0.572380835029026
0.156329018329654	0.195397815296026
0.694174199602596	1.1076783149074
0.289784968312354	0.335947869871649
0.519297060763545	0.726057605473803
0.41225076321755	0.561726011102312
-0.0321066517030126	0.0235247941483178
0.223898752393375	0.253467776955121
0.141641175944336	0.143462703949235
0.17199027786711	0.213373993251783
0.830792333408484	1.84273219390863
0.0485731489917485	0.0499407029090427
-0.0443451386587675	0.0366793180368601
0.262748880972479	0.355029329411365
0.339032459052705	0.387327755426407
-0.324468024809292	0.399060983414674
0.0980425188654867	0.0972542490963344
0.194245734278556	0.217266284268814
-0.209056625066781	0.237541966569834
-0.347254964825209	0.334241826342941
0.360365454219758	0.393987914881801
0.589249609203927	0.876828711565481
0.651142604708319	0.98010321182921
-0.0353818520362498	0.0395146714211022
0.452170748963881	0.511662919240878
-0.151347806508508	0.0970258137612965
0.00211978750889106	0.00210596670380487
0.0972293196682065	0.146438941349908
0.258077080969705	0.2737874552325
0.148502581280261	0.13908475245599
0.597535989112054	0.670264434583159
0.0643755212193951	0.0540210705007651
0.367251155445445	0.406989231328819
0.141397901389141	0.14155176143501
0.27380814377685	0.239522595163493
0.574342018159193	0.636158448348276
0.129283280295713	0.104015813364073
-0.386701308096093	0.404268319432154
0.112030570593343	0.116377366069234
0.201688623724486	0.251770404663213
0.571296784863811	0.993851603528862
-0.528195262364401	0.711720841209208
-0.00122872741375336	0.00106965798195805
-0.0781465528581694	0.0629307548506925
0.310523086101623	0.314578984502352
0.261220594293727	0.251519292112363
0.132091058718469	0.123269097588123
-0.16993969935713	0.159578611931152
-0.214791628895556	0.172098123040581
-0.340164091970056	0.340224625156668
0.0763738930837432	0.0591445138162239
-0.0302242451797077	0.0247466311881018
-0.112499900667465	0.101642772895188
0.509066092207295	0.786494306661164
0.335696475496986	0.39145851668147
0.0165550476709174	0.0138654407893439
0.0235941280721489	0.0197569205828535
-0.166943452781386	0.125092553021613
0.232779575897802	0.25895448809825
0.102337842032438	0.104660907166003
1.12355627965952	1.80296827844393
0.419573507228079	0.49898796811463
0.0989082298061466	0.0950836528992105
0.186878704792481	0.198720172957516
0.177798875307714	0.190479697905547
0.253744618256145	0.226735238517744
0.341854460513236	0.327086763167319
-0.0602508405906093	0.052414762997759
0.641992844253191	0.965965344184722
0.613389829643795	0.844940716950381
0.288596105248743	0.326549759934844
0.665404206427061	1.06056750760321
0.13333708147608	0.118649872280135
-0.0302544036819624	0.0221544459698771
-0.010327796248695	0.00903522789783835
0.195608902509115	0.195829251082134
0.243588933814688	0.258172923017319
0.251739820050994	0.244603554136828
0.377500627949357	0.411958275170516
1.21673614405132	2.02903314852458
0.287496603160216	0.357064066111018
0.418182333986708	0.497465834593777
-0.026540637806132	0.0249576339191621
0.205301660866078	0.20900606909517
0.0218806380558203	0.0177071274023771
0.740532223579139	1.22481002207731
1.11405738618796	1.81232810616042
0.138330591746145	0.130003314380216
0.256523803697117	0.25089294238574
-0.140384251124912	0.106357589672489
0.480011173235552	0.667791181875571
0.141216065209149	0.124918451969995
0.374917861604974	0.337347716781963
-0.803992128996518	0.933514684568808
-0.850937856878801	1.18369271425912
0.487486872911339	0.583163728006671
0.473758463708594	0.573521992143245
0.28012492066175	0.225136639552565
0.0601140046189123	0.0462907221358915
0.193906697293599	0.165836316328158
0.205632017250772	0.187073913125591
0.517036805258127	0.602134264160434
0.269626130496695	0.341255586844341
0.472931105962871	0.74878766855194
0.235150643535704	0.253813066339248
0.333686503438286	0.510169772357044
0.00260832213533923	0.0024191898485266
0.539554040519103	0.683482022711749
-0.470647025186572	0.516701921592348
-0.360644598742686	0.466336832453886
0.203591525264144	0.206813404467933
-0.0475471446865114	0.0404136762956889
0.194975370165955	0.145516118460465
-0.0241023533814123	0.0211086835702695
0.396101512596426	0.522841062948865
0.120154148782711	0.0872694951911382
-0.0794826159012729	0.0436198590108401
0.675727856132835	0.837790653326446
0.522914029385961	0.772019946190682
0.506267968669191	0.529682086723378
0.709014839807246	1.18181519375582
0.892141109136914	1.2146726703482
0.520422064781486	0.542461912318794
-0.665328819758362	0.841767778536251
-0.209868791641342	0.202781543297076
0.194532310539659	0.172447515170548
0.249678641147516	0.286279111480526
0.131671430441101	0.113857229056795
-0.057406868889493	0.0399907519439701
0.19083194488366	0.16164377838617
0.279787710147923	0.252314836576072
0.340034052343027	0.327852969567222
-0.209657969961978	0.199838407972499
-0.304446156513785	0.378030619184588
0.0869775465514138	0.081819875446737
-0.575474576822099	0.776556058134163
-1.27073604994842	2.05685642134611
0.251836019323923	0.235771101249461
-0.104080507572918	0.12090821898152
0.903230531237733	1.40903340636831
0.000372697926096679	0.000282839384096335
-0.0472121042862891	0.0392962453397275
-0.0594255701443214	0.0591811140069696
-0.113492764499962	0.118867759772402
0.49532793474643	0.651531175928102
-0.0433336132487066	0.031091471698602
-0.0654637326770552	0.0440001957370913
0.686608358115095	0.496738226392251
0.759370160562317	0.735825454362592
0.2531435796072	0.249545412996577
0.195455823201963	0.216487004806926
0.0691719788735332	0.0368506292390667
-0.340052947782343	0.258524786927546
0.20319957854767	0.121684649485399
0.341230199478374	0.238802563572537
0.560401587644854	0.463865617324207
0.812908647578687	0.629085977898119
0.707676093071593	0.620250385454811
0.0139187701684411	0.0090613753856687
0.109580694541027	0.0757861437588617
0.588945572500148	0.786722454849405
0.526989750016368	0.441328740262954
0.516781800067858	0.693820741104577
0.436711632183972	0.35029020230675
0.259843115135555	0.13662816471509
-0.117296757765134	0.0571394502431236
0.662386084915441	0.589348649503608
0.803502079189802	0.840981414546113
0.747985635655021	0.603343067273374
-0.0510435679568875	0.0294505332170131
0.969866497689694	0.946455574135073
1.31713523350865	0.983254632579657
0.2708356737413	0.243534637201503
0.108431778676115	0.11749538632671
0.0161016856433482	0.0153355726535741
0.494461882895071	0.661911734131888
-0.590008413042149	0.631100158734431
-0.246239861274255	0.254500395658574
-0.0663562519473783	0.060670548097824
-0.125887699050079	0.060273101954235
-1.23629626034266	0.739015159999256
0.451425589187069	0.55545026800361
0.644549295178243	1.10395422207872
0.38031214594165	0.240051878632748
0.718464630121709	0.420661952061083
0.816421546379121	0.658521741909011
-0.219346689651323	0.0836621016749067
0.907308166602658	0.665279841265105
-0.481689560549416	0.203893834349664
-0.167311612668224	0.0711549966670068
-1.34755498069742	1.23954420830243
0.41251460119284	0.334425381788597
0.103692211921528	0.165950548715301
0.0754346254919188	0.0313956157522829
0.0772128259308396	0.029862023320515
1.31341236157186	0.967790219501038
-0.738061540776479	0.456747758473574
0.323882525470222	0.145280211081541
0.753072100624406	0.324241351595648
0.313485403099102	0.343775456776089
0.318755480262783	0.541963310432753
0.825404465730494	0.440838853356316
0.236538693335907	0.306912775464097
0.254137642824245	0.356762779222698
0.588099257474742	1.08201602413258
-0.724812766647194	0.9987273590603
-0.201453248274964	0.321048034430515
0.22555348854851	0.426666794206265
-0.773790246833335	1.44014577765292
-0.883341933486196	0.683251247347996
0.252388504991031	0.543780070749489
1.54505038675015	1.04090769064241
0.477877511814382	0.352813981257536
-0.322479567561651	0.217520094380773
0.752349740541852	0.326400344319528
0.968683650397564	0.367947572460704
0.28547455902902	0.138927256850411
0.084942734722637	0.0290743346554653
-1.05343566312616	0.558466930156618
0.252373885469455	0.133533246512495
0.117184216574522	0.105629888056127
0.018116398625998	0.0172518852810698
0.221623545663866	0.351249354117396
0.205470837069706	0.175779220656892
1.19746856021443	0.660307412054231
0.756399893914215	0.328464935336307
0.82582114499752	0.452217364034259
0.321266627699296	0.141463382265133
0.465083811428506	0.257518030994425
0.535689372867832	0.271637533385676
1.38805735491866	0.88263877811873
0.0935136533605125	0.0274301381047674
0.119280071782812	0.0758330009349452
0.499904772606332	0.651938530122556
0.186329076822258	0.225775018147359
0.0480536354422561	0.0608642131587364
0.361219747601654	0.423702214196448
0.269440723169944	0.248629246052717
-0.466129814247388	0.829305437719919
0.263983703942049	0.513466111705992
0.24065288218766	0.274016646348745
-0.169342214587339	0.107259518774166
0.377016367833452	0.792334475884011
0.0922082193960464	0.0580395455729512
0.335491551871412	0.32687688503611
0.232461554600498	0.245404395527337
0.472365737234211	0.337921500165742
0.213930584108301	0.140678179476896
0.112059716314205	0.0731712585090714
-0.424338483942538	0.262493652697626
-1.03218212715219	0.65307747648563
-0.383713291445328	0.189004555278402
0.232631525472787	0.13003321707767
0.379191508849624	0.241294733735502
1.27378196959021	1.08298899445924
-0.260868794778785	0.294612527128256
0.0449948351866407	0.0480073209909039
0.671222558937039	0.822031380498428
0.858769707683761	0.759561817422581
0.745145975721277	0.314372149276182
0.292566276069034	0.242826190717793
-0.908460157345878	1.15641244316349
-0.48406180653848	0.667853228334347
1.32373186132666	0.980435168355429
0.133319802421997	0.104027207170822
1.12344545321579	2.27364427098723
0.167114300746491	0.215533575408539
0.19654054984921	0.247486037914073
0.200139310950718	0.229774288588355
-0.0847537348461969	0.0683014541085826
0.555599407579993	0.553845385263834
-0.15255838894712	0.149616487567005
-0.274662824665843	0.404903076365097
-0.111895904684178	0.0962104102625287
-0.551222140470701	0.368642693969634
0.217419436915513	0.311949940118144
0.126743347373366	0.16200230186338
0.317678982507412	0.236591050455891
-0.532473425521501	0.505261295184363
0.287836031385123	0.34696048828597
0.353169137898272	0.656689703986909
0.855559248856975	1.04015761476805
0.752324615932967	0.808509478883273
0.324225900446082	0.228443484665709
0.564556607734495	0.468826816599202
1.15289767759478	1.26120805920919
-0.116176279647646	0.0565238462073668
0.0890524216784238	0.0560143518399949
0.417879502177832	0.345703563285932
0.0616847552041835	0.0621468836132189
0.282743448964291	0.133227323468697
0.479851857690683	0.352359426705053
0.535596401263366	0.2780111615483
0.310104830791509	0.135634276136005
0.236080086757529	0.132043390106671
-0.445835750054775	0.413654508539491
0.115827164236171	0.100126802820357
0.0585870641710205	0.047601028049201
0.53449587665573	0.278453455438827
0.264574266960622	0.271971284849604
0.661675960911907	0.996453354507126
0.328654467390274	0.479500740466183
0.148430163387742	0.189631854711247
0.0565361792922133	0.0632297027776635
0.203749936837794	0.244842582685584
-0.065834570719692	0.0647712488812687
0.0189824735439649	0.0183547220847239
-0.151734763246415	0.246911353011321
-0.101092071670259	0.1356944545904
-0.169560282138987	0.234870079092151
0.0864023825125199	0.087607994596197
0.502123764319806	0.516581740145617
-0.60792106552509	0.912272808192018
-0.118281159065816	0.149216258019927
0.445226973997778	0.513927428538684
-0.0120648784421072	0.00730647704496705
0.419148334735123	0.80758434581653
0.092425495726781	0.117262181686967
0.597083508048621	0.627484604128734
0.19596520241238	0.164113714513542
0.186380957255185	0.21479815586267
0.468523831778602	0.2597079735252
-0.0651883273810353	0.0435942036615294
0.47460152426078	0.348112429210805
-0.248653154700614	0.144922973182653
-1.22971115322216	0.716126694167216
0.249984576680484	0.128964520690671
0.457530982500202	0.251608537014395
0.623545750462657	0.393451503485886
0.768968232300093	0.531581466907609
0.710370965012036	0.419848977331664
0.377059186876183	0.153706427838324
0.072632589805668	0.0309492849859074
0.973939617837008	0.380021135392973
0.0940167094319774	0.0284569227178465
0.858270010212805	0.848114064085269
0.0148393209544937	0.012458416784712
-0.471860435148496	0.212982157028073
0.612489681352882	0.658053489773893
0.290280574545712	0.410886613446544
0.651609259991757	1.11891512482174
0.186988309196847	0.187635564677106
0.286794285180198	0.494792765785975
0.17697487568595	0.232485070385561
-0.0589656857472751	0.0602731504250365
0.283176508325121	0.333066162788687
-0.0462791049805374	0.0465304374961846
0.287176072377691	0.371374781681791
-0.0475493545400832	0.066400031621621
-0.364008751399573	0.588179357797097
-0.0869769041383565	0.107085273577066
-0.316245236315191	0.337809617691286
-0.565594655731076	0.641198560670523
-0.613694021973021	1.10439085696231
-0.557626507625843	1.01152652917621
0.791272121392251	0.995039620452806
-0.280387924738847	0.193113828942811
0.525464395688883	0.868434069959723
0.114820686230097	0.138798781671043
0.216128099807974	0.134503205169364
0.310224003617844	0.251693927293502
0.890739274927371	0.97188196358535
0.0811357978449988	0.0367357702635205
0.537569764450697	0.461025125476475
0.00194649339054278	0.00156265856708895
0.0865904328955278	0.0499316311507105
0.317418911662814	0.247863855769968
-1.18751273705189	1.1042236671593
0.0794388325151855	0.0362857368187206
-1.09717576781682	0.990510142811953
0.693398512774474	0.927383858137402
0.0395488559348812	0.0386959377119114
1.24874366605922	1.2049830081149
0.478473255163667	0.575324949786155
0.460094590918724	0.874748903787638
0.667587107343735	0.754012533716795
0.339994734231434	0.638271229625381
-0.26425936353998	0.453947804571385
-0.27313499486215	0.48616282184037
-0.668331784562371	1.3073412051466
-0.064214143392101	0.0800008503062959
-0.0928730032338313	0.132612837756258
0.0323783594160463	0.0503468678329657
-0.291476679046447	0.542768266208316
-0.861145463794127	2.41697745041463
-0.242784796377951	0.359776418526569
-0.427472554109179	0.527248506748098
-0.12770775460609	0.172019097072222
-0.172840896333399	0.278693765242092
-0.146153501161849	0.131613480320716
-0.287719411600469	0.197129355684316
-0.325547428989212	0.527445630774967
-0.0122350546203864	0.0160738567748327
0.874995196078213	1.1316808733738
0.929501839998092	1.0180370403453
0.199426337948195	0.147936925555504
-0.320279433617985	0.211735910050973
0.0665925009415723	0.0356289096752098
-1.60748482449088	2.22486731226344
0.855477493705403	0.8874143556184
0.0846932328461904	0.0772306137628342
0.430666077411445	0.575962504026112
0.433637724064315	0.567451458086143
0.588320132626375	0.42847148713545
-0.157442963413794	0.0988455041762718
0.200373726464852	0.136721698221378
0.157683580127496	0.169924077290064
-0.181812200253454	0.269158404787212
0.233301290839251	0.359685007178668
0.0971059313796992	0.103459744313025
-0.123354741205716	0.12580735322998
0.144288236382299	0.149337742802769
0.0272557735377543	0.0312452634837749
-0.00101693594103789	0.00155079918927998
0.14900763886036	0.204172957475225
0.168499323547862	0.238050850669153
-0.0189710827913175	0.0201584892063054
-0.0374409768293241	0.0345571210548165
0.0719770121956628	0.0684116395827752
0.452860856012305	0.890769836010589
-0.156865735634557	0.116478465647715
0.197140874970952	0.125718239731936
0.448758362547997	0.75502506632862
0.252914255588285	0.370725414562857
-0.103340495885413	0.141954514469686
0.104435937376422	0.071328410463232
0.192823554807285	0.222993893020439
0.461814141193361	0.505718305307413
0.0869851023002773	0.0796738606576014
0.1876705588303	0.149613384330092
0.367899265125592	0.304176033972754
-0.0770645573366191	0.0530640543340875
-0.383700779029404	0.343689286994973
1.6334817396469	2.16259425581683
0.416708999258984	0.414143332716543
0.192756111025604	0.151414189586816
0.0846927149912329	0.0779019231139147
0.859601052863828	1.0367094843107
0.0171122480587925	0.0109986133883812
0.927614216304909	0.950108130818923
0.148635287589564	0.171073310129164
0.146266273315323	0.154627845256662
0.245626516625409	0.295382306237044
-0.0121559280863742	0.0104517177446027
-0.188308322086644	0.215762236909014
0.37244911139594	0.469593024318711
-0.226248668421764	0.273702555969258
0.920423007885077	1.84685067987896
0.391005515905055	0.597099546479555
0.0886331428785395	0.121883389594882
0.259001277271093	0.358535967549178
0.345520126854065	0.424264144576537
-0.170433469646988	0.180321943341778
0.196769831847815	0.195238413182694
-0.293643631080796	0.250623059087947
-0.888483902149358	0.703801651617856
0.423111300435005	0.507245614949939
-0.482880585435872	0.632409563365703
-0.300474064731423	0.417752146721809
-0.00148944940455415	0.00105500853042881
0.0869053290596066	0.0815149601030154
0.479359385291682	0.671090319293404
0.953093780483371	1.56743074595509
0.684532077483213	0.678274822896546
0.0169861615796756	0.0108670884325852
-0.322270222503796	0.271916586302404
-0.372753618292931	0.273550017295467
0.41612719840742	0.424954868879152
0.118417213495901	0.0951268689888103
0.875543132256091	1.07274398019621
0.0149670052395893	0.00946493508077704
0.109318133425387	0.0770585111446278
0.369443103392497	0.408733290752815
0.584793586910237	0.641861319525327
0.994332656122804	1.06834890834849
0.600168758081777	0.554318631389897
0.173470686385453	0.234102473887966
0.246757400041192	0.260245269409594
-0.250258960627893	0.298012162382221
-0.70498560369544	0.923809836468186
0.207943442193409	0.227089392463685
0.910834601411878	1.71421240872994
0.0774022751214367	0.0829815712238666
-0.0702613172024156	0.0647500061246185
-0.159817297732062	0.171656276734007
0.511665394935292	0.763291294404459
0.0425959427526407	0.0315190069086601
-0.40285082634896	0.493642466459188
-0.0751546905891227	0.0572194222628395
0.273860032183928	0.13199151334166
0.0907649753582309	0.0910555281180407
-0.0482197713529132	0.0483737448544132
0.101952937603708	0.112454387716863
-0.715917947043298	1.164991590053
0.244930430439378	0.237815047154166
0.198765736724757	0.156155149508284
0.342259433378501	0.239585240689233
-0.246513814562951	0.143878361486519
0.199489240356838	0.148595288982713
0.212694522403964	0.147794353789835
-0.138542181161147	0.0886063318080386
1.21817008487604	1.84949238866232
1.35806478864241	1.96615932728171
0.287102025946711	0.23879491062091
0.0923576807372593	0.0580026113495388
0.346018890460837	0.413723237826672
0.385178477498591	0.544597073990323
0.303333278749943	0.443373613096206
0.0141500523843158	0.00921609006153123
0.167879334532197	0.201525115023356
-0.491099807688209	0.883336225173498
0.386721337802394	0.655383817754242
0.112522982833178	0.125419676832367
0.228852419174729	0.363326188443058
0.267865566267629	0.356798821295312
0.0260709446088695	0.0298151475914369
-0.2671136142467	0.371044182054653
-0.140562629269074	0.157049880994087
0.03891316915495	0.0343809387998071
0.0109349134259661	0.0125425752235115
0.09516647044184	0.0913235463339712
0.00412914412167232	0.00498342611963901
0.0964371060121884	0.132319093600681
0.0611837760485445	0.0637008935482982
0.648638819224593	0.961892864933728
0.465491352935276	0.488643810920722
0.33494537257848	0.310571770421225
0.99863950941794	1.05432904452083
0.298111191950856	0.24614016224241
0.00322181479681231	0.00195079894305893
0.0543167005345379	0.04294866018616
0.551221284462224	0.624031414526629
0.709575409859087	1.34263630403747
0.0258764521299422	0.0235811761424268
0.336589293148892	0.423065702361795
0.267687161421693	0.243419885890583
0.269825482475888	0.24402159575221
-0.264596594210713	0.244921814482883
0.552509218772459	0.680226947961807
0.930194995353859	1.36151710008332
0.440735797330071	0.429718189198207
-0.346132414561897	0.312213088743383
0.501910163127236	0.517332135360518
0.427229923173656	0.431066141812785
0.508589343849473	0.75982634019368
-0.43568517776459	0.6069533648414
0.357181952936966	0.447691821017039
0.337944635637209	0.486641159731723
0.421006462009054	0.504854253937032
-0.0121979261749115	0.0128385860410689
0.0831815862559741	0.115432985221285
-0.149205059610877	0.152362258035387
0.0670997465189537	0.0680936491470176
-0.272400601432249	0.277138559019307
0.638906887849253	0.739569521302749
-0.166487276925113	0.151283406654599
0.663512301685847	1.05910625095524
0.245677187172933	0.283733393300401
0.193348723695466	0.188208995229598
0.238427788769785	0.2851671208342
0.068567396964008	0.053883553934867
0.259078416570088	0.297374740886782
0.14446385955895	0.145902283691166
0.743338688509618	1.11104812300256
0.407023145638887	0.492148719303651
-0.99535827084713	1.49186993928196
-0.299280980520184	0.345973070960112
-0.655417862233543	0.985332310128646
0.0258447370190627	0.0249756609239971
-0.519438423334411	0.737774728238776
0.435451887100035	0.513585475925815
0.243337035103563	0.249541398086991
0.708124333764555	1.00477804701725
0.323856326517006	0.337155182117879
0.197778341540572	0.185969595947418
0.646394138418192	0.950043970070673
0.382566701352218	0.425421389313621
0.660290415756601	0.979314449130506
0.191991438383578	0.24161472583942
1.24411906333921	2.11512531557255
0.569932373873093	0.919248678379248
0.578365954413551	0.934126003499055
0.329087572134246	0.406336106641932
-0.402697730098678	0.465564674238526
0.597939488983093	0.79469689807664
0.266389063071493	0.352639887800562
0.0751275733552739	0.0758679343002042
0.353571612703562	0.511989862892229
0.245866799452928	0.310934338800647
0.503826898881131	0.675967049934654
-0.0149687057958704	0.0131514344788921
0.441752140513961	0.411079036402188
0.111477102838547	0.081708777194393
0.507105354364193	0.726653896052308
0.627581994208758	0.826952914917546
0.284825517033643	0.335862160125836
0.639734592158147	1.01368347962705
0.612646044730081	0.885959525780032
-0.0901979610458437	0.0891760700519025
0.691392379546112	0.94118557397035
-0.185266844842581	0.199317676611659
-0.225349137344595	0.266499596064149
0.14622919647813	0.153100803741354
-0.100909524782962	0.0990021945448579
-0.115260294812791	0.110141345696816
0.252033021694323	0.276466372865944
0.0483213446503214	0.0342608374818715
-0.128863328698881	0.121638467773576
0.337793500871684	0.41999560559343
0.61243268780632	0.864806845551549
0.354085018082181	0.492877986803769
0.23605609865654	0.262014685760421
0.863002805877864	1.38985007490141
0.299133159230255	0.412342721283441
0.143183406743285	0.180717125217806
-0.147299266453171	0.160484992495919
0.805793052734956	1.52903067021246
0.379653571342258	0.623270467263837
0.202737424567079	0.259337349915294
0.156782564045261	0.185694882536786
0.184535438710974	0.226228957838406
0.984045254578565	2.08792782067016
0.630247128283619	1.04649087373224
0.00242182765993379	0.00212579155535527
0.150895364835224	0.166136276177964
-0.426779116533538	0.680704514561095
-0.124459972721403	0.128530303503555
0.185054356514237	0.224125954957933
0.148689425106507	0.160089569982232
0.283846094866861	0.248192080153909
0.365971173193002	0.486231047248583
0.979461098617506	1.29364276717505
0.630596115454095	0.588218456165092
0.276684958138841	0.242119063739375
0.344630566837702	0.425441568363601
0.295000113341205	0.322110264383398
0.380864254000553	0.52412982212998
0.226627175626412	0.267443486697123
0.571452726925958	0.94034556181081
0.211165260956501	0.296964996164222
-0.330657303802216	0.491596635778172
0.348154455426264	0.513087988389805
0.376462385454852	0.47630613527034
-0.28943216044554	0.419366365100382
-0.0429987018160802	0.0470430247877938
0.532260815729649	0.73173918784134
-0.0047702785634202	0.0047350368653981
0.592601234899727	0.870677176890811
-0.490204492928414	0.442967144392513
0.539861024921911	0.62237785816584
0.0224112129488234	0.0184257057519429
0.619814941506299	0.819834566165129
-0.190467977095033	0.219701302345304
0.304896174912833	0.385149847334765
-0.3233644495186	0.503575486819001
0.222741793512245	0.251464915766098
0.00349498537766726	0.00357393892065054
0.156467951432907	0.218176544976753
0.371914155273635	0.618865863374869
-0.18368861716147	0.254365169684259
0.088928282983073	0.111776908752927
0.259777071195242	0.395444548544249
0.438747111852479	0.75868192983144
0.266781008231222	0.422095753201701
0.16060513358339	0.207248627947169
0.0229146178309828	0.024761679822585
-0.211845081022246	0.325550911681172
0.370863790675061	0.536994240865059
-0.311879656300884	0.492808668562243
-0.161247736306853	0.159430371228883
0.252247125400368	0.27119087665164
0.144308909092611	0.132873608923719
1.10396437251308	1.5465204877354
-0.213687071724611	0.151393754566373
-0.277042357886137	0.262755532446984
0.0680703777913701	0.0342113956912314
0.102590734546578	0.0671764708143962
0.117839390492796	0.0889521307797072
0.540098999062198	0.618176585928652
1.01512504367473	0.719601770611125
1.26674553404472	0.576451336670715
0.333816840723715	0.226738928760297
0.0145132502659709	0.00944259563508035
0.185951273981332	0.195483810719106
0.145037156318731	0.136300847981985
0.537781061884777	1.12444386664555
-0.062049080171852	0.0686584461495839
-0.204303184449737	0.287017149267645
0.543330660687393	0.920430382243497
0.305132574692035	0.42141213228587
0.524066875434591	0.876849153871706
0.151593642852271	0.19038234315013
0.762693919376563	1.63414112814409
0.0116456245553632	0.011019556534251
-0.33673058958422	0.528467328545882
-0.0213762733107679	0.0230315103881339
0.0298428393864317	0.0269265620326555
0.000812450019934932	0.000598409551950135
-0.673637491090532	1.12251248796626
0.49317813737686	0.499796098285461
1.67409905213659	2.77267312460393
0.0719343319448758	0.0580632685744304
-0.541786352385536	0.698317817523562
0.183794814303722	0.221200238014963
-0.376998817210292	0.530179458926262
0.451399808414306	0.715685661868053
-0.466716285651839	0.80381823634414
0.370146428485559	0.601347633924118
0.1267273614532	0.180311278349638
0.373999920925687	0.656234870643859
-0.212069525701211	0.351624876865414
-0.289150976920044	0.398921758844002
0.102552087768459	0.140738232361439
0.344759204754386	0.593456563184106
0.215474691882891	0.304880745051117
-0.0209982753113023	0.0224145262442337
-0.37808963744081	0.604137223632722
0.267917351269891	0.451219012677398
-0.17324282155965	0.242316624037731
-0.200263981938257	0.289208849457329
0.430178851945093	0.657068100409645
-0.00206892535028468	0.00177474406699153
0.308163241169304	0.527356074389373
0.542395207316544	0.906615914972639
0.294699523013085	0.248197955055319
0.274425371154397	0.234748134785326
0.336857922875197	0.245681514023324
0.213858110799144	0.135954554417956
-0.0245475006662943	0.0144886634674755
-0.377050836494859	0.242791398571496
2.50042886724896	1.4426360655669
0.218221855065501	0.127847303706361
0.112717213869121	0.0863521262527351
0.0891277350601161	0.0560045482082735
0.530375985007955	0.277536871318746
-0.32042422845399	0.164619147304491
0.0887526651886554	0.0268441700832459
1.20534103757217	0.671378204759651
0.289000853582687	0.227776919589732
0.590285895321856	0.874192511247483
-0.0221606703873149	0.0261865577829085
0.3394771651596	0.569017768872148
0.0442499024233203	0.0513982389991737
0.26004868096615	0.409084729008903
0.112941574931709	0.140877506851602
0.174309509499385	0.248244284982144
0.413602999153113	0.758236001152888
1.02141630152349	2.88751521652678
0.161464905141826	0.190939959344353
-0.33146917769064	0.520395528506073
-0.189743248206573	0.260749472740941
0.708674080597229	1.48918151741945
0.284482371231638	0.404644906369541
0.0415727887867283	0.0516387165236164
-0.116797194046058	0.132303850064395
0.119012655825586	0.129673162749472
0.375429322463577	0.498136902914084
0.153255688670424	0.155070840035719
0.593470684099402	0.644119904644817
0.442667115248927	0.435566993365481
0.00688133682302627	0.0054318581804298
0.473045849490727	0.73744236750699
0.536710793638007	0.964197228530592
0.270419209719846	0.40792767804497
0.182042752357163	0.254520338747196
-0.0822318179374835	0.100493753778749
0.416148530525248	0.778236234251485
-0.214735322897065	0.335551491635178
-0.0702327262117684	0.0832544621104938
-0.333352694418954	0.536528572275082
-0.176318041488688	0.2481092575142
0.185122722936679	0.291406614189873
0.347534741480153	0.630197413368561
-0.200349082779089	0.307255488039377
0.726080580978192	1.68496370311605
0.210405357090064	0.311481378136813
0.121742168411517	0.171322766469752
0.114491248780751	0.139877834067358
-0.0140652640221881	0.0168004918813729
1.38640989770558	0.888354691807096
0.216476078214346	0.159511530600184
0.408067714764761	0.241864995797787
0.201082592423932	0.136492537186295
0.0895780118967116	0.0534597440161863
0.212790096258417	0.159211170853172
0.229457525961737	0.126672539326926
0.995577272394228	0.496648379640469
0.495845168615823	0.781635409704163
0.559729086215427	0.762606696315872
-0.0349939109673474	0.0286649534813638
0.173966203201977	0.213173399820641
0.148505293841024	0.195381306821914
0.198123483195496	0.285537654433728
0.518503182588446	1.03398335581568
0.374119010214073	0.505836161197017
-0.156983558769589	0.220306752861225
0.291721257969594	0.427676604682538
0.693602552985149	1.50170639369626
0.671044388147859	1.23122723558155
-0.0659910449278081	0.0821800273021783
0.121039145566171	0.130817561639466
-0.0401624425088796	0.0453986742497855
-0.124920135568799	0.132213069956822
0.000965067616253241	0.0012329299760335
0.223730387792753	0.293993412758042
0.317822053476968	0.388247613762704
-0.653070910979247	1.05743649148518
0.0130459883861263	0.0106619947356513
0.20149987402643	0.170566893488453
0.471299635547792	0.434657532772418
0.336089431050586	0.322907117676646
0.0785501560338876	0.0735609309676593
-0.149055359703376	0.177377386111286
-0.0200384877383787	0.0214931316982514
0.308650750454895	0.431896504515513
-0.190844256719191	0.254948726759623
0.194776674414143	0.275672938639713
-0.15548970804845	0.206823204966193
-0.0298077811211378	0.0336676691284364
0.235917105030206	0.389926985458785
0.026916251328729	0.0312571315424306
0.303320801630121	0.599008037347078
0.414250058163026	0.860728939792783
0.362598098649129	0.697598844761695
0.649167419881817	1.49021224945923
-0.0459554541940213	0.0577140555966149
-0.0510202795495605	0.0614379038447933
0.155419671868412	0.239165109276147
0.240514645393967	0.335750552733471
-0.774530444456715	1.72118818273134
0.175740805408671	0.254331176838864
0.883445449792735	0.551731461564708
0.320618847510805	0.146043074093784
1.22077831851392	1.56588139507029
0.407299216969447	0.341754140805597
0.220151801864715	0.137606248549869
0.0780399234482639	0.0303224413025872
1.01515926058908	0.62073474124458
1.50733010130582	0.744974348330052
0.121198459067303	0.0886489919752811
0.281549166909572	0.319229110608635
-0.0352920890698138	0.0253331431319695
0.255290361642482	0.135386127988915
0.230757306016446	0.131069798602658
0.244455392915718	0.384556269252094
0.145452278838308	0.215159815330456
-0.449255720722991	0.740262616965875
0.278196604879654	0.407511179642827
0.361591837593116	0.596401495314046
0.242098947864687	0.353055828922017
-0.122636336401921	0.138445347772832
0.19103840049837	0.242816057214479
0.646456046707647	1.13947933430939
0.292087128147004	0.475768831695114
-0.5038574783513	0.741344789873715
0.122078731042513	0.131026727370841
-0.139755704603084	0.142828772376595
0.299669196666479	0.32041732024203
0.788844489303254	1.05796029721787
0.456203455033773	0.478140827365378
0.213113965774428	0.194925740914542
-0.0909341723052569	0.0946448991410205
0.367693900292225	0.55392826601896
0.441567122583053	0.74314970781797
-0.0429796188510092	0.049067084191758
-0.00124358260741185	0.00140530253521642
0.505277714318255	1.05230574849204
0.0691640640894067	0.0893786461050852
0.365037053025492	0.727599615999397
0.092814113794886	0.139330806452964
0.313419252419514	0.589720889284598
0.353856462531266	0.699466752328773
0.284825740896443	0.522112659952593
-0.0178717955334365	0.0213711475466315
0.647330756284449	1.61190408339387
0.38840649319877	0.791419362256258
0.250307219466709	0.347522280979014
0.121587770410295	0.164405564128583
-0.0647047565448682	0.073168951247672
-0.0870812819321033	0.114326596940901
0.603506811928787	1.19147591838142
0.0910942592998349	0.109182475825638
0.0400147468983546	0.0511329147947631
0.347859720468806	0.480805206826012
1.01022703305815	0.699751038534638
1.35050640366432	1.39042585846673
-0.0369562151261455	0.0258335126290085
0.104010887252785	0.0733058501637864
0.633691289967183	0.4717642280241
0.715459054970301	0.421467613191447
1.0120071277457	0.625454083190766
0.62753726857815	0.387620095987607
-0.093667638144394	0.0735636528221217
1.00206670914326	0.602652461118491
-0.170347001616822	0.104324733304482
0.459129165263512	0.352683320915268
0.17306209556744	0.227075639488359
0.33905015293072	0.573589033938698
0.403146690738813	0.743093798630052
0.112082611515065	0.135222781158277
0.348892519088974	0.596139417879582
0.676685758078657	1.59256872929737
0.193865663247214	0.23058336014719
0.272683046836038	0.430535080627389
0.112705282572815	0.143078369191518
0.44704616372078	0.676882944008553
0.387169067429275	0.605048308765186
0.131850465132809	0.168172234300408
0.140642317303543	0.167820718017344
-0.220705721910174	0.256435364007478
0.980936783607551	1.57503833810008
0.78731733300589	1.08027477700405
0.211637914040339	0.169240310243178
-0.0267962402372395	0.019526195453245
0.0557073092828057	0.0432876303308598
-0.22025513146146	0.242980330259184
-0.173321097294285	0.221520324827043
0.0208066882771603	0.0233614560917704
-0.0904654264653563	0.112464138020933
0.18203180613139	0.230729548613054
-0.0251505652698549	0.0303226784809369
0.193938769678223	0.28636283335179
0.653669904032567	1.57482653078285
0.575768175705833	1.28960182266786
0.192899591735953	0.328084647935599
0.427879275683773	0.90687631572594
0.215710518966359	0.380478696073734
-0.0912020123713088	0.1228617517921
-0.106527770501879	0.146713922482184
-0.500191462977216	0.911351543031314
-0.0345660943022484	0.0352953490031307
-0.239882495556684	0.411758817924259
-0.102568778187032	0.118402940292334
0.687466659055829	0.862679194922315
0.622632314620918	0.300299395723471
0.867385428154143	0.569969622399687
-0.490406847186453	0.339474307331086
0.104602344208959	0.0713213048296513
1.16802002685859	0.780874418787332
0.0772128259308396	0.029862023320515
-0.466546481089576	0.209714861569475
0.103547140352996	0.0295756093099612
-0.0563078476762473	0.0324549454483645
0.774755732618636	0.535820419305678
-0.0601020535132906	0.04867300155762
0.513652950029549	0.354404971664524
0.212727466197815	0.15221861064799
0.51610455460308	0.451191548756833
-0.0534112850880217	0.0572252843116033
0.0998964059303891	0.144022436597965
0.36494146015655	0.617944533594449
0.45461008960694	0.934950073880101
0.156363116318474	0.191622073037768
0.181034071946138	0.267339411408008
0.0523738466824794	0.0675315028625167
0.218558048893323	0.318501297548232
0.395418238893193	0.649384064852964
0.527342370284531	0.84864763082846
0.0713301616858432	0.0770294351114406
0.0751553748701674	0.0839676855670114
0.265176850157517	0.392756560866659
0.134628987392668	0.135531400666448
0.190748989535535	0.269001520871986
0.296898308388674	0.425763099951969
0.219418612311149	0.264637372992447
-0.378829309861495	0.384816188067762
0.572216384035088	0.830889431028464
0.0323156191655093	0.0231151993351399
0.20674228808328	0.167066122316508
0.0508176670996097	0.040617003640299
0.286720499008676	0.357186740030692
0.112181817536408	0.112835686388105
-0.0308435419518447	0.0314864110609673
0.294456337276273	0.43169700214351
-0.307037170374384	0.435052441323762
0.14609774054427	0.210462812513368
0.157056625442667	0.235710145047574
-0.0124867867655855	0.0155021664790007
0.610585994674992	1.24088843302363
0.0332539710866728	0.0415140576277972
0.431591581624084	0.919043372430784
0.325942155873514	0.630651477281071
0.386654791813117	0.862536577931682
0.225568234992561	0.336793497562114
0.26766536882242	0.428788276317309
-0.15480547266983	0.204993641482932
0.0558385074452794	0.0545062230508753
0.0704849101051701	0.0908903628449147
0.217883407578595	0.284517981774544
0.185850772512168	0.182272303500113
0.792613095844126	0.819480539268481
-0.0887708916942246	0.0714000884238067
0.2696395022873	0.128191766811556
0.216771985213941	0.129817682031759
0.869438557917195	0.573077616480942
-0.144948610457871	0.0940497658272505
0.440771523577073	0.352445976270268
1.14309901939712	0.91134885523897
0.999433834939938	0.4961169019437
0.105412416596674	0.0266265553453676
0.0648667704490573	0.0344074536848853
0.703600758715754	0.401253772888789
0.622632314620918	0.300299395723471
0.0661764339007014	0.0317120058256045
-0.532170767199828	0.423818483522972
0.114864520102991	0.143179728904657
0.150725769192375	0.204508639025901
0.216228498860195	0.316163032652073
-0.075055323286841	0.0971525098676589
-0.236979150841143	0.352827354539424
0.281586021451686	0.429783540001267
0.266012521963982	0.444791254184894
0.301862183607387	0.449917687468981
0.105851948889381	0.135588754404281
0.29292224112447	0.417079865364848
-0.0964593103983204	0.1002547621919
0.0208635958287583	0.0253171102943235
-0.0300211027349329	0.0321790044042845
0.572762413569472	0.999432149173396
0.14955330592816	0.143690662123801
-0.58746958311053	0.783270228235486
-0.464644447203001	0.407623356317698
0.142889298995435	0.12354084432896
-0.295762259794841	0.277546124307007
0.192429976113725	0.200293335271866
-0.116511116419369	0.142002356754632
-0.0642676472736902	0.0716137888523905
0.308426385702314	0.452097896284406
0.196368585697243	0.237279918651198
1.03646527288778	2.92652319052513
0.125393899676601	0.176906344564093
0.224195738825916	0.340995896358865
0.541680861212007	1.16218837877124
0.262349143887441	0.404451463715604
0.0395444388249375	0.0507206353064009
0.14966210125234	0.241459983505158
0.350158476228273	0.538784501096767
0.613463719570591	1.14673677784857
0.358247545311694	0.791295538628843
0.0840054592518288	0.107371794269539
-0.255815086166838	0.244708243867169
-0.411457687139228	0.48093147124186
0.00747090751529006	0.00677290229177831
1.38274574796152	0.847772948171979
0.28868333953049	0.139431473883451
-0.111960913316734	0.0869095738779827
0.0542676918405089	0.0514155514130404
0.123018578661061	0.0991436383346181
0.280643059861887	0.137368181403208
1.01117134475076	0.622626870685147
0.0619457841733135	0.0282620689431593
0.296046297403775	0.24459888209526
-0.0414382131418244	0.0486367413064139
0.337840998656794	0.426314081876451
-0.112985203526149	0.141036136540934
0.44629005947724	0.958978838361966
-0.0966253703733052	0.0996903419045189
0.34685998499615	0.490911667215439
0.1589536095597	0.193084995558319
0.309414821458249	0.339104465596528
0.379123671320893	0.652276318778812
0.199866508707051	0.256971382822111
0.550695670060567	1.12705815873919
0.224785356817835	0.292916034034237
0.28819438999334	0.406275324723751
-0.417681318679893	0.641866983371309
-0.261376844145281	0.330052414095461
0.12468086092185	0.158066967814687
0.260284719627343	0.391813577424238
-0.248316717086527	0.334007933619377
0.116507764817301	0.122276095092918
0.378184582905516	0.567096077684926
-0.216081062072664	0.231059996307823
-0.594365344452382	0.969994312841458
-0.29370937543066	0.445047315542631
0.0893541006699755	0.099951956161199
0.541478986029265	0.957914744728055
0.163125805998349	0.214973667098866
0.0808555594281717	0.0958446835152566
0.220040483658028	0.34068149102436
0.25419437460064	0.344890083675835
0.367794522706918	0.5572729510643
0.16626962193996	0.239435992902558
0.0259795682061142	0.0365574783833991
-0.0933009273983714	0.126291471241938
-0.0864971248904849	0.129178263878066
0.0607483115917661	0.0776963444559808
0.308850302420335	0.541172164324276
-0.211037738623859	0.304476916535381
0.207686485804123	0.228759764389071
-0.0101029866185381	0.00874462473263765
-0.169042892075251	0.200961198711564
0.341515566951096	0.316116444007344
0.664617621929224	0.835117748090953
0.26856845773621	0.223287203604848
0.634219837729345	0.724613461820806
-0.0166031969288873	0.0163977729862649
0.0059061805241083	0.00630837669203413
0.389998977092757	0.41104326903963
-0.0567266996351749	0.0527640812647657
-0.12924651857802	0.187504336138714
0.20260754423825	0.258582095400192
0.791923245544134	1.30174569831858
0.354650208662112	0.621054928235563
-0.558561073906925	1.06947324994836
-0.110975669008089	0.145347352720341
-0.00183306105162002	0.00204922228511959
0.141678118492716	0.179621318932622
-0.0729566027883142	0.0864568311421676
0.266953863656932	0.379780493441691
0.00130659230098135	0.000948809792110541
0.373678927090828	0.54868679255977
-0.0253148325509136	0.021716432096661
0.118246097915696	0.123119289150151
0.0460164667395297	0.0485208246774675
-0.438971338897992	0.62619701569846
-0.105564392501695	0.113021747062757
0.0220938078659273	0.0188834890040292
0.323463799453953	0.47594222295951
0.218712511069912	0.359063790559381
0.0388405607446114	0.0548302860734937
0.454093759363411	0.787233848814403
0.310592107090194	0.48511739041891
0.129119303595264	0.184764878930083
0.208305707956215	0.228133172007807
0.243816795709976	0.291515316179084
0.156815200112716	0.229908556289294
0.106882291763292	0.159993537042193
0.00215562704700644	0.00269572209738038
-0.136092829373697	0.178355345756739
0.0739574161666081	0.0790519404997475
0.193030159294934	0.237753843671171
0.342355825459938	0.328261224869988
0.206494427954027	0.170035790650604
-0.493660553298122	0.285921067155634
-0.272850804116774	0.298759255201997
0.384561480945233	0.575497034304929
0.0544181708406847	0.0642232185472951
0.0664523267337892	0.0717795902931584
-0.0194602263385273	0.021607645459359
0.0303927983488066	0.0325911563719839
0.208741620596566	0.295553346769255
-0.156640230745625	0.218904805291311
0.0458699137727638	0.0516778310945818
-0.0285262748835916	0.0326654390304518
0.106114593871559	0.127627185975903
0.415414251982018	0.561601960831056
0.541070395150924	0.946538854842494
0.0777945072748778	0.0841856071429286
0.363034523393024	0.542472266403934
0.40462385470259	0.504815833471885
-0.0892299683639025	0.0807258255142187
0.198494062916961	0.166228042741677
0.041889820932846	0.0290050146938414
0.0177511344971522	0.0140058043115258
-0.0413928973697524	0.0355858835021813
0.349900631431378	0.420497692494565
-0.0414056537046132	0.0415712463084872
-0.115607974343499	0.134467748067985
-0.211446472886721	0.286021094016171
-0.0740870210831653	0.0918837066960904
-0.401509807767835	0.709482837273422
0.216403739416626	0.303020209905127
0.248546679744824	0.44025187141487
0.12529053788196	0.170795047927696
0.0674559127454734	0.0934010361891074
0.132398570822092	0.177484153423452
0.226626392476657	0.335766381574819
0.228049349426258	0.353046013417452
0.250026693085457	0.344918866335529
0.0126520244380265	0.0163579290920224
0.6419364937207	0.751352555525475
0.131107588897913	0.124909296117258
0.994809021040302	0.487419899702178
1.90395470268761	1.11711014228937
-0.214998416963065	0.169802085007559
0.408426600364099	0.244813524645327
0.0894445587594147	0.0269958119254532
0.0115122009555115	0.00690432773959154
0.142773224140184	0.152628547758379
-0.000596345813440074	0.000730037024893007
-0.0000878335365713337	0.000182641939217229
0.0162298672317878	0.0173915630107834
0.388830682588176	0.685611682474288
0.667510468246244	1.46176364700086
0.374785792203601	0.553598344815426
0.0303794224948987	0.0359752979486275
0.253484971230663	0.357896241156231
0.310322267400599	0.315768785367109
0.677243009658233	1.00550291399283
1.77178143587095	2.41503823885773
-0.0574962104591829	0.0399715126641602
0.0567917070820071	0.0434685822562322
-0.157596895337068	0.133661398491634
-0.290429560336384	0.421435827573955
0.277466864389462	0.446755894481773
0.0551438110424743	0.0621807904946533
0.15569547599636	0.187294086664913
0.0185911514876044	0.0210102648079754
0.294672350201988	0.540539180527515
-0.20679378722869	0.300887525937356
0.120939578021112	0.172645444354933
-0.112831267270022	0.165252734463478
0.411194451889943	0.975077808562804
0.149278381343136	0.209635325541747
0.966034102126396	1.39023832324848
0.463180907445792	0.168285527716812
2.05074951949373	1.41237381391709
0.346175819882136	0.494073162513994
0.339458514256489	0.522375245881468
0.27491673665328	0.401138020319931
0.00932861536721312	0.0108925799359736
1.0968237851669	2.19012517597927
0.349627727757892	0.412121795630243
0.225245720562795	0.230844483870517
0.595195757470788	0.63647702680646
1.087220259193	1.41064328215835
0.0159259874158859	0.0130356063503657
0.0506611199594309	0.0465613131126486
-0.0314944511999873	0.0357874464855384
-0.187978394536313	0.236299382319332
-0.13417896508962	0.156493020762455
0.114069696385279	0.135590437059931
0.200451429655329	0.306460776466591
0.222660816300624	0.379014878309189
0.166582953769523	0.245219932451413
-0.23771233745024	0.37692286495493
0.316390047184251	0.560504058362402
0.0820169209550957	0.123970235434866
0.268998893122692	0.43393643043949
0.5935720008719	0.472848665416775
0.075810427936663	0.0325811422029916
0.463180907445792	0.168285527716812
0.0659982274932909	0.034875168832259
0.082957783691979	0.095263210020679
0.49576935280219	0.93575520497623
0.0919944239158009	0.120324946771727
0.166328014580196	0.211103421965846
0.134635375226833	0.16767499700706
0.192264621022238	0.260822496816533
0.634154292950543	1.16497205243592
0.391787107559253	0.517942680310053
0.154888064054146	0.197902772247462
0.102630532513912	0.120034261957129
0.805220087469622	1.71713419960484
0.251290452742423	0.350856560590756
0.687960787812727	0.99853000715618
0.487552761933936	0.548087277171952
0.10258038623007	0.0998012129440582
0.20132004877177	0.153755018919384
1.01117050393887	1.11718042765231
0.891399163109427	1.2947866975651
0.701377830579225	0.995100427272459
0.0945094296464874	0.0972014373028339
0.276457509384836	0.371272298683658
0.0439019582275164	0.0511588544266807
0.561998384968146	1.16706254224598
-0.509594809686029	0.960348791022182
-0.00000619092132869638	0.00011257683308412
0.424049822269424	0.773842871565053
0.298081228038579	0.550077662728171
0.0388276186817271	0.0496994411356512
0.124394249771683	0.184534730558638
1.5542495099579	1.02873545552988
0.721925103644686	0.414125093760753
0.107374072952058	0.0270790909476581
0.87028501511765	0.574135033225291
0.324716364024185	0.145013261379036
0.308673355506181	0.484634504158314
0.27049387990816	0.402288765455773
0.360265398067864	0.60633415197685
-0.312694253678528	0.447542608317235
-0.104696616484526	0.140051965258775
-0.189031501524121	0.249104331350765
0.39680647302243	0.735257788786823
0.320034508923457	0.428752324141956
-0.14899425368751	0.179335000651514
0.745614835404482	1.74381085998408
0.299350754762935	0.476199243155335
-0.161426066916867	0.204693276281989
0.136635972718653	0.139426740970103
0.181935504534341	0.233002190811148
0.770349764121339	1.39391333324757
0.377339975952616	0.342495151997337
0.805997980887084	1.06574383460102
0.413156583257318	0.418538256327692
0.192543011970667	0.203091701462454
-0.400564693917831	0.533201628550431
-0.352823663007429	0.471362586460857
0.048874201862906	0.0487746659338013
0.474070734593581	0.734816815824321
0.147678437690923	0.189758603747104
-0.00103433594365604	0.00130211759223836
-0.499709855300811	0.926307863590909
-0.239625053400883	0.385480666237916
0.271549215202396	0.44656835311395
0.193148928967792	0.320691399680518
0.312847162495695	0.532690051671521
0.0701852446989708	0.0271432681387875
0.0900647127804803	0.0285617844196521
0.397163423529804	0.769672984533663
0.0376878592249495	0.0452834745779731
0.129702145966911	0.177171427753912
0.267068022363745	0.409104509879563
0.396634570495158	0.679586081413666
-0.763036486552914	2.04692256774016
-0.43749397161938	0.8252408862013
0.603504658476762	1.23863932160508
0.057740565647665	0.0743059686327131
0.469132840812092	0.940989640060224
-0.513857836708748	1.00023564047854
0.369815355337858	0.665184777470518
-0.565352142679423	1.11020681008994
0.3221038736172	0.574517695944372
0.0307264271274825	0.0354428682884087
0.546619809478445	1.08162252885925
0.121063909620574	0.160033916796331
0.374824948585933	0.536668312085426
0.210837538433872	0.15059910094316
0.635513396450075	0.628056677769631
-0.146842156849363	0.133629607776192
0.186681706622394	0.16842791198263
-0.176763069712901	0.242583300455325
0.0135521741882714	0.0153375433878924
0.562523702295302	1.06681477992408
0.401231512190139	0.737753265809607
0.564553112039125	1.26988866168162
0.326677254739256	0.661626993797129
0.479603429674001	0.960722718763492
-0.145241193439178	0.238521320433338
0.261856859207654	0.454973131663367
0.121268286653794	0.198590146334438
0.0758597057552271	0.0262338495629912
0.0909740828225543	0.111870046289693
0.434584788533776	0.865254235928927
0.100380454802502	0.135494933269397
-0.700544730861331	1.67875863122117
0.669673641017191	1.33936999008201
-0.017451699168192	0.0189676905325664
-0.703505736839585	1.58002317773182
0.186163968791455	0.274626417420147
0.443967331017525	0.873598891024845
0.0201430485022704	0.0234660959055984
0.202198757732755	0.300864608072219
0.193799870751205	0.263947663822237
0.696233755483553	1.35354281562431
0.199280695993885	0.298969085585716
-0.0485076958751388	0.0527358781911045
0.279354462851914	0.399478041523228
-0.00856490036115631	0.00933780261663412
0.16903063403937	0.25142794048011
0.88163655570976	1.55110561549105
-0.274107034634261	0.237079459822898
-0.115376517955736	0.0982525054283362
-0.673749923245647	0.787886793517261
0.253819205516962	0.246440194875218
-0.0719212434761103	0.0643289078590975
0.551451915270288	0.916504798631923
0.452537162522105	0.827930140095706
0.204241177628437	0.297882979561501
-0.191259159137099	0.275292295552893
0.389277715308762	0.702816460282692
0.538995679587403	1.29528924036745
0.123846584814201	0.173383545403034
0.466470833450458	1.02155534198501
0.218014636634255	0.376843343971082
0.0476530138442343	0.0658221170851587
0.432336033369911	0.694207454370842
0.225369080658071	0.309842698665092
0.255845808958529	0.37260519122887
-0.0287646157938253	0.0305752301163402
-0.350725728536303	0.552299333952598
0.352011853115609	0.530657505762946
-0.01421559769451	0.0157375941872932
0.42153905017435	0.670911039434344
0.272664889033765	0.416546563782264
0.644400457084791	1.12892142277471
0.119680594847092	0.136723681305021
0.082890680013164	0.0884457977303215
-0.142624008821383	0.172335154809237
0.359948044338406	0.476158702061024
-0.0891129677522023	0.0928402433379865
0.435397291212384	0.789600411093825
0.674226246862545	1.11734822867488
1.06119950609458	1.93139252118237
-0.0241023533814123	0.0211086835702695
0.424522613725706	0.427601355896416
0.351186069553833	0.324609307324727
0.400323265201531	0.33472580360427
-0.11736991630876	0.0901755980204561
0.423264903070156	0.506368646445767
0.0692797873521946	0.0688332368136047
0.411093644407273	0.647838229327801
1.07211690821143	1.8189169155944
0.0370541859966092	0.0361385974724184
-0.0796071247009887	0.0846805344588004
0.152896104075224	0.203800400242627
0.252494803482261	0.392019224145122
0.305452415387836	0.41052925554897
0.0494858516311323	0.0518515343603543
-0.26911266167505	0.316859879401973
0.0555347821673054	0.070260900662096
0.786338608300138	1.25267526129686
0.427888740261894	0.482651992994474
-0.211467482870197	0.223095580330264
0.693067373316836	1.0739537265661
-0.0733370316704072	0.0721850374818365
0.0262184693336584	0.025899257861426
0.37938491412744	0.498480332670513
0.155311937619283	0.156242317001615
0.323459930644079	0.39594792152937
-0.0248031047257367	0.0238971860692607
0.106867525511294	0.107524796993238
0.362782432592857	0.3964662806892
0.152490050099361	0.179806198550557
-0.560459717460608	0.852915333506736
-0.429328897956335	0.595913892464535
0.0345364975110723	0.0380544318831726
0.569215294690209	0.851416122595302
0.174462282837138	0.226374223171944
0.314983740946294	0.440323949188214
0.678097066186356	1.167611326039
0.320324037476055	0.4085252831971
-0.0960416105499281	0.113202208128755
0.148398678127599	0.154846235885635
0.180033383337739	0.171788092559767
0.447869067799236	0.569837662798243
0.469161388564229	0.586397028279595
0.155404318823473	0.175937209701669
0.471523498481982	0.673500128775525
0.162404030346412	0.181542517110469
0.593911013634478	0.702463972285387
0.489687389606226	0.591418954174924
0.646106849231666	1.5766740015011
0.577936723372261	0.768847759291545
0.18858209112394	0.161287678618817
0.679419552548803	0.844720517534298
0.782233892930071	1.21447415463602
-0.420133207750005	0.438425005182296
0.249812578959711	0.296358291315214
0.0635277299157118	0.0634279807009798
0.149268585455207	0.146314880914432
0.115677253780382	0.0924205269822187
-0.286850567535867	0.295841034098218
0.0657601587681664	0.0550479842181652
-0.208888745492326	0.186668997192788
-0.123879186533264	0.114974396347811
0.263435264010832	0.326137638710262
0.325258296442353	0.492678749237469
0.0262822526482499	0.0304034668773604
-0.249237850181291	0.315559285213866
0.132270332434425	0.184124437145978
0.260433133860718	0.392803774598955
0.203270370645486	0.265054739633683
0.292004278497579	0.392641936114902
0.0227346415183968	0.0221790258604242
0.13856696638672	0.135652819373965
0.395466483031994	0.416630046778243
0.0705629813063373	0.0575293539704318
-0.065421847635553	0.0611774434902415
-0.0441483389775455	0.0408907054187375
0.317813090255323	0.344566024183587
0.300294800710161	0.362273389285793
0.276774756911948	0.265323438419535
0.294146846684069	0.322461599799293
0.370126318589617	0.530242573270393
0.313945460289869	0.485561785306232
-0.261405086791419	0.329250339660183
0.0205520886642712	0.0212724239371882
-0.223659868330236	0.263658132626005
0.264492294391732	0.325939953252376
-0.328829500300253	0.50391139583519
0.143555176496687	0.169382400286031
0.785928799395419	1.67956593674151
0.18801459886448	0.233017607981988
0.0834932569188806	0.0903879011640663
-0.369109156670783	0.464027391947978
0.349637417804266	0.557537193083841
-0.0467580363442698	0.0448176869292876
0.379992488778062	0.551235276632247
0.403646146667899	0.479932975837007
0.183961497907638	0.172612535738942
0.318526968371914	0.251585470460149
-0.0281550014188463	0.0209274601702695
0.051786530319528	0.0353591969568137
0.814914606253424	1.39100281719537
-0.430326706318496	0.672313166480635
0.360641872450712	0.537572461124484
0.253111010736487	0.294206108999644
0.891161539194339	1.82831147776257
0.331185411940398	0.398373575553391
-0.328813410423236	0.49604801421219
0.180021121598553	0.24167849659271
0.656448219054496	1.17176571888813
0.230976147287079	0.285314414862964
0.1863056387491	0.167477800202424
-0.33904161736247	0.41324008576662
0.277793313322559	0.325427984333596
-0.0198631028543489	0.0194484096678527
-0.0110172293103903	0.0107125338411546
-0.179049547036511	0.188121273085861
0.315482612936261	0.330582460570513
-0.41227005427215	0.5091742075287
0.332827147079498	0.420722992287255
0.396705549544875	0.501102136844247
0.0900220360676984	0.086501759241002
0.0650499977048057	0.0673051724052751
-0.338622190007777	0.399519262289268
-0.390152107673036	0.460952578437594
0.129338752359156	0.134580330014373
0.0462239916013417	0.0337972092611336
0.435687798239494	0.349373781438713
-0.943545582956643	1.05004340744264
1.62625254069524	2.88335715100518
-0.331737116447151	0.38033087712283
0.243714703027869	0.274289206806252
0.136766680121102	0.136362591868624
0.200442632761119	0.204958727263951
0.149754461597986	0.170318742340201
0.151514113504797	0.168313586875771
0.147134892488641	0.160509469609615
0.368929881068378	0.493621907618799
0.200545050785287	0.345461640670158
0.308710407344715	0.41060335794922
0.0310400493373791	0.0304814128326078
-0.012824319700485	0.0124821014611582
0.29891450238303	0.442417575760329
0.328678237505893	0.414551660633505
0.0197243485977695	0.0187251631209253
-0.0632550873597095	0.0638682898001802
-0.0822558324699784	0.0745781365553258
0.0243051599560263	0.0226799186153391
-0.211415836452471	0.191289371230718
0.232160007438794	0.289736886929473
-0.230895968368431	0.297642175758696
0.00413018376939297	0.00424555669136821
-0.359133539979452	0.545357900988852
0.307148586780814	0.379016927543941
-0.188621709191529	0.220649791489972
0.400083216428941	0.570301487535317
-0.21037909076452	0.318635162912201
0.48320164647642	0.831293585976797
0.163158727042741	0.218354069278796
0.0483401875151701	0.0588973268154631
-0.5385477044309	1.02302932760595
-0.352439913692149	0.495072252866945
0.639854189862192	1.20395781046766
-0.913974981264376	1.85887253457354
-0.19724280621198	0.25477749519903
0.531712999603133	0.962155449338954
0.229535453055933	0.291526048103128
-0.201658090397628	0.289963826342617
-0.265522650842928	0.354345807817574
-0.360722799218947	0.550024057280726
0.0991211578594702	0.102508805060312
0.0661420794002944	0.0654609734652224
0.683731484323538	0.686062882936763
-0.363487254371857	0.330688002839833
0.971591503888186	1.49741263863444
0.412892926917142	0.578563370955304
0.0212647944164323	0.026817532266752
0.329733964798615	0.564208498196324
-0.270412635954917	0.439156695478853
0.369576790219575	0.630983695710294
0.516568193210947	0.929832777080004
-0.122859159128785	0.161353066547106
0.0894177593385472	0.110686059538419
0.98710613824369	2.23565253665065
-0.295529652649439	0.449346777472742
-0.127534515627628	0.164544564907734
0.33041740392194	0.504294299863252
-0.500924519119416	0.63894761089087
-0.0305004751463264	0.0225919096668017
1.15117953666504	1.69750745466315
0.474647649522574	0.438696652563766
-0.103695931593257	0.0795879590653851
0.818884541928039	1.02181326922888
0.295110170818874	0.557865698931209
-0.194133174362745	0.296101542209326
0.318492043780777	0.549247180385199
0.127661142690649	0.194572141454709
-0.0238775319279055	0.0306120136578504
0.308593086143856	0.506225534953138
-0.00167016692855295	0.00200323590175145
0.274355766547999	0.377501930801574
-0.0616556385141946	0.0712760814970483
0.0892357898952251	0.108615358262547
0.327384700988681	0.491863377498487
0.354307640002618	0.604594974215088
-0.30293159737519	0.397437739974337
0.283269619585941	0.472882312565005
0.316515399222445	0.470589700838183
0.0226539378674847	0.0222726581861012
0.381103552424123	0.504974072468815
0.012494144660262	0.0105245730983317
-0.255392505917616	0.236553346404299
-0.199523028959755	0.141040652078893
0.583991473988441	0.705684702900644
0.532889533156695	0.746630522113128
0.43373496049174	0.728849779993185
0.148520346508512	0.202473479512016
0.72764007630656	1.4925184871431
0.0841760407232238	0.105215220175746
0.00653708467485922	0.00691142489283178
0.313221996897453	0.490530655407776
0.225144265863381	0.369530074906897
-0.0636023904127223	0.0710286070558093
0.16729779833618	0.246999045589774
0.16050773386459	0.231326163807441
-0.223157071869965	0.262301980294535
-0.395045662838177	0.600394595769927
0.00983878085644089	0.0106577532615725
0.0803878746638935	0.0996223210948001
0.046492546025666	0.0450232821305986
-0.453889756011126	0.741459282905228
-0.12022048353264	0.137656548412435
-0.507942182973188	0.981054552718869
-0.408356032130544	0.63319185991945
-0.00674706813650314	0.00512758793083697
-0.390854989184352	0.495298421095986
0.404878619154914	0.395879950121251
0.617132415345289	0.636328741288636
0.437036611349149	0.41900093793959
-0.0513262174587179	0.0414680898507084
0.440344909399413	0.514851013538464
0.326073864394438	0.516300761413577
0.474608660443802	0.763951355776368
0.0335956052122747	0.0456424152981355
-0.0922447455613346	0.120020140684826
0.308524045977323	0.559295495746679
0.0228762862835086	0.0272435849445958
0.0819439296709267	0.103984637506631
0.0330462640736347	0.0383216948768434
0.237217864218304	0.283292442916697
0.109077488629774	0.131889450512258
0.081367267732162	0.094644500512626
0.672421581099373	1.46075454636718
0.138992763535273	0.179523636685025
0.443978571525397	0.845003457116062
-0.153195953008013	0.17432434868295
0.716926742540349	1.26196489817196
0.0702693608626635	0.0620352716824632
0.687960677525684	1.01415554448933
0.423202000354071	0.426669407789348
1.22272832598645	1.6511551739195
-0.897674028264866	1.31627950379388
0.0627731772837842	0.0642040519039283
0.205395523212561	0.293435176317988
0.3927614603531	0.638190566095454
0.250229668187242	0.346197442147025
-0.145488270126299	0.177354135707987
0.312096574878444	0.499480216019395
0.0348656715387948	0.040787640060341
0.264078842349873	0.366414553451075
0.0119535215210625	0.0136619973760561
0.486284068869698	0.908217930733154
0.0647675355336936	0.0725695963324033
0.253377974955484	0.40094216594464
0.2666246413213	0.385342235376514
0.288500319915194	0.449731328672671
-0.109926014730434	0.126977497210956
0.203273461194782	0.253163676386448
-0.60216410869705	1.23355694898571
0.272343347972851	0.418303888201447
-0.330997481849989	0.509866708259941
0.520533204316014	0.753279620627575
0.270255079651534	0.315519090834828
0.440330707475463	0.509129900142779
1.56868827130239	2.59144793161575
-0.109873574880128	0.0859183969484334
0.486562451600697	0.523191526808584
0.593241449994426	0.804984033147988
0.534383144453924	0.964530552046529
0.203089204615485	0.295654890789098
0.308537093483505	0.58007885270783
0.0343752283728309	0.0410892892794583
0.258187264950434	0.435067034587265
0.122510228218154	0.153198418367916
-0.271318431783305	0.406373332989922
0.611024756166922	1.36089014560176
0.354095783857742	0.485519637442027
-0.0662684819924802	0.0810382365140082
-0.0290973447919659	0.0342377046357518
0.590356787229277	1.13014345166843
0.571045922535092	1.03388912368798
-0.124100476871753	0.1674025883399
0.0448515684334856	0.0502129659598968
-0.26090507929544	0.342894012515544
-0.0135402682124582	0.0130364685494369
-0.211868275946448	0.236720966396212
0.122355531342581	0.0919083567524191
1.16484479008465	1.56688190673515
0.092059369286706	0.0841208939670772
-0.29464161784572	0.387581002137636
0.700494645927343	1.44330456612965
0.849641643467243	1.93777088530528
0.293349403138397	0.447079998225642
0.428972737882183	0.843221295670025
0.420444370051195	0.954685566920215
0.0415333312875075	0.0494033829164865
0.413010392585855	0.793898211843159
0.565457401085185	1.15995725756213
-0.0711225019927503	0.0903486603409245
0.0312130875687296	0.0328635003526419
0.0220937261000163	0.0247939661673055
0.680187497260498	1.49775268992465
0.155704102589405	0.212618273026161
0.335488322208333	0.522235843277119
-0.0470504612970268	0.0479305589780506
0.284128298293031	0.47964379017618
0.213165461597937	0.275909046557696
0.195691026746135	0.23761010271647
0.758740285923956	1.37130044955077
0.747090497863687	1.04331120820863
0.118625233757635	0.101488434501481
0.417638545329226	0.404541465759572
0.791593651061109	1.08117647458628
0.66730790135193	0.910914225612287
0.247599322865851	0.343664017915751
0.257942625354978	0.403783513098171
-0.175597892518137	0.248204406170084
0.274088168341924	0.495230187112334
0.270857302378359	0.475496388151615
0.385853881043792	0.653384660883347
0.133544276760432	0.187576410862365
0.115621311587576	0.140416931224341
0.487031954739414	0.867130245450253
-0.0651995602709158	0.0709682958677007
-0.0643248459498109	0.0683114030005244
-0.0241698934517644	0.0249195854568794
0.158356115645563	0.192780401386826
0.0713389825679671	0.0760898133446647
0.461554604262203	0.784390520280343
0.161021025837134	0.211999197163233
0.0889871408974825	0.101376698427479
0.446341750763964	0.514832159210706
0.25023794088317	0.26552289773292
0.643180190274949	0.755904066950258
0.806660404028527	1.04159039789765
-0.141154295671152	0.120630138264634
0.466327891256752	0.666620689546089
0.424662264868176	0.66774785384561
0.111684312848838	0.11474804018618
0.236076320224175	0.304090847212447
0.547246890458165	0.907103636004462
0.389508276012749	0.691099308980718
0.0226832326010254	0.0262970475610051
0.579132028358212	1.33505477950782
0.117949992283789	0.147492199434557
0.296738455058088	0.483096583961078
-0.580031815550806	1.09296747242002
-0.273026685590045	0.435806627537165
0.219665824779384	0.308595171713637
0.533216389671746	1.05541711890152
-0.447163998981422	0.697602502615115
-0.130088822802777	0.16053084282581
-0.0754112114245671	0.0890878109458009
0.318623111477133	0.483733686188562
-0.00269509930926653	0.00323287020613211
0.342564058115481	0.571378299220531
-0.520328668740542	0.763466126532832
-0.623793393197319	1.08708500597658
0.49350895107197	0.599806785900261
1.01777197290186	1.53387401318746
0.329584985624154	0.33399234815965
0.23296990423068	0.289297522917662
0.39570763690827	0.637291412972135
0.692551143289928	1.30189101095268
0.481127994396412	0.905029350333957
0.173815838688418	0.261285683024944
0.680860357591928	1.3971109369765
0.3712508403661	0.732456987634059
0.626852400689955	1.48657499277845
0.290568332772435	0.451145069521631
-0.130203232240293	0.168864967082126
-0.238416735129825	0.392313492583805
0.148421554492841	0.206092528380351
0.142632549082043	0.176598123581279
-0.152540405893306	0.196699468614315
-0.0352549925032302	0.0368265722647555
-0.00162740550646203	0.00183280035571084
0.238214822211057	0.353721093046804
0.346375487469005	0.584888999175872
0.0701856312524594	0.0762706337131465
0.402465343277389	0.745624814114927
0.190120028729985	0.259674424843641
0.394340906502171	0.585334694684439
0.0689199894234408	0.055269309796528
0.439198399153626	0.425975459428269
0.692642011374754	0.850241347000548
0.67418465001626	0.999159003239476
0.318173294672186	0.520294542182683
-0.14262543788529	0.200254281224351
0.0220257004745563	0.0273825493316732
0.401165418379293	0.783078540639153
0.445748518645592	0.996077608295241
0.449737043962936	0.753766049146235
0.239067258625574	0.320705849219299
-0.176216659539523	0.244056494548022
-0.021244153167024	0.0225193393651069
0.0636034782290987	0.0767105378224475
0.240736200796816	0.352372151934233
0.105063065369919	0.139742742112007
0.34715274636159	0.597881147479888
0.415918303291433	0.707598548053146
-0.152879219263852	0.19316178596222
0.139237756755105	0.180826290559885
0.503455137945941	0.877122030458673
-0.0794330516764874	0.0849367309979427
0.171929844712148	0.239919852552925
0.328307024205029	0.382869536599905
0.377182558843658	0.489334504499251
0.275491253166545	0.407040151991317
0.260945715213237	0.437860446231156
0.639252063339836	1.33447183946172
0.19905018967588	0.228549873672834
0.267693431099101	0.366335734876783
0.179873869072445	0.250730740969408
0.533622538070934	0.837588536289604
-0.290237139830091	0.413248002322111
0.138450118596813	0.157058476741409
0.271899993506893	0.423311937753338
-0.741038241032964	1.296888441352
0.429567674497097	0.665171252623663
0.350021486493201	0.50502202861103
0.851449025781787	2.09163801390192
0.159190715126105	0.190700041712843
-0.0093377210347271	0.00903418243955748
-0.0214066543732597	0.0229576743409103
0.649199848253652	1.04118877105927
0.298636407379671	0.416774507148199
0.583796154996875	1.1118804304764
-0.112777910758405	0.140159419448759
0.517110666776066	0.825414014840067
0.13382815202577	0.173273227506414
0.240378787934231	0.395503288239676
-0.326800562248072	0.472653808873612
0.439759431213544	0.841287338736543
0.602102607196471	1.19608928957075
0.392587318266378	0.66168900109153
-0.0570279031760947	0.067456954882678
0.314123173578251	0.517141615626608
0.443444670692884	0.869450251479253
-0.266224689802065	0.421508496705528
-0.185375768940437	0.224922678134077
0.222479380505839	0.314215693706593
0.235355254439527	0.326063413824842
0.230719691207146	0.315093399037586
0.261599890336435	0.415714421106523
0.277058954321467	0.428542558162848
0.54741150775916	1.07698700986696
0.252687882571296	0.41283223992742
0.191003868606531	0.285920939268424
0.172561031067982	0.263698733728213
0.32621842604861	0.562114114039698
0.418449037022626	0.784452606986671
-0.211817273310327	0.275615180228151
0.214244282073802	0.301713616612163
0.157137637278311	0.1877491168975
0.122724765427535	0.158436774504525
0.191450111425251	0.233261558108176
0.228676949421395	0.308840217516136
-0.125671194952734	0.158902134634662
-0.169041087190755	0.234996794848123
0.288064784035223	0.420185916701446
0.552019620874278	1.01145240701242
0.560530302216525	1.08063362063606
0.272934680965955	0.386728697413539
0.319026810563897	0.585869090475884
0.575797777715571	1.27513025223926
-0.380304438799303	0.579159591434656
0.364255133126467	0.600597848681031
0.160337540385135	0.232157520785861
0.16626013486822	0.241169006704726
0.423054046415766	0.788094615051018
0.426265745799659	0.842831511279383
0.183921085129038	0.280962984269539
-0.158134950639069	0.220879534502825
-0.274367650841917	0.538908276404602
0.301151554140607	0.543592127568992
0.419991174440316	0.7622899198123
0.269943255606985	0.399223215074892
0.553149061368839	1.03130351154962
0.313547298271909	0.514858258246385
0.156385089715754	0.212136582043403
0.568815196460544	0.936368679496369
-0.0570708734746841	0.0639956275735412
-0.234132324788579	0.346623347996499
0.379007670900501	0.594473388661043
0.508219092362945	0.82000978542427
0.633438163536603	0.85699765208962
0.351171805149545	0.58973219495309
0.506377473921454	1.04554088486008
0.0539241740559641	0.0690022574073797
0.478667465396463	0.935566218191989
0.45843020096718	0.837028884412197
0.205904898681973	0.327895551785556
0.701945385942814	1.70070915307277
-0.154218691244643	0.219334866327461
0.132090516340395	0.173599201597912
-0.160570665215725	0.222351822029715
-0.554051688978967	0.898260834358264
-0.324572359764029	0.502001157187895
0.024818520877689	0.0290166057312386
0.342600366001258	0.475433621499503
-0.0014597976169134	0.00159234513998162
0.533502517275651	0.859144920419531
0.464394167001542	0.90870290565078
0.18098435793579	0.225791693960122
0.315938107032742	0.427339470301957
0.155126333515229	0.171637169931727
0.705360748544238	1.25524367591618
0.711659340254135	0.946881290103391
0.0931525344287796	0.115006114934108
0.0641992844370329	0.0882241292515374
0.284564005557345	0.426479493670308
0.236672062772611	0.337815280551644
-0.125955574483474	0.165974248631059
0.549438847771029	1.15393981503508
-0.312547547845423	0.54387911343374
0.360436733630806	0.595610500196945
0.0611348730759395	0.0774906331244558
0.592261211610121	1.13476617005223
0.610175898946301	1.29729775631621
0.0147703776349733	0.015689303689488
0.298247925906405	0.437695412855846
0.0847669012444344	0.103329493336053
0.313749389602744	0.417948336511229
0.604916561313772	1.01636022503881
0.736654750100226	1.19140436990955
0.394189940160155	0.488265181155674
0.732190474690302	0.95077286942993
0.265888107397275	0.430669411929874
0.489556595008356	1.02654143755302
0.123915032093991	0.152019074872241
0.100361984055521	0.123542597624366
0.703934443848186	1.64150870922214
0.181092920443657	0.237915946147527
0.482240019946079	1.04542494679113
0.493522235231474	0.881006269633703
0.479308227668742	0.940106404109507
-0.127873799456489	0.156107657838761
0.184263044409121	0.228612345406625
0.933429679145691	2.1010925831589
0.27477014371885	0.413500435058801
0.261544130966073	0.346431358515501
0.965705367939083	1.48006464457988
0.990011851037831	1.34710322205475
0.618716021477006	0.789769333022745
0.0794316299559595	0.112860282957451
0.364783869017674	0.662075558860871
0.103549853372859	0.125973816172037
0.258808138446115	0.381307028134793
0.436843702481669	0.772850635564364
0.591527260479285	1.17299311294212
0.508750435460199	1.00638160882513
-0.0141018466295243	0.0155317417568166
0.248877975586878	0.356298010936704
0.664058354387939	1.39940817720922
0.110232432088922	0.143152579087332
0.47825949667974	0.669770555549391
0.188756296772067	0.200120043984895
0.126207295531314	0.108344707569935
0.22396163714153	0.394344797192957
0.454588958837102	0.809160005877
0.303337850824098	0.491404068098262
0.200730352676757	0.324361174678236
0.399351985660099	0.614341133006371
0.132650895359871	0.152447654541942
0.532593619995937	1.14115484306977
0.393201032925902	0.677548710083733
0.143775739690603	0.151503807935672
0.0556336195439647	0.0779947865187058
0.439876307907933	0.883499652520519
0.256471189811717	0.462897263420164
0.299920181739359	0.515352451034185
0.448642190572984	0.850499599037389
0.441632799560119	0.729477792371047
0.19722093598603	0.297876728136934
-0.0526734252405315	0.0654364574317412
0.179955375313493	0.2320728433492
0.281902327782338	0.392549988242254
0.262058222000977	0.411072780387279
1.22554111745665	1.50907288206462
0.126902610459914	0.109787152382144
-0.00150803063411501	0.00147149227758765
0.126755398007596	0.142865553918393
0.0928698162225818	0.130882454756846
0.115339269517229	0.173163358829002
0.275912927763802	0.439866334632129
0.603543896888368	1.27044171563646
0.0315473327177201	0.0362380163987468
0.274136819785939	0.476559795004904
-0.152130479477577	0.212489874060742
1.0113077067652	2.67713530040002
0.588479796607527	1.2257837820893
0.758811371793072	1.85907054353314
0.427207584257101	0.835742808833921
0.527417890687192	1.02032743595198
-0.0538722301864534	0.0605112412891238
0.119243659748058	0.154951608993063
0.107276375531965	0.136781718276387
0.258119125100349	0.421929611869489
0.0809854653007238	0.105317091024677
-0.0113020249472636	0.0136952789973812
0.260684463952314	0.371293950909313
0.578540752339652	0.875188069428585
0.336918646850741	0.437350136484314
0.832531606626144	1.54450953584729
-0.31162726219718	0.396363925662705
-0.534001000108912	0.947564600858515
0.088091852547935	0.0809363769761819
0.723488666399374	1.26478243001145
-0.107953266023411	0.113254522614842
0.36471015391931	0.423593850760863
0.967689708445285	1.7263787236965
0.847965731596216	1.22035985632953
-0.043607701185171	0.0491147865771419
0.19345976557745	0.265811816625541
0.298470311755382	0.487108338971195
0.366879998914165	0.488416942059274
0.111943359459697	0.134089513642998
0.372723886633844	0.504284247335851
0.0720209608806978	0.0874225743635062
0.378474959700271	0.545870600269625
0.616352390577733	1.10126196533778
0.232870077540313	0.273389086160436
0.677260913908598	1.05800030880002
0.202940895970551	0.151485997736622
0.727712084389197	0.86406137243998
0.189858683453384	0.188213031626427
0.191798959766838	0.28829463597203
0.0964468339066674	0.120825070453254
0.37891195148795	0.663548652856505
0.608363729428873	1.19961758540446
-0.0662015104432814	0.0793090752154647
0.150800646113465	0.145085354980051
0.212924525905905	0.158578427765599
0.490810242406955	0.747586317591867
0.289183955239645	0.330951205082205
0.409336381811801	0.793615583137782
0.652184686869131	1.46223227606676
0.529753027840759	1.0000124780257
0.0153135147241507	0.0157715414100175
0.757345291747604	1.76662762492932
0.241835659836831	0.248328392208101
0.449662291930445	0.344372857467193
0.0448193659609143	0.0306340932517384
0.579787458451541	0.633585886106254
0.180392134233377	0.192544578211015
0.262585491506901	0.370105711433574
0.82500941787112	1.95750437168929
0.275089122268557	0.490245620057064
0.0245451801044091	0.0285141546160117
0.117718324247477	0.15496522804529
-0.0547792703267883	0.0654097356913389
0.261228295215117	0.403368946458772
0.466216029806268	0.809641911669641
0.346258560915797	0.46783445700023
0.284192647975361	0.25139143292475
0.343239250756202	0.653289863315233
0.396778635086571	0.822168313128418
0.0116249796278344	0.0155268791634572
-0.182713908842687	0.267682015667765
0.537099816146758	1.27465513706165
0.563465772014977	1.26263087842259
0.396617743772832	0.654247327532673
0.0983161365660746	0.100523741550401
0.833173240365764	0.949324404753049
0.287088139329814	0.253356517849382
0.283176011591802	0.249790818259966
0.250911416088991	0.329176245600352
0.127835071034029	0.170109680804394
0.298067942603939	0.611607444475036
0.0698058274202114	0.0967632946544005
0.341420181017455	0.651593661217572
0.170367396130046	0.283713546325406
0.331099003359095	0.722183729081682
0.245041802810069	0.45901656422772
0.379618232359075	0.615226628722668
0.468678904493927	0.96312284734191
0.206472943494658	0.276785862141624
0.535385266524195	0.464690456044604
0.133799996689861	0.103147188140127
0.410139576643601	0.411821755979479
0.151964677824209	0.217561608483939
0.253155394318089	0.487362419764182
0.226180055568728	0.4014491147583
0.189539622239284	0.320549139056557
0.362879654395853	0.597578893106601
0.413221409295411	0.815094235676529
1.12484391246461	1.69898774414914
0.160061156393601	0.193499836099236
-0.0158467053556886	0.0194701722260638
0.0666785112779587	0.0905381048840728
0.153587323761103	0.279256591983943
0.629590604790215	0.946491713264292
-0.135301983650015	0.156768556491987
0.214489536611336	0.309536669509007
0.523022002622298	1.06867668265478
0.22419508138806	0.298160996806682
1.04998628133422	1.48372367328562
0.434910178658116	0.562572176334929
0.0643531462186317	0.0775016234422365
0.232494009591682	0.340325614527377
0.442707110757158	0.702599053085295
0.496609805556305	1.37952607759053
0.0858337705021018	0.124761194408123
0.123880472791346	0.21026958433009
0.305248078894224	0.628527247129401
0.280062819136673	0.564202850745712
0.531768835632179	0.664895732716979
0.616286350163262	1.21789916815593
-0.0698934663513724	0.0966530837865555
1.04023807944526	1.38560897814828
-0.105603737943494	0.105563077831709
0.0977386922470102	0.145391369772411
-0.198862499908544	0.33589926345594
-0.0965697192550429	0.123046472839149
0.145575200718067	0.270093199299134
0.230347813453187	0.518150912396105
0.291637917262994	0.635756021388566
0.144615765245093	0.254204935435336
-0.0666541216440815	0.104796509865628
0.461259479912849	1.15325288538227
0.188188677023062	0.344868738272745
0.144674610265247	0.135811475967453
0.346832620009877	0.42036465519619
0.757347867836232	2.06003462259651
1.38278026261387	2.30714442209236
0.669820983725172	0.949151582538211
0.288766929909691	0.488633034327688
-0.279181620363841	0.524305601836303
0.267989840232395	0.408322151204815
0.178954353738201	0.381843132617325
0.349588670489169	0.949889024130125
0.0718875657085962	0.125575026777631
-0.0611551497551557	0.101141113130862
0.187649980985623	0.393814864997229
0.0961736824637461	0.155839804996681
-0.0502671968062629	0.0714226110307143
0.239502671394146	0.514981172360148
0.373198740761593	0.825726303509478
0.174532448603684	0.317319713285603
0.345685960938371	0.651817350497642
0.243724860286169	0.262034234208789
0.524507787956203	0.71101643326701
-0.0698654212900872	0.0703169884321877
0.161974114578486	0.233098350024769
-0.15987130695819	0.261978427546423
-0.429197259336966	0.653445018548014
0.250321403718978	0.598849282069622
0.0605818169619088	0.103503467819996
0.421366152189899	1.34192967793662
0.0639659440020441	0.0989504459527814
-0.0824296444889036	0.149533958369141
0.333802955606001	0.765744676025157
0.33788324823753	0.812053182438884
0.000522163775168745	0.000846215434925006
-0.109450608341315	0.180967551590563
0.252818606127349	0.535790757495306
0.416553122414274	0.772146084667147
0.28829052265343	0.247919710853126
0.196630119075699	0.193601515689128
0.979201099013116	2.34018161235615
0.638964903099576	1.68916502150354
0.262332712058378	0.270878544539866
0.253175161742248	0.246859163616031
0.671818887012617	0.912458283731237
0.414106516018062	0.755895288634182
0.0675489312216433	0.0935800857113981
0.16268326503412	0.291138881117999
-0.285450541225789	0.425206521900699
0.281019360934968	0.802879390316306
0.337448768829966	1.01188078804707
0.251499380257335	0.667459614039479
0.489020486059865	1.57999450461937
0.157081073773797	0.348088961608799
-0.0460988916755499	0.0735574824423479
0.35938628846504	0.925708574393813
0.289869533815697	0.76328061896834
0.117371192946843	0.207200270118836
0.366740855423475	0.955161761177888
0.411354180418389	1.0969735669044
0.271436220227973	0.508442133391572
0.261703568282404	0.52218006735618
0.704024801709283	1.11011012317711
0.312549200754302	0.341974467444109
-0.377301104495346	0.448020302244788
0.582009696699079	1.15844660130202
0.69762231667311	1.56993592951561
-0.195338457318329	0.349542617535929
0.499899119450512	0.70478089200154
0.386237654245252	0.559833146648339
0.243487486878568	0.301168500937765
1.3093785654286	3.62140421700037
-0.158062720713869	0.270522206249498
-0.190481034278894	0.370868988439253
0.359474203901203	0.680383873352961
0.40091529308068	1.43329079453068
-0.0108440047648097	0.0193449008804481
0.342332687616027	1.10445074789404
0.0392817066503286	0.0697634977024862
0.0279795582422695	0.05107223358844
0.235886896984482	0.503041538304118
0.311252747073994	0.835533844197452
0.573426750205929	1.78473049529535
0.220477900114346	0.473503926121926
0.349654242468888	0.849713387514232
0.398074310528107	0.816488125359287
0.73904153644408	2.11744889512247
0.10446197334209	0.154219936676137
0.884157799004018	1.68091945390235
1.06426495556731	1.58854293666649
0.75501001069416	0.729576363206654
0.389203953763607	0.335408588950913
-0.274151039234468	0.343303926535174
-0.11823523521796	0.156576162597453
-0.26529189963939	0.381420202533902
0.460219340925026	0.837369372883133
0.410797638397158	1.02340710913344
1.00835592255698	1.77496413112258
-0.104697719598476	0.102626780093615
0.319363310230013	0.383150802663903
0.999311253717674	2.28064108380264
0.268208939139338	0.495464526375413
-0.16734805286373	0.332930181806319
0.371109608353857	0.679490536160359
0.244006785651732	0.53299226703245
0.268398453707454	0.644719031267166
-0.119354828829329	0.224472788683645
0.213197782069592	0.417316289700782
0.687507430219551	2.17195230735162
0.244206774791947	0.466913499554169
0.21748352790687	0.407277543796563
0.558931786542564	1.29261173939121
0.525810307978287	0.980662095231278
0.189149257015301	0.305005348181245
0.20675922413903	0.305317789145201
0.622800354922541	0.853321980893534
0.138224221492126	0.128557563029047
0.132906355731171	0.100474986593716
-0.233389326232634	0.202538316169932
0.323849932275612	0.328963588017837
0.631226468125806	1.03294882336878
0.28756692449851	0.407724997426495
0.338289896518726	0.565324256529034
0.139911344977549	0.177422570846212
0.168164392607142	0.367768501212332
0.405022799077056	0.814988586272582
0.251676147601769	0.416727952937275
0.00746124236367097	0.00966229475307349
-0.00658937111234728	0.00851150866054976
0.65448249940798	2.27101716285306
0.268545020316048	0.683221377557714
0.23961683004362	0.519365223373634
-0.0259662437823244	0.0380345261158199
0.291912938037385	0.605970637229062
0.135445315521817	0.213394709267043
0.255152107921906	0.498710051223446
0.480581746318962	1.07397962162614
0.330310448277178	0.677285390833372
0.899648389015235	2.61783505981199
0.568311258354001	1.34758486281762
0.344594382643657	0.623231055094142
0.691865447313983	1.62734927212427
0.322562336699749	0.513824600411226
0.16338793589377	0.214117785238105
0.150954889893884	0.235757528239894
0.111612878117916	0.141691519765414
0.146761445188767	0.175573958988426
0.275816520409871	0.35273911198397
0.452324973396448	0.589405159557759
-0.388655421754872	0.407495205559628
0.0282260457303287	0.0231526003839504
0.47342422605779	0.638879358829013
-0.290543624667656	0.404147902031021
0.0637165178802146	0.0642462581353407
0.412720695237764	0.599659286677027
0.538255896528233	1.05608596606396
0.636003111264413	1.0643139038286
-0.209288696305442	0.645256744401259
0.0379018829408123	0.0748595265684457
0.303410853267834	0.868028767757793
0.204833979743035	0.492408668866601
0.410066824450575	1.4813549276993
0.37966512147612	1.2371170991082
0.600254686448141	2.47411305069019
0.136602938243242	0.316686989240359
0.336638584401471	0.91323318125179
0.132416875910437	0.175298811462287
0.176071240992913	0.238201355122698
0.402695808460041	0.65764205826454
-0.245438784483153	0.342619155112597
-0.11201821017392	0.118636870270872
0.457534174497882	0.620824320140809
0.502282851421083	0.674653249133906
0.303111868562389	0.327941070086309
0.70676141667266	1.08439735009604
0.219597445992782	0.286270468197389
0.228006216810301	0.307744395618677
-0.290367466739388	0.456942022299234
-0.344236774042156	0.578656836767169
0.188728324252344	0.229666755183328
-0.252188885914482	0.315458346995536
0.18433295233737	0.234929634265892
0.668233939650333	0.991036380920563
0.813520305717343	1.09896978428697
0.518566202837106	0.592614058655749
0.0383619804039982	0.0877400205679836
0.374385025352117	1.56754510204394
0.427205000543754	1.94820749821901
0.120336162505463	0.283716477322319
0.352851176951656	1.46878694911248
0.264882569348377	0.769854091653072
0.29605247379697	0.937542348450151
0.395612247967657	1.38852431200491
0.476187929826843	0.842774739204805
0.367978490586461	0.660223984662687
0.378881780096926	0.585191975900279
0.946663099077846	1.74207695753382
0.565760382141568	0.773138654942006
-0.057504547468459	0.0528218932199197
0.0883411406350134	0.0776402860821173
0.605571141285928	0.884117946575988
0.656394746750476	1.06266599978638
0.505880914049439	0.934811690045721
0.285156416883346	0.516768906874263
0.074656850356673	0.0879182805568233
-0.48937222904761	0.963796691665801
0.33144037248984	0.497859349250069
0.459796729038633	0.730772490143147
0.424114637734937	0.589200698847684
0.795698898199143	1.17656929826413
0.492765173757196	0.589798221222862
0.0293803308569211	0.150969765958537
-0.0475508232156885	0.22162400470861
-0.161934106743139	0.803777813447463
0.000195685731340919	0.000458324149609313
-0.134429317910114	0.379692233692554
0.0865275047199036	0.175132496040608
0.421648278941987	0.92479764539262
0.162249420763837	0.277822957377879
0.10400170769543	0.178804375844751
0.342639850804528	1.06981494148669
0.431723680145114	1.18665364713985
0.188358965721269	0.273776057486734
0.371557490899154	0.639727734207588
0.590992301088756	1.11450486593653
0.840278831505242	1.63104331436976
0.431106349879402	0.668393875772846
0.420376938245608	0.559603541607357
0.722863409453624	1.19884657184675
0.185869876562039	0.166925461577944
0.435955911300778	0.429088224242076
-0.321166223783546	0.29761390744077
0.428877976273813	0.651945416363016
0.318542701994248	0.442844487620142
0.215025929023557	0.237009231175797
-0.0766091378874505	0.0763864815512708
0.247992068037722	0.318570661630949
0.192092149781892	0.239767156560292
0.468285589444311	0.710280485278715
0.487102999440633	0.740302666285507
0.0559662302653521	0.337575276212295
-0.0849099878332643	0.458963407202008
-0.246559238416393	0.893257079981682
0.744543699691544	2.04296339668
0.523172974032633	1.16315371845162
0.449080899700052	0.920599262432377
0.494616937705441	0.593772018721289
-0.0526287448291861	0.0440546650149951
0.228233994081383	0.296315306285833
-0.00370540548902135	0.00363380969996563
-0.107350030633667	0.143208321069371
0.31238370147603	0.503139092705714
0.227482880702134	0.298295224470424
0.0129506932070369	0.0627784729925112
-0.0465191409604309	0.21634421073812
-0.0952620857926424	0.259252535254047
0.994694122855991	1.61824182726494
1.03182813493583	1.3131204958998
-0.200595922045756	0.197398298782623
-0.39717488863602	0.479778355247527
0.253404069024621	0.349149239774413
0.407670621842233	0.659129389543656
0.216913174497967	0.270035527369342
0.331203721126093	0.527160413181598
0.576328358638429	1.12425297111537
0.107493638316625	0.781382736097741
0.0737640289009158	0.374658089737297
0.110199840032608	0.477418097801834
-0.00138081186055165	0.00345867281900968
0.173164455453999	0.673736503900783
0.79353670765279	1.58916023592196
-0.366718493139833	0.435776719730676
0.494391275678593	0.673889429998092
0.503309998355477	0.520467091033864
0.19613997831087	0.174586606908959
1.11011885710751	1.88411333775744
0.433808311197569	0.642365582233882
0.508482436414863	0.852932080194624
0.38403791470318	0.619903471253876
0.440732303156706	0.804826615220651
0.0610196471884792	0.366826211357551
0.0779057355070811	0.414434686988712
-0.126992830908633	0.584690293386149
0.321048319643511	0.485692874189075
0.152371612371555	0.162476712335563
0.905378574331561	1.55923404795746
0.685634058740817	0.908526682062552
0.162052508867293	1.42370999329492
0.321714023875189	3.34700247419994
0.5554464678667	0.910448616993606
0.509088916843785	0.731793088359877
0.261119181761575	3.30736372349637
0.294333635069228	3.22193134130098
0.630596118375758	8.87468378515541
0.580093011305496	1.363170781298
0.265833811069293	3.18256521256152
0.711700862705898	11.9767638794775
0.362152711727745	0.623586636586964
0.124730706075825	1.03278368688414
-0.0282592502155398	0.13520081676477
0.481937100921961	1.07370491444521
-0.0333503532559173	0.189166526390391
-0.217012992133436	2.20657406739794
0.0939157893867033	0.712232525517954
