x	y	clickSelects
0.124840703077364	0.366671863117831	83
0.056164248996392	0.160358717865454	83
0.108894818428123	0.107087362636583	83
-0.123709032333977	0.724318960170604	83
-0.042409831683789	0.492447096668265	63
0.104704478285028	0.136035046708647	83
0.100266058297797	0.148879241081949	83
-0.024193261893369	0.214389836990583	126
0.073607493670359	0.128554367550884	17
-0.054438725583491	0.285967354268472	17
0.035006181370366	0.0832282294244245	17
0.097862000286779	0.114995168500963	17
-0.078770789373206	0.326208791194461	17
0.05175941632238	0.239077170058184	17
0.01411426021088	0.27640106192578	17
0.049410667701852	0.262008655305786	17
0.11561711933778	0.152544459312023	17
-0.0683784077822	0.383450474415326	17
0.04470765858922	0.199000207340772	17
0.043494337266822	0.186583423152574	17
0.118988902870837	0.096440381353073	17
-0.088905521858406	0.376246683383112	17
-0.075891479492936	0.423427425897156	17
0.030736943413265	0.0848182414977103	17
-0.029895130841909	0.0952332432781719	17
-0.07475223439661	0.213979729696833	32
0.016505897000266	0.135663459824443	32
-0.024711609191602	0.215115215110776	32
-0.073544811262368	0.218256642057963	32
0.026723474289294	0.256495687439321	32
0.01954748474382	0.227979745616979	32
0.013075430648095	0.247926626335525	32
0.106481924114881	0.124210615687553	32
0.042220408924437	0.218592328205107	32
0.031999103677348	0.234502719496053	32
0.099316709096353	0.147320744226304	32
0.111086190974876	0.0647402268596372	32
0.103739890422462	0.111001649385421	32
-0.026862183074947	0.281452715978405	32
0.03361807702735	0.21543455384122	32
0.109611006888025	0.133483012569704	32
-0.09605406456526	0.341380568735264	32
0.021766229640009	0.184744204137893	32
-0.030278261309241	0.193883149089311	32
-0.027084868243571	0.187681676744471	32
-0.0358904667375	0.0993119442028246	46
0.00632886659458001	0.139325572315842	145
-0.083722192120102	0.255013807386642	145
0.048840614484609	0.121070832854105	145
-0.049122409152293	0.278548684181467	145
-0.045433052668211	0.228328930046718	145
0.046408227788699	0.121631456607852	145
0.066565769426668	0.130669717428139	145
0.08352367925364	0.0696546219302899	145
0.006862829644525	0.172520421060134	145
-0.036719474450565	0.241613965303408	145
-0.063399342427975	0.258841228677774	145
-0.024985800566398	0.150551124291547	46
-0.030636409665959	0.157139550767238	46
-0.06917679965586	0.206968533417196	5
0.079630227084897	0.103227563162344	5
0.041760965965121	0.126279509912183	5
0.00253383903378801	0.174443609703723	5
0.042407723568248	0.127694847496733	76
0.079977488272816	0.0722690433504213	76
0.075449542624479	0.0742238616060732	23
0.047907852241949	0.123495671200516	31
-0.124437184178868	0.241390306542061	31
-0.042437202743171	0.100836857739758	3
0.032431813637692	0.0825099693073654	57
-0.117209379854893	0.23730249491225	3
0.080624690413616	0.0721041292168964	29
-0.03468800085055	0.0959014939419992	29
-0.027623310064318	0.153924497400257	11
-0.071073553841212	0.167512919485131	11
0.122560103681013	0.803097240848041	83
0.072294797563838	0.450259838422029	83
0.114603859826281	0.230873526179027	63
0.124823621479779	0.218459836226705	83
-0.039423239585582	0.609694655083151	83
-0.050227748908263	0.562683106669262	83
0.048198124804573	0.354243953512935	83
-0.038752651112802	0.196959947745911	126
0.062779496176545	0.200225941607795	126
0.032976381716637	0.327589664228588	17
0.10070747076347	0.164093988693287	17
0.064860214879452	0.187210040912925	17
0.114096169047552	0.118396486709376	17
-0.084448475928787	0.568495069751584	17
-0.086332744395944	0.273727779602281	17
0.012531429630027	0.279358188282839	17
0.057788581665995	0.155828932981227	17
0.097468142771418	0.140335051956743	17
-0.008873177580417	0.34219859659499	17
0.117832444661206	0.159846168099775	17
0.040329810381697	0.254268365212867	17
0.081861318294412	0.251322654233388	17
-0.082260494983738	0.542766388570937	17
-0.08546592804868	0.548295881362899	17
0.051255685465741	0.229515822458281	17
-0.082576143951695	0.447126591202529	17
0.00981369398781001	0.167010045719559	17
-0.029215447192698	0.189244798988434	187
-0.00427665039777198	0.145704905300377	187
-0.020554518060558	0.252185911027863	187
0.050596143243402	0.180894471164181	187
-0.038252815986691	0.335182097145513	187
0.087499401348553	0.211484279541458	32
0.075545044823456	0.202835181165516	32
0.046466222152891	0.22791148437514	32
-0.061973608121329	0.427845857391336	32
-0.07801163510821	0.520628806371735	32
0.104445045324311	0.192258796098924	32
0.011924998328551	0.312449545704266	32
-0.117727333664314	0.367796088285658	32
-0.122943222696664	0.243231760897581	32
0.064841877321567	0.212497954042276	32
0.067408698648659	0.18464937178687	32
0.010176837088704	0.288804736000405	32
-0.012209178547343	0.240446218554237	145
-0.045468244337267	0.222408947793183	145
0.105376644400544	0.155092794815311	145
-0.001341793670247	0.277727518335204	145
-0.113206953928262	0.470378416582339	89
-0.05388434267946	0.344220572415392	89
-0.073387790800672	0.346004314219425	89
-0.076682773496521	0.21734533873616	164
-0.033217084985516	0.0968541661194476	164
0.028609519155403	0.0810294840887714	145
-0.0358904667375	0.0993119442028246	145
0.065369611586405	0.128075150171106	145
-0.047275798592161	0.223547218550168	46
0.024067126940732	0.202873862046367	46
-0.027779114109335	0.264536628994541	46
0.041222052477523	0.14877969657725	5
-0.049232057393065	0.277829369419273	76
0.123966966872245	0.0825765405819788	23
0.00854442966324601	0.142469390759915	23
-0.063958061821865	0.207403376531355	119
0.015482891247808	0.162759875669761	31
-0.039710077936458	0.0981882479462536	3
0.027403668117386	0.0858238875200113	3
-0.033860621459602	0.156558878872616	3
0.048110355342795	0.120582284416015	3
0.082824640253811	0.10433914420686	14
0.073797779712097	0.0750738144338837	238
-0.029895130841909	0.0952332432781719	29
0.032945520790709	0.0838969086098354	11
-0.031388455694403	0.188785627674271	11
0.060240806711429	1.64856718607249	83
0.042720665320512	1.05185915630274	83
0.017059332171422	1.11920544549762	83
0.120436141662229	0.265923939161323	63
-0.00285272044664497	0.517228892623568	83
0.02318609045037	0.440771742986209	83
0.076072782084932	0.361026130597599	83
0.031296086750659	0.396310653864241	83
0.007191526313022	0.485410752118318	17
0.026846427413317	0.415632261108841	17
-0.087413330347938	0.594308652581372	17
0.118153060773515	0.215735239069371	17
0.092077018010174	0.215542982461983	17
-0.058684781412959	0.526666799206418	17
-0.103834882393767	0.549068207958634	17
-0.115105081381343	0.723875651496568	17
-0.056035548244348	0.435986332173819	17
0.053152273573514	0.320705694501142	17
0.018629368814735	0.355391224564113	17
-0.00789846558358998	0.415790443089883	17
-0.080372216267092	0.593952776570711	17
-0.09692321698458	0.591995600658202	17
-0.056053796464797	0.561933479452766	17
0.124616617381482	0.193103629509283	17
0.122480331480892	0.11230883240827	17
0.019895689556781	0.242460387877075	17
0.099415428778615	0.125437452192529	17
0.124943975457072	0.178382903221454	187
-0.091766045156038	0.731565254486893	187
0.08245934534414	0.249512865606495	187
0.074127737681054	0.249013899990822	32
-0.00200759622739799	0.387606268778858	32
0.090447860127259	0.227021131416593	32
0.108987135182216	0.17418514793979	32
0.062958952547236	0.223016086930917	32
0.076678314679898	0.226325346348734	32
0.063849098041606	0.218285348227257	32
-0.048841877549402	0.49172892880725	32
-0.049741442566193	0.519402063983879	32
-0.08389618750162	0.450231107183991	32
0.066898165397391	0.210320982819157	32
0.051652563672918	0.293546954860114	32
-0.117652723956185	0.501742722146881	46
0.008301005749697	0.334379969907471	46
-0.022402752294771	0.364301505570037	145
0.00585329877146101	0.318080515198275	89
0.084843634878208	0.212425246622433	89
0.085638837062038	0.121528114887217	164
0.00796937998179301	0.168959896531467	145
0.093510306869752	0.143632108181029	145
-0.020192296815414	0.289835123325225	145
0.096694457723329	0.145365604216739	145
0.10683915400431	0.123251616980984	46
0.019034628114471	0.269447090314407	46
0.077472247410421	0.143723283660865	5
0.119499828737066	0.0994526944280992	5
0.029315901489242	0.199434062811443	5
-0.081612095279368	0.322982274006443	5
-0.046539071235372	0.228083837329074	5
-0.030509747606513	0.267751642970617	76
-0.108401659008985	0.325560205155431	76
0.030055069500532	0.178831136687195	76
0.072297527787911	0.110832892040076	76
0.0146700159541	0.187435160883044	76
0.116018128942565	0.0997598334273494	76
0.00640970851540101	0.214114570422855	23
-0.115709469436758	0.232241671071991	31
-0.087771900031666	0.307905454686478	31
0.08229501075324	0.0699126801550339	31
-0.068195990677246	0.208398159361326	14
-0.034480293993819	0.196339003977964	14
-0.033078735618913	0.15735426637044	238
-0.032783679895814	0.157386863893536	88
-0.081241032555828	0.169868184318519	29
-0.025239196621543	0.18454269025124	29
0.086946413137618	0.100964506608332	29
-0.021967376544014	0.186849102222941	29
0.102752698208594	0.0933271544257299	11
0.019154538768714	0.502033045497037	83
0.01616688613731	0.317191938308107	83
0.046209016370809	0.203113186208726	83
0.097898418360051	0.253888381494364	83
-0.071900590733892	0.53649632508084	83
0.122117223225901	0.166916735288238	83
0.073281881420961	0.252310382344729	17
0.067333326637821	0.260153732746905	17
0.0943584890678	0.270422398538418	17
-0.051078744429868	0.470809673704137	17
-0.00505396035826899	0.485186288233525	17
0.097980846659769	0.322455550681186	17
-0.05934886757402	0.730135967508179	17
-0.11599168008009	0.847277135240719	17
0.031513341329041	0.372598527741934	17
0.0227074953836	0.500889975813436	17
-0.019559948804522	0.607986763253505	17
-0.016341713202516	0.699387874936303	17
0.096062452338051	0.18186192862944	17
-0.087642783552048	0.629136791338023	17
0.096914639759137	0.203980879611834	17
-0.074625400842985	0.594286206580356	17
0.051793761801018	0.387714884175382	17
0.07218411473198	0.343039541951823	17
-0.071754774796794	0.799296814728281	17
0.088389461575065	0.249018610883685	17
-0.101084439927578	0.331320549917132	17
-0.061908226497488	0.317329803279608	17
0.067486362176915	0.170187594973327	17
0.057450437770166	0.267750119258082	17
0.074633453781293	0.164155420038027	17
-0.031769618076739	0.252152960166882	17
0.086013407946626	0.136168408310911	17
-0.065331798441135	0.554008206786026	17
-0.071764065897539	0.7678754901335	17
-0.06115400597639	0.464896613490948	17
0.057184203038719	0.300943595661218	17
0.044107606989018	0.326413238192191	187
-0.042032302376896	0.537508918116362	187
0.073499945570911	0.216278789324007	187
-0.044047067708435	0.347885489470118	187
0.014525114021575	0.415482597681496	187
0.047283223539279	0.346090354847854	187
0.019470327658609	0.373701166520937	187
-0.03108380464743	0.407268966839358	32
-0.00928934621842897	0.469729463900159	32
-0.07586885242727	0.437776350620666	32
-0.090145134434737	0.694434328700592	32
0.039559934154432	0.222484148870314	32
-0.065317169636241	0.269078123086248	32
0.075141723212231	0.145045484851593	32
-0.007136442101567	0.265181040650344	32
0.020907823091547	0.205853012853891	32
-0.036816586778254	0.238998128252549	32
0.063956636063327	0.245195029652758	32
-0.00520050021407098	0.50326110350573	32
-0.025783100455816	0.404059105388543	32
-0.09765980998	0.37765095200185	32
-0.101452358495208	0.504204693296992	32
-0.079367582542297	0.508998349080547	46
-0.070733143741059	0.640627108683023	46
0.026527357992037	0.3339090777279	46
0.047836627255697	0.202367995346053	145
-0.00167599487634201	0.276662679965656	145
-0.059287556141259	0.339971945768413	145
0.010267314581087	0.212486937567706	145
0.028754310543701	0.230264826581521	145
0.004239593002484	0.270449761046968	89
0.123234016042637	0.140608678032435	89
0.00881197582308099	0.408720412107835	89
-0.00943013691348499	0.327508592992486	89
-0.104378200899017	0.424172050403617	89
0.038711294953685	0.355731677815515	164
0.097901123290463	0.155205168344094	145
-0.119672716677952	0.466238377691843	145
-0.00627400311489501	0.246914602107064	145
0.023509173331729	0.271302262799947	145
0.00348618543704901	0.143878361486519	46
-0.084390781653022	0.466785630380897	46
-0.033416920305775	0.189248671683542	46
0.077460289265175	0.108766819828575	5
0.0769318317813	0.121739401151565	5
-0.123693961085433	0.239324302206842	76
0.00668482636839901	0.14191861505736	76
-0.034647659892821	0.344150369511366	76
0.076539604455453	0.105974443483037	76
0.077518005572485	0.0735156308994588	76
-0.101729264109243	0.356992132867543	23
-0.033536942561009	0.328298137602831	23
-0.030073507720719	0.241073230797334	3
0.066385245173462	0.200376002754654	88
0.073797779712097	0.0750738144338837	29
0.069338125401742	0.148101673740496	29
0.099271044110675	0.129765582613553	29
-0.020994380053937	0.210257221504906	29
0.002571869069601	0.230598965089991	29
0.04769738089669	0.18283452136031	29
0.060746882687054	0.187139401268697	29
-0.124271320615459	0.239392798502249	11
-0.027231011846289	0.191912473593301	20
0.03542459482962	0.153424704276322	20
0.042711851719441	0.127097429640181	11
0.047746834043313	2.01373803637975	83
-0.040237644368197	1.24609936994795	83
0.10671935129203	0.107318144414269	83
0.068421214817677	0.274441709675461	83
0.044187747840702	0.251090791665605	83
0.047302906724072	0.3875241402675	126
-0.018910814714338	0.376470344695529	17
0.099569759551851	0.232533355806425	17
0.103839685549042	0.146641705874788	17
-0.076373662314683	0.340993765998791	17
0.061711598974025	0.432046760910927	17
0.032377554598903	0.455850220457846	17
-0.082314787856879	0.652437092053948	17
-0.102759447558026	0.42999747989547	17
0.010188924552636	0.211565371377305	17
-0.122616096206294	1.10412524648894	17
0.110605200721353	0.279808112498409	17
0.095945018026376	0.251864702349864	17
0.114630958564314	0.16740360528977	17
0.011187434104911	0.167248566162459	17
-0.025068106659011	0.188690373111433	17
-0.0403898857763	0.288683625460188	17
0.013923235867555	0.18463022280386	17
0.118882686304903	0.21970792651405	17
0.096514437165175	0.25505296319449	17
0.089261155169808	0.119327492296674	17
-0.057713764788557	0.195390235339759	17
0.101850719849976	0.0948842183308006	17
0.117633737311485	0.264117554075752	17
-0.060340169344395	0.486707722910972	17
0.023651789837232	0.350175449339342	17
-0.02885512438237	0.479756542314541	17
0.123542270926575	0.2330984367281	17
0.024022599753343	0.420716443310358	187
0.02643988895826	0.220502303565389	187
0.064850920589214	0.213580103997685	187
-0.092707523901925	0.610733850751732	187
-0.00912889355428398	0.623766155891877	187
0.11533852636756	0.126699484706124	32
0.00332886642045699	0.49796868335536	32
-0.022750087258829	0.145716500554293	32
-0.036713435295006	0.195983812160324	32
-0.022952238271356	0.186848035736082	32
0.066135321191005	0.330640966192625	32
-0.106826758384242	0.329772699328959	32
-0.068721248608541	0.165495710630674	32
-0.040396033004885	0.251983477217849	32
-0.093886056129683	0.289854167545938	32
-0.075389362531837	0.371302985936882	32
-0.071924004717256	0.476179693284207	46
-0.070482165716687	0.673097156384927	46
-0.049699122261011	0.724497196114133	46
0.068896292611335	0.327878656011988	46
0.084106903532479	0.243571988250112	145
0.108177834540752	0.0906780267334886	145
0.082392349316836	0.177007366144648	145
0.117152326607512	0.13385892095207	145
0.120029836874873	0.0591228582359141	145
-0.096434261343539	0.839334831874145	145
0.076243140376911	0.125711889356838	89
0.012942088430368	0.303259070412832	89
-0.037584430950999	0.359558537259615	89
0.055742472484527	0.269043764440212	145
0.083885084067508	0.103140877823096	145
0.081183381486274	0.0707847125949403	145
0.043404486011771	0.232947519030727	145
-0.041124858679836	0.100541425438789	46
-0.035183703096518	0.0973361798603758	46
-0.06719858432986	0.211482200155024	46
0.032945520790709	0.0838969086098354	46
0.123196203813951	0.0611613660752646	46
0.078963941262053	0.0725679230976462	46
0.00939626603891899	0.136530214181411	5
-0.122531038079461	0.329560251795278	5
0.082020596505747	0.0703692479110198	5
0.04388552706739	0.16498629534708	5
0.036285281410682	0.0828724244984923	23
-0.102433680169482	0.428309882520123	23
-0.00120891276428903	0.365390690267027	23
0.123259950178704	0.0968797298378872	23
0.061403217929303	0.170489397917025	31
0.079796139290041	0.0721227692918285	31
0.029199788433892	0.0842307084483997	153
0.03038507203417	0.0841288660978186	31
-0.037301755358346	0.0983716222742351	31
0.079796139290041	0.0721227692918285	31
0.119390766670406	0.109765397312847	3
-0.074188690479025	0.330274721199829	3
-0.00703036601887502	0.197562350332607	3
0.035396376190445	0.152767298063838	29
0.107400931782207	0.147411633399619	29
0.104905655939963	0.105158707394119	20
-0.061992521538789	0.404827050216068	20
-0.037821005060879	0.15862886157524	20
0.123287603368715	1.06476352772061	83
0.00631793717627099	2.21173529485779	83
-0.077803758420418	2.43774451248523	83
-0.01841101964734	0.337546087257968	83
0.118475826485302	0.247950402967981	83
-0.033637923564887	0.407211813608933	126
-0.038565863653341	0.596079055099362	126
0.115182013741176	0.20044269513765	17
0.044330859573411	0.375095748600668	17
-0.048283876724297	0.48738925682414	17
-0.026846996064052	0.386670703130084	17
-0.00988230979432297	0.560471885920043	17
0.073202618528248	0.267889216266766	17
-0.034671980402062	0.597648958330689	17
0.066772147480317	0.312998959868271	17
-0.00689325095688897	0.501542873432437	17
0.06613378123609	0.195186858909233	17
-0.120397882987389	0.539452106687446	17
0.115664327508212	0.198634245654191	17
0.01739117580665	0.392618192210737	17
0.062021658466757	0.335379873672266	17
0.111567529109399	0.177292850904848	17
-0.018474452255339	0.258774101192215	17
0.064196109660243	0.169265477167027	17
0.073020857762761	0.148651827793205	17
0.063302863962612	0.286385209848702	17
-0.11573147953761	0.411828010752774	17
0.07159607007947	0.260071486809941	17
-0.026053502466245	0.558916401913977	187
0.054907766593981	0.304840306196336	187
-0.093946219613862	0.556497812149261	187
0.037413785273909	0.342779378414841	187
-0.039066285171322	0.554837568715495	32
-0.101425074872663	0.485456098270119	32
-0.084834084356098	0.25163715918488	32
0.012339714357084	0.188945695409203	32
-0.031075571191053	0.242018573255298	32
-0.111696253270849	0.359560285162617	32
-0.08888007259492	0.259758206290338	32
-0.052218528608998	0.22814459157852	32
-0.016992511324662	0.209952759276674	32
-0.040605303463923	0.252573404735458	32
0.110030626942587	0.168159794742637	32
0.105177124011133	0.123985910130216	32
-0.038265894223369	0.340313993869801	32
0.080192483980462	0.194958461617449	46
-0.047615975889111	0.387828612024442	145
0.084788412018175	0.119731720792011	145
-0.087029368535216	0.455342725222049	145
0.096403842059837	0.214563142122809	145
-0.000107353581604019	0.315242860635408	89
0.108566239469141	0.120957764969624	145
0.045067425842059	0.121038658600219	145
-0.069423316381933	0.210745210939184	145
-0.094435185055318	0.346167401353064	46
0.089121112048175	0.0994764690884432	46
-0.074555349929956	0.214302062806329	46
0.018651765733025	0.184313172600286	98
0.109232937147439	0.0913890622807368	5
0.113526885180008	0.0602500334269136	76
0.119673779141043	0.0591515674651173	124
-0.071625113634487	0.168771667252165	23
-0.047587923537765	0.301711958455569	23
0.079089350005315	0.156676834960072	23
-0.047586064132546	0.23125555155626	3
-0.121661747772227	0.27423019108246	240
-0.029660030384771	0.155178794472775	238
-0.036596483640043	0.0996994327156536	29
0.104131343742539	0.0936280680932763	29
0.00255386802642199	0.195469622180947	29
-0.026785688840221	0.234510419660562	29
0.003584085971999	0.195586615699009	29
0.000822098418034989	0.213324167831069	11
0.03400486371847	0.176327108900077	11
0.00482143223325901	0.17047787551869	20
-0.016018751806635	0.142280770637996	11
0.064102406905399	0.169971646019131	83
-0.055307945937185	0.313402646774971	83
0.062564186951008	0.172196431262471	63
0.076661482884005	0.18832841354637	83
-0.021133166074545	0.316562371806609	83
-0.088006899068354	0.96773844424989	17
-0.016488400429684	0.38327493273759	17
-0.00692071549180001	0.377492410488333	17
0.00682629499346499	0.274199590315526	17
-0.064958788308453	0.338461854504008	17
-0.00781829672022299	0.544488898295088	17
0.022467361335489	0.547916641478574	17
0.090502696913858	0.302359011218686	17
0.068626340530146	0.300321988676247	17
0.121409599046343	0.108306564101175	17
-0.034896071161323	0.685389942904512	17
0.080594699022037	0.156950411839722	17
0.075604069495428	0.302376903006048	17
0.00988193156131301	0.306879405568379	17
0.040322661867595	0.126405841009601	17
0.056893995302215	0.291567902674079	17
0.019779656777379	0.382037468137749	17
-0.092682646273836	0.282094513695436	17
-0.054893800756228	0.246619731190984	17
0.119878723161365	0.134808632827365	17
-0.099063274669391	0.911677919355679	17
-0.007267663388841	0.565766939609656	17
0.049168233095002	0.375959427474157	17
0.011605405522793	0.512498578432123	17
0.12256785402681	0.198164017245152	17
0.03996750848855	0.352304477737748	187
0.01031665066919	0.476602435026541	187
0.123535457264936	0.222386804578666	187
-0.028315825430345	0.484585875486221	187
-0.00276249701181103	0.353149784831062	187
-0.000471837168176004	0.553658860135309	187
0.049368823728829	0.278053455628536	32
0.097264111060525	0.142051940459424	32
0.010975050480841	0.138232653006427	32
-0.021089742946369	0.410223747191451	187
0.042255177961872	0.126448197459172	32
-0.113409774706628	0.230051011854451	32
-0.075686901428811	0.212388638847216	32
-0.053047263130663	0.232882374548554	32
-0.120383566431751	0.399034869533078	32
-0.063480022765571	0.348650017954189	145
0.005710586230184	0.144173231080284	145
0.046579867282448	0.292070505904799	46
0.001657496174889	0.144520110389187	145
-0.00904912108558698	0.267079780233076	145
0.121068232142805	0.123159891724327	145
0.028336910590282	0.180798337079088	145
-0.046242841963027	0.454414779194625	89
-0.031436019226431	0.359978189045641	89
-0.06632303643097	0.539125209972221	145
-0.00724281299533502	0.307146609077594	89
-0.011308547903996	0.292346369747797	89
-0.00839833951515201	0.360235877610998	89
0.110722885036943	0.0636219927095952	145
-0.074570374720999	0.215784808431582	145
-0.041831125997612	0.0992184792165174	46
-0.078309899538097	0.172282243616582	46
-0.035962245855964	0.154954911330157	46
0.081459332890095	0.0714085518997917	5
-0.071967429590377	0.168335463695327	5
-0.080076523562251	0.220471445101881	76
-0.038656584661148	0.292685062398189	23
0.087190212438808	0.153804724429063	23
-0.00605351465662002	0.259363948557563	23
0.0329596090222	0.0834914294544102	153
0.03627241108396	0.170527376755774	3
-0.033217084985516	0.0968541661194476	3
-0.035183703096518	0.0973361798603758	3
0.033880701432379	0.20747862645043	14
0.087178700533298	0.134788958762031	29
0.083166821727001	0.165568478356175	29
-0.109913013979828	0.331069035823863	29
0.033058676515716	0.239471413640138	11
-0.114662678381597	0.229835550585284	20
0.037525435663734	0.167891942023849	20
-0.021991074191514	0.320611128319749	20
-0.035289005191559	0.0990514042007715	20
0.083060115660666	0.677823629869281	83
-0.040281735949921	0.221003013933957	83
0.111973916172511	0.131991360008784	83
0.096507770493274	0.289613492889553	126
-0.090313956990716	0.734249579975109	126
0.109417456621029	0.312614439880967	17
0.086300434553592	0.246886823325762	17
-0.121617249781163	0.390582930697089	17
-0.032039279937012	0.244652178968202	17
0.089233663540428	0.119909503325593	17
0.00176466480808801	0.59432638344955	17
-0.017892543520319	0.501067689480573	17
-0.088221784107402	0.257988740565904	17
0.072302305353155	0.288840115673066	17
0.042329230360761	0.385436530877508	17
-0.112431944147555	0.226956845596673	17
-0.010020208888522	0.287540216100367	17
-0.081908248354534	0.262963735997458	17
0.115303897428436	0.251002345813709	17
0.082448909220638	0.362675402306543	17
-0.121610494235895	0.745142354718229	17
0.04958309619138	0.344450505413027	17
0.019897803621596	0.323964023415819	32
0.019255690167712	0.347616780881691	32
-0.038761848451475	0.58219628278155	32
-0.038981524714671	0.155881219150613	32
-0.030341814938832	0.158165933843798	32
0.106368497711505	0.0657378380140097	32
-0.113318909772558	0.688234734043726	187
0.103645927487329	0.24785281576314	32
-0.066308781822242	0.163272258290862	32
0.028387284662515	0.194684198791043	32
0.00895296654400901	0.139988079312627	32
0.038790778230832	0.207239856308494	32
0.075210633106256	0.337197429191776	46
0.040937256703666	0.19050973498744	145
0.123484020267773	0.221051057094673	145
0.049156153274568	0.239621161922218	89
-0.006518844185878	0.246571040738195	89
-0.05869436889537	0.237474005353119	89
0.010560979067567	0.262112537364689	89
-0.027741673692171	0.385703479121979	89
0.00929659054892301	0.313972848259715	89
0.043172673143839	0.123110321306539	145
-0.025875583354673	0.152436535790258	145
-0.08209330463166	0.171705610924921	46
0.074632742543176	0.0746221026707891	46
0.028091016688321	0.0839027063312475	46
0.022368109475734	0.0856912893843615	98
0.065272956661466	0.135517083639806	5
0.02663710991777	0.0865650191114884	5
-0.035289005191559	0.0990514042007715	76
0.032695931301391	0.083855568343684	23
0.031665784686281	0.0842510898843265	23
0.071062412507026	0.0736018875625158	23
-0.052885622874987	0.483149916783542	23
0.109214067801919	0.119799351193754	23
-0.030333733991132	0.194148361041181	153
-0.08292546506212	0.253510259104498	3
0.05430443987108	0.116977953357185	238
0.045251679031295	0.25908477458893	29
0.00787565066479301	0.190125447842578	29
-0.017607208119455	0.230646736847829	29
-0.100433772377012	0.421596918794662	29
0.064038467995307	0.231361852114047	11
0.026161315464778	0.253167824157898	20
0.059134262004629	0.220420348709075	20
0.10103815456633	0.158306946300862	20
0.105987061890406	0.160968477294937	20
-0.033217084985516	0.0968541661194476	20
0.09180283204985	0.114070754671403	11
0.00301366932282601	1.58292914479428	83
-0.027358062355252	0.483592673807557	83
0.039418497977546	0.236460684330367	63
0.048508178433407	0.265044178910627	83
0.026196900265767	0.565404702837852	17
0.078515706466017	0.184292390460446	17
0.074574391699934	0.244423875369082	17
0.022162895510226	0.512911271488198	17
0.022247062697004	0.200337996041237	17
0.107970836681905	0.265017901844832	17
-0.076200045887354	0.44349742604764	17
0.082400155989183	0.372671181854055	17
0.079584554607732	0.158617928378695	17
0.032333258923591	0.363876923165479	17
0.041618975650972	0.247830713236383	17
0.02445372100867	0.388206940489817	17
0.04661527762098	0.414286271159228	17
0.045013395719552	0.444827606775906	17
0.088246198377672	0.290754831896223	17
0.037382313701741	0.449845672094253	17
-0.036575675745833	0.546057161372669	187
0.002473425454007	0.499837007685765	187
-0.016375177018504	0.43406976098418	32
-0.121926169931892	0.837604931583621	32
-0.027519151800777	0.580062858393599	32
-0.036727351436758	0.580905277752337	32
-0.124720730721532	0.768955741582144	32
-0.024157612409956	0.299371633481572	32
-0.073405164696382	0.211512783405946	131
0.009131390207989	0.193341305932654	32
0.078843905353744	0.228382707119015	145
-0.124513892459	0.442454590869032	145
-0.083956875679091	0.551013470183417	46
-0.119159871423406	0.238241729913882	145
0.00999244318581899	0.167512787410921	145
-0.051562005274097	0.517696003175459	89
0.016141362236737	0.255751605960082	89
-0.00773409188478502	0.325437382561667	89
-0.036831668740609	0.373911019549229	145
0.073250150602992	0.110769005703112	145
0.00267033946595099	0.143933219255823	46
0.076072175774917	0.0723277618362842	46
0.0070832937767	0.140141196657421	46
0.008404829641699	0.137908648749587	98
0.065581333685555	0.168244614380293	76
0.116422899125051	0.0856889820988965	76
-0.051015744192688	0.385816949171721	23
-0.073342222780316	0.17133576532155	3
0.027404112485486	0.0844088694473113	3
0.124482243265011	0.0542556270922473	3
0.041361990735199	0.167903035303201	3
-0.032509860274127	0.0977274106413426	3
-0.021975099144877	0.149582334209044	238
0.031250593740353	0.0845374842603905	238
-0.0358904667375	0.0993119442028246	14
0.022784680540878	0.235025731500189	29
0.081417519269902	0.20045276236753	11
-0.06350903041164	0.410433116850302	20
0.076105556460532	0.0728307755981015	11
0.00206762857673701	0.673143442437802	83
0.062353893676996	0.525561694877936	83
0.107682105977559	0.347552060483435	83
-0.043071643428754	0.842907202417821	17
0.061402180298375	0.43309998708042	17
0.081584527229395	0.369719774849772	17
0.037669369590316	0.386022126677114	17
0.0985175402275	0.315090638434423	17
0.029629455481303	0.459178902278023	17
0.038103741066151	0.447986522321766	17
-0.021128835113474	0.279191370991028	17
-0.072666677462603	0.484545604385304	17
0.036550764042315	0.31764280597457	17
-0.083763880426231	0.713109887873392	17
-0.074601392183086	0.567924474895295	17
0.037805160368669	0.364241945728475	17
-0.106097205317614	0.714090118101313	187
0.06466854032106	0.311411883927405	187
0.02580987840591	0.354937472032878	32
-0.048025879825238	0.562682571556543	32
-0.010420858196924	0.538957944698806	32
-0.032743748228769	0.655572171151786	32
-0.066383160474708	0.272115394147608	32
-0.005489159122058	0.219192459137012	187
-0.08071523211498	0.379064996055501	187
-0.030736198695347	0.239181196712785	187
-0.036783104327024	0.244997712270091	187
0.049222685604396	0.170568945554295	187
0.118128301405886	0.169643016535333	187
0.100469938873933	0.228533509921527	32
-0.076141911547862	0.274014620332277	131
-0.084015051643338	0.253388085026581	131
-0.112509984621499	0.514271787382286	46
-0.044079952096034	0.469295588513119	46
0.03670327810567	0.290067127072681	46
-0.1097451922549	0.538204161067514	46
0.097534397899543	0.234606829148743	46
-0.011478360904182	0.444514173286185	46
-0.041462304222011	0.470784860812602	46
0.014224655515609	0.348631029484281	46
0.118103731181054	0.120919707254476	46
0.0110479639506	0.368015427604952	46
0.113800059383008	0.102752159845616	145
0.10535962604079	0.124334149458032	145
-0.061531802821122	0.33926184467778	145
-0.006292495722789	0.19981790642422	145
0.031657233121785	0.416600215522152	46
-0.079409614748393	0.444373881078296	46
0.114485163641916	0.21245888400133	89
0.07959158112798	0.231368740623144	89
0.042415099341881	0.235924194934503	89
0.080159942832207	0.168106129427561	89
-0.038019361295973	0.280459404064953	145
0.107641650477595	0.143802486036348	145
0.07117083985877	0.13110344267422	46
-0.061962365203378	0.206525369199371	46
0.011028669147055	0.190520073397998	46
-0.0323626603848	0.242985030824336	46
0.012591994993453	0.133438806301796	98
0.038816721429956	0.146749937754641	98
-0.120904130264473	0.236694555877887	98
0.00256686284246799	0.144573677574416	76
-0.0397628155173	0.197086370651256	76
-0.11511068232436	0.413660607164674	23
0.017013130415132	0.228438264480595	23
0.072102586877245	0.148003498238824	23
-0.034254387777357	0.211988669280573	31
-0.078646911973303	0.172371812586821	153
0.083082694615363	0.0712804521757404	3
-0.032509860274127	0.0977274106413426	3
-0.078017800695552	0.366200687081924	29
0.096971760497257	0.128366687280494	29
0.094683214824006	0.160170993571999	29
-0.063831537864276	0.237702993433954	29
0.072322540707093	0.165522446308288	11
-0.109017760063274	0.413853514974517	20
-0.073677476587922	0.171737957631577	20
0.097756475514025	0.114364783541928	11
0.068804554465642	0.194721277308661	11
-0.098711384131299	1.82666567760662	83
0.03817939329377	0.709450584393183	83
0.04860405313252	0.566592587940386	83
0.063766381126512	0.459145343491991	83
0.112308314587907	0.361565911630189	83
0.015426323005352	0.812274411045335	83
-0.009110691073483	0.957558936037931	83
0.036976137935718	0.63569198497189	83
0.108722535075172	0.373051985471871	83
-0.044607082910983	1.02795653609443	83
0.090518623453688	0.383210794006462	17
0.028301506936825	0.488573759480822	17
0.049945767112678	0.462573760215541	17
0.013678879109707	0.52032385044467	17
0.076334699899466	0.321269647597691	17
0.116982622790245	0.267132516742183	17
0.078356693115903	0.343832624202244	17
0.030640256473207	0.534608973693453	17
-0.11765232108946	1.0254007265631	17
-0.021868221411389	0.500525475125585	17
0.050086471258072	0.339107057018419	17
0.06333217482724	0.287478099356427	17
0.102445764300975	0.23739785609712	17
0.088817814608746	0.30301911364795	17
-0.054425787493242	0.74472815732968	17
-0.087189059140999	0.792750555147748	17
0.081102800156225	0.307939012468905	17
0.048499382137126	0.379159000425469	17
0.115431540350973	0.271093981132089	17
0.074231572621041	0.33583153700571	17
-0.061442325383748	0.626558374931797	17
-0.042498313806007	0.659517097542889	17
-0.046481457214063	0.744052863153048	17
-0.00372574707986201	0.543638006308582	17
-0.046125368293634	0.769892689174646	17
-0.036272169908838	0.545057472742985	17
0.113432755256079	0.210157432128709	17
-0.003624108588969	0.452666021608544	17
0.122051226461402	0.215711382319973	17
-0.00500452584067301	0.572972468673987	17
0.027723438980975	0.351066752645791	17
0.109264601516937	0.218168184454902	17
0.051412973766913	0.323691458199797	17
-0.013073088390897	0.48617525666729	17
0.101076359696763	0.184053029245166	17
-0.026454522297887	0.397384259931039	187
-0.063823849896023	0.646602926143944	187
-0.082154622290875	0.671450335434931	187
-0.00943349116067599	0.523934619133912	187
-0.07667032674051	0.566810274007863	32
0.108133940493857	0.228792144724709	32
0.110053016165501	0.203797166049455	32
-0.095142247260939	0.579315912032769	32
0.085666868998739	0.201579120694515	187
0.09355048230794	0.19499454125856	187
-0.012158835973978	0.417029331350521	187
0.00744763185032199	0.315050677804925	187
0.012500115911587	0.340412240868216	187
0.086047565615354	0.206284353200299	187
0.024915076132248	0.326529117285141	32
0.036977105309975	0.399688330315672	131
0.098185546883542	0.176028507265785	131
0.055797053701927	0.237992631748705	131
0.096286108294374	0.199718847832114	131
0.019051371957434	0.333358284260082	131
0.00169806365238201	0.38282890251631	46
0.0915252851426	0.25338279380905	46
-0.088094496604938	0.435681830774733	46
-0.093494432887811	0.661026915247715	46
0.042726270421139	0.250373603273962	46
-0.054272573648105	0.554553942178914	46
0.112441597102406	0.143956959571521	46
-0.055677632416231	0.434940383563992	145
-0.066489924670716	0.493489497512232	46
-0.058525491951242	0.554296861789516	46
0.004598812423008	0.291711802237659	89
-0.110162297790768	0.379984182886044	89
-0.011465939718665	0.20281092796916	145
0.061952500420382	0.169711437866764	46
-0.105178783086746	0.432808932234788	46
0.073886141891518	0.17765715628983	46
0.088394359388484	0.174284195960122	46
0.027127498299831	0.219827196541338	46
0.033779687504265	0.258409961405585	46
-0.027795183946101	0.298648642986151	46
-0.121003109896354	0.395757768947215	46
0.116884956761038	0.125189531830472	98
0.061323009133215	0.188547053852987	98
0.033532263673457	0.257734704748559	98
-0.056058781570412	0.34947456667952	98
0.00400227693135599	0.171615676682101	46
-0.051183062485984	0.326662251632662	76
-0.02143603601821	0.234303490844836	76
0.07454895973592	0.126440210412714	31
-0.059417914804606	0.257405740771271	3
0.043511975359026	0.146796221697028	153
0.012362670448764	0.164723403512224	3
-0.075392986055554	0.172075917199599	3
-0.120602448475615	0.238719507136261	3
-0.0824101129947	0.251465152622663	3
-0.1204105769089	0.241907559110485	3
-0.075604342544279	0.214101494518086	3
0.113943262082269	0.102995028381044	3
0.123033001799668	0.108457478561198	14
0.043511975359026	0.146796221697028	14
0.02988622508486	0.176546160644331	14
-0.114812179009264	0.232112708629157	29
0.080592601283995	0.107441350557664	29
-0.034582953160694	0.0986661766252041	29
0.0660560137476	0.132276580995417	11
-0.114715558089461	0.413571174257732	20
-0.00901090650027098	0.221719125784477	20
-0.11130851801929	0.476156432632605	11
0.073040534026162	1.13688525652627	83
0.030437818011211	1.39080045542161	83
0.093056778909372	0.72416244371025	83
0.108970349432773	0.471390678178645	83
-0.04068522417014	1.10642000076455	83
0.048767766779153	0.668500345324032	83
0.075499646453143	0.259421972107007	83
0.086733965312427	0.466556841400722	83
0.02205784935648	0.601386335436837	83
-0.017346022915489	0.541539478676306	83
0.097148252344212	0.327449496304678	17
-0.03030166383242	0.643814829301004	17
-0.04792275043334	0.324877195629615	17
-0.03699432450662	0.292009361352069	17
0.080604328690864	0.120687228846148	17
0.025991686180984	0.213877872762961	17
0.053243896199513	0.368902810723272	17
-0.094534852285456	0.312744317183892	17
-0.00594188965097497	0.572391351096303	17
-0.00708632010231097	0.417523322168293	17
0.104031613474877	0.269004466152224	17
-0.09785459671135	0.784182628497579	17
0.023607418749554	0.442980143311995	17
0.055329761971413	0.36755073642018	17
-0.100990089981418	0.793958017492702	17
-0.066207014437982	0.742151676021573	17
0.08189758572676	0.257742917811134	17
0.082603256240695	0.103843386290878	17
0.079582297174112	0.108144386222227	187
-0.021032501305459	0.21203726268729	187
-0.020342805647566	0.415546173120381	187
-0.092812729082774	0.631944081185513	187
0.042408950442247	0.204152107070538	187
0.00164197282915601	0.517265921069951	187
0.074607428484385	0.264284789999835	187
0.093193963838621	0.236904599545099	187
0.071900647847967	0.301091358581173	187
-0.093420045895647	0.692469879889887	187
-0.096726786296916	0.743712760778293	187
-0.00356873541470798	0.50384923434069	32
-0.083358770074516	0.426383772805833	32
-0.088866973729644	0.427632927328786	32
-0.106078546311846	0.715000423755617	131
0.030067437774456	0.366859848908981	131
0.02024605159855	0.375568960235422	131
0.07028562759453	0.271082571167179	131
-0.083536695683885	0.430214449810042	46
0.012175258635478	0.210882829735476	46
-0.000433201626740987	0.361608007956297	46
-0.090211651336391	0.432722351214984	46
0.013138146413336	0.165049161731489	46
0.00624929540272001	0.362173955423074	145
-0.002203731964662	0.309200490562591	145
-0.022590750405157	0.437675088782303	46
0.116067966425871	0.126353473687281	46
-0.052245492740874	0.449156285152203	46
-0.033703341192554	0.420918215732179	46
-0.057574125224516	0.478634152511257	46
0.054649161521954	0.241857539490151	46
0.090216895880856	0.255079891542351	145
-0.118853839923686	0.648500813969683	89
0.05758602131309	0.2325192195035	89
-0.100500870506823	0.289961509765501	89
0.080624690413616	0.0721041292168964	89
0.011341658188302	0.140493809758932	89
0.033167027019885	0.170578005683806	145
-0.024227131153096	0.3762211489783	46
0.122574859173752	0.153948659927802	46
0.122846161510409	0.161552986021183	46
-0.023572638084456	0.302535667490548	46
-0.019384890976107	0.369545929700836	46
-0.095936979456243	0.466708684230705	130
0.104043430386364	0.174809788712387	130
0.051899676284212	0.199446979755191	5
-0.040202968126049	0.300425585674338	98
-0.015162788122102	0.249352797237764	98
0.121937023368472	0.120454031589455	98
0.027348782735606	0.2156127439606	98
0.037156957901455	0.250283199838139	98
0.017341279081667	0.206015711220808	98
0.08442991231837	0.164138045695152	46
-0.073420467910159	0.345924044660133	76
-0.095938265978644	0.25746836836646	35
-0.066591349347187	0.287722127750669	3
-0.00294560205914501	0.220918889716605	31
0.081764889833724	0.105201203920073	3
0.102997743574502	0.0665812425344596	3
-0.02470550781026	0.15199184465208	3
0.01503014635138	0.185520813981067	3
0.090161832644688	0.132959848087238	3
-0.00686428536759998	0.195517610271563	3
0.105268017830566	0.11895299968523	3
0.089910330817372	0.116369458134742	14
0.10644748264104	0.108839677456256	14
0.04251626178493	0.165839103317731	238
-0.062452214494432	0.257233871985395	14
-0.120620313259369	0.234673777489611	29
-0.037905096126148	0.0995921576628302	11
0.072448896466109	0.165852229820279	20
0.079629019012008	0.107474702539461	20
-0.101916541531642	0.371384601800201	11
0.058536250489851	0.2215900840382	11
0.033196864101664	1.51461908296685	83
0.06185212977373	0.662272489622309	83
0.078003233141961	0.546612333167076	83
-0.047917215907725	1.13203214665325	83
0.079123116502958	0.466815144507994	83
0.116071956813677	0.340345815098433	83
0.102338673099241	0.3695143482853	83
0.00637746973523701	0.71106500792843	83
0.106276204076167	0.205321325138656	83
0.046675850451799	0.159617508710629	17
0.098743964098152	0.138884271471725	17
-0.104072108120656	0.822164824881925	17
0.093607559568612	0.130056840896903	17
-0.04966280249002	0.598123557424049	17
0.046497517232781	0.122628520630036	17
0.079819027940347	0.139301255622905	17
-0.00146664944348501	0.281125805472274	17
-0.024692891870566	0.406621486649758	17
0.00286312419891399	0.315775916468959	17
-0.024771802162553	0.54624952851506	17
-0.055530747482711	0.729500254067097	17
0.028973565821919	0.509493690519991	17
0.064419909491759	0.358369923393139	17
0.010897604618816	0.477050950177647	17
0.105770783854411	0.253898953981539	17
-0.102959320297803	0.696077148389897	17
0.00827318569621799	0.336662948719627	17
0.009046718495578	0.19252164537873	187
0.117182445131778	0.146750923991759	187
-0.014566932004391	0.333810832359536	187
0.014772253808148	0.207504410356398	32
0.033235610643783	0.24251025021572	32
0.031176971928816	0.178912388692849	32
0.07992468787913	0.234627083453414	187
-0.026698591450525	0.527099181365455	187
-0.048049865455553	0.682640347987383	187
0.02040434293397	0.41068159010129	187
0.033731081211401	0.346909906577464	187
0.011137310016197	0.449645888802013	187
0.117507388387559	0.218514460928272	187
0.082200364794209	0.257355105228665	187
-0.057072900122701	0.628540094930584	187
-0.049443698349962	0.328051994455244	187
0.021497765910358	0.359370303271838	187
0.05175502031365	0.30800105646294	131
-0.00237806674387703	0.426407610586902	131
0.03376350364662	0.29478145159333	131
-0.091165184940245	0.253545051525278	46
-0.103104647913888	0.628423154049549	46
0.033751621573104	0.292737264623758	46
-0.064928747393968	0.317910286684815	46
0.034850609217065	0.226509796361874	46
-0.019743976239238	0.276586917379083	46
0.121084630369587	0.177987373808274	145
0.01377259972953	0.135751319877036	46
-0.089559164631263	0.506333270787216	46
0.115315670046816	0.176300321528729	46
-0.053407408305768	0.349725638999281	46
-0.08473036487303	0.596951524162187	89
0.043139391997371	0.26768226023224	89
-0.00240277030688102	0.295310173750549	89
-0.122520701341287	0.243041483171365	145
-0.060739004264205	0.407237397331781	46
0.098996458972454	0.171187895251366	46
0.060223530333435	0.256231955091457	46
-0.003005765311555	0.26218973559545	46
-0.000534541666654009	0.334409079846932	130
0.043912031481469	0.234411560269675	5
-0.030984859463283	0.292887586098202	98
-0.015204427061225	0.346973685797927	76
0.01456180850187	0.247009386243952	76
0.060636894410222	0.189634176604678	76
0.082731692799634	0.104087557720591	76
-0.03928198713515	0.320552128000447	3
0.052052041782878	0.175981295073719	3
0.113490158065994	0.124198308438171	31
0.107164256487269	0.0929709716697688	3
-0.075370289974686	0.16739960829096	3
0.006288787216158	0.14390063099469	3
0.011910288215326	0.190119133062027	3
0.122810260978694	0.0962205573951913	3
0.115509461429536	0.0861823827226541	14
-0.086968318375778	0.258274014110841	238
-0.021975840485565	0.210946402533045	29
0.02996941080732	0.0852035144895675	29
-0.033982658879518	0.0971458489065751	29
-0.037754663624016	0.155092058742505	20
0.035896597174498	0.188972536116437	11
-0.00839709486829099	1.91831615588304	83
0.081859675341793	0.906428401226852	83
0.062039795510111	0.367784059905448	83
0.040461558179999	0.262310387299501	83
0.110257289718921	0.258042723759217	83
0.110491375433721	0.316537950355447	83
0.08955840599175	0.382876106657157	83
-0.120044898817618	0.637480113589676	83
0.013452126617403	0.355077063262802	17
0.086725507534169	0.132884446726599	17
-0.011784425166863	0.24180279636374	17
0.046532339402948	0.349973948530082	17
0.015875892647887	0.460803614515765	17
0.030722269169353	0.43768862372151	17
0.00178188738837501	0.392160602410731	17
-0.021291533274869	0.226620326063696	126
0.113798772958481	0.187292609105846	126
0.105079415061321	0.229508194039569	126
-0.00600271256914098	0.421534396248051	126
-0.111966812890695	0.659273603107351	126
-0.015258959003871	0.369159703636709	17
-0.04433283329624	0.595081728964458	17
-0.036588245814182	0.671521176238902	17
0.082790226548957	0.352482321617023	17
0.02144862697994	0.498822709870785	17
-0.107394980426122	0.887794191374755	17
0.027098261333232	0.482046005354372	17
0.079833742418988	0.311930825151391	17
0.124578551405118	0.202278226371956	17
-0.036384020889696	0.367266754629788	375
-0.117555072964449	0.828764742869618	17
0.020524281953924	0.129621381643891	187
0.082249854817476	0.0714555548265266	187
0.096338612775904	0.111114063474135	187
0.122007208211436	0.119581657870758	32
-0.001926206652963	0.210490876184224	32
-0.049100757660069	0.368925392954002	32
0.103902967266206	0.0939027770011521	187
-0.111055759213774	0.651608049504672	187
0.06906822503064	0.311798017141497	187
-0.009532586180028	0.473811560871543	187
-0.00215739562356798	0.503166980421695	187
0.047861041942366	0.401049170178924	187
0.115943369664467	0.137573897159388	32
-0.098298987002172	0.653846086157352	187
0.032634957862198	0.35989569095404	187
0.121059883482874	0.166408106157948	131
-0.119841348305747	0.663138991781498	131
-0.02122754719388	0.478041609489303	131
0.037094039309263	0.316581743173297	115
-0.071529913306425	0.557249238367387	115
-0.026401602764669	0.154521339536728	46
0.122273560396685	0.142912932834302	145
0.068802174439647	0.265622019435021	145
0.035139556212434	0.315395763663405	145
0.00720315632816701	0.416838853678165	46
0.12088772065907	0.174655824043118	46
0.09372712046172	0.211711595732277	46
0.089496883622685	0.207002182459184	46
-0.049668603726444	0.501191040814043	46
0.06172590144911	0.2460736641828	46
-0.109654728839839	0.403616030622491	46
-0.061952024012052	0.439060729499514	89
0.096822140944408	0.146060329333465	89
-0.020008364753588	0.208056632180424	89
0.087498472938083	0.166917988105428	46
-0.094337084579007	0.558303952162151	46
-0.064402890863269	0.318679844141928	46
0.003070289603956	0.312408163472677	130
0.114508236368877	0.13910878728666	5
-0.073436346250983	0.294826793046066	46
0.1000851884246	0.155372315062653	46
-0.114887468332546	0.398174684719928	76
0.113475784723857	0.0857970786951788	76
-0.080351899312653	0.304794454658347	35
-0.064073495723455	0.209240976482809	35
0.044654935223975	0.195882532919092	3
0.068323432816814	0.145310663338409	3
-0.011194083507639	0.251319794166558	3
-0.112570581614385	0.359825114145751	3
0.047222900263632	0.121787260476378	3
-0.114420196443359	0.231141385534272	56
0.060211154242724	0.15325520118536	3
-0.100067908239247	0.292727716418241	3
0.033726106697273	0.0831110708731226	14
-0.03468800085055	0.0959014939419992	29
0.026121173148216	0.0858924237854512	11
0.08797392566297	0.0994865570570068	20
-0.038356293797249	0.0988848104230226	20
0.000301185628167999	0.197369515969165	20
0.024101444975543	0.239092993321557	20
0.015976938345051	0.24284429966391	11
0.037775684678957	0.463849954714132	83
-0.056118817227051	1.09196357915304	83
-0.063081572208898	0.930235636903185	83
-0.00919519710309902	0.549808830469978	83
0.056194919454113	0.298395625791789	83
-0.051034844825343	0.385596974688216	83
-0.1125273598789	0.599361783103496	91
-0.060931913373424	0.5767960529898	17
-0.015340921479636	0.272608423175502	17
-0.094660457677166	0.365523445213555	17
0.103245676247335	0.205231486207929	17
0.103079859359913	0.233023542166119	17
-0.089921727024077	0.388387304833625	126
0.080317978646647	0.152019186364774	126
-0.105334001881905	0.650289084288232	126
0.044964847777609	0.297276822384648	126
-0.042522404161988	0.289878062096463	17
0.111442384719717	0.176953017233732	17
0.090458562294981	0.292793593626959	17
-0.102878207050835	0.950958484057326	17
0.021364909325311	0.514461222162971	17
0.102805821689952	0.236201440012647	17
0.05802607604952	0.40119187004146	17
0.111460254336677	0.210100195517268	17
0.073026998120091	0.21128175278811	375
0.035107378379894	0.344151396227454	17
0.076118719455539	0.309605710004382	17
0.064218496283148	0.390071239494631	17
0.053885526110123	0.157837473794008	17
0.090699190090169	0.150772136406751	38
0.085886667658096	0.101233604913973	187
0.017808798209521	0.130964560958567	187
-0.007588453442894	0.17099415672375	187
0.075260865480612	0.109609593215916	187
0.075120045592072	0.214784083712267	187
-0.014984544584131	0.429344512238212	32
-0.081682899557193	0.251846246148803	32
0.036028448945177	0.185942781165277	32
-0.013619822802421	0.333026707373906	32
0.00230278781288801	0.364525776379645	187
0.117443204459207	0.186045258535557	187
-0.116486017215789	0.696524844275382	187
0.101220051011432	0.236227392503634	187
-0.056533136259671	0.63616778672307	187
-0.077654377051236	0.695670125369189	187
0.123858577391451	0.183803451939311	32
0.080858935737048	0.302243179143784	32
0.010567691115477	0.281401440569034	32
-0.00599749435895203	0.221707982106366	131
-0.077811889564783	0.53796041706246	131
0.070214352383102	0.315010814068719	131
-0.003488480474928	0.50063627957856	131
-0.114667750282543	0.507444493051216	115
0.096129971616304	0.168610787139368	46
-0.07051291057297	0.211398788563378	46
0.032946098722781	0.216574852205725	189
0.078038726525233	0.252609069422523	145
0.076374978294698	0.242151186100057	46
-0.09436185663508	0.602279555325538	46
0.00515805002294101	0.380219177529384	46
-0.00492126196313503	0.387619473780577	46
-0.110823926725222	0.327877678306206	46
0.013293153360375	0.249047590567015	46
0.041424029948792	0.301799699229169	89
0.062933026550935	0.196432525347455	89
-0.015143406459911	0.352066627897258	89
0.00774078864629901	0.141819057931174	89
0.000881361030310002	0.190246886431198	145
0.043783864419769	0.280561867405767	46
0.061486797302953	0.218403439857148	46
-0.035518259771102	0.367114391277428	130
0.086887536422314	0.209495148668303	130
0.045598643649655	0.262121087886477	46
0.031250706656553	0.224166579240025	46
-0.02459752230882	0.388059933057472	5
-0.047982300447141	0.387476252687043	5
0.000718427128419991	0.217774065300711	46
-0.110406109081878	0.450161608277171	46
-0.029721063769646	0.339135867197367	46
0.093029635025777	0.159323455919127	46
0.062477979301188	0.228607351415811	46
0.045286125276735	0.243571438719781	46
0.053488156160709	0.207198697688885	76
-0.081368578345725	0.309149797727137	35
0.083668333839476	0.103175602166207	3
0.124080383311197	0.108217064709583	3
0.029814900911959	0.232227872319958	3
0.099936146694891	0.128009152967323	3
0.014650840232133	0.199951808954894	3
-0.026530893787007	0.318168926498846	3
-0.012547523173072	0.288212102817589	3
-0.077060894979221	0.305506743010947	3
0.084756210388177	0.121464340487342	3
0.055924806765471	0.139622987444592	3
-0.085002299692358	0.333229365993185	29
0.111618274576304	0.13257855734087	29
-0.092450242431886	0.280986189626325	29
-0.093213268745577	0.260215588447911	29
-0.023580698733533	0.213704918164397	29
-0.068837502658624	0.268021849971506	29
0.046274300437044	0.123298274630482	29
0.027403668117386	0.0858238875200113	11
-0.061949322124737	0.296816712360142	20
-0.028942950588377	0.311747297381668	20
0.064529763096692	0.63103822936002	83
0.072111231645989	0.561398046373949	83
-0.112042971149527	1.47964690961999	83
0.00198222292605399	0.734113668599261	83
0.079455545601486	0.334833673090881	83
-0.075489034981079	0.774830807816962	83
0.044079219671347	0.507485383716627	83
0.031273326634807	0.50668510651404	83
0.0070263571851	0.457172392063623	83
-0.026795248713281	0.367316425566515	83
-0.055130829568196	0.467584624487478	91
-0.040195682548052	0.591300621506755	91
0.034670857909569	0.263613020627655	17
0.056067930133638	0.326002230240717	17
0.017698805406598	0.184923253677016	17
-0.064118734909944	0.490750703321619	17
-0.042632587783879	0.152006508100457	126
-0.03300039597329	0.437471444930572	126
-0.0065334778692	0.223921659732366	126
0.051733588932544	0.210953599829997	126
0.045774203947437	0.236708014784299	17
0.062977619891541	0.228650906519694	17
-0.041143349203852	0.413334237291014	17
0.083310379826031	0.300599022528734	17
0.046341276694436	0.43382923689976	17
-0.052917024450589	0.680533777804974	17
0.065336604665854	0.330868142712724	17
0.1023324589159	0.251971706788125	17
0.044036500088915	0.328791943783796	17
0.096330921735417	0.229879221171275	17
-0.022861596285207	0.526428825515509	17
-0.112852091263368	0.528618848781713	17
-0.069544620214843	0.167438697199767	17
0.028434680214277	0.0843041191641305	38
-0.040714909386275	0.448448654151315	32
0.012455703312268	0.140028280329171	32
0.043716216792967	0.262757368505778	32
0.058904783527682	0.202128666772838	32
0.056585062406544	0.31384195572266	187
-0.039107264939269	0.552840391175521	187
0.09429253832746	0.230412545172095	187
-0.108616506620681	0.648019199023664	187
-0.106954519297796	0.680457433683789	187
0.045282527886815	0.31584637052657	187
-0.05723343717633	0.542612314997985	187
0.122930158422867	0.161819150295515	32
-0.039732780954318	0.197286918016629	131
0.000313636088167008	0.320607356394989	131
0.00558505038444801	0.40841159082234	131
-0.00403929843788797	0.455479513258963	131
-0.064028490940244	0.549287778217032	131
-0.09989605731553	0.560017238270595	131
0.074952788657714	0.234424107751376	115
-0.011302313371083	0.328812763760169	46
0.091863716892381	0.202923288415135	46
0.096803301305036	0.110757293078624	46
0.027549588488569	0.320208303794208	46
0.032287289251577	0.212615772941965	89
0.027445170488704	0.232413933324373	89
0.070498746842776	0.0754781707581521	145
0.088194464032493	0.186430679073062	46
-0.065213494299774	0.440910912321275	46
-0.026388221563258	0.326969317036749	46
-0.020165002897248	0.338351812670754	46
-0.046827250697735	0.339829605138562	46
-0.100231196789577	0.452443772546015	130
0.03300626453521	0.227014703799586	46
-0.090755838408299	0.42708415417415	46
0.066861266572124	0.19741417420406	76
-0.01032823549793	0.262827990123387	76
0.065461881708103	0.169748410609265	35
-0.031218242346526	0.158529846054485	35
-0.079856550452031	0.171982537714572	3
-0.037447865373444	0.249680188901473	3
0.038653776652951	0.127865930811493	3
0.082704926248985	0.104363752963195	3
-0.086677688160993	0.251844928156676	3
0.10935204945501	0.104109899737586	3
-0.073544811262368	0.218256642057963	11
-0.07561941452139	0.216196103080768	14
-0.026128752123665	0.188339301643326	29
-0.060565250037949	0.260106322794629	29
0.041563507478521	0.168422492628763	20
0.027918937915045	0.0858943372982852	11
-0.114953322465956	0.408709397249543	20
-0.050950199062937	1.31437062794341	83
0.049823078949079	0.316121008831994	83
0.121196678275799	0.264887385506595	83
0.069643620803841	0.430368139052837	83
0.065038983047748	0.149486114303726	83
0.059482887677562	0.267462809828405	91
0.015067167414337	0.387984741485121	91
0.078483839677375	0.222685597851174	91
0.088576125152657	0.288593473955867	91
0.092493114059251	0.207516073751528	91
0.066724354452308	0.151241363664112	91
0.023418655671721	0.451047454204305	17
-0.069216215029991	0.509759204071212	17
0.096045162381331	0.114406403702441	17
-0.117050991882929	0.437661562101372	126
0.098859120684094	0.143285169971735	91
0.001510511718223	0.441843224303434	91
0.019352345724584	0.408257193034381	91
0.083622467659426	0.232552426254898	126
0.03564238652246	0.279400103045578	17
-0.038289613348462	0.541922504796839	17
0.022384419226315	0.288193100487399	17
0.083680100987828	0.329314450922976	17
0.05447046964297	0.380842421218492	17
0.080321078982919	0.331124785432935	17
-0.043192129267523	0.665873425236593	17
-0.020424427056089	0.541214424095793	17
0.09191093136865	0.277640108790199	17
-0.079523737286012	0.630127046070055	17
0.120848240900371	0.158308496192741	375
-0.011272842761434	0.461874817195542	17
-0.106803675092686	0.879667247100476	17
0.044361327313786	0.123451777279362	17
-0.041730221960041	0.100451518403097	187
0.083391000720663	0.118640664829582	187
-0.117379461714224	0.558795649073397	187
-0.038425845504396	0.534323401318456	187
0.067134239591964	0.275091894203222	187
-0.059837871604361	0.546194953248679	187
-0.074158825038652	0.64407387167928	187
0.059709773031422	0.322814319280435	187
0.083224955335297	0.234654172874968	32
0.077838210747518	0.260814086087662	32
0.030458756202413	0.213244148965625	32
0.015745066025334	0.364821232065966	131
0.104182688846289	0.221125308725705	131
-0.065394352477986	0.491925319279626	131
0.09720402912762	0.202333226217292	46
-0.041816128381015	0.415576766748407	46
0.117280947807663	0.149048549635675	46
-0.054619237198074	0.439280125663436	189
0.065975951806947	0.202630460695265	46
0.119845609102371	0.154151092294274	46
0.067564925704499	0.262469240513072	46
0.057049703943216	0.158167479523419	46
0.038320929539213	0.319120833686347	46
0.085006006333088	0.188223441556539	46
0.098685997294565	0.164401118295784	46
-0.109479735001416	0.380351072729692	46
0.055817421266881	0.257085951920084	46
-0.027802797706753	0.478109794373662	46
0.100524106844645	0.227438267791211	46
0.00700516899259099	0.284005509572786	89
-0.040445951965817	0.15607025518785	89
-0.046813360130608	0.224171292811353	89
-0.00803122366985898	0.270411219924391	46
0.041101056089451	0.255754113475383	46
0.103636261875247	0.177040729983616	46
-0.100207629398214	0.443933487522642	46
-0.084893342515682	0.310477909059227	46
0.06553730705166	0.206880221926675	46
-0.077585281220808	0.358067887876078	46
-0.001567486820784	0.283262218978834	46
-0.00589894523919798	0.243116380988822	46
0.026325532450601	0.210145993543211	46
-0.00904912108558698	0.267079780233076	76
0.084166793606736	0.132029083585138	76
0.097283182823613	0.128737770276677	76
0.076503663938966	0.0733864335556596	31
-0.010414751702485	0.201315590931332	3
0.047595194049059	0.181745881471727	3
-0.094796242172577	0.308664314180147	3
0.031066327200437	0.19514088559151	3
-0.00971507183153197	0.268080919194292	3
0.045502837723853	0.147107974732741	3
0.001969848994963	0.172283106792449	3
0.095673125718096	0.0975581280209504	3
0.097004606429852	0.113758065230779	3
-0.116693071652569	0.33610583358082	3
-0.053062433996704	0.329567919961597	3
-0.11226405898625	0.358149883477816	3
0.07658213470286	0.124599726017331	29
0.04531756035839	0.16405109576497	29
0.049948860230295	0.141118391804062	29
0.059988709371872	0.138887196309069	29
0.116650896491409	0.0611484831264809	29
-0.032509860274127	0.0977274106413426	29
0.00685496235128899	0.30521228951132	20
-0.083642122616784	0.424899654502375	20
-0.083208035163668	0.219379985089648	11
-0.033468868526388	1.71752831723141	83
0.00392558625699099	1.19914079332906	83
-0.097716974002365	1.73373141392624	83
-0.039157024061707	1.08263321583614	83
-0.10740724035171	0.315696562322492	91
0.025360256767311	0.324012798080857	17
0.059621217584154	0.317200663365893	17
0.073409387180581	0.14690064690447	91
-0.096831264390848	0.602957326156473	91
0.107518412794112	0.119973789298241	17
0.108796257570548	0.104552080611415	17
-0.119159871423406	0.238241729913882	17
-0.099705219206549	0.372187695296856	17
0.025978486996276	0.287504573119167	17
-0.022038642716613	0.317236107836717	17
-0.023779742636106	0.295833589042314	17
0.106754485418018	0.292404493917918	17
0.120373567545053	0.227304835626367	17
0.056729839357982	0.38724107663358	17
0.00708516502829501	0.516390489274854	17
-0.090245738111594	0.752381444833167	17
-0.055293793543351	0.567280756099111	17
-0.123416716839831	0.910882643600997	17
-0.09761306814257	0.583133714422918	375
0.043888097519381	0.357546320177998	17
0.00684893513233001	0.505645664341974	17
-0.082264047309845	0.219877829037639	38
-0.09590210169849	0.283304453352905	17
-0.072740722599627	0.211396147922079	187
0.017829622486024	0.131528463641725	187
0.005626985604336	0.172017803926403	187
-0.109840078609319	0.354067128201902	187
-0.063304164603294	0.340530334110998	32
-0.065611612610781	0.319573228748297	32
0.076851494624845	0.279104954879894	187
-0.00560879297831701	0.465128601500712	187
0.031241089962334	0.334849591208548	187
0.018631144891245	0.391885993997103	187
0.09231375710417	0.247631609909158	187
-0.051052019633462	0.572044221655653	187
-0.074510828591017	0.554554211174257	187
0.115049597497647	0.162334377399121	131
-0.084641109608309	0.660120961226927	131
-0.024142792447172	0.460575665301713	115
-0.019564748824292	0.351037360502727	46
-0.016576650577459	0.294653899553784	46
0.113488752533188	0.159094524008961	46
-0.098820841994821	0.445850414699261	46
-0.019057069575218	0.143766413617581	46
-0.030437830365924	0.0929897440674593	46
0.073844200384173	0.160592783901909	46
0.114715990915782	0.165633083415272	46
0.029290950264151	0.258756379491642	46
-0.061186554284416	0.525675161638461	46
0.002020574317674	0.388230514318569	46
-0.049932824577503	0.442130053299016	46
0.108083751999166	0.116556568772249	46
-0.041106353024442	0.418466317361434	46
-0.013824054135905	0.401679047601794	46
0.074290542613631	0.229979385284922	46
-0.030298901740735	0.382297283126467	89
-0.069544620214843	0.167438697199767	89
0.105482033735145	0.103793396194931	46
0.089052034040923	0.188986935989735	46
0.003730583483395	0.310248133000358	46
0.019149157365766	0.285224135929985	46
-0.109494958155643	0.459604540052816	46
0.029552284806118	0.282543684015395	46
0.105766265370123	0.177114685508894	130
0.11293421923897	0.156369559776249	46
-0.036189408606405	0.329668262997907	46
-0.028373326728274	0.304011509226734	46
-0.026337677747534	0.301232349667481	46
-0.045361338011373	0.226130909524444	31
0.078393424105165	0.142950476958247	3
-0.04607646353528	0.276711823743468	3
0.077390984617138	0.10869226774856	3
0.064693607028372	0.074342651612841	3
-0.088065895800862	0.255548798849791	3
0.058079718906563	0.15777906403431	3
0.043085670928295	0.144260470722153	3
0.121704508667492	0.0988638857528727	11
-0.035022839406889	0.0955177662968401	11
0.041385395399472	0.150205557399853	29
-0.063971700549452	0.204981149965247	29
0.078132775516454	0.0725782872722897	11
-0.075846892722891	0.218343875750739	20
-0.012532721804421	1.12849834851232	83
0.066812047981374	0.243793097253949	404
0.085035888664945	0.406007288629004	83
-0.02578837343163	0.786082923026285	83
-0.12219043978185	0.577923231176446	83
-0.029035541948605	0.406189295194041	91
-0.056793558958149	0.592231225879945	91
0.079768041995008	0.171289217966657	17
0.01063988505753	0.438199469891757	17
0.017620939410626	0.13335390365185	126
0.04796729448473	0.123067185660521	126
0.083794497151462	0.123240498487376	91
-0.026627699077305	0.154461083261021	17
0.066801892431696	0.185426217598971	17
0.123360522880969	0.139838214113802	17
0.109367059101685	0.252291386778854	17
0.048095466062418	0.402781003805614	17
0.065282058272071	0.32599671149196	17
-0.030211700797174	0.596349256339716	17
0.023806694413715	0.394323012776618	17
-0.016672989634655	0.525312992777691	17
0.092583163894578	0.28104709361269	17
0.108071429041164	0.064621334605045	38
0.077734241828275	0.0731385890132623	187
-0.040427408418531	0.265556429261223	187
-0.046550290598977	0.303103331457939	187
-0.00335965471352201	0.21718858655562	32
-0.097074910770746	0.316707069105688	32
-0.080548665475237	0.459598993957585	32
0.115404798955318	0.0829929488358751	187
0.099822997610057	0.221653747767204	187
0.09184063157355	0.267566937060433	187
0.068351851991796	0.265822319899474	187
-0.048667045179473	0.471459605055618	32
-0.064857451819867	0.55043659201248	32
0.086157469967861	0.261652985565285	187
0.08955350203754	0.231159502320537	32
-0.100428740793656	0.682371108187191	32
-0.00383559290179603	0.319894226104757	131
0.026986838861791	0.277943767755103	131
-0.01007964563195	0.467847706687981	131
0.118857892712465	0.192715542711744	115
-0.039930588172429	0.541890301774031	131
0.036229472054757	0.312904389639775	115
-0.067313198519935	0.340852465972304	46
0.00125047552292101	0.23381439207649	46
0.015778719207675	0.246122983816751	46
-0.09665004208852	0.405016856348124	46
-0.00408902312352699	0.327610837468908	46
0.089022526613222	0.237830681074406	46
0.07385150540548	0.17907545994046	46
-0.083820666828149	0.446171353619837	46
0.099429911707851	0.163935840727493	145
0.098198112355159	0.202531603265637	46
-0.033970119401821	0.375329550877563	46
-0.023328769161097	0.277394052389166	46
-0.010792096952671	0.305015798567146	46
0.04714836293265	0.260117299801693	46
0.073840411604045	0.206829791919122	46
0.09140413711217	0.172551174407172	46
-0.036254949277902	0.315755560751923	46
-0.121808570777438	0.423737863792308	46
-0.053437080982809	0.350821079262248	46
-0.030962367768904	0.150906770213947	76
0.082842855886582	0.101050640082783	76
-0.051531601938572	0.276795439065443	35
-0.05108769198199	0.330011569636747	3
-0.027136597874434	0.190719974664229	3
0.024245098999885	0.180112802207243	3
0.013106350403923	0.189911770292821	3
0.110220136062467	0.0634942409023603	3
0.112952310609609	0.103109641437649	3
0.08819258498273	0.134981731907002	3
-0.00630472900047202	0.222437167514578	3
0.017434057915908	0.134446914057713	11
0.122111391071842	0.0985965161073345	14
0.084483653055152	0.12251382314979	29
0.08229501075324	0.0699126801550339	29
-0.044759256497198	0.317284710729857	11
-0.044073555326816	0.35770960673875	11
-0.097447598517183	0.372177212529135	11
-0.019072835985893	0.235645679932807	11
0.11570091393404	0.589354633991146	83
0.074578908457985	0.748638335538731	83
-0.062498286510111	1.32774235127466	83
0.113422048891927	0.335843773824344	83
0.095047009925418	0.248248457497318	91
-0.118600151361801	0.547460736622489	17
-0.07599900912915	0.686754008338582	17
-0.112096547231444	0.28758441129849	126
-0.061562166851146	0.263048402410397	17
-0.113241349095023	0.378497506480668	17
0.085317820347705	0.200796447271114	17
-0.120368580385862	0.495897428878131	17
0.00712823792408099	0.273114230523173	17
0.084700413122975	0.282315968881171	17
0.080431509375814	0.366747123943638	17
0.111676709240354	0.269725842731606	17
0.076425633554727	0.331869506837043	17
0.029907162930284	0.456009447991725	17
-0.102199511078624	0.80937834712635	17
0.014504284831176	0.473344571648079	17
-0.058304975196731	0.691465746064871	17
-0.007439502319178	0.562753990246987	17
-0.071964290768741	0.565188023096522	17
0.080347202717228	0.0702778428034802	17
-0.043467007830353	0.0958964403983994	38
0.027670398297872	0.083309884855023	187
0.114947717055849	0.0620615110064149	187
0.00529281821835201	0.167285140780541	187
0.115804970112581	0.0619706045451698	187
0.00474683744438201	0.172002134374701	187
-0.016423915746786	0.285517702243995	187
0.033178528497365	0.295846584885526	187
0.076961247162538	0.144716028643945	32
0.100250660821103	0.153503100183128	32
0.041268179308327	0.370004522059077	187
0.090364936053187	0.240509240699664	32
-0.079621815444296	0.531268890103947	32
-0.00380880878874501	0.241904112550554	32
0.019116362513721	0.201896512740711	131
-0.116382200242573	0.237266414797522	131
-0.091003641278757	0.445551874466782	131
-0.008747718133782	0.492324308903552	115
0.11530820269643	0.202230680704499	115
0.026522811756847	0.375108042509274	131
-0.045312401477381	0.545793516606069	131
0.022974087774356	0.282565003481507	46
-0.093915362155815	0.352213514743393	46
0.061079599406699	0.154429011608339	46
0.092192263371383	0.219855971210482	46
-0.00486484083482502	0.321322241101328	46
-0.081736743024589	0.530256805866835	46
-0.062378234969844	0.330512356964596	46
-0.10863818587711	0.626012974286632	46
0.096465397845431	0.152109304498252	145
0.077955531844882	0.159192545476569	145
-0.073162402624511	0.16802573615634	46
-0.106969648114051	0.501026554401903	46
-0.026367341019299	0.341085985099984	46
0.100431306522971	0.178667104148661	46
-0.016991227352017	0.294762034980632	46
-0.122034688988173	0.423927851274594	46
0.094834455798388	0.159506712067744	46
0.0370134224209	0.242984167357731	46
0.063566846960675	0.187436163065845	46
-0.030249118548873	0.193243141328296	76
-0.016629992637976	0.2031394415699	3
0.120452622350253	0.124090038219377	3
0.113384040508994	0.0888111042994182	3
-0.085940588806137	0.257349102467514	3
-0.032509860274127	0.0977274106413426	11
0.041434758662739	0.150213171775333	11
0.102907271516908	0.0945472192347381	14
-0.046939353192734	0.25345252964355	29
0.00789472465267599	0.171153839656659	29
-0.029728694622167	0.0927667124319931	29
-0.030602426629671	0.0944176489967328	29
0.08596950329161	0.0684604992380348	11
0.067075786520351	0.186117182737955	11
-0.09079569861922	0.341918441272601	11
-0.047586215189182	0.278214675886872	11
0.064667332034348	0.900838198024981	83
0.031108996128019	1.06479622434145	83
-0.052200606534659	1.36932500802023	83
-0.00436381057276303	0.85387614471381	83
0.030440871479226	0.175767558104035	83
0.026808491591267	0.335588545378573	91
0.058578553525515	0.298790420619691	91
-0.050465943146823	0.447960925404364	91
0.108328747911498	0.235715713229062	126
-0.00875613847096501	0.223240724992906	126
0.089486717842647	0.13584352429967	126
-0.066608440450424	0.587673530922941	126
-0.123793780065586	0.692300429569161	91
0.078111434169959	0.26855324256444	91
0.116726365574303	0.171390355451802	91
-0.017948478618433	0.297604828673095	17
-0.076779322537458	0.305823559010229	17
0.115783012708214	0.115616415438967	17
0.019758883576919	0.257324397558205	17
0.053726447522436	0.275479911083601	17
-0.072831313739718	0.607934139780402	17
-0.10407783991746	0.841037213484448	17
-0.065911884219543	0.785209770254504	17
0.022214940215036	0.488551369698008	17
-0.072311324440489	0.698830961147659	17
-0.051229015481919	0.509777683040278	17
0.059579852090807	0.276930968413113	375
0.07596902540835	0.289004315228885	17
0.014586438703181	0.186422397218754	17
0.00658681721905899	0.169917288621572	187
0.122076398499515	0.0575379409562214	187
0.107815427826908	0.0641593446175452	187
-0.052571082797258	0.364799630316477	187
-0.037976339796751	0.452084300193281	187
0.010180018842008	0.188966183927542	187
-0.071432531413717	0.217110897072491	187
0.040767082069489	0.254789063613289	187
0.029769414789238	0.384342031666094	187
-0.066809860689621	0.561044981366774	32
0.113271560735874	0.205099196221527	32
0.056960273602369	0.334312972661621	32
0.041505490793432	0.356000054023277	32
-0.10654322240398	0.325666801375025	131
-0.106945665685092	0.329963749608713	131
-0.103887517702555	0.496712725178267	131
0.051785805074346	0.295274900173695	131
0.00513974485341301	0.435512909488136	131
0.071980713533823	0.190788910962876	115
-0.074871651494445	0.172132891608902	46
0.011061086161531	0.281663665166348	46
-0.00208869814367202	0.275976864070365	46
-0.066065986582288	0.339231310156033	46
-0.039282960810788	0.446593867754401	46
0.098514959165183	0.207254933352419	46
-0.076680178488092	0.408685957909189	46
0.096059189696866	0.1574101772962	46
-0.090279355763015	0.480364975854351	46
0.117161507183206	0.154576794896218	46
-0.030071376065108	0.424537360535481	46
0.063890972424483	0.195213029857161	46
0.002281897128278	0.326412968557948	46
0.099936146694891	0.128009152967323	46
-0.065253518874039	0.404315141042712	145
0.038840563398083	0.080312215174947	145
0.00728839175545701	0.138370134195829	145
0.085890561561543	0.10330078774297	46
0.103308144696259	0.109388355555541	46
0.036330547891174	0.22909249066668	46
0.023769776467395	0.266731705689361	46
0.014390762438473	0.290852700277321	46
-0.040004197564697	0.393385910820741	46
0.025340706457943	0.23690742920311	46
0.070804298818564	0.179977859533471	46
0.049015839105295	0.274490181671132	46
0.060127623117872	0.217634122534007	46
-0.074195659509292	0.400118382470571	5
0.117128444014788	0.157141759313032	46
-0.103480784483887	0.513846676844839	46
0.021426068011616	0.178600942981817	46
-0.108582328103236	0.437656953948276	46
0.120997620606998	0.134438460558926	46
-0.039007435487548	0.293561989636315	76
-0.037963285058881	0.297102013677438	76
0.117593992760308	0.0593890330790465	31
0.012690762021721	0.186399720109599	3
0.080622984087459	0.140820976866803	3
-0.018960078187882	0.211253071193016	3
-0.070736432142467	0.16813748123222	3
0.105037212493526	0.0916787475033483	3
0.10308595069898	0.126004005849191	3
0.081158221388539	0.126114128825558	11
0.090400561570098	0.118739893109077	29
-0.124946670466719	0.306338402833365	29
-0.036880084792012	0.157576428689903	11
-0.028026726170194	0.152235739469704	11
0.070898464292872	0.0746243085279532	29
-0.033818925770446	0.0976341348737312	29
0.02996941080732	0.0852035144895675	11
-0.085866475125327	0.169111826454954	20
-0.057496314001293	0.433707842640875	404
0.11682089152771	0.21119098368057	91
-0.039242078912982	0.31939577515456	91
0.080140343070512	0.156183111268948	126
-0.031650256478897	0.156593596868352	126
0.040945157979509	0.123697237072826	91
-0.020593187915539	0.365861784605523	91
0.109959678572683	0.2664763655903	17
-0.075823662841835	0.758527110192989	17
0.052802553320305	0.363552045769628	17
-0.080908595994393	0.625900638645032	17
0.089433794883836	0.258969167801264	17
-0.113933872332856	0.385871475744072	375
0.088392251166842	0.283042477181777	17
-0.035182446617507	0.155915219330201	17
0.038840563398083	0.080312215174947	17
0.090861382753114	0.0635371524440418	187
0.027544543456468	0.235076098047722	187
0.029868094624414	0.156942817148693	187
0.016574799847945	0.18358983915598	187
0.109428049706039	0.106704432899075	187
0.039138329084325	0.367871561037848	187
0.086339290569388	0.221103975963826	187
-0.025831411920099	0.430782827746606	32
-0.00302839978559499	0.37805907084817	32
0.081005332768715	0.239167831205324	32
-0.027026777206825	0.471752553460255	32
-0.072748790047677	0.345702906193996	180
0.09898899562162	0.113923032161747	180
-0.122041302968377	0.239982734665229	131
-0.044271965262429	0.426419473101174	115
-0.000026743670511975	0.414166345271221	115
0.065201320958964	0.259782067280944	131
0.065323836997378	0.180776834257211	115
0.013703505560927	0.13733293809072	115
0.112873895300159	0.141729263255768	46
-0.020757586846315	0.340700100541439	46
0.119153759617585	0.112798751475418	46
-0.04003881301635	0.46378103930109	46
0.079512353448777	0.232485667724231	46
-0.074094418100311	0.488229240756531	46
0.086627891520301	0.214052684212667	46
0.102350793175322	0.221364793422937	46
-0.106042067011783	0.658291587292276	46
0.048931953051788	0.269953719775687	46
0.017698805406598	0.184923253677016	46
-0.08737161890204	0.38290628550449	46
0.038054784701009	0.203645649893128	46
0.033110570276458	0.223893872428614	145
-0.038135795017174	0.31957727662467	145
0.109163804931342	0.0908683428553672	145
0.091477916587472	0.20920574066875	46
-0.02522571490852	0.374899204736103	46
0.066355853563607	0.233324004425433	46
0.007106096969169	0.274296740273996	46
-0.092002360170384	0.380778317255112	46
-0.081614586533771	0.473860837187281	46
-0.089508545404159	0.553809852973086	46
0.039213393616679	0.170238607540567	46
-0.084845663577639	0.404070921235194	46
0.017915637712361	0.293038677350747	46
-0.086933711255236	0.513657575880382	46
0.084556092349299	0.205565131905886	46
0.106997127631042	0.117601810205911	46
0.018620359614997	0.220851346005105	46
0.117173568925133	0.125141790261	46
-0.077638657371288	0.375107642014572	46
0.009560213463367	0.230859479174366	46
0.115771441101251	0.139776782576134	46
-0.11150047346798	0.229872151616055	76
-0.038150011359197	0.248087865539471	76
0.074632742543176	0.0746221026707891	31
-0.033217084985516	0.0968541661194476	3
0.071556743086348	0.146292457043072	3
-0.00762278288816498	0.223356785970496	3
0.034982154138138	0.128701183026288	3
-0.021484196658464	0.238251282063091	3
0.081205918034571	0.0706808653179168	11
-0.122902787456824	0.23364902038271	11
-0.037820773373455	0.24939872057088	29
0.068235057509862	0.14144672049031	14
0.011260592011873	0.138589150915484	11
0.084310384654334	0.0703485961055028	11
-0.040417843181165	0.100155928009547	20
-0.040408943139258	0.335291869423438	11
0.079341978028202	0.714514163449767	83
0.050052885118466	0.547364878129763	91
0.054948804903645	0.333360602522373	91
0.100910729228396	0.200443893198008	126
0.067890149572527	0.192173583218113	126
-0.07619131460437	0.583252402916899	126
0.087019723651196	0.120066759082254	91
0.084256638373311	0.245239261714089	91
0.047158957290168	0.261497251267064	91
0.051389907928332	0.182581190651938	91
-0.016095676098832	0.546953053013585	17
0.020211309209397	0.550261588492792	17
-0.058013315907995	0.680268850558467	17
-0.071322985290004	0.734045944603365	17
-0.00546204136914902	0.529891999785866	17
-0.062502562678714	0.660855765806342	17
0.044308883577519	0.408997195631123	17
0.045262673578356	0.123426220654002	17
-0.079538943105098	0.361190171458564	187
-0.03432664181778	0.270966968956318	187
-0.022481671857734	0.279405543763662	187
-0.109003531296934	0.354684146272257	32
-0.110283100586589	0.498104120544516	187
0.033211805311989	0.324071900039768	32
0.062260603921403	0.149106406167363	131
-0.099530026717791	0.470500808826059	180
-0.035019341141213	0.54959060167495	180
-0.10479590475537	0.708187772727455	115
0.063952907219916	0.293197156749486	115
-0.020605386557518	0.475160267636487	131
0.05308760030387	0.115713016304209	115
0.025199793894394	0.214574472403448	115
0.082249854817476	0.0714555548265266	115
0.045400663167693	0.202327970295034	46
-0.051116226138536	0.414033813120454	45
-0.004564643953406	0.338843686053004	45
0.080228394024685	0.23686993674542	46
-0.066272225216545	0.210715293618765	46
0.061128430978159	0.22967027590599	46
0.014966561835156	0.320128625712752	46
0.078963941262053	0.0725679230976462	46
0.10429844786792	0.062962405197381	145
0.071084555834293	0.205647711794629	46
0.000671841880107993	0.286671574404154	46
-0.017090654517603	0.402306355756155	46
0.087926279653314	0.178782721989161	46
-0.119699454235956	0.549785391727688	46
-0.062371390308065	0.359674147866319	5
0.065145393748381	0.183033114312746	46
0.07004508697684	0.192583908761831	46
-0.029147615548098	0.322432367724641	10
0.010330708063775	0.166351640285184	10
-0.045670803929376	0.229029007938665	76
0.014632189236579	0.222905143336034	35
-0.068385528258053	0.213228299700035	31
-0.034574361173765	0.155658896233294	3
-0.00271547825512503	0.239881014835214	3
-0.095554846847712	0.348566490886462	3
0.052428613209716	0.160074910259357	3
0.011811544407803	0.206253948372716	3
0.040285503455146	0.149641003920156	3
0.067968769690444	0.11219328712862	3
0.094012713621664	0.110657757130167	3
0.067335472046932	0.133875607606231	3
0.074237798228259	0.0741474119832429	14
-0.021856511554585	0.184001153050336	14
0.03648888813142	0.17155989211253	11
0.004856498317066	0.217282435154656	11
-0.036596483640043	0.0996994327156536	11
-0.041124858679836	0.100541425438789	11
0.021083528209469	0.0860659086230719	11
0.042305972794276	0.249441178451236	11
0.116369594799627	0.325406462603111	91
-0.110540556906228	0.603424847970293	91
-0.067893549923362	0.688774037065406	91
-0.103828006556648	0.406909449977606	126
-0.029934615572518	0.420369732411674	126
-0.031541350980312	0.267488364439243	126
0.017059184106978	0.13191606989063	91
0.120907153938918	0.112450554600793	91
0.076316314689046	0.108529338651563	91
0.059098899668364	0.293007761172863	17
0.058478693751156	0.194291421781288	17
-0.024496147490259	0.530643322594265	17
0.001106018310328	0.586908037157834	17
0.006079804851504	0.491850104003201	17
0.077044716884596	0.305592272108993	17
0.039234668494877	0.323845174775662	17
0.066101249794487	0.342902951945925	17
0.029290077755324	0.411766122845966	17
0.115438459997978	0.223171079985612	17
0.067541511174439	0.298391488113954	375
0.082281814183632	0.26836296272278	17
0.020096778986964	0.42534433383944	17
0.107214280296225	0.0657594921064793	17
0.082249854817476	0.0714555548265266	17
0.11382074372993	0.0602861375248293	17
0.076258594455947	0.0726184793398279	17
0.047564965468869	0.164603097642909	187
0.091508198153254	0.132661426916048	187
-0.056389759957702	0.351715777678436	187
-0.00192158684219101	0.37469632085019	32
-0.070113823230811	0.528424460769148	32
-0.042391023540083	0.479005902391937	32
0.044698227494111	0.276398143712808	32
-0.101962719354102	0.620643132874589	32
0.053194012236005	0.334620222898651	32
-0.038760785844646	0.52682951699303	32
-0.061212446013161	0.440604884891111	32
0.058243850968557	0.15833317143483	180
-0.113281510912803	0.56736196233114	180
0.00596219181150001	0.415151880438428	180
-0.023759287736248	0.451130791290554	131
-0.035371251562292	0.368856958661791	115
0.092082003618222	0.133221791765295	180
0.010282392023505	0.250403848658301	180
-0.090020828916845	0.385875307364708	46
0.030956811115345	0.227964963324815	46
-0.00879401982908801	0.383207059271355	45
0.120671172141455	0.154695385754548	45
0.105147006484125	0.185351082993849	45
-0.07208460575295	0.347895594545468	45
0.015881470436205	0.333107665033962	46
0.077572568570012	0.188819142254122	46
-0.035266117080584	0.390323121667352	46
-0.039106604714942	0.0984696853611077	46
-0.077632256203883	0.318209675763636	46
-0.08209659764543	0.375474527911048	46
-0.122494649291373	0.472653322000232	46
0.114678590282121	0.156624038563006	46
-0.116583895586431	0.527968548043797	46
0.012144155610648	0.267707727309415	46
0.114477168722013	0.14735021063407	46
0.087438183584319	0.137058868359803	46
0.033180528805476	0.258259295346407	46
0.083260557955318	0.183841705651239	46
-0.088551950911479	0.339317579831931	46
-0.026279614059203	0.304485540252837	46
0.089761216658911	0.174523268148814	46
0.116508779658745	0.124966949961266	46
0.096243320097196	0.130316492612633	46
0.090884318950184	0.149145383329642	46
0.107211829730961	0.133322415260699	10
0.010687798052872	0.138541670817388	10
0.063038236259966	0.173204668747724	10
-0.073907494602913	0.300707928100739	3
0.019330150377561	0.20625792006716	3
0.084781628834843	0.155430873881579	3
-0.114946220977105	0.353848552619746	3
0.112527643227903	0.0871003231006144	3
-0.000063671532677001	0.172008803709196	3
0.031516172009862	0.155286332011364	11
-0.048291927785792	0.224485757289948	11
0.078963941262053	0.0725679230976462	11
0.104676904947962	0.104572796581469	11
0.118101728808674	0.134660666442756	11
0.04026356209828	0.799688136645198	91
0.078062051544552	0.459002076383939	91
0.023088819254899	0.479625278163835	91
0.059045384610504	0.325617516092011	91
0.048615011678535	0.329969352284185	91
-0.00821056253272301	0.376795619493656	91
-0.060801964447083	0.407261466891053	126
0.062463557702416	0.357549430385228	126
0.106538218121379	0.25890649222422	126
0.08418187764964	0.357592673533552	126
0.006812726572513	0.380370663228721	126
-0.032633817536847	0.268412277411396	126
0.008966188889175	0.272200516269478	91
-0.00332353094613602	0.49857369656854	91
-0.124779439135432	0.575613972743195	17
-0.108325088355961	0.879288511516619	17
-0.107118283786919	0.761524687924623	17
0.002010773471394	0.531163562054406	17
0.038891388638381	0.429542762690831	17
0.069621616595519	0.341925844251967	17
-0.095526009023476	0.702131211090248	17
0.084904161996192	0.247719311373544	17
-0.00556036908470903	0.545272344508812	17
0.101790068153224	0.0670388208348094	17
0.123604931632477	0.0821101423809483	17
-0.047712289508369	0.229215454535597	17
-0.057274613305241	0.283239145283413	17
0.111421198070834	0.0628029668414437	18
0.102449495648533	0.126910448537916	187
0.062584708209	0.152243064949998	187
0.068202674619172	0.207315122044324	187
-0.071079792475464	0.59224194391591	187
-0.035217288433394	0.290688531151275	187
0.02301191472186	0.254035993813458	187
0.074456540960008	0.192292305624471	187
-0.059810816126889	0.348566380098692	187
0.018491220701188	0.200400970950215	187
0.114186855657758	0.0855909021183222	187
0.120072106135926	0.181086217051204	32
-0.0000273153003009785	0.367739583501117	32
-0.084241553585509	0.64886655542402	32
0.066009850334126	0.304452133239836	32
0.065791044996825	0.273895939058918	32
0.096137752134659	0.251103206944119	32
0.075545930086795	0.162757911888526	180
0.014779026006818	0.37672716262735	115
0.115313292418092	0.189307969237159	115
-0.066024993806859	0.550388991427528	131
-0.117144562237057	0.652234162405956	115
-0.1152066613913	0.517933130399126	180
0.054187906973047	0.209382320353749	180
-0.076623310815574	0.398121015240413	180
-0.03234545129593	0.19474167013833	46
-0.089874887257566	0.507657209504952	46
0.039177070193924	0.2889049913877	45
0.039306660142879	0.199580340245318	45
0.099778254677672	0.143047858489523	45
0.116404767369709	0.150022488581605	46
0.06182907687793	0.261538647859573	46
0.011955135314509	0.345192620009229	46
-0.036522836815396	0.488502217530949	46
-0.021133766405283	0.340806474548603	46
-0.039904612270851	0.378654921277351	46
-0.003776996853669	0.279694616780819	46
-0.012527527721977	0.251733209233535	46
-0.12001462291187	0.369205083702972	46
-0.052091757216218	0.375725850600813	46
0.00879274460076801	0.268398170295726	46
0.093137823830522	0.178297744599107	46
-0.00324655202373902	0.241197330824621	5
0.077491909915828	0.160538875036737	5
0.12402994900186	0.0973777957232908	46
-0.053078920206012	0.282188712719599	46
0.019683733064136	0.232787926175854	46
-0.071540880239769	0.349190425892662	46
0.113055573031053	0.102751659603891	31
0.114602104665852	0.0624306820002342	31
-0.096166404690173	0.393293028968173	3
0.122848620200055	0.0971712752144957	3
-0.091978504769549	0.285354830613364	3
-0.021800428672202	0.208313606818407	3
0.112282359549901	0.0882483697345885	3
-0.077060894979221	0.305506743010947	3
-0.084117683549643	0.312429321059929	3
0.081736939711062	0.10480751532117	11
0.01317431330652	0.16737340652166	11
-0.08153307452069	0.253206541070766	11
-0.023034627455498	0.188357265167147	11
0.109022717535787	0.088340612509238	11
-0.088249339269699	0.283724108685745	11
0.12147373472273	0.603897071616724	91
0.109273037498305	0.594599957216008	91
-0.046498098671494	1.58673188820237	91
-0.000563569722186019	1.04251524230844	91
-0.069208839832119	1.21982170775988	91
0.062110250907689	0.44443170041552	91
0.111238868599117	0.310964369796779	91
0.078954515810979	0.428159704995135	91
-0.027397058876773	0.685580048205495	91
-0.114626538340818	0.995711664965446	126
0.108807480776885	0.261315292355939	91
0.007894921868805	0.255575243583614	91
-0.086195346737848	0.446510918788331	91
-0.021192151575341	0.570265083271841	91
-0.084510773911703	0.70337329951016	126
0.117896646165188	0.247869183417979	17
-0.0535973264829	0.506162770267673	17
0.051151836969543	0.318069481334963	17
0.123637817817857	0.199883310333825	17
0.037810069915632	0.349411442624537	17
-0.035864061348987	0.504942561434277	17
-0.09338509806441	0.642064112336845	17
0.036814306410849	0.372230998588956	17
-0.011815404337147	0.429941568482506	17
-0.069544977787486	0.660378727246413	375
-0.013794710967422	0.42698442788754	17
0.00998525252829099	0.351351907951428	17
0.077652140727634	0.278114584923225	17
0.012235721009022	0.43510597577165	17
0.00189726073861801	0.254900796550187	17
0.042406501186834	0.14915798961434	17
-0.03574725989789	0.21575735614187	187
-0.058817923977836	0.608707319741406	187
-0.015265355846507	0.407602349412724	187
0.067778954116892	0.265556805841961	187
0.118152347797206	0.245958737127239	187
-0.031761813010703	0.238209419907755	187
0.029866150178454	0.36521532668462	187
-0.040473371435114	0.409086073498924	187
0.054357874132265	0.291954247922182	187
0.10565487588429	0.158141696679018	32
0.094849660671688	0.208542320319576	32
-0.027350963676043	0.358215314640055	32
-0.118296382492999	0.588681191684581	32
-0.104025276892512	0.5452658709713	32
-0.025707179740639	0.382118805822372	32
0.09955111854719	0.192824649869406	180
-0.076960723547616	0.457834716101742	180
0.105491566437454	0.163411355906736	180
0.057283119973345	0.324045640961989	180
-0.015649145272579	0.436136721489892	180
0.062730192556654	0.32424480287791	180
-0.0000178878020810069	0.316789885964765	115
0.091806377565276	0.146914775649067	180
0.047389363422145	0.260018628233088	180
0.102071491338656	0.219890651585177	115
-0.098142928254835	0.295225814681338	46
-0.090128655916886	0.260273407186029	46
0.069662094648147	0.208661720297523	45
-0.119325389265276	0.434018506542861	45
-0.042897221147995	0.296230268540165	45
0.054782396265223	0.16022424355575	45
-0.114139881835675	0.436617701264299	46
0.008979335683378	0.369294294017718	46
-0.00665517414561301	0.414388662611367	46
0.114853102593513	0.180262494489855	46
0.055057964043871	0.249564344560717	46
0.017492531767254	0.219207308605691	46
0.081650549444587	0.106183079293702	46
0.036398413488764	0.152523860106209	46
-0.028162344248739	0.237167904113872	46
-0.033106139723326	0.3116350394318	46
0.023331938852968	0.233566124311017	46
0.099121496204185	0.15266729792535	46
0.022831992698037	0.204703059266366	46
0.081164321171213	0.196123167149862	46
0.044987359414584	0.186338366941341	46
0.076341299676395	0.159877928272331	46
-0.00810554942117198	0.264634831553611	46
0.053327366711143	0.181907421180307	46
-0.122979772023702	0.330317635123329	46
-0.023505051536893	0.250203111092716	46
0.061462464278548	0.183933267593573	46
-0.047054112877594	0.225984350833847	46
-0.091613439352601	0.253698307960452	35
0.038731313661062	0.149342014589303	3
-0.119394131113398	0.239613546107531	3
-0.070217011820269	0.165747862159498	3
-0.116770037474371	0.233655752101533	3
0.037023282589098	0.16635104095411	3
-0.044907389656407	0.222131738930215	11
-0.09315635266919	0.286294328976671	11
0.109881294797267	0.0653536317207473	11
-0.033276571808733	0.096771427667476	11
0.00612287406086601	0.167125794949872	9
0.110700807771124	0.103198913688349	9
0.086851680843333	0.135613683480814	11
-0.08415961293308	0.408742514627316	11
0.118799330525742	1.25089521327778	404
0.089819389028639	0.545862318204241	91
-0.070344841876213	1.41514181031327	91
0.00772085308409501	1.12911737780024	91
0.075341498943455	0.426444122754377	91
0.016521259813261	0.515484390174121	91
0.05743921124439	0.33937540147643	91
-0.038059014340262	0.636332347914282	91
0.102935195871996	0.231938110470471	91
-0.026392198307683	0.579302576691323	91
0.075586754044159	0.294192614765009	91
0.12082353311226	0.250291143452049	17
0.083551531487068	0.310068345106894	17
0.065829185095035	0.194878736561415	17
0.124405941430287	0.17427149020936	17
0.098620611398137	0.222161661213481	375
0.003261478299283	0.453362098866712	17
0.096194088605187	0.272928873886784	17
-0.018130203914193	0.495670871414253	17
-0.117335808872221	0.596187567758053	17
-0.061519071498766	0.48427691117439	18
0.084630487058581	0.219233305240546	18
0.011574077054817	0.3843085627426	187
-0.102699830142105	0.631654332576306	187
-0.031117856085236	0.584685257528577	187
0.090498252873771	0.247606350322682	187
0.112064233527003	0.104332875456846	32
-0.112085840847728	0.324054500412906	32
0.015199813255254	0.260024816398015	32
0.075893594865416	0.314688686756037	180
-0.069232550161265	0.645237508665681	180
-0.022055589159124	0.397983965989079	180
0.01285784984931	0.270085074573785	180
0.00811535096164101	0.191799786412851	115
0.096747914260674	0.127110675661783	115
-0.00384878295254598	0.260216756866904	180
0.066255627156552	0.19619995961952	180
-0.087894850051685	0.573985010076084	180
0.013030993403589	0.321188422204073	45
-0.034247200348273	0.284675798828449	45
0.046540218290013	0.225293916994894	46
0.026606188018883	0.3714843341243	46
0.086631793518564	0.202355108694148	46
-0.100123055745191	0.398399308885141	46
-0.044087158462765	0.398480964033853	46
-0.00895490075513	0.24618968085055	46
-0.113481810493075	0.362675067712322	46
0.026122453185515	0.200074008058281	46
0.099847038354674	0.113957817465427	46
0.04373722369558	0.252344817525122	46
0.013348354164745	0.189110391312446	46
0.122225249888639	0.0835168913660354	46
-0.115690261845206	0.26184502221701	5
-0.00274409911434897	0.282880081806987	46
0.122089273824226	0.110542508726699	46
0.086979401438015	0.101467999486037	46
-0.12334160645178	0.24063437666327	35
-0.117247911062761	0.236248344890679	35
-0.111808145740613	0.326828805381846	35
0.015648481811743	0.201815256912762	3
0.074632742543176	0.0746221026707891	3
-0.029728694622167	0.0927667124319931	3
0.075204556007389	0.161994446650276	11
0.038584163547529	0.191289371230718	11
-0.060653382436177	0.254185997382092	11
0.02353388228849	0.204676528213417	11
-0.102627038174546	0.315757055104774	9
0.101962179908884	0.12740489769044	9
0.019361452869593	0.221472681725863	9
0.084410141601173	0.133199043447327	11
0.084842285830535	0.104175968406118	11
0.042816538706043	0.667451769437677	91
-0.057065068465895	0.881461879372426	91
0.028707681129529	0.796310188968207	91
-0.110463966155124	2.06550246200335	91
0.122231002069356	0.291517769174148	91
-0.112374077683608	0.951574631285524	91
0.082314295909576	0.422152112177778	91
0.072796776524235	0.307305824424269	91
0.04475584138931	0.444564433327122	91
0.117646381574572	0.187008441646434	91
-0.062098155561814	0.580980576397447	91
-0.03362792880526	0.48005785302915	91
-0.011855872345329	0.320742422100549	126
-0.00591054645368899	0.556895462506137	91
0.085709018170896	0.362999815997032	91
0.075127776902672	0.344017515627344	91
0.10758887548704	0.153709453167577	91
-0.052327643613444	0.548584989500594	91
-0.048958918067755	0.48108020238803	91
-0.04723055875039	0.750121785262359	17
-0.023243646466299	0.212377696293951	17
0.018202172483574	0.160896684761342	17
-0.081728686403242	0.251244580690686	17
0.094944950114675	0.197441421409543	375
-0.015969993337048	0.346638861736946	375
-0.062697763467765	0.411314630087075	17
0.056272734814099	0.174635612182776	17
0.054959143802935	0.224417520517054	17
-0.034681231473945	0.418169836679377	17
0.111403683552863	0.237778520969019	17
0.077552201785461	0.279473439723564	187
0.118826948285888	0.239657154622769	187
0.102751926977318	0.315838953915498	187
0.110007912969039	0.225902735600292	187
-0.021427060218265	0.777491226227453	187
0.055235985847894	0.117437198681806	32
0.122983034671725	0.0794057031751586	32
0.019209103160001	0.131993586666713	32
0.081609202617347	0.267846340213126	180
0.050352527975677	0.388851216875257	180
0.11714441566823	0.143805882048673	180
0.10841853142528	0.0648221510791668	180
0.034515442453719	0.169320249817924	180
0.100999856500272	0.23075989304542	180
-0.083218369599854	0.747102227164629	180
0.002825663943298	0.463427069496656	46
-0.095470341716031	0.252081259979673	45
-0.039999809960841	0.222320573672069	46
-0.055599670154753	0.3999094017809	46
0.04211868741463	0.28609814773378	46
0.077378711854103	0.108418745998258	46
-0.034913422509697	0.159343705948567	46
0.047351696808501	0.122801915048358	46
-0.074178044848475	0.166713884552222	46
0.085148741948428	0.226162804077036	46
-0.074496466050775	0.239109876063462	46
0.098295317570863	0.066633490896009	46
0.037929165298872	0.127377174871075	46
0.076318799393214	0.143806900294396	5
0.123512815979808	0.0613782826616827	5
-0.087979169616387	0.257836593505437	10
0.07567173191207	0.073394529828836	35
0.064864505212192	0.175505731768298	31
-0.054455413907972	0.370495623815229	3
-0.029187087013369	0.0938324964532172	3
0.028685184759036	0.085159475233818	3
0.12243105950472	0.0566870129176539	11
-0.032509860274127	0.0977274106413426	11
0.08794508830536	0.115411663233105	11
-0.047902386162569	0.450887216784729	11
-0.107464800788418	0.434282634719053	9
-0.121481476899698	0.518996594094925	9
-0.033955620647418	0.15811704415974	11
0.068055719934155	0.433230959446445	91
-0.00845080594507902	0.667977689602888	91
-0.027569626263365	0.759677627497462	126
-0.124606713435251	1.05127841039829	91
0.09106328217067	0.283206697689155	126
-0.063189832304944	0.751852665779891	91
0.053958898516832	0.435140749424306	91
0.073344361420921	0.374667697572763	91
0.020272094675536	0.467318268452685	17
0.080505382661097	0.354966955716071	17
-0.08596803880873	0.865839720052105	17
0.094885172461779	0.318431244174805	17
-0.030683380424755	0.609576875334686	17
0.080971980774892	0.199353639889237	17
0.087523267546082	0.164151652529002	375
0.104472281907324	0.232484571611158	375
-0.00684224041200399	0.511974826301121	375
0.071661114193936	0.23478159664017	375
0.081805806194466	0.201041822763298	17
0.090375922803261	0.182769598222464	17
0.068198591217994	0.247567425632213	17
0.034833940818604	0.290610209504828	18
-0.059394689935091	0.500254990261455	187
-0.079285102882206	0.46000411783375	187
-0.055315963029689	0.628497529650734	187
0.021512938263381	0.397269862251259	187
0.00497887222931301	0.422581971930174	187
-0.049399741360892	0.595723025069882	187
-0.055497571002739	0.613655797325094	187
0.082458130600217	0.319423978514059	187
0.000996370634645999	0.487437073338042	187
0.096052237534234	0.260867906133123	187
0.065969754864706	0.286569939893684	187
0.026517501532802	0.42158759924504	187
0.089520648149914	0.259225162951412	187
-0.075353139589537	0.303312369323716	187
-0.06259921466442	0.290321163873002	32
0.106497300736942	0.135577088128016	32
0.107892629490964	0.250792607378816	180
-0.013649547821416	0.479843356548432	180
-0.040288086301032	0.489242754721574	180
-0.020764947706404	0.251274829646855	180
0.034472306195715	0.221673323840399	180
0.043867679677127	0.320447975437833	46
0.008332206497595	0.356511342933034	46
-0.093038360221319	0.575220671392666	46
-0.070915299469214	0.490084022510683	46
0.09865928210833	0.130496690509153	45
0.037059221695483	0.219764699248236	45
-0.016601603408766	0.297657275946395	46
0.100321289395754	0.197377477512758	46
-0.01544992180249	0.385926862512953	46
0.103287341916519	0.207183717399699	46
-0.00450184403801801	0.399488239149947	46
-0.053829750151886	0.472844734498806	46
-0.038437335245952	0.427549473383774	46
0.052755257416748	0.332953889652724	46
-0.091907380686212	0.474062449577741	46
0.092828638806751	0.165201207282419	46
-0.008498797707643	0.270307909566774	46
-0.117362453896147	0.521122865326742	46
0.076435945716138	0.144974134382522	46
0.012576802646974	0.138434025965809	46
0.103878212780343	0.138680483728937	46
0.106282893398314	0.153279889672306	46
0.057862090250821	0.15711299495997	46
0.112313718351713	0.102628776713566	5
-0.121803238274844	0.23545823195198	46
-0.103608634758017	0.453597749472645	46
-0.050429350433079	0.232203776543065	46
-0.06500133490823	0.206534295125141	35
-0.071615046124124	0.165922751908419	3
0.012556874814823	0.139584990593477	3
-0.075392986055554	0.172075917199599	3
0.00357963705911599	0.169319793456669	374
0.104923018850113	0.0943411360871847	11
-0.093066985254683	0.260499262391905	11
0.08039136070445	0.159732132620139	11
0.108118998654554	0.120098793657562	11
-0.047844817571428	0.305078355580676	11
0.041385395399472	0.150205557399853	9
0.057110611630688	0.201597954967733	9
0.043726569791317	0.126987483191088	11
-0.017103546295289	0.24986051096017	11
-0.118294177859813	0.488558153607177	11
0.052463174143715	1.67072108371084	91
-0.080236863888914	2.16256436060686	91
0.018508612796015	0.992778702436624	91
0.063603706602473	0.543407142980864	404
0.100359632169172	0.377045602520107	91
-0.006675042288314	0.788796299287415	91
-0.032865536684146	0.709624665713526	91
0.101881674720272	0.298676164371524	91
0.122043263153567	0.232703391013153	91
0.119082409262074	0.181772311012426	91
0.072687198127992	0.2926261381404	91
0.044130506442642	0.266378472571527	91
-0.051853980860858	0.460140887839432	91
0.110847163185968	0.232710367016776	91
0.026725492080351	0.451222665989254	91
-0.059143602336052	0.536726278110018	91
0.10419394110536	0.237399007082908	91
0.091380797241942	0.260894775601839	17
-0.054924864562145	0.624962423989893	17
0.074797924758269	0.255100268227649	17
0.050808130363733	0.305788021212161	17
-0.121054284206431	0.58634763004159	17
0.069845379014342	0.249631198716248	375
0.082330867867931	0.290630548584227	17
0.039177001899888	0.20876011697125	17
0.100675295704941	0.148899210907143	17
0.081500163548256	0.154219199258711	18
0.068644442208286	0.217764592449731	187
-0.040596420272514	0.551584684591947	187
0.02080961442292	0.420725474900036	187
0.097091517422724	0.249191773953799	187
0.056136748845674	0.294860189030497	187
0.00704824251439601	0.396092033525838	187
0.060358519295702	0.266688726825436	187
0.063174050993081	0.202352681292595	187
-0.05320442713006	0.390867326067455	187
-0.099476866611612	0.438452044268315	32
-0.016524905336442	0.370234828236214	32
-0.11487089291743	0.712325793693367	180
0.00427138522163401	0.407184578080183	180
0.097385003133792	0.158315166892521	180
0.00854433521272899	0.287128874383491	180
-0.023063636203907	0.428214517542298	180
0.095728786215602	0.190423016540372	180
0.033109471321458	0.314615500173805	180
-0.121617249781163	0.390582930697089	180
0.082350501600722	0.219784237507369	46
0.084929249431745	0.179462425654815	45
-0.082111178443128	0.402860635325287	45
0.033146264425737	0.259419637486844	45
-0.112089720533569	0.406755970915544	45
-0.06027819182284	0.478424026279566	46
0.033460439859987	0.301001249563954	46
0.092906390115149	0.258533691069233	46
-0.024838528694129	0.379615234791039	46
0.007517272837089	0.139096028899694	46
0.00598036777051	0.231751159732494	46
0.066336582337125	0.149101963149455	46
-0.065979876768222	0.408468043211592	46
0.060623362553753	0.137338627985844	46
-0.077307400190048	0.472872193842567	46
0.079355930820866	0.156868959403031	46
0.013204649088094	0.209646427227755	46
0.047952053284282	0.182257227284062	46
0.110903868843573	0.11792105819548	5
-0.087267484771541	0.274996458901943	5
-0.064696578109487	0.27007476165994	46
0.011203843860917	0.192272843785379	46
0.01285760602104	0.188476431145225	46
0.107112539434486	0.092941919199683	46
0.076429389202135	0.109581090748935	35
-0.022972677886633	0.188066740072019	35
-0.036189440397802	0.272668190726687	31
0.010168972047284	0.166496359580098	31
-0.036422214230231	0.213089755337302	31
-0.117614325803272	0.268248474542013	3
0.036398413488764	0.152523860106209	374
0.115362858108276	0.0858503548319506	11
0.079729221732307	0.104039971101554	11
-0.022088499755949	0.180680007558374	11
-0.040978670563956	0.246014501125435	11
-0.091071986421718	0.277685885646465	9
-0.122595617729588	0.272956570141334	9
-0.016125166243304	0.232970999753387	9
0.084344313527914	0.15898681414508	11
-0.020736925500075	0.213016746234159	11
-0.064408679201081	0.427518228163084	11
0.104302039168603	0.837878752566439	91
-0.03545263104079	2.1074426577141	91
0.101522582639252	0.704975539877795	91
0.105692022107747	0.310416325320201	126
0.105150612782851	0.267066623723713	91
0.11447713412026	0.176032731935177	91
-0.039165886344484	0.556919070809367	91
0.076678610463392	0.224182480898988	91
0.079400715502993	0.337347298359628	91
0.014281564005663	0.225789591582402	91
0.068072273498984	0.29922979075257	91
0.057495431992024	0.392032253931609	91
0.101703835046348	0.258112818591872	17
0.08765585276143	0.266695389010658	17
-0.041329991092037	0.604563920320481	17
0.033807541925431	0.408759747582234	17
0.020616066999544	0.345393583186653	17
0.104864871255839	0.215682499609139	17
0.084849207013042	0.2449631988585	375
-0.028656327764019	0.531081925917137	17
0.099902282564299	0.108262937007038	17
-0.050680519658385	0.231445755846416	18
0.080926195255105	0.168432216345692	187
0.025830471959304	0.238824868813948	187
0.091816278596605	0.201681314867643	187
-0.038479684693653	0.383127206884112	187
0.123470525541848	0.137908466568184	187
-0.037993365606617	0.248959400866472	187
-0.104046452275796	0.478498919394217	187
-0.00619279556573998	0.356729906872743	32
-0.027112620546371	0.40859516143931	180
-0.069061844862336	0.386787385307042	180
-0.015080249173675	0.418834153705819	180
0.082862076629169	0.179306143336251	180
-0.000753403082775994	0.432827458202131	180
-0.108967236287002	0.47191763454513	180
-0.101484634044199	0.448194921895992	180
0.109412950229469	0.168608119814427	180
0.088764166805215	0.192840869757904	180
0.095984243473435	0.14660908203192	180
-0.095834503919596	0.288789770530487	46
-0.013171638160693	0.299318738915582	46
0.124604091676721	0.142245613142418	45
-0.113993947979296	0.389812948217465	45
0.046672227656736	0.303926771005823	46
0.120589945056019	0.184686389568397	46
0.013537890388967	0.350284120556768	46
-0.085543841927068	0.541417838877215	46
0.075393451894339	0.110477765977	46
-0.120843491457422	0.275187066940336	46
0.022134987406344	0.234586216070914	46
0.084557459576187	0.187797572017821	46
0.055410470388419	0.194080828838715	46
-0.074718447821535	0.368692701677778	46
0.02017992675728	0.243542978002242	46
0.00921746557795999	0.193256384048101	46
0.012461310713691	0.228440175459905	5
-0.000165475656654979	0.219819602353837	46
0.048021746206822	0.167283178307893	46
-0.053487451432533	0.231748593426067	46
0.111672123898731	0.117651568035741	46
0.048332806105074	0.174065487206603	46
-0.010765717813929	0.204704825727636	35
-0.040551563157103	0.250685361355496	35
-0.052887920419412	0.235577612030495	31
0.073561407832707	0.127410155540684	35
0.046769007898808	0.160931276760759	31
0.056097376527389	0.136903333263894	31
0.015038268080801	0.131346625256156	3
0.108675508310134	0.0656685239190325	3
0.107704114368778	0.0654134293642914	10
0.077466708772112	0.105738932500731	11
-0.116803190048303	0.232628937091002	11
-0.026560924497354	0.14873765911677	11
0.033720372470606	0.175590739986138	11
-0.083811070265515	0.168438850474815	9
0.109881294797267	0.0653536317207473	9
0.00154913731259301	0.255241761657292	9
-0.028026726170194	0.152235739469704	11
0.124274984188803	0.693822300248759	91
0.052562172490608	1.19041149715738	91
0.00750431818693401	0.391427162392434	91
-0.002784840640978	0.485795061472732	91
-0.034996958563977	0.796555113620334	91
0.096142556113803	0.114698191132153	91
-0.045767178266021	0.425979691358462	91
-0.026510427664702	0.346256511102614	91
0.096460136216291	0.271007998656728	17
0.06637757241134	0.326850877462603	17
-0.061079350194864	0.564742515242364	375
0.117959931174911	0.190439614728252	375
-0.056561368712932	0.704629628927607	17
0.032023495456099	0.467281677701569	17
0.058436277555484	0.169597005667294	17
0.093386287348797	0.145927770279256	17
0.053588844115039	0.137430147531956	17
0.069032356183266	0.112509519205269	18
0.066108578876408	0.13465503420034	187
0.062463206333763	0.228996385215288	187
0.096279139686547	0.167197092399546	187
-0.063557783224078	0.471513476183677	187
0.070255502149628	0.126729317760069	187
0.00811952268445301	0.398378251095171	187
0.048678847471629	0.284200540414909	32
0.061814602731667	0.255689591202024	32
0.075355536169931	0.253906632010041	32
-0.00773271364767902	0.45087647857604	180
0.114155417638706	0.17303512260084	180
0.067082660086826	0.208968390437979	180
0.00526262589854101	0.325985279289262	180
0.089863093267773	0.174104038602107	180
0.000308737154915001	0.398832204064759	180
0.033873741176707	0.292195301077274	180
0.042039002141343	0.287793599318482	180
0.04192976921216	0.262651861375622	46
-0.021645218245849	0.37227121237787	46
0.124986292824768	0.141237784634272	45
0.08130190997193	0.208791012501326	45
0.118798499230915	0.124131403189324	45
-0.061884638938479	0.464980853257675	46
-0.017321120118505	0.455637474892764	46
-0.119354658191257	0.233880737577237	46
0.05764779647552	0.206478191053025	46
-0.108969773680826	0.551845293077303	46
-0.112453331071459	0.468355977807281	46
0.090735469649306	0.173573037167225	46
-0.021448514217922	0.347038484871786	46
-0.033244886533469	0.359768510710616	46
-0.021071151950263	0.325538618911548	46
0.106168792118413	0.161220253884116	46
-0.058823381291551	0.377671935447802	46
0.084505817471183	0.167871996771257	46
-0.080200294402288	0.35975104596227	46
0.01866352953221	0.260547697210906	46
0.026868993853691	0.178409705037685	46
-0.062730828703959	0.313887624320911	46
-0.10654322240398	0.325666801375025	46
-0.10075000743983	0.318620303681959	46
0.041436735868142	0.170012743608958	10
-0.016514255336366	0.257519977471353	35
-0.116757358411373	0.357737299791834	35
0.033454163522988	0.193402385828687	35
0.073698073764779	0.146290903432964	3
0.060370244635795	0.136760589273609	3
0.036279486558431	0.154640787898802	3
-0.028217053511996	0.191157843089312	3
0.081761077421334	0.105716716670731	3
0.033604085837539	0.193414900909673	11
-0.028145071361462	0.190914079309974	11
0.00610567726601599	0.166025725228756	11
0.087875968125	0.120453124527828	11
-0.121985880674988	0.275306300130022	11
0.005641337045458	0.139625997535393	11
0.011224319838797	0.166208076923339	11
0.084804300260473	0.104134183473949	11
-0.069204351337844	0.21187775973307	9
-0.037420665086924	0.329620068040826	9
-0.030984859463283	0.292887586098202	11
0.111925981468557	0.0631658508574607	11
0.091852583166749	0.275917360132646	91
-0.038035813009125	0.399160220430354	91
0.003097538062525	0.21926998133846	91
-0.034056032749309	0.649967764906521	91
0.069305934075142	0.223285731643742	91
-0.034431373288944	0.293711272104419	91
-0.087347177566232	0.624040960401186	91
0.042806740720585	0.361881982412648	91
0.065880547663274	0.353729679303853	17
-0.016671289180932	0.580304797101953	17
-0.026028818704271	0.614487266826415	17
0.038043494582601	0.421930400153007	17
0.030359453583428	0.43097690841297	375
0.052847993019694	0.356291252191963	375
-0.00624919093889298	0.521197292174648	375
0.017794473718185	0.488996472896895	17
-0.014925793884471	0.464446446771948	17
0.054039359911895	0.1809414388406	187
-0.076764157356333	0.508274370912138	187
-0.08045754784815	0.558697646556743	187
-0.00937160005065901	0.426761141978164	187
-0.103537074249164	0.866309869901519	187
0.066016438825294	0.204451839140166	187
0.044083735066357	0.168090209741289	187
0.097388923688169	0.208879345859406	187
-0.088470013574614	0.573176919486853	187
0.00412701209686101	0.400647578076445	32
-0.095947071792324	0.628766691349945	32
-0.042929861404897	0.443618743123726	32
0.083890685272002	0.179556145271829	180
0.104569676353635	0.15064845949646	180
0.097813773982576	0.242828916341832	180
-0.042548830948337	0.505842588273598	180
0.075458987969326	0.246851304679493	180
-0.111198754712415	0.557564370374396	180
0.090344344975842	0.193337870027436	180
0.070378216193005	0.221044973387281	46
0.048190672793395	0.182924401873293	45
-0.070983169121075	0.335265993685452	45
-0.071694483690994	0.507952072798713	45
-0.033257766828947	0.447978213944773	46
0.109114179021494	0.105183157370474	46
-0.089139303003369	0.614893817452424	46
0.094585322712784	0.113637181367628	46
-0.108199056378203	0.467798665270431	46
-0.091036182306775	0.391878268031898	5
-0.007430535885665	0.312843879899704	46
0.00328953902950899	0.255928993029906	46
-0.030059297957658	0.332215149847546	46
0.00999449594924401	0.22772143613256	46
0.015883521167005	0.26378133942843	46
-0.069481709608696	0.344589320271589	46
-0.07558293361477	0.35049977629115	35
-0.103607920226119	0.407555593662127	35
-0.110921308065984	0.330390631855187	35
0.111213940963954	0.0882675379743663	35
-0.067109339424139	0.209917308005417	35
-0.031307073166071	0.278272891638628	35
-0.033618608102122	0.281649936955557	35
0.094720980799217	0.129597269371201	3
-0.070236829085652	0.208772746088347	3
0.10916491369016	0.0917471931832908	3
0.048892083265631	0.120026905365135	3
0.110364187721406	0.063228882778523	3
0.035945150602909	0.154355664468667	374
0.007708602059284	0.139356903065991	11
0.038718207739148	0.148054702008378	11
0.016574799847945	0.18358983915598	11
-0.059413615826268	0.287142841522909	11
-0.047586773868881	0.0987601573422019	11
-0.078594742752481	0.249824120951562	9
0.038483208851338	0.152525192822126	9
0.08462785992561	0.139974229106692	9
0.041681340321978	0.0751481173246837	9
-0.031907053149796	0.156626058645988	9
0.012498985545354	0.251652588626064	9
0.052904814012045	0.254747580475664	91
0.090543938843395	0.318345413257085	91
-0.00782459325367502	0.723722029058654	91
0.082233500054387	0.377411854425849	91
0.045872550368434	0.405230851528767	91
-0.094353281556882	0.438763927635943	91
-0.058494084303011	0.732019746359715	91
-0.045500637116294	0.271165432874864	91
0.065165638174066	0.341617831833087	91
0.031807751971984	0.43470070978152	91
-0.063610401927603	0.367253364019752	91
-0.064010111713251	0.26819735960981	91
0.040657674317329	0.272634037028247	91
0.080557276042532	0.309490787846222	17
0.023992817261677	0.421589753768682	17
0.038240605534152	0.406906891695684	17
-0.073626603778138	0.641844862204827	17
0.058380380612556	0.311847207224182	17
0.00100458500163	0.454462441849559	17
0.00211282679983901	0.466768330289095	375
0.123765136112105	0.195412501738134	375
-0.10148292080299	0.40534735292292	375
0.036054636202759	0.410528834607049	17
-0.022055363902811	0.589698764314266	17
0.122331355234847	0.192683609262498	17
0.051016945205368	0.121514405563473	17
-0.012635619857349	0.20628400764999	187
0.032639588774923	0.194143838432256	187
0.073558267896924	0.269716502216414	187
-0.00801514560807498	0.398929194636218	187
-0.069581300331117	0.539384131333007	187
0.105533095896907	0.149172186676576	66
0.06535773020628	0.306511713388188	187
0.099029691089521	0.232641515179325	187
0.033315470307427	0.258911566311209	187
-0.070309774725247	0.500254739273672	187
0.065972312801256	0.240964575985837	32
0.077966746324056	0.242022837472198	32
-0.019771091661521	0.455000514745183	32
0.062247366098955	0.187030268724844	180
-0.075270883010537	0.533822469588718	180
0.070752764516096	0.253823230201199	180
0.071168361027246	0.210459093042149	180
0.089357546769486	0.194919624651414	180
-0.063402354812532	0.383527679849817	180
-0.068279624951655	0.342592598215236	180
0.048539978598379	0.197017331851263	46
-0.096325139610152	0.446870788534803	46
0.035798302339226	0.261005207755193	46
-0.071191925586859	0.4214314663653	46
-0.075247930790097	0.586579614784621	46
0.091788009284632	0.230865088151492	46
0.0890951187223	0.186214287319634	46
0.037178159785688	0.316547817314971	46
0.00945748059593701	0.300804672778196	46
-0.040326812280887	0.478388480379063	46
-0.105495865977184	0.556878374229202	46
0.081629829420722	0.0694890230884601	46
0.004968876667404	0.192597437601335	46
0.05187560685863	0.192640148124857	46
-0.09815196965565	0.492190306446284	46
0.08032500246174	0.183490990222206	46
0.093234422783897	0.15350400233529	46
-0.12168632924225	0.381890202181473	46
0.123562345762774	0.122233346662431	46
0.120336087571258	0.134121217073367	46
-0.043401776011703	0.252533823475142	46
-0.089615808009532	0.27961956375852	46
-0.121453067958359	0.409120243307646	46
0.03103899644188	0.176396093146226	46
-0.083515625786495	0.246240860211536	35
0.012526355073991	0.225752156630033	3
0.110142171207894	0.105794362292681	3
0.00405157596928599	0.142944980061394	3
-0.039710077936458	0.0981882479462536	3
0.108908876613881	0.0648090571326302	3
-0.031276526106062	0.188938010366291	10
0.07171729394398	0.130714795538754	374
0.028685184759036	0.085159475233818	11
-0.026053784005434	0.190483656160823	11
0.062060870206144	0.134435554657385	11
0.023427599131832	0.153232759693235	11
0.100581498338505	0.0671285252009969	11
0.104806397197538	0.0663772815042407	11
0.018924627697826	0.0828150155015175	9
0.086728291626116	0.165535459999655	9
-0.100784053812272	0.433781999498083	9
-0.025552794950249	0.321795195866598	9
0.097567965765336	0.838753850783654	91
0.080101004101342	0.442839140080249	91
0.07976669035015	0.563839556114836	91
0.11278645495134	0.216223812338688	91
0.036096255504016	0.548642831710618	91
0.025208119157262	0.17837063106949	91
-0.11593362820379	0.514942498057111	91
0.122531445082588	0.189657698627499	91
-0.062596166786876	0.794370858341065	91
0.09964369822697	0.307765882633022	91
0.00270332232638101	0.291327188736275	91
-0.014469282947499	0.248290821838997	91
0.057700470760437	0.398953971696658	91
0.046907995312723	0.355820954989657	91
0.0302046076068	0.467080735373993	18
0.035546383701863	0.331194932327748	18
0.013398606204582	0.451041312528795	17
0.032025122404041	0.37881494315431	17
0.029792001009948	0.412061260659878	17
-0.050654168403116	0.54541767689792	17
-0.033429023965274	0.586955539720437	375
0.010418639132985	0.539659455887752	17
-0.048921577278682	0.253566089970888	17
0.025316597257529	0.201821914127589	17
0.058510435658452	0.174038781563905	17
-0.114489996849189	0.382927990532664	17
0.030643384332622	0.172925316116055	187
-0.050669744988985	0.586386370246534	187
-0.059689625842343	0.447507477776236	187
-0.083457614298666	0.52863139255642	187
0.069695922054438	0.250701737373048	187
-0.019209127247317	0.525859386307419	187
0.111489017974878	0.176246218348841	187
0.042139723234909	0.291967575602803	180
0.061738471815513	0.306452566814767	180
0.104991852742204	0.183165934897188	180
0.052707322088574	0.260190552200948	180
-0.080091115783421	0.482173496077131	180
0.094315248000882	0.183442382991571	180
-0.059574534281533	0.41661658759614	180
-0.087265712831784	0.451744056490547	180
0.047288516021942	0.264657992586146	180
-0.016902008626801	0.318450738679303	46
0.061856853555005	0.22372495608291	46
0.025921932091153	0.194279747861424	46
-0.015966392223413	0.352241604631854	46
-0.054121653915662	0.358726346981313	45
-0.02663177845315	0.326811754983187	45
-0.084601247242736	0.500686437141636	45
0.054497528117863	0.29848082809662	46
0.05481953904228	0.193681860419033	46
0.11139205661341	0.198360403079543	46
0.075034414189637	0.269606580446094	46
-0.115087361194008	0.743362375621075	46
-0.037276076173579	0.24675688954872	46
0.082888843609341	0.122644382279442	46
0.033802412789724	0.210141605680303	46
-0.103811605327682	0.454706829653936	46
0.009659973180108	0.272193573687662	46
-0.024744426335214	0.38142079597116	46
-0.105730755897982	0.431943425421421	46
-0.120236823396774	0.385616792058885	46
-0.121375773337367	0.418077438328948	46
-0.071640863217048	0.366265934167036	46
0.00497740266833899	0.257686366875419	46
-0.105904603758227	0.451390156518483	46
0.089775622581428	0.171563460492707	5
-0.024189746225209	0.314589406670191	5
0.108609655258155	0.132998484160251	5
-0.112685924280381	0.357466587641696	46
-0.075076687444001	0.299667890045998	46
0.027476237340552	0.218502828095159	46
0.097606967023328	0.111746983494359	46
0.090010355285743	0.134103879307487	46
-0.118268829046677	0.382966068459744	35
0.01856471485711	0.181606261124467	35
-0.065839012837985	0.264176482572144	35
-0.097883057283395	0.373478166513963	3
0.066756340605396	0.13176814130199	3
0.112649296934304	0.104275159912611	3
-0.074592982307889	0.218016039447319	3
0.10987173813322	0.0639497707264478	3
0.113616823586407	0.0616418098558849	233
0.012362670448764	0.164723403512224	233
-0.076903466365052	0.167619154492677	374
0.080210651903054	0.139962331516792	11
0.111933979892179	0.0642637171765632	11
-0.09100631824584	0.257936845632062	11
0.083477928335497	0.0705254507244875	11
0.056263129769537	0.116048201559998	122
0.071094096813594	0.0732364178994771	9
-0.027343530689242	0.23669822645074	9
0.051206107534088	1.81949962244563	91
-0.012237852953364	0.98467650830854	91
0.094793282236447	0.498216461007056	91
-0.032764453610151	0.935649170161684	91
0.055712685552843	0.486359867287715	91
0.030264740354834	0.548818180822332	91
0.055052152781842	0.517953762485838	91
0.106857133670978	0.315632797553299	91
0.112589236073423	0.27859422682515	91
-0.100349941767934	0.737244379222816	91
0.02179211229134	0.477790241314446	91
-0.094313021510462	0.520756068222304	91
-0.036056327239504	0.353765518109631	91
0.054966292505109	0.369464646041116	91
0.045232843094148	0.371170809594176	91
-0.030379146443488	0.615579757228296	91
-0.077579668040642	0.788506559616146	91
0.118646142490239	0.228088427864353	91
-0.073594573477986	0.749190499199095	91
0.050018719856208	0.374814326001323	91
0.04898975273438	0.388382998791544	91
-0.002244639742215	0.563919220393855	91
0.084457237474232	0.27859147050033	18
-0.043929786939071	0.560455969719718	17
-0.000607940949718999	0.515596518122359	17
0.080394038492875	0.229487550703533	17
0.097218504636941	0.18096253382277	375
-0.075906692158829	0.659450099204796	375
0.047912649473283	0.292763315339668	17
0.051555923788835	0.313960286699822	17
-0.011564417781148	0.406903305127112	17
0.120311396186383	0.161536014403449	17
-0.083921648024323	0.402868962058005	17
0.013225230072839	0.277811918357246	187
-0.090843696274593	0.528025184261778	187
0.059011924303816	0.249559872491643	187
0.058687273168246	0.277423481483444	187
-0.023974089134972	0.530580799090732	187
0.034049657123099	0.350961018904236	66
0.075980773598904	0.244662053474642	187
0.07419914921516	0.254854199176399	187
0.018206463478368	0.241003733566152	187
-0.115174679612373	0.411147623480949	187
0.055617299832917	0.207339107488607	187
-0.113965343607465	0.435393261642709	187
0.068596419191745	0.182809783649572	32
0.062341240910575	0.225533452853631	180
-0.076752126142817	0.51566329934051	180
-0.09139134065581	0.593888544165603	180
-0.084014004459239	0.56431135292957	180
0.047308525913996	0.259944080639262	180
0.008536093834314	0.263545813401628	180
-0.094360197132383	0.422368746966454	180
0.066025479290109	0.211737100179332	180
-0.11616373148085	0.539176968760983	180
-0.122876215168647	0.60487318218709	46
-0.069809751971327	0.449487228709404	46
0.115631376016624	0.101515268753183	46
0.074399073889705	0.249487280657646	45
0.091962579166025	0.248949339064529	46
0.10168164316303	0.213483648103161	46
0.112283955057306	0.194719249821907	46
0.057497401095721	0.306855759677659	46
0.035145568488951	0.152889814832551	46
-0.075072409468066	0.351751106258024	46
-0.00994217721314	0.28573738621979	46
0.088795508916549	0.135652500104072	46
0.096481890704028	0.126824928800039	46
0.061575395321842	0.204976926631339	46
0.068728489823552	0.130488971341648	46
0.065097683378619	0.170042015347926	46
0.065154523863405	0.132296365015868	46
-0.099788197924716	0.31761381109013	35
0.077488536873083	0.10887534953533	35
0.001870884786212	0.215990571935594	35
0.071460673720455	0.12854905592524	3
-0.092098039771571	0.257177559445464	35
0.011107943448923	0.167672062909598	35
0.094073578487629	0.144230741805182	3
0.035546691953936	0.127106630181888	3
-0.070217011820269	0.165747862159498	233
0.113756995787276	0.0628987424258475	385
0.013102446935919	0.187120080529428	374
0.035546691953936	0.127106630181888	374
0.10506585154288	0.090849470144603	374
-0.122360467173436	0.240901578119786	374
0.096798726424761	0.0964294471749679	11
-0.07576011493122	0.220095444378454	244
0.064161949387718	0.134351471198373	11
0.081966154346047	0.154859275296034	9
-0.012092321176465	0.242228971744807	9
-0.074624366883504	0.216256198943127	11
0.010619721989882	1.36165069754897	91
0.050680034783743	0.901489481281235	91
-0.105653519253316	1.75017917402329	91
0.065446080865206	0.57530807225068	91
-0.00360051804594302	0.837081662288211	91
-0.090307725126901	1.30612913395807	91
-0.009880102937255	0.912749244023433	91
0.042409355939247	0.599043481072403	91
0.065432950347047	0.550252276394101	91
0.06617930997495	0.516282462672404	91
-0.017420044243352	0.575336471952372	91
0.049416461012761	0.424422956730269	91
-0.054661483620365	0.742062508247354	91
-0.059015545042885	0.783719615691621	91
-0.089129249323769	0.782838165198654	91
0.107467397768413	0.319440456477712	91
0.103021912226634	0.264439210060616	91
0.054090471827868	0.318992825764485	91
0.122289582896504	0.199729622614296	91
0.052515790273074	0.414415591584696	91
0.074315529384852	0.291078075731724	91
-0.032626446147165	0.624827634599981	91
0.083500204307858	0.315640340811395	91
0.101904271321521	0.268541994094916	91
-0.081043805066745	0.421677818614324	17
0.065040220266795	0.181476435999669	17
-0.00626151927368202	0.285624662936423	17
0.046719840751843	0.230593461075389	17
-0.037029811017591	0.400249000829279	17
0.11956593433132	0.200957395444503	17
-0.124784990025154	0.448594397900616	17
0.008149385552704	0.453734987239174	17
-0.011406269186857	0.414275252156025	17
0.107678470605288	0.173754509724233	17
0.061175797844404	0.283582163965262	17
0.083742954453631	0.231960470161062	187
0.118812001262465	0.201486694062348	187
0.056696989607569	0.327180761496483	187
0.0841614287772	0.324937603275583	66
-0.037352637811787	0.582591887211359	66
-0.101730335354881	0.684915206916293	187
0.084584389976492	0.257772125673163	187
0.097946282619198	0.114590674064298	187
-0.048594779642795	0.231388317700776	187
0.071314232281639	0.130098110202011	187
0.00802135936044099	0.21398713098566	187
0.047135235543629	0.143548682792803	180
-0.088054773031338	0.652084032083034	180
-0.116926278783335	0.698759035294142	180
0.023784007081369	0.177047803765787	180
0.103222807144229	0.110584325663464	180
-0.120730108890437	0.365669384718112	180
-0.037160419070236	0.359463103160249	180
-0.055798821299629	0.462254016096223	32
0.019419720757071	0.293121020435062	46
0.020776179446858	0.315366099660106	46
-0.039757962329456	0.526493650445423	46
-0.028055974114288	0.231203361417984	45
-0.011014549084392	0.25161196572395	45
0.014005908481908	0.16565980772405	45
0.105110280448603	0.110254533461938	45
0.041183481277101	0.270605299611033	46
0.011627980086039	0.33846627817398	46
0.089098783076266	0.264432963795454	46
-0.023258315892447	0.538920049496292	46
0.069165850622917	0.250047015944087	46
0.059157794125213	0.222200078265732	46
-0.112364293150183	0.420707966378801	46
-0.114897606732834	0.409921777505431	46
0.042282228178544	0.18951434210015	46
-0.042454211581309	0.25019475910092	46
0.011910288215326	0.190119133062027	46
0.041550423998524	0.149373812529148	46
-0.116308253597714	0.238292707011263	46
-0.032354809625432	0.193984437243877	46
-0.122940387313494	0.273666053812846	46
0.013031372810515	0.263172653463362	46
0.080761085559176	0.103408654014689	5
-0.030228443848324	0.18686517864868	46
0.111567987927261	0.0630124861311671	146
0.00692835447662099	0.137989803251155	46
-0.075400672427934	0.169694337778399	35
0.04817264026874	0.121068333369306	35
0.00356446412278999	0.174198605385761	35
-0.029211941474239	0.19273737097084	35
0.020514592160984	0.158074565060578	35
-0.000850528370075987	0.220990910453943	35
0.029035050957878	0.1800523122758	35
-0.122157505320116	0.398033474757545	35
0.108669227488239	0.0641609964837789	3
-0.074854970807888	0.167839709133438	3
-0.035289005191559	0.0990514042007715	3
-0.04566140715338	0.098418050607753	3
-0.06305035255379	0.204604419098048	374
0.079796139290041	0.0721227692918285	11
-0.021456156882661	0.214528725359273	244
-0.00449490287336901	0.241984256173797	122
-0.00625109212751601	0.22048424059875	122
-0.022580836277433	0.238289168991063	122
-0.044841437901558	0.318548003610259	9
0.055163926084638	0.160389972223787	9
0.010619787540792	0.248095516831003	9
0.00829644876104599	0.240428777777587	9
-0.114205815252361	0.354704315181497	9
-0.00788159992770998	0.303934295694495	9
0.046014459470757	0.20036993727449	11
-0.057615571585725	0.433551424271734	11
-0.096914607912455	0.857466124070812	91
-0.035636851332072	0.62440899998106	91
0.078935086866768	0.418518473193244	91
0.0703635571546	0.556264578631503	91
0.017157024103277	0.870481785854883	91
0.045163369502364	0.583208506426999	91
-0.079498616600312	1.01861601632621	91
-0.026961054790499	0.759104289528963	91
-0.000141646380155014	0.473774032565529	91
-0.040434978959024	0.743793910619972	91
0.061715773973148	0.458875684784636	91
0.051793096600017	0.18017287594308	91
-0.105311801874764	0.587033006428692	91
0.061274401000151	0.233774350651222	91
0.09399996888587	0.28565891166064	91
0.099483551367595	0.249096679387624	17
-0.119742574213185	0.23641219814463	17
-0.024040537297652	0.189585829526241	17
-0.075352946620137	0.497508680165375	17
0.08386075663912	0.103675869224293	17
-0.031518205565756	0.189977509989587	17
0.058489798179754	0.261557289056471	17
0.00958574176110999	0.523555193842762	17
-0.061584180356138	0.669859058154671	17
-0.084546683906955	0.653723210058693	17
-0.029277187076235	0.563495017047942	17
-0.013538963505277	0.568934479914663	17
0.020728917819211	0.419614375129138	18
0.025126905687595	0.427626651879828	187
-0.058721043947248	0.580488084986265	187
-0.000863440479956013	0.536106078357861	187
0.070485209605614	0.3561199079206	187
-0.00216951073784799	0.507161164505761	66
0.122766963656273	0.08357552719944	66
-0.049990594636795	0.626543474328237	187
-0.064426863077423	0.385773151146028	187
0.038085030022091	0.221792512591986	180
-0.091830727394015	0.79754029317227	180
-0.102555383999585	0.656935242326172	180
0.012660094071648	0.138459095666115	180
0.066956861523188	0.0745465609385412	180
-0.081896393033795	0.171143364099088	180
-0.022073345401918	0.148503439070519	32
0.084726693426023	0.123523792384578	180
0.03166727358634	0.20835471325228	180
-0.018178129480007	0.516336577017358	46
0.083817967329215	0.194806815436284	46
0.0385645929398	0.171965468446621	46
0.023904141806567	0.338887435685493	46
-0.064585326213869	0.161722024390303	46
0.119554554015428	0.11100739576825	45
-0.068384062960425	0.293020450737506	46
0.047372786169674	0.20272062970392	46
-0.058579668699527	0.355375913061376	46
0.113016520636666	0.188903101453205	46
0.068868522050016	0.232824471379761	46
-0.040417843181165	0.100155928009547	46
0.120764911904904	0.145148574021703	46
-0.037647363744395	0.0974155639491542	5
0.010132294624223	0.138440052567436	46
0.096084058324422	0.132233601754431	46
0.008455344223471	0.213074997272555	46
-0.029887911622669	0.154933938212207	35
-0.00274847379759402	0.302616293094539	35
0.021083528209469	0.0860659086230719	35
0.090000841483641	0.201156174460819	3
0.100118237160284	0.165741284007062	3
0.040390883193914	0.0783184498425796	35
-0.073162402624511	0.16802573615634	3
0.10393667428479	0.0933451022833859	3
-0.043043742972878	0.0994360181918201	233
-0.079020558110682	0.16748881028543	374
0.068629279651836	0.075358045114447	11
0.079550738640434	0.107525921252265	11
-0.00659177481454498	0.242459612913518	11
-0.082095136383271	0.522112134697749	122
0.111213719385457	0.163597670461662	122
-0.014567790148644	0.367417333302809	122
0.085843427422898	0.166712289501818	11
0.057227156777749	0.239362401533242	9
0.027033725087858	0.298781023740971	9
-0.100203162715583	0.438391208308029	9
0.030653310348677	0.0836621016749067	11
-0.012186099527077	0.206857217151843	11
0.073583052268855	0.939826318221321	91
-0.073584712902112	1.36087784244792	91
0.015739211093506	0.820118916643244	91
0.057119140671792	0.445742916781	91
-0.075274126701982	0.731828471892729	91
0.08773715625846	0.300789675810514	91
0.067587527439705	0.326530766965015	91
0.074888272149515	0.327588874868034	91
0.00158151702840301	0.67062503483276	91
0.005889332620512	0.580356596292279	91
0.099337823026552	0.238158312180034	91
0.000857940169905008	0.473490075138825	91
0.071512377252065	0.315365443405177	91
0.070316202624033	0.296972685279787	91
0.074763897767961	0.263801382300407	91
0.056682287768969	0.381421344505124	91
0.028478014360019	0.446018812770205	91
-0.110119191810988	0.776605182155309	17
0.010089554454183	0.443655242014261	17
0.110509080692122	0.165491255253905	17
0.00210684099064001	0.353023847218874	17
0.078079678061986	0.284366323635564	17
0.017833362612436	0.373320771560556	17
0.089826499612844	0.203518876526805	17
-0.05739806947981	0.496584160744543	17
0.057414758400811	0.21968184797067	18
0.056607937145406	0.303284061723684	187
-0.090250841768984	0.664507242198876	187
-0.024069850128428	0.576863498350639	66
0.027261328262776	0.442249442577333	66
-0.024671162344976	0.538690629407728	66
0.039222383406828	0.361083252042426	187
0.036386295819015	0.334542553621823	187
0.083532628819044	0.22287663904646	187
-0.097180211986836	0.657261853770009	187
0.120183826860824	0.177665236133657	187
0.026096873083781	0.173540604886752	66
0.078705077742736	0.151902751048708	32
0.076830361434388	0.175171817086198	32
0.082565495743194	0.237103038450522	180
-0.101497027465313	0.582814953872278	180
0.057025013994757	0.282753227528878	180
-0.06795390753631	0.353365048906505	180
0.029372925103394	0.249663968169415	180
0.104027016967319	0.0934934042715314	32
-0.014519583925015	0.247664400476158	46
-0.043802649710041	0.302837723998399	45
-0.00652749864125601	0.313102356579442	45
0.112887949568969	0.104223142494274	46
0.033611838759185	0.19162453002681	46
-0.012236337140578	0.220252534599787	43
-0.042833253844689	0.223624559851158	46
-0.090068885089953	0.277428103908378	46
0.020448445686334	0.202184606620631	46
-0.032462049264176	0.196040165741989	46
0.060537834902141	0.136702804469007	46
0.043598042268424	0.123351680234867	46
-0.028203762093361	0.189247766572768	10
-0.036783104327024	0.244997712270091	3
-0.011779169351978	0.230684691236375	3
0.111073387077584	0.0634948544568438	35
0.068985384539489	0.132272011868954	3
-0.027448731105736	0.151056216259115	3
-0.032509860274127	0.0977274106413426	3
0.035006181370366	0.0832282294244245	233
-0.069544620214843	0.167438697199767	374
0.108314022232562	0.0637570896690497	11
0.082249854817476	0.0714555548265266	24
0.062013708817454	0.218071892826604	9
-0.096915133921866	0.415086065603103	9
0.113574949815699	0.12829044924242	9
-0.026072681873275	0.233765951986953	9
-0.076586953607577	0.322821473138807	11
0.040154187516214	0.189107201926603	11
0.064300554602235	0.76011011883806	91
0.061151308121565	0.564520349266733	91
0.052420485566494	0.681257050167121	91
0.056004432567814	0.724710022572346	91
-0.114805727441934	1.09377625739638	91
0.028773799284531	0.529098970629266	91
0.045193732840169	0.429208871808687	91
-0.015260690963086	0.664221722527238	91
0.084530598448958	0.283940546480704	91
0.100942661663304	0.209818417527277	91
0.017350040267057	0.389272561353832	91
0.02406402020826	0.421357323208254	18
-0.04173207807768	0.441270704706585	17
0.112181265053424	0.0886853885405185	17
-0.088797088486942	0.25505527733623	17
0.101435166650144	0.123700432543236	17
0.110806295127467	0.231951998134342	17
0.116397105263259	0.219087088388467	17
-0.05121263413364	0.565409215841432	187
-0.012705744619502	0.511261605350222	187
0.055383529236723	0.341522125437189	66
0.093598100439813	0.257891291359683	66
0.043312469335217	0.124844672289445	132
-0.048704590189581	0.228271064381434	66
-0.096718579225092	0.315481060867778	32
-0.031942729999221	0.308566822265709	32
0.049217234275181	0.372084061269453	180
-0.015819484749451	0.474923039985802	180
0.093790810286374	0.214436891422691	180
0.076316314689046	0.108529338651563	180
-0.051424114214612	0.250296142211302	32
0.058723277027265	0.250660707213909	32
0.123941947588785	0.187663860641881	32
-0.055705889649321	0.427086350346482	32
-0.088925016711536	0.682644234049098	46
-0.027960963161014	0.449752766620612	46
-0.070015445012739	0.393443866985495	46
0.086335074760113	0.267228602652667	45
0.059117964298662	0.263998652458383	46
-0.024752633577265	0.403800836136675	46
-0.096536605110572	0.311901021203241	46
-0.117284830600962	0.235260327246849	46
-0.076682773496521	0.21734533873616	46
0.084382189659155	0.16913209860737	46
-0.06240341743662	0.34359381184628	46
0.011545383651349	0.139271248214267	5
0.081020906288984	0.07202671276267	5
0.070663294781176	0.130274436917289	46
0.078748184519452	0.0730994087275723	46
-0.033966439711295	0.245853164450889	3
0.049328683040542	0.217503553314985	3
-0.077340516159343	0.27557613931192	3
0.032180626316401	0.084629746905544	3
0.074613174089907	0.0743929104827331	3
0.090013955906188	0.0982149211810621	11
-0.066163896841723	0.3580889313333	11
-0.042437202743171	0.100836857739758	24
0.036439976700444	0.210319349498653	11
-0.028528003338177	0.254082369949781	11
-0.05290677914758	0.299104736921324	11
0.020574650978151	0.296621142645167	11
0.073968335876535	0.65947750711957	91
-0.08823662010008	1.73001462338972	91
-0.068011740353111	1.18083099977188	91
0.083533535617238	0.486793367894197	91
0.024052765835981	0.484388529105715	91
-0.095499248527385	0.630216911668118	18
0.054998080648254	0.377095450594545	17
0.017433425803281	0.161062358828043	17
0.011449418667277	0.139114025517669	17
-0.078594742752481	0.249824120951562	17
0.04904872002235	0.338518147353926	17
0.11541268565287	0.0864911348103678	17
0.082054949852205	0.343024391975739	17
-0.059798243637508	0.615920125245383	187
-0.056708859708697	0.649601608623624	187
0.116038472866483	0.236286853714809	18
0.06142012859617	0.341024624059204	187
0.043888591961253	0.214346420755328	66
-0.028200836518776	0.447772945462797	66
0.106900692534886	0.195231704992493	187
0.033149567939381	0.491500773600325	187
0.077911558329404	0.073811227779066	66
-0.116802719103962	0.235308820087243	32
-0.028293462956615	0.156256545600763	32
0.094998155106598	0.207422876971553	32
0.114116125324512	0.0625376581365613	32
0.03480404678342	0.281987051606856	32
0.02269705014842	0.32636538988906	46
-0.102716488212549	0.500659878466128	46
-0.068961660524417	0.288542162917142	45
0.028650272986644	0.441732442308754	46
-0.014490198046655	0.531407716615181	46
0.060168207153383	0.309329695373613	46
-0.011647031188289	0.40568190009484	46
0.118435611541856	0.142469036627358	46
0.08668200004874	0.19541125190031	46
-0.035183703096518	0.0973361798603758	46
0.070305871420965	0.0740616679609805	5
0.106856120640064	0.0660413510878714	5
0.032695931301391	0.083855568343684	46
0.072566054594021	0.0754884620664148	3
-0.05196290844063	0.235419826666001	3
-0.120297279477497	0.232704696141702	3
-0.037043496374813	0.0985881097952111	3
0.019030232227907	0.0854995162862291	3
0.02996941080732	0.0852035144895675	190
-0.068183169266923	0.208618720941357	374
0.036959714839311	0.23559042772386	11
0.033459694345629	0.0837825153802792	11
0.028237637495644	0.155769091757356	11
-0.030608413665853	0.154641658772307	244
-0.041039813584386	0.223774440510421	244
0.071791497665459	0.215375584420713	11
0.070098862873178	0.179626231869648	11
-0.073154088208523	0.495504728480458	11
0.082458556035298	0.193480505986466	11
0.071668637256661	0.179109599136394	11
0.040291006608119	0.250930134746414	9
-0.077745427604696	0.217730982674029	9
0.081764889833724	0.105201203920073	11
0.110984836024941	1.01209468718328	91
-0.099014653533142	1.38729417019266	91
0.043506183842438	0.6070777645386	91
0.012819924982302	0.402623507850984	91
0.094827216940965	0.288920341923346	18
0.118921897692405	0.212437953107434	91
0.034562959896315	0.342719716185729	91
0.107979299073323	0.221098854922964	18
0.032284392663346	0.38408034436783	18
0.106101210440094	0.26240960037643	18
0.054556123085195	0.226616640486398	17
0.085297881323973	0.149302953340167	17
0.081207819677844	0.1558906686084	17
-0.048472949388494	0.41536452104631	17
0.044205296883927	0.292134962696084	17
0.055623661414092	0.266857273101416	17
0.081250758516261	0.246619871612612	17
0.067879135690599	0.207457957342908	17
0.054656950390304	0.256190901453488	17
0.10023759708492	0.153742048528333	17
0.026754829803665	0.273047398766239	17
0.079262291074487	0.18469491383978	18
-0.00376538951932898	0.420973712955623	187
0.061146513396418	0.341051349094187	66
0.092658097269432	0.239560534837262	187
0.124059815215269	0.175603018849372	66
-0.040900618204229	0.354769020466513	187
-0.050504873399499	0.233157839867444	132
0.030001851010949	0.178597142705507	132
0.086847440693288	0.121719931326361	32
0.08572142148791	0.136588614286405	32
0.094503315108982	0.148042426273497	32
0.020637021526433	0.307631485169333	32
0.008201416118611	0.253562925144595	32
0.056112829468416	0.207621896655138	46
-0.028788086934349	0.337291669574698	46
-0.101374268201455	0.491474520978426	46
0.060710103714189	0.205689893912102	46
0.015868165289139	0.313553273037325	46
0.118261117283207	0.113690583290781	45
0.07078184235835	0.161707783548553	45
0.065592981283793	0.269738184952473	45
0.049726174789682	0.29047271929874	45
0.091057814740545	0.201679640289116	45
0.065990228482737	0.145673587359054	46
-0.044558756745786	0.273141573909303	46
0.010639213346142	0.210926080984406	46
-0.013299263663433	0.26274728411261	43
-0.038854250560237	0.250947831472757	46
-0.029128956949293	0.231184290578742	46
-0.020318983659414	0.212491849479158	46
-0.11895939243103	0.23240544508339	46
-0.110777105920325	0.357245107718331	10
0.118827899187062	0.0598055633075258	10
0.082858849542657	0.0690794697295717	10
-0.106534702566332	0.327761588393906	3
0.093209815787385	0.116683668817204	3
-0.035128364229676	0.15826577759658	3
0.070498746842776	0.0754781707581521	3
0.112770898912187	0.06255724425505	3
-0.029750920067571	0.15587459610834	3
-0.119394131113398	0.239613546107531	374
-0.08633147517189	0.24493260392041	374
0.078555510081825	0.107228586017105	11
-0.032575177671751	0.192976289988708	244
0.074632742543176	0.0746221026707891	244
-0.010899168011178	0.242476126119499	244
0.049115849063746	0.196834149738671	11
-0.041521918878724	0.355990023718148	9
-0.074531417443374	0.362744529786612	9
-0.017155132650219	0.204899210398429	11
-0.023164631061654	0.183103712240673	11
0.074469346154257	0.126520473831789	11
0.00293446780171699	2.43547606877901	91
-0.082476620896046	2.48429151914031	91
0.034505709288753	1.27991494966061	91
-0.037921172137634	1.36751206341778	91
-0.065868960645176	1.12062117833571	91
0.025011212466682	0.652514335200828	91
0.088297373327143	0.447927788632506	91
-0.055337936314895	0.90449044407717	91
0.038418637994106	0.513256354877894	91
0.018615848963236	0.550761298488987	91
-0.021397956053404	0.502099262451652	91
0.110183818156057	0.174847609623825	18
-0.017728740657981	0.391119597284131	18
0.015838350070969	0.37105254320958	91
0.060603090958808	0.405752839745748	91
0.00322166857488401	0.475520287581151	18
0.013484784299768	0.358631474106831	17
0.067194097980201	0.288267587863974	17
-0.112526432917276	0.486248792577726	17
0.12151378333008	0.144726771264648	17
0.091784726851157	0.225113543682593	17
-0.058202821556657	0.621417936013335	17
0.07624465646969	0.228897939222863	17
0.02046883615098	0.242486412403791	18
-0.088823003460419	0.780526115798071	187
0.075476644456497	0.285482854885128	187
0.089119601943331	0.260019281802389	187
-0.022239940577026	0.449737019628308	66
0.04961506972102	0.229840167311771	66
0.015883521167005	0.26378133942843	187
0.114716363582012	0.197324423191472	187
0.014051091240725	0.228936679297707	132
0.00133677381543901	0.198403525818907	32
0.022959298655613	0.216361694814471	32
-0.013970571026848	0.347630919606728	32
0.115018245076048	0.139047446147048	32
0.094204036083058	0.194660975967211	32
-0.113481810493075	0.362675067712322	32
-0.065153762101518	0.282973327769344	46
0.099460981592075	0.177261647231804	46
-0.00517525257052598	0.274877657728266	46
-0.00996316525277002	0.328523611114987	46
0.119219864603052	0.165418057586264	46
0.047232946893833	0.253259417039384	46
-0.068502554774236	0.311346098744887	45
-0.03517069466155	0.242939570637138	45
0.031788218544871	0.21681637877252	45
0.009549080602514	0.234215718047208	45
-0.096412257114356	0.292382759056401	45
-0.035476625409691	0.406984904882472	45
-0.118818079370687	0.3961722851728	46
-0.086322604581626	0.334393824126275	46
-0.057027420023929	0.352589512314336	43
-0.102717502254928	0.381331510063596	46
-0.054088344558095	0.255888857627915	46
0.044184127999123	0.123590208905661	46
-0.108885046000518	0.344930817763028	46
-0.093110225317467	0.254598974275375	46
0.110433059820431	0.0891449979828471	46
0.040322661867595	0.126405841009601	46
0.010511390914975	0.139305412655575	46
0.090220912207122	0.116829338392246	10
-0.00727965859795998	0.201352276715403	10
-0.060733500395957	0.292684622635005	3
-0.033585536102249	0.153069325462555	3
0.109232937147439	0.0913890622807368	3
0.114602104665852	0.0624306820002342	10
-0.070398807005026	0.167076225874952	190
0.034737788136833	0.082022654915942	11
0.077075970137848	0.0739806404060515	11
-0.076925330601778	0.172520271694961	11
0.030900582593856	0.0849843454746354	11
0.089121112048175	0.0994764690884432	11
-0.04400209231659	0.247691319455714	11
0.076902693292973	0.0731464219204172	11
-0.11993125318564	0.23974394286798	11
0.072233140399729	0.147776719359328	11
-0.037670575686326	0.281423841649722	9
0.106498461094945	0.0657270947288225	11
-0.054361133692123	0.376814875401539	11
0.11001532094005	0.701516930931371	91
-0.069270901593058	1.98994192684903	91
0.12001379835881	0.494124207596428	91
0.024983878067735	0.761182813869724	91
0.065737767948869	0.457014084779078	91
0.110397298050543	0.279608373524434	91
-0.058804387550591	0.51028667895232	91
-0.021234300558752	0.545467879663679	91
0.112625481606589	0.259492661372277	91
0.103671152466409	0.287088631901959	91
0.040065277795961	0.397996853528613	18
0.052390709413405	0.357842136190724	17
0.114949279672367	0.193673999410407	17
-0.04256128466618	0.340576601741764	17
-0.118952524412305	0.667571054812569	18
0.012962601475032	0.345837231627447	17
0.042243951293881	0.286699525005157	18
0.017693889589379	0.34088677460475	187
-0.036789064413931	0.486213670616871	187
0.014725801665613	0.331252381557167	187
-0.02779180251322	0.499597815988714	187
0.065969225204348	0.342594324440068	187
-0.00585239006281901	0.505358126720689	187
0.073070955879693	0.305404651223784	187
0.080799309687128	0.294872250519255	187
-0.000813585392274996	0.378789270774691	187
-0.093175294557649	0.370593140469393	132
0.059633168968384	0.220641044459057	32
0.106522573420476	0.123200964617263	32
-0.00379551508050802	0.303960261816769	46
0.057508877438246	0.276057127524776	46
-0.012986507959747	0.38647665665129	46
0.023063110513841	0.333661891858255	46
0.060650930360744	0.228072385243903	46
0.08790126540884	0.198957077813627	46
0.089336316253924	0.207434898444622	46
0.041159302784596	0.297974908665949	46
0.101089995397973	0.155612386219173	45
0.016564711227924	0.31203269737481	45
-0.035387522677036	0.29494417508039	45
0.072737844535556	0.14783863491841	45
-0.088218294673503	0.667984154165184	45
0.022344103026573	0.300143047280088	45
0.036364855821456	0.239099576322329	45
0.114885835555633	0.141442193826488	46
-0.117399736954195	0.239052704881105	46
0.107424337554442	0.107699739370422	46
0.000127897396809989	0.242688393939744	46
0.034204871351681	0.153388170675647	46
0.064836160028546	0.113631243947784	46
-0.020100203573366	0.209996020444739	3
0.050626937382421	0.180072484763249	3
-0.053287007460533	0.349545371824653	3
0.083082694615363	0.0712804521757404	10
0.045734466250512	0.12394462437434	3
-0.034913422509697	0.159343705948567	3
0.00680716816806801	0.172152085058835	116
-0.068179372482811	0.209543019116531	116
-0.036662838579839	0.19696167629729	10
-0.032412760767	0.153650425939439	10
0.038022278029153	0.129350227778085	10
-0.047818166110706	0.229628384431708	11
0.122392514230477	0.0830453142245679	11
0.078963941262053	0.0725679230976462	11
-0.117209379854893	0.23730249491225	11
0.076930573901338	0.144313105066018	11
0.055241876435623	0.167273537830601	11
-0.114667536080271	0.350906492173651	9
0.063086958248396	0.165317223834773	9
0.04782087733188	0.123553510206968	9
0.049376030638628	0.12112188524179	9
-0.041413630467983	0.22348106119037	9
0.113264280088127	0.130091425947519	11
0.076361443558039	1.15535659303854	91
-0.090837126831752	2.35358394715598	91
0.100734175577774	0.448883239134512	91
0.044786519000508	0.380381742789805	91
0.056890224852588	0.23609509511185	91
0.025535302514613	0.515485645600835	91
0.105215350471236	0.273874574612847	91
0.098795235396272	0.300894297379129	91
0.02243502011167	0.368823840769369	17
0.017207266630314	0.42012840509612	17
-0.077213826691513	0.622172095616516	18
0.031137848824493	0.195631509731128	17
0.079400439111126	0.0718238935862817	18
0.105868601356118	0.108625641931518	18
-0.045140309351124	0.647663907912452	187
-0.103270960438293	0.621613501785477	187
-0.031475689007893	0.283911124693702	187
-0.002849454441192	0.406416744439083	187
0.062663936236403	0.232759179551422	187
0.070730162034468	0.193862421438986	132
0.012586375326321	0.244083956093043	132
-0.054651243954658	0.39000772593308	66
-0.075945722894562	0.377817814574586	32
-0.059211527498589	0.422167027787843	32
-0.110564577540013	0.692056087690617	32
0.019868426833728	0.292732256715512	239
0.098749376751903	0.192046977138676	45
0.087064066034027	0.163105007502896	45
0.091581170473622	0.250705373452671	45
0.073423639949189	0.279845665164136	45
0.00446820577030399	0.37754578156176	45
0.121163522717755	0.172168920219017	45
0.00893738489590901	0.227147587145826	45
0.043437896999141	0.122621220029235	46
0.00874281783494099	0.188540467353244	46
-0.111376816818827	0.361044431975167	46
0.073546036219748	0.147301863259013	46
0.033690324654489	0.193485441558561	46
-0.033004176727544	0.307670861828101	46
0.021082628861856	0.259511682309987	43
0.033685767620685	0.211727414619611	43
0.074189571465084	0.146444006470871	46
0.101334655663304	0.16043213523804	46
0.093912241120729	0.145483195259173	46
0.071874524310026	0.165967333124862	46
0.055264144635462	0.176956865203756	46
0.063173664517002	0.134624517686032	46
0.058856797656548	0.139510512817063	46
-0.040590983711672	0.310999477156204	10
-0.084398283091036	0.25164377801784	3
-0.069433276233796	0.274677747177694	3
-0.084470602825003	0.167150786170697	3
0.012199919124343	0.168274371011501	3
0.034047936174325	0.154100232844912	10
0.045055046884226	0.121841195399234	3
0.065081076600207	0.129452583290533	3
0.074195088571578	0.0742372782230315	116
-0.074516759844097	0.16804608411407	116
0.013322004849334	0.16351448737834	10
0.067701357938256	0.134435420694596	10
0.018467433673186	0.159466570745103	10
0.108314022232562	0.0637570896690497	11
0.037706541559399	0.150792977727629	11
-0.056852091559841	0.237948188282556	11
0.116162210673957	0.0617360612255862	11
0.080629371391741	0.0712603751742141	11
-0.09336633834842	0.260881446800619	11
-0.09447011498326	0.261432991401592	11
-0.011160210855916	0.225994380620523	11
-0.030441845322184	0.190129505656701	15
0.071954071962693	0.144971152931613	11
-0.121925009972421	0.242077768445756	11
-0.097513320274601	0.294723875117346	9
-0.07323309100597	0.324732125753886	9
-0.068388770657449	0.272066899907311	9
0.052939048683568	0.205111350947093	9
-0.0090983810302	0.315079041147088	9
0.110239409264505	0.0648281795420425	9
-0.123205787030524	0.240851560895687	9
0.040357037414852	1.21764190657016	91
-0.066528210405609	1.88118661660015	91
0.031592136153372	0.466933972754691	18
0.064133186239354	0.266639180987704	18
-0.040763877861282	0.609581910172668	91
-0.116502722904636	0.736191682947595	91
0.117314266126054	0.191961731790729	91
-0.093181445084453	0.73572853455539	17
0.111116415394571	0.22048993505152	17
0.099250693343028	0.202210229570769	17
0.00873685995644499	0.278213388121994	17
0.069591178186372	0.225735121997847	17
-0.064624716787304	0.368359093595413	17
-0.064159058672515	0.373904139290663	18
0.081207819677844	0.1558906686084	18
0.00630562721348901	0.376284390113983	187
-0.096397954507804	0.420265941624472	187
0.043463358559937	0.202925343234207	66
0.051414458334315	0.210683769075342	187
-0.044049046296996	0.302325498296929	132
0.058355368931825	0.206917983465954	132
0.071805681649421	0.1301785570401	66
0.056658216391668	0.177864546609508	32
0.046259549008876	0.27567160516047	32
-0.050473917550341	0.310628376539418	46
-0.036160665271483	0.314109168445578	46
0.123404211997342	0.130968954001297	46
0.092120460428129	0.148538205732202	46
0.112371707530252	0.119581996026661	45
0.057982872181503	0.23799292168364	45
-0.018064597495704	0.404058826898321	45
0.102604491472829	0.12638736231916	43
0.080555446178946	0.159582229530109	43
0.070151431865922	0.189664386381734	46
0.014490084066056	0.223873585176684	46
0.087421444594742	0.148840261308467	46
-0.092838752026816	0.279203935824923	46
-0.067833802100004	0.289066824174075	46
0.066260694550336	0.133255515704397	46
0.104314681491541	0.109035004737856	3
-0.035148030503678	0.264231274422799	3
-0.081186221384583	0.245999709485079	3
0.045711386680184	0.143862521843813	10
0.033029563045227	0.154541052832012	11
0.054014275807527	0.142358855222523	11
0.110112749073261	0.0638816777473808	11
-0.092134100843344	0.282344638341896	15
0.00449638854883699	0.219025733371555	11
0.07616722707227	0.144006543436551	11
0.081584128933856	0.156759991069842	11
-0.071022337684611	0.297302159825644	9
-0.121296268091778	0.337006727235033	9
0.047445888387183	0.144479931826666	9
0.014005908481908	0.16565980772405	9
0.108339021526145	0.130251830105694	9
0.044864881281757	0.125330589007527	11
-0.049438042475776	0.23163165315162	11
0.00864338058770001	1.36427357370712	91
0.025750133807255	0.675558281422132	91
0.082447990223459	0.500743170937245	91
0.010473839681349	0.557145901346293	91
0.069673029963523	0.225131913696254	91
0.119367789613537	0.187176323280661	91
0.102452593960421	0.123875300450622	18
0.067341021953678	0.323286157759525	91
0.079464464760225	0.194853160045494	91
-0.034430121328429	0.639420894995589	91
0.035623975294231	0.332822400487222	18
-0.006539062934101	0.432353690615282	18
0.05132689776085	0.34159112080692	17
-0.020010736244778	0.59540597703919	17
-0.117959522376684	0.606246614990945	17
0.069121885089622	0.229009372908614	17
0.053701433852149	0.284180561066444	18
0.093202290568237	0.0946270548768085	17
0.03093051104424	0.173515775011854	18
-0.09400595297204	0.719514604014724	187
-0.117660267831417	0.543046261747834	187
-0.029895604184248	0.367974424417349	187
0.022660508323373	0.259249288403059	66
0.118904306207187	0.178541583443014	187
-0.013007772777934	0.254630588252165	132
0.040454131321086	0.202659613957406	132
0.117455251066786	0.134531519306441	132
-0.011762070460365	0.300705225413155	132
-0.122444031435508	0.525365957212426	132
0.104794322497372	0.137965837834015	66
0.105147844760299	0.149976687307619	32
0.10066655242737	0.203302562938715	32
0.03880732107515	0.270172006194583	32
-0.034626381045508	0.362532222991863	32
-0.123134347282259	0.425088460758723	46
0.079155975001304	0.17128274521959	46
0.086695965372086	0.122067665599159	46
-0.06832506375706	0.390184448455009	46
-0.00945849777067897	0.28412781746972	46
0.019628961858248	0.274356885785683	46
0.059212362492188	0.17312275761018	46
-0.00328927908891902	0.241319922649455	46
0.031475938894812	0.171726685699151	45
-0.087664109900438	0.414025501089647	45
-0.016283882382426	0.209188701136369	69
0.080281921282649	0.201798241518667	45
-0.08941657430606	0.248686084108726	46
-0.015535065171871	0.239489870427129	43
0.056748368588356	0.223884814651668	43
0.077878171340968	0.142441858150722	50
-0.00734140405251699	0.243998743689814	43
-0.096915953110689	0.397985683617282	46
0.080282581149335	0.126484557280259	46
-0.09988717350232	0.295788661677149	46
0.092381814279265	0.116550834079993	46
0.078259686445187	0.142616939679823	46
0.059033960265089	0.137076704866711	46
-0.050429350433079	0.232203776543065	46
0.111901363873681	0.102863324838634	3
-0.073122644289236	0.167684136266994	3
-0.03139612743423	0.195591898984567	3
-0.081745071283903	0.30414756409957	3
-0.119610591584299	0.234027384736799	3
0.02663710991777	0.0865650191114884	11
0.005056240885881	0.143087489900128	11
-0.112512530009136	0.230357651978459	234
0.043128201336612	0.148009884970258	9
-0.121504431880399	0.241885119386489	9
-0.119733022832189	0.391027512353138	9
0.038012461297704	0.146472918334518	11
-0.122363426681835	0.596255098153136	91
0.046661181811326	0.280589379964312	18
-0.020218509690436	0.509934496817104	18
0.097202307721958	0.3066523817493	17
0.082479389592155	0.225589375263128	17
0.009141605085346	0.319945603270008	17
0.011588369166996	0.402136821490659	18
0.083616391925511	0.154406292202226	17
-0.111845522777362	0.322882029768848	18
-0.011641964517649	0.228500063664308	18
-0.033501474073812	0.29485197630677	18
-0.00253379037458201	0.246301722406442	187
0.092699100958369	0.174281378573483	18
-0.0362630054659	0.484353463935302	187
-0.105678542332891	0.592550905442029	187
0.046484585985646	0.247409443271516	187
0.00549325893590899	0.235000995989222	187
0.061427833997962	0.288981938866024	187
0.051593302582235	0.253305436309066	187
0.117173540923631	0.136640978287535	66
0.089450884567594	0.172900198845814	132
0.035613439964948	0.273929804503214	32
0.066072428582893	0.153458786322729	32
-0.017277055807951	0.467988609580746	32
-0.045202275763975	0.325437241375253	46
0.086775137478621	0.180214044084546	46
0.070658974832581	0.200393343773912	46
-0.084370520750656	0.403099734718754	46
0.040721127402876	0.266687536690204	45
-0.06948268061528	0.395182499027591	45
-0.040203262424509	0.362644713835817	45
-0.011639927738481	0.298517142022712	45
-0.059233401342889	0.341369804117853	45
-0.116116310593476	0.435173478930999	45
-0.021422615665794	0.455165093814767	69
-0.026694779167315	0.452115630932693	45
0.091570504233425	0.114264841117415	45
0.00378740123256199	0.140434200497222	46
0.092473728701868	0.134562521439565	46
0.07557722151226	0.188872516060745	46
-0.065527183302117	0.359895281944345	46
-0.10890963278065	0.371583332111894	46
0.00709400995396001	0.251164384900972	50
0.000935438076757	0.235092806238048	43
0.119826183165737	0.121161760350835	46
-0.0728190030683	0.372254735216304	46
-0.070538856387018	0.314703447293374	46
0.062945175026739	0.171493176108865	46
-0.086666391741024	0.355635476249629	46
0.1053555526589	0.120866622368451	46
0.110040272283535	0.106546640679852	46
0.011294468999554	0.192041113295485	46
-0.019631365167337	0.250756421568853	46
0.028944101114973	0.177673205568945	46
0.104140331403238	0.137801823885562	3
-0.106826758384242	0.329772699328959	3
0.042150047254462	0.165487033350961	3
0.037218360494896	0.154140256411022	3
0.032913647787189	0.189741632466927	3
0.112313718351713	0.102628776713566	3
0.111355200486081	0.0885360809868178	3
0.081705385192072	0.105676145286524	3
0.041340440314185	0.128180552782124	10
-0.083548281378766	0.250786462870121	21
-0.091800161198701	0.288732883786446	11
0.10987173813322	0.0639497707264478	151
0.000412446424527008	0.222119635061208	11
0.098282536356916	0.490822965626516	91
0.112664961850387	0.270121483675556	91
0.037784537150992	0.477357097374435	91
-0.057341542401015	0.699461933429883	17
0.044625594386066	0.307166789404489	17
0.037955633635888	0.364668912751004	17
-0.083043150486462	0.559143231420087	17
0.085282632809491	0.22408768553324	17
-0.104843075855414	0.530469563669051	17
0.046657842387017	0.297975101880872	18
0.096257316207483	0.276067446778418	17
0.057872887090924	0.203637557710279	17
0.109098167724649	0.0915924675928386	17
0.013113644943485	0.321978187072029	18
0.047552849013584	0.182983163803741	187
-0.039899445895427	0.591815564555837	187
-0.093096857749104	0.709933150340742	187
0.081114331997804	0.240194832464585	187
-0.046140167793972	0.363956192621389	187
0.055114014263344	0.23025198417365	187
-0.120219499328765	0.473516645682962	132
-0.100907456051792	0.479167058365892	46
0.047804035576449	0.199039392791497	32
-0.074722121391754	0.574768817880934	32
-0.039355429487555	0.37800462302532	46
0.103477311215013	0.151478378609983	46
0.10830176144228	0.122703817751349	46
0.043650073958099	0.229627124327324	46
0.024483619457938	0.310315825830384	46
0.060514332122173	0.215664365063784	46
-0.073702332542709	0.491269482354384	46
0.026525303022312	0.182130581081498	46
-0.037668259025228	0.396283007939791	46
0.120807252339857	0.155060465101272	46
0.065841689665252	0.235135496292726	46
0.050051333720086	0.18233577510074	46
0.083355733004955	0.170415392570296	46
-0.094671008146108	0.317752428644251	45
-0.119201772101668	0.442482523232993	45
0.079884147761431	0.180395343274858	45
-0.044439260429139	0.507951226104465	69
0.085009377927845	0.253328152310721	69
-0.050555586014586	0.429843601862316	384
-0.064585326213869	0.161722024390303	45
0.07440433977452	0.154952991213716	46
-0.028064698559299	0.322094928192779	46
0.028285332314171	0.27390859100359	46
-0.111956247201733	0.362096362907563	50
-0.11853754731445	0.419091283134466	50
0.116390782380266	0.152060484721346	43
0.036061563016747	0.19214561419733	46
0.064681071852391	0.167995924789992	46
-0.00908955657799798	0.227168743352627	46
-0.052766819720913	0.303246004878223	46
0.021047288062422	0.214776101147885	46
0.000827834415494	0.218903033743907	46
-0.050757033352426	0.297921573912744	46
0.073449801798955	0.107368758347003	3
0.036715208939802	0.1696683942425	3
0.114244649813629	0.0618287627422675	3
0.048892083265631	0.120026905365135	3
-0.021975099144877	0.149582334209044	3
-0.054088344558095	0.255888857627915	3
0.082824640253811	0.10433914420686	3
-0.028951721611942	0.154158310853065	3
0.109621893303657	0.0632436342268356	3
0.013773422790878	0.136360028881698	11
-0.121829708080636	0.23165463256055	15
-0.0358904667375	0.0993119442028246	9
0.081576522197652	0.0694922010267374	11
-0.100418882249708	0.363508320117286	11
0.120210583862735	0.919716709015036	91
0.092524508396832	0.63515754100479	91
-0.081346482742304	1.03501623874232	91
-0.024832294771771	0.607205548112555	18
0.040198781729718	0.430372647527849	18
-0.06328536394219	0.880136225889127	18
-0.043775573834023	0.724507017481635	18
-0.008381537984469	0.445299941673179	17
0.035151113391981	0.418774274036455	17
-0.040515500311637	0.473001119309225	17
0.123755285623183	0.132901295712002	17
0.097320884385862	0.145526354067005	17
0.00172289438898901	0.412105159902096	17
-0.053886880333854	0.529520342643111	17
0.082926578186762	0.168480854903703	18
-0.069706899362703	0.431589023742061	18
0.060607084019694	0.175183578975636	18
0.109505155875013	0.144298194059961	18
0.079682415924295	0.183327589662636	187
0.1005557965055	0.153459964556674	187
-0.103452419563418	0.539390875699888	187
-0.123892124759772	0.749614995112379	187
0.043495599804149	0.335066610210796	187
0.038088296915795	0.338611663073444	187
0.033241102447979	0.280335787381582	66
0.108397917586024	0.164500515077987	187
0.062042780617327	0.229207833155937	187
-0.09439278613368	0.390743708528834	187
-0.06208192879453	0.267458695411759	66
0.043450376664287	0.290250711449065	46
-0.086689423660034	0.481485013221606	46
-0.020285034065564	0.359685688121217	32
-0.019851500197522	0.213322319019017	46
0.015499884898834	0.227591051050675	46
-0.011913497405416	0.230291837995279	46
-0.059048113238592	0.358235054883578	46
-0.022972944018466	0.280737921343173	46
-0.0448045886827	0.384240100397582	46
-0.047061570096619	0.318636734812689	45
-0.030462185688943	0.241561397532428	45
-0.013902865928143	0.226914747745783	45
-0.059793834983619	0.391193708877141	69
0.062981375548232	0.25898768763291	384
0.00447127665449501	0.328430672367658	384
-0.060239024356215	0.430611271601379	384
-0.123614923908725	0.517253556260428	384
0.008181915146068	0.228477928676848	46
-0.054215167689542	0.368364245464464	46
0.020719830628379	0.184144196466184	46
0.104027016967319	0.0934934042715314	46
0.075676360477598	0.125240424059203	46
0.101510953147749	0.110752771024267	46
0.082795417666223	0.104293118845575	46
0.073218716457934	0.110466467988814	46
0.017295612316058	0.163202014974579	46
-0.110964850113413	0.327929121124295	46
0.079582297174112	0.108144386222227	46
0.030736943413265	0.0848182414977103	3
0.110295403296389	0.0895132280192406	3
-0.090128655916886	0.260273407186029	3
-0.067149024998957	0.207709669368015	3
-0.033876154433935	0.0967092392845341	3
0.012355800756144	0.139284731556918	3
0.079977488272816	0.0722690433504213	3
0.071731741175459	0.0754849531006097	3
0.116492254891775	0.0853780524689749	11
-0.074436955883033	0.21045475984503	15
-0.047040976144821	0.231688521756092	15
-0.025101421633276	0.321382064845878	15
-0.054777705583139	0.2545039762143	15
0.028687250875602	0.0852735688983957	151
-0.086326378664134	0.339291253949879	9
-0.063010169495475	1.19391309767262	91
0.079856685129234	0.335594408418713	18
0.109245202990514	0.301393807185601	18
0.045268541148686	0.565479444935472	18
0.11129454098488	0.297758176514235	18
0.112076094212521	0.246526423451763	18
0.038690046015312	0.379648650160716	18
0.085288473671206	0.321842080755363	91
-0.062656932281365	0.617735992984227	18
0.046134202686938	0.397747620620239	17
0.107771783915423	0.220652636792155	17
0.024213419745009	0.397681154067786	17
0.113924135844572	0.223566293044776	17
-0.048291941619613	0.32138429960683	17
0.00359027121014399	0.240380688749119	17
0.091757884704911	0.133265684304556	17
0.087267420428352	0.235407664749222	18
0.083336624816222	0.203286451217873	18
-0.116808313767133	0.536633165756668	18
0.015157364364571	0.282650928547771	18
-0.036244521302095	0.428126381802913	18
-0.079773354363798	0.518361128327166	18
-0.056894846719377	0.431335121860004	187
0.032726569277522	0.376957045553809	187
0.010052222584588	0.32382525573743	187
0.044456848505079	0.320822396764001	187
0.037901873324822	0.375010566762337	187
-0.042744807447946	0.540071934737366	66
0.106218400758699	0.198569615846788	187
0.014423348467448	0.184754303998388	132
-0.029139140808711	0.240469532828611	132
0.096067421752019	0.113899246415574	132
0.079822082295644	0.158355786264415	132
0.118034832520877	0.0981718968186788	132
-0.051602043411091	0.233817490553387	46
0.092845987263656	0.131841924707038	46
-0.016940001739095	0.329276671808097	46
0.111094640046782	0.184523777449245	46
0.00403127014388099	0.329118806960205	32
0.092875898507911	0.187129519419038	32
-0.038652194427581	0.24916366303866	32
-0.121009179260545	0.498591908157512	46
0.103352263610489	0.1346928335693	46
-0.045310074865418	0.396990359405242	46
0.07850273641673	0.141112130718561	45
0.065461881708103	0.169748410609265	45
0.103021546481984	0.19705262736221	69
-0.068654563192663	0.325436949382513	46
-0.101333234920356	0.289518836480846	46
-0.070486692910163	0.294820131825498	46
-0.040483345107159	0.351713742994819	46
0.109060446542608	0.0893726708108528	43
-0.031970768212162	0.307961031443761	50
-0.094839057158012	0.290890299642548	50
0.043486465557819	0.219095721588335	50
-0.030327379021082	0.188571365030816	46
-0.083968683240842	0.276475115963926	46
-0.030046650785619	0.157790613615169	46
-0.028026726170194	0.152235739469704	46
0.012199919124343	0.168274371011501	46
-0.011128239689434	0.250212289544219	3
-0.041639707469427	0.295865721846221	3
0.088735687011765	0.134412542155463	3
-0.032742443855536	0.243884295456706	3
0.014829528171025	0.135765139965789	3
-0.074535727805875	0.17247783587197	3
-0.020917890159838	0.180811094558409	21
0.083082694615363	0.0712804521757404	11
-0.084985939583819	0.255565116387253	15
0.00270646792578799	0.173438750992394	15
-0.035362399945459	0.245028220381494	15
0.037220357351629	0.208545698091678	15
-0.076997418635422	0.335025144334463	151
0.033459704744077	0.230539384690408	15
0.045907837664054	2.01848106453538	91
-0.00377240010763003	0.645975460233114	18
0.011214383144332	0.51043207082673	18
-0.080159133805818	0.864273752368972	18
-0.019677493581672	0.440839933558511	91
-0.00860825578881003	0.478486961061799	17
-0.028863872387364	0.500503551691837	17
0.07050762254321	0.148384653711558	17
0.015208123147225	0.182001579991404	17
-0.032336109090025	0.503530977846501	18
-0.00623982165423398	0.396683775671701	18
0.038813121803557	0.332759027119681	18
0.063008222706043	0.310397843006431	18
-0.00398712902627002	0.443161441571959	18
-0.120817556516163	0.715711898116852	187
-0.004591477245873	0.476625476345996	187
-0.010592015603185	0.470182166887418	187
0.06915414867656	0.286381521113538	187
-0.079752003365612	0.746881269092388	187
0.08253331780569	0.271134523099766	187
-0.055751104310945	0.549876774522908	66
0.007121377535836	0.36373426039859	187
-0.014949034925752	0.255344665925039	187
0.064762056442321	0.13599789375848	187
-0.015476413181434	0.176796719929256	132
-0.089647133405853	0.278846111098288	46
0.119382096801032	0.172119440740031	46
0.050485979709655	0.307478948997078	46
-0.099458534933045	0.603706343889957	46
0.00103672378459099	0.199532642466887	46
-0.049270065878323	0.227622463952087	46
-0.043725983800511	0.251980859367256	46
0.085509042949344	0.238628978668858	46
-0.057976986085328	0.428967987682834	46
-0.118531635121262	0.507659342362521	46
-0.101886778619291	0.520817877536958	46
-0.034584512507306	0.312195259915166	46
-0.073624256175299	0.217738870599314	46
-0.083954684983166	0.393705790294621	69
0.11176800940755	0.216059295808986	69
0.104254735453687	0.19319313100592	69
0.042048270765002	0.264280139639036	384
0.049349711496215	0.250143492988155	45
0.081472012528183	0.236754231804241	384
0.060428794147485	0.213158736489318	46
-0.049362163651918	0.396269779148433	46
0.102377287811523	0.161156222248909	46
0.014583889687361	0.207570615606556	46
-0.066083874877239	0.203988062985884	46
0.010328263864839	0.140991135952187	46
0.074322826265046	0.125410563652279	46
-0.04432974248805	0.363126597877726	46
0.036196795809809	0.154758688408666	50
-0.022032417768493	0.183471593839814	46
-0.073706064441172	0.214263227647983	46
-0.071328383337584	0.212431278850924	46
0.086486890065129	0.121680243785331	46
-0.077116133901717	0.171159849793572	46
0.113616823586407	0.0616418098558849	46
-0.00502249346835898	0.26652169783391	3
-0.075999064394961	0.304859075578416	3
-0.034161315264738	0.240952041374898	3
-0.050429350433079	0.232203776543065	3
-0.035994312080435	0.0977392623574023	3
-0.000342747500319984	0.143822158203051	11
-0.026348035327633	0.214318060018027	11
0.028171056664301	0.0840565237079661	15
0.026888874107985	0.0841381468075795	15
0.054857297102934	0.195712822507793	15
0.004510523895429	0.139487977914849	11
0.057333618670134	0.115193428248175	15
0.120157218936344	0.22867254709052	91
0.033045606355261	0.695335355006088	91
-0.015160532362873	0.73614491832832	18
-0.026855385681602	0.833377668330751	18
0.011816303153065	0.744657879234862	18
0.12494507018428	0.1629660204815	18
-0.110750280100965	0.511085918219523	18
-0.047597806668693	0.647252024867282	17
0.065059911124392	0.319724073063655	17
0.033815401420146	0.40705337422432	17
0.09493250319489	0.178245288256363	17
0.024531300589216	0.4465873537596	17
-0.062939608166667	0.709133724396456	17
-0.067186736291711	0.640680115797608	17
0.006862829644525	0.172520421060134	18
-0.015581879106349	0.205183156992445	17
-0.00666773034199503	0.445229481248946	18
-0.067801326782498	0.428560504482847	18
0.100212486250646	0.208669270480814	18
-0.039100920238858	0.636167833152763	18
0.05587221282115	0.386235889811202	18
0.005291246795878	0.366936355228804	18
0.085778558610167	0.255484413854391	18
0.10729158294229	0.206864047230469	18
0.092855351012246	0.251197843362863	18
0.01701301274432	0.425004866442529	18
-0.058913801711227	0.650937482302902	187
0.101991617466947	0.261697201234678	187
0.094852479392724	0.271667007774204	187
0.058258366158988	0.363667899703126	187
-0.095415984678683	0.799431561865761	187
-0.051479704767622	0.526106470643884	187
0.069215613624351	0.274549011315181	187
0.055223895399621	0.308552312988157	187
0.061672695881427	0.349963619496426	187
-0.00345590379899902	0.314918919468507	187
0.055695104642062	0.192631314869278	187
-0.041124858679836	0.100541425438789	187
-0.0334764559204	0.193826700391051	132
-0.040182946727786	0.216216293146395	132
-0.037527498196801	0.158943775366819	132
-0.042373679782125	0.254562888494601	46
0.032307618388265	0.415467990870066	46
0.120155898228293	0.189058755851415	46
0.077980986831369	0.159873220193657	32
-0.120002270594764	0.240502457789766	46
0.010123063748534	0.167573274064106	46
0.021283267239446	0.307042067428817	46
-0.010551102192166	0.364044324034662	46
0.044558433269627	0.243728669584932	46
0.04329839628084	0.12351020088718	46
0.069926474269749	0.128508709937013	46
-0.069357546220726	0.212539062987044	69
-0.067119401987081	0.659463088646207	69
0.100613304419798	0.207056660899882	69
-0.052793451506479	0.560945486516531	45
-0.02532357274815	0.383667771476843	45
0.089035322006955	0.14391872126398	384
-0.070976197747192	0.373047260295818	384
-0.077302336306838	0.621675666769136	384
0.055461893607729	0.27165078345577	384
-0.035141030971507	0.365341992844464	191
-0.06916675094869	0.520489952873177	46
0.076976468437399	0.214965621780559	46
-0.078325205303975	0.171904723733992	46
0.042218674844758	0.123677630363283	50
0.082688387331776	0.0711549966670068	50
-0.07178939182902	0.273417843209685	43
0.034224281804366	0.0830592968209815	46
-0.075641696258053	0.217093531185552	46
0.110112749073261	0.0638816777473808	46
0.111073387077584	0.0634948544568438	46
0.014268072796684	0.134864113582704	3
-0.041556888239732	0.0965582616427489	3
-0.027244408122135	0.237180055150909	3
-0.046567288854239	0.368602701187501	3
-0.095492941409561	0.372796648177086	3
-0.084500574105587	0.171088834526286	3
-0.080654498929515	0.251556704857134	3
-0.074854970807888	0.167839709133438	21
0.0184434912518	0.158892477589024	15
0.011269884427302	0.332448694232867	15
-0.080466649031933	0.452279781632134	15
0.059851900779154	0.206912024939643	15
0.053878852784948	0.265744507191222	15
-0.039793945987167	0.323764419862633	151
0.052716775498709	0.237271105670049	15
0.089933468729226	0.187990229694923	15
-0.032280545792875	0.469592249968927	15
-0.119096074881846	0.621843088944832	15
0.053502613546897	1.86179238750943	91
0.110872225140192	0.374197245553641	91
0.053735999951709	0.70479242003502	91
0.099736808990561	0.337926757180875	91
0.040057323038569	0.439351126075207	91
0.039847920214731	0.623458615057117	91
-0.11902521375074	1.12574999560435	18
0.0381400864814	0.342511274888343	18
-0.120239214034022	0.541505472684244	18
-0.011951545746925	0.399509559422142	17
0.068775531206785	0.315770952493762	17
0.114452461129906	0.22142608595256	17
0.093660216814051	0.2677626966016	17
-0.037850821105401	0.272422557603416	17
0.073020857762761	0.148651827793205	17
0.01718522961908	0.181638923340869	17
0.106999742315308	0.108851483664772	17
-0.030723139453858	0.353352944334982	18
0.107018368918917	0.122710369522659	17
-0.106121702338869	0.435048395547303	18
0.011988777618086	0.204008589480762	18
0.09433164304486	0.222094268388677	18
-0.057745319570995	0.535903624317676	18
0.026617359493411	0.363346745287407	18
0.073566128807649	0.285348161279209	18
0.053539667008972	0.290694268124107	18
0.06469733028948	0.294088907379537	187
0.027942494799723	0.400468878411317	187
0.040614361298012	0.382121479313343	187
-0.08143201085439	0.626694734495098	187
-0.070640851167329	0.47394125258147	187
0.06858880087172	0.249983418153386	187
0.053636868571148	0.251031099708782	187
-0.00384239732444303	0.174574748138961	132
-0.092185483645047	0.261220181712545	132
0.030706923585563	0.176757802151595	66
0.033066721962	0.351653799799198	46
-0.054493237798084	0.457638273453305	46
-0.055254465700299	0.286055059633914	46
-0.00238327483335499	0.338769307109737	46
-0.056951144254769	0.424544210683633	46
0.114305539661134	0.181109898042079	46
-0.017633013472172	0.418220032163649	46
-0.052690428901505	0.332395593325864	46
0.053146640631679	0.118641564198491	45
0.053525511150918	0.197271981886517	45
0.049213995071775	0.141096098731397	69
-0.012899379259063	0.230007122145241	69
-0.079708852328036	0.381697278907301	69
0.039768304065955	0.232510447162397	69
0.00010636363347799	0.260698462319551	384
-0.086038096991405	0.48016239477048	46
-0.00960131617222998	0.249296913928695	46
0.123003713518768	0.0830149827967323	46
0.001763080562969	0.143249631960267	46
-0.032478820596969	0.331092480437004	43
0.119601158129611	0.155448822306095	43
0.068273865924385	0.184765379308594	50
0.00368393531361	0.142821034659265	50
-0.07692867958985	0.169087788226246	46
0.120875530975012	0.0584746164535589	46
0.114116125324512	0.0625376581365613	46
0.045686606792002	0.124353827023224	46
-0.110285798151034	0.359636107727321	46
-0.073662238887128	0.167740585379794	46
-0.072149580444541	0.169306611079996	46
-0.026627699077305	0.154461083261021	3
0.016534936537373	0.255434312433877	3
0.00762622730471901	0.140854772189523	3
0.054201471110319	0.158766283240467	3
-0.067833283352729	0.164953878157861	3
-0.037905096126148	0.0995921576628302	3
0.071472601385552	0.162155264871003	3
0.076503663938966	0.0733864335556596	3
0.076698814241119	0.0729116093731907	3
-0.111655237628826	0.227909140297262	72
-0.091964868214608	0.258340845188785	3
0.020324646519706	0.218994274332841	21
-0.074609348171688	0.218050350020318	21
-0.036596483640043	0.0996994327156536	11
0.074613174089907	0.0743929104827331	11
-0.037199114440551	0.0992075817363607	15
-0.052679380244204	0.226482079611353	15
-0.055996931352783	0.462725572925085	15
-0.036414703693955	0.329978329316224	15
0.058747783430669	0.215334144544447	151
-0.086751077362034	0.434357783690344	15
-0.113441311461268	0.230247291963616	15
0.0201700639187	0.785652546439895	91
-0.048406465541726	1.30237870029609	91
-0.000612897777929999	0.926837483898612	91
0.044475979990965	0.470871353431411	91
0.054477623641457	0.596381889092942	91
0.079722723528844	0.462461872736244	91
0.062348688995346	0.372720968519785	18
0.119486535022028	0.236232035333561	17
0.105816082311012	0.274927338511738	17
-0.061912297604745	0.617200948707104	17
0.04958359614078	0.383488284273607	17
0.035853748463502	0.318173194714811	17
0.106635588869451	0.134020943934953	17
0.055244952635368	0.193744712910402	17
-0.094765827808901	0.39292463042412	17
0.069137277218977	0.196676424161895	17
-0.026811944521623	0.379582235088208	18
0.109145361060148	0.202523647459014	18
0.0844298025708	0.180178314349431	18
-0.12266703961271	0.615172889771555	18
0.066520423449133	0.243168221340245	187
0.080681895968786	0.212386693226831	187
0.094773399790565	0.270443156097578	187
0.118051263122986	0.182013789977825	187
-0.113566991429475	0.78453307984413	187
-0.08281224350011	0.658337313551483	187
-0.041988097252052	0.596962180584197	187
-0.034020967074792	0.536495930979096	187
0.061172742526352	0.300300682752674	187
-0.08255169002108	0.616002033354038	187
0.063485114316975	0.200923791565123	187
-0.082584736467358	0.327401220208378	187
0.064502148621389	0.133498291152339	132
-0.067847215763079	0.321027690632211	46
0.106161460646577	0.184060611909909	46
0.12018091609136	0.145044849871973	46
-0.078003833036309	0.443955742938166	46
0.075823305767017	0.174283339109224	46
0.059841688911698	0.243794600794108	46
-0.019619465508253	0.319197450856839	46
-0.103297149690587	0.293205892137973	32
0.037440940563401	0.168929077857592	239
0.113126851744693	0.102022785397144	239
0.059435911226344	0.205217909192965	46
0.070292396749781	0.215418498953881	46
-0.054204866898936	0.356209061774187	46
0.005168805668232	0.380863306283177	46
0.117784859341951	0.114603308871416	46
-0.089344106006683	0.491076496837052	46
-0.090748247310065	0.367186668490982	45
-0.05153481627882	0.234226610165642	69
-0.041061153369254	0.516831449541923	69
-0.055818766529962	0.518383915616491	384
0.108718937056714	0.196559687504577	384
-0.091454180343382	0.440113187874405	384
0.049928659734986	0.231289888115731	191
-0.00705526656716599	0.243726125786411	46
0.037006873114737	0.153426358330525	46
-0.034467605315656	0.195824271837755	46
-0.01287768407366	0.198093691200443	43
-0.089900340954027	0.284023751147145	50
0.01395494231487	0.16469799337037	50
0.078498879643131	0.108803350162481	50
-0.085581177023693	0.255751828301597	50
0.000688911733363995	0.235027348743016	46
0.069492449641082	0.129827342426274	46
-0.03363618811466	0.153452434794953	46
0.042372107160354	0.164597780484288	3
0.072489406241334	0.147672720252047	3
0.104410683287415	0.118653696624965	3
0.007812353868731	0.140456418427543	3
-0.077872281837885	0.217309794740142	3
0.030736943413265	0.0848182414977103	21
-0.121880059643303	0.271530684421571	21
-0.04566140715338	0.098418050607753	21
0.105166729967944	0.121508378944857	15
0.095841991120412	0.158877855215119	15
-0.058361621974948	0.236676372551603	15
-0.059242280719658	0.27774017763025	15
-0.052769648285717	0.283402695651276	15
0.001331336249867	0.221983784882048	15
-0.093389638934534	0.337581027738597	15
0.057943300724682	0.175867341691341	15
-0.017707947732576	0.177379489273705	11
-0.00279683059504499	1.54693683457641	91
-0.020340793028479	1.47496884656135	91
-0.026673608476707	1.36814974069548	91
0.068572336047277	0.576105331452291	91
0.051754169545891	0.568028179493214	91
0.079736328690782	0.33462059741409	18
0.055446202230064	0.469617878397634	18
0.117298020798202	0.318921054630864	18
-0.060805758291555	0.650543220413002	17
0.071579888508	0.354115369602927	17
-0.061908226497488	0.317329803279608	17
0.049932704322526	0.194589290406301	17
0.03929648117304	0.185483709378799	17
0.076497791307699	0.161427294860072	17
0.043214564748486	0.220846823124807	18
-0.065229838062134	0.319813009649244	17
-0.098148379993135	0.608057914437126	18
0.123372231430145	0.166758187511314	18
0.085676251031583	0.258131706085665	18
-0.114141554700502	0.719282493445864	18
-0.113221824696977	0.732809992791449	18
-0.086861463770043	0.594046529444253	18
0.083745760734168	0.263754209969486	187
0.055717668081768	0.31034885991455	187
-0.12065439137133	0.667936934247966	187
0.073196768164585	0.269190998651674	187
0.076858927539255	0.274895403751619	187
0.088646035677541	0.300124453037415	187
0.012191916756814	0.366761586622943	187
-0.024904926390663	0.513574263017464	187
-0.042874785877573	0.220258030945243	132
0.088767708647125	0.120417044832128	132
-0.0565698947055	0.289164009337603	132
-0.094349585272132	0.519864085481879	46
0.089013389478821	0.222538559518632	46
0.00902327517998899	0.408359267492795	46
0.045822815598895	0.295605953639513	46
-0.080612520169136	0.251137140073553	239
-0.00172975606134801	0.254313169169854	239
-0.073136192831074	0.352821770707085	46
-0.00168817342591998	0.404963329026131	46
-0.103981848428126	0.652054636656192	46
0.067233336970479	0.192213761726867	46
-0.020371690105345	0.337232161830337	46
0.065870313763568	0.174070394273069	45
0.107962272552919	0.153398672908539	45
0.082496431732951	0.211421029956946	69
-0.0598152843274	0.610212162681215	69
-0.119472793454039	0.628190604286113	384
-0.017772317207228	0.280215358604232	191
-0.115438813096074	0.526299569368907	46
-0.056412590712184	0.230164089422559	50
0.076443584578031	0.124249523374446	50
0.113312167112473	0.0870198891470457	46
-0.076550611478624	0.210567359397847	46
-0.032299082486532	0.19261491260165	46
0.112553056176257	0.0631141950998593	3
-0.033974851081428	0.158145533042455	3
0.077555356158868	0.10880019865473	3
0.00949056591445999	0.268696659819964	3
-0.123396784625084	0.498595659153491	3
-0.091167184158099	0.339306212584608	3
0.082676391692485	0.0690626287682541	3
0.009585168703097	0.137791720387293	10
-0.00894595579516899	0.201855788165024	21
0.013822609723381	0.136672455895727	21
-0.028725074748399	0.155395233861734	21
0.103760389563283	0.0928907471844093	15
0.053328086897248	0.203071242715478	15
0.067273760202346	0.208129660386055	15
-0.018629460013609	0.278074064848359	15
-0.017613472568036	0.291809107969606	15
0.115057064377491	0.139925689169947	15
-0.001840602255616	0.302341758545665	15
-0.080855087243536	0.308034622566959	15
0.040471737229101	0.239339181988335	15
0.098894023763242	0.114166647058085	15
0.081420709603914	0.0699912553175441	15
-0.007684131680055	0.290455466674094	15
-0.077645390635105	0.41858243013877	15
-0.105634942780897	0.464735248508159	15
0.05460953716395	0.19032070369579	15
0.075431579228907	0.109221541405676	15
-0.071929106444437	0.1682304958622	11
-0.102347505859016	2.12309474996425	91
0.120083173642076	0.424813483687819	91
0.109943735208951	0.395305604965108	91
-0.024952610929842	1.0906474415786	91
-0.028442006318334	0.60766924465437	18
0.043934466084937	0.460453832281341	18
-0.055375820626967	0.739413557890294	18
0.121864126459562	0.244358003522942	18
0.051438032070034	0.363420810072852	17
-0.024948889945284	0.622629935060225	17
0.064281268663612	0.376256200805387	17
-0.00957453219896398	0.540730101967773	17
0.044746567406866	0.360184381182683	17
-0.021352135630022	0.38464252425213	17
-0.055998411327237	0.411006281032231	18
0.08857899740022	0.220584909487077	18
-0.072574875987221	0.507315485242307	18
0.093342831285962	0.248537750077171	18
-0.061989741499428	0.671005334291751	18
-0.00811982485653701	0.462636385937857	18
0.114009740202153	0.159553117961765	18
0.090819246394271	0.192552140738485	18
0.106110843209797	0.172174083369766	18
-0.00294887961700002	0.314320117288432	18
-0.108877587443809	0.450890582431173	18
0.082698639517229	0.227343001009658	187
-0.048709826044461	0.506165473383695	187
0.034815785370124	0.383560335672097	187
-0.00798189226197998	0.447379054222793	187
-0.064445500677711	0.58927639316865	187
-0.058682179831688	0.36215330439734	132
0.043754147481619	0.236214279710299	46
0.075783861859406	0.188215088778839	46
-0.110454452055421	0.440592862447278	239
0.048872876206652	0.213636525590399	239
-0.07467684779346	0.400186031197147	46
0.08079143091685	0.195475350504097	46
-0.031087700895965	0.374366874860936	46
0.120832137288494	0.165097290502694	46
0.00675259486506899	0.368337377788315	46
0.10179892924204	0.151528080119032	46
0.043615525046891	0.185161925026282	46
-0.062314258606031	0.438068192119622	69
-0.0614974521574	0.511944221331388	69
0.079807890209993	0.252939755189431	69
0.098181555771864	0.237655697485775	384
0.020934182586534	0.392536041802061	384
-0.099232144090131	0.400887327278522	384
0.077213551315718	0.142954700847992	191
0.067559201597423	0.182224946481865	46
-0.015278476224207	0.295615949538398	46
0.046712961251619	0.21809918547574	46
0.023552505051983	0.285015864132902	46
0.031856019828353	0.278791146950612	43
0.100887330644511	0.111103799291432	50
0.067192892213548	0.17544126564574	50
0.058678680442533	0.158504268980639	50
0.041241799311389	0.205470009834509	43
-0.044370519501854	0.254961066783907	46
0.057299993593061	0.158556088341532	46
-0.067303698713211	0.162522933091982	46
0.047292098750545	0.182199675867234	3
0.040335886222035	0.204632020195122	3
0.00634252131665999	0.215932401020423	3
0.081831313054222	0.122242387737473	10
0.12063848229872	0.0949870420110111	3
0.073856891355484	0.128091206260752	21
0.000969859801404987	0.218860777132277	21
0.076524651436543	0.108689948110666	21
-0.041000625890415	0.276001038977343	21
0.075786614601304	0.143713801470209	11
-0.108780864046818	0.379717921056025	15
0.000412446424527008	0.222119635061208	15
-0.123656493858377	0.396345815051603	15
0.033664452804318	0.248325898666871	15
-0.028084095166921	0.237749210504807	15
0.064804206003563	0.161815572700746	15
-0.12330808507186	0.402404364910737	15
0.037903185037826	0.171474717258689	15
-0.068828894239038	0.335734312056574	15
0.058134549217592	0.183093823531654	15
0.00866728631393501	0.271204720714447	15
0.00131812712484899	0.271327709044617	15
0.06603742834902	0.1659629472518	15
-0.0653225892141	0.26788600346134	15
0.00563712106799599	0.285594807771632	15
-0.057834136241708	2.06230906012209	91
-0.10170900737324	0.967240568757089	91
0.070289812659954	0.230630994030001	18
0.089963172172619	0.330271864837072	18
-0.111242336823805	0.961081928039794	18
-0.088570808920429	0.500987832549262	18
-0.004601240608546	0.481463636934142	17
-0.075699217614539	0.56924307944156	17
0.119784232397004	0.201991627357288	17
0.033688676787132	0.383216968250972	17
0.098143924863064	0.201452372717231	17
-0.037018676873356	0.551532569694493	17
0.076769122999421	0.245426768350234	18
0.105330164560978	0.174997059846905	18
0.044418940368794	0.254866445313143	17
0.030831900674945	0.246686342600098	17
-0.040734324586033	0.5078007525104	18
0.089023231776459	0.152157482538376	18
-0.087347310792966	0.310371804871894	18
0.081906880231838	0.136094974180897	18
0.099163218492039	0.113965851863468	187
-0.010700064370149	0.264309653112956	187
-0.082083927599611	0.219121962151986	187
-0.068939474246991	0.338661739815349	187
0.091485310338268	0.253521910396222	187
0.09460523389721	0.281780152130278	187
0.04844362095562	0.231534577053101	187
-0.106311869047175	0.438411962512859	187
0.040658837135778	0.248131056508552	187
0.060879933819298	0.251374814464451	187
0.070292770871909	0.237392089830524	187
0.040773082254499	0.250063853592919	66
-0.08669173161698	0.487673227440327	132
0.113343068846552	0.16342433233937	132
-0.014309706809191	0.319741563664244	132
0.059635300191705	0.215242317529414	46
-0.080429567459233	0.429650648012607	46
-0.070830333523923	0.383486725761492	239
0.032616087375464	0.266370309768041	46
-0.024217403187391	0.38252912190564	46
-0.111069317251832	0.331827549491565	46
0.056700609048744	0.216737885896827	46
-0.00848739259556802	0.310036352173508	46
-0.101372517142076	0.520937483688934	46
0.096810049662806	0.142758247964445	46
0.099738644396086	0.166008057466914	46
-0.112050916442908	0.367790409386487	45
0.086115139792373	0.231180506718643	69
-0.034437177160155	0.21304822100722	69
-0.015430648917791	0.407485014582381	69
0.119075060570719	0.171145056409322	69
0.029371135915308	0.319485052690835	384
0.032739375280639	0.263741425471271	384
0.052646671624113	0.16175182444255	384
0.09882514844635	0.125122623210969	46
-0.00657045771912102	0.269016463229754	46
0.115303861062316	0.113704751471347	43
0.012250829948298	0.229809559575109	50
0.100133285758504	0.142631645858713	43
-0.069599799333281	0.29528444155318	46
-0.042724399401704	0.251472094362422	46
0.079837822546219	0.141243225135241	46
0.094239595423654	0.114584012029398	3
-0.015117660568118	0.208189383051087	10
-0.06620151802967	0.211626928376794	3
-0.029304704325057	0.192862372594584	3
-0.029170482314757	0.157426549311752	10
0.114602104665852	0.0624306820002342	10
0.116422290479928	0.0852916593571137	21
-0.120732922515252	0.267559379090238	21
-0.090584825075225	0.252411662322864	11
-0.08798905687612	0.283119319169137	15
0.080622231750318	0.106992047446473	11
-0.027322526789493	0.154297009034602	15
-0.032412760767	0.153650425939439	15
-0.061875085056616	0.257490700183113	15
0.070134317994431	0.111558902353184	15
0.081854130269734	0.0718526699583793	15
0.024588262021397	0.0866954096070713	15
-0.083289618289268	0.172513208942299	15
0.088829007041679	0.1327087261951	15
-0.080855517441	0.351360960884918	15
0.09223883538938	0.936094622540776	91
-0.061900516594139	2.07155119120181	91
0.03341996124046	0.557034015255643	91
0.018679137639542	0.565710150561422	91
-0.010059982749762	0.699268135982493	91
0.013831226372483	0.3004242694289	91
0.021800132216761	0.459649755149001	18
0.039019939772413	0.326663179891265	17
0.062541501351297	0.341175507515354	17
-0.038100572108485	0.492716039659761	18
0.034332926036746	0.335575319499757	17
0.082897470945904	0.274212029837758	18
0.067752679694949	0.337974188150982	18
0.089537990257651	0.231910952235407	18
0.014518088301292	0.203470211005443	18
-0.101284254844009	0.316448870558467	18
0.045334045235022	0.16853937103724	187
-0.00266170811251498	0.290340215606695	187
0.111649450620135	0.176981513226896	187
0.047928701301643	0.468429800088282	187
0.04626926792064	0.233835985501212	187
0.038268415390993	0.170504889596405	187
0.102409049506054	0.229575092818982	187
-0.061023006528285	0.4073364463535	66
-0.03278239702953	0.372103723682803	132
0.113836746421925	0.162014274572491	132
0.081511076001648	0.224150540760393	132
0.11033080229247	0.144135492440652	132
0.030601864623159	0.264133055866841	132
-0.021096523347625	0.204121889779936	46
0.024832776462577	0.217037473776758	46
0.071508062083653	0.27406300653023	46
0.062532904288206	0.290372994979455	46
-0.022183563619016	0.381982169855287	46
-0.05441661051441	0.468986984466997	46
0.09854871521655	0.188126672367006	46
0.073489063524235	0.228988583170019	46
0.022240994475762	0.312334385079448	46
0.092382541430403	0.202513680312776	46
-0.09819636902568	0.468243864881767	46
0.058018329141879	0.280299571905307	46
-0.000867505909557975	0.238582548877857	46
0.109384686331815	0.105473454958452	46
0.109565059785691	0.120663618668242	46
0.090761526629926	0.195249522737404	46
-0.112772660474178	0.510069454526089	46
0.034091610510223	0.277271188312535	46
-0.018244135047122	0.391636172411808	46
0.032766712834539	0.288280662608439	46
0.085901462569023	0.191764570387379	45
0.105104392650103	0.107601110472568	69
-0.104009764954309	0.691206178765292	69
0.044550355376466	0.316554299078396	69
0.074058017575383	0.290667868040955	384
-0.064288880615518	0.518158406938899	384
0.00527226505720399	0.239167997335935	384
-0.03363618811466	0.153452434794953	384
0.060233133452273	0.136296860973242	46
-0.050665747007461	0.400880597923976	191
0.073466566866085	0.19078002136979	46
-0.030500779764379	0.302870799403136	43
0.105656993653699	0.161708201188434	43
0.086159830181582	0.20276902026686	50
0.113807120160617	0.136267921359442	50
0.030682954308858	0.243107785930166	50
0.115187084845753	0.140119122189342	43
0.096196058592305	0.156486176390596	43
0.023904694325698	0.221948740076921	46
-0.034978616677141	0.242359996035456	46
0.108725020602189	0.118604949122691	46
0.093376526275427	0.148642549176904	10
0.053646452245039	0.13553522407127	3
0.1120312366802	0.131736281330644	3
-0.049438287764944	0.3073753580151	3
0.037932397714205	0.171242232803613	3
-0.035183703096518	0.0973361798603758	3
0.00586643902433601	0.169250315303852	3
0.00346446038822301	0.217379034231855	10
0.100576339759268	0.109570251882336	10
0.031542618331844	0.153161468502934	10
0.071089738589926	0.131301304043071	21
-0.043144727159458	0.22544685476738	21
0.124154102593216	0.0933022699891993	21
-0.035248113778203	0.244377772804938	21
-0.033292737818639	0.244958452879845	21
-0.090114867115838	0.255685344634314	15
0.100842587721417	0.0960131531106136	15
0.118740048648487	0.0832084523064199	84
0.056837632172726	0.178049035784708	15
-0.079166328469669	0.171587050389736	15
0.068349750483957	0.166547220813284	15
-0.060325026048921	0.340073701163425	15
0.086785659113801	0.173883486718343	15
-0.089777512783709	1.14733646927681	91
-0.00429447334687999	0.400326952600289	18
-0.111819436111523	1.14638212578495	18
-0.067604672579941	0.891615640252868	18
0.100178813749345	0.332538358236824	18
-0.066877641097354	0.359236442889654	17
0.113973898879016	0.239374203006506	18
-0.048358579702235	0.657978525483517	17
0.061978646645802	0.308944488258466	18
-0.051203453811343	0.581205598363706	18
0.084349338196013	0.271049885057805	18
0.10908346632375	0.216024570549723	17
0.113357346590049	0.21192354789039	17
0.008337551715282	0.48706241341734	17
0.057081626554727	0.330209333396398	18
0.079203522411594	0.226885150871198	18
-0.078904629924483	0.219153963223968	18
0.010219078658047	0.187535525244424	18
0.00465205970200799	0.194795572842746	18
-0.057137967039652	0.299307051338739	187
0.090895954268556	0.277473057833887	187
0.022771046058396	0.423673745260541	187
0.05372014393038	0.416089347022691	187
0.016884852851399	0.329346513930911	187
-0.061262809376664	0.395248998404093	187
-0.014729737968472	0.294095262962981	187
0.030063700661807	0.276583709684407	187
-0.056926148579936	0.381313501900429	187
-0.016483863713802	0.477197700568028	187
0.124346945761937	0.150059701717785	132
0.061491622460078	0.229044749600392	132
0.02308750584861	0.323384135152502	132
0.118203563991508	0.171847260093722	132
-0.032684939828903	0.422571724277504	46
0.037424661283525	0.304918877664687	46
0.058881676965831	0.20476868551672	46
-0.00754477178032598	0.444618674853844	46
-0.06813440636149	0.428308277408977	46
0.030545270827187	0.367736385607247	46
0.054259942281507	0.27502486947487	46
0.093958152899626	0.202030174222989	46
0.081751164541611	0.212526032895125	46
0.076592315402519	0.216405984753202	46
0.113033884400807	0.102097138105353	46
0.074363711657938	0.110113364841948	46
0.047043450589958	0.275982046144228	46
-0.057485608104942	0.400941050918855	46
0.081544328713411	0.213370033155098	46
-0.111842352726877	0.49076946750125	46
0.019576573754659	0.258325857769743	46
0.050256177583328	0.239812722662533	46
0.07616526744018	0.198284855347534	69
0.07498528122179	0.2856903711423	69
-0.122711008113708	0.811402685756974	69
-0.099034609061889	0.741440504873097	69
-0.066516892790827	0.458513958761494	46
0.00532194266085101	0.282307303807183	46
0.124905206667741	0.131238177732901	46
-0.042644834433145	0.300529016143737	43
-0.055055026363063	0.366373098602112	43
-0.050673510053042	0.3508070669406	50
-0.00955623331960298	0.243562961002166	46
-0.019724646209362	0.260348339981964	3
0.11539169563927	0.0990061220769062	3
0.117947187841272	0.100706336368788	3
-0.098277708796546	0.313853985515542	10
0.086946413137618	0.100964506608332	10
-0.085581177023693	0.255751828301597	10
-0.119882772113659	0.294421766060068	15
0.011285738146385	0.167738748626605	15
0.064803281810681	0.113903036473586	15
0.064933849287993	0.132749746630894	15
0.047675062951746	0.145097866750568	15
-0.114583112758729	0.232221011333365	15
-0.022438608820096	0.21422396672743	15
0.044645316936932	0.185507475806122	15
0.00982470384390399	0.191755189892441	84
-0.033659108970156	0.0939169143135032	84
0.010874467029642	0.186945403343686	15
0.116519936353196	0.060856591649151	15
0.049321877798597	0.200954158194262	15
0.024438737891087	0.219073291298426	15
0.062091487503681	0.173341594517367	15
0.116679468023203	0.0839253255779025	15
0.036338567293014	0.291394221763511	18
0.123845923499086	0.130841603306716	17
-0.016982379350166	0.373074693201997	17
0.075167934266541	0.288067752003159	18
0.094545091915631	0.271400144937854	18
0.079689715130581	0.255455319503763	18
0.060322457619087	0.261778725527387	17
-0.083784855275714	0.646816014513871	18
0.042248523014889	0.126065154109755	18
0.022731323340304	0.271496629625564	18
-0.045235240006354	0.225113041107336	187
-0.075436483269808	0.589782169551663	187
0.04952629922881	0.30706154995187	187
0.071777895998503	0.362577829420298	187
-0.027140413719478	0.265259439050157	187
-0.00599533020074999	0.373181469986743	187
-0.108987692240626	0.664252377941413	187
0.043451683333755	0.263596126188391	132
-0.098469665388854	0.459978469014474	132
-0.07468973853482	0.509527136583552	132
0.085081982187812	0.208961023128919	132
0.06501684760215	0.242928367071886	46
0.035438800833427	0.173766782594828	46
-0.058645706304738	0.473022844737817	46
-0.012660560913339	0.341009150712369	46
-0.040080449549471	0.397679861329222	46
-0.000340084084112013	0.310638586139706	46
-0.041903807337368	0.40278633544979	46
0.085767851703129	0.219314402339911	46
0.030307826466185	0.266759878331451	46
-0.110614588190948	0.590711068794701	46
0.015536507298081	0.291634931207851	46
-0.062392329968113	0.382962943447512	46
-0.064940583366716	0.366627017677524	45
0.066964242815056	0.255768787497897	69
0.106346974347998	0.186837979399973	69
0.010547916910235	0.41198165957869	69
0.022803136812175	0.314700080472239	384
0.029208510055436	0.234605403751419	46
-0.108982304396021	0.438140021523371	46
-0.067785921743847	0.391338358582685	46
0.09039254027171	0.177315840385732	46
-0.056457074760534	0.364723664424954	43
0.021398474499518	0.221957687840925	43
0.0000962357507270084	0.279047878657564	43
0.021829920038746	0.235354691337746	46
0.056626875879879	0.217313354653251	46
-0.122308898298667	0.372640304728655	46
0.037209454251263	0.193719771199671	46
0.025810937726606	0.20120195847936	10
-0.066715231965223	0.285264965700766	3
-0.068433992572897	0.345878057404663	108
-0.066204049269917	0.347524296908976	108
-0.08175480217599	0.251608494150169	108
-0.066049003700336	0.208246476026663	21
0.049951581164946	0.122400813730991	21
0.03926602467223	0.149226954908897	21
0.039088860161004	0.128623796383421	15
-0.025107845404786	0.190347282672372	15
0.071916561621156	0.129456344850792	15
0.084135178585841	0.139024646470719	15
0.052170401684862	0.158860537248736	15
0.022368109475734	0.0856912893843615	15
-0.068689446116346	0.166720335815638	15
0.01869520362448	0.207702602208502	15
0.122367591747682	0.124084252749308	15
0.069420083494414	0.791221813593831	91
-0.00506186284037902	0.520944096178196	17
-0.029895683476509	0.566654210456556	17
0.038182044934149	0.366333759686374	18
-0.104804329948451	0.523343750604249	18
0.033110285289329	0.251994103850113	18
-0.033132864263135	0.392440780597559	18
-0.080435867498276	0.535157537193685	18
0.066520566065845	0.196586921542242	18
0.097515476872089	0.189821665014682	187
0.022669500655521	0.383932076588771	187
-0.115510551099773	0.77133225431446	187
0.105476098882635	0.200730059403774	66
-0.020827247969368	0.378786818339101	187
0.102945191193527	0.208546743976012	187
0.047580813676108	0.229322288916789	187
-0.00262904314498402	0.308678025708189	187
-0.00219333128111598	0.260515114426559	66
0.089985639908582	0.160923579812413	132
0.084635072819141	0.181505409432319	132
0.056069885826597	0.240176497790977	46
-0.063627094165149	0.525661254818431	46
-0.09744532748692	0.661092568494952	46
0.00164756282737499	0.361325480084936	46
0.049771960081855	0.161916072214005	46
0.049943460198364	0.216329277720894	46
0.012815863944227	0.25977372424412	46
0.029063030264973	0.257268640301993	46
0.017195498656077	0.323137628380081	46
0.02654663213918	0.287052717780515	46
-0.093732926634405	0.436942281863598	46
-0.10536516513095	0.452938201460925	46
0.08792397314638	0.178995729224305	46
-0.069517316054067	0.413690047692129	46
0.018201873905989	0.372567846873604	69
0.090114251402004	0.232280555927729	69
0.042746234258687	0.344067627725224	69
0.057826068241621	0.15530165172809	46
0.002246036693071	0.279417741083302	46
0.019736488592345	0.273490427060297	46
0.120144525514076	0.124679078783772	46
-0.092691482129154	0.368737898602929	43
0.106701125340779	0.144508374205515	43
0.062289887784931	0.188409385147968	50
0.026212302655892	0.197002990301044	43
0.039591466276133	0.192012667028643	46
-0.078191548025503	0.27665330789059	46
0.095438656314558	0.113683559596439	46
-0.085125837381476	0.255529436577115	46
0.052267637778685	0.161841891904208	108
0.109753638976484	0.103995916866442	108
-0.084985939583819	0.255565116387253	108
0.048428506547098	0.12197406150362	108
-0.064967009717445	0.2038274089265	10
-0.037786410452672	0.245254218279151	21
-0.082710822215617	0.253597481776875	11
0.010253353447008	0.19265433707236	11
0.032695931301391	0.083855568343684	15
-0.02685741217745	0.150770414452781	15
0.064287765671533	0.135983075965144	15
-0.038031058077772	0.249285358139842	15
0.052166697876383	0.13772594699588	15
0.02522974686309	0.201675462110356	15
0.084069520719097	0.141088934917192	15
-0.083136888889677	0.36196874825728	15
0.084519384105341	0.121897778044674	15
0.076517143634835	1.17092291158662	91
0.109095476487641	0.154669340565074	18
-0.011168337857113	0.329885028444984	17
-0.089088862592151	0.257503331440576	18
-0.117399736954195	0.239052704881105	18
-0.011742828853689	0.306150435697356	18
0.070567415336377	0.192138498006672	18
0.008727306574004	0.446696341738598	18
0.107562570630184	0.212236306962294	18
0.047898784242218	0.309488280213454	187
0.105726998559765	0.195498653093433	187
0.039736182863084	0.20829885368185	187
0.041796996929894	0.207355170309804	187
0.045926868561089	0.286220285000281	187
-0.02713669629853	0.36565522516893	187
0.080192763451109	0.0716350118559031	66
0.073547553969854	0.326635854825197	46
-0.028899255015818	0.152325114432753	46
0.024419328451103	0.0835826615651541	46
0.092822738968718	0.115859436462538	46
-0.05768579205351	0.588359429004738	46
0.011427530982573	0.429870775357476	46
0.00625982681524401	0.314141546660367	46
0.094998942613054	0.175585281027059	46
0.120386379400008	0.0584180976628965	46
0.038329806910722	0.0805429907726897	46
0.022368109475734	0.0856912893843615	46
-0.063729557450387	0.160444905412425	69
-0.110487676515243	0.228186824066147	69
-0.00872401515319399	0.491094610636007	69
0.030121220461643	0.432390119467243	69
0.070127275464957	0.232930373351828	69
-0.034508933449203	0.269375592929269	69
-0.104097211451457	0.347086353944202	384
0.025257103230034	0.396318483592565	384
-0.112810875567657	0.563352606804534	384
-0.00553356899920998	0.370242515553148	46
-0.019977031396244	0.250295046177575	46
0.07630578879907	0.0720800660761759	46
0.101856777019222	0.12142569370051	46
0.028687250875602	0.0852735688983957	46
0.025354302980329	0.0866285988130991	21
-0.114887408134445	0.508577902130083	21
0.029455096287357	0.0848902631040692	108
-0.074178044848475	0.166713884552222	108
0.073250097185942	0.111414222143716	125
0.049041218925222	0.120991608731323	15
0.015352025215416	0.162610367035082	15
0.075028625929145	0.0742346988679116	15
-0.123891387808391	0.302647188058391	15
-0.06441737038943	0.411900629054572	84
-0.033024753728036	0.269253841909594	15
0.106149943327543	0.109500470235134	15
0.00691984492657499	0.171862590408851	15
-0.026002526894434	0.34267663408726	15
0.076535659655843	0.1857761197891	319
0.034902016965485	0.259974099699303	15
0.050819044398573	0.958090675143903	91
0.00343835933985801	0.378390766763719	18
-0.099190496480241	0.68524175549657	17
0.00857157653890001	0.346136872549321	17
-0.113964830801969	0.709020808089107	17
-0.039203480094396	0.514370650544393	18
0.00607556267173501	0.42536848822998	18
-0.038342735338043	0.500822462416281	18
0.011649075115804	0.381186157055124	18
0.099941060346176	0.207769857386554	18
0.073313226503248	0.28321176046472	187
0.036441025587897	0.303628544680867	187
0.108988361887036	0.171927163355673	187
-0.068404598266163	0.497076269515787	187
0.107180100250887	0.0926147767799615	132
-0.050808905186059	0.231364979806242	132
-0.068190307381329	0.517723758474891	46
0.086946413137618	0.100964506608332	46
-0.100404944681662	0.399599774871451	46
-0.102891234307348	0.601485873348506	46
-0.075799993795193	0.393807122970702	46
-0.120185295867293	0.472045328569022	46
-0.00532815141021298	0.363638120462635	46
-0.118717052023171	0.579261448160584	46
-0.067254294347198	0.427103181581061	46
0.078099423939215	0.17462427381096	46
0.10810572542909	0.0924806848682534	46
0.113426690732626	0.102697663788636	46
0.099008742817779	0.110846027209029	46
0.109216682745302	0.0918779873457934	46
0.050970235266669	0.120096268682949	46
0.105999816501539	0.150046780767281	46
0.045769435907919	0.143852737151788	69
-0.072882893503426	0.162790040645449	69
-0.078391296988282	0.245812245866099	69
0.109574002598049	0.201913466036237	69
0.057826382025492	0.249011915483889	69
-0.042272083740709	0.433150327816983	384
-0.056715802088498	0.465139151272931	384
-0.033194124421253	0.432916373864423	191
0.113650524092752	0.160178626375474	191
0.045928429880832	0.293484520472565	46
-0.018808592402298	0.25991232014788	46
0.121418643791873	0.131420753163673	46
-0.084753525314634	0.468812302586692	50
-0.0757841806848	0.243677195116908	50
-0.072442721666966	0.21120050065097	43
-0.073487746215918	0.210735221261793	46
0.118911065636802	0.125877754397916	21
-0.11993125318564	0.23974394286798	21
-0.030341814938832	0.158165933843798	21
0.089486717842647	0.13584352429967	108
0.037065308099902	0.0796951608057248	108
-0.052440187753876	0.286373940467574	10
0.012576802646974	0.138434025965809	10
0.114591983813856	0.0619844701664747	10
0.110722885036943	0.0636219927095952	21
0.07590147503051	0.163447760849376	11
-0.030493920888807	0.0956284205044024	15
-0.042871421542661	0.0978182005780926	15
0.037452973961326	0.187833159453297	15
0.072168432058456	0.191614339521972	15
0.014585147007754	0.245925294621996	15
0.00794951427110099	0.210205781262008	15
-0.06042684562162	0.372233573895741	15
0.114892939649998	0.139562711563372	15
0.118920441492478	0.1277841023534	15
-0.00652155089484402	0.260981446606335	15
-0.015443939502703	1.30807831687115	91
-0.082793401968056	2.07358826090082	91
0.051059527709464	0.759082110604929	91
-0.063753375961378	0.790073152396712	18
0.020161882824198	0.339895546195329	18
-0.00514965278772101	0.472319478600149	18
0.087517575050514	0.301652136539361	17
-0.100041758228987	0.779093252039776	17
0.061935930350956	0.366542032673631	17
-0.006224028406984	0.442648686539664	17
-0.036259698585237	0.520478955446912	18
0.069423440898951	0.294679566945557	18
0.067121875381066	0.222533523295326	18
-0.00159680099706599	0.236785374692958	18
0.083959501205128	0.156789148284442	18
-0.075670252400435	0.448172364914856	18
0.055410951010865	0.222057603949071	18
0.036279486558431	0.154640787898802	18
0.116589588723877	0.139709079833933	18
-0.016202213964593	0.484092780083546	18
-0.069943398506035	0.516499062080994	18
-0.112758904177402	0.687023399280965	18
0.023341050275338	0.331494530613354	187
0.043745495458221	0.289163198601164	18
-0.02095247731306	0.402358548852489	18
-0.07904412063469	0.520244058464866	187
-0.059729345125457	0.38665266239515	187
-0.064962631233537	0.476244057327585	187
0.05689480573793	0.275591883833323	187
-0.063033325619485	0.497509835926089	187
-0.017647166093997	0.40729604016633	187
0.00140892556908501	0.410686227027418	187
-0.022819930654705	0.185369422075937	187
0.057174896780265	0.175398545880181	66
0.076369478537901	0.217952916038272	66
0.012199919124343	0.168274371011501	66
-0.101530614988718	0.490151633436373	46
-0.018290090431362	0.430251442327199	46
0.01958399862458	0.219581051203767	46
-0.056454573774826	0.471388034810172	46
-0.074030354720666	0.573996731934675	46
0.015991009694231	0.373428962699504	46
0.109334448388735	0.176195105194705	46
0.058037736169355	0.208509477827658	46
-0.094801535640316	0.410723647389388	46
-0.029211941474239	0.19273737097084	46
-0.053361158323291	0.287247799135274	69
-0.081896226575773	0.253116734836498	69
-0.097768266888597	0.289006977265604	69
0.078798777721281	0.121728423427886	69
0.061422973620013	0.256510100479091	69
0.044838138191558	0.255307293776667	69
-0.00631851136934603	0.276789036437826	69
0.046629204673533	0.261813899842823	384
0.045683006049429	0.248683890667069	384
-0.074776129210289	0.217251905941175	46
0.048720307631501	0.142152786686377	46
0.073371413213312	0.175857226283247	46
-0.039873649391699	0.195688351256521	50
0.099677595518544	0.140873907150324	43
0.031251946252566	0.194151279457249	43
-0.060846283228134	0.237639997839284	46
-0.114662678381597	0.229835550585284	53
0.081857427830582	0.070347004579488	53
0.014269332827555	0.165513127155315	21
-0.001128698931325	0.297596208203973	21
0.114138641460979	0.128599148380277	21
0.080111325317023	0.168098891824301	21
0.020557836951653	0.130447715775629	10
0.078170629781072	0.0720756210766149	125
0.073797779712097	0.0750738144338837	125
-0.037647363744395	0.0974155639491542	21
-0.041689306256232	0.364783709157325	15
-0.094289412493375	0.370316394753149	84
0.089683173179976	0.136271535861551	15
-0.024576180377625	0.282443668910367	15
0.06082459712795	0.181323760348539	15
-0.040159016086063	0.276284581941897	15
-0.118654086043487	0.470924860707998	15
0.049302116071683	0.164640294031262	15
-0.072350949866643	0.210565620789153	15
-0.007628843237237	0.323591308013801	15
-0.040915577134538	0.223027749381279	15
0.09384620438616	0.236187417411495	18
0.109618753916984	0.203327486843985	18
0.030149626268747	0.373043286024903	18
0.121036631344752	0.209344961445998	17
0.066805344168951	0.304650329856318	17
-0.023745259465589	0.524586816496471	18
0.061448937677949	0.331948875621513	18
0.109565059785691	0.120663618668242	18
-0.076528612723514	0.246824414802734	18
0.018750919893761	0.317277592678599	18
0.077954052054353	0.202002476671589	18
-0.064857548061601	0.295847823980068	18
0.094943458749377	0.152872438952101	18
-0.02616596945622	0.417639499960487	18
-0.101358763825761	0.716203661139175	18
0.02880708764161	0.354130611319751	187
0.052426304093597	0.284067872071911	187
0.047434207725578	0.327521612165161	187
0.015493339206857	0.277618524659164	187
0.079312322919023	0.214594788622272	187
-0.069533304500496	0.64854895536127	187
-0.081367047018286	0.768200115577346	187
0.081340047211834	0.302545265476976	187
0.085792015814425	0.192977281904149	187
-0.025580528856259	0.535582063206272	187
0.048223704877038	0.156138494891873	187
-0.016884464725685	0.202615166712079	187
-0.037666080752524	0.193824548502987	66
-0.051136806902224	0.55583744585655	46
-0.123717872573064	0.827819108954949	46
0.087109604494617	0.119083885589029	66
0.062128048876299	0.135537811874948	66
0.108472681345724	0.120884915094403	46
0.041482166590477	0.168591577282739	46
-0.021180728303112	0.470598102091808	46
0.039424079235092	0.170669225776414	46
-0.02470550781026	0.15199184465208	46
0.025461181898675	0.228992082993262	46
0.07956632937694	0.108118633455435	69
0.074616071984283	0.162462313313277	69
0.094540444116855	0.214178999608948	69
-0.028628915474594	0.527375905112273	69
0.014694539997702	0.208001075689843	46
-0.103073868035888	0.293051275952589	46
-0.022819930654705	0.185369422075937	43
-0.035582689431802	0.195543069829907	50
-0.0728182310421	0.169891048048725	46
-0.075420802267143	0.234085059261875	46
0.038301337689884	0.150247426655269	46
-0.032417731132711	0.191404092615722	46
0.028155455960569	0.218094002917165	21
-0.076677957177442	0.34474743000087	21
0.109881294797267	0.0653536317207473	10
-0.035994312080435	0.0977392623574023	108
-0.031201929265323	0.0970892873098218	125
0.080624690413616	0.0721041292168964	125
0.07133344936172	0.0754790999035666	21
0.034376922301586	0.153210579063915	21
0.105657496030394	0.0659086455210505	15
0.094539542738761	0.128509509666091	15
0.118983859213534	0.0620176514684131	84
-0.050067356282451	0.329553270646812	15
0.019661793739103	0.225771545844247	15
0.108149963683412	0.157822144797486	15
0.112048235545838	0.062401914561802	319
-0.036928432510334	0.463966079309497	17
0.057875088991274	0.385766758056224	18
0.020553248832049	0.366544726149382	18
0.115168930400876	0.169658382086072	18
0.077257116619646	0.217596259554768	18
0.022881778330403	0.277376193534733	18
-0.051564445701918	0.408848142024637	18
-0.109870403287932	0.625324908337877	18
-0.046083423956417	0.490451917752536	18
-0.050736907987991	0.529765815596737	18
0.078517477583454	0.216264010762593	187
0.020211516937427	0.256799117666369	187
-0.086779051241691	0.359847389322289	187
-0.087023315223172	0.426883250857932	187
-0.108967589042537	0.329268500415714	187
0.107027407185628	0.092420388367084	187
-0.120700897519992	0.423894123248115	187
-0.121322329879237	0.55435979866314	187
0.082999541906278	0.269290668876596	187
0.102310721278907	0.277836144760876	187
0.056750104523343	0.265514749016607	187
0.00586057471074999	0.401572302541374	187
-0.085800104853107	0.495674482769559	187
0.071288805316388	0.204055149965244	187
0.081713688618095	0.1802659090559	187
0.075351056383571	0.176211688095818	187
-0.057250253353894	0.382818291660604	66
-0.036621095331184	0.44748667146225	66
0.120946452863038	0.138256123081984	46
-0.016553091026815	0.274495927821705	46
0.069329588413966	0.23562044005928	46
-0.098517423367082	0.313105452991142	46
0.041704473940262	0.147722746906541	46
0.110204680352731	0.127434868301844	46
0.033458127643186	0.270396662884144	46
-0.012713459071079	0.310021234724128	46
0.003944815895493	0.219392542124728	46
0.054311037594502	0.195989576542642	46
0.002258389864951	0.217327778783244	46
-0.000189149448895976	0.281432448128351	45
-0.104552968269765	0.47401289771507	69
0.070710125964532	0.181271214064137	69
0.079174717644313	0.257143189554493	69
-0.012293701681876	0.455796844432955	69
0.12393141802344	0.174603887611782	69
0.115923914024406	0.201714811042822	69
-0.108582117802091	0.645218095933925	69
-0.055903800618095	0.489806747775191	69
0.019085827576295	0.198751542325552	69
0.050755690585255	0.140449244443679	69
0.123790958575491	0.119709407002863	46
-0.103927772491387	0.425030308833223	46
-0.030752611234275	0.291736285723091	46
-0.101001801791059	0.400836555566936	46
0.063124481356806	0.188157240063635	46
0.038274861070653	0.227885910897292	46
0.032368392182722	0.193345172649077	43
0.00123853151665901	0.256580147190973	46
-0.120186307563565	0.46570866763231	43
-0.088397455224581	0.365656779344492	46
0.118395797930829	0.110991999040648	46
0.035472407571552	0.192074692201943	46
-0.116328434148759	0.363290106799906	46
-0.111858963812767	0.412995623483757	53
-0.086298042172609	0.273540005405145	21
-0.07610255631863	0.300190369927947	21
0.065418209031092	0.151117871061373	21
0.056341414110736	0.158729771256675	21
0.092246015234875	0.132398404702974	10
-0.079399603480594	0.326427727350311	108
0.00845638676991001	0.13806777676122	108
0.091710023093868	0.117948058892734	125
-0.00169764940291001	0.145058314935856	10
0.118431618628281	0.0854219798917815	21
-0.00782383956306798	0.19924784514763	21
-0.049372105552357	0.229783024944483	15
0.065349026512343	0.13492956430308	11
0.100356539696103	0.139360017346547	15
0.048754968670014	0.121176000296184	15
0.076530855959944	0.106776658432202	15
-0.080700027928788	0.172341085088505	15
-0.110137883550354	0.332032862997661	15
-0.069356492746699	0.214543742621587	15
-0.026711484320705	0.211731824073101	15
0.012219267074302	0.306020948068893	15
-0.00163488271366102	0.295675042171274	15
-0.037494756661941	0.241584999730449	319
0.05931440425093	0.140188484971353	15
0.070371086076527	0.477163653007337	18
0.008515307511125	0.734633797906798	18
-0.020946740557267	0.653941791483797	17
-0.122640459689594	1.08791568355295	91
0.119993018978922	0.26438799186954	91
0.056148853476031	0.355585084859529	91
-0.032864278890439	0.518941410927901	18
-0.014518481397755	0.449797610861106	18
0.069929498202702	0.276963457032889	18
0.1046411339031	0.204891545297843	18
0.064238951867279	0.29559906782082	18
-0.123185034885397	0.422629200302833	187
-0.034875864919577	0.37088036948721	187
-0.066417944703394	0.722868281792987	187
0.065230404899434	0.32003665636993	187
0.108922800950294	0.224910173525517	187
0.079745388690519	0.183458916711763	187
-0.013765105932461	0.353281994734771	187
-0.048628712088247	0.354419630978137	187
0.00661369783749599	0.289619490162985	66
-0.000770145927971977	0.346838346441352	46
0.120912242509427	0.145596448836956	46
0.016932698837511	0.185659464602773	46
0.103950955383061	0.195832630269176	46
0.003880790370449	0.351782157656707	46
-0.090995202256279	0.48186826622842	46
0.102755695423476	0.159845398266722	46
0.068984336988382	0.18713075421214	69
0.046293178421416	0.335394927533046	69
0.080610829888762	0.293459458360165	69
0.122867973575998	0.202803725643838	69
-0.023334893802245	0.502718325645082	69
0.015128512468563	0.246934848752594	69
-0.014784936155567	0.223406582259281	69
-0.012575380612317	0.251548954129149	46
-0.07006119806148	0.508985464344697	46
0.047219062321706	0.253077451405097	46
-0.041675692251761	0.300655002703469	46
-0.046832881777927	0.359905982742829	46
-0.094067461388497	0.470127675751676	46
-0.113012837040416	0.407956116035479	46
-0.091586616830316	0.356387768194023	46
-0.052473575463442	0.349543652919459	46
-0.00494949809371398	0.300027383446488	46
0.019271350525234	0.324960986627696	46
0.105705369874257	0.136995619444759	46
0.016352770985716	0.244530198590712	46
-0.041970765697678	0.328240601756786	46
0.015286098264692	0.260186102277588	46
0.074697429583894	0.174658907756311	46
0.018916119305962	0.271036429478806	46
-0.066838854646466	0.3148935542564	46
-0.071660087318727	0.295207972626604	46
-0.035221725207246	0.302462513797111	46
0.097876169985874	0.126729836857128	53
-0.032936754993976	0.268975692188924	21
-0.071274967573891	0.372377963144115	21
-0.087444689362788	0.332894319547629	21
-0.119435356768757	0.335450097572494	21
-0.063547970649616	0.308553516472372	21
-0.052430262874423	0.310560586421973	21
-0.076960476811686	0.341874172035449	21
0.002940619731407	0.234710356240306	10
-0.025495340596329	0.256253376856327	10
-0.033079208646135	0.24251345912146	10
-0.031995266507427	0.242289316734777	125
0.087304276795892	0.131834442721883	125
0.079041467309169	0.122945258874316	125
0.060604728118712	0.137956258026487	21
0.0413087004909	0.147215179440653	21
0.05410387903826	0.137790424436872	75
-0.045929051708723	0.277410811027796	15
-0.04696989946829	0.231511255089855	15
-0.101168902615892	0.289507137611493	15
-0.034437768847787	0.192871162346748	15
-0.044207931739964	0.224505482597639	11
-0.075746887121379	0.214690936447544	15
0.096510927164858	0.111530949444949	15
-0.073677476587922	0.171737957631577	15
-0.078164024091557	0.243203108512914	15
0.046063312524208	0.179284522320592	376
-0.049995059774264	0.439472417859644	15
-0.022094167270987	0.215516282579618	15
0.091832510887095	1.30127432058083	91
0.090832507043998	0.954025118894371	91
0.124949147095885	0.202814837500173	91
-0.079283462313369	0.802385259655618	18
-0.109063001629163	0.35602643992203	18
-0.090331657129173	0.36162760711143	18
0.110312102904904	0.170999750527018	18
0.068995783549511	0.299895841445636	187
0.118317861374004	0.216083275531424	187
0.054968626588901	0.291830444362142	187
-0.089738090958051	0.615043319939378	187
0.026138766157929	0.373718903921757	187
0.012496807211741	0.404877695195819	187
0.099586325763282	0.239986371073534	187
-0.013226011474099	0.50708032097721	187
-0.00124085089081999	0.429753069190051	187
0.06607308234559	0.344264745358115	187
0.105289293086126	0.245273557841578	187
0.093015791789244	0.259580495258023	187
-0.076005932764416	0.602646985704351	187
0.013395221381344	0.183363607039708	187
0.019794624460802	0.184491229529605	187
0.113800059383008	0.102752159845616	66
0.12218825524338	0.153735545884717	66
0.11012341459676	0.239031240840227	66
0.081461495246416	0.18237012798331	66
0.114690940669316	0.139981175128129	287
0.115454795542132	0.1646550606957	46
-0.086408711454995	0.357625484848402	46
-0.011644431936688	0.230043869059316	46
0.062783378648634	0.169117164681442	46
0.048610132821375	0.220700626416087	69
-0.068755850708494	0.472449771510756	69
0.085809019195626	0.263820478282233	69
0.028184971856357	0.284776149277007	69
0.100245249386448	0.152839164658249	69
0.119051087584921	0.126625596844751	191
0.083854587843207	0.103435787533811	46
-0.02958728058646	0.371761817680129	46
-0.121748952012743	0.27622665645111	46
-0.07582058779548	0.217941343847002	46
0.099721619157345	0.0964286661722463	46
-0.019807871093763	0.184765084102153	53
-0.070522793305338	0.214541487234888	21
-0.065393284896642	0.33731509079816	21
0.120029836874873	0.0591228582359141	10
-0.124308449052592	0.325832393481337	21
-0.114147958868115	0.336196635310754	21
0.030653310348677	0.0836621016749067	75
-0.028875859459636	0.156422429555435	15
0.04860938890696	0.144097824892341	15
-0.064018257970821	0.341606436547046	15
-0.054316187190546	0.348900607729421	15
-0.120487413472663	0.239602023769233	15
0.001919477020493	0.144885413358816	15
-0.124111770812072	0.17599013902267	15
-0.039670233813386	0.0979021259087805	74
-0.033276571808733	0.096771427667476	74
0.076072175774917	0.0723277618362842	15
-0.072472581061113	0.413266386025868	15
0.10703063991157	0.148055156821792	15
-0.057290401948642	0.37552783075949	15
0.050254355769799	0.250678330388429	15
-0.122685143254571	0.427749008603779	15
-0.097091882340525	0.42096204070296	15
-0.016922577305965	0.398542100202216	15
0.107676987493338	0.116869543901781	15
0.040520353250354	0.170471473232297	15
-0.00325151463557499	0.820113840266061	17
-0.04514854296448	0.485182923871759	91
0.024388095716681	0.363265305570184	91
-0.069604211370427	0.681804423456889	91
-0.01321611405404	0.418023705142137	91
0.020761917806283	0.433467193551533	18
0.037138712691865	0.129067117289029	18
0.066804270644428	0.112208546086139	18
-0.039682882517993	0.460029793429079	18
0.12322161047467	0.131671965240053	18
-0.059041637607746	0.576706577116687	18
0.103493701096541	0.303264352004388	187
0.079921585760733	0.358966413634258	187
0.124793186137173	0.164300351368347	187
-0.055023149251497	0.734372326624639	187
-0.00665464370423202	0.567439928995541	187
0.077777192525038	0.356108295127385	187
0.075241738630082	0.289647326373101	187
0.116779047026098	0.135504847712982	187
0.008465270401224	0.588561416546726	187
-0.113985366307331	0.560140245200936	187
0.018955980161835	0.184992386560866	187
0.078667742878921	0.244111322444551	187
0.094975932862657	0.251497981866848	187
0.068754312464221	0.361875232254266	187
0.099508068028914	0.126605855354741	187
0.00840735904080101	0.143215856947681	66
0.117949794889316	0.0592420186629382	66
0.116878144761598	0.0587899458347554	66
-0.111134711477825	0.809363983275888	66
0.099750590418423	0.234394853786973	66
-0.118821066736139	0.623260801343388	66
0.034224281804366	0.0830592968209815	187
0.113474104555174	0.0618190757582691	187
0.079953578362793	0.0711976622469424	187
0.036217099172186	0.18574382593975	46
0.093649336702393	0.127422626432196	46
0.084584845207401	0.288351678133352	46
-0.036556811223825	0.194161685571497	46
0.0274389831987	0.220617348934306	46
0.060463613041608	0.174387547479961	69
-0.053375069803862	0.267639099138417	46
0.026388927616059	0.0849129217565085	82
0.03757758804682	0.0793186254417713	46
-0.070913626215657	0.294293443684359	46
-0.00647459916696702	0.27390399727895	46
0.072963854680118	0.0750714698823475	46
0.029202707218629	0.084356336466843	46
0.033459694345629	0.0837825153802792	46
-0.032686883491817	0.157821165993812	46
0.006288787216158	0.14390063099469	46
-0.057552677987661	0.280485151017505	46
0.021431938321998	0.204365265706936	21
0.062546275829753	0.172875610152802	21
-0.04495821073869	0.330654441152158	21
-0.013075836871584	0.400817042857276	21
0.098354268387896	0.201650991292742	21
0.079275942980016	0.176540136468845	21
0.095875061480892	0.0675368076030852	125
0.072384693037718	0.181276864318961	21
-0.035782597898323	0.354651082814618	15
0.080188713613491	0.071326921055046	15
-0.010589041555858	0.201767048013307	84
-0.065985643862698	0.473484225536528	15
-0.00908444966731398	0.359490928859958	15
0.00833369227688299	0.330176267608992	15
0.068609195070729	0.147693324516635	15
-0.103664288352323	0.713195275221367	15
0.120218911063189	0.195202880655096	15
-0.082910915573503	0.606509996930423	15
0.00276271759133001	0.358658557800712	15
0.019094138541093	0.364010377903944	15
0.060922329197224	0.293528341193129	17
0.031265291907178	0.313963989377523	91
0.103670197351921	0.19596227585341	91
0.124850283289781	0.176454506375757	18
0.112646914008996	0.0623091255268274	18
0.051613296827832	0.160856960118179	18
0.008651512719553	0.169627282525662	18
-0.034040850203219	0.259944323956806	18
0.017764671760145	0.487392272482862	187
-0.103913495160686	0.533466410976451	187
0.062349945179881	0.337397152457408	187
0.059434239307645	0.371636774366525	187
0.027363100824177	0.415371208608086	187
0.039361407778434	0.454451587125347	187
0.00270846713867201	0.512147580691319	187
0.054795444662496	0.362698719223176	187
0.067037503361943	0.311162403904362	187
0.090049447320406	0.175760782069175	187
-0.094425066453544	0.392387826758986	187
-0.109854782771551	0.571705083354226	187
0.011089582333706	0.307767726123127	187
-0.062369373611399	0.565848069692509	187
-0.047544043351612	0.659354466045531	187
0.028687250875602	0.0852735688983957	66
0.050515409108437	0.120188051616755	66
0.076286950227494	0.0735179482500362	66
0.044687380873372	0.146243943316448	187
-0.079149262141125	0.213975069638361	187
-0.071312508654699	0.32432058851295	46
-0.111526482708834	0.377181363200937	46
0.117846748009135	0.200537495733149	46
0.086789981917057	0.142656842714433	46
0.092517258794924	0.132513302381181	46
-0.032013225403818	0.151488096878342	46
0.030900582593856	0.0849843454746354	46
-0.107234350730042	0.219591768316698	46
-0.076695207247809	0.217320651336192	69
0.116788705040821	0.123623706559604	69
-0.025850880649039	0.231835034156793	69
0.108246799968488	0.228194265477527	69
-0.109090182860477	0.710689991673561	69
0.106164157557538	0.157272828889876	69
0.066927833874023	0.26619238300359	69
-0.08469372395069	0.476763735496351	46
-0.029128343046457	0.093039767977016	46
-0.071967429590377	0.168335463695327	46
-0.074178044848475	0.166713884552222	46
0.00840735904080101	0.143215856947681	46
0.116421364905954	0.0604921641754662	46
-0.025691650190072	0.152699496563974	21
0.029518789321353	0.341723333894463	21
0.068233718841341	0.0750878447257152	10
0.084310384654334	0.0703485961055028	10
0.111421198070834	0.0628029668414437	75
-0.096890619729504	0.406941455680849	75
0.00662057076467501	0.141908009100456	75
-0.076825919284867	0.239468405031212	15
-0.00184945956336202	0.144755680291852	15
0.110416599085572	0.0899856800001936	15
0.047868605935555	0.122968887112776	84
0.057875987951799	0.234646796041409	15
0.0924187010935	0.159575178522584	15
0.101546669608419	0.212353097983761	15
-0.082462789076878	0.535889818604275	15
-0.067134928221841	0.452417564988842	15
-0.069197886289764	0.606432182001784	91
0.047952789782586	0.308587476063333	91
-0.062631396078249	0.378625034098054	91
0.058255029856677	0.300277304303687	18
-0.098148494306046	0.412942789284409	18
-0.05272192396757	0.682772334518145	187
0.063958632291141	0.198841523812447	187
-0.064963019273044	0.567492909913447	187
0.083157432097478	0.192630274719412	187
-0.019000871500273	0.45682105583664	187
0.013697335784012	0.301420465154429	187
0.029361211753904	0.39071688314003	187
0.11128911291422	0.0889813317172202	187
-0.071279364198891	0.16573400129374	187
-0.07248416517833	0.170600754046703	66
-0.115291290592043	0.236510444659051	66
0.005813638910591	0.139910394422709	66
-0.00325783038456201	0.277152911317958	66
0.050188611334654	0.286867453243712	187
0.088961237012007	0.117165164634786	187
0.042711851719441	0.127097429640181	187
-0.040755387246387	0.159216818890196	187
0.106803416306629	0.23497488409775	46
0.101118531407211	0.150459926955375	46
0.045559095814538	0.18498082693932	46
0.023780752857616	0.302489907526031	277
-0.032758689243472	0.240462123792022	45
0.054942885044571	0.345635005457973	69
-0.088106669779893	0.481447930426239	45
0.098191651100347	0.129995141011445	69
0.066255309884183	0.22245245940884	69
-0.093589414879777	0.4550453783859	69
-0.00712883441661299	0.279067057579991	69
0.106905801036343	0.0918985841727494	82
-0.080021762578056	0.168909479979828	69
0.078748184519452	0.0730994087275723	46
0.075449542624479	0.0742238616060732	46
0.074613174089907	0.0743929104827331	46
-0.07248416517833	0.170600754046703	21
-0.05196290844063	0.235419826666001	21
0.033886168680814	0.27407363586093	21
0.042169361131411	0.251301556891881	21
-0.00415486149335698	0.246858653623992	21
-0.06988106896742	0.167417375493347	21
0.001553181840178	0.144660641275046	10
0.017187314256274	0.16156370720422	21
-0.11202216438771	0.229029420608332	15
-0.041022491386137	0.0984833325521822	74
0.035869307574571	0.208781480024593	15
0.027289206990674	0.365863877899554	15
0.056721373874525	0.260254965077905	15
0.050726177973916	0.158496996199793	15
0.003632980673034	0.311038720908581	15
0.104027016967319	0.0934934042715314	15
0.10926466369226	0.167186445831109	15
0.110372856719856	0.0643375277964783	319
0.024837698388341	0.0850262062161849	319
0.073797779712097	0.0750738144338837	319
0.105139586743105	1.2716567979739	91
0.11631967759722	0.171845890454194	91
0.00277348364473801	0.404823224905285	18
0.112281563339835	0.0610713540669825	18
0.032559941668864	0.174526334019165	18
0.019247699927697	0.204838141846057	18
-0.118416525021836	0.239541562845689	18
0.110293745308797	0.220648537539069	187
-0.062017464364811	0.760995991939305	187
0.113176809117266	0.222971474238467	18
0.12424765534063	0.193663945434748	187
0.010824746489145	0.278418600094765	187
0.067358473344855	0.269424114478918	187
0.08970911038432	0.256291317948141	187
0.081698872480679	0.284740446267515	187
-0.11780289969588	0.366789977997602	187
0.07856682317029	0.0726918508477949	66
-0.106577411999033	0.652067418435619	187
-0.111108667326528	0.563349249577371	187
0.044054062365979	0.164958372613804	187
0.050515409108437	0.120188051616755	187
0.073362586685193	0.0734015616059809	187
0.079550738640434	0.107525921252265	287
0.044446616832052	0.122630682087426	287
0.08054802882731	0.143383430769108	187
0.107829276449868	0.199977162985191	46
-0.034883151749993	0.348212815793846	277
0.027232533987996	0.193271781448498	45
-0.102027952563058	0.29803768122302	45
-0.115755878586763	0.230224674923136	45
0.07820497047965	0.247308541124973	69
-0.095534030038297	0.315178218925586	45
-0.03835937325893	0.418872064178421	45
-0.122767230801148	0.410769306263601	69
0.050752358510276	0.291438619618329	69
0.118895464198558	0.16602708482403	69
-0.00265794985872198	0.316114283983104	69
-0.09268013762428	0.344616126566533	69
-0.074516759844097	0.16804608411407	69
0.01752130578018	0.133986152854694	82
0.069072932517714	0.0742350136264345	46
0.113632585166778	0.0619040855985158	46
-0.029758018177766	0.155091502437989	46
0.040646542719502	0.148951916025816	46
0.104449190774021	0.0660020737938127	28
-0.043750688952653	0.0998123806785804	46
-0.040417843181165	0.100155928009547	21
0.034239992737101	0.0836118764014185	53
0.113972921916045	0.0618658214293252	21
0.097672243692676	0.176015118289646	21
-0.088573576223946	0.399089574871405	21
0.077734241828275	0.0731385890132623	21
0.028854877127747	0.084925173755538	10
0.026121173148216	0.0858924237854512	21
0.082249854817476	0.0714555548265266	10
0.079560898622777	0.07081059880773	21
-0.065030337109342	0.202748227160943	21
-0.001147743092973	0.213787125172348	21
-0.117617752031044	0.235544906499572	21
0.011768015521524	0.250837860825273	75
0.113398351042255	0.0626483680974126	75
-0.084172594066433	0.4111363953342	84
0.104700834317589	0.187050444396976	15
-0.05000009862242	0.350243038669356	15
0.123259248913266	0.142288933673748	376
-0.005981079492689	0.358525302380675	15
0.00243901113923301	0.292959519259465	15
0.096648282184466	0.170059265238003	15
0.039136321382927	0.124983182995772	15
0.025741180146096	0.219512385927438	15
0.113955839558828	0.198358510182982	18
0.029446164662276	0.408092093406035	91
-0.03520178432975	0.245867609959274	18
-0.0757841806848	0.243677195116908	18
0.014681884892288	0.137632304153491	18
0.067018506121329	0.133561518484434	18
-0.093190475121192	0.4113411291471	18
0.04336751718351	0.123447740380316	18
0.10103830077796	0.237017022119204	187
0.031062585633073	0.404234386933966	187
0.08337656991356	0.296806697955765	187
-0.084493851293254	0.781881554589393	187
0.025911898802375	0.43515729154363	187
0.042613329851959	0.236912324717535	187
0.034519831623364	0.278155318683481	187
-0.101937268944343	0.619789262595887	187
-0.082981469525276	0.306893985950267	66
0.001099878016941	0.415893242730839	187
0.034726463440796	0.324916723742877	187
-0.063146663076336	0.438167336389167	187
0.041160702128316	0.168380395674406	187
-0.051564662614471	0.253842370139298	187
0.073797779712097	0.0750738144338837	187
0.083355733004955	0.170415392570296	187
0.08308460963286	0.0687466305462753	277
0.062791682617072	0.138017908412054	277
0.111086190974876	0.0647402268596372	277
-0.116523511573471	0.233767911641432	277
-0.09167635335191	0.275466477028677	45
-0.011450965533924	0.219828670002145	69
-0.017546603607071	0.413699643600679	69
0.016664140076916	0.295604397078692	69
0.010430926255259	0.251030464003262	69
0.00345240253888199	0.215579408940658	69
-0.013251968736962	0.311634778668736	69
0.00630022144352399	0.26708705438943	46
0.108061072769513	0.0654336190658069	46
0.035519401212721	0.083256115922965	43
0.112912888979608	0.0629964130102189	46
-0.07454144448005	0.167600388127366	46
0.010534248617867	0.141396465128474	46
0.028687250875602	0.0852735688983957	21
0.029886920450957	0.0806608983784519	21
0.032180626316401	0.084629746905544	21
0.099552234317494	0.12580762141219	21
0.025354302980329	0.0866285988130991	21
0.020834737652361	0.084774840517553	21
0.030900582593856	0.0849843454746354	21
-0.107255566810574	0.324128387255006	75
0.032945520790709	0.0838969086098354	15
-0.074570374720999	0.215784808431582	15
0.042775247636177	0.125876740462213	84
-0.050139140727759	0.248342579518602	84
-0.01152169442018	0.328912526212935	15
-0.07907618984976	0.582796251993531	15
-0.038107930203719	0.337460383902753	15
0.094312486832723	1.28478757783646	91
0.087339047002396	0.370005568970931	91
-0.062069611488456	0.315260455661278	18
-0.058623601499915	0.30429514978326	18
-0.118120140933869	0.468405224688081	18
-0.049732473102003	0.428875275360166	187
0.015397166585076	0.346108633731865	187
0.111834721368961	0.197759904910415	187
0.013261427992467	0.36609307163868	187
0.120194070944094	0.165858227597827	187
-0.031923590074656	0.507139843174229	187
0.028940881914679	0.389747136084286	187
-0.110396193477564	0.746952898292442	187
0.078282556398774	0.243440460952562	187
0.043197897364435	0.351787986640631	187
0.064999070243104	0.21363424267036	8
0.047033389314098	0.281848059892745	187
-0.00122245881977801	0.19432640783375	187
0.005512150600606	0.17051763207341	66
0.116610027981194	0.16398098150011	187
0.020253379867505	0.293764337316691	187
-0.091302419348777	0.257954962192654	187
-0.00388200630305002	0.301420527725101	187
0.122828845544462	0.147395306270606	187
0.004394763909185	0.194797312215564	277
0.086486890065129	0.121680243785331	277
0.123204235380395	0.0981060064217129	45
-0.055879552337821	0.281920351105739	45
-0.043303772618556	0.255280313514139	45
-0.076984754437706	0.216009888057716	45
-0.050211686442718	0.367942810371548	45
0.039895815168809	0.225335329313486	69
0.082954789921251	0.13444155557362	69
-0.061463969192906	0.26459411416561	69
-0.122246637859194	0.23908830505359	69
-0.095132632919806	0.390936191916282	46
0.039287974527046	0.197251475830559	43
0.052847128790566	0.162414798394731	43
-0.059347925161675	0.238024172155105	46
0.0660560137476	0.132276580995417	28
0.066013846239027	0.168988944239158	28
0.00987000027294899	0.138350646935757	21
-0.112706124264741	0.362206694934475	21
0.004055113392049	0.140168562948757	21
-0.033955620647418	0.15811704415974	21
0.046406067089418	0.167634955354501	21
0.121493053103253	0.111797502895023	21
-0.060115936894917	0.312553895131539	21
0.000144676749550987	0.191923177450182	21
0.07567173191207	0.073394529828836	10
0.077734241828275	0.0731385890132623	10
-0.083289618289268	0.172513208942299	21
-0.029268571637374	0.19369801297491	21
0.081764889833724	0.105201203920073	21
0.110364187721406	0.063228882778523	15
0.065349026512343	0.13492956430308	84
0.074288218415562	0.106644576080859	84
0.039473484934117	0.151636605171846	84
-0.064564762197109	0.319164440442173	15
-0.119003287462759	0.560363714407885	15
-0.068643453810248	0.448550477289991	15
-0.092080381108201	0.418551034548086	15
0.00800148734307601	0.295880371950393	15
-0.099189119855473	0.438541830571665	15
-0.055612701765784	0.396955780231314	15
0.101873276952489	0.15104290623468	15
-0.098021999011023	0.446824355375016	15
0.112180391428274	0.0623222481389305	319
-0.030095118552101	0.676808282850736	91
0.102127308907828	0.427965099082299	91
0.031271073798599	0.793111747955691	91
0.103752338310297	0.257994856858545	91
0.036919002936884	0.409137936938583	91
0.015673137233471	0.472895472820371	91
-0.026239187039091	0.571283860078545	91
-0.027779114109335	0.264536628994541	18
-0.071534561547419	0.215490291915749	18
-0.11150047346798	0.229872151616055	18
-0.041637228160478	0.21969932817586	18
0.108081648914549	0.0918665337781374	18
-0.083044992096762	0.595364641963461	18
0.114110392982626	0.277053733839017	187
0.09166243506218	0.30024129045288	187
-0.067133791222604	0.558722432083838	187
-0.061171048446831	0.594684771068866	187
0.038123813690021	0.421492317968754	187
0.023084038738578	0.515098211157779	187
-0.116929597367329	0.907497044555894	187
0.113288623119662	0.222396774345598	187
-0.017076958972912	0.572511773865422	187
-0.097930388273188	0.970718845228023	187
0.005787904559379	0.333721048695238	187
0.013710569091248	0.422244572863304	8
0.058046038603052	0.256364040483766	187
-0.031761739783205	0.150190939764099	187
-0.033750294889793	0.158909074970864	187
-0.027432104561304	0.14809365218446	187
0.070002061058901	0.179464676858466	187
0.00612232978101199	0.138210678514712	66
0.094351703179689	0.0948519481920152	187
0.113768772181658	0.229215466804391	187
0.106371023689348	0.0651757526734742	253
0.103827641330649	0.148317608748619	187
0.027877025265678	0.236568938328438	187
0.040562723099981	0.286161416928342	187
0.022566748523243	0.403687794423876	187
-0.039368667126394	0.531613089694361	187
0.097958495117524	0.161729934528922	277
0.096510927164858	0.111530949444949	277
-0.108462584134204	0.295623983573257	277
0.11307573581857	0.234877802209876	45
0.00147703839173299	0.312559319272308	69
-0.069110308131173	0.361188733340872	69
0.042546460623257	0.161532764268876	69
0.030669767171425	0.426297277581643	69
0.048451182574363	0.263873798753002	69
-0.057121150119875	0.494923037855201	69
-0.032377031289114	0.323767399628165	69
-0.050842144865127	0.324606102796275	69
0.08633209909177	0.215140191134702	69
-0.03942397017124	0.217469820147606	69
0.03851511461536	0.234474669170603	46
0.034224281804366	0.0830592968209815	46
-0.041484769461379	0.242918673208093	46
-0.08739947337943	0.170612315041497	28
-0.070437908348436	0.16687358282186	21
0.033726106697273	0.0831110708731226	53
-0.114200981798551	0.234969066665358	21
-0.057420441420237	0.354045367271648	21
-0.044272759596976	0.272985722426314	21
0.112048235545838	0.062401914561802	21
-0.054068660612442	0.331465788061088	75
-0.083289618289268	0.172513208942299	75
0.068666498979961	0.17072006716782	84
-0.057133421695543	0.376689511196836	84
-0.052044584564662	0.399482219225536	84
-0.027397411267325	0.477272835952873	15
-0.124213537859812	0.65445247113201	15
0.073649266048801	0.197768378812593	15
0.072562706502837	0.205667480762757	15
-0.01513982126932	0.362626246391387	15
-0.103829148446413	0.5177873297637	15
0.075397966276203	0.110093588908927	15
-0.055104146560926	0.226712472644984	15
-0.11213266342442	0.692688571284639	15
-0.050124839083289	0.420109877881194	15
-0.00453544270790601	0.378863601616861	15
-0.031801887438265	0.0962529188425944	319
0.047347534262345	0.272102933222445	15
0.065866685693822	1.27770687456645	91
-0.010386472832861	0.745266515457498	91
0.075838244672042	0.374221624020039	91
0.080040034037156	0.366473768018904	91
0.010496338283041	0.751336002538893	91
0.002717940355491	1.0034221800034	91
-0.048497869860829	0.835387792450264	91
0.00183293736222701	0.62655209486401	91
0.020030306686191	0.508139632610567	91
-0.104776044588779	0.817375092468674	91
-0.108015402269353	0.297835171608299	18
-0.020748915562697	0.268902519026102	18
-0.083323873133094	0.311322927167429	18
0.114812965682915	0.235866583402571	187
0.02122125896594	0.425170056428282	187
0.038552336319718	0.364510161067816	187
-0.046520359050966	0.645990834904679	187
0.095409352171378	0.259962176868131	187
-0.008440732958505	0.401923065144636	187
0.100882263384428	0.238608567640226	187
-0.117819184587203	0.670839691675792	187
-0.028081303641494	0.518043974113493	187
0.105381271878902	0.256276014427866	187
0.044128978861469	0.377015276781866	187
-0.000318711399733995	0.277658447318698	187
-0.00634311090296102	0.393837470481451	187
-0.067286919201106	0.208321210561292	253
-0.052405634725873	0.254998354306467	187
-0.102603475500564	0.60760455183668	187
0.118654297633236	0.193640025756368	187
0.002456888056587	0.276640408288734	277
0.081854130269734	0.0718526699583793	277
0.09707185386645	0.1523952260494	45
-0.032161024994176	0.269468127595879	45
0.113169374536478	0.119335117651994	45
-0.066804815808219	0.407281981722419	69
0.034049338679942	0.213069848321699	69
0.02344274886684	0.32499041513916	69
0.114097218436147	0.127321889847125	69
0.065710889777302	0.168721577695701	69
-0.015792968581001	0.361089969909821	46
0.011449418667277	0.139114025517669	46
-0.034458225232441	0.152390390731406	46
-0.083672964257168	0.271523454058295	46
-0.06937664935118	0.212430891226444	46
0.0453882711397	0.12218914400861	28
-0.06406313477762	0.158513676358978	28
-0.036301911666311	0.15779929322986	21
-0.083289618289268	0.172513208942299	21
-0.123893659016165	0.273929385253726	21
0.115833046733271	0.102212104619129	53
0.09118261687085	0.16213224962236	53
0.065124886542418	0.135382563947737	53
-0.052391182728744	0.421762351826678	21
0.112770898912187	0.06255724425505	21
-0.025803527297533	0.0905420149844033	21
0.108317190569919	0.0651729829227464	21
0.02996941080732	0.0852035144895675	21
0.113128189574881	0.0624695256356782	21
-0.08209330463166	0.171705610924921	21
0.054319056137052	0.264493597266928	15
0.077123335162859	0.187597640189589	15
-0.038314755017467	0.361579299988736	15
0.100822180885508	0.161576435775924	15
-0.052517388167914	0.327088609771825	15
0.00134384364624399	0.292247906989398	15
0.116981478101982	0.125693565746015	15
0.052844468752602	0.226591590733179	15
-0.099266534470919	0.536831291500141	15
-0.043514453843857	0.434092800128527	15
0.044446616832052	0.122630682087426	319
0.112428260477674	0.0624963145205611	319
0.117965904373061	0.467698146513945	91
0.093102427423046	0.484460507676931	91
0.021117167834507	0.838830759236366	91
0.057139947589949	0.748499870320013	91
0.109212586555796	0.438033650595973	91
0.102699975668998	0.512033330927103	91
0.012532377785875	0.770684591055391	91
0.018175749727991	0.724342392637063	91
0.123617438878593	0.340205858981072	91
-0.022392936462839	0.888495004249263	91
0.059526725111285	0.61996566089814	91
-0.107497370315566	0.770497852574828	91
0.077058308532515	0.220228111928059	91
0.094307096893468	0.207220846370666	18
-0.032770506817371	0.543990984048238	187
-0.079420034557362	0.600890582024869	187
0.037331891425504	0.277560788250176	187
0.042815532973978	0.330080513051678	187
-0.032635597694623	0.406607893924571	187
0.063528377106231	0.305705445024757	187
-0.047082891105335	0.509469591581263	187
-0.00159261930392002	0.354599089657863	8
-0.016555718067379	0.462694082966662	187
0.09629466370644	0.131100545798672	187
0.109321966885242	0.10697080352757	187
0.124805832412299	0.107084031653213	66
-0.00275017323229199	0.219291689122598	187
0.02600349194608	0.200026470345358	187
0.068608087586608	0.219554835130811	187
0.059542924810709	0.21530726316143	187
-0.06900165094877	0.413768247969928	187
-0.086616799973826	0.277004225111542	277
-0.023953050572609	0.304372064561896	45
-0.073663038836262	0.351090446070014	45
-0.039502216586995	0.389564192837791	45
0.076294273023939	0.207184354098395	45
-0.00276541223245702	0.351544511378712	69
-0.049018388477673	0.350483543490983	69
0.064259394045613	0.190785722896605	69
0.11069249038119	0.12104103601843	69
-0.077430051227569	0.397831229086966	69
-0.00221302440579502	0.263409593221588	69
0.116583490291566	0.102932302715208	69
-0.041372486012823	0.25114613004163	69
0.102087161893722	0.13988166761729	46
-0.058287118920205	0.235239071458022	46
0.066343871113351	0.15407522612164	46
-0.116031108773572	0.456822325826127	46
0.101722714024292	0.141367993992707	46
0.120003997954378	0.0982493773362425	28
-0.00868795055909	0.201415514320133	28
0.052416381883016	0.174511647479275	28
0.101123491698725	0.111884786868183	21
-0.00724555760766699	0.193164433859655	21
0.00994416930061701	0.170285569430304	21
0.111075634248717	0.118242406987927	53
-0.026472733689221	0.211942403433918	21
0.06089808369428	0.138625027146663	21
0.029790843027862	0.214181992973032	21
-0.037875552280967	0.272114321398706	21
0.084936601824903	0.101274556134967	21
0.011546127873355	0.139914212936911	21
-0.031513948324857	0.158308894015588	21
0.116758082213035	0.09943692380847	75
0.04182457404072	0.126452266901885	84
0.04032633609	0.126797415820167	179
0.080089498740396	0.13944299851416	179
-0.058915666984716	0.35341838143059	84
0.035071558077276	0.255584783323769	15
-0.069843166294033	0.345135089655599	15
-0.092851459263322	0.419469690625808	15
0.020826834177406	0.221810213457481	15
-0.026760067574664	0.3860787189507	15
0.061439292128535	0.172526897960281	15
0.042646263121834	0.184012700787076	15
-0.02719256099744	0.188793848723929	319
-0.118376935989257	0.236008850440011	319
0.007596924192076	0.9582547950464	91
0.101088475915726	0.537232595139471	91
-0.068606622340726	2.30918515556879	91
-0.10859834012672	2.17871604285274	91
-0.066992057260469	1.6741473103017	91
-0.00413579170033201	0.796239568186184	91
-0.082513108641541	0.745130001935553	91
-0.098489166231061	0.344610502608019	91
0.080283604552421	0.169633298452852	91
-0.111867480274001	0.383733721404855	18
0.106484173092054	0.123011092899043	18
0.065208641264446	0.332073384097756	18
0.028305703907268	0.193154825518332	18
-0.113726038608808	0.699920034537584	187
-0.01320794156655	0.434488361509729	187
0.033489147376611	0.37798717654176	187
-0.091157670405029	0.641017216437137	187
-0.00057485049789302	0.467565019968274	187
0.046110435346516	0.389695542426637	187
-0.037264461399561	0.437515904907837	187
-0.112291463328255	0.642905167825246	187
0.108740673629885	0.215261030579457	187
-0.015302274851788	0.208829381904391	187
-0.021493724855304	0.544089444476095	187
0.097212896757967	0.262192129839882	187
0.081269501565692	0.140223475206848	187
0.06412446989392	0.292101208523759	187
-0.090414905379053	0.40097427758793	187
-0.018892017965175	0.336632243876256	187
0.06780715343955	0.341071062662802	187
0.083386386733903	0.290044042855988	187
0.007023857287703	0.171017938759218	277
0.114244735723259	0.205005121873005	277
0.073278821149601	0.108708717168668	277
-0.019920883080602	0.182510120849341	45
0.040494365936772	0.146667331325376	45
0.113597298851566	0.103342992878197	45
-0.051569456171448	0.65541502144403	69
-0.014563213574736	0.29356166488336	69
-0.077511920279598	0.448243302901115	46
0.064077834336573	0.259696647638205	46
0.051399606199319	0.119581515478769	46
0.023445403150017	0.221021136463931	46
0.00883759562719599	0.138684565322457	28
0.030136205787304	0.0850545180803786	21
0.005260437034799	0.138610846115483	53
0.065745162355781	0.241961426359596	21
-0.124664071031928	0.425025196810779	21
-0.117144974494194	0.366510096052366	21
0.110722885036943	0.0636219927095952	21
0.052291314036183	0.118408537855683	21
0.072566054594021	0.0754884620664148	21
0.036285281410682	0.0828724244984923	21
0.117006948619529	0.0612708963904057	21
-0.073743746141827	0.161246079031824	21
0.048363496360406	0.122185938029759	21
0.0000220850539300044	0.219320909966979	21
0.090046228885649	0.14322500737972	75
0.017919287038072	0.207553242709213	75
0.10841853142528	0.0648221510791668	15
0.116763253670742	0.102483651948789	179
0.091297422112305	0.185158369704121	15
0.106339029530123	0.178414276418292	15
0.057657535150418	0.19349584481098	15
0.107096007344929	0.108438312182692	15
0.117445889644079	0.182457371959446	15
-0.109696250408371	0.506422250872894	15
-0.12068359057204	0.697363196230128	15
0.080660502323711	0.25693120604107	15
0.039939176902937	1.41411399779459	91
0.030551323077879	1.3382504240563	91
-0.107240532698244	1.62194162753467	91
-0.000662492556981975	0.821240619225019	91
0.010893295581284	0.946409504077391	91
0.114671928819562	0.224938371267104	91
0.118351183442175	0.189595043841203	18
-0.033695146813283	0.38346076086674	18
0.1067178037761	0.209840829055869	18
0.123664628490009	0.20716796680068	18
0.007470300986749	0.431919094540142	187
-0.019374685392229	0.260612732975675	187
-0.028391018902015	0.239809886448958	187
-0.098525611489015	0.289282538924928	187
-0.11542987956681	0.23118411202176	187
0.093790669261535	0.115660776457985	187
0.065029034671176	0.187420414130385	187
0.046900886037531	0.160352582397428	187
0.049580267276784	0.343626970284254	187
0.063484706818264	0.235913930564276	187
-0.115450565470346	0.563937917196104	187
0.076814103333372	0.24469332249118	187
-0.06329331030927	0.451835022045153	187
-0.046741561924502	0.450571689976232	187
-0.028643718472136	0.352145943126897	187
0.070072967008317	0.2813851890117	187
0.054152843510429	0.22574627278236	187
-0.08709421683388	0.543848055067722	187
0.09696243075766	0.166827020059272	187
0.103570874780068	0.171040920369769	187
0.082009560192862	0.251933998923927	187
0.05780182179761	0.282724005900049	253
-0.035044251864563	0.397811784499037	187
0.112100650440624	0.103000884806576	187
-0.071468535968291	0.213877185698521	187
0.041181624269842	0.190368434204107	187
0.062393875569317	0.239263569503859	187
-0.120813124320002	0.594773120734754	277
0.108668637206607	0.168989605062029	277
-0.091008785345273	0.357717224883902	45
-0.006838514021001	0.264195361295566	45
-0.0381456574996	0.521887268181458	69
0.116837178965857	0.14825890136148	69
-0.121266114050661	0.239346608214664	69
0.052411888932847	0.119266160786142	69
0.078854935354276	0.230344633289669	46
-0.032023039069921	0.286001987785351	46
0.052525065525694	0.190073229805576	28
0.082388547935371	0.165234754523687	46
0.060948731885182	0.216991836135396	28
-0.051322513798115	0.361833982261931	21
0.029454500824387	0.219576026222786	21
0.00270120652998801	0.250342254782088	21
0.00663462636603099	0.189994936490881	21
0.02782986453278	0.21488034390851	53
0.065974543770498	0.134525569322765	21
-0.029697537052735	0.357622113855245	21
-0.0128316831861	0.246756151777694	21
0.012160334064418	0.211861904793354	21
0.043149606355972	0.166964198033776	21
0.022443928967054	0.12871003326078	21
0.070728294153846	0.131509928957559	21
0.105060142496189	0.0944891935734653	163
-0.013741108890667	0.231336716866239	21
0.044479591429551	0.147923246728076	21
-0.078596946680511	0.324472726977027	21
-0.096443187667958	0.286161455174502	75
0.038483208851338	0.152525192822126	75
0.100090852340803	0.0673343968038564	15
-0.036004652005442	0.158338621664433	15
-0.082252559318281	0.168250169497332	15
-0.069690081470732	0.268219992209123	15
-0.103629329062842	0.315363373575997	15
0.057213653474885	0.155623776739336	319
-0.027877188727979	0.287725481167273	15
0.109354071868585	0.947083536966424	91
0.077450751508949	0.524772904058981	91
0.038420950301979	0.596509717012205	91
0.054860085611419	0.423040834174333	91
0.054490528972986	0.385134587440701	91
0.099256691489971	0.266884020022603	18
0.024793596764451	0.412383623062791	18
-0.059419593491592	0.579190194763326	18
0.120748531310604	0.168142848681896	18
0.02850419101296	0.289496812441137	18
0.110441911052812	0.205296152000668	18
-0.036452755355306	0.557159451695428	18
0.10360498222976	0.226568997440082	187
0.058662503933595	0.137622600961651	187
-0.029141503459287	0.262088298626963	187
0.109098167724649	0.0915924675928386	187
0.026388927616059	0.0849129217565085	187
0.031600213766983	0.156574147226371	187
-0.071553542036204	0.347364479198156	187
-0.081068839087634	0.216367002341481	187
-0.00910461988716499	0.397119663582432	187
-0.08606576704851	0.528716082764213	187
0.049858840893244	0.223886083912743	187
-0.066688569203401	0.481764357579979	187
0.037517637911982	0.252557689467648	187
0.011742478212948	0.297104135574983	187
-0.00790298775946502	0.304815866425964	187
-0.116342895409462	0.71842683743798	187
-0.010202834644746	0.346237113282835	187
-0.009342477114683	0.382496746481295	187
0.018341935725505	0.296658832344114	34
0.007599555498254	0.312054371667816	277
0.0770936231015	0.192165222097412	277
0.110438723061829	0.163464402042384	277
0.040689997914885	0.234733328149829	45
0.119153287785272	0.19714030205471	69
-0.059388426433369	0.537238933332056	69
0.118293549560828	0.156924095075002	69
0.053511008997991	0.174972736391999	69
0.092991685274842	0.175938765932361	69
-0.06920495178063	0.422029183768064	69
-0.00584531529564097	0.325346684156615	28
-0.062796807115381	0.425788811655829	28
-0.084582994182537	0.445562653192592	46
0.027186625248211	0.248341820441226	46
0.014877075527256	0.281505379677414	28
0.040857209533374	0.209061032912347	4
-0.056778295817444	0.338244343076062	46
0.063566272271043	0.200405971618815	21
0.060938924101228	0.198665429398117	21
0.071937486268596	0.19299165460119	21
-0.062189178379987	0.382352042973977	21
0.08394877438831	0.154056690401192	21
0.042973169350771	0.233087767511378	21
-0.00353026265728501	0.290861758214966	21
-0.064009264991648	0.36708939854868	21
0.096895377321622	0.143979466874238	21
-0.108083120402136	0.353391069036058	21
0.013819340186481	0.276758450279065	21
0.061223209573464	0.20213619993844	53
-0.075605032382495	0.303303372212023	21
-0.099337704608007	0.287121306793499	21
0.0385192070578	0.208341841489039	21
0.00196640354434099	0.241905812600519	21
0.112025240025354	0.114775292764171	21
0.06956257806588	0.167789583859425	21
0.112110719717708	0.116786998820556	21
-0.084664849024088	0.249728485534711	21
0.039257581109915	0.127706866001994	21
0.039095024790756	0.151981190685823	21
0.024741964464902	0.203517854662341	21
0.050316130387051	0.163937442800932	21
-0.00786571252574603	0.227045110627136	75
0.017231083551351	0.162646459255639	75
0.049573870383604	0.13976015540202	15
0.061554046686665	0.153925432816595	15
-0.040043069441105	0.158660708107612	15
0.001331336249867	0.221983784882048	319
-0.00525825924345802	0.666396541587565	91
-0.017360627475869	1.07066355249221	91
0.069836582544581	0.57585123283895	91
0.019812330809495	0.562159367297447	91
0.100411221390635	0.309876799458349	91
-0.055759037186643	0.73702779891517	91
0.06536290525809	0.318393243233505	18
-0.049969686686836	0.558922741562394	18
-0.011513027501404	0.478746058336622	18
0.059646023001728	0.315548057168642	18
-0.030789178927918	0.491798407870278	18
-0.012603669382984	0.494184854424191	18
-0.018171171578654	0.483250871530062	18
0.050979528631871	0.283117843820247	18
-0.06966025796438	0.664843819640918	18
0.035500594261733	0.376230068477206	18
0.029615919082166	0.393112485308322	18
-0.083305772621946	0.218363456961644	18
0.102830420936644	0.0947008334459292	187
0.051726220481775	0.140397217885138	187
0.00523932112417	0.228104607396101	187
-0.122441224408455	0.243066730658049	187
0.02404281652046	0.395522666216612	187
-0.123346372365896	0.556595710662713	187
-0.036396691749473	0.450103145172321	187
0.115601835528269	0.240454200478526	187
0.054895443077133	0.306280929670207	187
-0.015627794403082	0.336250336829837	187
-0.05244943462982	0.419242360697542	187
-0.014371665406414	0.272447367577678	187
-0.070901821032164	0.600282998787516	187
0.029029614212509	0.300550650633737	187
0.084193145664043	0.205794856871017	277
-0.05271774747442	0.389207477389777	277
0.079837087656765	0.214247233891871	69
-0.069184793706266	0.583963894166031	69
-0.022551878560216	0.149157851338124	69
0.00202341867797201	0.229617188744839	69
-0.073644427093589	0.329704569598628	69
0.063250219146079	0.134871175128139	69
0.083593660583858	0.19792198119073	28
0.049470222226339	0.23673874362254	28
0.078533811770421	0.198926117901471	28
0.063374392682389	0.219298774622428	46
0.055013317896584	0.228176141133268	28
-0.00942297860054397	0.341198975137244	28
0.001361233052665	0.342372654415063	28
0.070152562039437	0.2064407839333	28
-0.067874429620872	0.381982577325528	28
0.015605965593314	0.261858783262431	21
0.015048424784703	0.208072566091982	21
-0.091689291001531	0.377941937265925	21
0.036001895827847	0.257512674418304	21
0.063753104549731	0.152471772854609	53
0.032883693352915	0.244508949714841	21
-0.071419672737839	0.31561134645094	21
0.096181892088639	0.166742002796013	21
-0.081065769981106	0.362788571612153	21
-0.041219661254787	0.251736216635791	21
0.054662693317152	0.161430001202957	21
-0.048511885498906	0.231701333183406	21
0.043248725640907	0.166592103630499	21
-0.011371681011727	0.252191620199564	21
0.109881294797267	0.0653536317207473	15
0.072566054594021	0.0754884620664148	15
0.113269459989712	0.148857010771723	15
-0.031218242346526	0.158529846054485	15
-0.121022163925666	0.240988643864241	15
0.09014945778303	0.150860676729055	15
0.0637339123288	1.50172338746001	91
0.035821239376336	0.612045080450555	91
-0.11191281085515	1.25548698775636	91
0.120663941268821	0.197443723493739	18
0.117702383117263	0.204865654752927	18
0.116858115030197	0.183381837695233	18
-0.08173201478005	0.557053477787927	18
0.086659494334265	0.207490902803882	18
0.101042935397393	0.222005140724626	18
0.114500940353801	0.151158963196046	187
0.109098167724649	0.0915924675928386	187
0.106999742315308	0.108851483664772	187
0.003110578872874	0.167209778248348	187
-0.094672689870093	0.306446191919547	187
-0.122731638168045	0.276976919192677	187
0.008055993295704	0.392060325805871	187
-0.097199448594677	0.610232044190549	187
0.112759935921712	0.197049429840027	187
0.011983968842118	0.339053731089439	8
0.118572838146233	0.181965032235467	187
0.119374496345599	0.146902169468321	8
0.063483829035149	0.226519706479999	187
0.03386793674691	0.292177686549179	187
0.063696706295272	0.23130608386638	66
0.02338308509675	0.253028581111263	66
0.074614234441594	0.191567802074113	187
0.085903509965302	0.192047428482697	187
-0.119461237368642	0.568239195254463	187
0.00453850881034601	0.172663156225579	187
0.037731550111286	0.172807118162449	187
0.070114107078803	0.192759662232601	34
0.050328311408903	0.243241593832353	45
0.070917705826122	0.24805742661259	69
0.019608236318544	0.302802418579071	69
-0.067404667125001	0.552706311727065	69
-0.020396320062698	0.258753532798736	69
0.114851605006845	0.149419890260885	28
-0.029788057040134	0.33394838711104	28
-0.029720571073785	0.372996743235101	28
-0.115316689322465	0.408197378712515	4
-0.079518130200634	0.307777750887903	21
0.073422609329193	0.1828370216443	21
-0.101399636892678	0.406768945791259	21
-0.027523820379509	0.294907794708875	53
0.067959757720872	0.170346364167984	53
-0.124267142447548	0.481111012204209	21
0.001971436955503	0.241197807880487	21
-0.028145071361462	0.190914079309974	21
-0.07880737759547	0.217265120817829	21
-0.045391463061234	0.215298174967384	21
0.044742028628678	0.126359174052348	21
0.055697730581468	0.159677724814143	21
-0.05447163701562	0.254102643669544	21
-0.00104835771291001	0.21523165688573	15
-0.070364812691024	0.208794651347299	15
0.041151715459276	0.147641116416685	84
-0.097359604019048	0.292619428938037	15
0.07856682317029	0.0726918508477949	15
-0.038910593927919	0.274048745987663	319
0.04039512610962	0.19065544450645	319
-0.117150499850649	0.334446726373155	319
-0.057839145840954	0.316528800755033	15
0.098436296478314	1.14035569436118	91
0.050879056281346	0.844189318916534	91
0.11621128520969	0.192030322156195	18
0.104100964099071	0.226732839091958	18
0.119054274270438	0.179508716783727	18
0.068509274059387	0.182262782016646	18
-0.02799778934224	0.325549715499278	187
0.035686238743007	0.323003196597264	187
-0.010754666715735	0.309074946227305	187
-0.067518013134501	0.414116412724721	187
-0.112185039762728	0.478706831015158	187
0.071657438584685	0.233498109112932	66
0.037096370915773	0.309031208521753	187
0.05261679898041	0.19800004880292	187
-0.100089554331319	0.403440832290718	187
0.070112001550418	0.162450761601187	277
0.096249461027829	0.155972773492795	277
0.040845483887936	0.221996129333261	69
-0.012118328393115	0.439377863038117	69
-0.097147621192067	0.665038533675811	69
0.059636357554533	0.256648027090664	69
-0.02848931340156	0.235120070387211	69
-0.111875492598203	0.384200061714448	69
-0.066416821204214	0.388007779429214	69
0.028478505546384	0.248971052807494	69
0.017454558613699	0.24232099975813	69
0.00689215619807801	0.269576351396512	28
-0.065876216974026	0.340294142530478	28
-0.087434271752894	0.451119792530533	21
-0.034120329237637	0.344973577636177	21
0.118512125700872	0.109390009839428	53
-0.027264029511629	0.262644391058106	53
0.113058944002704	0.116298206966033	21
0.036179798602951	0.223729651619598	21
0.077643155295613	0.102912824427662	21
-0.07966184630168	0.309309352554347	168
-0.073624256175299	0.217738870599314	21
0.039424136523416	0.15184870555626	21
0.090182934229509	0.119242134363908	21
0.089898115172567	0.116479628054107	21
0.012766374800629	0.137528346372217	21
-0.00677253191421301	0.221204541950973	21
0.011093530133886	0.136062707371486	15
0.112356257722283	0.103577751572675	84
0.009131390207989	0.193341305932654	84
-0.087851024498876	0.258831913599939	84
0.049698857382268	0.199743373991488	15
-0.11181207520353	0.361569128565286	15
0.031983789583687	0.176299316963383	15
-0.016377360378688	2.19956963059907	91
0.066293833392485	1.03570880619851	91
-0.036681258153499	0.519714818948212	91
0.070210342657335	0.222318386028553	18
-0.097675227997492	0.450372686962782	18
-0.014814439818745	0.256013357043682	18
0.030621315877274	0.305895152930226	187
0.028708614331967	0.352640287587289	187
0.06440109382296	0.255687009699673	8
-0.116577565787478	0.613552019046485	8
0.023866753746759	0.358273755603262	8
0.063913154161862	0.149197469154093	187
-0.018850637017051	0.258838355731321	66
0.024071411338802	0.432594439796005	187
0.089978792362515	0.237728427296709	187
0.029755635093192	0.208745562062395	187
0.012876311383375	0.279374343313824	187
-0.088450761160029	0.378004170128124	187
-0.086743988454312	0.66251189299983	187
0.013295864968749	0.16599643403355	277
0.042317800612359	0.146744172728779	277
-0.00974273341072002	0.21371430006406	277
-0.022026269244791	0.321018052154169	69
0.073773392039209	0.19140610816824	69
0.095522872136944	0.221627886416296	69
-0.109623792125665	0.38361087614337	69
0.047351696808501	0.122801915048358	28
-0.115714163891222	0.231961753581232	28
0.066145121121959	0.166644915555036	4
0.010824275488979	0.188916915330044	4
-0.00587404394871699	0.223199119947966	4
0.069997855367068	0.175515671737328	4
0.079381104174969	0.121833838224319	21
0.094292655395087	0.11547828553732	21
0.099734357632495	0.129330774462888	21
0.098988486784047	0.111121510167261	21
0.109291444012684	0.0915337112870726	21
0.051016945205368	0.121514405563473	21
-0.031218242346526	0.158529846054485	21
0.095530560244551	0.168132852241519	21
-0.027623310064318	0.153924497400257	21
-0.00234217674460602	0.143855917408877	21
0.007086928870955	0.191694201110774	21
-0.080443481401865	0.247800413579123	21
0.077595704794888	0.143489280577494	21
-0.109653785698878	0.324493082505932	21
-0.07451010776701	0.412288096285131	15
-0.109133354644935	0.458990573115694	15
-0.056591739828023	0.381022961692265	15
0.033282374638384	0.192710897584401	15
0.09486575120735	0.115181546609341	15
0.00894564140484	0.233924540471885	15
0.00604174461186099	0.218420049343716	15
0.084847081169041	0.208585875708051	15
0.019608490021582	1.85313045005324	91
-0.021911965422411	1.26276078072012	91
0.104447131537767	0.542202588657799	91
0.064512547419183	0.385173879263304	91
0.087424229327458	0.15147484024614	91
0.013819792290963	0.246325617797927	18
0.057195743145162	0.157536775069085	18
0.081772351160512	0.123944372592225	18
-0.036886979663936	0.443665474922433	18
-0.00820155979518999	0.198991921187789	18
0.019158025917029	0.433154112785939	8
0.104781579821304	0.224377563985337	187
0.107076493510134	0.173070431082142	187
0.007968445523787	0.213809817970671	187
0.098657505336938	0.222461081154676	8
-0.06871632657709	0.439308623126545	8
0.115289691677819	0.0862862545074922	8
-0.02129921818429	0.212845290658955	8
-0.050234198879076	0.225498774964836	8
0.104139005893109	0.0937333621870096	8
0.099944374778933	0.110715745500266	187
0.064805334391375	0.186830959256599	66
0.104166295399063	0.110567558141716	66
-0.062507118325709	0.542706355866333	187
0.066153096133625	0.212260918160739	253
-0.112739928998148	0.431764453793358	187
-0.068592625172381	0.465035472935856	187
-0.086013011294829	0.256485174135739	277
-0.119317327547636	0.241143760978129	277
0.015558853623062	0.134577332259462	277
0.081809128817143	0.124264794921255	277
-0.078983405061016	0.170877941286953	277
-0.093630649133904	0.442580655310062	69
-0.00829663415934301	0.345321884151693	69
-0.066220510785915	0.413045764046599	69
0.057600399483603	0.287354736771127	69
0.026311232249723	0.292290520690522	69
0.090094374727208	0.211161059293196	69
0.049439745318051	0.121359418163186	28
0.008652674514429	0.1417404121373	69
0.038329806910722	0.0805429907726897	28
-0.025167476895285	0.189064151510406	4
0.106186633981734	0.0911145968094476	4
-0.06719858432986	0.211482200155024	21
-0.017754520141542	0.180545520277968	21
0.005710586230184	0.144173231080284	21
-0.075734629915562	0.168692632913898	21
0.00400227693135599	0.171615676682101	21
0.038462776971838	0.123692453295048	21
0.049996140443359	0.244555052074683	21
0.107396232516089	0.108154451594626	21
0.116162210673957	0.0617360612255862	21
0.072822718341887	0.127756492204088	21
0.075845011030735	0.0743971962743796	21
0.082020596505747	0.0703692479110198	75
0.083082694615363	0.0712804521757404	75
-0.039367846287268	0.338406808576249	21
-0.031222431050665	0.293324810902827	21
-0.069454516871294	0.214389667239675	21
0.064908693506352	0.151818396145274	21
0.091019088362248	0.169942395755285	15
-0.063500406929039	0.44546563576128	15
0.033543957556808	0.316371004752301	84
-0.115771026184467	0.413712895483814	15
0.020686684112285	0.239168139779003	84
-0.025875583354673	0.152436535790258	15
0.087049400802727	0.100530225730082	15
0.116619405386401	0.0834376853808222	15
-0.077856316872436	1.70228075255637	91
0.111948252273219	0.47768642494753	91
-0.072112463472364	0.606674549677182	91
0.015889888620275	0.560786002964035	91
0.037884295215622	0.198652408027925	91
0.010854601842544	0.187191108224532	18
-0.075645532892491	0.216281099109399	18
-0.047820108111437	0.303915979716866	18
-0.032300335722184	0.193041091082751	18
-0.038417087681992	0.492864442870468	18
0.029402617450097	0.247840173932919	8
-0.00800041177460498	0.304613004474849	187
-0.084882248324536	0.250897790856935	187
0.069288493909164	0.163288703510455	8
0.000804553434768013	0.14534381801699	187
-0.030832519837678	0.155958876330856	66
0.086946413137618	0.100964506608332	66
0.119015631948964	0.216922422508724	187
-0.032390635160568	0.158672325207486	187
-0.064045454309092	0.207958795346902	187
-0.071118504161051	0.273354514434206	187
0.067985295376393	0.26364433549088	187
-0.061315862355897	0.575488032045381	187
0.115220347855761	0.188786356888269	187
0.011875950506671	0.291595703376588	34
0.00414741815542899	0.141957602439504	277
0.063838319313351	0.107466191528034	277
-0.075438554441024	0.276550044742537	277
-0.059593369284704	0.559315910446852	69
-0.041162177501065	0.404186718184063	69
0.02937633593524	0.18729708988554	69
-0.042437202743171	0.100836857739758	69
0.106856120640064	0.0660413510878714	28
-0.037905096126148	0.0995921576628302	69
-0.074208156633739	0.167728261958683	69
0.079796139290041	0.0721227692918285	28
-0.078231720117802	0.450355022193028	4
-0.030493920888807	0.0956284205044024	21
0.078132775516454	0.0725782872722897	21
0.00581192628282001	0.143084607276033	21
0.114641510232996	0.10373876631319	21
0.118486525617109	0.122707380922055	15
0.071670718881026	0.20719870082322	15
-0.060212013168543	0.339640785286838	15
0.072817598375469	0.180664910520475	15
-0.00462628580016999	0.322457460872951	84
0.043174669170324	0.147392507504575	84
-0.00434206560310302	0.321646494967484	15
-0.04566140715338	0.098418050607753	15
0.083883197728669	0.20898394048941	15
0.000547593263648005	2.03697212466711	91
0.043133880992531	1.37398028916771	91
0.0171785194607	0.240043519709936	18
0.006477591722474	0.234996742817354	18
0.016177034467807	0.394029547325373	18
0.083625097917937	0.289342756932482	18
-0.041617844068126	0.620502807289302	18
0.045708949484702	0.303918689439944	55
-0.101682945747351	0.685356471756436	55
0.02915544010514	0.391488818058315	8
0.017410381444838	0.370864118918949	8
-0.00188734207165803	0.49917188438634	8
-0.020807064891083	0.177291761525482	187
0.066514671159593	0.320052678384218	8
-0.00683483108222299	0.635607061017379	8
-0.068170535122156	0.210638068360094	8
-0.075392986055554	0.172075917199599	8
-0.065776036096173	0.163015757500015	187
-0.08181678473848	0.266532950203757	187
0.120567664783519	0.0999111945949071	64
0.101740898747441	0.0948748340635852	187
0.042192886540452	0.149689900239722	187
-0.082534408343391	0.396894553333094	34
-0.080881903390247	0.603082783000689	187
-0.058963434535861	0.539155873428713	187
0.052343768317762	0.203791265671973	187
0.036121342027048	0.129496947254659	277
0.00753086152420099	0.245420576024001	277
0.118664283902842	0.0836646629793098	277
0.061139490927287	0.154675423676824	69
-0.00119298356368502	0.374097352358703	69
0.065400511872309	0.169128222178006	69
-0.10232348712434	0.429174541309122	69
-0.047880106363999	0.509585064440981	69
0.099105524144518	0.155188754281819	69
-0.00127780953091799	0.223567551139167	69
-0.049565837748828	0.2829564619498	28
-0.025691650190072	0.152699496563974	69
0.010132294624223	0.138440052567436	28
-0.036999068184472	0.157956983688926	69
-0.03133541005263	0.191779288436797	4
0.079361979794968	0.071650988943276	4
0.00682816085454499	0.13764159033041	21
0.079702263080753	0.106230363022306	21
0.119185141246419	0.0593648486863313	21
0.079953578362793	0.0711976622469424	21
0.10605356989462	0.0935731870207024	21
-0.025170765085193	0.240854222644745	21
0.032180626316401	0.084629746905544	168
0.115804970112581	0.0619706045451698	1
-0.027317603360615	0.214765131483109	21
0.083104332672367	0.142051683957722	21
-0.08906093284864	0.336125661889537	21
0.080622231750318	0.106992047446473	21
0.034754346156414	0.0824317283970095	75
-0.078139448444972	0.584336500086204	15
0.12459774939596	0.136810457453534	15
0.02210076469324	0.301445817738429	15
0.036935596311329	0.307539533303765	15
0.118623025236135	0.186968291878438	18
0.021525675223037	0.310759094228278	18
-0.07146165029397	0.503153375038797	18
0.094999336814613	0.246227948545848	18
0.055454660629103	0.217530498757599	18
-0.068729036560909	0.429595864919842	18
-0.055700874633562	0.418842589765612	18
0.119356491127366	0.124551516049791	18
0.04433292220791	0.3236908014379	8
0.060280689255909	0.318547389882345	187
0.112300536635253	0.207235158487227	187
-0.000763614265689994	0.541027211162822	187
0.08519943590558	0.233968614159698	187
0.022315713500172	0.289178588089658	187
-0.074433522418743	0.556788983675889	187
0.001641306235838	0.373942464553146	8
0.086034446289988	0.254990095896468	8
-0.088358543479633	0.337987411517337	187
-0.072185522650757	0.298937497903563	187
-0.090309531837207	0.34501387624856	187
0.12181812839001	0.168236403644933	187
0.024912864985015	0.256023988205717	187
-0.068710806333038	0.392601997634344	64
0.054951807259178	0.178941429146378	64
-0.043928577716646	0.27069268338542	187
-0.014500510151581	0.275515089911108	187
-0.021975061622835	0.184855961368703	187
-0.088088781680241	0.315496095733645	187
-0.083685727125048	0.272536874437308	187
0.034972938836041	0.225173706617329	187
0.052105239101036	0.212923672775943	187
0.079868955960311	0.227067650838142	187
-0.065749957197475	0.339289278584186	187
0.008633467906669	0.233012009484541	187
-0.124926681418235	0.384593492146778	277
-0.089409574561179	0.303589890933702	277
-0.104825205830309	0.327258908059514	277
0.089382770277052	0.149508255986016	277
0.012284885076679	0.322628618478856	69
-0.023501698287375	0.375518626360828	69
0.109401580082245	0.183631580885833	69
0.00176227976565799	0.387889001971031	69
0.095671389048007	0.112682508243232	28
0.118700354525635	0.0984136239002063	28
-0.061416016188791	0.261001743104711	28
0.016428779202055	0.245004957081015	69
0.019013967817663	0.277790933219853	69
0.059517563478528	0.154754852239873	69
-0.038892060763079	0.362060028523984	4
-0.009790565091714	0.321141250068497	4
-0.099909685544775	0.473338062295505	4
0.069485660774492	0.151594096988271	4
-0.047040976144821	0.231688521756092	4
0.06114716413301	0.135505323285905	4
0.113685292910245	0.114096030880322	21
0.062377916128587	0.186809525661836	21
-0.044011108319419	0.255476250447102	21
0.113384040508994	0.0888111042994182	21
0.065809354567392	0.135730960247212	21
-0.094420706609093	0.290901836520505	21
0.064636363188415	0.155055764367668	21
0.017375161697302	0.160694555861468	21
0.00242586430043801	0.193721265478796	21
0.046704994546976	0.143507508971653	21
-0.01458660187415	0.209351637966048	21
0.100205338852418	0.123515663470338	21
0.001747239768531	0.22028592026112	21
0.024773063270499	0.200014608117318	21
0.014506114517602	0.1850561912989	21
0.07288053732917	0.147670324058727	21
0.038924832515702	0.163821588281164	21
0.041634459396807	0.127397722013612	1
-0.028348781336012	0.189915708277174	159
-0.02158873683001	0.146233363992898	21
-0.090078740580559	0.286743667105465	75
-0.028152451212308	0.184914835989553	21
-0.075798659764235	0.216249601056176	15
0.115862395200698	0.116151093820843	15
-0.037202052913314	0.30579833570636	15
-0.077130164040201	0.295468102166307	15
-0.075730096689493	0.172872322177575	15
-0.016175725289233	0.207235253570002	15
0.116410091555815	0.128220649070053	15
0.040273205682076	0.22003626914164	15
0.09165639705433	0.11481268461892	15
0.09945915289477	0.12652309690084	15
0.012494500305851	0.164056648911997	15
0.050825603284757	0.247147564407059	18
0.063393702876207	0.150664297595965	18
0.029868094624414	0.156942817148693	8
0.026519209385937	0.38034928106724	187
0.015391366196048	0.427745351281811	187
0.031079761433049	0.331415517657553	187
-0.026516116624592	0.639685164213273	187
-0.00590280484446199	0.447514671134859	8
-0.00350362739777499	0.275375008748188	8
-0.040565924255947	0.293137335829775	187
0.086531274193333	0.166620784705892	66
-0.051591845213158	0.353022553853945	66
-0.111280209952584	0.440617492527312	66
0.002693312547173	0.284542830647834	187
-0.047026948827113	0.301575144950006	187
-0.034467797486201	0.418108541684986	187
0.097319929309141	0.154558931384378	187
-0.031834119561245	0.269641771164349	187
0.051350339747176	0.213848453511469	187
0.053461150969944	0.161228679795203	187
0.06889061134554	0.165348566026558	277
0.091444068200962	0.159884203043418	277
0.084607257014963	0.1680799803845	277
-0.058164759920885	0.30881484764941	277
-0.097434098446617	0.379285379551801	277
-0.005754101986787	0.244088011814096	277
0.032937398863689	0.2123123962747	45
0.05625061810145	0.191268830989034	69
-0.077255489221775	0.585631023986484	69
-0.046610307443927	0.475326902663455	69
-0.040103783943379	0.412696182853	69
0.111215880566707	0.0898635348035971	28
-0.050045748176833	0.278292497671365	28
0.00743847129639499	0.21543355795671	28
0.020499846001308	0.219882824742296	69
-0.012256171555372	0.319183989354893	4
-0.014448840591956	0.323791600355241	4
0.017168722360617	0.209936496530263	4
-0.000052392225958986	0.258997130445253	4
0.119876710689936	0.0972005546906338	21
-0.035263725981323	0.27138352577187	21
0.08629036811944	0.138885496037269	21
0.085951431564231	0.102364733927915	21
0.00606968328351601	0.142232822614988	21
-0.044510061049545	0.228390322982804	168
0.008179552588502	0.169116988468903	168
-0.019583384785017	0.213711335468269	1
-0.075746887121379	0.214690936447544	159
-0.122814082848828	0.236105479638618	21
0.077556999897112	0.106097180626307	21
-0.072479567561651	0.217520094380773	75
0.040923205535542	0.146693077845945	75
-0.087851024498876	0.258831913599939	99
0.100842587721417	0.0960131531106136	21
0.00504474310377101	0.171657461469681	15
0.034239992737101	0.0836118764014185	15
-0.041137748430911	0.221937706968392	15
-0.090506513973296	0.364810139910689	15
-0.036171072058812	0.270290398125673	15
0.00302549442160399	0.220477878630427	15
0.101619167577961	0.343345721842642	91
-0.013413900895673	0.804816640482757	91
0.112947436462429	0.239074487729028	18
-0.003455202809238	0.413956170180116	18
-0.00977942947523702	0.501236742348809	18
0.087835119950555	0.216910665608162	55
0.108787845287212	0.129234483606939	8
-0.038745852272085	0.623968326941736	187
0.080827722163653	0.268378083595882	187
0.026701684451659	0.333483068629174	187
-0.053256023142178	0.530527341897227	8
-0.07126080930043	0.517719122760754	8
0.102324911338717	0.224544769299571	8
0.019851777588659	0.419944781739962	187
0.11089408244976	0.145417414416755	8
-0.07279289603779	0.356880010594622	8
-0.080554756324548	0.423194149941642	187
0.099810526485381	0.151545800617668	66
-0.12285545949248	0.440825089258583	66
0.107951175638532	0.184249794760443	187
-0.053209293689789	0.483320329045133	187
-0.083222278218351	0.38123605523395	187
0.047630122495784	0.228276345613233	187
0.067172646231156	0.249244381117076	187
-0.116364544834071	0.592301043683897	187
-0.00340620157282701	0.283678347489829	187
-0.073741565705314	0.300347248855644	277
0.10217107741393	0.126953072384093	45
-0.121420418641862	0.441087950986429	69
-0.020147291583154	0.447524705072046	69
-0.108909636692231	0.660609451339038	69
0.082109990712062	0.276088941250001	69
-0.016881361280472	0.389173256527349	69
0.027014300348655	0.337668474203916	69
0.086294113305551	0.234254202446457	69
0.043443131579149	0.303516920778883	69
-0.007961788178802	0.225584574543834	28
0.036374644455608	0.169274231846459	28
-0.03166278195774	0.310405570339261	69
-0.074755436891353	0.455690586926442	69
-0.097434085244736	0.34426166130598	69
0.00591748785889101	0.217544581177055	4
0.046250364459076	0.21752307532119	4
-0.090061990105898	0.302152445104299	4
0.083037467257019	0.171144758367451	4
-0.086205647855098	0.353011137862505	4
0.00915957011131099	0.208363887477585	21
0.045579167343192	0.202670265646477	21
0.05576027500653	0.158783675882022	21
0.000969859801404987	0.218860777132277	21
0.02814303260378	0.216413414854172	21
-0.035817614027085	0.245891509023686	21
-0.090800763761523	0.332026693876766	21
-0.012647096562529	0.228853161586665	1
0.014076430973057	0.187432729755339	1
0.089480617581269	0.120117417128597	21
0.043474437404679	0.126770075603189	21
-0.086855878795966	0.311264833196257	75
-0.096233221224766	0.293208867663295	99
0.117462610225063	0.0850490971188948	75
0.085830409117343	0.10267264146577	15
0.00534788684365001	0.143300540156648	15
0.031393548666765	0.153048117717431	15
0.124989202639066	0.0822747471285596	15
0.12365995245259	0.139347859850672	15
-0.120283541803854	0.412408983758772	15
-0.120223708062186	0.483117997823392	15
-0.12003313363816	0.603521489462712	15
-0.11534792433419	0.386289809993519	15
-0.00708658268117501	0.241615599644087	15
0.056739199029789	0.173977935337262	1
-0.056993281622335	0.289773703298464	1
0.022573674602439	1.77117800011601	91
0.017076989203308	0.920297438928925	91
0.071474072220349	0.207764181384584	18
0.12296137729584	0.149771120054065	18
0.045304432088017	0.286141681175574	18
-0.103391554639378	0.546573943226145	18
-0.095941400010206	0.389748328213896	18
0.099855648393462	0.184846613762869	18
0.029214844088886	0.417506867349433	18
-0.110605456427389	0.40475710190887	55
0.040502846351251	0.354966201014748	18
0.020905370929528	0.337188560609931	55
0.060277414653935	0.268232119250211	55
0.049293555526495	0.294908536828319	55
-0.015423089760564	0.411331435822903	55
0.071082043550271	0.276525081084851	8
0.111807808860787	0.188852187726547	8
0.117012425862585	0.200881271797552	187
0.041896825346649	0.357331685945512	8
-0.073825884518185	0.673624092396934	8
0.104787256165711	0.260097291611407	187
0.101710220132144	0.140290794527889	187
-0.070630293729522	0.295320930548146	187
0.103619176628031	0.125770434464458	187
0.111248961308976	0.216289721786056	187
0.087652184687712	0.258498608542197	187
-0.074477057912184	0.370694771077328	64
-0.113323590591975	0.334985466630554	187
-0.081505891498832	0.309843219974842	187
0.089017308944646	0.175797277461651	187
0.033573533523651	0.305734798324066	187
0.089626946044253	0.219939288941347	277
0.040234160748244	0.151276369634919	45
0.005799626883673	0.230243129288201	45
0.033469998379178	0.36692411568281	69
-0.011103307111603	0.457814611978538	69
0.062012069073307	0.229686237361032	69
-0.020355003350576	0.34700314035476	34
-0.119717802806465	0.806391869756028	69
0.031727571191737	0.369650844429858	69
-0.110623199830573	0.519176778753064	69
0.058651683808759	0.220437692532563	69
-0.068227020804072	0.321857605737515	28
0.097990935437889	0.140159420767803	28
-0.047213461498742	0.229677003248093	69
0.111009347707569	0.105221290964568	69
-0.051134117466126	0.230067744102426	69
-0.00877869610521098	0.368305814791973	4
-0.058588350162653	0.260871285688034	4
-0.092673387804874	0.290088886327871	4
-0.060196458828875	0.292085509940372	4
-0.029690121445921	0.254687216330071	4
0.122790615727576	0.13182607495897	4
-0.073999268402797	0.166713350489813	21
-0.037241960115124	0.33417228995856	21
0.090114489822665	0.119021965774056	21
-0.057125537083676	0.421401314840204	21
0.00724773275482499	0.213942086754051	21
-0.087233190550643	0.358139247312701	21
0.097492573565735	0.152897580867556	1
0.110241642426092	0.102643964658036	1
-0.068899933931261	0.159941086573949	166
0.09332837328494	0.0954744374066442	1
-0.036596483640043	0.0996994327156536	21
0.117006948619529	0.0612708963904057	75
0.080192763451109	0.0716350118559031	75
0.011449418667277	0.139114025517669	99
-0.05657623167461	0.2570928414634	99
0.00283046950504801	0.25555770805056	21
0.031250593740353	0.0845374842603905	15
-0.124248671458598	0.303494182374369	15
0.037275522523445	0.254612089532527	15
-0.080421749241091	0.427505967955748	15
0.081059016861443	0.230785078663118	15
-0.03600823359504	0.312918546540309	15
-0.043232227208123	0.255088419968112	1
-0.026859116373588	2.40191844448447	91
-0.070130818175914	1.7686241027542	91
0.002467181309843	0.351900324040305	18
0.074777074797256	0.247830575453404	18
-0.111535204365384	0.593608286941041	18
-0.013743309063507	0.38516328165187	55
0.017031287437678	0.347409027831758	55
-0.029308211474043	0.280174385170892	55
-0.040881129785302	0.366995781793915	55
-0.102503577930078	0.502405595311816	55
0.075920094736367	0.190625374631386	55
0.112291179346048	0.117147673339085	8
0.105933109506188	0.193837649798598	8
0.096152406607912	0.217414971269854	8
-0.053037368381071	0.397223687675933	8
0.022668085498901	0.388377165146335	8
0.037362132528062	0.315486799110247	8
0.118029461884302	0.110174625304563	187
-0.029624753407445	0.291096501850599	187
0.124313937640393	0.119743972378968	187
0.023947046643028	0.337889068948533	187
0.00987920356165201	0.421852428894171	187
-0.017162115205786	0.366911915321351	187
-0.105697450738928	0.50019456188408	187
0.104944272091992	0.134516220856181	187
0.104071602377605	0.174056621347063	187
-0.085940035628553	0.432653110101323	187
0.07624262216236	0.162224826348786	277
-0.033494023144606	0.269922207888414	277
0.00496941625678499	0.230926577961474	277
-0.073347156899172	0.366338307966072	277
0.059175482778166	0.215996012009447	69
0.108953320630512	0.211927379298461	69
0.104514777166955	0.205469505169713	69
0.00202765768074101	0.198628979631329	28
-0.019786156144874	0.253901686473431	28
0.108223280280053	0.135456024139057	28
0.053310024609106	0.162618895864484	69
-0.029625492721804	0.280086247009762	69
0.09852244183098	0.1550850729741	69
0.063413040572412	0.200302231431189	4
0.017460249705856	0.244109596184855	4
-0.058628215392812	0.339515317481439	4
0.088372747366772	0.197728951987357	4
0.054358897785759	0.19012616194344	4
-0.049552479672574	0.309237176263033	4
0.00465567082441801	0.215512483838571	21
0.091673495305498	0.134103518143915	21
0.030308218906408	0.176052355789279	21
-0.024160987597592	0.208458221900608	21
-0.114656252691296	0.361606404276245	21
-0.067466690691652	0.318406555665902	21
0.019037384250504	0.220239875132705	21
-0.050613861203544	0.307425703904038	1
0.100842587721417	0.0960131531106136	1
0.10945155040269	0.145882780083233	1
-0.027122310957351	0.191244210725281	166
-0.12334160645178	0.24063437666327	159
0.03778225884823	0.151401721256508	75
-0.117783453491474	0.235846743258874	75
-0.019873102751335	0.235299619324626	75
-0.077788295470102	0.171201422101661	15
-0.113149539778903	0.335297689427297	15
0.099340900004383	0.127997686885552	15
-0.095136882991879	0.313343396790992	15
-0.068420793763397	0.210025152598204	15
0.095411174190349	0.115787960807942	15
-0.062974291623097	0.205043168026443	15
0.116563494668234	0.0849821751805108	15
-0.084194710240896	0.277116550336503	15
-0.074356115913835	0.3288341662064	15
0.096916608161552	0.71144129362159	91
-0.113445116363629	0.760536473561626	18
0.015619852229747	0.404944357300663	18
0.100785321762635	0.225723483704356	18
0.107542672853334	0.210993306460371	18
-0.00209350359030602	0.399942811759873	55
0.121712633613393	0.191169693908769	55
-0.093749851977174	0.448613173305313	55
0.070840749538622	0.234960022505628	55
0.091606105417227	0.200491346126813	55
0.019134824149675	0.329157031979415	8
-0.124609366827884	0.676501297589928	8
0.11200032501738	0.225432987535086	8
-0.083255005272901	0.728351388313059	187
-0.086685936661819	0.546708835163577	187
-0.047619289211975	0.37610161158563	187
-0.119887440526088	0.497563763506361	187
-0.015417287314977	0.345979915500589	187
-0.061363586123182	0.379232510669245	187
0.035814722721016	0.25767076970531	187
0.036864669974259	0.341942160593067	187
0.073570164532697	0.262444210014936	187
0.118912515908027	0.187882164333132	187
0.105397562393809	0.15940765793163	64
-0.079562472388505	0.329102713507179	187
0.082357402559951	0.154540112530865	187
-0.109606065538017	0.446149800195785	187
-0.07612031102628	0.493979182110104	187
0.052102242034109	0.295468680130467	187
0.08088807577632	0.180606587800922	34
0.060812972173916	0.206141706946932	277
0.037437867181836	0.170758055749798	277
0.068591155400557	0.164297661409277	277
-0.070577860196004	0.368692631566504	277
0.061781200978994	0.227727400454386	69
0.102926674588191	0.205218819665932	69
0.081211449305583	0.219472067807374	69
-0.010823856647677	0.372444276600049	69
-0.073144379499711	0.395612695049375	69
0.030983654826072	0.230292994969872	28
-0.00666624815442202	0.22329490881451	28
0.020844887956863	0.180923808710657	28
0.111506079553169	0.104499859395517	28
-0.081783616983991	0.475921021724782	69
0.017387520976135	0.288484302302261	69
0.00304184977340799	0.230170275734055	69
-0.016507152381485	0.370431987288828	4
-0.034888073542128	0.400021786837082	4
-0.00374811423885002	0.262453226626042	4
-0.085803380095487	0.355523572465702	4
0.064664304023126	0.198710124321533	4
-0.035287796909821	0.337026216556238	4
0.036071634172376	0.154127972801043	21
-0.066414948895688	0.270558351351176	21
0.019619607295435	0.217746995834581	21
-0.059019377862206	0.284488735922701	21
-0.102876812340818	0.34641434206536	168
0.046858265904216	0.199203954427232	168
-0.111804148388499	0.38316391819247	1
-0.047146594051494	0.229596280641873	166
0.087800008211503	0.121237609703807	166
0.087403182389711	0.120927522495047	1
0.032715830375536	0.172701386965286	75
-0.015913220460183	0.206231589728809	75
0.033982238695226	0.17354424548142	15
0.10461957273782	0.124580882269743	15
-0.026167076109759	0.286103911166057	15
-0.041447511624472	0.378233307437611	15
-0.00960723631064597	0.218215441042094	15
0.105299877531161	0.10993684273413	15
0.077336629297679	0.0729409454001449	15
0.110816518877731	0.14317788344108	1
0.038155298328305	0.404408416281944	18
-0.02276369907799	0.501507710029131	18
0.042975107648617	0.298389869831101	18
0.014279166301833	0.522724854295363	55
0.083593283455042	0.277855869781073	18
0.100644346178369	0.241736011858464	18
0.015169569062653	0.475913695328742	55
-0.106977689135778	0.57904505776837	55
0.027583785077653	0.252040181246427	55
-0.091288732162481	0.414119399590796	55
-0.023914932676486	0.32230846929284	55
0.00850251313078501	0.327773112285077	55
0.051587037252707	0.354798569077031	8
-0.01446509229011	0.479686689404069	8
0.122792340394741	0.199434213547897	8
0.05753829663386	0.333946755188535	8
-0.038195101431773	0.546984333820494	8
0.071542919213967	0.292476430713939	8
0.116361216997449	0.212541687645001	187
-0.04270781027532	0.534522574592776	187
0.047575070865953	0.279611192842708	187
0.122373972685013	0.132532838564972	187
0.018946275245929	0.257118774838676	187
-0.05126910931067	0.282429108338058	187
0.010113584770999	0.263456262098293	187
0.035042935109595	0.212013859011595	187
0.118170562124598	0.145243747442281	187
-0.100496872331869	0.556361060735342	187
0.052221183914879	0.340147168632737	187
0.09083273950647	0.231902391095947	187
0.071447644214524	0.218167578193675	187
-0.112770772659286	0.637199363196919	187
-0.055625823645349	0.439404689931539	187
-0.00451595590948201	0.398402810856731	187
0.098208995305342	0.179898157576434	187
-0.090224074240885	0.44018400396775	187
-0.065612407881939	0.387526271141726	34
0.068170998365766	0.165186628587598	277
0.025453512738182	0.321077136411054	69
0.092462902472275	0.21269624213507	69
0.051460666746364	0.265495388641613	69
0.08275805035251	0.25377267428926	69
-0.063391362891735	0.617026805793112	69
0.086498408552015	0.171648284642735	69
-0.049869661246537	0.259562220498412	69
0.023955360063661	0.211115738987432	69
0.059658910883394	0.183062127486807	28
0.021042200739394	0.226182037059636	28
0.073779047453162	0.189869865942961	28
0.090904872611684	0.175678760688714	28
0.087028293864906	0.173734544200447	4
0.070442185350377	0.231497618828598	4
0.097375962758738	0.15568602250438	4
-0.042648609482636	0.299141150471114	4
0.029664942826856	0.197095798423019	4
0.015317913245589	0.204192976655176	21
0.01676835524825	0.220509419707119	21
0.110858308851842	0.140231617860275	21
0.024821410363185	0.202679142369424	21
0.061532499233692	0.187343367658345	21
0.00397478593072301	0.180724902350663	21
0.07432728893592	0.111370371180236	21
-0.09856711309047	0.360585079330188	168
0.094601196397015	0.173144724759354	1
0.010157729587185	0.136074323139112	1
-0.089822246227288	0.25481180226654	166
0.0113865117996	0.190897139394877	166
-0.014994673276048	0.230370660283231	1
0.0000940370883510122	0.142138484178857	21
-0.120904130264473	0.236694555877887	21
-0.099637578043137	0.255863155902453	75
0.006673828803136	0.214280374019159	75
0.00295820253182799	0.172498926692171	75
0.101615476409601	0.135759626971782	75
0.107047073423062	0.0929235958853006	15
0.079582619979662	0.106560374656938	58
-0.095579146967827	0.25870502173148	15
-0.031363608915124	0.308991000006231	15
0.124178605893022	0.129884391276764	15
0.009046718495578	0.19252164537873	15
0.088804261699543	0.135886855701109	15
0.029035050957878	0.1800523122758	15
0.090177940005333	0.149819061712491	15
0.010098918008251	0.295966001856637	15
-0.06570500466401	0.293275793582903	1
0.020672683048461	0.250867377492624	1
0.11909090158997	1.00981479603908	91
0.063708740094707	0.988262708349927	91
-0.047770265715688	1.58194527391665	91
-0.00670261929622701	0.427579453364452	18
0.046471782278066	0.320086434553779	18
0.038170408617733	0.307027953067731	18
0.048237422963125	0.337566186526472	55
-0.00673463227369098	0.598350350860448	55
-0.094956478033788	0.691927222857646	18
0.033483806855692	0.29260768347415	18
-0.013124266545627	0.48414926469323	55
-0.062169363022437	0.478014612547839	55
0.038834598627349	0.257912953280188	55
-0.120818098823908	0.526773209947469	55
-0.013284909899532	0.310387937064304	55
0.016972652282236	0.395513578779636	8
-0.038690603362223	0.555342450923429	44
-0.106438196987792	0.81610314772747	8
-0.013379209474709	0.39084211957351	8
0.124875576840545	0.191547427867156	8
0.057575162913891	0.315643815542648	8
0.01715769026509	0.425718782147107	187
0.101390953381218	0.218313443835653	187
0.026738138611904	0.270387255474247	187
0.021104647184165	0.237428714360075	187
0.090609513321754	0.175573436450429	187
0.120101499654455	0.171720264036886	66
0.100724464137049	0.233806509036931	187
0.07197720672521	0.297488169944335	187
0.099890668503829	0.0960045074850712	187
-0.014873560786663	0.419041782906391	187
0.103479887255792	0.173016864027822	187
-0.021129643712318	0.397670959126076	187
-0.098557298965831	0.500471429002441	187
0.050212354349731	0.244772742798184	187
-0.015943166104923	0.392844834776572	187
-0.015174974358151	0.315929505788718	34
0.079315074214005	0.141877565267913	34
0.11718333244918	0.126045029027773	277
-0.098474877149453	0.474528936053598	277
-0.013855228889626	0.375443527204675	69
-0.062897960570474	0.496304930320122	69
-0.00408865018939297	0.442578444647602	69
0.039645068225827	0.317727047302847	69
0.089599700891197	0.150226693718108	28
-0.07029505953705	0.390743821389547	28
-0.087589437301815	0.414020529600565	28
0.054430218502411	0.189859198216675	28
-0.027348042494602	0.275287362351649	28
0.065847487144636	0.215704411869837	69
-0.012690723280003	0.302523187407349	4
0.017480757105221	0.227964008168231	4
-0.046202549370892	0.27763687088229	4
0.031517957259351	0.19071273857686	4
0.038922231986211	0.187622791138061	4
-0.011613792445802	0.228638621676258	21
0.060299740813802	0.148448261710581	21
0.120480245188646	0.0981002029407807	21
-0.063350006016595	0.260759856759927	21
-0.123059151353088	0.498134724583848	168
-0.096384253701111	0.494398435797785	168
-0.06116129500919	0.331619506477459	168
0.050887879810986	0.194576926175176	168
-0.073308328675482	0.270845806752591	1
-0.051038229454131	0.234696900009826	166
-0.100294844459699	0.294872415309149	166
-0.029758018177766	0.155091502437989	166
0.047071648523135	0.167942530394804	1
0.036265116082663	0.166997402690884	75
0.053725352914013	0.225871837349565	75
-0.028384873803255	0.259727869456177	75
0.070093955654212	0.112531418376965	15
0.025896859726016	0.19682768333556	15
-0.10742160886278	0.385815136263071	15
-0.050580864261482	0.306426720069089	15
-0.117849851068715	0.387986892843225	15
0.09201235817186	0.117409937622873	58
0.088137563952121	0.13575789690646	1
-0.085207331631481	0.442360864690299	1
0.032576198924039	0.173739740352219	15
-0.031055386318527	0.331538100271553	1
0.01616090465145	2.21575120340344	91
0.014255654576615	1.82537632224	91
-0.030553610374891	0.548093674746195	18
-0.099947888250115	0.674788338313263	18
-0.00384775413512101	0.407889763464666	55
-0.024321868272211	0.50356082356249	55
0.019631365623173	0.383037437761434	18
0.000751053974651	0.489844351862995	18
0.087075600438247	0.271716477249592	18
-0.0478150409138	0.545876982702585	18
-0.113247452415799	0.845207180041236	55
0.012213293526102	0.379189593790035	55
0.088843794082982	0.230971242993534	55
-0.032257513414096	0.375629173892288	55
0.050528650759948	0.229079666667488	55
0.080000676458861	0.196465534483913	55
-0.067487965602613	0.651078052080177	44
-0.023584045440699	0.513736810076049	44
0.019812464341615	0.42788615953455	8
0.078112895721723	0.272509688759206	8
0.012593964686727	0.303126894526565	8
0.025271494707127	0.401199108736941	8
0.085480380575749	0.273784841704365	187
0.071475804594133	0.297533134830178	187
0.035082642047923	0.255362527530789	187
-0.099079607768172	0.426569268662634	187
0.107690283215052	0.189457972303571	187
0.05858508194137	0.327846976285034	187
0.067197774778272	0.295538890988724	187
-0.067736933255092	0.486418911648996	187
0.106630628565556	0.157945087499077	64
-0.05169767319347	0.363228614741666	187
0.118484257525092	0.16725541465722	187
0.089300999755301	0.225150237154944	187
0.079204906159076	0.222551104934028	187
0.055209435331644	0.272437851017409	187
0.119749602080147	0.134106447455468	187
0.105354476605926	0.206349119308573	187
0.028271734623357	0.271308544370945	34
-0.064461784238954	0.290107113709761	34
-0.121722801840276	0.425515747099364	277
-0.101410841428062	0.390647030439857	277
0.084433051907229	0.155606730005742	277
0.000407991055166007	0.254761058349571	277
0.042912101614632	0.187876382921835	69
0.103296832025946	0.201787113572298	69
0.075052364805854	0.271471436539531	69
0.010184355644122	0.362815184445697	69
-0.011487977993235	0.357200526923501	69
-0.070628201630467	0.34886712313854	69
0.012114930546429	0.269565035116246	28
0.054210374795682	0.274096089787593	69
-0.00841856650302603	0.248121261884147	69
-0.00396631358152	0.243143521213684	69
-0.062751803376505	0.257712583177775	28
-0.106849817182146	0.384657413035096	28
-0.113724977976296	0.616093199536794	4
0.11023114995706	0.131386195863541	4
-0.000561655074808987	0.257331713571987	4
0.05975463630316	0.15526841971941	69
0.086508538847685	0.154129529424403	21
0.057163498523557	0.157528151439321	21
-0.090498433058731	0.344354903503233	21
0.114929431453481	0.113774495271789	21
-0.069750559927947	0.264696746594425	21
0.120430769376726	0.0996049326353948	21
0.059767941408965	0.153352218030006	21
-0.108500044425142	0.32179917560738	168
-0.102487325484517	0.322203578920947	168
-0.06901538937132	0.163869611417469	168
0.060143798571615	0.1366677033317	166
-0.091365605464036	0.282550600644806	166
0.046415289447652	0.186270370462365	1
0.109231661760228	0.0907729531935758	21
0.00629990265059399	0.191395538078684	85
-0.098001875491501	0.288725607777103	15
0.035412786539495	0.126144170991577	58
0.035998470153732	0.127536464727523	58
-0.067185727096834	0.338152304565324	15
0.058442382007754	0.192006908828586	15
-0.086076575875725	0.257039664377404	15
0.013082446338252	0.26234481019632	15
-0.011751310847279	0.204893901872582	1
0.030001851010949	0.178597142705507	15
-0.067116193297912	0.410686883332378	1
0.079536581753757	0.3121478182363	55
-0.036676168365814	0.761248887186564	55
0.056559232211703	0.297561761949698	18
0.029482678661476	0.385371591891056	18
0.00307358145206099	0.551725196737376	18
0.09966779890938	0.313617877017206	55
0.063940305572729	0.167186491525325	55
0.122999033408993	0.130504871615769	55
-0.12253844110789	0.451969196151639	8
0.098345580227805	0.18002368848684	8
-0.00186116403777098	0.30028352953332	8
0.114676852855702	0.172251959707832	8
0.011879328832938	0.515148511069865	44
-0.095566347029399	0.736382153571278	44
-0.105456236675253	0.526035002429907	8
0.00590229821694399	0.399020134021305	8
0.00797766339523001	0.426321864520994	8
0.011435327737729	0.49205072255658	187
0.00888115861271699	0.320857051310804	187
0.096948707456072	0.193853035358474	187
-0.115221098195577	0.675163071192236	187
-0.11249330557675	0.525952934044662	187
0.120171739471485	0.199844575041921	187
-0.112484353083834	0.656991701305024	187
-0.076081802936208	0.568306104407988	187
0.067163759916252	0.238949264118666	187
0.008838338925931	0.169125222769724	187
-0.057841376746638	0.238517052133579	187
-0.029128729694813	0.419605765334754	187
0.059994706208555	0.279575766663766	34
0.111155483360645	0.16747915431963	34
0.02113129470209	0.280316625965792	34
0.045784238303358	0.232064706988425	277
0.098865777964338	0.162780701937076	69
-0.112996585347957	0.724291242841793	69
-0.093929120574405	0.587031391927147	69
-0.081329362088628	0.582601629877733	69
0.073974946381294	0.294893558272928	69
0.068704480374533	0.26524740433815	69
0.00385633685716999	0.347603891013846	69
0.00761590684546201	0.236237913277305	69
-0.07687757175421	0.422039542684727	69
-0.076532147277234	0.303202178072308	4
0.055669321807981	0.194396096472372	4
-0.108849247436026	0.477475231472757	21
0.079846327719577	0.165387864697976	21
-0.025003990220361	0.283116055259876	21
0.052285966282907	0.234360754701191	21
-0.033482550069666	0.193437703831631	168
-0.12499310903434	0.276617129682623	168
-0.018775514655155	0.20914928844532	168
-0.057033502456688	0.302727359978317	168
-0.051941022294707	0.361731345690916	1
0.120715841244941	0.0819661108709872	166
0.075460253132384	0.109568166145065	1
0.00738743476154999	0.212929279699895	1
0.067018506121329	0.133561518484434	21
-0.074234953365465	0.351871740464656	75
-0.064919629618985	0.269816273589595	85
-0.046946176085836	0.277084080064527	85
0.05281778679763	0.160150276635177	75
-0.089374692693462	0.283034339511419	15
0.123349263390276	0.0981507518796375	58
0.008656725698516	0.234596888602247	15
-0.00302434797430301	0.219008220477017	15
-0.084027285220338	0.568674121503445	15
0.079666003654229	0.106695983225671	15
0.082850179045359	0.212379478981286	15
-0.002492389828535	0.175993508892831	1
0.056317282342654	1.7926954817535	91
-0.022483004085506	0.509174884916531	18
0.084260889014057	0.309659961779839	55
-0.014189366586874	0.419756552266666	55
0.026304659977286	0.470917242903054	55
-0.122768909659673	0.80008284419648	55
0.00488059082807901	0.42318015304698	55
-0.033994032575849	0.47810504869852	55
-0.11429028559576	0.588639659364244	55
-0.00456571249104099	0.333200594746141	55
0.112022424436698	0.149788960699983	8
0.062299465266416	0.285168155467901	44
0.085714288036868	0.241496284297368	44
0.041940630952485	0.383083276145244	44
0.052882275519895	0.332855965651925	44
-0.052352116606453	0.568628589972307	187
0.109711025458314	0.144471120082476	187
0.120771499970265	0.112680274875902	187
-0.048454590482014	0.493060767178637	187
-0.070337356109362	0.342566227606288	187
0.06278941859741	0.326966972455509	187
-0.038781073374455	0.565517543254151	187
-0.004190737567981	0.434386631959917	187
0.101892037721284	0.196571576499235	187
0.067930432005766	0.203133713151322	187
-0.089915527446952	0.611576066104737	187
0.029032480134833	0.249678730283263	187
-0.018850637017051	0.258838355731321	187
0.00853216601571899	0.213917370066646	187
-0.015744557099571	0.470557712332858	187
-0.065124952074321	0.53867744274506	187
0.113597498083939	0.165355275719706	187
-0.028101958060007	0.389296099329404	187
0.00638836003466001	0.338671339866191	187
0.054660224674301	0.211117612445417	187
-0.109494288763745	0.331744321727914	34
-0.086802218374607	0.362399588203678	277
0.039670829726494	0.186974432688466	277
0.123535893539561	0.132816308881894	277
0.100541530127055	0.109222917692998	277
0.06996705954514	0.226940659319868	69
-0.00029790039366101	0.278547315053726	69
-0.119120513324959	0.330019950982088	69
-0.049436013995077	0.345336473083777	28
0.104588897931825	0.124279750544824	28
0.036398413488764	0.152523860106209	4
-0.038211279522774	0.315734501517295	21
0.065237458708381	0.149605777229145	21
-0.042227062808719	0.252081482522151	21
0.039732928003484	0.127564701202203	21
0.053396861963683	0.162249969574575	21
-0.051102281776645	0.374866756782648	21
0.093260891793573	0.132207805484619	21
-0.045489291473433	0.337415543603387	168
0.09580016177844	0.145747461943336	168
-0.087388578212844	0.330993641362683	168
0.024032701322434	0.255219398701864	168
-0.078902290016303	0.217918473960839	168
-0.043104717871872	0.226296642800866	168
-0.0193173507008	0.211588954602564	168
0.105988957446983	0.0930325530154907	166
-0.092409053920926	0.338358742003429	1
-0.042351643249684	0.24857096215487	1
0.080235091445419	0.0702147289272053	21
-0.05501525051054	0.287027276273101	75
0.113704878574932	0.117640440604376	85
-0.070736432142467	0.16813748123222	58
0.121825813999277	0.111960454269482	58
0.09802370198058	0.128117079388262	15
0.046146296565678	0.168339357938068	15
0.109565059785691	0.120663618668242	15
-0.005663012753783	0.342587742524846	15
0.012388207584553	0.138317205454137	1
0.027580163829663	0.218295118786088	1
0.053806454172706	0.177135165540703	1
0.100169762042051	0.269894168585606	18
-0.076365415723893	0.761657560578567	18
0.054398251787461	0.459972593267091	18
-0.112184696684307	0.583399658119726	55
0.036907247709361	0.421872070764648	55
0.09685877864801	0.311124307220045	55
0.102953777065707	0.226646558003518	55
0.037327022186711	0.407360902174303	55
0.038462388217803	0.383289320649353	55
-0.110194688646309	0.794916415992487	55
0.08663487506607	0.200366639676192	55
0.086964541466566	0.215382203780266	8
-0.035808694418227	0.503750059839164	8
-0.003584291910119	0.454935296787844	8
-0.061166823311577	0.543250095246338	44
-0.026482318930794	0.548285616629794	44
-0.048843196380197	0.507703951654037	44
-0.080281395468813	0.354144855316579	44
0.098477137544519	0.226261791560328	8
-0.099746697809595	0.784795994301174	187
0.005896306617661	0.419876376686375	187
-0.053978460289136	0.285568601223166	187
0.091836884416729	0.159670528286749	187
0.094397931983665	0.145294287917062	187
0.011136196682216	0.2297915493927	187
-0.041821819461956	0.276779788638565	187
-0.029015881497928	0.304305585064636	187
0.117409811873439	0.111355851364744	187
0.099073505837743	0.140518505631597	187
0.035250791389618	0.437491825199495	187
-0.063387804366329	0.634752591543121	187
-0.00475764944945101	0.331131716049144	187
-0.012392916372522	0.458094866788341	187
-0.106199340791853	0.348161821880879	187
-0.018467934483299	0.354339572778894	187
0.044504646986094	0.329094512158809	187
-0.017707255667359	0.391363367841226	187
-0.093389064424585	0.598033884390613	187
-0.014506685296547	0.206583007978973	277
0.056970841137859	0.178781096527988	277
-0.115860237206403	0.856708360244026	69
-0.00884648257591603	0.504360466469698	69
-0.020267190946371	0.346453999836943	34
0.088630441387803	0.230124260775498	69
-0.082218148283088	0.428320400954722	69
0.035816924152249	0.219963444535986	69
0.015890893634399	0.266403804313884	69
-0.030129195783748	0.409265773777335	69
0.120989988781963	0.146645399922726	69
0.020633008786195	0.183601689249761	69
-0.074751101957238	0.508919616616235	4
0.00984737648159001	0.188567977571291	69
-0.082399181402523	0.309045836762083	4
-0.076473853531037	0.240097066413187	4
0.059856212019896	0.137692067163045	4
0.036799946631805	0.171619710797228	21
-0.068162183439124	0.271926645886574	21
0.109143220789075	0.0916527373743271	21
-0.015371579067216	0.203150365637607	21
-0.092474522038747	0.461978059614437	21
-0.031317554201805	0.287920925702879	168
0.065837571101076	0.22659756801723	168
-0.053803565535717	0.394905998303528	168
-0.072519363701876	0.400267477526985	168
-0.070266718682632	0.212601170602251	1
0.070264745646238	0.131626643514769	1
0.061123001161742	0.162026205404927	1
0.018789232564486	0.221682530823062	1
-0.025466787021404	0.153737872037373	21
-0.124707213270414	0.273866154220498	21
0.111567987927261	0.0630124861311671	21
0.056577689024328	0.205472894353687	85
-0.059338754028297	0.262559107746388	85
0.018381504020416	0.183145797028881	1
0.115598926425955	0.137772463099699	1
-0.099961563737672	0.378691193311472	15
0.083752680573807	0.223133692379338	15
0.118140793746456	0.10001251569578	58
0.093002110323886	0.130957409971361	58
0.012030091750539	0.135534274612268	58
0.043167514098544	0.26359205980432	58
0.040635984321115	0.19176837229229	58
-0.100514845914548	0.392830534497728	15
-0.030928099865406	0.285765646037132	15
0.087739807088959	0.121395701433295	15
-0.06309279576203	0.311848931660042	15
-0.083126001097564	0.455481565256409	15
0.095201723267384	1.51341877917213	91
0.024204839320064	0.513747534372489	18
0.084300471106305	0.271396345300568	18
0.038934146841907	0.325941669572348	55
0.018786050809659	0.376933023967555	55
0.108023222736065	0.243349496094361	55
-0.098928974307899	0.937960546202495	55
0.066416123488307	0.338041095964716	55
0.119667428909937	0.179908462108833	55
0.095652941380727	0.221387090354951	55
0.060017318300854	0.31685073564956	55
-0.063252146295372	0.65133100444861	55
0.106346169607179	0.226292190950363	55
0.110007646150382	0.209861381222354	55
0.10600988177528	0.170539087042352	55
0.054332674089662	0.221502990336839	55
-0.083641030683075	0.471884258079643	55
-0.108695200746007	0.556398397982889	8
-0.036905480497643	0.43808975507301	8
0.029429337713952	0.314701561959096	44
0.075898633017831	0.275805090601913	44
0.063033737770362	0.294762242828981	44
0.112759694047424	0.129088149999812	44
-0.031204214355831	0.429991253584283	44
0.021754506488726	0.330124782206663	8
0.035376032267928	0.241058655796226	187
-0.014021228920121	0.328961228501392	187
-0.046738004439614	0.558102914227633	187
0.085527549081418	0.270582351389124	187
0.106083473724204	0.220784423453932	187
0.114937572016963	0.148383585425094	187
-0.053539012083273	0.417234189846651	187
-0.073265556623335	0.641801418300479	187
0.056970130137016	0.256441655430364	187
0.066979089412322	0.167117945923248	187
0.071788230602042	0.270763889435324	187
-0.063446340080618	0.400655150098098	277
0.059010453442123	0.302571209016821	69
-0.026192811074154	0.354704440945124	69
-0.086013162869631	0.473253644854481	69
0.05509974839234	0.253941078068823	69
-0.033375625437384	0.330583435329534	69
0.095445213169068	0.127112087040738	69
-0.021277040694594	0.350963242963831	69
-0.030712144802896	0.266033042192597	69
-0.099507675682671	0.515294915173126	69
-0.029527836663984	0.255300884693057	69
-0.085838840834364	0.538627333096111	4
0.112417804545384	0.130190831389558	4
0.00670560661068201	0.213490865679173	21
0.051126698609816	0.177891075327031	21
0.066039977596314	0.149215605083132	21
0.0209238369886	0.225299616301093	21
-0.047380708336434	0.226275088614031	168
0.027375434775713	0.178061656718874	168
-0.050129938001976	0.360897026423859	168
0.106788706550625	0.169706141063084	1
-0.110452123878993	0.333953994295409	1
-0.013119042671367	0.258757492683341	1
0.081736939711062	0.10480751532117	1
-0.029715594477996	0.23780958669552	1
-0.07033111177046	0.206545868941617	21
0.049376030638628	0.12112188524179	21
-0.094906482045553	0.282632027628131	21
-0.085046023723622	0.255685357104756	21
-0.075826994051531	0.352600789376019	85
0.086460566377844	0.138370369386376	15
-0.031887409985528	0.366227552597003	15
-0.122675794681551	0.237114448720019	58
-0.055557800682567	0.375345843508569	58
0.06745604732959	0.166039724779967	58
0.034821149089514	0.173494056043349	58
-0.089965346250638	0.346829889922898	15
0.055107848552144	0.175241645468085	15
0.095290027762816	0.129482363928913	15
-0.10934551580171	0.378874477084478	15
0.046662882566678	0.182431969804141	15
-0.036475269011824	2.20174695817543	55
0.00511538512049301	1.1324300637123	55
-0.068374555631812	1.4805893120051	55
-0.053328279644198	1.39521218373163	55
0.085718034419277	0.325265022268052	55
0.021493932932485	0.529942043258267	55
0.023348080037266	0.497333708982862	55
-0.095638277557001	1.04329812541125	55
-0.00669238834840502	0.462672635972574	55
0.113950533183123	0.234061192444311	55
0.079032767373484	0.282806191542628	55
-0.024325950580252	0.555649467438228	55
-0.072009234180616	0.769889381527692	55
-0.039507383942655	0.355338069725071	55
-0.078637989217465	0.341196800836494	55
-0.07502142358739	0.544849517623825	44
0.051708552388957	0.303117388298986	44
0.024636713702211	0.340726659650151	44
-0.02761192392922	0.571839408219187	187
-0.020364536412261	0.487121522241823	187
0.05749683386017	0.234412350788022	187
0.029827155367722	0.290770862293454	187
-0.042456020035063	0.384609244426425	187
-0.031723259745744	0.477637034468538	187
-0.088116091092558	0.539940209964502	187
0.066067310230481	0.270838283692375	187
0.01958936232538	0.371478210635311	187
0.078762511259258	0.241659253470873	187
-0.039636510954361	0.479276951650683	187
0.046388463394863	0.335335488074021	187
-0.00424352564792702	0.477636287588234	187
0.089110900720166	0.253921298372413	187
0.035644604429984	0.318644989352195	187
-0.056206218524746	0.495659243586536	187
0.114878424981817	0.160737839566464	187
0.012312416473773	0.327151803872162	187
-0.025209654485187	0.410072831521402	187
-0.091583219823096	0.462109567732718	187
-0.094305914785797	0.532099570611343	187
0.09400551041866	0.211497377432488	187
-0.05788140259609	0.440667421830467	187
0.103052577339394	0.196497705534106	187
-0.064946031410973	0.495419911042978	187
-0.059329186819019	0.475815502185719	187
-0.075403738712176	0.374366195220654	277
0.016600928267895	0.246271955526528	69
0.01981254937955	0.259159222194277	69
-0.073626689527881	0.455104498248534	69
0.005921010126581	0.314717862885839	69
0.097288264871385	0.113822859977773	69
0.011546127873355	0.139914212936911	69
-0.100452382541474	0.313428945714209	69
-0.104355992280713	0.350471457440216	69
0.058747548300514	0.205841074613088	28
0.071442316475288	0.190737894563015	69
0.070791376448024	0.207211887450728	69
0.037778827724708	0.258738916607561	69
-0.035807436709389	0.273231992297106	69
0.079908690970317	0.192211265331276	69
0.056018745978321	0.24985473592186	69
-0.110267401404107	0.402623951766607	69
-0.051219740679129	0.458170721330953	69
-0.016713163030774	0.318304938175263	69
-0.111237337896284	0.439557936039906	4
0.074123154548516	0.192241667990751	4
-0.120754773664953	0.442440817699112	4
0.092961441298551	0.16114031553374	4
-0.000452695239661016	0.3135494876084	21
-0.107357070182136	0.438620764701408	21
-0.10251121572313	0.466932865973182	21
0.063062204350646	0.216329174678936	21
0.011995966295337	0.317092927736898	21
-0.029026998530353	0.308710505261315	21
-0.107851277300391	0.50361445666825	21
0.084729289179354	0.189702281511056	21
0.073564048919901	0.205749613456772	21
0.050402415459259	0.20969527638218	21
0.026503097076503	0.24697793279394	168
-0.00499546948667101	0.236442823363054	168
-0.074145161246139	0.300920122688024	168
-0.025107845404786	0.190347282672372	168
0.00853777413703599	0.191474610956884	168
-0.099161392854122	0.331959724740782	168
-0.012814122421009	0.254738718327593	1
0.113943262082269	0.102995028381044	1
-0.077094015452441	0.293406917656818	1
-0.100391826238396	0.315820321120958	1
-0.03091255602239	0.26875267285984	1
-0.066473688079443	0.298592632020596	1
0.107010512851669	0.0915639163429288	1
-0.065199160341554	0.260321676749076	21
-0.003203596647812	0.237026796066175	21
-0.113068347632453	0.388318384700493	85
0.113717993214139	0.127922457492733	85
-0.109454182989145	0.332320012545414	85
-0.104906188646868	0.292566550796968	15
0.067442836535926	0.174825166385615	15
0.108171961615039	0.136701480811214	15
-0.014025471374993	0.231801999148889	15
0.059062914472196	0.174116854790691	58
-0.05572878648194	0.25620113937956	58
0.050978056194223	0.120616439372255	58
-0.030046650785619	0.157790613615169	15
0.014112892052768	0.163290253202857	15
0.031416556691912	0.0847003872064081	15
0.086057539845541	0.154142719452197	15
0.046006893311034	0.18044448454098	15
0.010605220270692	1.18692682981764	55
0.057938642567952	0.830800304558736	55
0.012878424538845	0.931842392775928	55
-0.071456757372409	1.50276776939253	55
0.042209587995937	0.622530653948037	55
-0.062960622352889	1.26024716168725	55
0.03592163488885	0.344448131350436	55
0.033840272972481	0.367633407213986	55
0.098439986270804	0.312439751001884	55
-0.01933915356012	0.572987131348389	55
0.109265134759479	0.0644974202796036	55
0.097887640329669	0.202700256095436	44
0.078901286285171	0.159271243244318	44
-0.054875614281999	0.504870565315906	44
0.087473181646527	0.177752691934109	8
0.00363249215097899	0.257622582614998	8
-0.113535338523351	0.935591563589205	187
0.043875752377431	0.325741173930054	187
-0.064824197435497	0.582376796606555	187
0.119688632413922	0.202509882039617	187
0.011583586265853	0.448570763634629	187
-0.09217530260449	0.726211600338874	187
0.055754171023277	0.327622437279304	187
-0.081784606491065	0.513425608268785	187
-0.037107017063707	0.417792610273394	187
0.032496058750983	0.21535847041721	187
0.033667827531035	0.211088927646282	187
-0.084654871428359	0.622651263767364	187
0.098295077300572	0.217406435244295	187
0.063599230232278	0.242916108958674	187
0.032976800411188	0.175209157109762	187
-0.00917839505096801	0.316995470407581	187
0.097323901480942	0.12926256361494	187
0.108669227488239	0.0641609964837789	187
-0.020511034440631	0.147916303962267	187
0.025619566825946	0.23355365251841	187
0.081242989024654	0.24034982161517	187
-0.044868610399462	0.429468443023095	277
-0.032415305890067	0.464730447009738	34
0.035249204098707	0.27678235859536	34
-0.07569162513298	0.495624371912882	69
0.040683113073588	0.147893323700151	69
0.113590585908942	0.172006416182524	28
0.085007985819815	0.202708978987262	28
0.123136740233804	0.1571974313467	28
0.030614859889306	0.334029669243488	69
-0.050062904352604	0.476886275935156	69
-0.03775630441557	0.526604874144652	69
0.028987139028285	0.327966596374938	69
-0.078042798283897	0.519449665965211	69
0.041113416164817	0.315418527216699	69
-0.014564583563716	0.385030386309959	69
-0.111465886761191	0.526757691421187	4
0.116857528262063	0.154296886551381	4
0.124077892412783	0.161552438881243	21
0.021488132176232	0.291283602426736	21
-0.075279197955252	0.549347072890671	21
0.027187573806137	0.303725296419585	21
-0.042493406331547	0.431696741791662	21
0.118933605126494	0.170992543419772	21
0.02937500325463	0.329760612341958	21
-0.083909891351849	0.550320645804781	21
0.106972330647328	0.137164065078493	168
0.014132706580706	0.302612047722605	168
-0.09179584863661	0.439294759901445	168
-0.04895459492972	0.232501513698822	1
-0.07692867958985	0.169087788226246	1
0.077496455388191	0.141310102523384	1
0.026067971250734	0.257687761462048	75
-0.072234065176472	0.367539015365828	85
-0.019048948925638	0.208928731318207	15
-0.121692231561585	0.300985034512743	15
0.021073017574474	0.233748964295644	15
-0.088251004624749	0.335818733737595	15
-0.00750615725852799	0.244541606570929	15
0.011710983077427	0.210837170160782	58
0.032945520790709	0.0838969086098354	58
0.030653310348677	0.0836621016749067	58
-0.071615046124124	0.165922751908419	58
0.10987173813322	0.0639497707264478	15
-0.03696753065715	0.243321445279432	15
0.034737788136833	0.082022654915942	15
-0.076076851686358	0.353469000132884	15
0.123600385757635	0.111008730743908	1
0.017166872816944	0.279264075009169	1
0.08291315822544	0.756566935377446	55
0.000868545630469009	1.08846153384792	55
-0.016764115012632	0.931402109310043	55
-0.068717397017451	1.34359825375762	55
0.037572671956272	0.735102145466552	55
-0.023019447525285	0.929797976299849	55
0.047981543583867	0.563081514855085	55
-0.020165274442394	0.839051998250778	55
-0.029601173420616	0.69129368095875	55
-0.016548418942548	0.610762084532545	55
0.08550581864205	0.217211109629425	55
0.113504222090299	0.282950999467373	55
-0.015798052487308	0.750358306393356	55
-0.123391366314537	0.17671526706182	339
0.11241409843084	0.062094639073253	8
-0.02293941405153	0.210002876663935	8
-0.017295440231737	0.209996120963649	44
0.089044390398801	0.1761225062626	8
-0.086774848521566	0.277875821234758	187
-0.109255847810822	0.954178871914898	187
0.107596874564009	0.226828094101456	187
-0.050107617607353	0.617894994643165	187
-0.047802364961964	0.608912398559799	187
-0.017427530545388	0.328731459296529	187
-0.0619330785775	0.204624895850834	187
-0.059966588589655	0.599533961213283	64
-0.111258390826017	0.595912919425035	64
-0.035994312080435	0.0977392623574023	187
-0.12261836511818	0.546381673567915	187
-0.035349246851754	0.429298172153159	187
0.101597059983884	0.126900317492173	34
0.032083804762895	0.354930242893438	277
0.12412983369174	0.0971908562102353	277
-0.010526236206082	0.262605495914392	277
-0.06685658134853	0.42515596318102	277
0.068236115140386	0.263279200094644	34
-0.102666052525414	0.496747011190981	69
0.028954276653134	0.233264086037548	28
0.070596720735508	0.236817337701283	28
0.036783903643618	0.260259919268733	28
-0.010371186935795	0.374363342429874	69
-0.029952511544201	0.332448009456928	69
-0.046022849747884	0.4466976999519	69
-0.088712533465761	0.614396839749101	69
0.019863003252222	0.291309103124193	69
0.078248728972868	0.213270625692255	69
-0.112053316901845	0.58319125419337	69
0.117175745468991	0.195671887928062	69
0.071358750730588	0.258145069246914	69
0.080562410483444	0.221679599799202	4
-0.006374340120327	0.323666609807395	21
0.109648385803424	0.176632913111001	21
0.054440546440127	0.253798740684495	21
-0.053345874431165	0.554314751791963	21
0.078823153464281	0.229314256672555	21
0.014787232642748	0.325015389166284	21
0.055085494914834	0.15665469008312	21
0.094210805131445	0.211977397917204	168
-0.00494916710764898	0.347519230734912	168
0.042964694731828	0.250807353065012	168
-0.121231214320861	0.394415009501982	168
0.009146551712608	0.1924730255243	168
0.00154250918409399	0.305275420602385	168
-0.048867789141309	0.462990877377531	168
0.083506488814189	0.180703832720856	1
-0.118164737943305	0.364796700244374	1
0.122089273824226	0.110542508726699	21
0.10725277555078	0.167910968877843	85
0.077394728419769	0.158627412793664	85
-0.038619439445997	0.290882586252379	15
-0.084248085587408	0.312899805827328	15
0.122961634985108	0.110491815760987	15
0.07209946577074	0.149100482106458	15
0.021280287318103	0.258983696072931	15
0.089737292210795	0.176607474591523	15
-0.107190291320966	0.38049376434442	15
0.045572991286864	0.231680228526581	15
-0.029128343046457	0.093039767977016	58
-0.032509860274127	0.0977274106413426	15
-0.031801887438265	0.0962529188425944	15
0.114358079194341	0.128769754030096	15
0.100436218355921	0.150733721433661	15
0.094355686460691	0.722085172737944	55
0.024933520248904	1.13219280754482	55
-0.114774688676156	2.16267627745553	55
0.059631604964531	0.715648907589596	55
-0.00808319053842399	0.948421690238611	55
0.103108382409444	0.412432003040792	55
-0.00277815289307798	0.715888548136433	55
-0.099521184971986	0.924268257267653	55
0.109052777060932	0.24434582428655	55
-0.098825496217118	0.9265437471691	55
0.07290000265917	0.449096708734222	55
-0.030198352150954	0.81661238994762	55
0.124591896333813	0.228268301018337	55
0.06787729679005	0.290011020067599	55
-0.035289005191559	0.0990514042007715	8
0.113972921916045	0.0618658214293252	8
-0.073740828211846	0.502767810599764	44
-0.037643636019726	0.406745194778996	44
-0.01237696964092	0.204738208616312	44
0.001399605065208	0.29567749921265	8
0.035766216952706	0.194828326308394	8
0.006922622010022	0.214304582888458	187
0.013012945180452	0.314362542258644	187
0.047982319974897	0.460864030827894	187
-0.035092972549184	0.618562734225418	187
0.083618993030132	0.306427751853561	187
0.065775606606194	0.348086133961008	187
-0.043052752583155	0.648033669973563	187
0.033762751216872	0.433721239224902	187
0.095246182854523	0.146901726862764	187
-0.033962489183858	0.610289770634052	187
0.069146228080959	0.363153796849384	64
-0.017801103585857	0.562392508332047	64
-0.012304079134155	0.310009913026583	187
0.041345303234099	0.151010367780429	187
0.031111774316281	0.275893285281446	187
-0.089295746614951	0.279229575171052	187
0.081854130269734	0.0718526699583793	187
-0.07582058779548	0.217941343847002	187
0.037311414759306	0.329800087132351	187
0.094815374937671	0.237009661808795	187
-0.084895026436948	0.566292042524394	277
0.055215492153254	0.315203297748819	277
-0.012767402658655	0.418374472881705	277
0.050806912724963	0.176977510281372	277
-0.084400898151078	0.526321844619587	277
-0.112824391811196	0.597087278333335	277
0.087922532173277	0.217526068865941	69
-0.01691550608179	0.209404435625013	69
-0.119368000360597	0.549812292798134	69
0.020157997221585	0.239058113569735	69
-0.033222639591259	0.314884466231962	69
0.040900701497648	0.0786290047604198	69
0.029202707218629	0.084356336466843	69
0.113311778838537	0.0888004761431438	28
-0.041322165377201	0.34204899935975	28
0.039746075462362	0.336302211714491	69
0.121922789900051	0.169413218048619	69
0.009366993526113	0.398851115460487	69
-0.106951591559507	0.667955177449799	69
-0.08081697744594	0.649837414174479	69
0.046957467081048	0.301136204235347	69
-0.038021265390009	0.392964723205805	69
0.050307961713458	0.263686851423704	69
-0.043113422021485	0.395545395205646	69
0.053963120656729	0.308945980527872	69
0.022509192729522	0.35856339902721	69
0.074893212305061	0.230014093709492	4
-0.04377995330422	0.46812104363229	4
0.044373823180742	0.315209796266482	4
-0.015038384094025	0.411623416512143	4
0.01446864022523	0.354277827088263	21
-0.102312594345688	0.456357389405808	21
-0.030971370881194	0.464923776140066	21
0.01915974394976	0.410812168466892	21
0.062679680531477	0.318776157926636	21
-0.042450130993657	0.397923708405008	168
0.048589059541383	0.287759622331866	168
-0.057225595660385	0.254481743832571	168
-0.057912782978463	0.290369487645819	134
-0.011006343659004	0.350140336906611	168
-0.013145086126386	0.392227919462614	1
-0.035635497297224	0.435259803771872	1
0.079457376632288	0.230693993872199	1
-0.09351696141054	0.531941683903133	1
-0.114179458457916	0.535215857263092	1
-0.049153380298138	0.369636763284272	1
0.077525640678782	0.185146712076554	1
-0.022880110029122	0.33351358227063	21
-0.03948165344193	0.343392102284916	21
-0.12150393679217	0.475535554123804	85
-0.095891815480635	0.510195429674614	85
-0.003537432951838	0.298525486513525	85
0.062435657034753	0.227127428852293	85
0.050958620723062	0.199688106556345	85
0.023245116737084	0.215000335826595	15
0.034134471768168	0.277872725558584	15
-0.071666222424531	0.418132043014543	15
0.018993257054258	0.281125697734772	1
0.062892002580193	0.197163979070585	15
-0.012039257514976	0.20457974889596	15
-0.078012441438105	0.471948991088131	15
0.086756330939465	0.0669780141927921	58
-0.085668829503598	0.167553821212557	58
-0.037905096126148	0.0995921576628302	15
-0.060249209640438	0.292097680598279	15
-0.06228788256165	0.262361462389054	15
0.035519401212721	0.083256115922965	15
0.008675166482952	0.351634780861395	15
-0.042027327706054	0.158871382665928	1
0.072787063520502	0.805489539228317	55
0.103080098537818	0.453438070725574	55
0.116453316144466	0.45502107560808	55
0.065039681181475	0.676764754468769	55
0.064387267410961	0.543705026450709	55
-0.0769140787717	0.878157647283529	55
-0.014797262863857	0.506477740160874	55
-0.0770963276512	0.866473251666411	55
-0.025466787021404	0.153737872037373	55
0.071187300131269	0.0962565377880962	221
0.038217539561534	0.243871188073091	44
-0.090183199135435	0.379264654054873	8
0.043574459184215	0.203612820984612	8
0.111332040105275	0.0903262222220005	187
0.017218305043633	0.433596487682397	187
0.031236266317775	0.448947306566033	187
-0.01897355600288	0.538770247468611	187
-0.041536009442763	0.59533070035402	187
0.044558831318296	0.35072571690738	187
-0.013692938546334	0.541205142546104	187
-0.075962905517839	0.68838780955941	187
0.000916768429510995	0.378688544376821	187
-0.081870285064337	0.546978081842081	187
-0.075879135343504	0.674090535515312	187
0.037603596438124	0.400340979324018	64
0.00903037384764699	0.426008860015756	64
-0.045213520178339	0.491747008765049	64
0.015925499922707	0.370126025519086	64
0.109994327065441	0.134323555439084	187
0.001969057124002	0.351538333542589	187
0.040161478427073	0.127558266354846	187
-0.079872596271811	0.534050359429773	187
0.097355409408393	0.235907499487086	187
0.056498016594349	0.282330309528915	187
-0.00609904302339198	0.391207684994089	277
0.010820819902841	0.397248818767938	34
0.050194445523745	0.228925447154756	69
-0.095081932676288	0.48115863646182	69
0.008646503493247	0.138822557660874	69
0.089203513493648	0.218767092532225	69
0.10407066856281	0.207852512187905	69
-0.086083282099372	0.593124053132128	69
-0.110614118063043	0.688362675583269	69
0.107967661770902	0.218285680344722	69
0.08327168005814	0.259612558570429	69
0.101028482415111	0.221966810705004	4
0.051103326320159	0.274078201153385	4
-0.017091241460583	0.474937134973409	21
0.074844516546251	0.263746732908117	21
-0.098518096758383	0.679846289572537	21
0.058065812486137	0.237164590666367	168
0.055265566176385	0.268199420706593	168
-0.10817275894147	0.624682107490364	168
-0.059963924561752	0.463723661037998	168
-0.008600873414563	0.342750653264241	1
-0.103523425814216	0.47452948766074	1
0.070725591296646	0.215867140077399	1
0.037859600154668	0.171353686539212	1
0.105954088425283	0.0924160903965036	1
-0.04284099701795	0.344156611720547	85
-0.083079075219923	0.311208529976499	85
0.101845163553111	0.112638701679645	15
-0.101601765038853	0.44192019059384	15
-0.029370445051152	0.296275582098861	15
-0.055972884675533	0.331974916525958	15
-0.090739583265919	0.507940509464414	15
-0.059127153191418	0.355561050227109	15
0.064138563815012	1.070972797897	55
0.071119069213568	0.811749340117521	55
0.0547824554973	0.762791833647575	55
0.041328414842442	0.816110535172754	55
0.109222443164857	0.39642699578692	55
-0.060258592097325	0.899051164895777	55
-0.00916317285234203	0.198909686627162	339
-0.027250632205617	0.191745763226095	221
0.083082694615363	0.0712804521757404	339
-0.03596357285004	0.152930344168996	8
-0.021383223994845	0.147709885171511	44
0.069196200607249	0.132724044371264	44
0.008862336809698	0.373292914174972	44
-0.032806309419682	0.413777990239182	187
-0.035641809921	0.615624429652893	187
0.00794872569123301	0.508903816434831	187
0.050768349076351	0.382235372460848	187
-0.036065324558789	0.485338591127714	187
0.037668758551556	0.40163162153319	187
0.109517862535599	0.122360859953503	187
0.057880562201917	0.267301500686634	64
0.032953403851636	0.380220636739339	64
0.124723578316183	0.195095823045659	64
0.055843453787431	0.302413551505782	64
-0.109973299127963	0.534938823427805	187
0.068985384539489	0.132272011868954	187
-0.07873050172389	0.490361462608211	277
0.079406151352466	0.24101049953463	277
-0.056716741092771	0.50376313487455	277
-0.045379542187942	0.452753740264053	277
0.085541760204733	0.176452542271854	277
0.10545174367382	0.144636229834658	34
-0.035952185428233	0.330402528321868	34
0.022218666646918	0.361602518366862	34
-0.062970437087553	0.381006706894946	69
0.123228968543613	0.11630077770945	69
-0.069334979078792	0.214804410426623	69
-0.11150047346798	0.229872151616055	69
0.110298971590652	0.0880870853586774	69
0.045152017199146	0.218476827737415	69
-0.055013864525601	0.414423154947734	69
0.11375132960838	0.167906350178031	69
-0.041145381138329	0.414051441896204	69
0.086671068017294	0.162232543140448	69
-0.054749152149113	0.510271733984967	69
-0.031817965951521	0.460473607525646	69
0.041781691327071	0.292103913860837	69
0.024171057945654	0.318395853940242	69
0.061248150978539	0.297665734650098	69
0.048471035193476	0.231097508407612	69
-0.089850748304393	0.426280558571865	69
0.079839164315587	0.243827658398587	69
-0.086744255627271	0.58292256932164	69
0.082597073939953	0.257363783262514	69
-0.021915610672013	0.409552673418565	4
0.056330761576945	0.273704655639154	4
-0.017936170731674	0.315242407210483	21
-0.068053796020933	0.4555737878475	21
0.062877339995913	0.242477681975487	21
0.020501763785744	0.31074159872756	21
0.036745486761562	0.292869570181557	21
-0.113369495297539	0.705882726096193	21
-0.054811213364053	0.485258526115881	21
0.118110033509456	0.198474973394966	21
-0.040613840166246	0.482766090911504	21
-0.118547014097827	0.54791725928785	168
-0.044381611190311	0.440030362129728	168
-0.089676982071771	0.371000299166027	168
0.012494500305851	0.164056648911997	168
-0.122241348424648	0.505590173126471	168
0.089814838111632	0.189895392583192	168
0.124458846414793	0.151097198593426	1
-0.029134898124262	0.388127454464391	1
0.055559321800611	0.223355338580603	1
-0.113993947979296	0.389812948217465	1
0.101512516522659	0.13852597215643	1
-0.038713983359758	0.347460175221211	85
0.017930323997418	0.24261295480479	85
-0.047026948827113	0.301575144950006	85
0.094563857819209	0.144801181074106	15
0.068528245293045	0.181988260128172	1
-0.090201832635078	0.374934447927297	15
0.056263129769537	0.116048201559998	15
-0.061892742940183	0.196612244255646	15
-0.063003643351521	0.20754258623701	15
-0.073018589025873	0.296538844455209	15
0.00524502506522501	0.317663274182859	15
0.105163166989539	0.0663418277142299	1
0.055552289256004	1.04494774663624	55
0.07484144126213	0.71256895559695	55
0.11907006174108	0.479655191393654	55
0.048176695440924	0.698609219206219	55
-0.083810781225977	1.18727911703904	55
0.099805869416384	0.333503445918065	55
-0.033412960406371	0.818843914095817	55
0.111578193970941	0.216234306239329	55
0.010878007434754	0.139719012090796	339
-0.03468800085055	0.0959014939419992	339
-0.02255548477421	0.149710686096254	339
0.01732234182432	0.258192316778307	44
0.104262576624744	0.198299211925404	187
0.097619679357678	0.294691520806889	187
0.060312229431211	0.372958094281481	187
0.017763006406589	0.484584056314226	187
0.117527386955227	0.223551526371177	187
-0.113564142350614	0.829458949796711	187
0.10182894642411	0.161154639068822	187
-0.010696215622261	0.378962011787276	64
-0.063611749412861	0.564180083803587	64
0.009470057781716	0.252938725394412	187
-0.119370940236192	0.515719888297771	187
0.00921300160906499	0.14097867228977	187
0.064830944245809	0.16921273357322	187
-0.072098024275484	0.386925132033603	187
-0.050264236069814	0.406405241528634	187
0.054673430607575	0.305777298946643	187
0.015451663641168	0.27438191291287	277
0.116730251699746	0.101309590136778	277
0.011141170029305	0.353006945118415	34
-0.033645587111894	0.371784202289894	69
0.033459694345629	0.0837825153802792	69
-0.015659956478887	0.40348173543562	69
0.087369217459451	0.242117194571232	69
-0.047090236377601	0.414930049537166	69
-0.108204718477277	0.372365832414625	69
-0.073155891602841	0.542832739770182	69
-0.052415715352876	0.5257738402093	69
-0.010197163104405	0.466883284208919	69
0.084539733553204	0.247258686393244	69
-0.00553758725827702	0.283365860253385	69
0.097201154677429	0.190883622724096	69
-0.024654554319634	0.468619841942629	69
0.035723588140169	0.366034063150149	69
-0.004191302836481	0.336938429869161	4
0.083362180122076	0.260931270865888	21
0.059370350788188	0.2773675048107	21
0.110726720596116	0.132633893846442	21
-0.00291801285416199	0.437585315533879	21
0.058452141413542	0.294549769192539	21
-0.064175317689078	0.595635118080529	21
-0.084051469551319	0.565614310127707	21
-0.052232288243998	0.526131339299113	21
-0.042577546770024	0.502637803630525	21
-0.074638065800156	0.685894505634357	21
0.01406657732364	0.343119130957739	168
0.034848924149858	0.302756780158863	168
-0.00422593031803797	0.364002698232391	1
-0.060912716963562	0.258517392248407	1
-0.117324468552998	0.238781620081117	1
-0.099367247114225	0.317768804865791	1
-0.052792592249899	0.371388032184015	1
0.113728589436746	0.160476503226927	85
-0.00691740909616201	0.364304906370206	85
0.075445890172332	0.205741070102032	85
0.085720164326084	0.177535509729699	85
-0.059442435453994	0.289864269251374	15
-0.006619930775567	0.317015628599439	15
0.120766126101223	0.133494201693417	15
0.020380650640451	0.306123307506904	15
-0.040170213439316	0.29109562823421	15
0.029174718896265	0.049733030742585	15
0.058698587278994	0.192442085327003	15
-0.109099433062746	0.527610414560006	15
-0.041495946052471	0.393549870733168	15
0.080295457063671	0.77060336070532	55
0.102766020210184	0.337488093393712	55
0.042640172308468	0.333589387874539	55
0.103508606472934	0.24501126594764	55
0.033070563261998	0.474530738712998	55
0.107262921859343	0.319845001512495	55
0.063132482373191	0.482814385780687	55
0.060893104082004	0.400188662425606	55
0.063624348490626	0.136813258995071	55
0.086370306637787	0.0680526958319564	339
0.082836699950225	0.157554382947205	44
-0.03133558469271	0.307513043826641	187
0.06305241005532	0.152042907419886	187
-0.017480766398291	0.497180511295974	187
0.042503897443088	0.253133882702492	187
-0.040200497278895	0.222783171509164	187
-0.02740613314531	0.509347976778761	64
0.067462084101661	0.132825938992276	64
0.056263129769537	0.116048201559998	187
-0.019991917173208	0.266650683250704	187
-0.010869212090189	0.252305261768974	187
0.117158039331255	0.204000418000359	277
-0.087697080812481	0.568347145382979	277
0.088837504137705	0.225592451360939	34
-0.028780413758936	0.365226120260851	65
0.033273939882281	0.244065993198173	137
-0.039710077936458	0.0981882479462536	69
0.032829411424565	0.206916031979133	69
0.082225086473995	0.176183146994572	69
-0.043867745254229	0.417363714644811	69
0.08165899700264	0.245324781013741	69
-0.00634153186986097	0.381191900471344	69
0.117120162701895	0.176050042846408	69
0.00815456787114099	0.40210511840225	69
-0.09590506798004	0.533938053368735	69
0.014651476689523	0.246254321497239	69
0.057624369743621	0.217946377017515	69
-0.105945223221128	0.769100270911873	69
0.030773060526593	0.352772098462227	4
-0.077330627942844	0.531702694428564	4
-0.086740447224549	0.552424824948944	4
0.085079485566777	0.232048240311698	4
-0.064723920482124	0.497016447652369	21
0.023083848160688	0.257854957240712	21
0.113190130401701	0.186810126326869	21
0.059921982489539	0.279412525448987	21
0.031975062899085	0.317499302422	21
-0.069402943696519	0.612516795036571	21
-0.022542375459221	0.379459641801849	21
0.078977800738052	0.158025590526652	21
-0.00210852647086401	0.323308241890972	21
0.089863006665598	0.202575659892762	21
-0.045546484073199	0.224823785512119	168
0.088214623120285	0.199166754858372	168
0.00561431021389899	0.393305601279195	168
0.11251390925034	0.178833990867231	1
-0.101830521653355	0.575945212491708	1
0.034092144073111	0.22444027025121	1
-0.016749882746402	0.179209257396591	1
-0.016840846779524	0.309691881635229	85
-0.082836915430901	0.304666360952426	1
0.110260824716805	0.133270760696494	1
0.052921438485888	0.178779902154725	15
-0.035671377249533	0.338894515738577	15
0.116682024960125	0.114498071635428	15
0.088062476084666	0.202385727509435	58
0.042711851719441	0.127097429640181	15
0.115174058176236	0.0608963714886086	15
0.105164114053918	0.0660011886415261	15
0.084741202953158	0.0687222881556607	1
0.068254214392505	0.126168600573588	1
-0.00945849777067897	0.28412781746972	15
-0.036733643873045	0.379961549634997	15
-0.00813168100429601	0.282589604426832	15
0.039257581109915	0.127706866001994	1
0.099334201872412	1.04809334384294	55
-0.005434140412516	0.873819714716104	55
0.074278942764763	0.370390226853157	55
0.030136873992622	0.528075698313403	55
0.091451949182894	0.374931855981757	55
0.029438708966574	0.497177617087809	55
0.03262892551194	0.341704771474331	55
-0.032543787825138	0.239130092614491	221
0.089382736663903	0.0625321956387086	339
-0.034588639468982	0.196543352994895	339
0.017255237003125	0.228784144610474	44
0.111513078086715	0.132292193060032	44
0.056422147457288	0.178750576044028	8
-0.058096750362105	0.472572008402567	187
0.107468141166303	0.258441063620437	187
0.104805482157289	0.251563737818561	187
-0.066411027316125	0.7052366668954	187
0.105319157307855	0.21338877322709	64
0.104395568176095	0.231940771619848	64
-0.045166544518182	0.591385318754934	64
-0.063288775804206	0.619292344325076	64
0.00012874001225599	0.361179819081323	64
-0.024727783104594	0.399065610302175	64
0.016581885751589	0.300694737873064	64
0.028639048864767	0.190657968397523	64
0.044540582369093	0.125370081021161	187
0.108172611252128	0.0923970037352532	187
0.038937299000378	0.320573009022529	187
-0.004192369964027	0.350156816251372	187
0.064266585971334	0.269441164676343	277
0.094082658123046	0.145795329609112	34
0.122760648259239	0.17162457032171	34
-0.077347853944061	0.471685914430143	65
-0.093577223472635	0.558849945056151	65
0.093571686717468	0.168649317289734	65
0.106856120640064	0.0660413510878714	69
-0.031218242346526	0.158529846054485	69
0.00586643902433601	0.169250315303852	69
0.1091145246011	0.196459281208217	69
0.00202880170582001	0.273902065590802	69
-0.026265103644101	0.348410947390865	69
0.077386050960883	0.230639640954258	69
0.00475670253928601	0.391573726006128	69
-0.068803478963815	0.60081179716954	4
0.00500844029601899	0.385252158878277	4
0.056982965877592	0.252468944321806	4
-0.098353252792933	0.595153741229265	21
0.042448153354085	0.298472802267739	21
-0.091373318743861	0.64456099522205	21
-0.087202336248724	0.51711379323797	21
0.070687069890374	0.224953615363083	21
-0.016056522397748	0.232680823532391	168
0.00103694631050799	0.141605881583188	168
0.00293418798037201	0.194746721652245	168
-0.067458169685502	0.436167603911885	168
0.026691422347761	0.297340887459253	168
0.050611805751397	0.279834887685701	168
0.1111919985202	0.164774344960891	1
-0.005560667149555	0.356483043877784	1
-0.021556802457628	0.326345569774859	1
-0.064046322871288	0.445570461197243	1
0.032254696612759	0.231399455512075	1
-0.078719037588647	0.392372321191926	1
0.123105426347515	0.136930479499057	1
0.078080582239658	0.158974856009846	1
0.00316733906317801	0.298138036775573	15
0.042964990191738	0.254319423131005	15
0.104883077111839	0.137265243604174	15
-0.045639172344212	0.317611899723396	15
-0.084461311736544	0.710193234184291	55
0.063024751429048	0.419644010376473	55
-0.037525087947559	0.821200711177605	55
0.073160098030788	0.439573795934168	55
0.101917172895516	0.365292860564519	55
-0.112469394143226	1.05255061156769	55
-0.110163580609341	0.764632288842399	55
0.047128879299445	0.142137426258554	221
0.048981791415999	0.121990792819203	221
-0.061405367331934	0.258564879452245	221
0.121296138196045	0.0607209962847052	44
0.109231661760228	0.0907729531935758	339
-0.038876404438766	0.38197128209293	44
-0.035778290410726	0.487886263458882	44
0.065484447904262	0.148798088637012	44
0.059050816701508	0.203707755124817	8
-0.110282388212304	0.32619213754649	187
-0.074893438978202	0.723165791743026	187
0.11405913385431	0.217790961898839	187
0.121494907890284	0.205235391026348	8
-0.048665381936101	0.654875430574824	8
0.103085658308076	0.254644517287656	187
0.045390281702025	0.337282803717787	187
-0.017296155060959	0.416203160351631	187
-0.013329557586061	0.276807285303927	187
-0.038725860030315	0.197564007688785	187
0.019111027902097	0.182695343374688	187
-0.077831024082663	0.550153791214721	187
0.03796825562584	0.37148185690945	64
0.058867376951685	0.290935023587858	64
0.010557386033128	0.185103499692954	64
0.00967123060951	0.140979701794473	187
-0.002751706820174	0.331664630741165	187
0.077237404426859	0.201575579880848	187
0.121656907628006	0.188923615494095	277
0.069904691983743	0.204111924547713	34
-0.010648828100877	0.360816424516518	34
0.119637997793655	0.146289246511957	69
-0.037660803164518	0.249310550002151	69
0.073797779712097	0.0750738144338837	69
-0.039284831010442	0.158250508914103	69
0.123439772793951	0.131301193115827	69
0.072234137947613	0.251835800330184	69
0.103659194476923	0.222508093447087	69
0.019057993494719	0.360210065175052	69
-0.042199662897397	0.393698438856137	69
-0.114684555438777	0.61713373212549	4
0.00252426929219099	0.313823517000907	4
-0.057819414232092	0.550780288385989	4
0.066699736858226	0.299066032742832	21
0.022323901796667	0.345413370671799	21
0.05135481668901	0.161801084560355	21
0.00293787881228999	0.144030436563238	168
0.083826118867296	0.225802984922302	1
-0.078391308972644	0.466751028369277	1
-0.092147188784372	0.508151092891473	1
-0.016157132132946	0.342375129540881	1
-0.065715356222696	0.388521756913897	1
-0.087637382233613	0.408856380948257	1
0.118010681809097	0.133270938862866	1
0.091689613363023	0.203940989968761	1
0.016240574731887	0.206676194712203	1
-0.086677889636646	0.34937757980744	15
-0.100813674936768	0.476092739836417	15
-0.114276644080298	0.387989206569564	15
0.123579753445464	0.106957978627105	15
-0.089688069137797	0.254128762958787	15
-0.030921969374355	0.157227655667437	15
0.031416556691912	0.0847003872064081	15
-0.025803527297533	0.0905420149844033	1
-0.069655103415565	0.269236383851713	15
0.028854877127747	0.084925173755538	15
0.063413040572412	0.200302231431189	1
-0.101712151229609	1.49098626355597	55
0.090071052003777	0.37055383806978	55
-0.056769820601933	0.853555858131784	55
-0.083362258634619	0.883890779497202	55
0.005689440482915	0.562864739525515	55
0.104555896383563	0.327442131322711	55
0.1234122493345	0.268079112982704	55
0.05259491667777	0.384279512916716	55
-0.00680083995643299	0.220079383938166	221
-0.010316799833033	0.283575825596493	221
0.03691221350208	0.1910170038902	221
0.0056105274129	0.144042196417069	44
0.029058210253765	0.390911085156282	44
-0.100243799282058	0.340259250965299	44
0.094583491751222	0.216193451553639	8
-0.073865592272085	0.646789582878741	8
-0.062915223309421	0.547210845626835	187
0.109310881092701	0.200231703328197	8
-0.116260890555058	0.599233886443843	8
0.08533527120945	0.2659617273252	8
-0.044857263909453	0.477287857313996	187
-0.052581920643588	0.578525137880294	187
0.110572289135538	0.167453503408129	187
-0.106786799794348	0.331081427585717	187
0.071472843270319	0.19113554929073	187
0.095519487547623	0.235561976475066	187
-0.031010858572182	0.457955135589114	64
-0.00127437227903798	0.409911969938456	64
0.002520667223495	0.37240447296046	64
-0.019545889617196	0.369867273967325	64
-0.00829663415934301	0.345321884151693	64
-0.018792112623791	0.417474474306442	187
0.021787459475891	0.325313795456834	187
-0.065265436734854	0.369448841558513	65
-0.022470233628453	0.411394545638943	65
0.049904049130427	0.265741744812519	69
-0.049384891228365	0.388309498916047	69
0.073401406345216	0.0750365562215552	167
0.000743370336649007	0.281598004237469	69
0.093079278750185	0.180120742463596	69
0.029257299908263	0.285273503473239	69
-0.000280833851377005	0.383027827085757	69
-0.115702582345088	0.573200390391634	69
0.000424386843730001	0.328514432758493	69
-0.067096651268842	0.405327596731579	69
-0.107788984802456	0.736575993710745	69
0.094954342263058	0.183232772855342	69
-0.105095649989466	0.545404324041083	69
-0.068568085788809	0.469355565924957	4
0.07095599157634	0.247816090039182	4
0.00653321996685399	0.315133510645837	4
-0.066387720728035	0.415620766704877	4
0.031048905951787	0.264586915848871	21
-0.105530993643968	0.526929054362216	21
0.00232367336441	0.328733441405237	21
-0.012509578578221	0.341258812059738	21
-0.027869994311405	0.319532470013908	168
0.024625374833848	0.29026887849892	168
-0.06916717997536	0.370337606823856	168
0.098710470172268	0.110565899277465	168
0.116292572361736	0.1400001381014	168
-0.051334571556858	0.366164516954539	1
0.066211272111847	0.16901981547451	1
-0.086333360749291	0.327861942372317	1
0.035955600379474	0.212303599653939	1
0.064114729583559	0.215913791380082	1
-0.117161792557674	0.440790610406077	1
-0.051608515977457	0.252968524842866	1
0.052819879751416	0.233538463278889	1
0.010539529361301	0.20859828725745	15
-0.012388946763053	0.277622891143592	15
-0.093884525195671	0.371100907300946	15
0.111260773523253	0.0902418224640773	15
-0.049270065878323	0.227622463952087	15
-0.083246347874148	0.219269402878424	1
0.073797779712097	0.0750738144338837	15
0.097015614252276	0.150714447417319	15
0.084153043517214	0.13624521665201	1
0.042300342495756	0.745897982257723	55
-0.057946357302149	1.26943505342059	55
-0.086135641954496	1.28443924110696	55
0.086702253626216	0.314272741410991	55
0.068211580882666	0.364231115152242	55
0.107217854046211	0.316413129294459	55
0.105439090776696	0.293011335247579	55
0.067412133936018	0.284584026786742	55
0.043665773924529	0.126660163153697	55
-0.048560701701894	0.274149319390538	221
-0.087064443034171	0.17050016625772	221
0.072566054594021	0.0754884620664148	44
0.00789472465267599	0.171153839656659	44
0.052969665041863	0.162333048143979	8
-0.115410948069593	0.438534745437887	8
0.073066022656968	0.302296529108641	187
-0.031662312583049	0.590207322782213	187
0.016932193904123	0.424921278479369	8
-0.062386627459236	0.692811964306781	8
-0.091724521304057	0.742492912859963	8
0.105993598972432	0.233925229894396	187
-0.019761825369581	0.528989932535173	187
0.076235226594673	0.158674589736478	187
-0.060846283228134	0.237639997839284	187
-0.022038967473118	0.417545181977185	187
0.071233517703488	0.266650772190596	187
0.08742494495306	0.271694763348662	187
0.050231510371642	0.342011506025058	187
0.061844742062921	0.313766715544807	64
-0.00552727794701802	0.364683023277173	64
0.03301519015667	0.266321745668084	64
0.117982462308255	0.127806271499538	64
0.028669478662424	0.232200698278671	64
-0.033450712419535	0.243033152539245	64
-0.043879704609389	0.318066278492132	187
0.106530618324443	0.170511507831093	187
0.090393186436156	0.19973063562351	65
-0.011575170073959	0.202371548373559	137
-0.03793952991743	0.158345419697076	167
0.041989685755699	0.143166469572461	69
0.117070008107213	0.147373512789864	69
0.097274690807287	0.20400208092189	69
0.060224827510001	0.283159499121537	69
0.053481064833421	0.318375291809532	69
0.060237403746371	0.280317547283212	69
-0.036933460339397	0.315736795177003	69
-0.032048658654396	0.390641386026271	69
0.076978172867622	0.246774243218069	4
0.093330666669936	0.222463940985135	4
-0.048887600461878	0.456778640430338	4
-0.109795125437226	0.49400435755517	1
0.026805875986249	0.315693079140119	4
-0.120311735791202	0.551024531637879	21
0.077655839605279	0.262245588082398	21
0.028781813012833	0.340580723621785	21
0.099323888504662	0.222158766317373	21
0.100230264705249	0.217891968812641	21
0.076177191898683	0.145004707631331	21
-0.00218899203626	0.299767334426836	21
0.085199811182311	0.238837718703534	168
-0.03861033258526	0.0982805216693801	168
0.029898938849404	0.319928948455494	168
0.093753681844887	0.208904960404793	168
-0.113747625267347	0.478383622047181	1
0.025624958636396	0.234539599916044	1
0.086979401438015	0.101467999486037	1
0.022725369765845	0.236091648053796	1
0.041340440314185	0.128180552782124	1
0.119673779141043	0.0591515674651173	1
0.041168675587253	0.19077994589766	1
0.07509778743059	0.164952161926533	1
0.00435653059850799	0.314184168664366	15
0.100465338030684	0.153040644841291	1
-0.077797618530757	0.378165901802836	1
0.037563408270264	0.0820367728949097	15
0.070697125114838	0.211490497520479	1
0.089618544398571	0.188917814024193	1
0.027106473629503	0.215596645268869	1
-0.086552597193883	2.16981439125893	55
0.010324186239593	0.644079185337492	55
-0.034011647956502	0.980497024996884	55
0.06605246535477	0.19425861943115	339
0.084982229142747	0.120845512214632	44
-0.015201892180068	0.348221051513357	44
-0.067184756304072	0.370653632144373	44
0.028607534366979	0.215484293492748	8
0.070727623584841	0.127883566660545	8
0.02470950938198	0.414502764556301	187
0.054540790330331	0.4232118332072	187
0.037487552967793	0.399295191859009	8
-0.002911406696953	0.524989009879524	8
0.044484848036748	0.348578830081268	8
-0.03480862909132	0.52932723424063	8
0.046863717145972	0.259856181839569	187
0.091302153407493	0.288187513328929	187
-0.120108932230561	0.500527602135008	187
-0.019914212947675	0.403254267499541	187
0.084293492982743	0.230059400831465	187
0.040638502135582	0.296261987744863	187
-0.093742683060945	0.836485697482488	64
-0.0435127276946	0.564276671572187	64
0.004244563392726	0.138851975945697	64
-0.082849125887629	0.438012127881575	187
-0.075650869232997	0.436474037350328	187
-0.024490393470112	0.44913700293797	187
-0.098871686645062	0.535560841819439	137
-0.034526114810487	0.0967718264326167	167
-0.036301911666311	0.15779929322986	167
0.051183798236814	0.162781657748375	69
0.099841963103571	0.191061117517176	69
-0.107850389072796	0.553987683245723	69
0.063559038474818	0.282248634480832	69
-0.053029118757717	0.469978176986194	69
-0.074812742371374	0.471310418894274	69
-0.024357758352214	0.424786014485283	4
0.000489500605216992	0.417712680523062	4
-0.115361222251524	0.618747373648254	4
0.041000104826228	0.295901738997097	4
0.086060664691923	0.166008619650174	21
-0.051299015358621	0.404392310500243	21
-0.030415955910726	0.487910236462304	21
-0.050220753866499	0.455697963551684	21
0.000667913891159999	0.345750603013085	168
-0.059583386409125	0.311218718988543	168
-0.041474752959689	0.430160725403199	168
0.000540028547020011	0.331611779190953	168
-0.035401606190065	0.409922205869674	168
0.003208758881143	0.359637296633457	1
-0.040371628720464	0.329985508684521	1
-0.068167374136612	0.162005483124856	1
0.124571963267698	0.121972611886999	1
0.10239090465321	0.140467295128058	15
-0.124405095905622	0.429373415825063	15
0.056243835115303	0.202816317351275	1
0.096684453039797	0.1567832234407	1
0.017502017282301	0.257816636632544	1
0.040815232665797	0.148754742081752	1
-0.036596483640043	0.0996994327156536	15
0.027918937915045	0.0858943372982852	15
-0.00754752165830402	0.247525068325595	1
0.04608936786399	1.25507826093698	55
-0.00000558590794602631	0.74868279130843	55
-0.114710136030815	1.44728695960339	55
-0.12079151674008	1.46416202613005	55
0.084635918463636	0.401751365739378	55
0.114665083898959	0.235038141281936	55
-0.017817578554019	0.178964673754138	55
-0.027562972084674	0.15524657127035	221
0.012106734136155	0.166912857089647	44
-0.003171525444496	0.334919080206115	44
0.041112959897159	0.169305761280618	44
0.080632348743208	0.189158953317758	8
0.097079669272419	0.145033087961066	8
0.037408613115167	0.21682533330537	8
-0.086836707732794	0.719027032050498	8
0.097198010050244	0.27865267267491	8
-0.047394556572563	0.424540582214347	187
0.073068738345644	0.306808440494753	187
0.000417781139995993	0.424503273343972	64
-0.025714528536572	0.452570079851336	64
0.047558713306591	0.121919104371257	64
-0.117436276977227	0.658919049819408	187
-0.090688679463829	0.358457382139925	34
-0.050003432210867	0.412979907737635	34
0.011089531890084	0.279928217137296	65
-0.086262649564335	0.408940448737297	65
0.079877768221309	0.201188519209383	65
-0.028292738566735	0.418729734448281	137
0.00666357517969501	0.246586742624746	137
0.102548310415324	0.153943046299941	65
0.089564990769932	0.119357300070687	133
-0.060701107308055	0.467094733745842	69
-0.037509896213957	0.439582015477252	69
-0.121192031049905	0.662988467098148	69
0.070562320665613	0.229062139255654	69
-0.048737406339356	0.465775793757884	69
-0.029749965485375	0.482660023875349	4
0.115632392091336	0.180627494883075	4
0.120192876055263	0.169936085894647	4
0.057931351715987	0.252521584086237	4
0.049223408113869	0.293067725352512	4
-0.122262378442532	0.659892932285868	4
0.065298447032976	0.172130315964702	21
-0.081349735964671	0.495484820783375	21
-0.036909778363538	0.431964352154247	21
-0.109370717513317	0.640179221154714	21
0.086711295850967	0.161229570362087	21
-0.02505941064288	0.405853917627089	168
0.10901821303928	0.0639472335095248	168
0.040746576735942	0.127132889335352	168
0.065019014992046	0.1525446393228	168
-0.090375306607747	0.493662682549231	168
0.07472391777843	0.235046106290339	168
0.041220357762782	0.285966313134352	168
-0.036733643873045	0.379961549634997	168
-0.081013974294086	0.452053320440496	1
0.020376622714214	0.275266435864491	13
0.087412254479626	0.152863518243393	13
0.118532086014146	0.112335341840208	13
0.027225445690749	0.253067449623322	1
-0.108455451952649	0.502052068420622	1
0.025922693813798	0.252498339033382	1
-0.109519805138701	0.400179134415121	1
-0.053963668673145	0.286813549712111	1
0.011072748082189	0.137070657239132	1
0.013965856814614	0.188830681135231	1
-0.089923904200541	0.423365735468549	1
-0.053893293406826	0.355891110401556	1
0.091003980469429	0.129059282490503	1
0.033726106697273	0.0831110708731226	1
-0.033818925770446	0.0976341348737312	1
-0.029949870545254	0.312015918007657	1
-0.082769942377984	0.254610200362175	1
0.091913216911627	0.864418837923602	55
0.039614132244771	1.06127638844733	55
0.076257100145708	0.401808296757473	55
0.0896375606581	0.395586014743015	55
0.078528803236647	0.373715139780771	55
0.086564024365408	0.458329041365024	55
0.059932047799076	0.335375540215731	55
-0.114534425685431	0.225867045006034	339
0.117188407026415	0.0994699672612975	339
0.073526461502928	0.0715387286931856	44
0.00820708754291399	0.138903414463936	44
-0.079745909670477	0.250488733224092	44
0.057849826887646	0.239048045393617	44
0.076195661610509	0.17671661717336	44
0.090546101482319	0.117711633647638	44
-0.095606618339956	0.373130409086435	8
0.036376727202444	0.226661974459626	8
0.072705515622414	0.193218120865741	8
-0.020766814312298	0.255023643725565	8
0.105045569798232	0.19242846772766	8
0.093513286348906	0.278093858610773	8
0.026481236583411	0.405498646283167	8
0.092122695848737	0.259473152238849	8
0.116710496039455	0.234163140399134	8
0.010279561773377	0.384359530519743	187
0.039844184960813	0.220030969259739	187
0.025914276551233	0.362653891191037	187
0.039330908367418	0.290578677949494	64
-0.080729375407996	0.413443521489956	64
-0.00822673915840399	0.367012478444226	187
-0.026354882104099	0.282820037937482	34
-0.110174357497999	0.45510593418069	34
-0.074228865299457	0.428959811725967	34
0.072774247311919	0.128009987281995	65
0.094938446571995	0.172746173956447	65
0.010263667024357	0.271796299383334	65
-0.097099722801212	0.441790125646537	65
-0.092257654797165	0.259454726238247	133
0.060046367273016	0.259430151388363	69
-0.020059663841633	0.424530333716462	69
-0.02398410118196	0.303211133006704	4
-0.054638315677894	0.47911796956844	4
0.011573634076345	0.367751373228853	4
0.102371121667332	0.184287596211936	4
-0.075857238571781	0.470308560636448	21
0.123231939578174	0.15226532789606	21
0.090580300708613	0.208601805971938	21
0.11151860181865	0.191297595772484	21
-0.06934914859493	0.58487952483955	21
-0.00488447626664401	0.397702698859904	21
-0.04416125300161	0.256159387473328	168
0.089807091000405	0.159836166446967	168
0.11931770746705	0.11465548348956	168
-0.067007834151633	0.351230941480742	168
0.02996941080732	0.0852035144895675	136
-0.000311006383954982	0.145166967585099	168
-0.021156944257592	0.382177840183472	168
0.108015777167288	0.178351226476652	168
-0.08318989373309	0.427254944861565	168
-0.00821704450470001	0.362684951745562	168
-0.058160597220462	0.384659711160767	13
-0.051052813932389	0.343895122061396	13
-0.00511849199451098	0.198339535475484	13
0.047852961120115	0.198293410667609	1
0.047018591175826	0.26039990932764	1
-0.024485248765041	0.303621888774245	1
0.040925299999907	0.22342476999805	1
0.087657572787909	0.166628716187616	1
0.113398351042255	0.0626483680974126	13
-0.061906200288144	0.351212056102784	1
0.020263310228321	0.252923499665714	1
0.017701540889075	0.180724300302561	1
-0.033955620647418	0.15811704415974	1
0.011341658188302	0.140493809758932	1
-0.0358904667375	0.0993119442028246	15
-0.032509860274127	0.0977274106413426	1
0.050961621295032	0.163377497384224	1
-0.067168564885218	0.323636238687066	1
-0.040718647972433	0.864982422656618	55
-0.023327947030541	0.867282545437402	55
0.112722980133732	0.322754634060098	55
-0.00839991649127198	0.901912853732806	55
0.117559878127153	0.100764784994005	44
0.03201801981154	0.25975354369258	44
-0.018693798606096	0.212768607332477	44
0.00638917823805299	0.236317368428078	44
0.006361199740339	0.252805344229114	8
0.112791487028751	0.215031819358424	8
0.067918528605246	0.336047058682251	8
0.003091577066449	0.490997359176522	8
0.099389390147076	0.248129589294198	8
-0.031710492312458	0.539261961236112	8
0.080257599631394	0.301351189745985	8
-0.104072916535198	0.49569120845263	187
0.056825255583837	0.281696861842344	187
0.08168603335609	0.106744709663062	187
0.022906469430156	0.418390301027736	64
-0.117832274594069	0.721533623066625	64
0.121983151967547	0.16688100592567	64
0.024892333726173	0.272433537822674	64
0.095461944060406	0.182050210771708	64
-0.113791601463672	0.231024353668594	187
-0.07248839028116	0.165866017507407	187
-0.028293462956615	0.156256545600763	187
-0.107301519465649	0.411884064332316	187
0.082674587899429	0.207648686784287	187
0.114682271353814	0.14042583079269	34
0.10584927085206	0.157894216014375	137
0.02502237690904	0.25285052062062	65
-0.080718142795484	0.172702166041636	167
-0.021975061622835	0.184855961368703	133
0.094836629063571	0.197488906118259	133
0.071164950159515	0.205241450679692	69
0.066474086808427	0.288043954120678	69
-0.020745679185736	0.45912336993613	69
0.116803587183731	0.193157417998803	4
-0.062602049685879	0.513552074775505	4
0.095524149707741	0.237129669428079	4
0.025552723286221	0.303215684389707	4
-0.018559434762793	0.310240155050814	21
0.078734392257361	0.238114233312915	1
-0.018111439825736	0.396708884086138	21
-0.00526192910851703	0.395463951032611	21
-0.076145414807926	0.605821242384901	21
0.036513466786379	0.187955582607596	168
0.053743339567275	0.248258682740336	168
0.12190721339825	0.155575987440315	168
-0.04625081093875	0.252406863426003	168
0.107004584618284	0.105487427910123	168
-0.040178089648496	0.443464383475906	168
0.097971882014586	0.209321449651533	168
-0.050460764550117	0.396691063712852	1
-0.124339779903601	0.511782852404972	1
0.069289945296479	0.178251061165549	13
0.050351774616179	0.19391382360104	13
0.103751925634815	0.160321930614129	1
0.018976310794465	0.22598116357814	13
0.112251016283833	0.089363330328744	15
-0.041730221960041	0.100451518403097	15
0.07630578879907	0.0720800660761759	15
0.110804110533264	0.0606886067866373	15
0.07856682317029	0.0726918508477949	1
-0.04143800891593	0.361047670160438	1
0.071639034814515	0.193918931155455	1
0.024744378985332	0.234270534950855	1
-0.067077505589901	0.207928880197012	1
0.096625864940925	0.837245379747508	55
0.026914153773625	0.674346154938642	55
0.015540473223838	0.840853543671704	55
-0.090979446423088	0.850684573532097	8
-0.111531372858386	0.296279523487308	44
0.111641383080797	0.132657790106838	44
-0.109014383672936	0.574795256603549	8
0.00495210944941701	0.449387960442536	8
-0.00633744844379103	0.503356092255451	8
0.099487368052884	0.243884389091559	8
0.064189564774616	0.18391002062914	187
0.00996590472921899	0.137601465349773	187
0.066930788998787	0.229791785576283	187
0.022561872170455	0.395923096118276	64
-0.071365999659496	0.502201112544618	64
0.089578131750584	0.212688109926525	64
-0.012399038918852	0.203565347582852	187
0.071851655249357	0.164332581561078	187
-0.060125975356898	0.423302656325068	187
-0.098097858727624	0.626155778306295	34
0.080608589053225	0.106100812443184	65
-0.070595725624981	0.371876863752079	65
0.122875081710832	0.154599048634987	65
0.011130919514472	0.168241811146671	65
-0.034582953160694	0.0986661766252041	167
-0.021261696587852	0.396918278041055	133
-0.00982353789739698	0.331613719207362	69
0.095931086607084	0.226125961340737	69
0.108287677339785	0.193541444303495	69
-0.020493645079099	0.391204694461984	4
0.08987050420577	0.263379138114872	4
0.055963925381665	0.288322469726888	4
0.047499145202738	0.299557930379428	1
0.00968320971381401	0.361118207459048	1
0.031943708113489	0.324162527795067	1
0.090944949633724	0.199671499552148	1
0.069071896219211	0.301111659058867	21
-0.015843509810978	0.431464371661065	21
0.022494197316355	0.380491001805635	21
0.053162873593032	0.159514155917528	168
0.029032739346908	0.197905755476524	168
0.063111852249522	0.283131467687052	168
0.009320414778614	0.30877938534695	168
0.019750639247195	0.207704268296381	168
0.059323151742755	0.167670563389628	168
0.1234982894122	0.0973014376696244	168
0.030252339451943	0.302147838651645	168
-0.025031095564749	0.451180231615315	168
-0.122706811934867	0.529980435679879	168
-0.06611609359363	0.45682437596428	168
0.028033233985412	0.287367556094306	168
0.062056963948291	0.200400984284436	13
-0.059077019419512	0.373464566315586	13
0.090584882457121	0.14763668287363	13
-0.041752834234692	0.315115216030393	13
0.073217643673344	0.109839400477317	13
-0.00807465388546003	0.247645299801111	1
-0.053834812589903	0.325638514888587	1
-0.0958380491225	0.3556413715467	1
0.074406473159397	0.186194551729473	1
-0.08328687498019	0.325749859886425	1
-0.030367756719763	0.153610417260878	15
-0.056816987714091	0.234318679491977	15
-0.066967605761443	0.163702162602763	15
0.120708505482202	0.0993467462616456	1
-0.041137748430911	0.221937706968392	15
-0.119610591584299	0.234027384736799	1
0.117351647394916	0.145812184159056	1
0.00254541621323701	0.143851686753067	1
0.089354209167168	0.182349283706644	44
0.08472271123353	0.167582526882214	44
0.082784901890553	0.151482083693465	44
0.103629943132416	0.14942211794305	8
0.114436524266547	0.0984734132119285	8
0.027596245408491	0.243805626573541	8
0.092186510006616	0.181106246911688	8
-0.080325535160619	0.304946170046878	8
0.077030495718557	0.268666446085486	8
0.046607119968446	0.336643147392993	8
0.016479767107183	0.40890542633192	8
0.10106178879601	0.204002699353047	187
0.047922334125886	0.304078073272182	64
-0.080385427717272	0.449826877873675	187
0.090181480756387	0.153899337837623	64
0.085311283785291	0.167053198513255	187
-0.026127034875095	0.367554166857647	187
0.063646536048506	0.182907268022285	187
0.081423601444998	0.208330322093473	187
-0.102023579350188	0.567393145497416	187
0.080719997243783	0.198170966705593	34
0.027025198782795	0.278179100375706	34
-0.113939298868557	0.364474984042985	34
-0.027986612319185	0.325326038635743	34
0.111042068112231	0.181984227618062	34
-0.091468749031646	0.518316074792482	65
0.065659901041668	0.199185744333853	65
0.049248879468896	0.120896458502586	167
0.023469053424462	0.309481586648174	69
-0.093839379332631	0.648864043526205	4
0.015039704908027	0.318709839435171	4
0.030647734136745	0.298923058951255	4
0.054420493948609	0.251408996565998	4
0.040659749406584	0.255361442458077	1
-0.046110651717383	0.435572093389192	1
-0.045837263036722	0.376206172136227	21
-0.08534514930343	0.486030704230096	21
0.050426830520595	0.180888334150633	168
-0.120189661743907	0.234886050333853	168
0.097915296980186	0.161480619645197	168
-0.047055181492714	0.360076993055187	168
0.00998475242452401	0.260014902855464	1
0.028250055551369	0.211872112452344	13
-0.058116820551058	0.261981662808225	13
-0.034422374545607	0.195131314882107	13
0.008641050668767	0.235923675340488	13
-0.03673666059161	0.266421442825372	13
0.104424000307125	0.137678191965158	13
0.064112529967477	0.154438427045589	13
-0.119825346142506	0.389391033565746	1
0.071707777493397	0.145491723985223	1
0.050939767819274	0.17787216677994	1
-0.106351616592582	0.433307469239357	1
0.002981610985585	0.252453291949033	1
0.031029784263146	0.214123288382284	1
0.026434262928067	0.182321779471011	1
0.015708869933996	0.187359688397714	1
0.057358595097933	0.11407291383896	1
0.029619561719629	0.0848535597133052	1
-0.102562958009681	0.41944004451828	1
-0.01257014505969	0.288365304437841	1
0.116744908424949	0.550858640599439	55
0.0638935852414	0.789800413686085	55
-0.041743073405539	0.225512213005392	339
-0.124354887871131	0.241293666072578	44
0.062695354659966	0.150662985736939	44
-0.087157575536969	0.570415525594785	44
-0.074720057702438	0.463045356927376	44
0.023399974094097	0.295900366227469	8
0.011006049339465	0.297345209650239	8
0.073351468260817	0.196522031039356	8
0.084194529269716	0.239946538019408	8
-0.00763471992527998	0.453734827841947	8
0.121876721235445	0.177518669398124	8
0.055058234232738	0.280501972188826	187
0.110333983068706	0.120889615605412	187
-0.096080421748537	0.571643803287577	187
0.08172558476209	0.270517807590125	64
-0.04318874471071	0.526935660365293	64
-0.00342424617341403	0.386632889118745	187
0.071427098669277	0.250006506902099	187
-0.117727765760415	0.488507199561558	187
0.014673942275413	0.241551569618567	187
-0.076875545360886	0.514757003227802	187
0.024022130506674	0.222874531670885	64
0.067409802876894	0.256734360752569	187
-0.031752578347131	0.390964787789832	34
0.051329504403019	0.263058025137381	34
-0.093272379293774	0.307579634685728	65
-0.114354641138687	0.5172438512921	65
0.047088407631166	0.231352874301482	65
0.120307366367169	0.156691909360325	65
0.058540355014844	0.157068142757606	65
0.00840735904080101	0.143215856947681	65
0.088426519946848	0.111837903534199	65
0.081023107891862	0.13942730025109	167
0.092245171909885	0.199981372490112	133
0.014371278880348	0.306960763848815	133
0.10480268345366	0.1656345877089	69
0.00138166978232701	0.297480529214911	69
-0.036780542526432	0.412083148618459	4
0.015336324928102	0.297933177720784	4
-0.03149795330698	0.392697133483813	4
-0.047124938266904	0.397008052799135	4
-0.00689809682335102	0.331460967260766	1
0.102634965950593	0.163094797263452	1
0.025225392760545	0.297007484215827	21
-0.068922197482661	0.42778710878735	21
-0.034335921931072	0.413001227676148	21
-0.104624669427386	0.503512962409928	21
0.013430434034827	0.278438145581987	168
0.103198200003518	0.175833508802165	168
-0.00673385235534502	0.279889175684201	168
0.077125609433855	0.202690003076825	168
0.089774615861728	0.160016456326553	168
-0.082337748703493	0.356960814741478	168
0.00852136365455999	0.23405519486804	168
-0.071247754883173	0.412130029903554	1
0.100806038501265	0.124093194747309	13
0.036881216491919	0.153232459304904	13
0.078320204889543	0.123314282498081	13
0.115573170939288	0.0855124880103498	13
0.116014670145515	0.110968148960352	13
0.035171381236598	0.23982261276815	13
0.053620232992551	0.193655340177991	13
-0.096383852086515	0.410780354737141	13
0.09744403535263	0.152346190016279	13
-0.085161294026766	0.25280267739449	1
-0.048198596866094	0.278075413229502	1
0.090982879927949	0.149320839711616	1
-0.022471821067869	0.235920323849287	1
0.10405261376626	0.146234815405227	1
-0.082903209136792	0.36082350674341	1
-0.037643563253995	0.271152461954543	1
-0.08476540325094	0.254555620126321	1
-0.01405984961523	0.20814977722202	15
-0.021619988822499	0.211800153254693	15
0.072566054594021	0.0754884620664148	15
-0.095202986355421	0.259818378791305	15
-0.061109762417855	0.374230220984744	1
-0.0000581550529329955	1.56599375661174	55
0.116242859819526	0.422660561218867	8
0.123929510082963	0.371746024101482	8
0.025347966676968	0.352460626134288	8
0.09920314520469	0.196058680467951	8
0.123717974193407	0.141188383323569	8
0.00345609109907899	0.347981193646636	8
0.06627441952229	0.206074842301992	339
0.075566144157047	0.284532252907879	44
0.085805322915776	0.258836033380854	44
0.053586223621932	0.283378963252913	44
-0.076096950814545	0.725327926525605	44
0.116979983960315	0.178815525722673	44
0.034512003538597	0.362266065610805	8
-0.00178846899517898	0.424651515209447	8
0.082727987299605	0.241414483370186	8
-0.109424576290471	0.683368925964818	8
-0.047742505420286	0.496246133800195	8
-0.062509292867326	0.495997746362823	8
0.10084883975327	0.191137514684515	187
0.00761598453861101	0.425878470201058	187
-0.116389198271036	0.664443628122718	187
0.059697294176985	0.269926410769482	64
0.073012960916616	0.277845207005155	64
0.062898351315061	0.319041996209002	64
-0.104873404431649	0.606492054746701	64
-0.085584604518548	0.581127781406687	64
0.109016012512535	0.176197947552386	64
0.076544255900413	0.234902001203064	187
0.0876387334552	0.230059522766363	187
-0.044150616220356	0.299341451255764	64
0.017724316351769	0.324746089770385	64
-0.109957032278891	0.660303655561876	187
0.068474297284735	0.25677390045603	187
0.057545227839428	0.233292272759252	34
0.093113967407645	0.208714122648383	34
0.101241524804772	0.186334960864511	34
-0.020876279354766	0.366237300718337	34
0.02429757713738	0.353988051875604	65
-0.047318720390825	0.390970368562072	65
-0.040772926036621	0.463220182434302	65
0.083805780643568	0.241664123623306	65
0.085351039994074	0.233949812818288	65
-0.102749589327468	0.295939300969109	167
-0.119868148101597	0.41989298187529	167
-0.116650358139523	0.479208856923432	65
0.092458968300593	0.172610918939624	133
0.051291895016962	0.238363376373865	69
0.090180315884167	0.181658537374953	69
0.00402852483737401	0.253430736924936	69
0.105272380153188	0.159001322430294	65
-0.049889825462485	0.368827473352031	4
0.100195193425556	0.175800693625299	4
-0.021971879568691	0.33896957536359	1
0.056551510052385	0.224169920421364	21
0.030403858480524	0.268546290547541	21
-0.024207214181371	0.303097130395746	21
0.091663058847174	0.185391429407635	21
-0.073104855400628	0.444704655801948	168
0.121868678762249	0.145282187394256	168
-0.042641304989482	0.426404562440819	168
0.108064859106247	0.171085788406716	168
0.028859438750088	0.22357275301912	168
0.050558841816563	0.223335732504093	168
-0.121704893936131	0.397029953482428	168
-0.036031030075285	0.237481432199927	13
0.046022186743333	0.184450565277813	13
-0.038196019796408	0.25910593742914	13
0.106556980154179	0.130287690848838	13
-0.09363086987244	0.371436119158783	13
0.038232404740724	0.200403232487001	1
0.092563708142544	0.133067535982519	1
0.069348220390108	0.178550590614316	1
-0.074592982307889	0.218016039447319	15
0.063208175176233	0.153499777937089	15
0.074627336644984	0.16398664829287	15
0.00774078864629901	0.141819057931174	1
-0.107984015981216	0.354949468991847	1
-0.056110311393459	0.313509617397669	1
0.065421567832662	0.251849551095182	44
-0.025566827796346	0.37436947982495	44
0.013395747767677	0.351641186661245	44
-0.106432374174153	0.568693155880523	44
0.086950225304908	0.241237351733821	44
0.069654179185583	0.280922779153359	44
-0.100711933834364	0.500670933773151	8
0.073086257121184	0.299554226568138	8
0.011030478394919	0.266366769087431	8
0.064069895467384	0.169375373052995	8
-0.072327686826507	0.434789236567488	187
0.026447648121626	0.202284303320151	187
0.03616464920651	0.204170415495052	187
-0.065324343124797	0.632952123214679	187
0.116564808537807	0.17505610373668	64
-0.065470009266131	0.334591153034487	64
-0.029591218594025	0.267119648337263	64
0.010131713955338	0.231318247183012	187
0.00949643495469199	0.284590992711355	187
-0.119448676320309	0.573291800490328	187
-0.070026273494751	0.479198253274843	187
-0.103903659986226	0.368128930756048	187
0.000372381405399996	0.262036127067067	187
0.104852957509654	0.124431739953243	34
-0.00470491964486203	0.386067121789942	34
0.04923091088763	0.196024135242116	34
-0.033248094036148	0.329365577217277	65
0.056997184904929	0.218878170732499	65
0.072396569050315	0.204628452906559	65
-0.036893816562109	0.336813466878798	65
0.076908675186427	0.200758238374033	65
0.032107854780624	0.177764792929448	65
0.124767614787085	0.165381684395571	33
-0.00787427092541698	0.271126269850428	4
0.025596866146769	0.182642821304068	4
-0.014965757653662	0.357315696559976	1
-0.001026930380013	0.21568408427713	1
-0.010318020788212	0.249383830008174	1
0.003610169420287	0.194840073626316	168
0.066877429618008	0.234713347322547	168
0.117192143150978	0.185970674827131	168
0.011902194302834	0.335830612635084	168
-0.1121514725716	0.565948673958762	168
0.041113416164817	0.315418527216699	168
-0.124990988257672	0.279047110659004	1
0.093494024622127	0.158848190180555	13
-0.030338373314428	0.332637183315405	13
-0.024025151251297	0.187311795330462	13
-0.016624913110509	0.312338693727245	1
-0.028619141384222	0.151498976482076	1
-0.039723606019564	0.222363200953303	1
0.01855851370793	0.183714311380091	15
-0.0911864159762	0.646656422381487	15
-0.106353554212859	0.345009190939104	15
0.025338803896354	0.235834672918675	1
-0.112270556252575	0.360832132645797	335
0.071344222753559	1.34469204544429	55
-0.0000430996917269999	0.828557406552161	8
0.087285994157744	0.186397676263743	8
0.024570149130364	0.269420334514803	339
0.074477948646733	0.206436526705635	44
0.111673928416822	0.162090612034764	44
-0.057179840702878	0.485771220631728	44
0.121626760236249	0.165986484935775	44
-0.011292785265364	0.366376812737847	44
0.00373951833432601	0.354002654531354	44
0.095330245596591	0.184336991252689	44
0.065248880641998	0.184336191195334	44
0.118557168320257	0.158573792312113	44
0.122014385431351	0.141594079934773	8
-0.095927659054522	0.442052338385811	8
0.039903074084157	0.292052400783974	64
0.113381379730592	0.176312389790026	64
-0.084864253882448	0.374123680028763	64
0.015223246011078	0.240948010172142	187
-0.083447343494569	0.401277156742329	187
0.065628587710205	0.216338680947539	187
-0.122485380673175	0.555244121516413	187
-0.063382051752404	0.31203447079938	64
0.104121050686464	0.125435479222632	64
0.083884246762729	0.179467212497463	187
0.084633083736974	0.17439583874756	187
0.055551429740031	0.178267490914914	187
0.016108494376233	0.220546821643662	34
-0.025105762971517	0.298203374750605	34
0.028449060938569	0.249853789151345	34
-0.040049510701694	0.298234132796153	65
0.061609472312238	0.169538524120574	65
0.031294449432649	0.269180235843502	65
-0.099441443362725	0.508507158289857	65
-0.084568345654777	0.336017777173203	167
0.062493448722017	0.171267396028114	65
-0.104803507176492	0.421490090613539	133
0.113665451031001	0.172161455757002	133
-0.12484300359568	0.427633965416573	65
0.112748781439808	0.103887422153089	65
0.056856865954084	0.155292683881605	65
0.122051767094413	0.122836675430799	4
0.068941807726024	0.161068084911714	1
-0.018248092430153	0.235942661707903	1
0.089706677965299	0.119319600777082	21
0.040279358668316	0.18995427467758	1
0.077473126527892	0.158324651196008	1
-0.059705122315128	0.339501408216245	168
-0.123878037264474	0.44057591313119	168
0.0321786693642	0.242418954487963	168
-0.018658433346105	0.280763347838622	168
0.006453555316565	0.268695428018009	168
-0.012418526269831	0.227516404580803	168
0.00948163625249801	0.193257443197917	168
-0.045361338011373	0.226130909524444	168
0.087887001373428	0.137205338975716	13
0.035767930100345	0.171776637206242	13
0.051546178063708	0.164133144193433	13
0.115002690277573	0.100512495776619	13
0.044803594247632	0.187128358461124	13
0.083480000844482	0.153808990144205	13
-0.047026948827113	0.301575144950006	16
-0.12499310903434	0.276617129682623	1
0.038857593454578	0.192827389711979	15
-0.078904629924483	0.219153963223968	15
0.072344159465252	0.145594180918675	1
-0.116032374523026	0.232060886330719	1
0.074849565488631	0.124644598167612	1
-0.017146736715053	0.249262993667484	335
0.099622048068097	0.909617867196892	55
0.080848656585809	0.251740057578187	8
-0.101416425829258	0.543468197676051	8
-0.053243810419674	0.407758019320589	8
-0.081966810662497	0.326807977315663	44
0.115172330771732	0.149833290806624	44
-0.052799941713254	0.494060081507067	44
0.017762671516326	0.289529034766885	44
-0.110272865029815	0.669221710973895	44
0.047764610895656	0.262066613296673	8
-0.060906354961452	0.471566181355701	8
-0.104842977762274	0.555724749746586	8
0.104129803336108	0.201752895107709	8
-0.112961904255383	0.568319050068109	64
0.090852152789672	0.18708978598169	64
0.097846057168656	0.176042413061788	64
0.115475794523576	0.128370299900718	187
-0.03437309246054	0.367458006343583	187
-0.018235717752413	0.359402211444005	187
0.054118204276597	0.234567535945733	187
-0.092040187230864	0.460081967638411	34
0.122200901083097	0.156346051804582	34
-0.062576246809009	0.394629197999898	34
-0.102901997959996	0.451635368259691	34
0.073710035255428	0.241578962020779	137
-0.04028598618021	0.332140250267176	65
0.020523645478223	0.274800215489886	69
-0.052364468116805	0.311844241689511	133
-0.00130158155018301	0.265055864307131	65
0.116657106457182	0.13643282068508	33
0.049643254253808	0.228246945652849	4
-0.063923494693614	0.354317262058953	1
-0.018366528893808	0.302088060143236	168
-0.045625448479887	0.309250120841628	168
0.096363797436273	0.144077196395788	168
0.031942672517664	0.216584382332638	168
0.000964602679055987	0.29649918928878	168
-0.104751641138674	0.397161427363551	168
0.038520739711193	0.187633254242799	168
0.008455344223471	0.213074997272555	168
-0.033744041690099	0.307430942145273	168
0.104917103388508	0.123474984017082	168
-0.017653739494319	0.274988614350814	13
0.04331298827142	0.188594570951546	13
-0.010215151871264	0.203798467065852	13
0.059115784300372	0.186055078780521	1
-0.019764077278026	0.235511216993839	16
0.109207474724198	0.133218365692494	16
0.074217160986235	0.14619735567431	16
0.041238409863225	0.190157631823174	15
-0.122393565227317	0.303220203884942	15
0.102625651827241	0.155457374368312	15
0.086235583786097	0.167227529228613	15
-0.010138819199483	0.203531347267827	15
-0.00983441968637899	0.320828532054042	1
0.006755176111509	0.210131570992726	335
0.080934166388231	0.179647080294495	335
0.038838409346238	0.170349120649634	335
0.095958420794571	1.2088565984699	55
0.051284560945659	1.50248019449447	55
0.072316414924518	0.229226656161035	8
-0.032860136446335	0.447156516552146	8
-0.0581606373369	0.413219712747308	44
-0.031113702954829	0.327909731328761	44
-0.118266765796207	0.571220225791335	44
0.097671617739245	0.204369618191645	44
-0.046374436556865	0.3991900032249	44
0.112906514552399	0.185083769993501	8
0.049516738436041	0.272197387595223	8
0.070980404403135	0.257904496418257	8
0.081602506819615	0.197402309378063	187
0.11929866185773	0.135619555269161	187
0.107964454910025	0.202280616697171	64
-0.0000355611899500174	0.326052434636482	187
0.074869852172154	0.179093560397551	187
0.049360994520971	0.258896568031823	187
0.043544302958487	0.23373970110979	187
0.000687697189202002	0.329291502862208	187
-0.00447161340753999	0.355250500282044	187
0.071900273458468	0.19202777305746	34
0.099492693989768	0.191868679743273	65
0.02430897011735	0.313239746607241	65
0.00584119915894901	0.299285533763376	65
0.026674290455324	0.289211227581632	65
0.092384727524627	0.16153846044141	65
0.031667528179333	0.173082327488843	65
-0.017175650055958	0.210311129424204	167
0.072149495246319	0.174326728344572	65
0.030574318037825	0.212841759276686	69
-0.00266812834283198	0.215116419599353	133
0.067338754119801	0.16702160153642	4
0.120220390590652	0.112337791345322	4
0.057831516329571	0.172280910807924	1
-0.047264238456482	0.278063074692142	1
-0.048980584935708	0.307722333277113	4
-0.084776081170338	0.389656645431665	1
-0.030073507720719	0.241073230797334	168
0.068514025119025	0.171490334603708	168
0.093675090526008	0.170692218916876	168
0.100919546384309	0.177093822525733	168
0.00630087266628099	0.191277010758832	168
0.00830928701769401	0.214263375779962	1
0.105482033735145	0.103793396194931	13
-0.051892764803985	0.298707754992868	13
-0.063726324084903	0.337366049409443	13
-0.0000830987667220229	0.197057120483324	13
0.08618430438157	0.151419275579919	13
0.112778165476505	0.116735070017443	16
-0.050192088352506	0.281317972997703	16
0.080775857710337	0.165597318062147	16
-0.080441157141424	0.35998239126821	16
-0.024531196022072	0.151983517010008	16
-0.022982983081307	0.185760290088318	16
0.000914696343644994	0.172371668149551	1
0.081873778789404	0.124253014607104	15
0.085009251972731	0.118496814345023	15
0.046769007898808	0.160931276760759	15
-0.1063797607019	0.460139588197996	335
0.112359244413012	0.102747516899638	335
0.0959894391331	0.267323658874664	8
0.109308416833614	0.173369930806822	44
0.087986870166327	0.209299475700521	44
0.083277706493748	0.241763449003339	44
0.014106607189358	0.41934641254938	44
0.063086113185666	0.317732675707266	8
0.075273992330007	0.295026210600088	8
-0.119219679699792	0.422970188514755	8
0.088116089847185	0.152836791839642	8
-0.037556268240607	0.290942475044732	8
-0.062652522366622	0.31237446349232	8
0.109816584676325	0.216617724010299	64
0.075378345220468	0.23469666427011	64
0.063067799075487	0.25697086466336	187
0.075394738119029	0.236630826856635	187
-0.038469061156996	0.270573015751336	187
0.085349792167131	0.151303026460692	187
0.120309635704055	0.108542938849284	187
0.041844005612834	0.280000875218616	187
0.016868881044981	0.359816215045537	187
0.08567496311318	0.150280907912586	34
-0.035374982204724	0.319054961855666	34
-0.063124968099251	0.26619294479486	87
0.004793477855212	0.259938500382187	87
-0.00428421094244003	0.39484711451744	65
-0.119234729909007	0.466771822109289	65
-0.031214207671005	0.291660322451957	65
0.059546343118127	0.154302653438129	69
-0.101043805014492	0.323962081356722	65
-0.118651395780864	0.269674947725978	65
-0.023719447159722	0.398595386410296	65
-0.099159636536952	0.402595625580565	4
0.02119862774829	0.276478306356092	4
0.018320307097821	0.293352776851118	4
0.00743371553241301	0.235231548816595	1
-0.010822644509783	0.252020939492679	1
-0.010702358253969	0.306680430480959	1
0.124385306299444	0.0963451406548477	4
-0.032282211200814	0.239323058280089	168
0.024119467181257	0.322432248253256	168
0.08867398843843	0.163762313638757	168
-0.047735966067353	0.477958353068667	168
0.00375552511078001	0.364961760602088	168
0.04170457980062	0.234617841456933	168
-0.039611187320759	0.35419599465971	168
0.109589212488636	0.120002480556989	168
0.038683997632796	0.170156677300993	168
-0.019843353720848	0.249861743790461	1
-0.033427009097346	0.19184868384289	1
-0.124595975391028	0.481114131345082	16
-0.048040187607678	0.320602929446196	16
-0.08213879411721	0.218241809301956	16
0.106973427690531	0.0928314891522384	16
-0.107762870168667	0.401836773592538	1
-0.094528149117167	0.347030489292158	1
-0.00279101921784097	0.223909405231218	15
-0.020320604551455	0.272417073814203	15
-0.114603411600019	0.412357185356185	15
-0.027316634951398	0.338421811098349	15
0.106200489159045	0.146536900746521	15
-0.041647140480254	0.319590972583683	15
-0.019001823476956	0.287393950957123	1
-0.084575816425856	0.621852863198634	8
-0.023715346181914	0.310318158387465	339
0.036090667190948	0.292165416805626	44
0.086126902313222	0.202994991859429	44
0.059258667048766	0.318955213925222	44
0.062295637426045	0.299840149240147	44
0.095245300475444	0.290855392566469	44
0.001009945426755	0.395520265048361	44
-0.090855450373282	0.516132086836368	8
-0.026293902182891	0.549320538087113	8
0.111844036352978	0.169982430077348	8
0.078039407043897	0.205745740525121	8
-0.00616959854199201	0.373618716765734	8
-0.093807715001133	0.5720513342825	8
0.116423244224827	0.185095104654728	8
-0.082509190714853	0.452175117323005	8
0.06310986479732	0.269084446556823	64
0.015942949272034	0.281641551977328	64
0.086129799912977	0.218517671557899	64
-0.000273724591867974	0.338520390230234	64
0.016575187844641	0.248653912227056	187
0.116059968904496	0.146684954503845	187
0.107966166803292	0.191570811581933	187
0.034498085401714	0.339854868901466	187
0.085549309964685	0.144470193578724	187
0.038627991875133	0.17038671239053	187
-0.077039049623076	0.446420427155695	187
-0.061316808373191	0.419259054815034	187
0.033553167116156	0.275883064896212	187
0.100605856901669	0.177140101474951	34
0.069200077535634	0.195189686605519	34
-0.020736824291257	0.301716133220982	87
-0.018429494298617	0.298757405367099	87
0.077520134072624	0.199006229301935	65
-0.112762733441394	0.513282827155351	65
0.112704511886031	0.18002544265342	65
-0.121639615515477	0.699161099550603	137
-0.067543842344334	0.270760387557546	65
0.043788658822454	0.126411601709458	65
-0.10075000743983	0.318620303681959	65
0.061265248175749	0.154865970392719	65
-0.00249266429539302	0.280585781970456	65
0.107765316455359	0.180886233938997	65
0.11594084927156	0.135541172107449	65
-0.098394823278972	0.39379219611089	65
0.103517272644698	0.175060366530125	4
0.122667210336679	0.140741404573755	4
0.016494285570633	0.294185330980509	4
-0.101137308531489	0.366558425196132	4
-0.034518084533145	0.312062742384298	4
0.094991478755207	0.163306521695851	4
-0.120633549698015	0.451491008317281	1
0.046661342410619	0.212758042359171	1
-0.00590313437154899	0.28408370937279	1
-0.060821779885678	0.337124474374813	4
-0.088773178820654	0.430184762875181	1
-0.035993834436812	0.312411393259757	4
-0.085091576872475	0.363428459794465	168
-0.103240552089577	0.341860018869868	168
0.010292122117777	0.293428011724521	168
0.092130020991404	0.159748082983582	168
-0.074152953205112	0.370104104935974	168
0.065345575719474	0.169594517216776	1
0.015968237916666	0.243794693512924	1
-0.00319017191142301	0.26157341772954	1
-0.070478772195758	0.296570622170769	1
-0.028202859681882	0.192549168466153	1
-0.103523545837553	0.3798448793495	13
0.078576843180942	0.172209093500575	1
0.035893588876176	0.188931526965946	1
-0.059205166528941	0.234967498219204	16
0.069817643759973	0.164132469629416	16
0.101613785091843	0.126853472848444	15
0.035006181370366	0.0832282294244245	15
-0.086750423795117	0.254922877283634	15
-0.033184453615688	0.290514091097166	15
0.063620489582385	0.18242032157921	1
0.119617488411007	0.13257322383752	335
-0.059673359326287	2.09459132837425	8
-0.024985800566398	0.150551124291547	44
0.073772423534178	0.167404370383982	44
0.072052371867262	0.208303851050127	44
0.114408396508586	0.152862150612112	44
0.00577418766722201	0.357349188314639	44
-0.023520608032301	0.576866607166485	44
0.111801696972975	0.149730393265821	44
-0.059029600822072	0.578567211938845	8
0.048066953980233	0.404124366925751	8
-0.035143984796484	0.493020993172694	8
0.082023471559107	0.261212780334463	8
-0.050813516946048	0.557664581119574	8
0.105800515554163	0.193364216769579	8
0.09619396660599	0.244231676281636	8
-0.00439868874466798	0.449951314548072	187
-0.047334429584256	0.229986016045401	187
-0.074162503172246	0.584631526513278	187
-0.006447625450757	0.410585656396293	187
0.122835753650372	0.175188468587592	187
0.023224792066866	0.404341194903003	187
-0.045425969809863	0.475012870734241	187
-0.016497792185824	0.374341735419267	187
0.066014649694229	0.201499700790188	187
0.06237462298874	0.212016122124099	187
0.06529387098138	0.207790693483257	187
0.109087782169564	0.130922617985299	187
-0.00379382483399199	0.261633254068519	187
-0.070630736944526	0.438095255008223	87
-0.00535112058818499	0.299312402718871	87
0.046253282669449	0.162478840704102	87
0.104752799375805	0.158979590084731	65
-0.00184508142780099	0.382366982010331	65
0.000429385945610011	0.356569688973094	65
0.02959817601692	0.173264092732488	65
0.00892704519625401	0.169241037357358	65
0.121720843007947	0.154972373679394	65
0.009958013305639	0.313550814870763	65
-0.03232594724423	0.372309929117122	65
0.100429098243998	0.175534465027053	65
-0.097589612256968	0.467274647349739	65
0.041215955566557	0.305698992507076	65
-0.112320213630328	0.570086928206222	65
-0.019597535029298	0.344498207791953	65
-0.044701966857727	0.299481162892437	65
-0.055329796197894	0.417171863592638	65
-0.02238062296446	0.371942960607732	4
0.038019430763949	0.286935028849587	1
0.114501205003085	0.170993152478869	4
0.115252667474928	0.145517846464995	4
-0.034570406370982	0.395237860286782	4
0.067318435354857	0.240858877618022	4
-0.109675840147528	0.522366372390219	4
-0.051640432853077	0.39021640690546	4
-0.083933751462341	0.504992518689765	4
-0.085051714481728	0.572546728616515	4
0.115392220859428	0.168168347837308	4
-0.06806074742731	0.415295546269966	4
0.072034503750338	0.230818973151821	4
0.044938831791153	0.249034702841979	168
0.102328360273903	0.177384656108293	1
0.089037301018215	0.18333719349111	1
0.02952369952543	0.231910708383343	1
-0.035778842514357	0.292453728911879	13
0.060817249518389	0.217618446628968	13
-0.00513556945138999	0.264123926699473	16
-0.074587818167823	0.315573128616421	16
0.091436575052442	0.149267124140678	16
0.016725682799083	0.262105831836446	16
-0.079937217240533	0.299147983657306	16
0.034837565910824	0.0802125480123419	15
0.004595219314698	0.144910173770315	15
0.104068357706377	0.0947547780625806	15
-0.061774042163146	0.342481528713954	15
0.025354302980329	0.0866285988130991	1
0.029202707218629	0.084356336466843	1
-0.039518275041737	0.313022966643917	335
0.00389290326363201	0.293214319791355	335
0.118341287078023	0.897149021195342	8
0.08893285823831	0.883245343425916	8
0.119321724353462	0.247779086024345	8
0.103842841552266	0.0933649598612961	44
0.000214750322009988	0.198409700703285	44
-0.00328123418757698	0.236802415708902	44
0.042408770010813	0.127429777921354	44
-0.01920397146718	0.432969889915505	44
0.073480605286196	0.176394274140373	44
-0.073303418548904	0.741268241561458	8
-0.07892899035667	0.661879177311014	8
-0.092343627971864	0.724107349283901	8
0.05238425805487	0.298885934233127	8
0.033424676450866	0.378459673595407	8
-0.094786740810932	0.713132356471518	8
-0.020064383284171	0.519844417135099	8
0.051250565912678	0.350516860597298	8
0.040624215384728	0.37622364450526	8
0.015545329052806	0.413705861141692	8
0.021424104325126	0.357475285924119	187
0.036020901721277	0.412884133689948	187
-0.034211769471133	0.558076665865858	187
0.094281869054461	0.223653892369304	187
0.00734268564243401	0.407680708480835	187
-0.113858318441662	0.455567684628178	187
0.092007390735462	0.174607224428724	187
-0.106366212865649	0.482741005361827	187
-0.052826284899904	0.227140034109877	187
-0.086320386986754	0.594951729102391	65
-0.066998741919142	0.501244186999404	65
-0.021344083618593	0.456274087954072	65
-0.024165778540656	0.316894734808975	65
-0.107178441322524	0.6660828221609	65
0.05660280234125	0.276396140240283	65
-0.078139488820985	0.589867655592373	65
-0.028380981788231	0.41684704559528	65
0.039179136380804	0.328711960270257	65
0.099458903588822	0.196025861575127	65
-0.067470088914062	0.400519851862071	65
-0.069550578661417	0.346333972915791	65
-0.059359395288609	0.505498528868708	4
-0.0668761097728	0.517317228478587	4
-0.005808108475861	0.411368057379724	4
0.101805015137509	0.196550480578705	4
0.056311743416841	0.269985471055999	4
0.044642766560812	0.292524854598452	4
-0.012285187909222	0.352812797447796	1
-0.021900389385971	0.378386304167816	1
0.078620330934432	0.214204114399647	1
0.033341640481861	0.258556568698332	4
-0.01102168452802	0.394668756688783	4
-0.010022355367406	0.432517256972524	4
0.101393245493795	0.128304164969076	1
0.017203388075875	0.303779005542441	1
-0.094927075944102	0.520247738036026	168
-0.05629544076512	0.331646848357276	168
-0.026409102055098	0.233679790296894	168
0.024023367441755	0.221123253691763	1
-0.040847128786638	0.44899363717814	1
-0.00267902687044302	0.344947186508803	1
-0.06399836113731	0.521812022635248	1
-0.07254233935968	0.563672742097756	1
0.021494063914601	0.339308268219787	1
0.045817436496833	0.25412890378439	1
-0.046583045954588	0.364472983155962	1
0.104985365850893	0.150258155728763	1
-0.065151218394009	0.342488993399934	1
0.123130093950465	0.107459962765383	1
0.032500285699932	0.172407338657287	1
0.11126645728042	0.1403804115594	13
0.07355906993746	0.206425033065188	13
-0.119928781186303	0.608411315167808	13
-0.093691549968109	0.527309536219233	13
-0.081110181511338	0.403412293505914	13
-0.083551524146584	0.408984844454532	16
-0.075887140178441	0.395781418675337	16
0.063510592947102	0.225137000252784	16
0.075181656841215	0.176178525374353	16
-0.074353318022008	0.411326170416815	16
0.109203177338268	0.0886515830567009	15
-0.027276687852277	0.308262862882507	15
0.10140780177822	0.189464107234361	1
0.111432396493332	0.166372415365248	1
-0.039374985897372	0.38279236552417	335
-0.122576279522584	0.554646983157412	335
0.097243564934699	0.190906665402335	335
0.015944939791565	0.161833516080819	335
-0.057253187372808	0.278459435639559	44
0.032191779391523	0.267398854473069	44
0.115777731208002	0.12999410491605	44
0.109768372896821	0.214786497941854	44
-0.071510357372831	0.329166099627271	44
0.030607309610201	0.280195985375093	8
0.113311468940871	0.223963006478882	8
-0.00777929517675402	0.471013596299392	8
-0.082170742281099	0.66277093930007	8
-0.00442028709687697	0.492914908886394	8
-0.110353843509132	0.790526297507307	8
0.028613869941735	0.40133808997457	8
0.09662220719132	0.214042123688561	64
0.073068228196214	0.309178745290821	187
-0.079921760018625	0.623663763154556	187
-0.083070946287278	0.656896873758229	187
-0.03068981991837	0.444775776875633	187
-0.110885899208868	0.679754472061074	187
0.111647178949519	0.161919999663217	187
-0.075246769200538	0.380437820904511	187
0.062878332630225	0.203113720341853	187
0.053100746059091	0.119173594541931	187
0.091627173289246	0.157767900898102	187
0.06945467361838	0.242978015162385	187
0.104890837461024	0.147578301073023	187
0.073273975754978	0.236862814971946	34
0.094926097543929	0.218646657837775	65
0.02510894052194	0.353193274275429	65
0.051368311896452	0.276105834189495	65
0.045918726665699	0.307987022783479	65
-0.089444557030877	0.55837003365211	65
-0.032390635160568	0.158672325207486	65
0.045758229169918	0.125253916906599	65
0.021261678616292	0.336466380800419	65
0.098699760381165	0.212497081142149	65
-0.025725179732435	0.436055823378207	65
-0.029936097005941	0.422153989997129	65
0.053508835317045	0.256406980710504	65
0.023767080323142	0.335505637572361	65
-0.013982215406293	0.325354419103852	65
0.01809703583309	0.354639671232555	4
0.095145158756004	0.1951552865197	4
0.01427022842991	0.333250109411554	1
-0.016505126098699	0.424823771275039	4
-0.09413614497045	0.493658269725046	4
0.00883317575669099	0.330678867347758	4
0.027110241511689	0.318075365640641	4
-0.091848434354483	0.568751536839027	4
-0.117081294147338	0.61621497336505	4
0.036636696947598	0.325643585381518	1
-0.00191008183137797	0.390475828641393	1
-0.02176044860588	0.37372506771148	168
-0.025961912086585	0.326928970256523	168
0.103544823639279	0.132264171592654	168
-0.043076138431051	0.387991153816644	1
0.050083898159346	0.291273188696754	1
-0.014245716391485	0.348692168084419	1
0.086330465096674	0.175884298627304	1
0.121081340210754	0.146018183264712	1
0.090858202984766	0.149487522334431	1
-0.122894144971192	0.279026174835304	1
-0.086995822104344	0.360483900766628	13
0.067239115169417	0.230366514115578	13
-0.051406276850128	0.368275763394778	16
-0.045963802889126	0.328979148450212	16
-0.11400939717879	0.415264688435896	16
-0.079303997886409	0.438899633984847	16
0.00849548742252099	0.264034728969498	16
0.094291802718209	0.164605865761982	16
-0.092920744921255	0.391849617956418	16
-0.077452474394492	0.171978130786123	15
0.104027016967319	0.0934934042715314	15
0.049226497196729	0.246175450410852	1
-0.082775577495721	0.452736129894957	1
-0.106253252986226	0.326446746067598	8
-0.069655103415565	0.269236383851713	44
0.090697376805368	0.300392633056949	44
0.09168056258828	0.310898537198842	44
0.072745805653267	0.316897808858186	44
0.108233338052564	0.167499373539282	8
0.011578560434357	0.419129555340636	8
0.025607532769945	0.326186491077039	8
0.00366686282944601	0.428360650593321	8
0.090820402713438	0.233751329362901	8
0.00359516110082001	0.400789879845727	8
0.016178312329047	0.392656685475422	8
0.055256459360173	0.269785554938458	187
-0.102955970341917	0.587903530761251	187
-0.112945265790706	0.5687273149636	187
-0.006191664224105	0.375654771264582	187
0.017113740442518	0.297918515174211	87
0.08938981981243	0.182968305438275	87
0.091329601466934	0.15768327986952	87
0.063762386684377	0.18446978985245	87
-0.060360311614734	0.420768299053252	87
-0.040029027742723	0.424642966584046	65
-0.0321104465899	0.346557073118903	65
-0.032511453960751	0.416062101119747	65
0.038117428147434	0.273649145776067	65
-0.043783161127581	0.250851813175367	65
0.123457215268931	0.111087006814036	65
0.113057726004986	0.162893104198488	65
0.01440547124189	0.2575619256687	65
-0.10335440312157	0.508896219017213	65
0.094903578726852	0.155837087338771	65
-0.021017658090181	0.392439519878471	65
0.044090584975889	0.224532612163664	1
0.0482021463258	0.199509481928015	4
-0.050925183139542	0.338215375788062	1
-0.072336522542728	0.396227836942204	4
-0.098584951131637	0.397652562200282	4
-0.085766177558299	0.433080356404109	4
0.038178990143557	0.292561133776462	4
0.037739127943508	0.285130996617978	4
-0.023258629633879	0.318860095188601	4
-0.120476069951098	0.422941106123378	1
-0.099875945269825	0.425390047901068	1
0.043829125572166	0.237316016402593	1
0.050622669248311	0.18200164794104	1
0.022467421043615	0.265910335884883	168
0.00670942006536701	0.172129899326746	168
-0.073453782046375	0.406973155730819	168
0.088027138920012	0.203098884897549	1
0.011645212769096	0.28146056345782	1
0.074528176667287	0.175485590829885	1
0.112538081633773	0.131871967119905	1
0.073291200411803	0.147890918902925	1
-0.0331150760713	0.266250326795943	1
0.059827095229552	0.170942597828699	1
-0.073396294920308	0.211812366836242	1
-0.099975692181891	0.375064761483447	13
-0.077966778191718	0.397415593834488	1
0.014393986888311	0.26459303751812	1
-0.089212093234986	0.410704312593172	16
0.00168966566173101	0.196813529818826	16
0.063726034944176	0.183119988880418	16
-0.00831871416572899	0.270862434987009	16
0.112222177809689	0.102408838443456	16
0.000609797290883007	0.212427564991128	16
-0.069687116621124	0.364066277249476	16
-0.054673604343414	0.280861710845744	16
-0.030823932441113	0.348242435753034	16
-0.091262182710322	0.276113385692212	15
-0.040637773112936	0.156517070030141	15
-0.021131380356906	0.238688149950323	15
-0.00858316771766699	0.358648344325763	15
-0.024200474494335	0.342394574362236	335
-0.099372621436742	0.378100621624069	335
-0.054290462002425	0.604473263285164	44
0.083317135011062	0.282740791191958	44
0.033934427490455	0.401110246756255	44
0.010008892117632	0.54127794757381	44
0.047431359739316	0.372140349857629	8
0.002469983519793	0.397790441389766	8
-0.109597386499188	0.820836900239039	8
-0.123548310466429	0.452478055662219	8
-0.10385449324307	0.432223294634397	8
-0.090734785963308	0.463020958410176	8
-0.053515795150734	0.4071006083755	8
0.015001172155148	0.26452787637814	8
0.115966129296906	0.158428153851245	8
-0.100114766055335	0.593273521973631	187
-0.014535971020981	0.4389120497416	187
0.040109032104044	0.313096457693369	187
-0.03793758281972	0.349239285738612	187
0.058278255736709	0.336901601599613	187
0.11670410931282	0.114534417873305	187
0.117554443314482	0.111551566031091	187
-0.040315405267029	0.458640470977955	187
0.03239044593517	0.233695355172401	187
0.1084754440615	0.187387000217705	34
-0.112534181766047	0.334709273299272	87
0.097716036652839	0.144079261106848	87
-0.048366176969241	0.341119134583694	87
0.045224838572379	0.354396322016526	65
-0.069404629685752	0.531562267445451	65
0.06630789851229	0.291200255531858	65
-0.02296514222983	0.46751061343417	65
-0.085352802638541	0.276096516196169	65
0.066575266548323	0.134343332344136	65
-0.068739941786544	0.321274392685834	65
-0.040315647108093	0.364685443216615	65
-0.072505656676777	0.533329397005814	65
-0.109078513946828	0.465840588970825	65
0.034919031015134	0.223873279619384	65
-0.033360539786934	0.242270956109563	4
-0.048164761426863	0.306919199223224	4
0.0740667116957	0.164128375687941	4
-0.103593584310908	0.348453322148305	4
0.037105494325857	0.150412334787844	1
0.075926426133058	0.144208093190444	4
0.022003970780066	0.205330660186818	4
0.012456476734845	0.229417719784369	1
-0.098244382377745	0.399407345813181	1
0.054570970250641	0.217953567326711	1
0.055436946330832	0.221131234292239	1
0.078187299025986	0.219516802768094	1
0.067783974892095	0.134099067143722	1
0.015708869933996	0.187359688397714	1
0.033184380507946	0.15462385798844	13
0.085932577074337	0.102943341495497	13
0.115362858108276	0.0858503548319506	13
0.03500377114678	0.218946975864663	1
0.04936357751569	0.215297183530052	1
0.080348908591848	0.153452563520351	16
-0.018881712762972	0.309206364320568	16
-0.087704760321663	0.253890405443864	16
-0.029368904860249	0.285897094349938	16
0.119798902143828	0.0999278837947766	16
0.072415071453018	0.191319341554316	1
0.108923152441201	0.0637959666080974	79
0.035773893003687	0.224807997670549	15
-0.086688712035389	0.280685278643266	15
-0.01059179076687	0.309132248001829	15
-0.075471489851685	0.322695929998026	1
0.115393468046002	0.101445999131611	335
0.114481244370225	0.277980699167177	8
0.09131704965757	0.255106479606952	44
0.123064599026235	0.193367915533523	44
-0.020213006424768	0.253484789671457	8
-0.010674678455916	0.489949714747757	8
-0.09395619477755	0.733365457055459	8
-0.121748563829594	0.274902947922151	8
0.059013429350093	0.154927776466803	8
0.093377888894832	0.245289173071489	187
0.095355574468243	0.245771089787798	187
0.084914450953625	0.102246671188217	187
-0.088494366717192	0.41526219921534	187
-0.030329656097621	0.194436036234148	187
-0.025282944972682	0.152534173522863	187
0.104204525851091	0.0657592854375838	187
-0.090334449264798	0.284472710195039	187
-0.018196064512994	0.299138915075106	187
-0.116971980449635	0.688282919832115	187
0.058302829035314	0.187610542098922	187
0.00738110748614201	0.398196778899843	187
0.036060726265399	0.129121701208467	34
0.072815185916098	0.126335000074274	34
0.064666034712869	0.198637790838365	87
0.037685480730569	0.400212642074333	65
0.057036772934493	0.375091025432935	65
0.0115544584781	0.352234541117533	65
-0.066989554395803	0.541401564135789	65
0.113378046572614	0.162514635442695	65
-0.085120597828304	0.446067640996641	65
0.013323679592002	0.347524687315611	65
0.107828346820734	0.0657533679656829	65
-0.040637773112936	0.156517070030141	65
0.104700641045478	0.0650338948163694	65
0.015589534840298	0.135545570661668	65
-0.02841917120883	0.0928156948774364	65
0.11621248637778	0.139102908249864	65
-0.034526114810487	0.0967718264326167	4
0.000436056250165989	0.142604349410163	4
0.043474437404679	0.126770075603189	4
-0.026513968769511	0.150465090022608	1
0.081854130269734	0.0718526699583793	1
0.025548696310807	0.236534185296416	1
0.005831360228682	0.173342682628887	1
0.014244318779723	0.136650618173982	1
-0.034526114810487	0.0967718264326167	1
-0.010972230982804	0.246690437495922	1
0.027460316259788	0.215394255847116	1
-0.012857982445916	0.29582934045729	1
0.046758432995778	0.144057506188586	13
0.014681884892288	0.137632304153491	13
0.115441910176307	0.0606273933742239	13
0.022101046886207	0.17742041627878	16
-0.001529955348687	0.265819384623985	16
-0.075824543828646	0.323322499631758	16
0.056200367184649	0.282433001931771	16
0.066300097746923	0.251404939502645	1
0.053839411407043	0.25083849681837	1
0.107623731402591	0.179733954868911	15
-0.037792461254626	0.40882739413761	15
-0.00484774567833801	0.266677795110941	15
0.096557840687216	0.206658399770134	15
0.036692057129077	0.168012044255649	15
-0.021912299825833	0.484987020693645	15
0.075449542624479	0.0742238616060732	335
0.118218274574442	0.199145390377977	335
0.008232605533673	0.188192312992922	335
0.078122968806315	0.495316864851813	8
0.064775640956309	0.387784881575335	44
0.114034836163363	0.293886358531241	44
-0.071204909960359	0.457586373183907	44
0.00182354706767199	0.14448900724547	8
0.059928688861802	0.262539452892843	8
-0.086489433247872	0.561214756759591	8
-0.028252798252056	0.853835677094692	8
0.05524786764653	0.158740459782553	8
0.072963854680118	0.0750714698823475	8
-0.073544811262368	0.218256642057963	8
0.015390830214645	0.407406802589528	187
0.094078374755893	0.300217904672653	187
-0.038508898175983	0.0979544255512664	187
0.075028625929145	0.0742346988679116	187
0.07739414064611	0.108057113284655	187
0.058824721712819	0.234250099389883	187
0.112524799345538	0.160671694596613	187
0.056210160194533	0.382110923030922	187
-0.120927598332044	0.269877170634458	34
-0.124745794541181	0.27534734059186	34
-0.021671684838595	0.205645647717778	34
-0.07979137172744	0.402614408433919	65
0.040369163517764	0.126274986353397	65
0.117758885806314	0.084470944181227	65
0.103876297286755	0.294227937705363	65
0.03673774885628	0.308415968772083	65
0.07856682317029	0.0726918508477949	65
-0.034526114810487	0.0967718264326167	389
-0.016230182243742	0.345153195164573	65
0.040863063510971	0.287580842740054	65
0.031665784686281	0.0842510898843265	4
0.073304328125473	0.110489081631723	4
0.011524116001511	0.210888950676916	4
-0.044456886662667	0.098542078778663	4
-0.106885533827062	0.324412426629392	1
0.106864908371147	0.0654471867301216	4
0.038329806910722	0.0805429907726897	1
-0.032509860274127	0.0977274106413426	93
0.04437585224368	0.123014681280498	1
0.048895219486799	0.246499351716222	1
-0.08103838669704	0.170840042914819	1
-0.033549434680886	0.539515887374759	1
-0.035289005191559	0.0990514042007715	95
0.120044427982153	0.0601795437960878	1
0.0056105274129	0.144042196417069	1
0.101106372416803	0.165204434548757	1
0.045820512469844	0.161812698208314	13
0.032945520790709	0.0838969086098354	13
-0.045552453947028	0.0974699632082283	13
-0.021925719713978	0.182142068641406	16
-0.047040976144821	0.231688521756092	16
-0.040417843181165	0.100155928009547	16
-0.016478294610814	0.20095869942271	16
-0.061695691167206	0.404817564223687	1
-0.083829693843926	0.517782748189401	15
-0.088858550551207	0.605317190260361	15
0.04776102133049	0.350845547143812	15
0.09601755817635	0.205479423881206	15
0.003675217396646	0.143382676889709	15
0.01332699051398	0.529454190674955	8
-0.026245577121474	0.152881784473769	8
0.02108833404951	0.276626155442995	8
-0.041124858679836	0.100541425438789	187
-0.078309899538097	0.172282243616582	187
-0.116032374523026	0.232060886330719	187
0.076365946840315	0.219280260753959	34
-0.068411903871755	0.212093482440547	87
0.022773749295619	0.197093973918514	65
-0.035994312080435	0.0977392623574023	34
0.029115276947133	0.232376340319117	65
-0.12276571126974	0.307471499364678	65
0.006551123675612	0.537097483935639	65
0.079716307351718	0.296750721250461	65
0.102361960641166	0.203290211101075	65
-0.076952918609123	0.608706993549652	65
-0.017254882423066	0.335639278317681	65
0.037563408270264	0.0820367728949097	65
0.022368109475734	0.0856912893843615	65
0.035006181370366	0.0832282294244245	4
0.03038507203417	0.0841288660978186	4
0.00496446638319101	0.169968753381413	4
-0.114616355322494	0.231199330510021	4
-0.075730096689493	0.172872322177575	1
0.10951421570136	0.0630946503467071	1
-0.034248337122876	0.314403871175288	1
-0.039057192890077	0.644182437003814	1
0.110359159320278	0.19024277367158	1
0.116773373941032	0.125990834293069	1
0.112962478678941	0.115029975127363	1
-0.034582953160694	0.0986661766252041	1
0.02715351939322	0.085962170767875	1
-0.004218263688896	0.28506493805371	1
-0.084149198870336	0.171835692441874	1
0.027808081928582	0.0806069390773001	13
0.07856682317029	0.0726918508477949	16
0.047141092143884	0.237810735790095	16
0.113240801699356	0.0882415622078586	16
-0.038356293797249	0.0988848104230226	16
0.00106575731658001	0.17054016843415	16
0.032682510416173	0.193983321511934	1
0.099016696113904	0.225268357503822	1
0.015288128969384	0.244470929414191	15
0.023887042223678	0.214731965912078	15
0.111569485666468	0.216616586998759	15
-0.121682769934531	0.639062277648871	15
0.065029034671176	0.187420414130385	15
0.122484108820544	0.175397873666018	335
0.077432808871354	0.384991675429326	44
0.061469819972831	0.417009134287613	8
0.099910011415139	0.245837533876267	8
-0.078325205303975	0.171904723733992	8
0.031416556691912	0.0847003872064081	8
-0.078325205303975	0.171904723733992	8
0.092033480948187	0.237922059715649	187
0.0993614742407	0.215415960207262	187
0.120356345788787	0.0569688179225564	187
0.073797779712097	0.0750738144338837	187
-0.079504530489017	0.17267569799534	187
0.07133344936172	0.0754790999035666	187
0.045096527471748	0.359816454574211	65
0.073802257045554	0.316679968361248	65
-0.114053472498865	0.582352419825441	65
-0.00587260852638799	0.321110105417835	65
0.046508122761196	0.250999176152406	65
0.048886928245562	0.122744745266805	65
0.02996941080732	0.0852035144895675	65
-0.018135431005398	0.247477607046007	65
-0.032509860274127	0.0977274106413426	65
-0.041124858679836	0.100541425438789	33
0.041668066833756	0.0775446195250142	65
-0.046284858220584	0.377659991421136	65
-0.010099910673149	0.251165178498615	33
-0.033982658879518	0.0971458489065751	4
0.055982825531319	0.141856822217378	4
0.023136043041571	0.0849859007998572	4
-0.034926724063789	0.463841321886849	1
0.104665445739364	0.124664606256333	1
0.083640368063414	0.0684750544705851	1
-0.034582953160694	0.0986661766252041	1
-0.018819704961825	0.274018438683085	13
0.115174058176236	0.0608963714886086	13
0.118072591668676	0.14115653488725	16
0.014379508953814	0.163642469779164	16
0.032945520790709	0.0838969086098354	16
0.041299109705187	0.370469131116048	1
0.111938629444702	0.220173565818537	15
0.08395609860368	0.191919024882283	15
0.022573492922741	0.311750865729788	15
-0.086503182602141	0.530062494962009	15
-0.082153304812057	0.310794684403592	15
0.072956748133238	0.223019210057361	15
0.020834737652361	0.084774840517553	1
-0.033087943786598	0.893524879449828	44
0.042879755443239	0.581303249082468	44
0.012178846533892	0.136601105653282	8
-0.076258901772403	0.170855523229417	8
0.00490273172758399	0.140662864294919	8
0.109178770204277	0.262587781130341	187
-0.080037670699859	0.169679421919652	187
-0.038100229632835	0.474893656678383	187
-0.115595399602681	0.234402467045292	34
0.073797779712097	0.0750738144338837	65
0.07409802589057	0.334987239135816	65
0.082776629473701	0.192271136313866	65
-0.036069670847743	0.245999416816434	65
-0.082806301213424	0.381937159864912	65
-0.047532389910608	0.600013763595424	65
0.045089189409729	0.284138523547507	65
0.017792622151046	0.311415667212739	65
0.00114849515252	0.258145411882125	65
0.057783159762172	0.157544159537372	65
-0.057330379854969	0.304451481467275	65
-0.061115617585881	0.390586373845293	65
0.112912888979608	0.0629964130102189	33
0.085134639386685	0.0688717777175199	33
-0.039106604714942	0.0984696853611077	4
0.08064970222151	0.104449657643796	93
0.070258152970086	0.0732536667555283	93
0.085576429697673	0.133448793955817	1
-0.115402858300044	0.727311150811135	1
0.057627359956546	0.311259124111014	1
0.039501899006163	0.14834996579135	1
0.031416556691912	0.0847003872064081	1
-0.037147157347867	0.242893665116036	1
0.00820241410050099	0.240340383311101	1
0.110239409264505	0.0648281795420425	13
0.082249854817476	0.0714555548265266	1
-0.088257515013173	0.168373323593715	16
0.085670855838269	0.1784856684205	16
0.089779927628398	0.203468988972683	16
0.10734765870344	0.0647746571869547	16
0.023816445049972	0.240820577104031	16
-0.112846416019672	0.729814547530024	15
-0.074571169889259	0.473321955332048	15
0.106007352413855	0.231464126356918	1
-0.056121126898839	0.562815664837152	15
-0.075973813993901	0.544548193129732	15
-0.027208433255214	0.488428843724623	15
0.031416556691912	0.0847003872064081	1
0.099777772939168	0.0962203844559285	335
-0.051842013787349	0.256804498747335	335
0.081873085375685	1.26305136608675	8
0.06418209217385	0.392839447143166	8
0.071205527904798	0.333695009745131	8
0.088769582293043	0.245891103515018	8
-0.016764725901671	0.415257739607173	8
0.012756405627433	0.406243735077581	8
-0.01691550608179	0.209404435625013	8
0.073518583886934	0.146452989018644	8
0.027825180500588	0.220783842349319	8
-0.07466934950176	0.461515842512979	187
0.093864114949895	0.157226231706122	187
0.039499236818618	0.253199158849639	187
0.118542768267667	0.0833488463618411	34
-0.056499971066491	0.258123273145267	65
0.00374071536405901	0.171929605761776	65
-0.020845041666453	0.335469654671056	65
0.099178376840963	0.202725499292881	65
0.04817761396646	0.182299270547774	65
0.109245886831201	0.119652307391111	65
-0.051602043411091	0.233817490553387	33
-0.043033267933764	0.297565022717436	65
0.072918246067822	0.164292822495929	33
-0.025110311275279	0.148699244771807	68
0.00504474310377101	0.171657461469681	68
0.035776895659314	0.153323893366818	4
-0.072363450238057	0.237696748682444	4
0.106093567833604	0.091076992385591	1
-0.00301614093707098	0.247275216371916	1
-0.036536110949087	0.268385583646399	1
-0.038759106455849	0.155643713941198	1
0.112390786585033	0.0891755299178262	1
-0.081567449410217	0.171071593935581	1
-0.095596678254196	0.28691841477434	1
0.009131585072536	0.165108303849347	1
0.039013209136877	0.150899170223081	13
0.012140914144329	0.167857332058176	16
-0.042766725249216	0.223016682375932	16
-0.065528848640955	0.322101578884853	16
0.121210049251258	0.185750945597268	16
0.044705770279097	0.278416507348009	1
-0.092382702790016	0.54273846203591	15
0.05950527922592	0.240429963157497	15
-0.040467285634344	0.309526809406217	335
0.077093673463281	0.354949384374733	8
-0.00676041366779101	0.491870152561432	8
0.041589521862244	0.200047334947904	8
-0.118709903753651	0.488258827313972	8
0.100255787482681	0.203347029102043	8
0.119229789328105	0.193578873966234	8
-0.076594051649957	0.170807146960971	8
0.113474104555174	0.0618190757582691	8
0.042776096632218	0.125016692519664	8
0.117616923637573	0.0852934313719174	8
0.006862829644525	0.172520421060134	8
-0.089280531754796	0.34054966889087	8
-0.033524762855112	0.158177695657437	8
-0.116920118420929	0.440709856566799	187
0.108048878765058	0.1935177339362	187
0.072128799922436	0.109449013662692	34
0.00484738723719599	0.164226909820588	65
0.045940519672541	0.123812828781577	65
0.069816876168299	0.237809648862868	65
-0.117969168886501	0.478324982572803	65
0.030556483266126	0.197649869433694	65
-0.101388844097334	0.526127660826315	65
0.111539429033976	0.102471048913535	65
-0.08292546506212	0.253510259104498	65
0.081959390946605	0.13830275809836	33
0.012732834194901	0.204817389094397	33
-0.022019121575089	0.183516021393828	33
-0.036354571403459	0.157829119200739	4
0.048886190901746	0.123467009236881	4
-0.076765309727576	0.243032118073548	4
0.000608674847910995	0.278603073680266	1
-0.093255129749951	0.328109416758057	1
0.037563408270264	0.0820367728949097	1
0.045414585070494	0.118476911832118	1
0.081758381536584	0.103862574797885	393
0.065265793159408	0.167560153367957	13
0.032026650873908	0.157027482998272	13
0.032180626316401	0.084629746905544	16
0.040683113073588	0.147893323700151	16
0.016044104393463	0.203888551168991	16
0.114116125324512	0.0625376581365613	16
0.067027447350385	0.232841480624695	16
0.078660352831617	0.230232080522608	16
-0.029319276705803	0.494508440904157	1
-0.123584712188161	0.574051334419303	15
0.009268544024574	0.304977381412082	1
-0.049079987481883	0.329699765797068	15
0.11409999175361	0.0622991512165549	1
-0.103817176137416	0.259201283200626	335
-0.00420274430481998	0.22053553017943	335
0.104180971937064	0.150890272323389	335
0.00912654771249299	0.649797047481617	8
0.047335685499991	0.417799970515552	8
-0.114687335115308	0.364872467975449	8
-0.047384139385891	0.487913881573382	8
-0.048629939584518	0.680652199177036	8
-0.031218242346526	0.158529846054485	8
-0.036596483640043	0.0996994327156536	8
0.099847038354674	0.113957817465427	8
0.022583518845727	0.401021962317643	187
-0.123852775524458	0.171052318973948	64
0.098702165673504	0.112696388598447	187
0.107859599887153	0.16979796270983	187
-0.026233075923477	0.18799875173191	187
-0.050948385661105	0.324003399773303	187
0.043788658822454	0.126411601709458	187
-0.115291290592043	0.236510444659051	65
0.024442645567743	0.283024448015329	65
0.100134569245806	0.110028161952372	65
-0.098947224713234	0.286231230698868	65
0.051950496391502	0.240805279514466	65
0.057143006990369	0.214277106837373	65
-0.022661606662497	0.149109689001105	65
-0.025579540162669	0.153117679442847	68
0.00622930696313001	0.210294789593317	33
-0.029082919876869	0.151819550945883	4
-0.039792168431532	0.268776595634768	4
0.07856682317029	0.0726918508477949	4
-0.037905096126148	0.0995921576628302	93
0.026462162347765	0.0840102926128215	93
-0.057838758502437	0.469343130481047	1
0.079253310297204	0.211077328051191	1
0.032530801131502	0.0828968701265205	1
-0.033276571808733	0.096771427667476	1
-0.029268571637374	0.19369801297491	1
-0.089188107103853	0.301118089723777	13
-0.028625128410034	0.266956854407147	1
-0.033818925770446	0.0976341348737312	1
-0.037905096126148	0.0995921576628302	1
-0.026203777933996	0.301188876776621	16
0.019521349055785	0.152928730863857	16
-0.046342116912129	0.508011261492603	16
0.06070857894527	0.265053970279217	1
-0.078935391805297	0.502152579279565	1
0.116098102915209	0.17369390741916	1
-0.036492385973961	0.0972521809211359	1
-0.093452492247105	0.501090011777466	335
-0.069617466699147	0.662208867231015	8
-0.098215539412993	0.439890696779848	8
-0.013659273747559	0.307398651477362	8
-0.026143120864103	0.462922416837696	8
-0.084674816883338	0.254749929924909	8
0.099784159083589	0.096622291587135	8
-0.069188163854034	0.206953676650843	8
-0.026092562527241	0.215495628928198	8
0.104430894038438	0.123064353925653	8
0.090502314975882	0.130369345629547	8
-0.113355433849341	0.572522473535024	187
-0.025073266106715	0.35298619177633	187
0.105466992500404	0.169420536253134	187
-0.028882488129822	0.265119948962523	407
-0.083289618289268	0.172513208942299	407
-0.028293462956615	0.156256545600763	64
0.006862829644525	0.172520421060134	64
0.053747561829514	0.240740511335944	187
0.013035795428492	0.166816914192325	34
-0.00942125027526097	0.226995104359577	34
-0.124271320615459	0.239392798502249	65
0.081901786831541	0.122878098182516	65
-0.078975627970963	0.216317964618953	65
-0.022930150505396	0.414550436702212	65
0.068545945986135	0.148375606583065	65
0.049409474571717	0.192493541115922	65
0.039297474947137	0.152152540976867	65
0.104806397197538	0.0663772815042407	33
0.00668482636839901	0.14191861505736	4
0.083710683042719	0.103972032315749	93
0.11983278949079	0.134877139117815	1
-0.039865747121559	0.294567148331206	1
-0.032213928246738	0.244237536424901	1
0.114602104665852	0.0624306820002342	1
0.080611505369287	0.107008843238472	1
0.105650277127286	0.0663534822991344	1
-0.080381635388921	0.172332692063404	1
-0.039214844555797	0.0983283473055783	1
-0.071291716098211	0.168582735116161	1
0.042646771078898	0.146914055376954	1
-0.028150432772524	0.188790570985954	16
-0.030921969374355	0.157227655667437	16
-0.025046922688398	0.190291572495286	16
0.037804081659891	0.169460133076347	16
0.051164743903498	0.162810107834149	16
-0.10666515034515	0.505262820650201	16
-0.050802371212454	0.411689678307619	16
0.123053095296795	0.143453838794749	16
0.020131870780224	0.30471476107903	16
0.013812983275766	0.296188534365789	15
-0.00641193725855199	0.307821038821854	15
0.039336920045043	0.222750341606667	15
0.029921519406881	0.15253315466806	1
-0.097228463628467	0.842093840873112	8
-0.117675976704093	0.842439773737139	8
0.041804945894138	0.348924029416094	8
0.053605934058595	0.3241645745521	8
0.112390786585033	0.0891755299178262	8
-0.071426518616932	0.210623446799732	8
0.099622835860247	0.0945284217211759	8
0.108908876613881	0.0648090571326302	8
-0.040928006290559	0.467284846822333	187
0.10520845666991	0.159479975939695	187
0.02717531555729	0.296387977416495	187
-0.068587310164328	0.273355158426875	407
-0.018699029325107	0.209991758665719	407
-0.119443555466136	0.476546904230174	187
-0.040534957757925	0.210305509344083	187
0.037054915674684	0.152744270574503	34
0.0863544834435	0.118452667617577	34
-0.023154656291405	0.184880028150795	65
0.041345303234099	0.151010367780429	65
-0.019343428745741	0.145795667122932	65
0.079652998383178	0.104324733304482	65
-0.098148102350076	0.538326149883019	65
-0.038382497384474	0.255777668138266	65
-0.018874866999713	0.335150055969455	65
-0.014355184068846	0.272546430946063	65
0.018754707226966	0.292519891957299	65
-0.120646868555939	0.347705848237345	65
0.02715351939322	0.085962170767875	33
-0.01993934635194	0.183210811369394	33
0.094419814923456	0.131348932435554	33
0.10901821303928	0.0639472335095248	33
-0.107694856503963	0.352349787822963	33
0.009419067635031	0.142346737828965	33
0.11965255317273	0.0829472571455614	33
0.039732928003484	0.127564701202203	4
0.076968213364272	0.122123939484744	4
0.106187471766856	0.103512977442796	4
0.109034323375575	0.0654389010443471	93
-0.120620313259369	0.234673777489611	93
0.110828996368015	0.12883916112778	1
-0.061608940215198	0.314586425395153	4
-0.074521258142664	0.207041941545823	4
-0.075738793973427	0.219402713978986	4
0.07856682317029	0.0726918508477949	4
0.075449542624479	0.0742238616060732	1
-0.122441224408455	0.243066730658049	1
0.104980457268487	0.108374486728614	1
0.016041898093193	0.133531012244484	1
-0.105980889652277	0.329702135977964	16
-0.039214149607696	0.270441622575896	16
-0.092785295771983	0.288696823065101	16
0.012909440107969	0.230034144097187	16
-0.019057497388266	0.364260907003669	16
-0.038891993525192	0.419451596199037	16
-0.082776809367184	0.520767415275517	16
-0.001005408829934	0.380023812333477	16
0.067684872754392	0.28122696595885	16
0.034507029505414	0.295813861860429	16
-0.040744230471661	0.379217970382912	15
0.050909178215969	0.277749268313971	15
0.051974615610463	0.259919848732924	15
0.04505897699337	0.24815244755207	15
-0.100451559603911	0.404202340688506	15
-0.035597529511958	0.372375262488426	1
-0.00791232008735898	0.334808469072154	1
0.02256806169368	0.154658642743914	1
-0.064397523190635	1.00604584690122	8
0.075312164704546	0.221631729764575	8
0.017911513552145	0.127415566163824	8
0.073362586685193	0.0734015616059809	407
0.01134597020519	0.219945871862124	65
-0.042437202743171	0.100836857739758	65
-0.035645969395693	0.195536672423505	65
-0.029242608974005	0.193375818139792	65
0.025934769739199	0.252021606739211	65
-0.064316076114707	0.366824482837888	65
-0.098010951293874	0.318292188863122	4
-0.039710077936458	0.0981882479462536	4
0.034239992737101	0.0836118764014185	135
0.031416556691912	0.0847003872064081	93
-0.038749967051623	0.0931433337271039	93
0.073401406345216	0.0750365562215552	93
0.082305785558191	0.134169648489243	1
0.104488230298308	0.138412510128252	1
0.070379840730051	0.220470071216229	1
0.124720138973454	0.1563966579844	1
-0.046977495652805	0.0997073627570174	1
0.117983018085799	0.0600466247643835	1
-0.035289005191559	0.0990514042007715	1
-0.024272041872896	0.326448068392698	1
0.00884824442697299	0.139902621962743	1
0.031665784686281	0.0842510898843265	1
-0.054267906925418	0.229336892548093	16
0.074727303876327	0.174592938492692	16
0.015943297670645	0.204609070994517	16
-0.072634088787388	0.590159141304512	16
-0.025508991090934	0.373092673909238	16
-0.032282029161188	0.456847206290615	16
-0.058325937569552	0.548802504870054	15
0.116175501316492	0.0997427526886863	15
-0.105522698469404	0.649454898944186	139
0.050976267876675	0.247111250922559	1
0.049880035722919	0.140410699508847	1
-0.038701228018685	0.159382886725619	1
0.097871454266453	0.389161539163569	8
0.097532013098831	0.318049752658703	8
0.021764354917207	0.391847749923521	8
-0.033563830247806	0.158183753215161	8
0.077256722644928	0.101573097780966	8
0.074808839488757	0.0727863407789102	8
-0.080513009619665	0.247183739085679	8
-0.066111458088821	0.162405466922794	187
0.076503663938966	0.0733864335556596	407
0.073777559569601	0.204703337657963	187
-0.075923232407928	0.169171907753089	34
-0.043278432586389	0.157098715196159	65
0.110239409264505	0.0648281795420425	65
-0.121727551049817	0.371083733275391	65
0.037094369778257	0.202862865993914	65
-0.119349524370078	0.667691619390064	65
0.008952266930081	0.287307756376637	65
0.03132804655519	0.322301116318511	65
0.079598951980862	0.203427338432752	65
0.02642640440338	0.216484836207688	33
-0.033276571808733	0.096771427667476	52
-0.07343178442624	0.270660626920444	33
0.109523677791158	0.0651915731735346	33
0.101927370805591	0.0923961238084642	33
-0.035994312080435	0.0977392623574023	68
-0.034582953160694	0.0986661766252041	93
-0.028951945060682	0.323123996871072	93
0.109393633306367	0.0641868181550457	1
-0.080381635388921	0.172332692063404	93
-0.077944143740261	0.444978623231905	1
0.016899406108788	0.23031188885401	4
0.080624690413616	0.0721041292168964	4
-0.043467007830353	0.0958964403983994	4
0.096728377509273	0.0672259139586736	1
0.100939952032774	0.0673584662638923	1
0.113474104555174	0.0618190757582691	1
-0.021262423006882	0.257858484238375	1
-0.099673506847498	0.347493057851562	1
0.113092240532136	0.118647426358311	1
-0.062897563702309	0.221419470408253	16
-0.116629010730792	0.266925446800824	16
-0.041375996188501	0.288138776987799	16
0.108174146253623	0.0916476074032004	16
0.081024578866123	0.0711946460622577	16
0.12338156634823	0.153369983697597	16
-0.02579201278101	0.403601004760853	16
-0.074964219088211	0.628944666740956	15
0.011492986478027	0.338531505249561	15
-0.042986043987538	0.270872838382286	15
0.111578261892619	0.0640193786052451	1
0.077911558329404	0.073811227779066	1
0.082115239427298	0.120665926218812	8
0.029035050957878	0.1800523122758	8
-0.119734426992506	0.168689762200438	8
-0.076587548530126	0.172470516713182	8
0.043535138076774	0.120290206914351	187
0.073713682684582	0.23601832046198	187
0.077075970137848	0.0739806404060515	407
0.022884923489177	0.0843455391399282	407
0.118907535077319	0.111401021907467	187
-0.00287063849381802	0.423693165134759	187
0.107466517564799	0.164211367281239	187
-0.014884142406194	0.323804920473031	34
-0.030602426629671	0.0944176489967328	65
-0.083289618289268	0.172513208942299	65
0.077911558329404	0.073811227779066	65
-0.006329059186095	0.267174690523192	65
-0.123433383125878	0.414406348860692	65
-0.004093073479077	0.496784166949531	65
0.053546442856663	0.311516712443692	65
0.071062079407147	0.233201853896239	65
0.124243989872922	0.161718931585141	65
-0.055657785895148	0.458547814910823	65
0.106381975022543	0.173270501181206	65
-0.00916879063874199	0.339887882740932	65
-0.018665481407886	0.14208729931892	65
0.082249854817476	0.0714555548265266	4
-0.078827612067881	0.167832697677031	93
0.028854877127747	0.084925173755538	93
-0.039745292683829	0.282775536014952	93
-0.00807270071008598	0.281263835436729	93
-0.067881881992022	0.162222336946816	93
0.044813864072718	0.182146111353016	4
0.078963941262053	0.0725679230976462	1
0.042177224400575	0.0770295253621369	1
-0.077464010616788	0.171184369902427	1
0.0811062897991	0.117606597434383	1
0.07290270777036	0.216518588010847	1
-0.027411269266275	0.347974574829952	1
0.052562591901127	0.137610969790975	1
0.105055270647518	0.0651517417085737	1
-0.048026621053793	0.279608220758136	1
-0.061846654112927	0.307241805033615	16
0.035519401212721	0.083256115922965	16
-0.035994312080435	0.0977392623574023	1
-0.08210139794366	0.446003183804109	16
0.078740815564121	0.251168008603698	16
-0.113749290222688	0.504919550109867	16
-0.021395636078566	0.468467166626477	16
-0.077273822592522	0.58202248835469	16
0.12400079893436	0.0940942620780171	15
0.032574953149624	0.403049610466961	15
0.030552915258895	0.299329200297148	15
-0.075062757407544	0.628097733055001	139
0.034239992737101	0.0836118764014185	1
0.041737566230048	0.28784658171067	1
0.03336141407926	2.28186335609339	8
-0.008853332399409	0.578640084746968	8
-0.049585371540248	0.583477327230098	8
0.085946091844225	0.305673652611992	8
0.046421542725671	0.269515818738791	187
0.025276281531251	0.199140302058908	187
0.02996941080732	0.0852035144895675	64
-0.105202853408661	0.244851615969345	64
0.101640933526123	0.109777467793591	187
-0.071533640515445	0.608997703142654	187
-0.019352014190337	0.532703151832664	187
0.096165090597494	0.0647220819568805	187
0.036797835902582	0.0824171782810172	65
-0.123751936573504	0.17800462622831	65
0.100644978363872	0.146928819222161	65
-0.06393545627914	0.353815934702585	65
-0.01695997226655	0.468108221173706	65
-0.024756029306082	0.328997884757052	65
0.070424037989301	0.239999299243002	65
-0.114401676952304	0.349405610487674	65
-0.016507436961736	0.204601188975208	65
0.02663710991777	0.0865650191114884	33
-0.032509860274127	0.0977274106413426	33
0.109757693312284	0.0638615069862119	33
0.038840563398083	0.080312215174947	4
0.071089738589926	0.131301304043071	4
0.074632742543176	0.0746221026707891	4
0.052083021138116	0.120101975178892	1
0.039623208776468	0.079418737741119	1
0.108011883163015	0.130895123837149	1
0.016173373991571	0.223230808464138	1
-0.118301453442622	0.23885531513711	16
-0.04080123365146	0.339653522063176	16
-0.09632843066699	0.699401084700199	16
-0.063929405249802	0.498345770074164	16
0.113032643116239	0.209599455623268	15
0.052904271418988	0.229471607795222	15
0.015577841299062	0.365939972832542	139
-0.113071046766182	0.65479515022517	139
0.116295334442409	0.0601534154461227	1
0.096527070049446	0.731657017650767	8
0.123929993020064	0.160311995428719	8
0.045502837723853	0.147107974732741	8
-0.081683742717621	0.250907557674853	8
0.0244093424214	0.0847572330987582	8
0.036613388689045	0.194061388420736	187
0.037051988318789	0.0813548379989081	187
-0.035189581020969	0.236977986976021	187
0.020012718369746	0.337833511863831	187
0.083477928335497	0.0705254507244875	187
0.037310857385467	0.079926235663376	65
-0.035289005191559	0.0990514042007715	65
0.078306052618947	0.0731429062367639	65
0.107975776828976	0.0910229588698386	65
-0.018070246303826	0.227765873460139	65
0.021601008208461	0.0857637384058879	65
-0.040417843181165	0.100155928009547	65
0.073797779712097	0.0750738144338837	65
0.11662874658243	0.111485197271227	65
0.074257730123745	0.110959948922335	65
-0.058693314418458	0.674143828854488	65
0.106371023689348	0.0651757526734742	65
-0.039064472696245	0.0980132319521087	65
-0.042437202743171	0.100836857739758	65
-0.036596483640043	0.0996994327156536	33
-0.070398807005026	0.167076225874952	33
0.025871380483335	0.0866311173483245	93
0.030900582593856	0.0849843454746354	93
-0.031317460278798	0.154035939012772	93
-0.11853916663143	0.36418547135335	4
0.042264909153546	0.216647523639623	4
0.089394526374754	0.228634050758667	4
0.029372652697246	0.0840142355000781	1
-0.031909189559218	0.0962269775366795	86
-0.046539989290913	0.364304546158944	1
-0.032462049264176	0.196040165741989	1
-0.042437202743171	0.100836857739758	1
-0.031240789490629	0.1536969207542	16
0.024588262021397	0.0866954096070713	16
0.081205918034571	0.0706808653179168	16
0.078958504506202	0.0715805975773009	1
-0.12388414149481	0.239637260286233	311
-0.057757489927066	0.358441421621742	16
0.08451245954887	0.284711960485781	16
-0.050997079254858	0.35277321239113	16
0.094401041962978	0.168603995308144	1
-0.087358272777055	0.639399697576542	16
0.021472806599347	0.409054732778043	15
0.083893932621146	0.103394551068144	15
-0.077519706769219	0.685515411038314	15
-0.023116356512186	0.480020250118336	15
-0.096796490546208	0.665694673055291	139
-0.041206449076725	0.485886751529106	139
-0.112433019233115	0.586776089397273	139
0.00100042144741	0.14348977104834	139
0.030900582593856	0.0849843454746354	1
0.028812167492272	0.28324054977764	139
-0.046356375736453	0.22774879989187	139
0.035717306564374	0.20229914956319	8
0.075298726879425	0.267684372720515	8
0.074195088571578	0.0742372782230315	8
0.00854442966324601	0.142469390759915	8
-0.034574361173765	0.155658896233294	8
0.084310384654334	0.0703485961055028	187
-0.070346956787602	0.213406472616725	187
0.001000695528909	0.313247442257233	187
0.06804132742715	0.241790485276872	187
-0.028510852586638	0.152955055980887	407
-0.024714432565531	0.26023411863061	187
-0.00526666268866299	0.30251188746439	187
-0.0793125604571	0.322782058741187	187
0.027657618859085	0.33590516512031	187
0.064270585187678	0.168876113334301	187
0.049376030638628	0.12112188524179	187
0.077336629297679	0.0729409454001449	187
-0.084721179020665	0.35438681614009	187
0.034110005975675	0.185046396649505	65
-0.060824144642107	0.199184315048766	65
-0.123175827787172	0.23698162214789	65
0.041865314409087	0.146796038961202	65
0.062749291652786	0.219028543427671	65
-0.0617556873203	0.42689045369993	65
0.109523677791158	0.0651915731735346	65
0.00854442966324601	0.142469390759915	65
-0.046090668266482	0.252912153845574	33
-0.073662238887128	0.167740585379794	33
0.075272206380824	0.0732718897609614	33
0.086370306637787	0.0680526958319564	4
0.107150458184687	0.0902405143063475	4
-0.043043742972878	0.0994360181918201	93
-0.039064472696245	0.0980132319521087	93
0.035519401212721	0.083256115922965	93
-0.035289005191559	0.0990514042007715	93
-0.117685127356698	0.295901783350946	93
0.079677085129781	0.104801757151976	93
0.027918937915045	0.0858943372982852	1
-0.086886408899696	0.452156174182075	4
-0.079987999376289	0.49203944778226	4
-0.057096189876279	0.306702315171351	4
-0.077492472602246	0.245925089751605	4
0.076698814241119	0.0729116093731907	1
-0.03900312410725	0.221525364488789	1
-0.083289618289268	0.172513208942299	1
0.114960046873871	0.0624384488574724	86
-0.042437202743171	0.100836857739758	1
-0.120253049315694	0.240724374735872	16
-0.080967427890862	0.328336883655939	16
0.121128719228067	0.0968804332403616	1
-0.041124858679836	0.100541425438789	311
0.071535716447641	0.146470325261254	16
0.014770437887707	0.273998917083248	16
-0.041009007543074	0.382098685547889	16
-0.051171589230538	0.509553536446284	16
0.07832727375862	0.211608044403106	1
-0.11348077458202	0.494563312662434	1
0.113659612561407	0.196026556735242	15
-0.118618368704692	0.547643581489892	1
0.036608513297328	0.210851464535452	1
-0.124688194601206	0.58310747694122	139
-0.030280330240209	0.448647293085473	139
0.04329839628084	0.12351020088718	139
-0.025116721854082	0.184034040677143	139
-0.066245411482086	0.20779789570658	8
0.076739924121737	0.271662143060227	187
0.019515621381763	0.13181110940017	187
-0.067372786986496	0.20915834977079	407
0.077911558329404	0.073811227779066	64
-0.092068596429079	0.343224420501968	187
0.081575035263098	0.195384500117568	187
-0.063328848556912	0.587778003753813	187
-0.00802050609549498	0.325888997566247	187
-0.081757043496005	0.169327674157526	187
-0.035994312080435	0.0977392623574023	34
-0.061472458173302	0.25571785521593	65
-0.08540597408966	0.334564741034819	65
0.018824228918727	0.132146104285746	65
-0.014651821624778	0.339398698480937	65
0.03905382600499	0.152288294446942	65
-0.091629394693499	0.467445897270981	65
0.058718089449163	0.250080320243736	65
-0.086610642366539	0.256672093059252	65
0.031416556691912	0.0847003872064081	65
-0.033982658879518	0.0971458489065751	217
0.034224281804366	0.0830592968209815	4
0.109139658694311	0.0902402793738776	4
-0.036596483640043	0.0996994327156536	4
0.032695931301391	0.083855568343684	93
-0.042871421542661	0.0978182005780926	4
-0.071625113634487	0.168771667252165	93
0.073603252457084	0.219073437557285	4
0.00519812510085799	0.377443946108673	4
0.123059485218884	0.103482234666311	4
-0.047684737325348	0.0984689140517854	1
-0.071625113634487	0.168771667252165	1
0.08141804580023	0.0707650577051375	86
0.007237078348836	0.237265097258822	1
0.013115566179769	0.166526845936129	1
-0.069544620214843	0.167438697199767	1
-0.079166328469669	0.171587050389736	1
0.082676391692485	0.0690626287682541	1
-0.031201929265323	0.0970892873098218	1
-0.038054149345994	0.157130724618125	16
0.010045188907865	0.169063485867499	16
-0.047719160419068	0.392634118202073	16
0.093569781457684	0.167886117288646	16
-0.071220522509875	0.397545854516909	16
0.009015056054235	0.169321251530265	1
-0.094707125045832	0.555709077738451	16
0.062388130110935	0.272395022969953	1
0.077075970137848	0.0739806404060515	1
0.027403668117386	0.0858238875200113	1
0.027365366380907	0.200793814837106	139
0.102670460359583	0.906367175070355	8
0.00949240831589901	1.67948273634806	8
-0.03917784156912	0.354081760650875	8
0.041257214267518	0.150955434602639	8
0.050705919643142	0.115543325298688	8
0.047608481944625	0.118091182677704	8
0.010713266944895	0.137122712174962	8
0.065510047843607	0.216340203538897	187
0.100590196569439	0.0661315083190953	187
0.062456679329609	0.186639480064544	187
-0.055747338510743	0.384675060968115	187
-0.00871645229073298	0.430931818979737	187
-0.031925931190148	0.394832972992088	187
-0.046801441472422	0.329803025699078	187
0.054131479127292	0.116831547507401	187
0.059917641457866	0.0701371848116557	187
0.044296155972171	0.121840829673301	65
-0.099293056974122	0.390147783842887	65
0.071831512354942	0.245722068250539	65
0.00114269888260299	0.298084165691149	65
0.099007332822576	0.165632388983138	65
0.073756001416808	0.216729494744371	65
-0.034526114810487	0.0967718264326167	65
0.116519936353196	0.060856591649151	217
0.03321269128768	0.0807045462985185	4
-0.027819990577402	0.092441573517966	4
-0.113409774706628	0.230051011854451	93
-0.027415591706637	0.154208044107509	1
-0.113251882840964	0.358868262331456	4
-0.011699495079829	0.358726042285876	4
0.100587150336714	0.175906602946222	4
0.081434216296519	0.192030696676358	4
0.076249879189606	0.155947605486611	4
0.00938287545074601	0.139575700660487	4
0.117949794889316	0.0592420186629382	1
0.032180626316401	0.084629746905544	1
0.00593276809472501	0.140982881350078	86
0.00956068847362801	0.214397407512902	1
0.080388999593393	0.184462866150883	16
0.025179727112811	0.249458552096466	16
0.032180626316401	0.084629746905544	1
0.086362452745591	0.0683170413975472	1
0.025871380483335	0.0866311173483245	1
0.105848150299835	0.0920185176375516	1
-0.095713464269231	0.437643760103812	139
0.109844671574022	0.194342283090718	1
0.043568663164986	0.296780308133508	16
-0.048947977052073	0.495062686498404	15
-0.071568497519956	0.43984087794679	15
0.042703896654745	0.165171231865194	15
-0.067161797022309	0.543263252946191	15
0.064647853762972	0.185244522702526	1
-0.054742830090316	0.442291634605735	139
0.081857427830582	0.070347004579488	1
-0.00104554549548602	0.311969624048208	139
0.075183416597608	1.62686632627526	8
0.020905787290216	0.387472918920927	8
0.023554179080653	0.127266832306039	8
0.111431133942028	0.0613067281359982	8
0.042296899809906	0.125219741164065	8
0.007539057115549	0.141935232194592	8
0.115316544523042	0.116850810426028	187
0.072615371760007	0.272293654314327	187
0.105859054375822	0.12511131200307	187
-0.078626588274052	0.293458840315668	187
-0.051733623460506	0.310520976907229	187
-0.09948226709506	0.604275785698239	187
0.046761442103068	0.343402329661961	187
0.061979927147142	0.266596563244668	187
0.018319293189083	0.205709224602861	65
-0.025282944972682	0.152534173522863	33
-0.100003869099	0.720494421786734	65
-0.051744622982652	0.375404671586506	65
-0.100811294048732	0.593217066360203	65
-0.092973263927033	0.481211765537886	65
0.07436301402005	0.072185540661787	217
-0.016430733217279	0.140079735291074	33
0.036033088240014	0.0816113923512612	4
-0.026830215285712	0.15392186905024	4
0.027918937915045	0.0858943372982852	4
0.047153188175601	0.278093501654785	4
-0.075392986055554	0.172075917199599	1
0.097992539138938	0.127153805988121	86
0.087853185437903	0.152307127813219	1
0.040134162644598	0.0781883829578841	1
-0.06901538937132	0.163869611417469	16
-0.070398807005026	0.167076225874952	16
-0.091295113468908	0.324206842086608	16
-0.062250197207128	0.331374911789939	139
0.10718028292492	0.19103250882836	16
0.00430756012736699	0.35873107838299	1
0.11705921459032	0.173271124422568	1
-0.057975937193397	0.549610513841741	1
-0.0346195832451	0.50208278809031	15
0.026585669379279	0.306353734265455	1
0.005854850528491	0.347266940521188	139
-0.069959396469347	0.510686231753913	139
0.034239992737101	0.0836118764014185	1
-0.024262392513401	0.21484058368594	139
0.058793540544902	0.352653424953959	8
-0.025379561893248	0.381995152622715	8
0.044742028628678	0.126359174052348	8
-0.097623089730204	0.290767821125857	8
-0.073547820181766	0.212133676268139	8
0.067783974892095	0.134099067143722	8
0.104779469399938	0.0908941809389178	8
0.1049933043951	0.174679660908292	187
0.083475803870238	0.203749877180302	187
0.029226276863428	0.309092819720976	187
0.03948278955436	0.170809545788056	187
-0.073324702853424	0.167355766400924	187
-0.080742469171354	0.166935579650028	187
-0.031623349808799	0.348670829958576	187
0.037737479689508	0.199440678210511	187
-0.051056254330032	0.390975658962909	187
-0.080053088544661	0.447343514686841	187
0.043004612330392	0.221566546625865	187
0.014911103371466	0.16190287907028	187
-0.098855279245734	0.290319261756106	65
-0.10363459849058	0.376015561020525	65
0.11952295385923	0.166206708504348	65
0.016022337533252	0.261310358651071	65
0.111744154774569	0.138255332771267	65
0.00199553017402901	0.305307145314088	65
-0.066989821799465	0.336954953144527	65
0.00593276809472501	0.140982881350078	65
0.076385584655691	0.110348439616267	217
0.07133344936172	0.0754790999035666	217
-0.045909437463634	0.312206885791148	33
-0.072470370407141	0.167050065806818	4
0.052411888932847	0.119266160786142	4
-0.076916234790195	0.219075342361322	4
0.044516963451381	0.121472687803269	4
0.080733838461943	0.105846057912995	4
-0.026098657568803	0.190633995372799	4
-0.077961193502139	0.220280124806455	4
-0.024081060695807	0.151111990739313	4
-0.079521240822125	0.172723977069224	4
0.080624690413616	0.0721041292168964	4
0.008455344223471	0.213074997272555	4
0.078382117464805	0.175942086807666	4
-0.108407480005015	0.315535873104599	86
-0.032023536386486	0.291846671562365	1
-0.083208035163668	0.219379985089648	1
0.079505602656448	0.107027285702906	1
-0.042437202743171	0.100836857739758	1
0.00992210615068601	0.13588766927042	16
-0.09346395545408	0.288545845688361	139
-0.035662484994974	0.194876883066596	139
-0.101048468633048	0.472055823237754	139
-0.103024913933224	0.527359845502994	1
-0.01467274078724	0.399319803381924	16
0.110585803300679	0.167289119587793	1
0.103043624829695	0.202491099889385	1
-0.061373722702647	0.445574434543986	139
-0.019359342950746	0.397367038300145	139
0.104990936413216	0.0946958867970403	139
0.046930013344649	0.143325620632334	139
0.094371590800975	0.115059092629196	139
-0.00594024063215998	0.545778065106435	8
-0.00593019595218702	0.647541638755901	8
0.106592736885421	0.238131167086539	8
-0.072465417904171	0.272677805055855	8
-0.073544811262368	0.218256642057963	8
0.013117421216957	0.136927040999076	8
-0.113371523090624	0.232879410199352	8
-0.060405845027088	0.287776799288273	8
-0.025326434808989	0.514415138876629	187
-0.0287334465453	0.15408086458514	187
0.018385797302444	0.160490659920531	187
-0.018355894814752	0.432053895095483	187
0.091593994055776	0.169540247073932	187
0.020523569066268	0.198138331290403	65
-0.08618379370437	0.281704960606319	65
-0.117895754903088	0.420488925862661	65
0.065977329460955	0.167720013928628	65
-0.073443235445483	0.451746239422903	65
-0.107305148356976	0.350736619576241	65
-0.097465746542809	0.395277394192205	65
-0.03885367997885	0.538758114813697	65
-0.041823234249556	0.352357846349826	65
0.056564314045906	0.227169776154518	65
-0.084400722844257	0.349856747269625	65
0.111948290838341	0.154433988331915	65
0.096954762784857	0.121617134570176	65
-0.030921969374355	0.157227655667437	65
0.111190791361313	0.0895880082992529	33
0.080091433041668	0.143861558565389	33
0.043665773924529	0.126660163153697	4
0.01194621881348	0.132405047365022	4
0.029169507266109	0.179898883767402	4
0.076459794100773	0.109994379610811	4
0.106005295777398	0.0913852994770112	4
0.107214280296225	0.0657594921064793	4
0.039292930743527	0.127660316535473	4
-0.080718142795484	0.172702166041636	4
-0.118319624489595	0.513735042279109	4
0.10157805818035	0.195494067122458	4
-0.045016971609266	0.227041276565035	4
-0.071279364198891	0.16573400129374	86
0.074415212729992	0.199413730614551	1
0.053029566005443	0.158922316048684	1
-0.00868086001947899	0.27932403124599	16
-0.026850990834471	0.321409166073209	16
0.08308460963286	0.0687466305462753	16
-0.041521833091582	0.554777233408658	1
0.082162432981471	0.274781765344208	1
-0.009102421063585	0.238049271320916	1
-0.124711377357039	0.240452258911539	139
0.050167586575151	0.402793346679109	8
0.051016945205368	0.121514405563473	162
-0.118911939731239	0.239257844464373	162
0.045878628610673	0.265508640622752	187
-0.017479783708534	0.524085108044887	187
-0.07677256720947	0.216091660215828	187
0.119358891191806	0.100167504755826	187
0.116162210673957	0.0617360612255862	187
0.077471889207895	0.0724267633588827	187
0.029223364198901	0.17885193171533	187
0.056075363487227	0.158483098979968	187
0.073320205504326	0.286030736008119	187
0.019075084832889	0.455669402388992	187
-0.00669281975767	0.47235760855186	187
0.092243795210752	0.133744613183767	187
0.112583018600914	0.144491042984903	187
-0.039064472696245	0.0980132319521087	187
0.099354118863986	0.150408277542391	65
0.022118967194335	0.083400048573003	65
-0.117655083483561	0.786671816165995	65
-0.108196843832033	0.399831797555555	65
-0.046093603775387	0.359214491191702	65
-0.076587548530126	0.172470516713182	65
0.082249854817476	0.0714555548265266	33
0.113340756156252	0.0872769452975352	4
-0.116233014785502	0.237223681083675	4
0.111443605729334	0.0638884163744545	4
-0.030493920888807	0.0956284205044024	93
-0.029447482520246	0.152758956114058	93
0.041424307283994	0.251230453302999	4
0.083249135493012	0.0695723070769737	4
0.027918937915045	0.0858943372982852	4
0.024588262021397	0.0866954096070713	86
0.042583796374393	0.189576926701725	1
0.079953578362793	0.0711976622469424	94
0.017198146669103	0.185010602477555	16
-0.088297477018111	0.485761972268825	16
0.109913030658864	0.15444260982133	16
0.012229007000372	0.279836990071971	16
-0.080578763854183	0.252492765736327	16
-0.00670421617401201	0.318582999545187	16
-0.050113883310085	0.233401560520101	139
-0.021215878728019	0.361151897113587	1
-0.028813716454688	0.345860173878869	139
0.011597813352303	0.38360066711742	1
0.027126491791365	0.336000599677485	1
-0.050695908783379	0.560351482016537	139
-0.084149198870336	0.171835692441874	139
-0.034582953160694	0.0986661766252041	1
-0.026372676177126	0.423673874550397	139
0.068421836970577	1.11171531478551	8
0.090423342380665	0.79582060648098	8
0.013635715418534	0.601680745698382	8
0.104894229239035	0.361752190328552	8
-0.065986746243038	0.584704569877611	8
0.085510739759997	0.326759900100367	8
0.00835962398735399	0.57548729161415	8
-0.061132392483078	0.266423083442346	162
0.044501761696705	0.12508078296369	162
-0.033334927897053	0.190947192951513	162
-0.025171609253083	0.186502985917059	162
-0.016166341434154	0.42389163795941	187
-0.01342241698997	0.350692193328866	187
-0.124109854027047	0.243700461515902	187
0.074453367980622	0.16093346544721	187
-0.095116177935974	0.535549470522313	187
0.024736228421837	0.234904297690599	187
-0.032789976859691	0.332691314267631	187
0.042829174418024	0.311692765051885	187
0.076289310553095	0.141309565480809	187
-0.073023146467822	0.276203161909931	187
0.057699212396566	0.211302941593198	187
-0.045459673775488	0.252424408980827	187
-0.073342222780316	0.17133576532155	65
-0.076066691067648	0.17178655337103	65
-0.081602046428864	0.657459873487083	65
0.092379146790782	0.149340725549526	65
0.104429371362131	0.158957508241868	65
-0.093088346839834	0.363023133130655	65
-0.091823761215846	0.36757768197881	65
0.059017420487321	0.332921829227116	65
-0.111090990020148	0.61217328145821	65
0.011942329196015	0.262092852944238	65
-0.072919559878292	0.316499160539976	65
-0.028130259352871	0.190909080140332	217
0.019197239904658	0.224424484220605	217
0.103930939775604	0.0951347826352343	33
-0.068267136811997	0.21363835493951	33
0.075200607197947	0.0720128335227204	33
0.093056478879528	0.113908823836827	4
0.110990456503493	0.104967348151216	4
0.078306052618947	0.0731429062367639	4
0.038024982563026	0.128929682775251	4
-0.043192678752684	0.158925965464985	93
0.081650549444587	0.106183079293702	93
0.055782395992998	0.134857729050256	93
-0.034301368883808	0.294535947127408	4
-0.092516919209094	0.288058870525317	4
0.04663785017945	0.265776700638275	4
-0.118301453442622	0.23885531513711	4
0.113514110125404	0.11610688758395	51
-0.092499649209794	0.305943717841492	86
0.000539757409013991	0.145248250489834	94
-0.034302721935342	0.155173082491487	94
0.00670942006536701	0.172129899326746	94
-0.034954201254404	0.24342908242958	94
0.081578768212056	0.104405059487919	16
0.045549803490394	0.25243106517344	16
0.083934404486345	0.124420274964093	16
-0.069428076154207	0.214707717379883	16
-0.088975021041845	0.396685194952042	16
-0.025875583354673	0.152436535790258	139
-0.060374675005532	0.376770000353279	139
-0.00497321318890998	0.390662368784366	139
-0.00957595379954801	0.430069378116071	1
-0.118919707191211	0.697710912233172	139
-0.015826749150736	0.382945990606995	139
0.003214679615202	0.29846307964673	139
-0.1024710837383	0.578632065239817	139
-0.124567783212327	0.511279288954896	139
0.084889829090088	0.103033944201089	139
-0.088846067435406	0.316444808995395	139
0.119781264846692	0.7346679980447	8
0.025540427219921	0.576329931830234	8
-0.083430658587742	0.98446044475818	8
-0.093908838503745	0.874229862819994	8
0.058461972992745	0.216083757658303	162
-0.079480587486012	0.403756219738385	162
-0.081705913824498	0.404042861836254	162
-0.05926894647043	0.33867214825314	8
-0.020102926128479	0.279343412373201	8
0.11478976266493	0.180335019446377	187
-0.091230680319901	0.426630427403879	187
0.00282156028531899	0.238439515405175	187
-0.030675645182779	0.255048095754722	187
0.039078874651896	0.222486801364265	187
-0.03568989326154	0.434241105510206	187
0.009128355471409	0.280024302406497	187
0.092805892495463	0.151887329425986	187
0.051369965574782	0.163266707504147	65
-0.019280126835113	0.237602364989509	65
-0.036126796502213	0.315556936346471	65
0.038221874243969	0.273898175018431	65
-0.075552440755856	0.548044887259709	65
0.015597272217629	0.399407774306107	65
-0.121703427695527	0.416809650565569	65
-0.108379337697586	0.360552717463923	217
0.080486772251344	0.141004595600892	217
-0.085584312311683	0.276788615123766	217
-0.063133552993276	0.265043322540284	217
0.022731655086012	0.254032325850134	217
-0.011200847195219	0.205630132897067	217
-0.109105888437606	0.324504826856003	217
-0.048755873751225	0.246408159669771	217
-0.00513114610300902	0.26624826845363	33
-0.091634915652379	0.285190030155346	33
-0.047449183817143	0.276935756880904	33
-0.058358883551359	0.236757180414068	4
0.055390223623373	0.160775004965116	4
0.046502274376515	0.16149506373417	4
-0.083145725464455	0.276305414155814	4
0.033633481632448	0.154912458293896	4
-0.046644061991895	0.222864466340457	4
0.104898625495264	0.106244870783424	4
-0.051996732325912	0.229866887424736	4
0.013219740418583	0.209386961025303	4
0.030582900571537	0.196442322049224	4
0.060171668835129	0.167460520568905	4
0.100389399291797	0.108082415336563	4
-0.009228811962536	0.307487723683626	4
-0.015913220460183	0.206231589728809	4
-0.123880667625105	0.280124433972357	86
-0.109454182989145	0.332320012545414	94
-0.00289576452689	0.240763721713674	16
0.024831859846126	0.220170282623183	16
0.029169507266109	0.179898883767402	16
0.114761440902186	0.11479984136763	16
0.092243581010161	0.146115437073587	16
0.050765721019296	0.165157698376201	139
-0.039904811905233	0.333563143781361	139
0.097730795035876	0.234848103406723	1
-0.029225904698234	0.308566889253491	139
-0.022198073966208	0.272089113452875	139
-0.108160243792982	0.357034452159355	139
0.095442398289691	0.187574630195323	139
-0.081079200502753	1.07657031522025	8
0.117623296933301	0.272569650310092	8
-0.056034060550609	0.775058403706109	8
0.059451932033254	0.283000729301421	8
-0.077647607150171	0.502862467283879	8
-0.093066756586157	0.489435287057411	162
0.107330044061539	0.156753304422353	162
0.026859372861567	0.302652669734502	162
-0.00113027923682602	0.279303997638917	162
0.116720823954775	0.146090749966262	8
0.069900773403636	0.182121936873008	8
0.00291737586108501	0.399617523233073	187
-0.088333268142665	0.485935017525861	187
-0.010003338505197	0.360344200604789	187
0.043817807971733	0.22034238946269	187
0.091096156751732	0.171859429551865	187
0.094220672284369	0.191697312697197	187
-0.077794073537542	0.5159494143344	187
-0.084881920701945	0.334284457458395	187
0.028155455960569	0.218094002917165	187
0.077997687558226	0.153510591930864	187
-0.108199540361112	0.436589242393658	187
0.048305910794032	0.189233403508316	65
-0.096864892472231	0.350869897374478	65
0.065512402810739	0.186401035118929	65
-0.036428373861402	0.508116617163715	65
-0.118795444536422	0.695510104638911	65
0.096941933234687	0.229616257918493	65
0.083734701125987	0.245853121762698	65
0.022480914294708	0.196798084164591	65
-0.027285853936748	0.285318438277391	65
-0.113089551642434	0.326898981489848	217
-0.100506105138548	0.2920922336287	217
-0.050156398742355	0.282183074301607	217
0.019895689556781	0.242460387877075	217
-0.057917617438795	0.256247839264141	33
0.07558143031512	0.161382503025211	33
-0.000504449458470002	0.223281141272121	33
-0.091559748004917	0.288124385929726	4
-0.055524056196	0.234263178880921	4
-0.123845956539249	0.237799289195154	4
0.057301950749128	0.170853076463952	4
0.012887874181932	0.186614711823175	4
-0.087597145341101	0.340550661245759	4
0.036564613371963	0.172736794769317	93
0.075341399733387	0.126232455883652	4
0.041552271596407	0.190498442379667	4
0.075095167429804	0.187188229220099	4
-0.060840077232631	0.311972420303126	4
0.049920747540417	0.165176501604447	4
-0.05851608195697	0.286410915903296	51
0.00594456013211001	0.172110123066334	51
0.108180107568803	0.12127670424145	51
0.068465264563935	0.131539714886289	94
-0.020807981532616	0.232698726269147	94
0.000855983670222993	0.2588472755994	94
-0.024666450577874	0.251621292415593	16
-0.075207329941326	0.296166099720702	16
-0.020638722715118	0.235395162110348	16
-0.089468830657133	0.254538366448564	1
-0.017332799341277	0.207016931964658	1
-0.101041521970151	0.407485028184457	139
0.063231009836068	0.210096241417431	139
-0.029287060634225	0.19268349858246	139
0.00716262247379201	0.333497280740422	139
0.016631338453168	0.251666070975452	139
-0.037126378902403	0.154752061296204	139
0.016073501744848	0.295006460740211	139
-0.031556303532206	0.527777803901701	139
-0.041918230247039	0.277500082506265	139
-0.123695313983098	0.399765703025524	139
-0.056506062665481	0.9157032736994	8
-0.049419726519434	0.820340983418187	8
0.066292056707362	0.412986335969309	8
0.063504389991243	0.41313110117665	8
0.053424844422454	0.271341331563856	8
-0.026228334793551	0.252752893600633	162
0.041777710970979	0.203428580969176	162
0.115743822656001	0.125529546891088	8
0.060643272446237	0.298716391773549	8
0.076035247622698	0.241541144871569	187
-0.052423413536666	0.508171889899121	187
-0.049177589246844	0.537584566950847	187
-0.041629213970792	0.345345602957543	187
-0.072534438190719	0.327558567980958	187
-0.018601774258586	0.380803105242972	187
-0.096362946429776	0.583748137160112	187
-0.00066087622584099	0.402184951219288	187
-0.027482436163895	0.365959653952977	65
0.065106571337188	0.16801291388852	65
0.106973871134907	0.214274924412384	65
0.00693564352456999	0.306667779980396	65
0.05445468582912	0.306881133939447	33
-0.111459004422582	0.607665208878295	65
0.033387286758293	0.24577248454738	65
0.00113701438897201	0.278550794507738	65
-0.017909709946801	0.276180045786511	65
0.10941674392603	0.154960484890462	33
-0.022490452639147	0.211479961251721	217
0.112041998481365	0.102659654337337	33
-0.084283043835022	0.24401698618596	4
-0.096619091980546	0.397954707182679	4
-0.051407390908688	0.187443183163586	4
-0.106454075746993	0.425111952211108	4
0.027336603762328	0.236529272536853	4
0.04105262575237	0.241192765553554	4
-0.00256719307364101	0.302612223606396	4
-0.070088474652932	0.326180217043555	4
0.00216248565055799	0.171982194532804	4
0.051464426278473	0.11878675820095	4
0.032293025273943	0.20721238877298	51
0.071195256258741	0.163151301067983	86
0.121806404186514	0.0838866488916263	94
0.086139671287866	0.150736540874743	16
0.03691566737162	0.171746706684543	16
-0.116180677357883	0.373684013358926	16
0.111196952486152	0.105307957384641	16
-0.096547799495824	0.493316910245516	16
-0.075392986055554	0.172075917199599	1
-0.074012211584738	0.170286908800974	139
0.080898776232088	0.237624772339438	139
0.054908765077251	0.276788300277955	139
-0.029786742527112	0.567251589344379	139
0.052899585853164	0.259939406189823	1
-0.083174341600244	0.503309889705338	139
0.118935296663533	0.155076630519399	139
0.025963205685326	0.697377968684111	8
0.07213730097526	0.411533347204267	8
0.00751869153978599	0.564722205941673	8
0.044435680633988	0.347680976500419	8
0.052287410708794	0.448671562790532	8
-0.055326994898324	0.584058674247519	8
0.108781034437031	0.150082749578639	162
-0.031440648943589	0.285903593169061	8
0.10454695420583	0.138233437780207	8
0.109207539794078	0.140846587596504	8
0.056493599742247	0.206071903639461	8
-0.120899261647181	0.643174093076118	187
0.045905883743878	0.287934410409378	187
-0.034295044135157	0.439554484472164	187
-0.00474779269062597	0.324795116271148	187
0.082645274903587	0.138688445304289	187
0.086962020871272	0.135528696965297	187
-0.054836584353685	0.459447629527107	187
0.011970177891694	0.285594866010276	33
0.05532844160151	0.175495881464035	33
-0.038031058077772	0.249285358139842	33
0.074728969174763	0.172754405879967	33
0.078662250263213	0.171559899295472	33
0.042001671268264	0.206220067863645	65
0.00359027121014399	0.240380688749119	65
-0.039313788849627	0.275386368784594	65
0.10623548191951	0.135657396821421	65
0.119882213992052	0.108475346842411	65
-0.057831701289263	0.503647872404772	33
-0.047013557123914	0.500212036613695	65
0.117974723531954	0.114263494542099	65
-0.016012701048066	0.207483581010452	65
-0.010115334273227	0.202023583631423	65
0.02952323140063	0.19817574977948	33
0.066430643474853	0.129656240397446	217
-0.086920727784978	0.47379344497324	33
0.103428554222815	0.111616033638248	33
-0.08888007259492	0.259758206290338	33
-0.00663831496178502	0.199848265110893	33
-0.084695379570805	0.255858175169161	33
-0.067182821090823	0.259204550792443	4
0.00551106222877301	0.19259582349804	4
-0.016791240512159	0.297132183126752	4
-0.057206690960989	0.310111870806404	4
0.00283546910183599	0.205678725541951	4
-0.071227746179889	0.276113625787531	4
0.00194185534574601	0.19874806135843	4
0.041388455370765	0.124666684572857	51
-0.026162942921162	0.191150183582839	51
-0.023580698733533	0.213704918164397	94
-0.08236013182813	0.249178761491135	94
-0.113761929730068	0.231350863415564	94
0.056124379547571	0.159264982020592	94
-0.067509077904692	0.267943717579735	16
-0.026073974756724	0.257264826550998	16
-0.027108676507267	0.263400184274673	16
0.117529774565608	0.0993128904040655	1
0.039300390830021	0.264755691864973	139
-0.030524651528794	0.378315149884979	139
0.089475958786585	0.118756483559711	139
-0.035921445549462	0.335854715426074	139
0.0661181730071	0.257953855420922	139
0.110911640630188	0.177618612211232	139
-0.00972018774772399	0.414928886098434	139
-0.058801173948718	0.310136932954121	139
-0.027006236241198	0.342777543216447	139
-0.107996688618705	0.354945715143479	139
-0.028376541436556	0.916246880803403	8
0.068720755560735	0.414062159500795	8
-0.035482703675469	0.898336150123454	8
-0.044541702395653	0.846786546508216	8
-0.100056750127818	1.06541181505293	8
0.030383304305784	0.538208051444701	8
0.101973051271661	0.273403328834314	8
0.116915819067461	0.115050636571835	162
0.11397590055141	0.114913871079041	8
-0.107723400446993	0.461918580631071	8
0.102626257489823	0.153471390489793	8
0.071785266609824	0.158701060992936	8
-0.027430339906588	0.506450037590477	187
-0.071162727166232	0.454352730684364	187
0.092749149113049	0.116166333260775	187
-0.122911544811663	0.669194486774611	33
0.048605671253448	0.165025991208675	33
-0.084868711818166	0.305490850542724	33
0.096446264100048	0.127288087197665	33
0.065759615311746	0.283179587044803	65
0.037294785955981	0.238268103375517	65
0.103449200877859	0.161829137391767	65
0.108629782881101	0.157567982479722	33
0.080349328902322	0.126253958695547	33
0.0399873894012	0.151170557358568	217
0.043447827158874	0.165774741044428	33
-0.080304597576304	0.300784041634005	33
0.102788018651019	0.0933957480266939	33
-0.018191861928843	0.269901538295909	33
0.084922942113202	0.103006086339176	4
0.040445481897947	0.151230312674516	4
-0.067114541005812	0.209373641103187	4
-0.066211066265012	0.209126200432577	4
-0.098585432733968	0.260321158586633	4
0.009688188624635	0.214444098260378	4
-0.045647177441293	0.342781215180919	4
-0.112830047851563	0.431396107214275	4
-0.122731638168045	0.276976919192677	4
-0.089223236932844	0.407990866378862	4
0.013383788241797	0.189250127943464	51
-0.018151572923621	0.27656290406406	86
0.017802831727068	0.240502226191269	86
0.00469036507715401	0.252934351974362	86
0.08172287459614	0.106577237237142	94
0.008145092054409	0.170978856621822	94
0.086357348382679	0.190197672530578	16
0.108613790314978	0.135657799160036	16
0.06606582770685	0.209339897850147	16
0.064829947151855	0.232853648844382	16
-0.029268571637374	0.19369801297491	16
-0.020325952683569	0.145564746874961	139
0.092044084226833	0.148861260930222	139
0.07296662506021	0.161285521166466	139
0.055597730110287	0.267159035970103	139
0.052729234474887	0.301667556179679	139
0.044089539547721	0.26248125312156	1
-0.09739976345017	0.618846539743171	139
0.072299179988579	0.270162941025973	139
0.08497652606674	0.151248620572496	139
0.031781957781748	0.155175924071026	139
0.031806593096952	1.18700758804505	8
0.07365473100631	0.606863619630586	8
-0.00606120642920799	0.770289048869713	8
0.113698637143571	0.294961745194888	8
0.027878532691073	0.498676475814697	8
0.097765121261524	0.287226724919874	8
0.09035820968071	0.255744993051969	8
0.089777566913953	0.193841270695297	8
-0.063614720964934	0.365214223146871	8
-0.00448574685945302	0.287262405007431	8
-0.03457020136036	0.31309242029495	8
-0.121893318522037	0.530080700900482	8
-0.00245240907014999	0.265632730717045	8
0.109382935165293	0.142203261443826	187
0.124722529893898	0.151505080860803	187
0.058322727143496	0.26803752134946	187
0.045780131370375	0.23344852766155	33
0.038641816661744	0.2712848291883	33
0.00513202647650901	0.330833493725192	33
-0.033454764484615	0.305221898042776	33
-0.092170535377356	0.316285538034701	65
0.034025258848599	0.191878496920794	33
0.06551996528771	0.268569386894081	33
-0.06776913098067	0.544558283726976	65
-0.076347767839417	0.48250607745034	65
-0.070113266646486	0.366979048794056	33
-0.124386336459229	0.32900056929306	33
0.090431392001723	0.119633147391999	33
-0.10411348806395	0.347880616150192	33
0.006263529261616	0.166916244276221	33
-0.083323873133094	0.311322927167429	33
-0.043847302389042	0.253305368296875	4
0.102963143917912	0.144841796804155	4
-0.019163385921615	0.211687154075564	4
-0.045436403311317	0.250410411592419	4
-0.097670775671884	0.364261591637179	4
-0.061644672346964	0.361272467040587	4
-0.012144638566743	0.349335404670638	4
-0.013422733960863	0.29110296167884	4
0.10425930959668	0.110904363235583	4
-0.020849320504777	0.183544997170286	4
0.059893210750728	0.17610078039393	51
-0.092828221149248	0.281696856191179	51
0.042542155371155	0.161845944871965	51
0.010073102495114	0.254667575631496	16
0.07288053732917	0.147670324058727	16
0.108275823293022	0.12033865904858	16
0.026912793677518	0.261213579897179	16
-0.036875538418765	0.275292719902472	139
0.06367039461773	0.245448322351356	139
0.108761716936002	0.191342257750615	139
0.028995408033586	0.192774175504064	139
0.023673559464616	0.32332567674256	139
0.093520946141306	0.170267086728851	139
0.03479621674139	0.212647232198299	139
0.087721013828683	0.255137465960485	139
0.00562609244524001	0.396704185033431	139
0.088259460505234	0.164606068448373	139
-0.019452396283136	0.309800112088787	139
0.10697781607691	0.14456063558668	139
0.104388386001546	0.134873132051633	139
0.077493012742351	0.655489789911189	8
0.113312977119202	0.354099784321953	8
0.036214612818579	0.347178108440086	8
0.097265180110117	0.222877103058142	8
-0.013641880585453	0.403471333045006	8
-0.013544658800899	0.416401179432306	8
-0.110995182963433	0.69164885496972	8
0.034495613728818	0.350335054895142	187
0.066089008888867	0.181719518053821	33
-0.058224377553991	0.261017139961663	33
0.109092761428177	0.145476359473716	33
0.0278346894535	0.265809769080932	33
0.064542824785983	0.215122772398193	33
-0.012496841145934	0.495891480105741	33
0.111325876249879	0.0895138667397854	65
0.035907802413426	0.210630800991434	33
-0.094228876248324	0.389540227426862	33
-0.014071654918204	0.276022225151171	33
0.011731273639599	0.248941069613411	33
0.097288593655889	0.185415375661677	33
-0.060527230913909	0.363167349768934	33
0.027630463640483	0.249116645915073	33
-0.122520827201231	0.472649850046506	33
-0.115217908602773	0.515380239886777	59
-0.048046283341344	0.38398622808783	59
0.112407848418591	0.131183460711164	33
-0.014317656272129	0.286596691655471	33
0.122229389112846	0.118106582550167	4
0.09607722195698	0.12990718244632	4
-0.033114893236527	0.328267005242045	4
0.124173919270119	0.130600843748674	4
0.014925601231876	0.217031468536243	4
-0.06607056261125	0.448375453236374	4
-0.088629059788904	0.463782693925331	4
-0.121814556107031	0.476340888447283	4
0.043138068970974	0.247842682097995	4
-0.0563198982168	0.333687946210935	4
-0.113198279940506	0.384173872491413	51
-0.081048862011108	0.32426686087084	51
0.042016052021613	0.212969646261542	51
0.011341146443926	0.250572336063117	94
0.080965865461361	0.172019509644505	94
0.056390150726924	0.175139142342366	94
-0.122649109461521	0.407773903292522	94
-0.086996901755658	0.366958737642069	16
-0.022408348413218	0.393057787159575	16
0.00969289260546599	0.305530301785807	16
-0.03042328267898	0.321830989609043	16
-0.035159045324023	0.35184988216305	139
-0.104542661518041	0.566385537076605	139
-0.059459304014431	0.491065525743656	139
0.02793338530958	0.318720812020286	139
-0.11176057805676	0.598185573888091	139
-0.11520478078511	0.758054021231955	139
0.013631650259497	0.334542560894255	139
-0.084729891271208	0.478867326530236	139
-0.110523106900877	0.686925539053209	139
-0.086744102261807	0.688786946134826	139
0.11069249038119	0.12104103601843	139
0.046687634924654	0.333944580996769	139
0.085904928505817	0.139007321124638	139
0.021476445826117	0.235405271072227	139
0.064733342612174	0.285138973028773	139
0.01209470699445	0.340217148844563	139
0.103239462344606	0.597895437328957	8
0.082048776604342	0.545522717280545	8
-0.032958551625781	0.266608640095689	8
0.047688019495356	0.183645084705924	8
-0.026035531557538	0.21576363753535	8
-0.052668931986214	0.282614178344645	8
0.099696528442709	0.172028956153902	8
0.002859666584246	0.428453809011491	8
-0.047804643247148	0.487101710895623	8
-0.075392986055554	0.172075917199599	187
0.062500217027771	0.125864807184885	187
0.00802491086996401	0.25018854847363	187
0.029798995094595	0.27683240619083	187
-0.082624621445022	0.429831280733483	33
-0.086712014698569	0.561287057055291	33
0.081552202181901	0.254464273392692	33
-0.110729995518214	0.591994157768942	33
0.092300579041088	0.197381915717694	33
-0.114956834392435	0.359040461406009	33
-0.017948478618433	0.297604828673095	65
0.042265816811625	0.372290533209481	33
0.039834924131848	0.238504943011033	33
0.0423806855748	0.270479213995262	65
0.101671482036677	0.152901460223989	65
0.035342914131557	0.264435623875035	65
0.043282676204954	0.266840478555414	33
-0.123017130662252	0.243334370827346	33
-0.053512521798107	0.236076984774787	33
0.117144157331047	0.09894712880914	33
-0.119610591584299	0.234027384736799	4
0.00668482636839901	0.14191861505736	4
-0.00175646772492599	0.144173322861604	4
-0.117671212881889	0.267355443642637	4
-0.100125597639181	0.362322610600299	4
-0.08441725325468	0.36400564354762	4
0.116586990043881	0.131692760385707	4
0.039667991953471	0.12743466667162	4
0.062034166691581	0.173880565189683	4
0.090985042559993	0.112936234662682	51
-0.052713358874291	0.250386690433528	16
-0.080361152406798	0.171980693927773	16
0.087191857300206	0.132804762223184	16
0.017156838484767	0.327037305617141	16
0.069196108031952	0.18367910939879	16
0.078644589041224	0.105697362407902	16
0.106009138674737	0.066367261326439	16
-0.030367756719763	0.153610417260878	139
0.106149943327543	0.109500470235134	139
0.064629597665517	0.188664025428801	139
-0.050498147508027	0.44653074863839	139
-0.018261309371265	0.440511639856328	139
-0.10128450118526	0.544759885559654	139
-0.00517349859773803	0.485923707352099	139
0.071006530290677	0.270833280462649	139
0.016196010749514	0.362677751870815	139
-0.033266471179784	0.158108773036549	139
-0.043119791418844	0.599647272668922	8
0.100005847506035	0.404334633222875	8
-0.124002844513729	0.275256398763688	8
-0.011528799466554	0.223002619951644	8
0.109057639548071	0.208529837933213	8
-0.096596461005892	0.879758906203033	8
0.032064706134496	0.150492174106905	8
-0.118146630130565	0.238225224452623	187
0.053424906034712	0.118435263248583	187
0.07545290268306	0.108879481325028	187
0.101444966511598	0.112552802427955	187
0.069783730663358	0.333841654260132	33
0.069049578898008	0.130683670361102	33
0.092585066530014	0.227710262297831	33
0.04164953523672	0.457067096521726	33
0.05081510673991	0.538288352981574	33
0.064703220384119	0.254155121660293	33
-0.041940452181421	0.465488211642603	65
0.042712166790082	0.29683860823011	33
0.100346069970673	0.148985490917397	33
0.013720231953483	0.206990529150729	33
0.042838397029472	0.125600768539762	33
0.083777675193541	0.105251927896135	33
-0.073324702853424	0.167355766400924	33
0.028687250875602	0.0852735688983957	33
-0.110564386790216	0.226883522640574	33
0.019462129284239	0.25821217415527	33
0.079582297174112	0.108144386222227	33
-0.032514113336008	0.192105017061777	33
-0.073677476587922	0.171737957631577	4
-0.027999949435458	0.156058582794828	4
0.114591983813856	0.0619844701664747	4
-0.074178044848475	0.166713884552222	4
-0.00796389756871801	0.35840641542885	4
0.109098167724649	0.0915924675928386	4
-0.048312409410872	0.443448639673231	4
-0.025448698065077	0.53125053701804	4
0.119791635525372	0.0572348052137687	4
0.077911558329404	0.073811227779066	4
-0.068353669495312	0.166099262810317	4
0.046399749386099	0.120976288563325	51
0.072566054594021	0.0754884620664148	51
-0.117588928806962	0.230032611096114	16
0.065845159230046	0.150098478070496	16
0.069103937087283	0.151232646313073	16
-0.073999268402797	0.166713350489813	1
-0.01190275840039	0.270326501198988	139
-0.063911344212844	0.508267634289697	1
0.096598000148538	0.254166322443468	139
0.050687283988113	0.35050502929054	139
0.020042539737027	0.39692000652869	139
0.091251675342802	0.1489703949623	139
0.079962535184009	0.27991827280128	139
-0.031322394761461	0.153705523350472	139
-0.100167258447181	0.707867151682872	139
-0.028172284044235	2.40862943477266	8
-0.024323014846313	2.19084510441517	8
-0.070402996311925	1.34472103254832	8
-0.022766717240121	0.344713304809073	8
-0.00194355870143198	0.29474612212388	8
0.055043293806346	0.199826487875894	8
-0.122129867325497	0.734264833015058	8
0.046287815164401	0.316903383738005	8
0.060736137139235	0.174998556627749	187
0.052068574984708	0.304450381380788	33
-0.094322348399904	0.517734421473358	33
-0.08910914381881	0.479516883468929	33
-0.068219104211404	0.320906603783953	33
0.06675716343731	0.193130011550605	33
-0.028007161668306	0.285045769808446	33
0.116163522138582	0.168592654591183	65
0.018132416326689	0.220061400027483	65
0.056331001106429	0.172788912207503	65
0.050299491291278	0.162037295825029	33
-0.021849440382849	0.513301632246257	33
0.067155014530726	0.220532908790518	33
-0.081212516814807	0.382568108161477	65
0.00968795176932699	0.379169653357763	65
0.024476833268	0.220349581665537	33
0.051492900120046	0.261477391001677	33
0.098577889838811	0.110759258219922	33
-0.015901211168545	0.207424460544877	33
0.026074577624608	0.179123458264189	59
-0.065020512806209	0.269690361458601	4
-0.082803276881941	0.403889241985309	4
-0.080443481401865	0.247800413579123	4
0.033971484636705	0.153285351131167	4
0.033859800050741	0.172047683294862	4
-0.029807055110722	0.234982874971867	4
-0.124587049506321	0.488830101213818	4
-0.044950521768129	0.327640162622428	4
0.12381057339386	0.166195009643909	4
0.116975047857539	0.149943984457644	4
-0.03479226320341	0.371744539305549	4
0.083850079691829	0.139743652590083	4
-0.050017978420902	0.230773169543531	4
-0.050234198879076	0.225498774964836	4
-0.070176648549116	0.274116875939157	51
0.035984008214449	0.153166250492194	51
0.019666892460856	0.180233676333125	16
0.010387446686738	0.289872463781053	16
0.074423732736309	0.175425882859628	16
0.069259028294405	0.227933280848428	16
-0.002037780251467	0.370910708840214	16
-0.120777268485528	0.272799366207081	16
-0.050521913805908	0.228973826267509	1
0.060208858678696	0.154678656182479	1
-0.096357863787851	0.485511163969849	139
0.066446366579712	0.19518095303577	139
0.048077067211696	0.288791673743835	139
0.037214818027948	0.285202837022697	139
-0.108635259705981	0.72486475965749	139
0.112749071191283	0.203060460884838	139
0.026017089828382	0.288323771497642	139
0.025454703018806	0.317257660151241	139
-0.000548434703658007	0.402792123030249	139
-0.088824615110633	0.49276585367996	139
-0.083842240330974	0.33479131475831	139
-0.109143542679387	1.90300526807896	8
-0.00943767042369198	0.901258482269359	8
0.100432533562328	0.363571060970592	8
0.025617560373238	0.503632234063175	8
0.05795463245661	0.35574927062348	8
0.071690910535924	0.188275722659009	8
-0.097085136903816	0.374648926165262	8
0.082592673351789	0.152900918584362	8
-0.028432876981673	0.267205537654412	8
0.0766909758813	0.128438578758722	187
-0.050246605307381	0.247426897341891	187
-0.057515191063166	0.286586595628704	187
0.124583889928884	0.0952322723076216	187
-0.034528776814937	0.196855057837388	33
0.03127417919396	0.178090889187152	33
0.011225119137901	0.168757285250447	33
-0.057910375048794	0.285404271746257	65
-0.031569942324066	0.290673000585849	33
0.010707390431647	0.306770374256358	33
-0.045834105987907	0.220541855266316	33
-0.068378516754579	0.272013845775828	33
-0.043912053551526	0.250388471845617	33
0.083880924477369	0.103104426724011	33
0.122847044302148	0.0805535366285064	33
-0.027136597874434	0.190719974664229	59
0.016376887422699	0.160407358400724	59
0.085745516549263	0.123030867269146	33
0.060076813767162	0.149176414347344	59
0.073255219381579	0.108074640469828	59
-0.062221337052021	0.26225616328718	59
0.001112847858805	0.141829771597426	4
0.115700763711596	0.101428190351236	4
0.10172096125742	0.10458091801092	4
0.00368393531361	0.142821034659265	4
0.00555661704945201	0.142864305527906	4
-0.041843893247908	0.221054153569649	4
-0.113312039654538	0.359276235401139	4
-0.063395474953496	0.159681429628466	4
-0.034274448164957	0.244819411121563	4
-0.067245467555775	0.213344896067774	4
0.00692988159211	0.168930116900772	51
0.061807161590671	0.13848037877848	51
0.00347921386758501	0.145095523251526	51
-0.09548678783141	0.28358577322085	16
0.022358911973345	0.205029584612379	16
0.110428704704627	0.087768712691875	16
-0.117473711349876	0.237261462140681	16
-0.122635511893509	0.3699198043007	139
0.011545383651349	0.139271248214267	139
-0.036816586778254	0.238998128252549	139
-0.122520701341287	0.243041483171365	139
0.085790897681873	0.151947922139532	139
0.072757086022365	0.146328860506249	139
0.021828786520808	0.205481365139509	139
0.078748184519452	0.0730994087275723	139
0.043093199004331	1.15790979684437	8
-0.056663671205859	1.00343472607354	8
-0.05788885482109	0.505883626981066	8
-0.019724472366289	0.324898511699292	8
0.011358310866595	0.341776025827905	8
-0.040497505259466	0.422090952226846	8
-0.08997703092597	0.545165798248356	8
0.069176111414371	0.18209554206273	187
-0.00874332598979399	0.442181168866564	187
-0.115654587372595	0.417390075752627	33
-0.0437315433011	0.292123879228851	33
-0.034410126452059	0.350747639349857	33
0.061069973339615	0.218949063707	65
0.117647051820105	0.1274666877707	33
0.025368842622756	0.356761181046784	33
-0.088118894352049	0.57065576337029	65
0.099680105077772	0.204221417758767	65
0.070208068808402	0.238033610575483	65
-0.03535668132218	0.272167753213896	65
-0.110137883550354	0.332032862997661	33
-0.055377381975838	0.288788943924432	33
-0.108313360641919	0.460404651928939	33
0.110830828659214	0.146243747012889	33
0.088653439950473	0.151029251332431	33
0.045516990514247	0.201420371863623	59
0.050037898920304	0.1967751498648	59
0.064752456141393	0.16995160691394	59
0.00467007888305099	0.230828131873954	59
-0.00897366824208401	0.266016252173792	59
-0.00182112253512201	0.240968473286688	59
-0.106668217941357	0.481093607896792	4
0.055461320049277	0.169720839017737	4
-0.100101088563097	0.404314659593555	4
-0.067917673314556	0.340901154175535	4
-0.00244952043767799	0.221880994865662	4
0.00351736137550501	0.207836999057865	4
0.01949655732564	0.252979920805212	4
-0.041739432705185	0.277460791766243	51
0.061974271149424	0.170769744793251	16
0.100083191939789	0.12665277108823	16
0.104577233708864	0.110835075002376	1
0.028894488291447	0.230140635826707	16
0.054773606270361	0.195407114000528	16
-0.043167773001024	0.343718014271929	16
0.031045657485312	0.243646489550312	16
-0.079121772468443	0.30545508500314	16
-0.042037704376308	0.369142038614375	16
-0.035259433859031	0.370112523136335	16
0.113658713728976	0.16540479501125	139
-0.062375746020811	0.381089442905526	139
0.013167285196812	0.294865881568787	139
0.039630453878346	0.333028618888715	139
-0.069532386268965	0.440345596190333	8
0.086333954738724	0.165518810259459	8
-0.109537150421941	0.45859555380541	8
0.043280943077536	0.236164460250206	8
-0.089411268801489	0.338149746789669	187
-0.0000791005110650223	0.301529947311591	187
-0.06144514101931	0.36146604501458	187
-0.040818516788443	0.457867377810415	187
0.083701676957583	0.220072457980469	187
-0.063555449099621	0.495111798846789	33
0.073605179986033	0.220773072657254	33
0.106101929852889	0.146214941448924	26
-0.00912058171330199	0.245478808291108	33
0.085711866157071	0.203967421976052	33
0.06258443200459	0.255822399281603	33
0.010498273710177	0.264428698919079	65
-0.047251276477009	0.350564199278936	33
0.086970205116719	0.138278777386597	33
-0.062753060331881	0.291610684761568	81
-0.003887455244038	0.234420220173005	59
0.122459421781621	0.0978113554938813	59
0.020567711159252	0.183337142469429	59
-0.034215965566211	0.269068268568519	59
-0.020727028965401	0.283685439848829	59
-0.025914385294279	0.347802758914889	59
-0.048009138467068	0.243014899153207	33
0.098348412572165	0.127486523773023	4
-0.077704878498346	0.307017788881609	4
0.055941914728906	0.202952730020649	4
-0.054777257106386	0.378567588884927	4
-0.005918897156237	0.280301772285362	4
-0.028234835616216	0.342089250721357	4
0.066281608013156	0.146971224059976	51
0.043499144200561	0.204585592612194	16
0.100650877675805	0.12874466922506	51
-0.100920665069889	0.365820856192506	16
0.033214054974293	0.154975389877763	16
0.08185310270856	0.182723258102577	16
-0.10175323624273	0.404012844480832	16
-0.090474675459608	0.438199528857812	16
-0.056852091559841	0.237948188282556	16
-0.091717828971451	0.287728623632173	16
-0.054291486404642	0.281045033452933	16
-0.114156290290808	0.503680343714626	139
-0.119839222472468	0.540027562266387	1
0.023212428585007	0.319615930929561	139
0.012388207584553	0.138317205454137	139
0.098049829049281	0.2058095138826	139
-0.00990711556726998	0.251056226023472	139
-0.026048912264404	0.283298533828922	139
-0.11633808282031	0.54163575186366	139
-0.100627245281778	0.556580304276253	139
-0.081011261373171	0.35865727111064	138
-0.118461436746459	0.573290012764363	139
-0.088312700080856	0.334202157882937	139
0.058230340070435	1.04646544509885	8
0.04445186487095	1.09688985482061	8
0.013875708136476	0.307021958682292	8
0.031984086496757	0.272683335359941	8
-0.044686518178054	0.345051275814887	8
0.116997312550876	0.124788323034964	8
-0.011290485242224	0.2488785152832	8
-0.045049768418557	0.522302678582445	8
0.051036263486997	0.265000416908393	8
-0.048960830734186	0.415113613575166	187
0.02356631143621	0.223186651611359	33
0.096598780626022	0.198000032832315	33
0.042299213102939	0.232357487323287	26
-0.03009271212847	0.50569745739222	33
0.031682945477846	0.24620710177382	65
0.036929791798907	0.269945965513517	33
-0.065263768309612	0.282746899616748	33
-0.083436036897528	0.27332797348765	33
0.040158869017489	0.169529645909394	33
0.071569897229972	0.148121661334755	33
0.029724152870746	0.344797062162522	33
0.010045188907865	0.169063485867499	81
0.004615532272194	0.143408776092038	81
-0.061008386550146	0.292696656575072	59
0.09905775648103	0.21169449980863	59
-0.111629859290387	0.330360626101749	59
0.052172498680201	0.117724123063245	59
0.111438721157076	0.103181269524195	59
0.001880550292189	0.238543704139274	59
-0.025608266437638	0.235003125461643	33
0.067880037527629	0.111960055323776	4
-0.099251339188648	0.468699803734953	4
0.017289837371455	0.134388962990344	4
0.011449418667277	0.139114025517669	4
-0.078061092819079	0.214561780212177	4
-0.028302062572834	0.186315478209796	4
-0.052115241267901	0.230398379744028	4
-0.043741100874561	0.358484474023346	4
0.091063169793036	0.118355914552109	4
0.043128201336612	0.148009884970258	4
0.114112563628361	0.174879032111972	4
-0.042470611449868	0.448708719969332	4
-0.023201352189667	0.405671006354798	4
0.047161402420115	0.263101221993474	51
-0.011930128920295	0.205101699882096	51
-0.074428046881007	0.299540213591897	16
0.104850290262835	0.130944848302788	1
0.09043912799073	0.117816552813848	1
0.051433990928865	0.141274058120273	16
0.039375473418047	0.233910854782243	16
0.082403855423706	0.17415480224827	16
0.083656663690127	0.191449445221223	16
-0.11450228383676	0.232628916660818	16
0.048886801239467	0.123251184342285	1
0.112821861484537	0.195135704338647	139
0.118436971533344	0.175048643708021	139
-0.00237763241021399	0.383049669974709	139
0.10147543744418	0.179287691906042	139
0.070590018439884	0.252041907747439	139
-0.088001511457965	0.563551244819546	139
0.075130654538955	0.212002854197396	139
0.049251348967428	0.278176611526997	139
-0.0280984752501	0.309051742937628	139
0.081046346921047	0.262124188087631	139
-0.049457878191263	0.434517406771797	138
-0.053648831376574	0.283112294078866	139
0.053433206894935	0.196150332702558	139
0.077903733248262	0.672384412443913	8
0.00471670682099201	0.508118607831545	8
-0.025488286397746	0.26026594766372	8
-0.116579494486511	0.390112975250919	187
0.102475724114538	0.199242058175829	187
0.094537154034456	0.199112056120236	187
0.078684773528078	0.23584392724395	33
-0.067399451388869	0.536257050301438	26
-0.03363751809447	0.311063965051372	26
0.118712769215928	0.101449400480853	26
0.122204519874715	0.196810536799755	65
0.031061776291526	0.329842622330584	65
0.072154830728781	0.218717400683873	65
0.028725373494018	0.286472479151562	33
-0.087819874417174	0.335348602321744	33
0.063824771102693	0.155173634091695	59
0.054047112155122	0.219071599174803	59
0.00750682126921101	0.212177032564208	4
-0.123157808420852	0.397132363417261	4
0.070359670897456	0.174680331222344	4
0.085445773282327	0.150973278935126	4
-0.105295025377724	0.366438097069579	62
0.080774364484545	0.140497636776215	62
0.092860002318392	0.19453866979044	62
0.076485553688008	0.174183815510877	4
0.057529001731204	0.230524203193243	4
0.084788063822267	0.205644056526726	4
-0.064412362359178	0.366604519682779	4
0.123606223877308	0.111532490096199	4
-0.123958777910731	0.279855640751661	4
-0.107506604481759	0.377086106696663	16
-0.089695222573972	0.333568945372179	16
-0.018833512176775	0.299187654403929	1
-0.034200957593329	0.265755033192133	16
0.038209846893455	0.257060867468805	16
0.122772995662811	0.172622983490277	16
-0.023342000777182	0.214704234779977	16
0.01317431330652	0.16737340652166	16
0.041319070873348	0.266115191375458	139
-0.082842151497277	0.54266258791845	139
0.022381634550069	0.278978273604731	139
0.092414956305274	0.182641006156276	138
-0.03485310197748	0.399508342876934	139
0.087311610745611	0.255980947867909	139
0.054624993285498	1.60262413073452	8
-0.052409425889512	0.53059364946706	8
0.028313234307108	0.394888433217079	8
-0.086755312972434	0.550359882636596	8
0.001651424324592	0.432917569517832	8
-0.124728858301644	0.502813777439159	187
0.058544295036475	0.172863138956566	187
-0.07179467648255	0.396823326202452	26
-0.028757436193599	0.326713074401724	33
-0.002548324168131	0.388125358630683	26
-0.000881592921935015	0.397458398864351	65
-0.087846233655601	0.254026379883133	33
0.036860388383108	0.194706207889211	33
0.076875192013665	0.159726173724229	33
-0.000609898199232017	0.29434510487733	33
0.077093884566855	0.17419622981014	33
0.032432563254501	0.229472201611127	33
-0.044850118871845	0.293137991495888	81
0.081325811635257	0.14968766917432	81
0.104127522043811	0.159161752554917	59
-0.076852545999179	0.384939905990821	59
0.121412753258813	0.122598816214251	4
0.053952699145936	0.210631904166163	4
-0.085875874046436	0.409667768013003	4
0.06017248258212	0.190209191290345	4
-0.068572600714012	0.340204665191847	4
-0.034179114121951	0.263556799311005	62
0.090569392448836	0.170883122447558	4
0.06591057629146	0.224286120400393	4
0.040748067315981	0.167683763885358	4
0.042704770352749	0.142589830120546	4
0.111046296872334	0.118672989613383	51
0.122740895776881	0.13284616765783	4
0.047405790284621	0.198698956095753	16
0.112305181146383	0.144062179863088	16
0.088153918031183	0.137347978969798	16
0.082008579534265	0.154344707124315	16
0.092116116784323	0.132350007890755	16
-0.00331991531328102	0.260748360973043	16
0.103205728763428	0.12577051814211	1
-0.080029903384237	0.336693222727398	1
0.10464482321843	0.160268397947326	1
0.121066916164205	0.123324705344277	16
-0.074025431085661	0.409530107877791	16
-0.044514669918034	0.315175946017068	1
-0.041372486012823	0.25114613004163	1
-0.07692529415628	0.305610994499739	1
0.010286674059496	0.250892877390841	139
-0.00876850952407199	0.304726820566388	139
0.00740700815706499	0.273771987837097	139
0.087101618283274	0.120836936735738	139
0.068923499260124	0.240808549752859	139
0.02874744918646	0.197321956497164	138
-0.084898069624978	0.605898508880619	8
-0.042877123248398	0.474807723237576	8
-0.029429448517519	0.377069783069753	129
-0.069785851118562	0.485449213458263	129
0.107136915674947	0.199073498007362	8
0.108060860831848	0.154868055483073	187
0.104455771261409	0.179243050254542	33
0.053406237895096	0.239518558152185	187
-0.013825377185612	0.34763053710421	33
-0.086578974542453	0.350118469552884	33
-0.02526954674315	0.259441976796723	26
-0.071022337684611	0.297302159825644	26
0.020633434775023	0.29992686553918	26
0.124602532855984	0.173500266265833	33
0.115659603249652	0.126099869339448	33
0.123893216916636	0.110392168296011	33
0.052717908239242	0.193583878138932	33
-0.037068223785764	0.358975784843389	33
-0.02374056724622	0.316482904577427	33
0.072956345991945	0.168641553994844	33
0.017893036167141	0.223188531554131	33
0.104866781359465	0.13849341297804	33
-0.073807976610211	0.353981625073699	33
0.001482610943706	0.243544805907614	81
0.036780411315272	0.303765524586176	81
0.01307254019817	0.208974534432437	59
-0.05518090756184	0.284890080299044	59
0.120911174332669	0.123579424286908	59
0.071981785386039	0.15753712436836	4
-0.014171393625954	0.207610875037965	4
0.113238317204444	0.119068579327461	4
-0.102534125427993	0.419486119647779	4
-0.023227511162347	0.345701265851755	4
0.0672120272636	0.198050891497382	4
0.064434453576943	0.200849727260052	4
0.024959309728186	0.272876338528518	4
-0.00522089910367002	0.288722426046801	4
0.115803503721268	0.149384857878073	51
-0.116822852968569	0.592948388748464	4
0.018892784299517	0.326946394911748	4
-0.032166156184807	0.285550149290275	16
-0.052506409418654	0.348563428254601	16
-0.049314835688337	0.305089457806988	16
0.031083216286512	0.293579366430498	16
-0.030557657719717	0.291174563861477	16
0.089410967633859	0.228784920250917	16
0.109615748875088	0.106357589672489	16
0.122040066805939	0.0832454781913755	1
-0.111251484632125	0.52280360671259	139
0.108048549206355	0.120011193914676	139
0.047910202813713	0.247578478943994	139
-0.088699063923224	0.434722494776503	139
0.109355087720995	0.174999525331743	139
0.032625718674302	0.29769472689691	139
-0.000139774715836982	0.330626991771969	139
-0.109174086123214	0.566517106661866	139
0.035367127220358	0.275015946844958	139
0.096050196827814	0.180320860538067	139
0.081198659524971	0.255925432706012	139
0.0462513557402	1.60308501435908	8
0.042426389312547	0.324681264602	8
0.088534255855416	0.245512539846077	8
0.081473840381665	0.226679975446159	8
0.00269621472779	0.325504459870737	8
0.096739455806613	0.153277538769702	129
-0.091062388229596	0.383148203297972	129
-0.00568481061229598	0.267744822266214	129
0.081160420143717	0.202152267962243	129
-0.033082965827231	0.487470936629692	8
0.084353899476143	0.270232377230175	8
-0.109960904493262	0.540334516680241	129
0.020895518981787	0.361732912821246	129
0.026044789791262	0.303229621184209	187
0.050652409594757	0.26351540556568	33
0.044437137530023	0.29936593630566	187
-0.108791081337823	0.56472866908783	187
-0.103792852915881	0.59356467120014	26
0.109589212488636	0.120002480556989	26
-0.056418806514757	0.289709983888234	33
0.053959646994142	0.249116530029374	26
-0.095383533732899	0.714381667443614	26
-0.018461778169686	0.461318834842631	33
-0.056463403625827	0.447285902072641	65
-0.098057415305118	0.422111930569674	33
0.055453867212827	0.225995752112222	33
0.028914448440923	0.250537189673398	33
0.078806968511904	0.157340479364369	33
0.052434080845807	0.137903601582003	33
0.070501539657304	0.143858366632228	81
-0.053318043837578	0.255308750744526	59
-0.047110007768144	0.274509421018556	59
0.0315588225514	0.173866845288846	4
0.035580558678702	0.300120183887896	4
-0.074429116871007	0.302128612552751	4
-0.00779086345532098	0.224752660513549	4
0.056100821481982	0.173140917476836	4
-0.092414149855946	0.260487129983473	4
-0.083449360679089	0.245219167104548	4
-0.052582819087746	0.448421741860602	4
0.101502793134527	0.160738973877585	4
0.040147239845119	0.256185708444662	4
0.019070258945495	0.276473798516437	51
-0.053626108189152	0.253652953750204	4
0.049604341571527	0.236127226322958	4
0.078490666933005	0.107637903658041	16
0.115665219335244	0.139107750652155	16
0.115566343167798	0.102821245007778	16
0.00112430778129	0.199559904547693	1
-0.097359604019048	0.292619428938037	16
-0.098570420751316	0.436059583072985	16
0.072850644369418	0.195009487522429	16
-0.044716608256594	0.252836520025311	16
0.036813962921556	0.225039076034641	16
0.051977581401717	0.26787241063274	16
0.00976565773302901	0.141010795595955	1
0.080027758150045	0.137045962183044	1
0.012963533220551	0.308038856620835	139
0.082350501600722	0.219784237507369	139
-0.034386306188518	0.390075541847139	139
0.034147068334571	0.254707860814345	139
-0.115504646598671	0.534398176377182	139
0.095073704061894	0.229742530913477	139
0.10297236675931	0.157785627450044	139
-0.044977906328576	0.485919642916535	139
0.053237542469663	0.223770480550359	139
0.079206907648392	1.46221983351041	8
0.106691104213359	0.212681904809753	8
0.060885086591316	0.316208563803769	8
0.023816716935528	0.289932015838908	129
-0.035784654627426	0.332803064616467	129
0.0298563278821	0.368802090073714	129
0.10648511299454	0.156751751996037	8
0.077903368484038	0.183063081348731	187
0.086444094936754	0.206843376259953	187
-0.00640759337834101	0.395466814283861	26
-0.070233971741925	0.394129379132993	33
0.07559161141165	0.175664848464315	33
-0.088761215586716	0.416891268759448	33
-0.048856321401704	0.304704621276044	81
-0.007822563576322	0.224644399170408	81
0.069196200607249	0.132724044371264	81
-0.08143842592262	0.501642220266617	81
0.089704840600146	0.150048910306179	59
-0.00300801158159703	0.224657378451235	59
0.034237760345115	0.242011065164807	59
0.051808561103851	0.178551570099349	4
0.00637096110563501	0.214846393844015	4
0.104642187147211	0.125527953072419	62
0.061657875904338	0.152130359271272	4
0.023354128395083	0.249546979051073	4
0.057077817771443	0.15564374752736	4
0.076387222009361	0.153427824891367	4
-0.047481459521887	0.37157376147469	4
0.031935016960095	0.242014128035715	4
-0.111215217391196	0.467339506149961	4
0.057330319138609	0.193527967190746	51
0.011778894866015	0.188688139337871	4
-0.092131319621221	0.287270400645316	4
0.108067471572356	0.0904758839227264	16
0.056601767838132	0.189929931473339	16
-0.000227085610912003	0.31767305304806	1
-0.036673419754158	0.346602111637932	16
0.056908641383898	0.207428921029492	16
-0.00797952479293002	0.349346676075543	16
0.028002470781495	0.178431482423544	1
-0.105019892247275	0.528891621940632	139
-0.00125266641144101	0.264421767791561	139
-0.118772285905925	0.491574546450025	139
-0.00759800796809501	0.368972686211902	139
0.121323134897148	0.156027829650013	139
0.077098915500994	0.236720671341197	139
0.036049529923432	0.232897804174027	139
-0.099669671493423	0.454926435718759	138
0.093124672191896	0.198877783870884	8
0.021533118708851	0.257684844713033	129
0.040025770845315	0.20884859703599	129
0.019134474930206	0.364724539267816	129
-0.030227215925049	0.317370603436134	129
0.121884148223395	0.219287883477653	8
0.062039355230583	0.390295622100634	129
-0.0507928486599	0.541517044114711	129
-0.027356723472981	0.534056229276417	129
0.013382235582254	0.207242748253054	187
-0.036621652927438	0.196136940919831	187
0.010234651117846	0.271019219402818	187
0.041209238889542	0.266103261086168	187
-0.043819398946947	0.520153961457794	187
0.050892242029466	0.315879776906189	187
0.021665268264225	0.26041035338958	33
0.020450653527452	0.202717167470283	26
0.046191281517837	0.403790984835688	26
0.036518934253342	0.243592270711639	26
0.100906185463928	0.138452770750422	26
0.04331904784993	0.271105014582962	26
-0.041914882466651	0.545902498629066	26
0.074703082639715	0.19144236359682	33
0.024206952660441	0.370833083291943	33
-0.105060252726237	0.466730022374983	33
0.015000608689299	0.344453444821957	81
-0.089282257814721	0.283511478891674	33
-0.00995495549092901	0.19987530943528	81
0.110279937836276	0.0910028911653505	81
0.00456434111680901	0.193748389378093	81
0.035996304990387	0.172230906087667	81
0.084117708749978	0.244302446951689	81
0.017322214881846	0.16021285988859	59
0.037159112253279	0.168942611879126	59
0.0954905551543	0.171595496356624	59
-0.037604845325072	0.245239995660076	4
0.072774247311919	0.128009987281995	4
0.078484221832656	0.122268321715522	4
-0.093140812423219	0.261249150753348	4
-0.022972677886633	0.188066740072019	4
-0.00288700884519499	0.240184489597318	4
0.064398756302925	0.258162481603698	4
-0.072428478680759	0.502622529795563	4
-0.03220350403622	0.427004072836835	4
-0.107753990026446	0.655644089905127	4
-0.036714970668271	0.400878096025075	4
-0.032462049264176	0.196040165741989	4
0.0725071256404	0.147626695455592	4
-0.09022612432532	0.282819215539446	16
0.040157488625158	0.127967311579681	16
0.095538010109928	0.182632884394685	16
-0.111857348306414	0.503386067394747	16
0.014888441853082	0.297571911541965	16
-0.021873796024437	0.294892129021713	16
0.027161482300142	0.176740363563122	16
-0.00573876910431098	0.301485099726781	1
0.051422812928583	0.197603877910169	1
0.014031266687416	0.283924962876803	1
-0.083100088808568	0.537964479556118	16
-0.02700110301292	0.341430752733477	16
-0.036301911666311	0.15779929322986	16
-0.119519770248065	0.431971466604418	139
0.122013694030596	0.165076027785467	139
-0.078155442720566	0.542284159641799	139
0.049047242274721	0.262985138220945	139
0.090936734930354	0.173266152502439	139
-0.029252124551326	0.411770845800584	139
0.055955719071936	0.298232189628349	139
-0.0857326403539	0.55502501955372	139
-0.106214058310011	0.572228442931544	139
-0.009532306336892	0.464342959076579	139
-0.00422052852478599	0.340300928857486	139
0.013420200740239	0.162886317609249	138
-0.07323309100597	0.324732125753886	138
0.043575258860435	0.482307001394214	8
-0.056512801883932	0.557372485627653	129
-0.048516003662159	0.391762026202912	8
0.00388543550491199	0.29303329980163	129
-0.124503828200248	0.42685947868573	129
0.116045238583544	0.200656040853631	129
0.078029533166696	0.394328572514778	129
-0.093617172956115	0.854404999236028	129
0.108732906928702	0.261951717818865	8
0.109894016032486	0.145772954630119	8
-0.103624034615843	0.572317709027431	8
-0.052233654082862	0.32266627793053	8
0.108992804659125	0.10753035055713	187
-0.028195063927225	0.190013827077301	187
-0.003090664839701	0.244010539484968	187
0.100035322375381	0.22247236324571	187
-0.106051619358438	0.503574377513686	187
-0.098823609181618	0.593522517257565	187
-0.00343600391806898	0.375689655892789	187
0.085100155936127	0.195840688513218	187
-0.068060835137815	0.270396760066405	187
0.081682725461448	0.140047093563645	26
-0.031929509796818	0.650992938966326	26
0.074424589527224	0.247319246216119	26
-0.043531481500596	0.53685559161609	26
0.071945068822572	0.234960225889991	26
0.119186431388361	0.143829428920122	26
-0.040176593146895	0.572693369314757	33
0.115674955954803	0.179666110447681	33
0.051422887484593	0.274413697909929	81
0.086770877668451	0.189180296351159	81
-0.076405912995268	0.24390110596807	33
0.070036107140168	0.130317929300975	33
-0.025068106659011	0.188690373111433	33
-0.098465286514168	0.294906506437916	81
0.106549237356169	0.189659213699624	81
-0.013945841884706	0.200600352129118	81
-0.120706608955722	0.235072808436889	81
-0.070375127659778	0.295950962052467	81
0.058206761017354	0.154213298677049	81
-0.090506845803283	0.24806694908712	59
0.097283182823613	0.128737770276677	59
0.10512563175883	0.0937181139704263	59
0.017540530324327	0.24770326982194	59
0.080919796298325	0.206813349001215	4
0.007023857287703	0.171017938759218	4
-0.061832981189219	0.237933987567617	4
0.00805994939229199	0.169931473529633	4
-0.110729382056118	0.596264285961546	4
-0.04854805288058	0.416989209322027	4
0.069717281484257	0.295298235228503	4
0.108241682437586	0.212812579148605	4
-0.111158686376899	0.551797053735849	4
-0.073244416224581	0.272304426664305	4
-0.071929106444437	0.1682304958622	4
0.122080041011876	0.0784114030567957	16
0.010925977133682	0.259743539429896	16
0.07626821050013	0.227053666541605	16
0.104966866075286	0.171384250276391	16
-0.102819935294423	0.621893245572112	16
0.073965286340913	0.231779446008119	16
0.124548617772381	0.108827147222256	16
0.042705951879848	0.264227770888241	16
-0.037527498196801	0.158943775366819	16
-0.114662678381597	0.229835550585284	16
-0.017808957970778	0.390532951255489	139
-0.051644803644972	0.513557089123185	139
0.121825725190715	0.129534905853231	139
0.070131901638435	0.267146893346265	139
-0.019212668437676	0.330332841010783	139
0.122746626632789	0.191341707091569	139
-0.027946302320305	0.216229259212123	138
0.05686949515751	0.316466583432211	138
-0.093370461899554	0.342021365552438	138
-0.046172434358105	1.27062931164959	8
-0.026257425868827	0.504087673123982	8
-0.043547075639843	0.444335596513565	129
-0.066469850232544	0.390363880725839	129
0.100089785215643	0.178443109392249	129
-0.074494533932223	0.352866918375351	129
-0.10629851274994	0.713804352012466	129
-0.11756322010844	1.05627897920286	129
-0.086411256663588	1.19212298399299	129
0.057534315828236	0.439443141655894	129
0.118273525789423	0.259643817437024	8
0.032316740637194	0.164396064111728	187
-0.033460921311868	0.195702929413981	187
-0.020775470527741	0.280532143964907	187
-0.02331173249692	0.567158318378951	187
0.117245784068008	0.259232635167447	187
0.081832527759878	0.344828626960685	187
0.075097330222532	0.357345358261592	187
0.096648984863066	0.0979664713604071	187
0.012117135406774	0.209908484520921	187
-0.078860646504469	0.711308832454379	187
0.078541414949853	0.430711287123704	26
-0.067492017839179	0.668331393807264	26
-0.110732303142515	0.691982472195553	26
0.076974614688314	0.209608217510989	33
0.110327349122927	0.274338212621104	33
-0.000423986038319002	0.383625564483759	81
0.017711719147627	0.354909446094669	81
0.112274175494581	0.0627988760808593	81
-0.066019758808921	0.485886711996273	81
-0.098167297635878	0.471847025348532	59
0.105060142496189	0.0944891935734653	59
-0.02719256099744	0.188793848723929	4
-0.079043319688424	0.161192485491087	62
-0.078646911973303	0.172371812586821	4
0.083815732770352	0.104980543304611	62
0.07928249521232	0.248073774227292	4
0.023176844723703	0.43657844444845	4
-0.069500677815131	0.525550262984256	4
-0.066967605761443	0.163702162602763	4
0.067481401431266	0.133042047116497	16
0.057464175426319	0.112870177605142	16
-0.091148356265896	0.250449826538714	16
0.121230889904045	0.0581751672029834	16
-0.076601816201689	0.169390120954915	16
0.105333439342929	0.1497762941048	16
0.121845707867468	0.199489846817674	16
-0.025029201339017	0.529395391207126	16
0.031402039478539	0.215797840282571	16
0.006684232880147	0.377299062740266	16
-0.047700684638896	0.507140453933947	16
0.106856120640064	0.0660413510878714	16
-0.033750294889793	0.158909074970864	16
-0.049729688653346	0.540731499373468	139
0.002263611201238	0.424166232690299	139
0.014703378875956	0.329717925200485	139
-0.03205113122513	0.578106861106725	139
0.043730293478418	0.292329335118886	139
0.019105483787437	0.424639448918967	139
-0.055201716987055	0.620358896753136	139
0.025648575756107	0.375512828153187	139
-0.073692896705327	0.706005815464418	139
-0.048889842973076	0.350088727835396	139
0.057718999451318	0.574909271026823	129
0.049304494592205	0.49469005290662	129
-0.069797553591407	0.880021513612375	129
-0.032229542397633	0.762726370094775	129
-0.011084847094709	0.451460155861773	129
-0.026158011862252	0.522936375060999	129
-0.00106858702486801	0.455463384416695	129
0.123481070206912	0.188952572452108	129
-0.100213839890213	0.908745832836604	129
-0.026247301805836	0.567465226297611	129
-0.015850308031133	0.359128087861251	187
0.123978659064049	0.139888053802475	187
-0.014959188263878	0.293174457618121	187
0.102193202026841	0.190969515305527	181
-0.00748042610995803	0.441709285417771	187
0.016345851154637	0.257478467456553	187
-0.067639735230529	0.271936444666753	187
-0.064955857099059	0.529911443514016	187
-0.00868589977754303	0.401759832004601	187
0.080686919828242	0.222225893336844	187
0.09651166167253	0.195851730705519	187
0.083125291404055	0.211275345935226	187
0.072780688512619	0.223594324064915	26
0.027488221976662	0.268189328907922	26
-0.054621505680411	0.455332327735649	26
-0.00205489610647902	0.405950264805805	26
0.081706045917186	0.207405592765937	26
-0.024198774446815	0.495164441334144	26
-0.043412199996607	0.592528127380592	26
-0.034260877097688	0.433066868039466	26
0.018993594550248	0.256762067917914	81
0.075453075996137	0.203110483144565	81
-0.046163464463748	0.330657251930563	81
0.036111180063221	0.274774998350418	81
-0.06791554007282	0.524224996139696	81
0.097958518628196	0.142034664204853	81
0.071497723289346	0.253226258315955	81
-0.07706472117697	0.372152976256756	81
0.000677672640680999	0.255553081246369	59
0.065243129347887	0.213109717382622	59
0.05339814139974	0.211622331354158	59
0.103706432916416	0.13600014288731	4
-0.04746146593351	0.324001007165337	4
-0.061030102459253	0.355714684811424	62
0.036652878136051	0.221741569424163	4
-0.016924120477028	0.331591047684597	4
0.060865024262096	0.187188509348039	4
-0.016789603451835	0.263879781332528	16
0.061212258624295	0.179136529086338	16
0.032010949882315	0.17822162301733	16
0.057091174630813	0.159428629305186	16
0.018093033509037	0.26878996641131	16
0.084683633011617	0.194576166737263	16
-0.000281792326048025	0.385350795204222	16
0.033857401618234	0.226307455644346	16
0.085997220538414	0.136623660284107	16
0.122869641469153	0.120131428364386	1
-0.047784474079741	0.379054499818998	139
0.104070315844051	0.161127526355804	27
-0.068062796290039	0.460024516876809	139
-0.07703097054025	0.437004684109014	139
-0.014605587935587	0.225689908520255	139
-0.076481696847664	0.578707900890046	139
0.119169581674725	0.147538594414913	138
-0.090553238707907	0.445760746241733	138
0.027811020728149	0.253668762147955	138
-0.017999873124696	0.411189753553165	138
-0.066321900930255	0.548886618491598	138
-0.073379157719022	0.297025340474033	138
-0.079215848182211	1.22322639096473	129
-0.028562720090128	0.84325978771611	129
0.092796809443348	0.305559152080294	129
0.007561902003412	0.472149232707019	129
0.007660127116601	0.565611980791821	129
-0.041687375212453	0.694851595022088	129
0.033763840833938	0.38122382062243	129
0.033327673950315	0.34371470693971	129
-0.082419877042738	0.678604311891171	8
0.02087575188032	0.470035253020927	8
-0.066119375252084	0.639082503377025	187
0.123647201571064	0.17903907373946	187
0.083796280611917	0.278194038377267	187
-0.093445289377591	0.654605347000455	187
0.012271993963155	0.35495958561393	187
0.098182192757556	0.192379615415131	187
-0.097586183604892	0.416889024643562	187
-0.069188999150506	0.460751754725733	187
0.034016327352712	0.270133831563973	187
0.103865855503903	0.175745594548394	187
0.021511595620005	0.3667018677392	187
0.016763889145722	0.39156857207488	187
0.111165376262814	0.154253818682707	33
-0.062999817102004	0.502380226708374	33
-0.00872200956582903	0.38009322045327	26
-0.082761005458692	0.249542626621711	81
0.037517637911982	0.252557689467648	81
0.013856165103327	0.353456402513147	81
-0.081014149091926	0.515005988959345	81
-0.088964674724262	0.598496770241245	81
0.00796286186359099	0.311812497089885	81
-0.054766353676149	0.444237362673549	81
0.061895821821089	0.245698102649885	81
-0.010974067404283	0.37024889365611	81
0.099619676482001	0.189707893905396	81
0.016124656074162	0.390979972120594	81
0.120210398434481	0.179695300846585	81
-0.023503179858563	0.406837606404755	81
-0.025193967323084	0.400557665443001	59
0.00617999438810099	0.356744988857869	4
0.10305407068658	0.196710905707251	4
-0.089505443680135	0.534652773595692	4
-0.100182289126702	0.570281074744362	4
0.045566059139499	0.282992348862357	62
-0.073423743125548	0.560569051220542	62
0.019780159173738	0.274381014495846	62
-0.075761253139589	0.214649697502519	4
-0.012029540732264	0.311240557437441	4
-0.10897150129416	0.57151587260139	4
-0.00881098864391999	0.388382974622035	4
-0.036594935693876	0.406871097046132	4
0.094904779162524	0.198383941263874	16
0.075211289906607	0.185304592145745	16
0.093643021054544	0.169462053485713	16
0.015887461185947	0.305815896505679	16
0.016032225174364	0.273470097145785	16
0.116634630268533	0.141185519431402	16
-0.031190242093381	0.452550813956922	139
-0.124003320417838	0.277201086264193	139
0.113589094555845	0.0875713984895648	139
0.00919260446062001	0.13922941689064	139
-0.081099290274136	0.218997376750726	139
-0.072806725717656	0.166609597661493	139
0.116835088083381	0.637028437774995	8
0.026311481296944	0.910092401211704	129
-0.114298317965959	1.70276243764684	129
-0.00899300751196402	0.921721703240121	129
0.093018110586769	0.431798459591304	129
0.014246218659342	0.799331726398141	129
-0.124688087671107	1.35620571280977	129
-0.059459220535963	0.83836099081824	129
0.083338202101581	0.341638555878729	129
0.00891755607365699	0.303079901487728	129
-0.10373833223152	0.850373670199793	8
0.124401354206234	0.223033973511756	8
0.036235495316305	0.371564564988875	187
-0.107153307719058	0.686559030441179	187
-0.069980288111088	0.45290348206115	187
-0.078659847492676	0.172001102782902	187
-0.062883865796092	0.38764436413707	33
-0.015790451200389	0.393957681185437	33
0.031026052018334	0.36526599106485	26
0.108147754095979	0.0908793348079356	26
-0.075197102295062	0.442050201379258	26
0.009541617138181	0.253828319980082	26
0.042500376010772	0.148974799744132	81
0.047907852241949	0.123495671200516	81
0.073142006721772	0.218389886613176	81
0.103109921890032	0.208389241613816	81
0.00405267488349501	0.408683780271476	81
0.036864521603653	0.279531391229079	81
-0.108945864342848	0.513009900227642	81
-0.026543269945499	0.272763871369925	81
0.091527186698451	0.253885062538792	81
-0.067619771663386	0.607524666207481	81
0.002087612892473	0.415962458203082	33
-0.07447119506443	0.47374915367397	59
-0.082359327624444	0.541526347547316	59
-0.040646809910617	0.487553805611386	4
-0.066515362696144	0.500577125643334	4
0.075079732686505	0.271061407850673	4
-0.000221442851475018	0.383722440783848	4
-0.058549929307161	0.510028087598935	62
0.09760401119533	0.236218791405817	62
0.124842949221939	0.197976214162736	62
-0.019638006142287	0.147203463489553	4
0.026509027517336	0.248260913927825	4
0.11344749430002	0.188712839291464	4
-0.071082087162179	0.625675208598791	4
-0.116093511671656	0.599407981957796	4
0.008065031618397	0.363416292141259	4
0.081830666936848	0.250390609985366	4
0.099474864843094	0.189816559780294	4
-0.00843327282871897	0.268858073268817	16
-0.085528335015644	0.331138437802508	16
0.056053172139489	0.286279794444936	16
0.120951517234064	0.19651036139719	16
0.082267611202192	0.225308879200524	16
0.050368588560752	0.296412154436559	16
0.087284959628148	0.169944490421311	16
-0.104152930581396	0.524628530029317	16
-0.103463271132681	0.60773602319583	16
0.014911342837841	0.384885049724016	16
0.080795170897422	0.235226896285066	16
0.094386345373467	0.226421787895693	1
-0.109302950641842	0.612319113894574	16
-0.017733933302689	0.423818577655575	139
0.070764930962651	0.208579186577308	139
0.116663576666119	0.177470630497784	27
-0.093618089640609	0.287836901244578	139
-0.027103464282506	0.191079021337706	139
-0.074020820512219	0.168068690993105	139
-0.029895130841909	0.0952332432781719	139
-0.069134775737223	0.478563054923473	139
0.103550857302094	0.560272014943871	8
0.073288541354767	0.659022562694399	8
0.020658276355215	0.799240602054031	129
-0.089253423705214	1.44877973127072	129
-0.022316341803475	0.954883955528317	129
-0.055967907242533	1.06960272468103	129
0.082996196030692	0.456093678844475	8
0.055079290699383	0.511843466173175	8
0.067790836873765	0.481911525837991	8
0.082883657568963	0.350880273248107	8
-0.026508182911503	0.718342243621876	129
0.102279852871287	0.19650151541243	8
-0.012448218442734	0.204838712705176	129
0.00486315994865499	0.424172006318859	129
-0.053012348951644	0.535908332263742	8
0.011101405166409	0.262330113437598	187
0.008665131862338	0.337486760537182	187
-0.112591853051211	0.231624397498396	181
0.019990068163178	0.386132846580499	187
-0.113690409057199	0.437624538740859	26
-0.066254206850589	0.499973744937151	26
-0.019585922654448	0.479496996371331	26
0.040660791560642	0.341235016275843	26
-0.06652436306014	0.465486639162017	26
-0.01451476856886	0.356664924413956	26
-0.097820591111057	0.474631009718089	26
0.073207109358403	0.111801342040339	33
-0.07886006583919	0.409988844141944	81
0.091256645825292	0.246257037578235	81
0.028363710998133	0.350575105890983	81
-0.013933568455807	0.364749718935433	81
-0.021157531321851	0.422354238072858	81
0.071243061063894	0.278347964306092	81
0.050440533720087	0.312755563711487	81
-0.095756598921772	0.418796977950194	4
-0.104289206626595	0.708925844532417	62
0.093280002154211	0.280210250192988	62
0.044561414686099	0.336551504689587	62
-0.000355688578179025	0.260214636158502	406
0.050196820901816	0.326520991993561	4
-0.079019578545145	0.678381193027937	4
0.085999118983353	0.24218190722456	4
0.119275768874836	0.187332829383645	4
-0.059834394961483	0.556841344937648	16
0.058946606909485	0.27989519648736	16
-0.098341104590612	0.685099175703515	16
-0.043322726726158	0.438425072129772	16
0.004099486664217	0.375715710762844	16
0.120114331295905	0.176640304223282	16
0.058032703305659	0.303690170291325	16
0.120962549652419	0.170043291746088	16
0.066551750529537	0.284179970595187	16
0.095093221265691	0.188515026124614	16
-0.090502190461127	0.464773052186843	16
0.117702101651984	0.193293094889317	16
-0.122155059049275	0.684191962456149	139
-0.064425084057585	0.364855669823701	139
0.079791081544572	0.0722778921416843	139
-0.050393508240456	0.368894251478793	139
-0.06702550991377	0.632313840856181	139
-0.110980612830296	0.726731974452186	139
-0.01429995051955	0.434695078943769	139
0.010401094004023	0.279933737602452	139
-0.00891607524027499	1.27452635409981	8
0.00931452252279699	0.968528488090482	8
-0.00635866124120599	0.840788146692448	129
-0.015160082153373	0.836681810060155	129
0.1108627831042	0.307173410338043	8
0.123688297059484	0.279978740111945	8
0.102554116692116	0.303729547590205	8
0.123453358450138	0.21343961400446	8
-0.108337828274158	0.526263042297575	8
0.041414675054889	0.326361795597577	129
0.098384199837136	0.207665295530198	129
0.088298883639121	0.27748709311159	129
0.039898803938451	0.36165611676468	8
0.082616660382583	0.214701339809065	187
0.00551175495303799	0.142741546358262	181
0.113128189574881	0.0624695256356782	181
0.073899283106508	0.168277432247781	187
-0.083079999785979	0.569161892015489	187
-0.121951587267285	0.752042345695676	26
0.116972395135624	0.129545069372597	26
-0.118972217530729	0.732407530366191	26
0.038840563398083	0.080312215174947	33
0.107816984531598	0.177028488961178	81
-0.021151860310694	0.44672401565075	81
-0.062657992568862	0.497479844154921	81
0.007546409343479	0.365260181031047	81
0.052984667776502	0.216235231053456	81
0.057069253792051	0.2756440973292	81
-0.031840910327359	0.325772786465	33
0.056251754535654	0.266371188132565	59
-0.011180692597977	0.403147284019166	4
0.098243179246486	0.207314844309503	4
0.083346055545912	0.228497801162439	4
-0.075853285955944	0.303879639402851	62
0.00228096587427701	0.386279530631471	62
0.063123810821364	0.235497786528271	4
0.004117784334875	0.362285724240736	4
0.059287111747574	0.281629560155582	4
0.118393267575489	0.17858941990305	4
-0.01680867296406	0.455338137189472	4
-0.119838434860655	0.626233720448667	16
0.042854647979615	0.295288860851289	16
-0.011557968619564	0.384808415368388	16
-0.094214590832057	0.531860053860487	16
-0.046908272345436	0.492738666152498	16
0.043230538976186	0.122853023013851	16
-0.057189654047734	0.529154410718903	16
-0.049797711292661	0.349770630463846	139
0.051399606199319	0.119581515478769	27
0.012388207584553	0.138317205454137	27
-0.036354571403459	0.157829119200739	139
-0.071092717196405	0.160830686699916	139
-0.028293462956615	0.156256545600763	139
-0.0358904667375	0.0993119442028246	139
-0.041022491386137	0.0984833325521822	139
-0.077900710748508	0.312453241176883	139
0.00340862416438301	0.169231272319854	139
-0.00332920557414701	0.304443236261817	139
0.109603006675843	0.20237331899521	139
0.110789445093655	0.179949059315773	139
-0.101658800977233	0.646938571777976	139
0.109158817279634	0.191114102791572	139
-0.059294305566073	0.420470177850691	139
0.119217065071676	0.380154886203023	8
0.120212508570116	0.385892305046539	8
-0.083175272960753	1.28921911604955	129
-0.106501561389315	1.35789115627157	129
0.014825704801953	0.704726595578081	129
0.046553026469059	0.315116378901338	8
0.085269367641744	0.329540770158983	8
0.085376223079465	0.219062094611353	8
-0.111892744964063	0.616985580205188	129
0.027625138113707	0.284478584872705	187
-0.117533017606633	0.23249939551329	181
0.039946036841403	0.261680004469032	187
0.083554217061374	0.197296007945265	26
-0.050478577832103	0.456502254958963	26
0.103300384417736	0.198939817977191	26
-0.00461466831544799	0.297343986501859	26
0.094293751268804	0.132524840917235	26
-0.023480825284372	0.421798856829273	26
-0.088136420122237	0.256743441704558	26
0.101428760920708	0.138070485995017	33
0.011741771028362	0.186609769726701	127
-0.064958809323231	0.26890488132219	127
-0.020329190805816	0.280962391757037	33
0.09426759691463	0.178688061802006	81
0.113526603770002	0.178866150320134	81
-0.012118658544924	0.390967152488891	81
-0.124214892353633	0.441982569332348	81
-0.090617812844409	0.560036167018405	81
-0.037880162893553	0.452030609536283	81
0.044243663563761	0.297526950255851	33
-0.037098691564539	0.455871534855566	33
-0.117410396821613	0.5162502222416	33
0.012673340308093	0.311276713190222	33
0.015388664517901	0.338159671371469	4
0.096990579185986	0.157288589606045	4
0.123327509286745	0.129863663823458	4
0.045642602559016	0.306029601551948	4
0.028067316646539	0.295201364208715	4
0.092724863306302	0.234886272385335	4
0.051242755725301	0.312581701525001	62
0.067906851953769	0.223772403739432	62
0.065993569986787	0.171466107840797	62
-0.103373922845114	0.598279423329426	62
0.032297828166634	0.285695343556826	62
-0.091611212319725	0.34440137137174	406
-0.099556758323019	0.291416701630892	4
0.054896174827025	0.179226859731693	4
0.061206062853261	0.154870435952548	4
0.000736062364160989	0.343768345460981	4
-0.121273105795587	0.642780504305814	4
0.018151300507631	0.319329878621027	4
0.091312740927423	0.202077863698471	4
-0.00802456730394402	0.412522411897	16
0.046092250141107	0.200022677695618	16
0.020827684724787	0.305481866276141	16
0.01985396746051	0.372324210378161	16
-0.055847558750703	0.423755384853025	16
-0.114738361384926	0.517794978389763	16
-0.116940491160219	0.390636113957373	16
0.00810494262577999	0.301627551968856	16
0.118779444846313	0.156913075075019	1
-0.098821232444448	0.603626810342236	1
0.023336175517913	0.303551172912887	16
0.037637779675544	0.27891856593916	16
0.074237798228259	0.0741474119832429	16
0.027403668117386	0.0858238875200113	139
0.027403668117386	0.0858238875200113	139
-0.000808664311281016	0.172533613194922	139
0.051369873085111	0.312830024531135	139
0.070859986474799	0.223648218087483	139
0.109147912661892	0.145255051860066	139
0.061743897680222	0.78628859847578	8
0.092670308740585	0.538012938256733	8
0.107182518407426	0.463998233157633	8
0.003893891011995	0.790741544380899	129
0.019999327431895	0.681634336146113	129
-0.112548454739621	0.515846787087753	129
0.090862699089762	0.248288849455162	129
0.074564942127084	0.288824676971228	129
0.051241315570832	0.334166296146746	129
-0.016811744914798	0.522272348998706	129
0.007582248333206	0.40314339765097	8
0.124876705990556	0.173572913375055	33
0.093088793387547	0.204580505777324	26
0.00116977104872601	0.364328821440467	26
0.007570583557621	0.37948290304919	26
-0.112092850615795	0.480248703923598	26
-0.116282672520042	0.508875885716768	33
0.081183381486274	0.0707847125949403	127
0.00691984492657499	0.171862590408851	127
-0.096452960704537	0.46825668920946	33
-0.077117847716672	0.425012813459579	33
-0.072619494976226	0.482197089104049	81
-0.103461394545384	0.559068842840733	81
-0.065259088267193	0.432654534424615	81
-0.023990731440704	0.41388937419675	81
0.093529573117033	0.232146499467939	33
0.055549213333433	0.321450198316485	33
0.051645302573971	0.275747817461608	33
0.12287530295207	0.161432929504806	33
-0.064218196151854	0.500021270921806	33
-0.00743866833043899	0.391625299960604	62
-0.00254575864784001	0.446242040095567	62
0.055847734831749	0.26964051429056	62
-0.08435194097112	0.219191360486022	4
-0.091576686637434	0.368595902222334	4
-0.064456032767273	0.497736888021983	4
0.115825913783704	0.186199650380308	19
0.064530948492174	0.258891694771891	19
-0.087195241894477	0.489527650698847	4
-0.065270737749336	0.519004185337476	4
0.10052417229982	0.17904922969067	19
-0.056313785783462	0.426292432100283	16
-0.025393155540746	0.358330510689105	16
-0.040079624430951	0.470618552004597	16
-0.071167976497743	0.397983754869262	16
0.00748090905350501	0.304487939641321	16
-0.084779126681477	0.541496162823085	16
-0.039532003695165	0.480734563127039	16
-0.069442943124837	0.344363316183645	16
0.085419040625137	0.224614938181079	1
-0.00311783717646802	0.323490171854993	16
0.099781183687055	0.109213327638426	16
0.082020596505747	0.0703692479110198	139
-0.023403700763938	0.212277921711801	139
-0.058399296103157	0.376216300211579	139
-0.095183618076976	0.281220662486441	139
0.030276799523139	0.70952962677192	129
-0.002372629260397	0.83785997946762	129
0.034770874267366	0.573245215376457	8
0.071946692734457	0.447523190087106	8
0.095881053786041	0.251192400699013	8
0.078107031680598	0.355740187922963	8
-0.121497028964436	0.980608495413966	8
-0.00953705740717298	0.609849539222233	8
-0.12296948602303	0.449079714309999	129
-0.115130665692953	0.584609679256747	129
-0.053107598949872	0.23255073478995	129
0.015914750658826	0.354345178097477	129
-0.00220639858520599	0.387872684500594	129
0.101878121714882	0.225136173564464	129
0.107840550413998	0.251360544370165	129
0.06294517644371	0.320101006273542	129
-0.078888990234067	0.633232236661261	8
0.093050195098461	0.217320317324357	8
-0.062398091564225	0.379385504143653	187
0.090987933417173	0.186408597677414	187
-0.106702608174011	0.416848754626607	187
0.085757349234845	0.195095952413418	33
0.092685196757656	0.232596025016569	33
-0.107393606846406	0.324405150663306	26
0.038012915159381	0.263582011374132	26
-0.013744520174757	0.401248590861386	26
0.030149837740497	0.303645093554361	26
-0.012466230266944	0.202469289077938	26
0.119792828198831	0.12064281719422	26
0.010050394990386	0.137501292113607	127
-0.000664038092522024	0.169412709980603	127
0.08635278270839	0.223645934184835	81
0.081501211352623	0.233228381653264	81
0.039945354871552	0.302302431051914	33
0.086354368221848	0.221737959603569	33
-0.029449351372234	0.431687728066045	4
-0.011959186741638	0.373243690760624	4
0.0080040646182	0.402427962876186	62
-0.013265975530894	0.206289897672403	62
0.093960040222263	0.150090785917953	406
-0.095415649895714	0.286405874168571	406
-0.07061969075543	0.318297123623377	4
0.075523774136077	0.251831265940009	19
0.019818973733243	0.388018405008951	4
-0.038861695668941	0.439485108057902	4
0.086558677499563	0.243051968703998	19
-0.062827275796409	0.457738941936128	19
0.070145966271724	0.209943339249255	16
-0.079799374523862	0.394838435312406	16
-0.048599452159153	0.418479875184545	16
0.111841435951463	0.195636035270429	16
0.058674954357424	0.274442030050952	16
0.112567842560138	0.150212845219498	16
0.081603921813747	0.157246790278763	16
-0.055763154213113	0.350087855315446	16
-0.103361794319793	0.492711744250863	16
-0.092090524114067	0.386520793905873	16
-0.08269643857381	0.484171333178056	16
0.051728926192508	0.269047407226877	16
0.031908368616368	0.272101860337857	16
-0.087586667432234	0.433060553968168	16
0.045196316852721	0.123460983465183	27
0.038075298257122	0.0806832090592055	27
0.033297709969854	0.0825222881483313	114
-0.074317847839036	0.379957280523184	139
-0.079987184949064	0.487442304192025	114
0.090273297346855	0.184672044804608	139
-0.092506684967458	0.285271529076142	139
0.038667789708648	0.845620721931496	8
0.104333541138326	0.3979087566904	8
0.087488918590873	0.431452533773253	8
0.120013483273813	0.2669120506961	8
0.110653060498809	0.278626671622401	8
-0.119325173074991	0.924766946156722	8
0.116258596825077	0.201264892855493	8
-0.102077661021327	0.492538416475768	8
0.079120937619471	0.159619907789805	187
0.027153395072881	0.261866677146197	187
0.121262081403587	0.135300076815749	187
0.045622907991264	0.245287029644658	33
-0.034358829735629	0.44687791295869	33
0.091005214166289	0.217887646141174	26
-0.042862085416168	0.300626683493867	26
0.016145904879242	0.162576379482437	26
-0.074593559809882	0.524125949192697	33
-0.019343428745741	0.145795667122932	127
0.122147946477164	0.149230142641897	33
0.123148475536169	0.176853158024355	81
-0.017198767249367	0.429220937091351	81
0.049580820329542	0.300187193375201	81
-0.048857287556988	0.457839581631006	81
0.124437004922305	0.167428256117494	33
0.053002907762674	0.280724773341802	33
0.017824693775062	0.299177443325235	33
-0.035438988708396	0.473593693599769	33
0.089687017979843	0.209198678656717	4
0.081308126315803	0.245852044291473	4
0.054560918885153	0.30257716536463	4
0.082606007428469	0.269571748964445	62
-0.023536277660262	0.446164068206395	62
-0.110438046448159	0.585142265326471	62
0.030062240660881	0.308630049470454	62
-0.014590923071971	0.232359626281438	4
0.033539190339979	0.175105038533752	4
-0.013285654277227	0.368355623412713	19
-0.115373722891672	0.597768227515408	19
-0.084180169061378	0.42018640017356	16
-0.094377475434433	0.466117923714378	16
0.105982668190985	0.0929223767141163	16
0.065147550191814	0.169961086298892	16
0.025439775490864	0.3528302272571	16
-0.106022670068265	0.616965221417764	16
-0.053916551034932	0.52730690917562	16
0.017332264312134	0.23756763648787	16
-0.112985967465712	0.528773188526929	16
0.059452798925212	0.221422598065932	16
0.10172512653746	0.159474474891913	16
0.080022330392332	0.230154047795702	16
0.04203093361812	0.280527609557275	16
0.015760894690757	0.317200401609131	16
0.018399797673372	0.333053232541891	16
-0.113787230515002	0.362378156926477	16
0.063009280450845	0.136350612887623	27
0.078460215506991	0.106365012065402	139
0.035348471790239	0.0806961465568107	139
-0.060840318044713	0.202912683338621	139
0.11374306353903	0.0626618891503946	139
-0.074871651494445	0.172132891608902	139
0.112149319451456	0.173287450234921	114
0.019480659912088	0.313270338188653	114
-0.00234765142256599	0.356256132412619	114
0.100299839204084	0.588336448387726	8
-0.10345941379592	1.55784289539548	8
0.066466353108688	0.409708949867161	8
-0.025637486173139	0.262032421625264	8
-0.106964243828511	0.647078580577684	129
0.03598884232153	0.274868502311514	187
0.011638823727724	0.331029869644413	187
0.060321242022148	0.288405866949113	33
0.064324005503502	0.263735427217625	26
0.006827312419114	0.324942600597859	26
0.072249452083412	0.173119766984808	26
-0.031218242346526	0.158529846054485	127
0.053904900424782	0.231937775673876	127
-0.043776192766945	0.389999475191294	127
-0.066523920084472	0.489293388596995	81
0.012179142939527	0.399650718296378	81
-0.07919992204193	0.510572081431212	81
0.079451748722053	0.252222922664056	33
0.085879014948713	0.237020072576269	33
0.054009231807011	0.283058146990661	33
0.096016793976928	0.207927930307218	4
0.081801047367308	0.237057180331432	4
0.053626282338576	0.292256508037228	4
-0.026974666641483	0.437610901157122	4
0.110279153195272	0.212526195222376	4
-0.112199918146025	0.629079674734993	62
-0.068635496962497	0.489638667551882	62
-0.094116973224502	0.511270655808419	62
0.005704999825597	0.359922181320076	62
0.11544821706679	0.0616065954983659	19
0.047412613080062	0.318756144851696	4
0.123927540722033	0.164172400585415	4
-0.023848428405279	0.442829467444451	4
-0.077938454627365	0.558991354289247	4
0.123037265826534	0.16380496538306	19
0.001257243706239	0.329177862031889	19
0.107424337554442	0.107699739370422	19
0.075236380810911	0.203101298979595	16
-0.02757507849876	0.405700139698181	16
0.053117014950862	0.329430183771245	16
0.04612816568462	0.291608085204079	16
-0.110582793270349	0.52044308025978	16
-0.086682868005072	0.513162692464237	16
-0.099813448733916	0.548397459305894	16
0.065598090350789	0.24863017887792	16
-0.100964208419666	0.580011449166684	16
0.060940566936866	0.261359992327338	16
0.109745853127637	0.103769403775028	16
0.044377527382158	0.123016739881763	27
-0.037199114440551	0.0992075817363607	139
0.064140260998526	0.135584957147557	139
0.087848576810421	0.522311669835995	8
0.109498457542022	0.167881097051317	129
-0.002895521671121	0.262166730221257	129
0.027313124008698	0.33148912185963	8
-0.050364481633918	0.428087157240689	8
0.087196931080523	0.0679070706716893	187
0.024358469906587	0.194261438453572	33
-0.012212020591369	0.349666080654078	33
-0.104648754863081	0.55093035587618	26
0.103029870694553	0.201490977608488	33
0.017875095864811	0.277939517949089	26
-0.096994865915222	0.41874514796463	33
0.052726711438538	0.197533717662038	33
-0.072994846648365	0.350161553773619	33
0.094279610314638	0.159719815163992	127
0.044476296384934	0.199956568250063	127
0.026598966785792	0.32114857855561	81
-0.032671965400435	0.42625528865923	81
0.073609922312735	0.19202205027171	81
0.00775175803755801	0.248039587338415	81
0.000893004654654001	0.349769808727026	81
0.124635221439619	0.163493204720492	81
0.093383038503563	0.213363839846558	33
-0.059391550728245	0.511839150342359	33
0.057445297216497	0.189696956920853	62
-0.07190326711694	0.476557051460143	4
-0.044523432524125	0.466230100346961	4
-0.088934694667689	0.560824726073472	62
-0.110503322995872	0.605103537695417	62
0.078109745495648	0.21656522304493	62
-0.111794154381795	0.535685253530148	62
-0.00673419517145002	0.359282294394324	62
-0.080718142795484	0.172702166041636	19
0.124841915563122	0.161028316142002	19
-0.064237333632387	0.520695561436232	4
0.003488944532375	0.341201833763971	4
-0.108641253367209	0.576461623847291	4
-0.063951255809404	0.457647466823326	4
0.106518813946464	0.171111320260532	19
-0.086849436838294	0.359015962695881	19
-0.014078048946606	0.365636010185585	16
-0.118232639292034	0.638973046560274	16
-0.122836371391816	0.502902363737702	16
0.002163786866269	0.307254451129405	16
-0.053909816496698	0.333272225884654	16
0.050241572058632	0.259097071150709	16
0.060133582363137	0.226345636741742	16
0.054962494125396	0.258486553561232	16
-0.108437126285883	0.506577520642697	16
0.044926382354128	0.238434130471576	16
0.075261742616884	0.17825591977668	16
-0.083894436432823	0.374839932019498	16
-0.116412840009005	0.390016435645304	16
0.00741694878521401	0.143429192872582	139
-0.050156398742355	0.282183074301607	139
-0.077788295470102	0.171201422101661	114
0.117058313218404	0.167197116966525	139
0.059061090660356	0.253297080806418	139
0.122610901535364	0.195297764243359	129
0.088247640085811	0.249798512739625	129
0.087451203355137	0.278230724663484	8
-0.00848705701341501	0.576454609943009	8
0.055396777452195	0.391590700502232	8
0.080844172590539	0.213217093693828	8
0.061518737528756	0.261707590470482	8
0.010147458743576	0.364471039114174	187
-0.049614915697228	0.392840071111581	187
0.072566054594021	0.0754884620664148	187
0.081419971866189	0.245028039361705	187
-0.011599433862138	0.453026224077763	26
0.058386960920107	0.292771432035134	26
-0.097537515306909	0.476440887778268	26
0.00906349826640199	0.302939231769083	26
0.089119236822916	0.217415893589437	33
0.090943735175716	0.222740855750152	81
0.042395427368632	0.311851594945898	81
0.091851495001642	0.233211610157253	81
0.07229884111294	0.218824068028763	81
0.110119352188776	0.223019111063151	81
0.121229028375905	0.169431432120835	33
-0.119224721275918	0.573228059243955	33
0.00165506917532701	0.379162551242902	33
-0.012434185322072	0.407218120676877	33
0.095720250395624	0.185250984299811	4
-0.037171678323164	0.461491706137838	4
0.047245342716848	0.331581479319877	62
-0.105815245681815	0.521432626494825	62
-0.068599532151584	0.484017881493714	62
0.015434984195968	0.384541110258313	62
-0.055143637829826	0.459421567451719	62
0.061131878662018	0.261283004184142	4
-0.058023180642944	0.589787346037708	4
-0.06673316591097	0.440894036842091	16
0.043109688842548	0.299840917177281	16
-0.064103980342101	0.54877707631033	16
-0.105103333392131	0.643234879196008	16
-0.080588838829255	0.575548737326663	16
0.117285459188103	0.164196292339572	16
0.087086702952825	0.186411891133522	16
0.072744299655514	0.202877105939189	16
0.058464084632292	0.248421647966256	16
0.039937948765775	0.296098950965205	16
-0.00710410643986997	0.283413976996619	16
-0.117594688682071	0.606651063317944	16
-0.026163097340678	0.258732206739714	27
-0.071252007843917	0.164702041236284	27
-0.055656037792863	0.508645392364291	139
-0.086090667550516	0.461035415580415	139
-0.026228434074156	0.369221138368612	139
0.093109944932259	0.393215427752567	129
0.017842941554315	0.373887031013889	129
0.074796941807479	0.343723794679823	8
0.098713696870751	0.279822426596874	8
0.048371327952415	0.405985918914352	8
0.109688795886041	0.117800466140175	187
-0.020349972323561	0.32087770082535	187
0.018305065406108	0.204144105122005	187
0.096522739552592	0.15325423624156	187
-0.118687210788049	0.668030730013559	187
-0.038792136229852	0.298850900622558	26
-0.109178279540102	0.647514744371204	26
-0.120791653048779	0.233914544211536	26
0.067959578330992	0.196417556193804	26
0.089597936743543	0.134467147699152	26
-0.118009538398436	0.509883163889062	33
0.079141251713512	0.0729718288904377	127
-0.11547826669636	0.267316755959032	127
0.053953674074303	0.287298844500206	33
0.040371360056896	0.271340398741355	81
0.096109211822683	0.171032628855913	81
0.084350864010478	0.246802548025244	81
0.098479481769493	0.215643381549066	81
-0.023033271071465	0.454624327439959	81
0.101818695109494	0.232528818782817	81
-0.048562074859655	0.481384950499593	33
-0.101131323428786	0.452991017591598	33
0.048500590746164	0.283787974295337	62
0.099044883553204	0.208663521807983	62
0.02928897738917	0.221844478162849	4
0.035787806296587	0.310747185349688	4
0.0473839839986	0.337731396276564	62
0.040568531705468	0.347383181557966	62
-0.049031316818106	0.494499972700531	62
0.053353243270308	0.27352024076029	62
-0.00908473287574402	0.402526146152262	4
-0.102390531709147	0.616976420181937	4
-0.007779298892237	0.39506436387637	4
-0.065661525602923	0.530884470124565	16
0.084086683483911	0.189764255656474	16
-0.073351015512153	0.457235495910514	16
0.074848896017512	0.241823952008072	16
0.087408987002841	0.240509521271903	16
-0.088233336139324	0.536999530481535	16
-0.116168088526465	0.520626022994399	16
-0.049042643481809	0.448524835756193	16
0.01843949663279	0.334440218258714	16
-0.080820843782095	0.491974205059346	16
0.079535259679293	0.0715345340212142	27
-0.031909189559218	0.0962269775366795	27
0.04781057117168	0.161210818561676	27
-0.123536222828524	0.243042602876031	27
0.00710957754495001	0.135761327150162	139
0.050647398691116	0.209367906260882	139
0.121186593270276	0.0995128154683871	139
0.100093143300444	0.0664300659350368	139
-0.078269456330413	0.532894969261453	139
-0.006420169208189	0.395410371766511	139
0.066732562246353	0.246095372000892	139
0.068749963914554	0.756187275897597	8
0.109613343429261	0.377345258441626	129
0.053429581653079	0.450431022695398	129
0.104662399897121	0.378306884859281	129
0.059302898735108	0.554749867516192	129
0.016145682190957	0.423294579500763	129
0.100405354157137	0.199657534217262	187
0.062670033996543	0.201218272280341	187
-0.12220880205815	0.574910161651871	187
0.068223349656109	0.257076849120828	187
-0.101795473046092	0.686686305990873	26
0.00073165098158301	0.417901304371606	26
0.116142542856073	0.20371261590058	26
0.064949071537387	0.213059063190971	26
-0.014315987586431	0.469429435004437	33
0.096424548299726	0.229490607681143	26
0.070890855406336	0.217509611013368	33
0.084751204197545	0.100758001967067	127
0.032620895036242	0.155960925089192	33
0.094939234146743	0.11550028856794	33
-0.041943445152139	0.401272366077551	33
0.099753970419149	0.163560048914407	81
0.08379702350712	0.254197124035922	81
0.037219090922406	0.361914225911466	33
0.030501039364524	0.346806666934279	62
-0.074976873948051	0.359567559576996	4
0.022975921215721	0.36048283681873	62
0.074588463277662	0.281011222931941	62
-0.026357342983531	0.284205482244523	62
-0.019998416439227	0.23534162667405	19
0.067213322558012	0.166724356831883	19
-0.119264105720516	0.395305157223349	19
-0.010652101124989	0.400553457985462	4
0.049382706439721	0.315712653872796	4
0.044348060749087	0.300744174096225	4
0.060372878632543	0.263624311685285	4
0.103040273051103	0.183767953197028	19
-0.097023146386208	0.434886174880909	16
0.01336948028812	0.422528596505417	16
0.073177128070389	0.217207395583102	16
-0.024730715824116	0.361453892875539	16
0.121045470965001	0.182915720421895	16
-0.010333316180445	0.477257842414054	16
0.060042242525027	0.283280212957386	16
0.058331647011084	0.279152386480722	16
0.084152535157559	0.180446886704546	16
0.012576802646974	0.138434025965809	27
0.058989893577577	0.228187658525564	139
-0.052755194636666	0.529819742941355	139
0.108411392892847	0.19969772466061	139
0.030359997223749	0.295423928582012	139
0.010181842275092	0.19074601168468	139
0.09562906650546	0.12912400358266	139
0.094458979955754	0.331232466822384	129
0.041552271596407	0.190498442379667	8
0.015794153144244	0.446463557421704	8
0.070444177788976	0.256592894516684	187
0.055249764084246	0.159010874933586	176
-0.076094280885672	0.524152478915601	26
-0.011066290401514	0.357629474673709	26
-0.069220719622742	0.273719620626388	26
0.026092067743153	0.289687883251814	33
0.104663211053291	0.162997571403056	33
-0.052784690378497	0.311862094744481	33
0.08172287459614	0.106577237237142	33
-0.076271422111623	0.297453011861923	33
0.102188883231067	0.229724391792459	81
-0.110247945185356	0.591590121077703	81
0.018360145789219	0.349923593065402	81
-0.065757372013009	0.430267370479902	81
-0.061627938782461	0.519268711680463	33
0.084089632304824	0.23385002174571	33
-0.09569993840295	0.624272473190662	62
0.108783108986153	0.205472786030526	62
-0.090433926322012	0.543596181734359	62
0.109518283677837	0.190604618872721	62
0.042137268600453	0.350802492005645	62
-0.022382515632945	0.504765418568665	62
0.106936252600914	0.217947811716347	62
0.122946393422537	0.171508168684576	62
-0.081916127754524	0.371153640575362	406
-0.022128294492632	0.248656337157341	19
0.123906225991107	0.171216079262196	4
0.048120712298178	0.347997005959146	4
0.110834778675499	0.197153485578441	19
-0.013667753318217	0.405585074554756	19
0.063048910132298	0.201016240538964	16
0.055744506471158	0.17926685107373	16
-0.020736925500075	0.213016746234159	16
0.121821244255886	0.133533924353563	16
-0.045453684449967	0.439502263367235	16
-0.053768722115889	0.483345621414572	16
-0.049127260788713	0.509795282723654	16
-0.029887337472659	0.347581618821759	16
0.013051119523751	0.285625830198121	16
0.00490483291812299	0.334533565893909	16
-0.072591805324701	0.553417253704641	16
-0.052341032609412	0.464962762025772	16
0.072190155930146	0.233186116121654	16
-0.034582953160694	0.0986661766252041	27
-0.074516759844097	0.16804608411407	139
-0.037199114440551	0.0992075817363607	139
-0.028236573531039	0.192932093441699	139
0.018603756063963	0.239983430955034	139
0.062179720859704	0.294554264843788	139
0.055956952058886	0.265301413328653	139
0.117730085659015	0.144963863903973	139
0.070495794529031	0.131152473642119	139
-0.021546624446818	0.778576023856639	129
0.031829999331111	0.390149161390802	129
0.027194631019096	0.335439499720116	129
-0.118636609839243	0.824668350502829	8
0.09356862137496	0.305582642524938	8
0.020652768297579	0.347306082201485	187
0.112241900753902	0.16394376882137	187
0.087334271561618	0.133998438473482	187
0.106272012406682	0.137907189787954	187
0.052430521971414	0.324711718064027	187
-0.082165585389462	0.611473942828959	33
-0.081180399086263	0.669053389480763	33
0.069757912006581	0.26283295898756	33
0.104412935317459	0.178726127224037	26
-0.00186466357342702	0.339031387633319	33
0.043431643138459	0.125972999621728	33
0.042494777116741	0.300089613738292	33
-0.09800557165346	0.626699098837831	81
0.061171499618946	0.321857743271212	81
-0.03776939023634	0.37186532984912	81
-0.060975312706225	0.502089165948678	81
-0.08964796250359	0.619528508100106	81
0.039342808031277	0.349930217468846	33
-0.046561611351404	0.533569933234041	33
-0.111801225449092	0.607341281757526	33
-0.00966864737598599	0.460511600421744	62
0.018047543306476	0.360281796824013	62
0.03288312280693	0.377185537670194	62
0.039506965463396	0.355248836287122	62
-0.00632004859820401	0.432856205438907	62
-0.077248484755184	0.324282562060093	19
-0.02959620597338	0.478750550937401	4
0.021573029434815	0.359453459608745	4
0.046548074714425	0.325648472003411	19
0.00311823010207099	0.409660632912741	16
0.116757821637984	0.111012599898672	16
-0.122948901214954	0.307233893430365	16
0.098991885381053	0.140230017272186	16
0.00938118669901	0.344144643906296	16
0.00476402876436999	0.331619493030618	16
-0.109267106668554	0.737599089770101	16
-0.052727117254404	0.56409557458066	16
0.102914189262582	0.197545771626675	16
0.111988780276026	0.174075076863423	16
0.089281622942972	0.189540286307913	16
0.094749249909162	0.145162030698429	16
-0.061382715188423	0.514788586420052	16
0.049538801297281	0.285655513806002	16
0.121941153253796	0.185901689649091	16
0.113585127134669	0.165102834585836	16
-0.013545062623721	0.37916837215413	16
-0.052766543611498	0.245964231468912	16
-0.018331685238013	0.211664502177965	7
-0.072779153202174	0.573061183331942	139
0.079310933375382	0.268259383168093	139
0.052790599695583	0.254434245887118	139
0.091436575052442	0.149267124140678	139
0.121442279764544	0.216424587003929	129
0.00582420501747799	0.409527185367782	129
0.106616863504469	0.240496683107691	8
-0.014964880444941	0.645588261833867	8
0.105491773903678	0.254381324449507	8
-0.081374162318706	0.445256142535771	187
0.084736655126189	0.208576435722346	187
0.07376614890009	0.257994569546056	33
-0.122003762707713	0.757913903987934	33
-0.050667835684122	0.249063472129932	26
0.073366395564119	0.217810418409382	33
-0.032686883491817	0.157821165993812	33
0.124080118455917	0.149137380089951	33
0.058022440477777	0.262710935686774	33
-0.090741535914048	0.582037833007362	33
-0.041066757780544	0.514614151505173	33
0.019820373429985	0.376305947780706	81
-0.018920411170485	0.464036861857332	81
0.11877138755015	0.188049103701319	81
-0.101583429583826	0.647717914968443	81
0.096799483049463	0.193298752139309	81
0.111799824744724	0.185097149531165	81
0.115827153607196	0.159553960601589	81
0.078129562539068	0.265671298892882	33
-0.00224179747945602	0.414299751723098	33
0.032005673670525	0.363259020399759	33
0.028573259134402	0.36498581213829	62
0.047733749081871	0.366947966713566	62
0.055664174125565	0.311636002117262	62
0.021767644161064	0.234268425233516	62
0.070042120697735	0.245317345396863	62
0.067620205700398	0.134071887602721	19
0.028240001137944	0.180596431959713	4
0.00418076262539799	0.410556313927892	4
-0.046990322901708	0.455828712606264	4
-0.028267510098427	0.476280300764389	4
0.102353232229524	0.248658188590417	19
-0.028031292162365	0.46591455819275	16
0.092130020991404	0.159748082983582	16
-0.08940911635567	0.446657914430976	16
0.066143036491331	0.263679598465587	16
0.065182733925845	0.285848495199202	16
-0.098254005367628	0.543781813367198	16
0.11324414914945	0.182968521433413	16
0.115193155727599	0.10002654491835	16
0.052852052875641	0.139329025867543	16
-0.010717175872432	0.389199736117347	16
0.002258982386286	0.287796538279455	16
0.033015802888238	0.233027851724486	16
-0.092102873675273	0.483338994928651	16
-0.03072220050596	0.469099423550084	16
-0.058665938249979	0.608589137820476	22
-0.02087319196319	0.447404027400392	16
0.04814478317558	0.310116297867612	16
0.011285738146385	0.167738748626605	7
-0.077464010616788	0.171184369902427	7
-0.064612301309293	0.581641663634491	139
-0.035254920842106	1.65882757403422	129
0.119238405443834	0.460850814879807	129
-0.075722481141772	1.84101381480729	129
-0.05110196475939	0.677791558390672	8
0.00841739996968199	0.385209038534143	187
-0.036061016715017	0.155994971697584	187
0.055976996381907	0.194641450231921	187
-0.07279645134587	0.601301281976646	33
-0.03060159135282	0.332453597202866	26
0.038830291018972	0.213329731805099	33
-0.018350786800694	0.298984492146132	33
0.070305871420965	0.0740616679609805	33
-0.048568210261128	0.380658042632586	33
0.033428560240691	0.318419437497856	81
-0.108805530362157	0.535703673946959	81
0.112021777641561	0.20955905905231	81
-0.105187493899189	0.67499093053594	81
-0.101898906556905	0.706558484448478	33
0.090756521577638	0.200230614426767	62
0.108805080109691	0.20562367703515	62
0.109158149845632	0.202984045561532	62
0.050509350211929	0.32538654386126	62
0.05717793909975	0.310843449696678	62
-0.058511802371787	0.632051349611594	62
0.044643760858615	0.357896043857583	62
-0.033301797743693	0.4466909902096	62
-0.022135675408854	0.331424417359172	406
0.041646554828184	0.311962105545568	4
-0.094269334945293	0.611146865929709	4
-0.070202074239537	0.577904044897773	4
-0.089570861002995	0.664634720671152	4
-0.000726042228593016	0.364253460829444	4
0.119386717563946	0.180760679445604	19
-0.11654517621892	0.681814276412673	19
0.069931978640175	0.268602560885544	19
-0.031673696716951	0.447997966490433	19
-0.060106579798878	0.430002033761599	16
0.121134269470607	0.176059590636446	16
0.058396160358775	0.246296587468777	16
-0.112789979592363	0.587530883408387	16
-0.04797270480818	0.458510054060262	16
-0.071835711115051	0.492963661369327	16
0.108484153979975	0.177815382205504	16
0.03486692934488	0.332988015800518	16
0.102842515059909	0.17440529823327	16
0.001240684087012	0.375443675091091	16
-0.02312620445667	0.338263016887785	16
-0.048994102404775	0.254967866389269	22
0.113589094555845	0.0875713984895648	7
0.045758229169918	0.125253916906599	7
0.0000838305477970092	0.346520692597244	139
0.068383338238857	0.263258136083993	139
0.012418783606629	0.370332313082467	139
-0.087667312919666	0.456361219006203	139
0.004275029682313	0.582108816560157	129
0.030941001995853	0.251978814790781	8
0.068873296005419	0.441208774952844	8
-0.090112509743149	0.648928897772951	8
-0.102153649257472	0.51941936027272	187
0.083040731056788	0.194737367618039	176
0.075869977390166	0.274071239749807	33
-0.066595286291923	0.340875952361958	33
0.11847287009916	0.199084711274094	33
0.119234016583517	0.208045036256442	33
-0.077472061229317	0.417397755624979	26
0.091733622548601	0.182575022021953	26
-0.068353669495312	0.166099262810317	33
0.1013424529077	0.206690520663576	33
0.092470126744398	0.143162651138316	33
-0.067108637028999	0.566004197899474	33
0.04887964776623	0.274740150846363	62
-0.06068205115864	0.404764799054489	62
-0.076320465912144	0.612731438237621	62
-0.071261505117275	0.581993409391366	62
-0.072909050859011	0.579316926678298	62
0.123335797014101	0.203637169709756	62
0.060139621723002	0.322330200825443	62
0.07188860830027	0.287905830641653	62
0.066571195165161	0.237886878489508	62
-0.030410644189737	0.475647610318942	62
0.013944849658411	0.36881495947938	406
-0.095733093650654	0.432122969065547	406
-0.00796495059159202	0.246796890245745	19
0.043583002005023	0.311153937559727	4
0.093396276466536	0.252662115213698	19
0.063724866280239	0.291249423493222	19
0.018044595623293	0.201483138831487	19
0.022216943796959	0.293128191479521	16
0.106932852940032	0.207607161662361	16
-0.116565401196673	0.684499295859135	16
0.098520261358772	0.179745115059563	16
0.04101500576414	0.266777277582374	16
0.096103655406749	0.234352748490197	16
0.108377625396901	0.19784717996318	16
0.062537406074838	0.229353059226012	16
0.015872351207872	0.351759953804921	16
0.077734241828275	0.0731385890132623	27
-0.010052431034602	0.305028158743668	139
-0.00238132614875802	0.321626353801376	139
-0.055963202856806	0.412013527581173	139
0.112751415960166	0.907031536855392	8
-0.021741318160834	1.79836157569521	8
0.121821107495735	0.592895023704403	8
-0.041648054469734	1.95395724438197	129
0.121658946655308	0.242373715554102	8
0.045428303638601	0.432839891627037	8
0.105005526275009	0.288511459268535	8
0.09446618670387	0.342092482307898	8
-0.013355065934506	0.704155101363919	8
0.049649045339166	0.421812562961528	8
-0.01689816099667	0.254746259324028	187
0.051774057310483	0.277142036270717	187
0.028100732590419	0.297807150161553	187
0.00551777853338101	0.407355133740894	33
0.11528633973046	0.145380349858268	33
-0.034363963892156	0.213886788222854	26
-0.07590099255925	0.43975048490797	33
0.101372704202824	0.153942474775853	33
-0.088580446976975	0.43796812391952	33
-0.050486069633857	0.385012804512802	33
0.024498622014384	0.335309002417939	33
0.00315894742804301	0.39867805350244	33
-0.022668668008361	0.453711948643672	81
0.097564211719108	0.169043833786976	81
0.11399280689698	0.183975553433843	33
0.099525169596134	0.203394879115588	62
0.112944180727584	0.204261048678667	62
-0.041688895029155	0.488286887548788	62
-0.103124962430779	0.600482882490422	62
-0.00836677493705601	0.200904529976542	19
-0.000201850041104013	0.277567416698198	19
0.113632556323967	0.181972495555931	19
-0.10628796722449	0.684234295407093	19
0.070365687141609	0.248899617572011	19
-0.00521621582093901	0.400968637473602	16
-0.00589403584632298	0.381703653062155	19
0.020663124574097	0.272622380748052	19
-0.00369963675824297	0.264940935644226	19
0.096592282124882	0.208647352438875	16
0.111879378916367	0.162801375897156	16
-0.068956016409257	0.415735079876566	16
0.107490105789462	0.130797033343477	22
-0.089691639473832	0.452400781493668	22
-0.016227658600419	0.231176739182013	16
0.036356126284747	0.238894465151009	16
0.115260287599015	0.188902530705599	22
0.040577600455393	0.190969556938442	139
-0.108228899640419	0.328946664730334	139
0.016809911234771	1.31482099456624	129
-0.038792981663713	1.58643492120417	129
-0.114884874070408	1.52251715762833	129
0.078752322499699	0.369020224219851	8
-0.098346834319834	0.502028068443073	187
0.087928461893985	0.183826016020685	187
0.027673703527251	0.2724207904487	187
0.121554856573079	0.0973229801036593	187
-0.04990292804923	0.470694796403972	187
0.119286218325653	0.188823779960496	33
0.01429025548608	0.275405341791237	187
0.030878371925489	0.322803596288462	33
-0.016209474870463	0.429905402485311	33
0.077085684123047	0.143225842232414	26
-0.053537924624294	0.328876623065351	26
0.027256923751345	0.228253788674741	33
-0.073374238196587	0.165833926221192	33
-0.065022420826347	0.208531961129389	37
-0.056993281622335	0.289773703298464	37
-0.015410060018064	0.280782534929771	33
0.013726575216186	0.317516207093471	81
0.117231133485412	0.162751984107304	81
0.102606955852609	0.188043594300104	81
0.117088644211516	0.167135928480101	81
-0.035064934336527	0.475556518645042	33
0.094830937572323	0.169059263784638	62
0.113462309988861	0.194562119599534	62
0.119235226064636	0.190323071032077	62
-0.027161986447593	0.463711369236396	62
-0.080502563771146	0.380671173772653	62
0.01249779318978	0.301200200484578	62
-0.05763971160081	0.510173078630394	62
-0.040438274140781	0.359248976271263	62
0.003583370820335	0.339147105308972	62
0.071222140635312	0.142434472820456	19
-0.09379535593553	0.31103035432887	16
0.120294108801207	0.170119746723101	16
-0.027875675310249	0.370774846070346	19
0.068761302835843	0.176870968961303	19
0.107615323022257	0.134605366177949	19
-0.063212892633529	0.339649219781712	16
0.059925061185199	0.295544782853682	16
-0.018672435907928	0.329765924307143	16
-0.029032808052747	0.290398230223176	267
0.09236629371985	0.174764736556582	16
-0.00138432120495102	0.325355149899085	16
0.026195007830079	0.319219634082829	22
0.118357545246385	0.154790470240579	22
0.057406346706385	0.268298802996763	394
0.018773820857739	0.336568784545325	394
-0.000551340107805998	0.316935084620297	394
0.114116125324512	0.0625376581365613	7
0.11967456458366	0.17376166064457	139
0.107733534840961	0.693278756371945	8
-0.121496927747972	2.41102471144082	129
-0.033769166302751	0.550259140481594	8
-0.045047377635474	0.455110044874976	8
0.019965109627427	0.352323765641057	8
-0.00637757100389202	0.420870979986208	187
0.00817317926463701	0.342432726654823	187
0.092087881803385	0.160933066396742	187
0.00358456063235299	0.246085221874437	187
0.057873240887862	0.252716228664414	187
0.063343675772652	0.24918418816995	187
0.085552866504936	0.19439257069688	187
0.104723838782593	0.158107190963106	187
0.082226500434124	0.228769809822597	26
0.123999520148601	0.159284253270896	26
0.060559260398134	0.219117321403322	26
-0.120074481662489	0.573158539576228	33
0.078898692603153	0.139548966927522	33
-0.039781320247324	0.25139813421535	33
0.040046455230832	0.208918709682863	37
0.00113701438897201	0.278550794507738	37
0.076381753119793	0.158804499089954	37
0.039398770597842	0.235913938196594	33
-0.055788296929661	0.378380144714671	81
-0.078628119914191	0.373874967781864	33
0.115013108661798	0.160601163723487	33
0.087169243328804	0.178024464894681	33
0.0789693880457	0.197826966799395	62
0.052811662098987	0.220763736963966	62
0.075651514826948	0.191405035086273	62
0.06133603425826	0.218585609989525	62
0.104752256609402	0.170944381820846	62
0.012019979477419	0.265545199657549	62
-0.02262869069725	0.392714445472072	19
0.087592423275393	0.203457196346553	16
0.122779823996746	0.123677491832304	16
-0.118845696848379	0.473504149242308	16
-0.00483883260955897	0.299448169226846	16
0.07219999878743	0.206313455468996	19
-0.00745364732420301	0.244549508964835	16
-0.100001399898955	0.468021825114167	16
0.111658686808473	0.127350051855322	16
-0.056785412496893	0.343099886760274	267
0.043229458362371	0.260859163006102	267
0.065984591520005	0.245082672323914	22
0.068795145982008	0.240771998110669	22
0.06783734869148	0.204798551062878	22
-0.017149569975865	0.28846412121816	22
-0.031498869772088	0.241827848389204	7
-0.057810405316898	0.381999367417654	139
-0.014148590458039	0.323283523876623	139
0.015762912289141	1.50965235626297	8
-0.076203993964979	2.15782151814707	129
0.053234944635519	0.411200399778681	8
0.051903001817397	0.43556813677593	8
0.093958809035926	0.254214201508221	8
0.040445969030435	0.325921948036445	8
-0.026857484365037	0.473657564322522	187
0.087559765173683	0.160704582551087	187
0.103969209266084	0.203435319862971	187
-0.00714607155281899	0.34775036909761	187
-0.051014541537403	0.506452849107299	187
-0.011851168064083	0.366821871211209	187
-0.124940445757029	0.429040090230762	26
-0.01275196448285	0.393172260787347	26
-0.039466075372606	0.427678592471629	33
0.092787183681077	0.171359009877218	33
-0.070063176175099	0.274780157011115	37
0.00551184433171501	0.294600546295286	33
-0.040331334067763	0.444094644051133	33
0.119727955125834	0.166630197302539	33
0.033076665590978	0.264373907836698	81
-0.065746684382798	0.435828143043391	81
0.037053760679481	0.240220940418724	37
0.094796421750627	0.17691901925983	37
-0.094839102830867	0.416651964427571	37
0.002665508738385	0.367973265894503	33
-0.019543901832297	0.435989812002215	33
-0.039816465249325	0.454849472598228	62
0.017630067752764	0.341013652304597	62
0.08050405134372	0.220235559388888	62
0.010910877437909	0.353365433958307	62
0.089123184631672	0.188151515634412	62
0.046108805788197	0.270762394645919	62
0.019804660804946	0.275920693908767	16
0.051227881477769	0.204461259990543	16
0.020226348706031	0.346885568013094	16
0.039507159309894	0.29048857352176	19
0.112920385778246	0.160976966187684	16
-0.026134774515053	0.472024069985984	16
0.092921075206545	0.228411858144414	16
-0.119121778765356	0.617340266608912	16
0.047135538565206	0.265306779186389	16
0.088751261636491	0.188527677207292	16
0.104001292576651	0.124842603641031	16
0.06392310931683	0.238786535391293	394
-0.0653888480284	0.400513255780684	16
0.121361716817519	0.111598936946233	7
-0.027999949435458	0.156058582794828	7
0.032929079175496	0.175766507992135	7
-0.023087067634632	0.185751053137058	7
-0.12334160645178	0.24063437666327	7
0.11544821706679	0.0616065954983659	7
-0.028026726170194	0.152235739469704	7
0.004615532272194	0.143408776092038	27
0.040491595351194	0.121532735223689	27
0.00693267678422199	0.255957328087143	27
0.042408770010813	0.127429777921354	139
0.10839146658749	0.188947316871197	139
-0.022754604936509	0.387790486759469	139
0.02006023088782	0.182616459423478	139
0.062376302797666	1.10974424100317	8
-0.064221417002761	1.40004920944818	129
0.107554335208344	0.297341535472717	8
0.057518688155208	0.442119008667051	8
0.034268876962571	0.43506004444544	8
0.121104229995137	0.11153671468836	187
0.073304328125473	0.110489081631723	187
-0.090265580577201	0.559081540036727	187
-0.043638268482941	0.36087662166136	187
-0.012579233672191	0.462843289541136	33
-0.01703208309067	0.384257582732444	26
-0.089731360335721	0.418358177832382	26
0.109039262054716	0.159351851723288	33
0.104581875661896	0.162033068573427	33
-0.02645272751884	0.153480304219323	37
0.016314111753733	0.329562396336444	81
0.101510268163949	0.172845599894643	81
0.040432648474189	0.33021086139971	33
-0.097646141392683	0.619122736013392	62
0.096934404785552	0.215760680630612	33
-0.067640987100917	0.537022054615691	62
-0.076826607168606	0.575969466655805	62
-0.064815581826909	0.49792019842769	62
-0.014575779562214	0.317204912019616	406
0.11164075990283	0.129619522087733	16
0.04482185422592	0.283342157680056	16
-0.068092646452664	0.555764139639008	16
0.059168990785711	0.265069099125366	16
0.095658997926889	0.225457313251375	16
0.12152093805253	0.157090049627292	16
-0.026000924050285	0.334399939489176	19
0.012324067452136	0.210513454930011	19
0.082210455078405	0.181657589434361	16
-0.051717646748869	0.528339349391418	16
0.019291433246181	0.377992091476901	16
-0.033870421864708	0.352953519341462	16
-0.059852247742698	0.20201447598339	267
0.010344151565799	0.248677001223451	267
-0.105517633522587	0.507072190884087	267
-0.047003658751728	0.406536029734514	267
0.124054450046731	0.179158424012133	22
0.032123629705766	0.325406550686145	22
0.081530353684939	0.224739998423698	394
-0.071705420651063	0.317700565680763	7
0.079977488272816	0.0722690433504213	7
0.011799607415679	0.137825371505698	7
-0.081232919942583	0.171407623588379	7
0.089258613116674	0.0658051165574595	27
0.061634213588182	0.277788190829163	139
-0.049881856196659	0.446139667518416	139
-0.092533042206951	2.14156116355109	129
0.104229071538999	0.285313865050014	8
-0.022790586108851	0.532153120618251	187
0.047458369363154	0.180843952947831	73
-0.0504738618286	0.510199406048467	187
-0.121800792314265	0.496379405149696	187
0.055268648254973	0.159935763198886	26
0.039394150461308	0.303233816286808	33
-0.016345310060208	0.44278817751651	33
-0.083839589596265	0.524910206004196	33
-0.106784445750377	0.575181094614948	33
0.092895614391952	0.210997781956305	62
-0.018894051279332	0.342096198193893	62
0.054932232631905	0.269375004326877	62
-0.028154681414045	0.481253583420877	62
0.074798411220948	0.27271031677353	62
-0.00584798447646401	0.452962968524128	62
0.044182523333325	0.202753749668097	62
0.018360975512585	0.15840314847243	16
-0.107435989690771	0.355304697251377	16
0.07647134484636	0.145323360987184	16
0.117655165288699	0.198560229208255	16
0.113216762760475	0.184126746363166	16
0.076353472642266	0.236419330801568	16
-0.068695909742439	0.489038184268676	16
-0.071566348799407	0.460235871384317	16
0.023149794336252	0.239906855740164	16
-0.055109039634406	0.281728158683287	19
0.009334225541244	0.298375201845187	16
0.075092110848994	0.247891281342921	16
0.062157729917516	0.267139654236913	16
0.053921781752637	0.243231704619587	16
0.046517546032997	0.253739611529787	16
-0.014426455000327	0.363034056778423	267
-0.087416461736406	0.487849229418185	267
0.104977884182654	0.184249500895773	394
0.091925240282404	0.20802368939502	394
-0.065436646180366	0.382676264533094	394
-0.015841335787086	0.208885407039378	7
-0.015212191229957	0.225706574120727	27
0.116892377937436	0.189229578999414	139
0.089822157438235	0.252694351260344	139
0.117602507950443	0.158327282856616	139
0.071999393514234	1.24028708982918	129
-0.066343733463282	2.02755022788841	129
-0.095727612457106	0.580276342916596	187
0.112790752031847	0.210817772079832	187
0.009878742425252	0.399552623862689	187
-0.031813490914444	0.393568019855673	187
0.062517723847741	0.225288686992013	187
0.119712858601509	0.164744948693529	33
0.120755823181384	0.162447019980889	33
0.059817262620389	0.156166325146119	37
-0.046286637147254	0.404191674987514	37
-0.020657823935135	0.435189938482018	33
0.117547795161674	0.172364933830006	37
0.124174342789622	0.179940760216975	37
0.087948898949271	0.257105498827499	37
0.093578859120503	0.210186627111024	33
-0.001113365883471	0.298318471064376	33
-0.031124963692096	0.506694435101066	62
0.034034248424603	0.323525399130956	62
0.102527931688552	0.221623709535485	62
0.119485400737184	0.17638655560816	62
0.039626621219608	0.311540431392028	16
0.10737541361619	0.187788726747381	16
-0.00846693852569602	0.376858370347892	16
0.086109113178508	0.199766016321922	16
0.02668717104869	0.292785136505984	16
-0.040381180875383	0.46213800478979	16
0.020820307059813	0.256419092037215	16
0.018047602473154	0.278332902104674	16
0.006445282319821	0.379626030296639	16
0.080323878697244	0.24675154636978	16
-0.101789402645749	0.294099379943766	16
0.049537247432511	0.27296213529176	267
-0.05605941736929	0.463251667651893	394
-0.016602536494081	0.371425649157252	394
0.072179139021649	0.237703640763237	394
-0.083627143111003	0.63281705221485	394
-0.065111451793677	0.210036723501536	27
-0.031056647733621	0.26430659912952	27
-0.088582387185065	0.16754697164815	139
0.037785468524048	0.338978588022525	139
-0.042757881244959	0.505488732217683	139
0.03385898452156	0.37247767814544	187
0.048396504001949	0.372754294166811	187
0.033058303634967	0.244127500596451	187
0.00515542927599	0.356334080724046	187
-0.043759563534428	0.362222031844539	187
0.070052852175948	0.21019963322635	187
0.074647929566014	0.258903238772639	33
-0.048583546920274	0.526226182662512	33
0.120062172839103	0.24734460558974	33
-0.025680799606359	0.543510097561808	33
-0.018230997842418	0.391847439999764	33
0.066585146370691	0.281284770225655	33
-0.106403180622919	0.55487377720374	33
0.10501612399981	0.162154399559032	37
0.10242527720493	0.145936196580224	37
-0.033298137275486	0.326264467616137	37
0.105102013935696	0.146354501262151	37
0.001875592029384	0.25290406596428	33
0.007811187463555	0.272817523738286	33
0.077595704794888	0.143489280577494	33
-0.028730120908155	0.499829313558877	33
0.048628667622789	0.341938023313978	33
0.093313216580781	0.132484538653747	33
0.066343871113351	0.15407522612164	33
-0.063855750596354	0.314680351741421	33
-0.070905886483167	0.275209221196187	33
0.046299562580007	0.184292571890734	33
-0.058993056214542	0.364046508684512	33
0.10218595013802	0.139429896698068	33
-0.0946507520424	0.367458563809764	62
-0.072987442152766	0.53291735170359	62
0.047237932911091	0.198478100717299	62
0.08763799202415	0.152926884847066	62
-0.094712258891731	0.424567536541883	62
0.090979245903897	0.143113986191353	62
0.080186023352989	0.159856439811005	62
0.12488526868166	0.177593187535947	62
-0.00930233899261301	0.396287891221466	16
-0.073948232937368	0.513199986767252	16
0.075845593719562	0.252780350471788	16
0.051937626879476	0.207889816109153	16
-0.038424508634261	0.492746001736407	16
0.074053741713129	0.1458105779283	16
0.097468593689467	0.127209975879233	16
0.093581552068807	0.126644520533791	16
0.060184312487989	0.236109815822996	16
0.10890313675601	0.132045289948344	16
0.00812357348418499	0.167561919545561	16
0.111553860402312	0.102913309620635	16
0.064620308746151	0.148524361831177	16
0.044065909699229	0.262947610891886	16
-0.104958439921046	0.563480080341422	16
-0.015388742560179	0.232841395325241	394
-0.00241593675429502	0.219433127480148	394
0.036382857356376	0.172829139182357	394
-0.110392005148305	0.449254149877926	394
-0.090254004240487	0.436852637946042	7
-0.075126662543563	0.44704422041446	27
0.100566732271847	0.202493724634343	27
-0.0893045045704	0.460183689327829	27
-0.00230571833549897	0.374919665352349	139
0.099562696625471	0.200630289824747	160
-0.064199367813192	0.375000417700442	139
0.099576055958732	0.720311861570499	73
0.052107214414324	0.269076781262693	8
-0.047563332668312	0.85411965583519	187
0.035413970446291	0.339097537793986	187
-0.020436233261765	0.867948069247194	187
0.014083907592868	0.629562485947117	73
-0.081682454526865	0.685169904874576	187
-0.088898506400602	0.845191273052599	187
0.058090957453553	0.235268268199729	187
-0.091398682436508	0.558957704172224	187
0.09260143574702	0.225230566554668	33
0.081704938027913	0.215085858183348	33
0.07460242741973	0.177270303969173	33
0.000777781973438002	0.694207231826309	33
-0.00576449230047999	0.609444047867844	33
-0.063970944856921	0.647473469476945	33
0.04738002322576	0.311332787327179	37
-0.037220458470185	0.371381013956742	37
0.064941996323993	0.277461980630035	37
-0.032679898323887	0.311592930337625	37
-0.014535972903881	0.232880888350653	33
-0.123588332785587	0.335587643862495	33
0.083374030273032	0.139673895145164	33
0.10671935129203	0.107318144414269	37
0.027608120879227	0.387348372826468	37
-0.031665155189966	0.293155036939048	37
0.00601239814405399	0.194468649920126	33
-0.113810164399907	0.575900237320691	33
0.038150578993932	0.168716466175012	62
0.016820668357952	0.222015762275893	62
0.063070548609292	0.171358327377394	62
-0.018868523136266	0.210713722753351	62
0.032412831915096	0.15354986062945	62
-0.03234545129593	0.19474167013833	62
0.022415171078872	0.234851717853206	62
0.061265248175749	0.154865970392719	62
-0.124832520316968	0.788792308649825	62
0.005859137760059	0.432118702904597	62
-0.080176150002887	0.676431767576535	16
-0.060213280434084	0.496577340315465	16
0.116650500463696	0.179290474828739	16
0.027120367672968	0.180545342028069	16
0.104450323534317	0.21167242968512	16
0.020195438986728	0.207781952872086	16
-0.030298032099831	0.290270858706903	16
0.014560573169075	0.359000667605707	16
0.094559832575057	0.21428893867007	16
-0.055009870178785	0.394791059302587	16
-0.00841056478303698	0.269971611816957	16
0.025480434302602	0.354172028344589	16
-0.01122823776379	0.468893539625032	267
0.116145367786087	0.19888089023765	267
0.064756152389601	0.182377842042658	22
0.080265656162059	0.262926733175335	267
-0.059049365785946	0.729566421900675	267
-0.101662769452333	0.317680904683346	22
0.003992774327369	0.171160413058334	394
0.049439745318051	0.121359418163186	394
0.041401591306398	0.376697710554058	394
0.021624613071647	0.381407554874996	394
-0.067897170385578	0.562496367753791	7
-0.092917191579633	0.603144261276567	7
0.120712700199822	0.123480229843238	27
0.101962823912576	0.228007524427931	139
0.015719410655922	0.511897665763776	139
0.058316303963157	0.343042326381091	73
0.026139676543682	0.423660385514771	73
-0.001785396755835	0.506190522612817	73
-0.045368089101221	0.405534874426677	187
-0.11445036587073	0.413259643606101	33
0.091088446425808	0.217692040415412	33
-0.08329613777844	0.408927265450226	33
0.084407125327935	0.209921595759733	33
0.056605990826121	0.33818162959539	33
0.100717462064002	0.165586018145693	37
-0.064857402472635	0.537113293550675	37
0.025390266918436	0.27764932744216	37
-0.00636035245973199	0.326906250036221	37
0.112021474035489	0.165376381734803	37
0.105532857318092	0.132149162425761	37
-0.041991994963425	0.220382529574326	37
0.013033280629657	0.189627619308614	33
0.104572308756818	0.122641536973726	33
-0.108086553738594	0.324339198339895	37
-0.05398958579281	0.330150394511154	37
-0.052493785296604	0.312345146044917	37
0.032660189479242	0.19720090838395	33
-0.079075146650856	0.328046101523517	33
0.031450373203162	0.192739712860131	33
0.018283738292855	0.225839292784869	33
-0.122117254323331	0.560269799731072	62
-0.02389149642963	0.283879459784358	62
0.022722538772466	0.177274679444358	62
0.079705232265538	0.273514181565331	62
-0.104764160564958	0.508759882344066	16
-0.122876936542167	0.275589863505524	16
0.0985330021605	0.193469423226652	16
0.013039706596688	0.207150507520881	16
0.012048205769875	0.208936899859348	16
-0.029403182031311	0.324991713121853	16
0.072100620810691	0.1115238832682	22
-0.095851817151336	0.282373576493592	16
0.007253554640757	0.438520898815222	267
-0.093008540472033	0.288859222362736	22
0.119584944307605	0.188168612799643	394
-0.047982300447141	0.387476252687043	7
-0.059144620664375	0.446818045134235	7
0.072843253885668	0.233612404345564	7
-0.035384739343568	0.414479104354146	27
0.07283569949372	0.230611543813698	27
0.124002530743258	0.177869463475335	27
-0.118216737949867	0.484579139559038	27
0.047592867417716	0.289240787892442	139
-0.103812903328716	0.604653268141995	139
0.085997657332704	0.264027794600361	139
-0.049927782969559	0.358444881800858	139
0.014486601695787	0.482826896083331	73
-0.019452780866743	0.45533519959717	73
-0.063481296636316	0.49643547372144	73
-0.108792091453219	0.76766427165925	73
-0.093516992354489	0.481413029519238	33
0.052607752999038	0.256682172855307	33
-0.054275271990362	0.307941688837699	37
-0.121507178419533	0.366036996604109	37
-0.02575085322857	0.254855069760131	37
0.123932598738001	0.153553466023755	37
-0.00132950895525802	0.216815621091152	33
-0.075362467717385	0.419321246818788	33
0.046371160701868	0.183040588911041	33
-0.00712787731606301	0.223912967104736	62
-0.078495180459507	0.296425212444699	62
0.09571094273046	0.175986796811947	62
0.048874516583437	0.197665033383104	62
0.05869736273765	0.19005474260307	16
-0.017314707392412	0.309812713383758	16
-0.04455941580161	0.403221937143091	16
-0.03756313651062	0.315258224972647	16
0.086017230769678	0.151154984156488	16
0.086304948952048	0.137883982904877	16
0.077294377692977	0.239393280166466	16
-0.090445717444347	0.388663375704944	16
0.073388012495563	0.10899703425563	16
0.061894489076983	0.154277230923067	22
0.081975864029992	0.140628053112124	22
-0.050473267834363	0.282257788860072	22
-0.038036471049117	0.329094825936395	22
0.047101664367326	0.228043366210407	22
0.033910930583519	0.272426713231321	394
0.072166470994655	0.212972760371724	394
-0.095338874011052	0.54619315817129	7
-0.011432718452201	0.251356233967951	7
-0.047472527129822	0.328917238866782	7
-0.086189738380326	0.599336962288777	27
-0.064781239430016	0.446830381682864	139
0.057915211879765	0.265561811442149	160
-0.069056146382057	0.34103158833428	139
0.059466813170677	0.340959466349091	73
0.012737368250109	0.567186989424415	73
0.105113884775159	0.245596360437442	73
0.08912017735351	0.147912234416662	33
-0.121451406631951	0.495471373502036	33
-0.111411586950422	0.334862276371232	33
-0.060403201642095	0.462918204759981	33
-0.00865633053996601	0.601984155242226	33
-0.062752033378558	0.382420772202928	33
-0.011511723215422	0.464220492598093	33
0.099238262523611	0.165742684642642	37
0.050765633844471	0.318478554626217	37
-0.093370461899554	0.342021365552438	37
0.06935162128545	0.168503962453953	37
0.029659668172935	0.199115097943555	37
-0.00540868136297501	0.248540986057598	37
0.119624466891685	0.123839376908329	37
-0.123980394458653	0.381017866084758	33
0.031025782928609	0.212434267283522	33
-0.033611048458122	0.24444607288283	33
-0.089381281309646	0.365822960022504	62
-0.061190651147984	0.436614032468387	62
0.101081470562647	0.124776409030415	33
-0.118646280867141	0.369172184161366	62
0.102737586762978	0.202017660700735	62
0.116845591342695	0.132988775146806	62
0.047280763184497	0.276331245785855	62
0.00725433432407899	0.310767248357621	62
-0.074524789216248	0.528427895332223	16
-0.124763475383278	0.24066014929019	16
0.008774960356667	0.192288172107165	16
0.115229353234736	0.116361425102499	16
0.084824191377461	0.103716536737196	22
0.088651438470083	0.177561969919223	107
-0.078015159007331	0.358431289283646	22
-0.090294155114181	0.16691303754916	22
-0.024158785508985	0.323280468486684	394
-0.028919818926538	0.367804096372213	394
0.117465640109934	0.114369211156545	22
-0.043493537732344	0.445697142472989	7
-0.051315590796049	0.480124871023556	7
0.028562463158996	0.331109697300987	7
0.094763441862926	0.225292413599442	7
-0.00864722262846701	0.42083112833393	27
0.063118820309919	0.284617654731638	139
-0.036869867327655	0.417144025409689	139
0.114507997347676	0.152004233318557	160
0.041377878215832	0.372938250040396	139
-0.089482934554948	1.11321255784834	73
0.114299899545861	0.300321902578669	73
0.069424789377591	0.443503830365246	73
0.074363711657938	0.110113364841948	187
0.00576187452677401	0.273691556299042	33
-0.070569032384558	0.531330838646601	33
0.063085438829667	0.166669625783802	37
0.112036804161995	0.128669999298732	37
0.03655709696048	0.193441881401662	37
0.107859768218179	0.262072122135802	37
0.00309881249635199	0.387067496942691	37
0.041380018552724	0.306076636279741	37
0.029741976123372	0.315776198015806	37
0.115044676559469	0.141220790920076	37
0.119437439299993	0.101070227914464	37
0.114960046873871	0.0624384488574724	33
0.085951431564231	0.102364733927915	62
0.06029970506969	0.344462878529362	16
0.104605296327881	0.169920562593227	62
-0.07043285819527	0.166793446789336	16
0.110112749073261	0.0638816777473808	16
0.01052459867198	0.136249990929386	16
-0.124784716384416	0.278355044685173	16
0.08212770776836	0.239621536166702	16
-0.113661607946345	0.489108331765592	107
0.020860960854831	0.352585472798395	22
-0.06988106896742	0.167417375493347	394
0.018102315835869	0.333190549290678	394
0.117694958621077	0.168858076615072	7
0.002051996088302	0.523034664166057	7
0.076094657905615	0.183451704526646	7
-0.124296663555392	0.581861703213251	7
-0.069546351366789	0.731187999200323	7
0.001538333195058	0.313386737907629	7
0.00742025607645899	0.421340365220584	27
0.0463835935346	0.365120765771583	27
-0.071396308903815	0.618597595180819	139
0.070949231213106	0.165094863643074	139
-0.014941021096421	0.564721065474391	139
0.119592647236105	0.13427175559295	139
0.068360008536146	0.213734893528609	143
-0.080972480904105	0.428902208264429	143
-0.029638145463564	0.432217802687686	143
0.034833260000494	0.525360368576669	143
0.081713824282969	0.432877018791843	73
0.09319011625399	0.275047727115231	73
0.030953243218591	0.402657026559469	73
0.053509104410368	0.195550894233783	73
-0.115811890819809	0.482025358967807	33
-0.025495654464014	0.470516569454542	33
0.070877127708706	0.129739337238057	37
-0.063305105194673	0.583736044703747	37
0.048109772445499	0.321234423244033	37
0.103726334867383	0.155408454200219	37
-0.097210962972717	0.595968593172683	37
0.060326369636532	0.247426651305416	37
0.105195918060308	0.176992517311378	37
0.120733653320932	0.109191054979333	37
0.080512965566298	0.105965420653128	37
0.04446054364994	0.147948774426843	37
-0.019084708913847	0.244739344925446	37
0.00112430778129	0.199559904547693	33
0.044879653200522	0.145368269680745	62
-0.010231763394118	0.430008635818256	62
-0.00202675395528501	0.439389896893158	62
-0.025999932078303	0.346140688860539	16
-0.113183843148702	0.23180786657459	16
-0.027789343652435	0.154612293663638	16
0.035277604992726	0.171254396483375	16
0.082713763302726	0.105932907997349	16
-0.026560924497354	0.14873765911677	16
0.013265637128866	0.245375070127806	16
-0.037527498196801	0.158943775366819	22
0.045594675047067	0.198934594912206	107
0.106967590056158	0.1853813991224	107
-0.007147422207124	0.297919083901969	22
0.087120230247775	0.189475311781446	22
0.008253676619531	0.139422766241481	394
0.090029723031128	0.0991361444947834	394
-0.032352003164104	0.431729352035652	7
0.05468383880449	0.230962526713789	7
0.080336875819278	0.250760937593851	7
0.02722544157949	0.281301582077351	7
0.045289491881572	0.246625572933542	7
-0.105366967725422	0.448997646381534	7
-0.07216500695893	0.387547730290808	7
0.12031635714341	0.173614978620869	27
0.017528378306986	0.309397506983516	27
-0.058856698021769	0.28698124673769	139
-0.000186703126165977	0.362913293323786	139
0.072325024661085	1.21924056937971	73
0.10064180998033	0.80119093531819	73
0.118111239778047	0.289562601283302	143
0.071596374922446	0.333676649923445	143
0.092092458381689	0.329325651909767	143
0.00204717821051101	0.589532410817256	143
0.076006086702466	0.364603503432146	143
-0.072610416915706	0.788303227316823	143
-0.086545583117112	0.695840395469028	143
0.066185142034961	0.379871362598555	143
-0.088969114846233	0.74832743246965	143
-0.102272983735056	0.771870016475642	73
0.054985409876541	0.313038095698211	73
-0.040456790122785	0.515597376186177	73
0.044592773328162	0.267104065716142	73
0.102698967934545	0.196988110987957	73
0.122957769299338	0.148799759411675	33
0.000277755438649996	0.450220534794937	37
-0.030891717212231	0.480201910506943	37
-0.036334933244112	0.442517358465815	37
-0.00882757866124601	0.441721331565414	37
-0.060281762784882	0.506113262568169	37
0.066372652485455	0.302722320414438	37
-0.021980378498514	0.41324807682914	37
-0.070569855563242	0.254567320335916	37
0.073704382964311	0.147887453371723	37
-0.057573075759743	0.383313035440666	37
-0.11408419487088	0.432259205525131	37
0.109054586569291	0.142470560001214	37
-0.07726365337252	0.419641636058289	37
0.011409207779568	0.23159268837	37
0.071234824327762	0.194034343411852	37
0.113581557290475	0.140088144722059	37
0.073159658927517	0.191710453142904	37
-0.027628245992435	0.388544409321756	37
-0.068541172019193	0.438240045632883	37
0.027041797148525	0.332615940635661	37
0.041894087760031	0.228222060546249	33
0.092277852518208	0.169341210140927	37
0.052085605519185	0.19724535027901	37
-0.005839598409489	0.303819070394457	16
-0.117537211887272	0.481461841373551	16
-0.070263485822223	0.409668847373639	16
0.075254119219848	0.190273523820961	62
0.00312041287048401	0.300787293299515	16
0.04663178655605	0.219588427534848	16
-0.102245781379289	0.293030573900671	16
0.044150931248282	0.219359366733473	16
0.068740956070606	0.223155192266143	16
0.077648477325788	0.195228735459579	16
-0.110973358927298	0.449880971033017	16
0.013233611568289	0.221407847767079	16
-0.013923317277287	0.346274438310099	107
-0.039149609581894	0.311241647616125	107
-0.025495925740037	0.361505964403421	107
0.115880134716217	0.126803872473969	22
-0.104967588746902	0.324949078382256	22
0.00291447521025101	0.268139110138826	22
0.088918643491189	0.136917832319883	22
0.094531167817824	0.146212256311096	22
0.046863095974959	0.219880711117829	22
0.00728085600405501	0.308819704342585	394
0.083416829305782	0.141504154096237	7
-0.02181845638314	0.184070538464507	7
0.071588635727152	0.175466658768869	7
-0.093905413004224	0.347395344488295	139
-0.030820218843649	0.389523301870993	139
-0.00994086913762199	0.289773719484846	139
-0.001848661682186	0.35139395915551	139
0.0448192675757	0.232635645645252	139
-0.043259280602415	0.759447000956947	143
0.091050036297013	0.335259894949153	143
-0.124623207442525	0.901362532134299	143
0.003493227163158	0.27834441924755	73
-0.019023705669774	0.274428209481722	73
0.025252085394547	0.324799740080931	73
-0.057941070053736	0.61679042066039	73
-0.034098378606151	0.510739120252185	73
0.00447629324234	0.394052522068737	73
0.101588298881268	0.188440288837141	73
-0.114300039868852	0.689408870113934	37
0.045826851365916	0.268877597265573	37
0.00985827089202901	0.138292090357007	37
0.07527909338644	0.107194561727039	37
0.090533947783033	0.149402266869152	37
0.090441800908852	0.161072841704342	37
-0.050490067894753	0.366359051797883	37
0.080662808856564	0.202118835777184	37
-0.017146642664081	0.314423319978708	37
0.11424832902908	0.130350361206058	37
0.077546171697162	0.175062440131993	37
0.081215951425479	0.170804760153724	37
0.119658868999018	0.169090377104997	37
0.021997699743652	0.269359249011673	37
-0.072884618985702	0.462317964164687	37
0.067094018213303	0.211010158772035	37
0.106621736966147	0.159256958860186	37
0.054795415975735	0.206747133823714	37
0.106779112113631	0.135115466770383	16
0.042499186235891	0.248634700917662	16
-0.102074393578142	0.470832211689864	16
-0.023767726139962	0.341145239648515	62
-0.087953858735547	0.415744351012508	16
0.049830703335696	0.140350999396791	16
-0.048189322323565	0.350308243377702	16
0.007380902815596	0.236631543918613	16
0.106583509169439	0.132469249235422	16
-0.00161661294007398	0.29975867784235	16
-0.079827664164698	0.248465290113505	16
-0.115108949506422	0.414095602781025	107
-0.00302300055580201	0.296936702932281	107
0.074079297661407	0.14730951208979	107
0.078498879643131	0.108803350162481	107
-0.121136329344008	0.537865473915756	107
0.097474925353372	0.175353128421927	22
-0.031202314054662	0.331196037518606	22
0.050480392061975	0.180234837234398	394
-0.036987240084116	0.334282132245181	394
0.10225811622466	0.152992244943379	22
-0.094943773966331	0.448553961513391	394
-0.002738071962747	0.288513832823295	394
-0.071972729996543	0.275082699011962	7
0.018415210071373	0.207739467722956	7
0.106498461094945	0.0657270947288225	27
0.103301641263986	0.176089851281298	6
0.028786304819471	0.305061731742681	139
0.050110237845581	0.316990378048412	139
0.023025115812653	0.461287090262113	73
-0.099349657547606	0.662643535647219	73
-0.067677244671399	0.552413629108777	73
0.088925140254138	0.222349542644858	73
-0.099307156150866	0.676497690110414	73
-0.101712579158041	0.634727410772702	73
0.021792892466835	0.332418973121247	33
0.082164565724866	0.247529088427326	33
0.123844540931914	0.153478626142976	33
0.007800876407275	0.463651846347731	37
0.060182491652084	0.189669621059612	37
0.073163458992825	0.12988827320479	37
-0.044342248361849	0.253292836054876	37
-0.063815788450149	0.366768247240895	37
-0.024989702236942	0.454090934415789	37
0.123252291495984	0.180327698231633	37
0.028051398978772	0.267663452820441	37
-0.038209928439738	0.442038628201478	37
0.111173460447781	0.183087158750316	37
-0.07575633973985	0.393746155573965	37
0.057125074254059	0.224902259866987	37
-0.036523409706809	0.391445227592711	37
-0.00605808491444498	0.364582831714737	37
0.065891031053383	0.241081790386664	37
0.111089582336372	0.165276295352935	33
0.092246697468545	0.184847436253232	16
-0.058177756834614	0.488173075760582	16
0.021196228389004	0.295069074651397	16
0.020691914875932	0.273856646995253	16
-0.039557727266406	0.370302148626312	62
0.078372956545719	0.211524992821487	62
-0.05230571694511	0.409231904336432	16
0.044313706438699	0.270751622833594	16
0.094715192457108	0.170735110180851	62
0.092590015555849	0.158256651197523	16
-0.00999705764567499	0.42590011851428	16
0.058964642796754	0.225762279147546	16
0.03898433064316	0.243509700008582	16
0.042875680878554	0.229408183137747	16
0.112263797517504	0.142203091850812	16
-0.105429953297295	0.392980024598048	16
0.003156132063003	0.237461425530119	16
-0.000931998655716026	0.301593524250623	107
0.033824049101402	0.329103556193825	107
0.020615851433776	0.219811453416152	107
-0.09462457022041	0.413330773529541	107
0.045116092572159	0.235566910953335	107
0.030747540590739	0.352060642947659	22
0.039617715868046	0.224886148340991	22
-0.110489913777867	0.408482802811196	394
-0.00669637626873398	0.26477841053191	394
0.06340337613504	0.257628180047918	394
-0.044633473521534	0.48903073917865	394
0.029910878876457	0.168294312312038	7
-0.057766216145456	0.396529784615278	7
0.098903323230446	0.177414695108884	6
0.018301981427293	0.33709172378666	6
-0.03238478652411	0.530965197833835	139
0.014768434570517	0.43124595768622	139
0.107455299588158	0.559599648399701	73
-0.024744772984697	1.25632203552005	73
0.084678967799648	0.541446226994944	73
-0.108651319103448	1.52010708320612	143
-0.010879142840088	0.781821977648203	143
-0.047859636036515	0.452145479732798	73
0.079898546038143	0.170640161473002	73
0.107984198135632	0.258504153857352	73
-0.077436233474926	0.647698344623891	73
-0.036130470559171	0.533542100403302	73
-0.082901904348405	0.664397183425753	73
0.082015043527755	0.277710229570639	73
-0.021547015635821	0.317830403637201	33
0.094298266596637	0.145279210243057	37
0.082654797955725	0.2541496126873	37
-0.045469272476809	0.42987927701948	37
-0.082535728211435	0.560647234485658	37
0.105838880525648	0.177983128843413	37
-0.000740770441964023	0.339490793138863	37
0.053811868613752	0.16056858449904	37
0.036190440248882	0.346713425151876	37
0.00611523703071301	0.384610020876248	37
0.122857735324907	0.168743110131992	37
0.119319290342235	0.161349706096169	37
0.019492852025609	0.327952516080247	16
0.01006229790481	0.370869489248376	16
-0.035772236455158	0.482902262974084	16
-0.063075843234105	0.205089812095563	16
0.073298615973026	0.1076757083916	16
0.109901876329949	0.132339835481215	16
-0.06607000309129	0.337920033033944	16
0.015609839918938	0.331922916854015	16
0.020842773263239	0.363482290702432	16
0.030119160361108	0.290440130858392	16
0.119245979279639	0.174763924621959	16
-0.114422832574379	0.514103415035411	16
-0.08366183603135	0.545585635562529	16
0.11388673026311	0.127004845094108	16
-0.05072067115267	0.443843650952996	16
0.079976274343514	0.246288939095288	107
0.108026974415064	0.181338841345407	107
-0.000104172881086995	0.410549674931451	107
-0.00798170960441302	0.460582198364016	107
0.045496012910425	0.298977700307519	107
-0.00198259417055802	0.35618644244011	107
-0.019657596371618	0.388106910844483	22
0.095149057645071	0.204992778185555	22
0.061049441614157	0.270555149971717	394
0.010021723398132	0.337947332037195	394
0.115481384273136	0.179254112434184	394
-0.110524910689453	0.627480492288521	394
0.013968950351216	0.399363364751311	22
0.084947942761667	0.180530871311754	22
0.017433425803281	0.161062358828043	7
0.110787112192681	0.105984755706308	27
0.075028625929145	0.0742346988679116	6
0.025262892893211	0.247824809397324	6
0.002544502181687	0.262144704036181	6
0.115804970112581	0.0619706045451698	203
-0.06663682738555	0.606731989338729	139
-0.038572560699464	0.537125259715564	139
0.085831432020156	0.838154722781103	73
0.091701433719052	0.682481012859935	73
0.021262012715825	0.997982777954641	73
0.065366234743005	0.636273726751161	73
0.086591300822478	0.556242479263146	73
-0.106428897270354	1.60754129024109	143
0.070742629758576	0.260810247035426	73
0.069514074106914	0.297215187117237	37
-0.015851353282302	0.388772785966964	37
0.098349260079664	0.14173969405348	37
-0.029128343046457	0.093039767977016	37
-0.039707128611585	0.195750344081762	37
0.10308364460196	0.19661980771622	33
0.05846316000409	0.301633038045565	37
0.065699469396632	0.273472895119909	33
0.041869461795798	0.339168901643257	37
-0.087085567688581	0.517631078704321	37
-0.113234896875489	0.58056219049482	37
-0.098626093497259	0.482636146346119	37
0.063593268785757	0.171549384936196	37
-0.047265437962235	0.418088223681777	37
-0.093199422034049	0.617099979317213	37
0.040497513492796	0.28898288789481	37
-0.00324010270203301	0.397908211283216	37
-0.064728844706144	0.480326320722675	37
0.050883118259663	0.243085430187923	37
0.027279336015581	0.370961181165614	16
-0.05064681087119	0.511158257114281	16
0.024683817591323	0.35458443476297	16
0.101188540948595	0.222231840394065	16
-0.056908327127147	0.509569023611385	62
-0.089700040905827	0.401901113404071	62
0.067691054262893	0.253801278085115	62
0.116139567023455	0.128498213632829	16
0.051016403450042	0.120906372492467	16
-0.018540294886382	0.391262800236852	16
0.096336351117377	0.200070289139833	16
0.029062263933363	0.315581616092438	16
0.08671312802394	0.205990765036485	16
-0.072125637587971	0.365447233767917	16
0.051462913903492	0.179819621297379	16
0.00146981977687199	0.297756969171484	22
0.07336074505661	0.193862912788275	107
-0.029180504783559	0.235169969726432	107
-0.012957959263984	0.425370766687461	394
0.065322186232344	0.268280278353054	394
-0.072983703362872	0.461811550865732	22
-0.033875534359365	0.249606278203847	22
0.02715351939322	0.085962170767875	22
-0.046977495652805	0.0997073627570174	27
0.021601008208461	0.0857637384058879	27
0.016025557146739	0.378844107806614	203
0.123059056659622	0.174851713679052	203
0.074842646054762	0.649945812592256	73
-0.041925155732327	1.36797204461804	143
0.037209331113803	0.582472466852099	143
-0.00269836224104297	0.451617941186778	143
-0.081840841369698	0.557502394042964	73
0.041282132437271	0.362816361526746	73
0.019906513314695	0.36874396501644	37
0.00699634108108599	0.460121438206029	37
-0.05822554821742	0.334241435766561	37
0.109523677791158	0.0651915731735346	37
0.021317603533476	0.203045680871428	33
0.019268873659715	0.329260423593552	33
0.045725689255316	0.345007912138321	37
0.059588300734441	0.20485098463881	37
0.109203678530256	0.182050671212247	37
0.030339310313043	0.380342582522446	37
-0.101150550852318	0.584268804965419	33
0.083521300791133	0.232018974419453	33
-0.115662676762285	0.482502669055555	37
0.11929112601052	0.125703141249144	37
-0.047915126528107	0.573029842361552	37
0.091651119623282	0.271631896294055	37
0.050431308930627	0.325942519700017	33
0.112867836603578	0.209715283030654	37
-0.107217562238624	0.582360847203337	37
0.099100333551771	0.205907532407347	16
-0.075426816928311	0.63841373099097	16
0.00640699522250099	0.450243104260863	16
0.076661328196628	0.285792216423841	16
0.011945884925381	0.303086352154713	62
-0.028117477941664	0.378997492912192	62
0.109565059785691	0.120663618668242	16
-0.096418432293352	0.639176761510363	16
0.022858787208593	0.379742956524221	16
-0.047110082743508	0.532448609108393	16
-0.011953368243099	0.4299183175243	16
0.089911602907222	0.239349784534534	16
0.118070568465512	0.171942162270166	16
-0.027214889477106	0.414677011028878	16
-0.077501324936493	0.242530980070599	16
0.123020902074105	0.132277134652994	22
0.079771207045446	0.250695859378184	107
-0.046746711109091	0.470448904667907	107
0.116931946130425	0.126490939252863	107
0.078496566843133	0.182336917444024	22
0.040723467124378	0.336704445120921	22
-0.087099049411181	0.633427880770443	394
0.115345498741448	0.173153997569694	394
0.10955733503039	0.207969091801717	22
0.058166170796201	0.299308460173121	394
0.014850697807047	0.342601988520421	394
0.102556563106383	0.111555280169862	22
-0.076960737024875	0.630186654421467	203
-0.00542506871927501	0.393715805447931	6
-0.041844757611605	0.37438930076869	6
0.124388650565038	0.577448420643968	73
0.098162387140393	0.598849303231715	73
0.000600383042409003	1.1949607595914	143
-0.074668319165177	1.54328286189498	143
-0.109200442427281	1.2358171774698	143
-0.021844824430589	0.586425170546376	143
0.07989788924058	0.282025240256502	143
-0.018366919223072	0.498399310537242	73
0.075561681574974	0.297615864825503	73
0.052080456733696	0.351257809101297	73
0.088561133041612	0.268382869301061	73
0.110890284317556	0.215364545201166	73
-0.065530822003744	0.54876743910341	37
0.057227583101088	0.303672986824769	37
0.021216448824629	0.440168289094672	37
-0.000322307947357992	0.279608015011652	33
-0.00354239926320799	0.320361136703716	37
-0.124676871568314	0.604894236566924	33
0.094378717179395	0.225816266725044	37
0.11891405672431	0.198711453420471	37
-0.065381691329722	0.518643982822171	33
0.090946734890788	0.247624505059675	16
-0.08367139062033	0.625055094649944	16
-0.010004803802258	0.397251047580319	62
-0.023885131132024	0.237777030971448	16
-0.060723095467683	0.250796595823443	16
-0.047622530948341	0.497412285595367	16
-0.007737697396348	0.400687014361914	16
-0.00600987357104599	0.423971582389292	16
0.123042982898026	0.150010234491886	16
-0.103914020480352	0.496951435039188	22
0.098495270870171	0.21611889171593	107
-0.039940698163633	0.541051837264056	107
0.045196688577018	0.276694383199043	107
-0.06264999436283	0.487841904760292	107
-0.028779659018021	0.327345207974946	22
0.101460054071395	0.188738789708982	394
-0.040853058061027	0.320997331003096	394
0.11921584876781	0.167028058298433	394
-0.039106604714942	0.0984696853611077	7
0.110239409264505	0.0648281795420425	7
0.106856120640064	0.0660413510878714	27
-0.075640249168322	0.39344490041091	6
-0.067198103090354	0.230822786348806	6
0.029411925933916	0.0799532200664839	139
0.042025855851154	0.233731318456899	203
0.085075647370297	0.759073949991101	73
0.120302937323939	0.4931748089501	73
-0.067102464308337	1.49789230839143	143
-0.012434446020088	0.979695260970724	143
-0.105452319525855	0.939793835911609	143
-0.00140591060746498	0.358935153980915	73
0.090932440361377	0.255688383559659	37
-0.082022436465978	0.510816034582435	37
0.121441705680474	0.133602815585893	37
-0.088349559922465	0.403648628951613	37
-0.025127255889398	0.300942937661182	33
-0.098515798296414	0.511539829345296	33
-0.00346179795432799	0.31685088271653	37
0.00462422456983899	0.308263277815435	37
0.098440644874407	0.234282782014157	37
0.048556675509858	0.30957042411029	37
-0.083676109010504	0.631852096372509	37
0.037080451148981	0.311123570646745	33
0.076568798425383	0.221344278535623	33
0.11691714093658	0.188248885440142	16
0.031188477344955	0.358020131907447	16
0.01299838893352	0.418715146685148	16
-0.026548705260305	0.474051665819864	16
0.102435170500479	0.133779853300195	62
-0.027367808236543	0.187369309962126	16
-0.08607329099753	0.359840000778122	16
0.047334947587051	0.182729504310158	16
0.102758663523248	0.228845921224261	16
0.058565336706282	0.2979037324125	16
0.053798040131912	0.298456059327803	16
-0.031370297520018	0.370376358904362	22
0.107006042510822	0.18293949284987	16
0.019553623746472	0.352504828544465	16
0.044117710482441	0.162658505737231	22
0.106925219889327	0.181511041767629	22
0.085229478022043	0.220910370931398	107
0.112759581985604	0.189133010812424	107
-0.044632711826835	0.492056550956545	107
0.114626579052323	0.204012125483351	107
0.038649467420996	0.288675610966302	107
0.042790700564583	0.306980633201837	107
0.078210379740314	0.202710646280575	107
0.029498654721888	0.233588004406545	107
0.077384226344737	0.257189354009293	394
0.036248846471123	0.295389267562284	22
0.087988054999959	0.230758011218611	394
0.032610287092277	0.173510188992941	394
0.047997554657848	0.16717275048272	394
0.033459694345629	0.0837825153802792	394
0.045734466250512	0.12394462437434	7
-0.039710077936458	0.0981882479462536	7
0.044991501725095	0.12304902353814	7
0.108071429041164	0.064621334605045	7
0.081459332890095	0.0714085518997917	6
0.081958984653024	0.251875680937853	203
-0.100105355182622	2.19849698320275	143
-0.058817639472666	1.55542227948638	143
0.084174776391932	0.531044446603053	143
-0.076291575624602	0.987938351105669	73
0.120197904886163	0.170134004438343	37
0.055274076457532	0.208542538325905	37
-0.03246050007707	0.350043676173964	37
0.034309617186389	0.274052132963003	37
-0.062273641496902	0.475674271436725	37
0.02298793012538	0.353152861956276	37
-0.116597408153284	0.653863247484576	37
0.112520043345238	0.198670357190008	37
0.051362724796153	0.287544378810399	37
-0.054815386972412	0.489913052005903	33
-0.117420553559242	0.517516305017017	62
-0.012014185423127	0.379557028229461	16
-0.110626775596706	0.488708097600001	16
0.036953754572246	0.12948868080015	16
0.094771704195774	0.220908027909544	16
0.032511401282412	0.315800704890187	16
-0.027653950525442	0.46384638457	16
0.027842291738143	0.280028959316955	22
0.026664213501721	0.286284717292055	22
0.02753165932338	0.303621468792744	16
-0.019165547037438	0.433643831867936	16
0.050751927365634	0.227939513968745	16
0.054255146832739	0.195757913037778	22
-0.00352467978353599	0.316712576832668	22
0.089102160547284	0.236674693826	107
0.056510079033951	0.26672164980335	394
0.070717182658905	0.282923291532384	22
0.038689920135286	0.27206087021901	394
0.040897153040821	0.280930719367816	394
0.11036725250776	0.0617604587533856	7
-0.098790104377721	0.574665094542507	6
0.07369207130075	0.239881366903636	6
-0.043036109799874	0.391601652129622	6
0.020081970532982	1.33630136865337	143
0.058454840675557	0.798679559184374	143
-0.053180911976164	1.29260314431983	143
-0.018599966104793	0.8420439119651	73
-0.00183234806423299	0.456958273140424	73
-0.102142858183834	0.858363686037308	73
0.113853282361706	0.172174781362079	73
0.031900879047857	0.397677927882941	33
-0.004583573762728	0.265254708502529	73
0.077210981249045	0.271160613807673	33
-0.041912478081594	0.222846499836502	37
-0.077405158522855	0.382074910866939	37
-0.110661271180339	0.571822119025659	33
-0.102177029649981	0.593932476976207	37
0.013876062468676	0.294546992469696	33
-0.011351680743849	0.368467471202332	16
-0.030701256192725	0.239360931380709	16
0.085518294802333	0.159731772978539	16
0.024606578757268	0.250691389027187	16
0.104544389376636	0.16706544074568	16
0.120184719379635	0.142248096721115	16
0.059195760211707	0.203327147160182	16
-0.105288534240131	0.35018684710986	16
-0.117840201458168	0.266440786942871	22
0.049213995071775	0.141096098731397	22
0.023259175116795	0.20382655568319	22
0.111068695898283	0.158252835786743	22
-0.01959839135372	0.321489856304255	107
-0.032832425426034	0.335794883258397	22
-0.088237436742659	0.360057183384511	107
-0.068242955118247	0.211278059591322	107
-0.082683058412918	0.383232017894584	22
0.048966053848207	0.180862046257856	22
0.053104523833369	0.259804275624798	394
-0.113288456135048	0.563735878201279	394
0.073269969235821	0.218537425697002	394
0.020327324033686	0.261393330148525	394
0.050551367267368	0.256095335734823	394
0.102808151949334	0.162155803173998	394
0.010433819219848	0.192335751449764	394
-0.081578735979	0.172315648116297	7
-0.031337315434474	0.194879133919085	7
0.074808839488757	0.0727863407789102	6
0.100946208291029	0.0663420441921045	203
-0.026749743877793	0.340230224413009	6
-0.032787403801835	0.448440783000819	6
0.023920532770123	0.32163013623641	6
-0.105481433301602	0.604525010630855	6
0.081428564039314	0.224638539198377	6
0.045342751929924	1.1846252278029	143
-0.104308665343285	2.11099654362151	143
0.11431070628581	0.148622885490211	73
-0.024650692774509	0.150595584356661	37
-0.115345253112979	0.542198697019314	37
-0.123536222828524	0.243042602876031	37
-0.074607417319964	0.211713185823395	33
0.042956738527576	0.168429522110176	33
-0.062595773705353	0.339874453919286	33
-0.066217947243527	0.50028564772663	33
0.052249124564296	0.269047874338835	33
0.00739026587911601	0.393571917565621	16
-0.045412209266899	0.55225158242369	16
-0.01579037667447	0.491421963680007	16
0.061326922117139	0.28954035619026	62
0.053755884645337	0.22849445173991	16
0.109238115381066	0.088355338038201	16
-0.098320385641968	0.351704905068926	16
0.046224906139109	0.295853238894102	16
0.106918861209017	0.21169442932323	16
-0.1090543402825	0.59900422124563	16
-0.124605773568848	0.633197700881283	16
-0.002985929377324	0.329944225488235	22
0.070817501424544	0.226156212555677	16
0.029297840679769	0.214299072205305	22
-0.055817232845316	0.507315224110442	22
-0.031226056731401	0.370941206261304	22
-0.070463456852314	0.492338667418018	22
0.079825729667878	0.264528197760116	394
0.048137699151131	0.24547719113379	394
-0.0218200783334	0.450593303967502	394
0.00574102138542301	0.33951044801977	394
-0.092338771390576	0.369991694228972	394
-0.080371532149789	0.170268987612182	7
0.003115928971551	0.240996287107512	6
-0.03120506432998	0.235753370553327	6
-0.033982658879518	0.0971458489065751	6
-0.00274213298512599	0.394272231386255	6
0.058007660563831	0.286007934083882	6
0.094407713785605	0.204195620345853	6
0.043821470333147	1.07030468251023	143
0.12121955976063	0.539476474402142	73
0.083544036734185	0.556211716388399	73
-0.00738839233930999	0.693504759014689	73
0.095538195250048	0.144977387659914	101
-0.073224714092366	0.650630462898411	33
0.034113446345563	0.246421753045063	37
0.067581098132741	0.178114075858109	33
0.099643530824593	0.154694549487845	37
-0.027765705966318	0.286196287414282	33
-0.111943281005048	0.560399928819375	33
-0.053114216300225	0.392333761238186	33
0.060171097007632	0.207191686261264	33
-0.104428511647796	0.562676585234574	33
0.047619955119599	0.279883057442944	33
-0.024851783699887	0.448206276777856	33
0.074183705999392	0.232423902642728	16
0.00718590463063701	0.332780258509066	16
0.060756360258118	0.257225803756532	16
0.107324423405516	0.20442787351852	62
0.117891709236707	0.165280713657496	62
-0.122254710811697	0.600273423880119	16
-0.079078671444989	0.407902954842824	16
0.076551543781676	0.144179874199545	16
-0.109764468607269	0.323089019450066	16
0.042690908528026	0.309481115072475	16
0.067952636800655	0.261583377527873	16
0.068779579251156	0.274554968005533	16
-0.082138672947236	0.403946891987019	22
0.067641567382209	0.209687946581975	22
0.084624495459837	0.159769888080096	22
0.116855918691784	0.115748126289076	394
0.03866670204845	0.339156160837848	394
0.118844110800978	0.146057297974148	394
0.095438381960632	0.114272150494266	22
0.039257581109915	0.127706866001994	7
0.108426544502987	0.0635892478708921	7
0.012576802646974	0.138434025965809	7
0.035542246596631	0.190617007618835	6
-0.015196610346728	0.339927309804544	203
0.0865348914992	0.251468076900446	203
0.034634212341801	0.280688150596658	6
-0.083809896262563	0.546513199621777	6
0.036500603424321	1.18037441359478	73
0.045172311043516	1.10590429511414	73
-0.063926106778436	0.259075475273712	37
-0.092552198484108	0.281978893535902	33
0.087551188050546	0.19402747908026	33
-0.063028544040122	0.441822047400046	33
-0.066180339667229	0.467795064838198	33
0.072288328221003	0.224172524364257	33
-0.022315662906575	0.353577339031294	33
0.098693747950678	0.208920045401537	33
0.050600559116123	0.248509318492484	33
-0.00840963117233501	0.424548121835997	62
0.068233718841341	0.0750878447257152	16
-0.01143145059449	0.247528425145035	16
-0.022485610063805	0.280531954983918	16
0.056930939419913	0.247811642075594	16
-0.072193312076647	0.462501813756236	16
0.043936789407738	0.250695938382522	22
0.108794707149938	0.121097489814251	22
0.051808043715981	0.220870779742404	22
0.011075748284536	0.168250339917783	22
-0.068175681043313	0.435147599781635	22
-0.015596896746463	0.256310420242251	394
0.111509195510315	0.103859960583695	394
0.079977488272816	0.0722690433504213	22
0.025693266630163	0.0843819985357089	6
0.00442772514887599	0.143334172770312	6
0.059845215653117	1.40993183302227	73
0.056881866383309	1.25879533933211	73
0.099372853252402	0.217067502086566	101
0.07476297171388	0.289215596745765	33
0.122904333082438	0.178049940341873	33
-0.0414700526894	0.483735106342851	37
0.029882366535835	0.231247748362038	37
-0.027750588467987	0.234915992297349	37
-0.034613419862921	0.191785948687869	37
-0.021795496221183	0.236881612064904	37
0.029841303541661	0.277676732244375	33
-0.064554336962747	0.362145215662112	37
-0.081595752627692	0.451162585551698	33
0.061933514944805	0.230072709822072	33
-0.030770598876429	0.369467876687969	37
0.10849446874406	0.146578251281481	33
0.032621521847779	0.228544476112902	33
0.033941359923545	0.224086626586436	16
-0.062532134163572	0.406367786715578	16
-0.095610191753313	0.446089532780772	16
0.042889508338965	0.230787538486445	62
0.005882102981661	0.26885706053268	62
0.064386124876603	0.169325842780157	16
0.053318911931856	0.140319959672127	16
0.110163535308997	0.155869137611811	16
-0.034634386158694	0.35214754284231	16
-0.104105338598297	0.444524152263578	22
-0.044146792352526	0.300682599187087	16
-0.00721382967411999	0.266117408698826	22
0.119823839229548	0.130979538986467	22
-0.025028636282633	0.371215265846441	22
0.047146480461166	0.264437680856834	16
-0.097525898778881	0.444152046115847	16
-0.021905282089068	0.319435943504278	16
-0.103047503986887	0.527204875138216	22
-0.027978548711951	0.391765082719126	22
0.095048028827949	0.171792667067871	22
0.11901450345487	0.143228653680602	22
-0.089165712083209	0.25469389649624	22
0.079729221732307	0.104039971101554	22
0.027336603762328	0.236529272536853	6
0.015341385982498	0.206601904310235	6
0.034186356028441	0.261789792279975	6
0.067602381453157	0.214967724030117	6
0.09031929571855	0.226750882841133	203
0.045752356888716	0.294548346752808	37
0.030219033855355	0.371168015879185	37
0.044515980512449	0.262633165939952	37
0.085580691188737	0.212411435283042	37
0.107495116976319	0.165342584997321	37
-0.045614239227975	0.346998070292392	33
0.014919606679484	0.278538497815823	37
-0.00467253233577802	0.300926644452625	33
-0.05370545521674	0.345455787963411	33
0.093202439122936	0.170184292856135	37
0.088711317388125	0.183226423185652	37
-0.117468690060101	0.522117310986848	37
-0.113793980539405	0.494429689877956	37
0.037463003176327	0.237058406245995	16
-0.106595119562391	0.379297137411825	16
-0.089959509190574	0.465480706864619	16
-0.08564585424074	0.470002062948034	16
-0.059672149031298	0.360003731829984	16
-0.067624379600732	0.322107625826125	16
0.124602938349193	0.109012801264028	16
-0.026351316202811	0.337130659752295	22
0.099189352417234	0.163296583866567	22
-0.054428899354143	0.362789032214857	22
0.079209029294985	0.173368730660766	22
0.022996776609135	0.203376595382969	22
-0.015702152532442	0.36907122406121	22
0.021541369422046	0.234684831834378	22
-0.027628907573887	0.306671642577003	6
0.056111920782312	0.208799970807874	6
-0.027818972778962	0.33103718687434	6
0.00514396994708599	0.324918707831398	22
0.067227322469103	0.183469558167126	394
-0.066518839960128	0.270061460681722	22
0.11544821706679	0.0616065954983659	6
-0.021493381407033	0.147664409727011	6
0.027047168669319	0.297431685854742	6
0.091334665439097	0.952213521424929	73
0.04922376328562	1.33957584282063	73
0.109699723540246	0.188629010907626	33
-0.046303458940709	0.446649407392062	37
-0.090968679524541	0.550747334058777	37
0.056733148727141	0.237660172174879	37
0.098713197262328	0.232478099520689	37
-0.017417938776236	0.448282788226052	37
0.118508162269346	0.142000169484434	37
0.066905500541499	0.205183808999034	37
0.047086675037312	0.219079292403335	37
0.025137694554677	0.319257430980809	37
0.043862226765453	0.301556940046431	37
0.038487857821401	0.355307741356773	37
0.067686554483926	0.141529633767103	37
-0.053200282468176	0.354775617261102	37
0.06048344463254	0.190014013010048	37
-0.02945639976243	0.330987844066554	33
-0.092155652689347	0.344448121917044	33
-0.076851331130943	0.529662439429475	16
0.00908288587177999	0.214297733837534	16
-0.120912057934524	0.450708519259108	16
-0.064235020685308	0.389980533849134	16
0.042525972968655	0.254010190726602	16
0.029927875539572	0.298721002773541	16
-0.029635965675121	0.467432353864395	16
0.071754592222215	0.166637612541051	16
0.03089028407636	0.177776974215638	16
0.042333928955902	0.188754710760529	16
0.093691440898093	0.168158043967389	16
-0.047184184718987	0.391520244256936	16
0.048909053555408	0.18060997810265	22
0.00977849339220299	0.221357451071661	16
-0.01517252860688	0.377655301662778	16
0.064332512091737	0.282527045338314	16
0.023630514943029	0.267096556388712	16
-0.087796691830319	0.322917245288862	22
0.0632591792553	0.284929254831401	22
-0.105175205371976	0.327654828402944	6
-0.079695386212379	0.304585005309766	6
-0.022259648043141	0.339416073767853	22
-0.00444276251421499	0.396033567765623	22
-0.050070092056839	0.391159672720572	22
0.117100895394723	0.124409507365706	22
0.038240333380726	0.153076395191608	6
-0.123943403403126	0.278808100271761	6
0.06643697476866	0.185486038227889	6
-0.043205140542308	0.360068590873283	6
-0.080000547704779	0.468654517815878	6
-0.065208920279606	0.406762823899832	203
-0.124859634796449	0.622226933332556	6
0.112968585482221	0.188696712508275	37
-0.004983571120382	0.422464398256604	37
-0.052196999667594	0.523395343007565	37
-0.10925695954414	0.358039875123574	37
0.121363330794405	0.110942708990965	37
0.053654530964832	0.161895730441787	37
0.024439992733932	0.266967379429328	37
0.060119361816671	0.228216332035719	33
0.084203209260926	0.18016048441614	37
-0.013628976403385	0.313381572855568	37
-0.078066676979847	0.396928992165131	33
-0.082833149682838	0.403078560557234	16
-0.013573946992958	0.32738615242208	16
0.097577676622086	0.167452548675404	16
-0.104045146661679	0.42758608634848	16
-0.101744770936945	0.51707074053075	16
-0.106529288608965	0.481997276619868	16
-0.098154347955679	0.396520735201011	16
0.047749069001915	0.264664912707794	62
-0.04572119976238	0.365721382696188	16
0.018306141985467	0.335788774117217	16
0.045749293529722	0.229522815293988	16
0.002400587562538	0.265842985105138	16
0.069278847041348	0.219171453636565	16
0.099478693746341	0.139567380097918	16
0.102001683062496	0.126950511989264	22
0.004213207727399	0.249658731713585	16
-0.084680262851183	0.526325177074302	16
-0.013786232003031	0.292859629992863	22
-0.068599288459808	0.379499616341076	22
0.075739730328117	0.176513276437093	22
0.030437563245554	0.264238367738631	22
-0.060652105996435	0.293703519106533	6
-0.037545223431034	0.336376041754262	6
-0.00560110191602298	0.301050345985227	6
0.097031702717992	0.178930796990741	22
0.075887868881407	0.211506885663784	22
0.036917831111419	0.234647503851653	22
-0.07887771233974	0.246021327473807	6
0.00357931954372501	0.33078493635289	6
0.054818620962478	0.253625712157325	203
-0.02520189790794	0.458770258098293	6
-0.052956609628319	0.49558678847371	6
0.108414340266196	1.01532538574953	73
0.083947500076376	0.36252010704098	33
0.02484322141552	0.318296833520521	37
0.016536868097081	0.328025375454722	37
-0.063510082646638	0.556702615648727	37
-0.07816915269457	0.517444065927491	37
0.0900260390988	0.221824295016157	37
-0.090903112098374	0.504738549860481	37
-0.00931244159158301	0.22553067442992	37
-0.031965053279346	0.325258896696123	37
-0.020430691050995	0.301998079824934	37
-0.029620111622618	0.266915787647544	33
-0.00529189436190802	0.316837041244567	33
-0.113655499421877	0.43386711948499	37
-0.06101658604398	0.378699242908658	37
-0.006126651893888	0.246777753328774	37
0.091359788955065	0.161428974986979	37
-0.000426584026939014	0.327964844023758	37
0.107224859663878	0.144652644489831	33
0.115379972986064	0.113696468286031	33
-0.105284474043611	0.433209161809239	16
0.092405440726485	0.147772345379757	16
0.034557869542871	0.27782398415626	16
-0.062082150055818	0.38071413974116	16
0.107395716504698	0.168044541515522	62
0.085173071187673	0.159467026148712	16
0.091203650239575	0.117715983437002	16
0.048425595605723	0.178004989265297	16
0.00649774482511301	0.2362381043709	16
0.103386961124167	0.147491370028967	16
-0.101700630711771	0.403780315105789	22
0.028604674835829	0.199652349954844	22
-0.096286767431377	0.348159527097337	16
-0.015779287949881	0.244455061709161	16
0.067594407215562	0.22635219751481	16
-0.074692624752983	0.300656212241699	16
0.078993937290103	0.181623187745828	16
0.116620997660449	0.147427765774233	22
0.061037793807632	0.17223367085843	22
0.085287252835227	0.139527300706887	6
0.0876696990669	0.193539172879967	6
0.039496490930764	0.171066965075401	6
0.00850866231466199	0.167674395982824	6
0.073753216871068	0.169322960623659	6
-0.04503888111708	0.397754745314699	6
0.044551488941233	0.232857879574275	22
-0.04458787407359	0.409818640112351	6
-0.026924224300644	0.362362008062829	6
0.094282178933803	0.175267075252883	6
0.050869766120929	0.177266802928452	203
-0.072571967972645	0.361258652651668	6
0.00541752023783701	0.368716674429444	6
-0.119514809795567	0.637771336970978	6
0.013481737275971	0.250632548190561	6
0.09352853563233	0.210820231113627	37
-0.067221628327057	0.588457250197771	37
-0.00622644942561601	0.566902203028287	37
0.119975445372081	0.126086887897426	37
0.030935671259221	0.178375940191231	37
-0.031656195712651	0.367951598922327	37
0.010334308113903	0.266831409311362	37
0.072836615513219	0.189198219221582	37
-0.024539772577921	0.550200907811203	37
0.00224910235576201	0.400242897913535	37
-0.00939083431875898	0.376552907350014	37
0.053949049767484	0.298908727057319	37
0.00476720331824501	0.258820681028708	343
0.105127401193576	0.0938739137198611	33
0.015553502013662	0.185397372231721	33
-0.011097465081311	0.441616462998252	37
-0.02502887191549	0.188308017362378	37
0.029966387256713	0.294019740825259	37
0.057209939396548	0.159087760851472	37
0.034077148691694	0.171939329778317	16
-0.036879084268784	0.420979104699769	16
0.046624467228984	0.123478762852539	16
-0.12486763905286	0.280485342665105	16
-0.080837004622426	0.645444730075857	16
0.095309965472705	0.116753947433899	16
0.05721605550516	0.13983357569384	16
0.04608201318439	0.12058911694626	16
-0.00491881129148403	0.435880544327852	16
-0.065440111443566	0.16178171535705	16
-0.067222707094227	0.213226354603655	16
-0.042875392973566	0.557771348919338	22
-0.032568401414378	0.636599426798381	22
-0.025008879186182	0.185923991697651	22
0.110224638430408	0.0907420232143993	22
-0.00224323417766098	0.145106587502693	6
-0.048692896247648	0.546353357852181	6
-0.023341632712554	0.499433192097072	6
-0.116898214161225	0.560777632531486	6
-0.077173336917768	0.424012984396424	6
0.086108473106912	0.210382246219633	22
-0.064544932656446	0.528470720362395	6
0.064395861539617	0.256809578929112	6
-0.00501375904754398	0.436029121877156	6
-0.120142460320391	0.438894295793248	6
0.108121924200677	0.176822948927042	6
-0.059759535575946	0.616922826681932	6
-0.095920265037634	0.495771812367071	6
0.106898433523955	0.264642054376545	6
0.105877464676344	0.170546281792467	6
0.119535953385625	0.521278918579247	73
0.020747255653743	1.5246017931664	73
0.108652456536128	0.30808050570294	37
-0.082578540741294	0.676932246688585	37
-0.075587682084799	0.54669521129599	37
0.091593357673889	0.262657194498238	37
-0.104323451611878	0.85983559413132	37
0.086425920841867	0.219247960659723	37
-0.103987299588882	0.717666342263942	37
0.097195850223607	0.22929161515418	37
-0.067364052473746	0.524895669548711	37
0.040409958275524	0.363381688005934	37
0.00503065221951901	0.403430198207713	37
-0.02004826204679	0.295289524732438	37
-0.054257137077382	0.330631616793098	343
-0.039208018025717	0.29441180199253	37
0.116411979908275	0.174900930511009	33
0.086727262128381	0.150293742460117	37
-0.039037134160996	0.305048268987752	37
0.053981204896369	0.241315933560247	33
0.109425696859234	0.191325426784879	37
-0.124674169473806	0.497557424695897	37
-0.094276557509444	0.346761470262895	37
0.033065099384624	0.267007526418712	16
0.00572725722098799	0.250533103299923	16
-0.039336833106079	0.341147700285274	16
0.005833953201589	0.270062379859284	16
-0.087615829563635	0.368683554610164	16
0.034004737397499	0.244281828379699	16
-0.075218903061449	0.303301053937573	16
-0.082230045197579	0.361919259635552	16
-0.117974788752522	0.405902133676005	16
-0.076975936650044	0.556774988705203	16
-0.057099595563037	0.334405759047641	16
0.043673810453496	0.261075060829145	16
-0.045747998248934	0.304528737374521	16
0.067853267656027	0.179966486609265	16
0.041802493864206	0.206083882722215	16
0.097905676698631	0.145196224360231	16
-0.117364863026424	0.413094138034695	16
0.00495834693199601	0.278068427562011	22
0.117840688152029	0.121225036162542	16
-0.06650291612454	0.320998274114284	16
0.078329776308926	0.172662652365365	16
0.120150502543442	0.1141757504443	16
-0.050608190770217	0.292654821379787	16
-0.029519540458228	0.329025861607444	16
0.04764367129723	0.198331849499766	16
-0.010685309172704	0.290971431151657	16
-0.031715315907569	0.385879941741174	16
0.096493361485353	0.161677279256912	22
-0.093183765458843	0.371971252427497	22
0.027253448140437	0.209327836975946	22
-0.114008751399573	0.588179357797097	22
-0.000253464955795979	0.255095658900064	22
-0.00532999518739502	0.195939230958371	22
-0.104715958724447	0.427211048166455	6
-0.105564453690436	0.476348478026459	6
-0.024333394563987	0.28307166723362	6
0.054046798936518	0.235922925827324	6
0.021306218581849	0.243768449853837	6
-0.019730337729087	0.28173186415661	6
-0.00885369361079103	0.270942582589874	6
0.024634102486497	0.229332983813386	6
-0.054997152084792	0.472193330808258	6
-0.050624568001845	0.394777654321094	6
-0.00176261086629798	0.259479609288938	6
0.055528726900371	0.193448471345325	6
0.042226511397781	0.228965342797217	6
0.070164478374098	0.239139786077404	6
0.087170881117964	0.228154712649399	6
-0.036111905772839	1.86050782401002	73
0.10447838525199	0.762952730022083	73
-0.02692351308073	2.11077919752336	73
0.105213209202711	0.249677654469804	37
0.03728250246323	0.40691622818593	37
0.11695246531672	0.211322483020817	37
-0.073796123598132	0.603334680629643	37
0.00405943583985499	0.453429563758086	37
-0.067329384685395	0.644336533377736	37
-0.029640219913007	0.462429919360775	37
0.071807116843438	0.251903644308729	37
-0.085030537687664	0.54896834135989	37
-0.097834617645243	0.653610759426966	37
-0.018049193696154	0.489887479888798	37
0.029933125056039	0.329630879724544	37
-0.097845498147729	0.45127720679962	37
-0.038319297450214	0.261783609852846	37
-0.011439046681874	0.271627712914883	37
0.053878373106834	0.195502705361802	33
0.014961910478271	0.308887514388332	33
-0.037674992607409	0.24807564346748	37
0.028108481481818	0.261797526104528	37
-0.107989706957515	0.328194080874527	37
-0.089267899483767	0.366227472046548	37
0.088045563303237	0.162241832664353	37
0.036045117706976	0.190951340861243	37
-0.076925858096453	0.324487022166185	33
-0.122940478203986	0.597048099909156	16
0.050660863454563	0.164060099628989	16
-0.028163605191889	0.217061869124388	16
0.00852136365455999	0.23405519486804	16
-0.122694385997054	0.527495274266381	16
0.073139197430381	0.208999308860161	16
-0.102782326907701	0.324532497766314	16
0.104845538653707	0.166071685690373	16
-0.064290074784624	0.40438219664671	16
0.095784547853557	0.131857372744111	16
0.054729551263321	0.260551579263185	16
0.024500499790109	0.202363388739249	16
-0.040124537541627	0.356980211472655	16
0.042460354485641	0.148438402517651	16
0.00611031223098699	0.228016591649385	16
-0.045405788432275	0.378481338108157	16
-0.107371316766867	0.434590687155878	16
-0.079956159801375	0.490885276145543	16
-0.110256222878931	0.432892554445652	22
0.089302932653944	0.160562029975946	22
0.022224698215776	0.291288784891981	22
0.11326514626827	0.140529431490061	6
-0.091537745643282	0.258153372444939	6
0.067633690173624	0.191145803505548	6
0.114952760344953	0.176083314547732	6
0.104100266245146	0.20649893695995	6
0.085280372016279	0.195981028971238	6
-0.088260564160273	0.546288146619293	6
0.007964370018232	1.50284814809715	73
0.022644199567566	0.37722709263641	37
0.021385299800895	0.224064807115241	37
-0.020201727145924	0.30146510883185	37
0.00143871840100701	0.278380822883965	37
0.014145674402109	0.25840732589317	37
0.0413087004909	0.147215179440653	33
-0.083738323463725	0.254515913063511	33
-0.062269959149305	0.314741905707776	37
0.041525584347155	0.148577080932493	37
-0.00602464734845098	0.301124945652578	16
0.0101858454886	0.163611939726843	16
-0.016491550280753	0.232928321000031	16
-0.059739428646974	0.261681029717408	16
0.00423300293586101	0.168621013463486	16
0.04852067353512	0.227343220223186	16
-0.08181806744818	0.25353796221081	16
0.051927933081194	0.115823573312481	16
0.122766963656273	0.08357552719944	16
-0.102615537701983	0.406222485526516	16
0.068672256149958	0.165805338503307	16
-0.115709469436758	0.232241671071991	16
-0.113403316909939	0.361817180352073	16
-0.099068940514326	0.495982365199801	22
0.124069136369809	0.0606600327724354	22
-0.021916427494022	0.185011527553042	6
-0.118106058087368	0.38770216789548	6
0.122533660224686	0.172277541393098	22
-0.099061523942602	0.463100109405031	6
0.042544228098616	0.182480554289216	6
-0.112900187809637	0.585139885060791	6
0.013295864968749	0.16599643403355	6
-0.080256061721489	0.396753947164973	6
0.071617066514384	1.66276855994619	73
0.088833857480538	1.14404883886007	73
0.119278701702308	0.127230405996106	37
-0.01433388190435	0.563163627006294	37
0.023884434358471	0.280643099240977	37
0.024496610356849	0.351585637413649	92
-0.0782154435172	0.50993603640298	92
0.012586833450311	0.367911815944646	37
0.049589930253102	0.323685230872963	37
-0.072387639413379	0.240900471828847	37
0.081020906288984	0.07202671276267	33
0.064754271440383	0.114181610721357	37
-0.117324468552998	0.238781620081117	37
-0.065776036096173	0.163015757500015	37
0.105164114053918	0.0660011886415261	37
-0.075633143175558	0.216934878286197	33
0.046397254981702	0.231291770189894	16
0.011285738146385	0.167738748626605	16
0.00617392214215901	0.143652787687095	16
-0.02757344179395	0.152194033527783	16
0.05379200538081	0.260078817142445	16
0.023618154032065	0.215477132380105	16
-0.093449041447379	0.765141195576834	16
-0.0573621847129	0.434809009114881	16
0.115259325191901	0.0847487861086976	16
-0.035899668871828	0.216178489430427	16
-0.079521240822125	0.172723977069224	16
-0.020325952683569	0.145564746874961	16
0.013741936587908	0.225284569164619	16
-0.0728182310421	0.169891048048725	22
-0.070765066789771	0.16500672736264	22
-0.075392986055554	0.172075917199599	22
0.071899752873302	0.0743011477770487	6
0.060208858678696	0.154678656182479	6
0.038497644460764	0.273440084058402	6
-0.067027755134961	0.723414987050164	6
-0.057483181128588	0.536562878868206	6
0.038522368484522	0.312996671054549	6
0.114349233328719	0.221521728736508	203
-0.089431967636172	0.67232028939745	6
0.074615510388315	0.14372395771859	6
-0.049447031929893	0.308189975943932	37
0.027900586653514	0.235969721281268	92
-0.031537316645261	0.929388572912602	92
0.00143691918497099	0.686974855722755	92
-0.030725133793011	0.431169332159659	92
0.065992859065366	0.185457260854479	92
0.10725523925917	0.1174226246623	37
-0.00801977130238801	0.613724005264896	37
-0.04271004918294	0.340361201416158	37
-0.011896699232403	0.341372197206211	33
-0.036061016715017	0.155994971697584	37
0.015459970791208	0.299560093200282	33
-0.073677476587922	0.171737957631577	16
0.077092781584097	0.0721812578410915	16
0.003580664793358	0.1451335547524	16
-0.03019799032923	0.397038244511284	16
-0.02284801190044	0.561024309923657	16
0.065644983062142	0.321190357143629	16
0.098537300767842	0.177389709561592	16
0.104204525851091	0.0657592854375838	16
0.077734241828275	0.0731385890132623	16
-0.073324702853424	0.167355766400924	16
0.117983018085799	0.0600466247643835	22
-0.057320073538561	0.507363744385289	16
-0.029170482314757	0.157426549311752	16
0.044742028628678	0.126359174052348	16
0.026462162347765	0.0840102926128215	16
0.076333399254587	0.279805058111232	16
0.049064173721757	0.346510398108513	22
0.019726777953841	0.0812861519241518	22
0.087589394044364	0.0674326176347761	6
0.030724426085353	0.209014774443635	6
-0.064313786179796	0.553034674908278	6
0.120580340866383	0.151391191956673	6
0.086580505688182	0.270798917322304	6
-0.058038533376234	0.399750113405188	6
0.087759917153101	0.283360921516005	6
0.101761117332894	0.228365746990427	6
-0.00154830278289703	0.451913320852741	6
-0.00596558820055998	0.520908087201429	6
-0.071828879622284	0.344858871973706	6
-0.020877946097871	0.185891717881357	6
0.098088392715613	0.244794882730659	92
-0.057231960830361	0.353748045530643	92
-0.110212317859939	0.354479740863176	92
-0.069246178041126	1.02546386985689	92
0.039729539166565	0.284892053626626	92
0.00771140622668901	0.213919600083987	37
0.004543680198005	0.429152774973868	37
-0.09555852319235	0.447186643427851	33
-0.075730096689493	0.172872322177575	37
0.00235541506313999	0.331451660564178	37
0.00840735904080101	0.143215856947681	37
-0.044873470392423	0.224697462188194	37
0.074237798228259	0.0741474119832429	37
-0.078123594674696	0.168786435956569	37
0.045089560955008	0.185373621730782	37
-0.070736432142467	0.16813748123222	16
0.081588083187075	0.182019016757475	16
0.030643050763406	0.302248548832735	16
0.033459694345629	0.0837825153802792	16
0.038922231986211	0.187622791138061	16
-0.046137165185283	0.391204983710452	16
-0.058512598440561	0.571022290729547	16
-0.061608374294169	0.530612795852453	16
-0.111890188011464	0.462191363144593	16
0.078748184519452	0.0730994087275723	16
0.051126666669888	0.162099609349995	16
0.115293535607897	0.101692509281603	16
-0.071279364198891	0.16573400129374	16
-0.080021762578056	0.168909479979828	16
-0.028108743315676	0.190958268230626	16
-0.04468057445889	0.227088692695399	22
0.107453951533667	0.0638708583043144	22
-0.024312373311121	0.377569744540459	6
-0.070773320110291	0.167937144984835	6
-0.094568788922365	0.718757810789871	6
-0.077580978752047	0.585186940614188	6
-0.036303462536964	0.572246880176397	6
-0.033674142457876	0.509713097976627	6
-0.083043686066996	0.651614036061485	6
-0.098709202100355	0.61103524325853	6
0.097032230669414	0.248703482467398	6
0.094287991308887	0.242161312808092	6
0.03775206449919	0.171695204886753	6
0.108887531869337	0.151402040064653	6
-0.114482507844952	0.694733800652101	6
0.117675558872472	0.0841951467490297	6
-0.06928965643289	0.637171035001417	6
-0.040315333159008	0.570516453255939	92
0.10090841388622	0.454733571828481	92
-0.119837714877845	0.766682252368251	92
0.026339312488104	0.530022106188863	92
-0.091409210796119	0.585300687780105	92
0.053185292131227	0.498684791096656	92
-0.032606767082522	0.326687731128496	255
0.112317521603622	0.193559060921647	37
-0.051762713082454	0.465428341528327	37
-0.110813736405156	0.764679870909562	37
0.085798017142983	0.102307510995639	37
-0.024306606620989	0.152411822335647	37
-0.071631349262903	0.167977315326149	37
0.07786806896281	0.195409784303751	33
0.038720018827531	0.127524094614796	37
-0.042291216008162	0.222146668367049	37
0.085948231876579	0.101515451962206	37
0.00580207130701299	0.138957447157776	37
-0.091394516434857	0.40391593309893	16
0.085143873004587	0.0696657752568971	16
0.029367270561516	0.327041272046276	16
0.044456147397504	0.369413353211995	16
-0.027606646308124	0.369621030991723	16
-0.085003074064353	0.168821143764895	16
0.00744110029442699	0.140182411944093	16
-0.021100722982197	0.147937891376194	16
-0.07248416517833	0.170600754046703	16
0.007004269460721	0.140582827868677	16
0.012475470671478	0.331605968938208	16
-0.074776129210289	0.217251905941175	16
-0.000394757616963004	0.255775661158922	16
-0.063276165091848	0.567069941550235	16
-0.115209208473148	0.669177256677794	22
-0.075030397777454	0.164189822083841	22
-0.034146472222189	0.30791404308514	6
0.114594326780721	0.150595887050247	6
-0.061757569737369	0.512179642172324	6
-0.046428389028101	0.401604729716104	6
0.088830274268589	0.242481788454734	6
0.057050080788838	0.305935518273739	6
-0.063446567233592	0.53658327996526	6
-0.072255627640396	0.389084176038262	6
-0.029614874279472	0.495589836096881	6
-0.015354667277717	0.492444393876984	6
0.058323863970148	0.306156743226587	6
0.084922942113202	0.103006086339176	6
0.070999257889305	1.5181509397381	73
-0.01830819108966	0.512973352784723	92
0.119863015168506	0.196270700827383	92
0.034997119009445	0.455785499840941	92
-0.055215091475847	0.662937148987373	92
-0.098919445283629	0.66945694463595	92
-0.110548081604865	0.661510765053995	92
0.07683293532902	0.245091286912517	255
0.006408713566253	0.409913505882274	37
-0.017260269261426	0.412831558119729	37
0.088933494296048	0.1787196955077	37
0.030830560019152	0.246744821831105	37
-0.096617253983959	0.516526734499743	37
0.072282018817457	0.200543609324468	37
0.00783918540737799	0.235359506065508	37
-0.024210642636846	0.254818161746615	37
0.077269855434562	0.123031776035778	37
-0.124024699344706	0.278348132119219	37
-0.11242525086448	0.357798323838634	37
0.037410841903609	0.292387341335355	33
-0.114559218078488	0.360728499217485	33
-0.031424911458684	0.268308404726719	37
-0.077425529977134	0.32447969539288	37
-0.04572119976238	0.365721382696188	37
-0.100650446875914	0.367082837746697	37
-0.052915910293142	0.283176192635571	37
-0.071281308426282	0.449148021494921	16
0.01742876188822	0.161117680775877	16
0.102371623376215	0.107390669715179	16
0.111506079553169	0.104499859395517	16
0.084550269886914	0.219184620658635	16
0.014426942252749	0.321522618497794	16
-0.024313403358426	0.407511440604984	16
0.04500787245936	0.251392590593025	16
-0.082120153527253	0.479167856999923	16
-0.00628070489172999	0.243698417385618	16
0.021753180657104	0.206202486876342	16
0.034939218224801	0.241850798481072	16
-0.031977759519028	0.331842387965805	16
-0.019264122741511	0.278771371984171	16
-0.117783453491474	0.235846743258874	16
0.025109675701877	0.276856099292248	16
0.038174770345809	0.263189496865347	22
-0.087950176112947	0.339876963770002	22
0.117740769776269	0.163770081855728	22
0.088915514225549	0.21562120708937	22
0.089965430687272	0.119009959188066	6
0.045749293529722	0.229522815293988	6
0.00802135936044099	0.21398713098566	6
0.124225989729784	0.145613098376746	6
0.092700808629242	0.215901423994828	6
-0.019728972663053	0.386788329703421	6
0.092045830469581	0.196582291229088	6
-0.015746715602808	0.352045856578076	6
-0.105814610398235	0.458845606269355	6
-0.069153896385686	0.435596220930966	6
0.057460789856505	0.271091619207838	6
-0.051870924592478	0.454943769112941	6
-0.111070381173829	0.545537210832926	6
-0.050485173051308	0.475929962921249	6
-0.084550769531606	0.406751666828537	6
0.014911475952785	0.29810772926259	6
0.11477549433585	0.172144415421121	6
0.120613005199838	0.243425777112786	92
0.0602770222418	0.421893208299259	92
0.00793415461713101	0.552792774564951	92
0.003385350380539	0.554157791457127	92
0.075937185497484	0.324627440922191	92
-0.019060772561521	0.644646920901554	92
0.032822338304692	0.373871662429311	92
0.050325560229811	0.365241773538181	92
-0.108664689971469	0.81118270000577	255
0.107146437521074	0.219659044720043	255
0.005153482229068	0.442202789313732	255
0.119172012473128	0.2059470479498	255
-0.031910141585735	0.554881291489774	37
0.011187480866063	0.344669343321336	37
-0.000540850532351977	0.326556553075604	37
0.060659232240976	0.165347104698861	37
0.054533014396322	0.240697533860212	37
0.037814060261014	0.203861244299659	37
-0.109839011148237	0.401838337615831	37
0.090768082478975	0.134992157503033	37
0.121012855909105	0.166721505909014	37
0.087425509253812	0.152663096109887	37
-0.067151537742955	0.438478392250755	37
0.063378549441903	0.199589989865011	33
0.095213557870177	0.14567089731055	37
-0.087239457749047	0.35155141963477	37
-0.046572828713261	0.363814182034037	37
0.118831541692191	0.154899199552338	16
-0.019503710117127	0.235667132485721	16
0.016336643069426	0.223008539304697	16
0.00108162065690801	0.285717558245611	16
-0.090528284380087	0.338380203730045	16
0.111304905535113	0.133735346239227	16
-0.00245857044333703	0.256549302053204	16
0.094503004304465	0.199442488644256	16
-0.00272038198576202	0.260450510832032	16
-0.104579974841525	0.595312983915176	16
0.064958581217015	0.184240540606766	16
0.052974175999418	0.221050974665214	16
0.124806249639919	0.120349102897212	16
-0.103693326603162	0.62118542035549	16
0.011136196682216	0.2297915493927	16
0.02069704170665	0.202349084860747	16
-0.037325949391557	0.334599594248328	16
0.01781632855962	0.257033130299963	16
-0.042424368395037	0.320387895336122	16
0.036599154476377	0.267158432216027	16
0.110337414287067	0.16268922804879	22
0.063083354013176	0.24349488657236	22
-0.124876200790442	0.501323527911526	6
-0.037405507837368	0.414639273710904	6
0.10289465253472	0.181958724998354	6
-0.029644392477185	0.302279152814823	6
-0.094695608476251	0.418337806014666	6
0.070408752742562	0.216484457870881	6
-0.022267902692671	0.321364263624025	6
0.124424648529244	0.0607451899688488	6
-0.03639450198028	0.31618546611981	6
-0.065803609057982	0.417948755543093	6
0.008656725698516	0.234596888602247	6
-0.036044615687769	0.361883917161278	6
-0.085122734543456	0.562617029926597	6
0.042396825565635	0.30016049471771	6
-0.00434560582851801	0.435358464332016	6
0.050624093482099	0.980705919718605	92
-0.080531273949605	1.86831217689859	92
-0.0000763855271709857	1.10918651622047	92
-0.110600547506033	1.50215865491131	271
-0.077653727111876	0.863403645435781	92
-0.096780350160572	0.980095922620218	92
0.03923130496155	0.348336367874242	255
-0.045699509646174	0.602731809785163	37
0.047459461320042	0.312099846629761	37
-0.108816414716338	0.640300642072725	37
0.06906153489813	0.132196275448707	37
-0.065288894915593	0.205380343078593	37
-0.123960682051993	0.243230232239837	37
0.014917281919791	0.186891709847242	37
0.107225302102562	0.1534398888679	37
0.015235809248935	0.258949298127637	37
-0.115732111199076	0.557515259511027	37
-0.101247433810231	0.501102144001361	37
0.030658650942511	0.229891814607422	37
-0.053998111917572	0.358862270846795	37
-0.062360217075027	0.412463303598533	37
0.033068563245023	0.266388813598014	37
0.029348469156302	0.253063858380193	37
0.093518978273373	0.175139652066915	33
0.019101778272995	0.274687733384724	33
0.083345299272193	0.173410166714346	33
0.069173881368818	0.164754951553915	16
0.043478255047142	0.218418778599963	16
-0.010220229477577	0.303393256506537	16
0.10709178784922	0.0926504996184611	16
-0.051353729455077	0.234551711583959	16
0.075402874028837	0.175396782853573	16
0.074868746952322	0.20223036334416	16
0.079487239847739	0.172981737284613	16
-0.052913381796483	0.282728467697274	16
-0.04249948338542	0.315616040428987	16
0.00784385870034901	0.240737795734512	16
0.120832813321894	0.141922579567852	16
-0.091774846606217	0.411348450639475	16
0.092371506255737	0.16304958812235	16
0.00177404127487801	0.303914399822305	16
0.117393121294491	0.100158700754505	22
-0.107340723623074	0.477339493300536	22
0.0601654123705	0.198598746790417	6
0.064714923101995	0.188949188370473	6
0.04659477639051	0.181498677204326	6
-0.093199052017463	0.439615684938299	6
0.006529159321536	0.140532460290589	6
0.054427530524858	0.161871654960998	6
0.099969796470778	0.141716147403387	6
0.065458344660364	0.13153215849589	6
0.051313731827553	0.278664243305132	6
-0.031448973220375	0.19353530172997	6
0.078676084062113	0.242568350425442	6
0.044325079097202	0.249066641083379	6
0.092284320817726	0.190137973281064	6
-0.079684189407543	0.585170407273398	6
-0.070699382394287	0.465792210710986	6
0.013413366483807	1.18709014839677	92
0.01814009646026	0.907595303912965	92
0.022247351065358	0.682751311776646	92
0.12426107458057	0.312574136469621	92
-0.118513905434154	1.25172290220365	92
-0.012763305432792	0.703884149747862	92
-0.022431794694196	0.525749531395902	92
0.006587963462757	0.406654541406623	92
-0.021694900466517	0.51021073827607	37
-0.055618926812623	0.585099205526712	37
-0.075655344954662	0.350772497710571	37
0.089919356728725	0.174074697318261	37
0.111252708591953	0.140815846810886	37
-0.00302634473390601	0.45116871049547	37
-0.033752145638008	0.322616413145516	37
-0.031755653158332	0.457557105447548	37
0.101185331836593	0.172298644320214	37
0.088844346380192	0.232558819759608	37
-0.073901473145317	0.335848148235072	37
-0.113655221964881	0.432539105133686	33
0.084798534367223	0.155463734051715	16
-0.039260617568349	0.300148774318086	16
0.094061799585439	0.116379378142162	16
0.124158698329906	0.108552748032595	16
-0.095706805912566	0.36087711449143	16
-0.025874431923159	0.355009111101203	16
-0.001121580315605	0.368444366617203	16
-0.061166029811749	0.50568752830399	16
-0.085136177145417	0.409027649432042	16
0.090956365605285	0.182650150075592	16
-0.090109326128687	0.395256968660237	16
-0.035707815889774	0.411281158525292	16
0.038047813927935	0.207055787033559	16
-0.086365733895716	0.432697627129085	16
0.027917055307551	0.216399951902636	16
0.00969232446309901	0.269160059082125	16
-0.057153324963305	0.353498938161082	16
-0.076391439651382	0.302656765895737	16
-0.05029141315286	0.331276840549243	16
0.101656663350113	0.151321224306554	16
-0.060927277407882	0.379867814031784	16
0.039392509750677	0.224239652844882	16
0.05942171949587	0.267196611697432	16
0.050096554942054	0.156073831094753	6
0.089815038407729	0.147007855164298	6
-0.123532269548975	0.59420390962942	6
-0.069809816791896	0.505746230295709	6
-0.10046757096281	0.459029568279691	6
0.088893753053902	0.197819786155074	6
-0.030666258082786	0.289598942218325	6
0.119490860069407	0.125302670960011	6
0.092459180988383	0.240271499767178	6
0.05930750805473	0.17525982405051	6
-0.076479391674178	0.461202292375	6
0.00613398187722999	0.293416790480617	6
0.097663199284936	0.706567472471672	255
0.024965539978958	0.367257504634761	92
-0.044016644298936	0.482439569712128	92
0.00496320475308501	0.36484717310101	37
-0.039342085256387	0.47119051690149	37
0.112061980154239	0.160503680515017	37
-0.015114086417046	0.31193819536782	37
0.094851945120113	0.168246358513881	37
-0.096300076566645	0.472132033102892	37
-0.033998031292446	0.431814166972757	37
0.012503831999566	0.306114791862243	37
0.088572884828335	0.166879944061083	33
0.061153150838044	0.187274835157978	37
0.108537302288913	0.14801300927989	33
-0.10345018796563	0.468450124024912	33
0.070242252021346	0.206292095340497	33
0.017574907777467	0.258042798354256	33
-0.054664729501242	0.328846086859311	16
0.00942593047005699	0.233350888317851	16
0.02173903550343	0.262257921865885	16
0.097548406868086	0.155275817886816	16
0.026208170100832	0.221046059148533	16
0.075084934395175	0.141022356362137	16
0.08257906153584	0.154421636807224	16
-0.032743941900368	0.267085697524966	16
0.021864976423785	0.233734788849283	16
-0.0310722641237	0.268893393044663	22
-0.123190843631124	0.470909075569535	6
-0.00202215794425298	0.259390140862989	6
-0.044352363385731	0.316659311660734	6
-0.028247625927357	0.261771625038392	6
0.117012529793691	0.114872573809727	6
0.112454531952214	0.103722981496595	6
0.036085901885909	0.152024806918963	6
-0.057056727578618	0.290223283091158	6
-0.073162402624511	0.16802573615634	6
0.00931628035002199	0.141318322452235	6
0.104293679974342	0.125388492052385	6
-0.103123571026726	0.431081678729486	6
0.014310111192994	0.163027573813766	6
0.109108807109415	0.183190641883146	6
0.034656462395691	0.288345167748511	6
-0.022449367150555	0.236831493161194	6
-0.038525275876385	1.57309195936299	92
0.102348273133821	0.301452208605793	92
0.008717555549007	0.478455432924628	92
0.110115406243244	0.273697780531877	92
0.034542325809361	0.531913924547248	92
0.115683731256801	0.309665937285859	92
-0.067603780594504	0.944904368539849	92
-0.052041239439149	0.559564196476277	92
0.102303657089244	0.246949119295526	92
0.080320141003276	0.270426058787505	37
-0.063514418742533	0.511605930517833	37
-0.079558226000469	0.305421532170119	37
0.054427530524858	0.161871654960998	37
0.066408506746211	0.239911907341248	37
0.095234934592162	0.175373390456727	37
0.089068578278829	0.229841279812458	37
0.090110960588119	0.230519413978886	37
0.059551070173067	0.235844440361174	37
0.090419729781557	0.185215113348105	33
-0.089205998816965	0.596790881227203	37
0.049378635108495	0.237773229868599	37
0.012234914316302	0.346161718426845	37
-0.00644457976742402	0.402050535634057	37
0.020655229906097	0.312458890670719	33
0.122561135241671	0.165535325087691	33
-0.064060197340976	0.382831855228954	33
0.00845977917299201	0.309542134536086	33
0.075017410378185	0.238869288467259	16
0.029366645133085	0.285655985045856	33
0.00050398335753199	0.27954256288895	16
0.077742298393147	0.204090461489527	16
-0.077048569018335	0.241047287370849	16
0.073339723736849	0.240352394484873	16
0.03024681584641	0.306782617875732	16
0.098004244616077	0.205050743312422	16
0.048612710448678	0.261079385122706	334
0.079812722396889	0.214610622655771	16
0.015212545259627	0.302298398278446	16
-0.071465103627541	0.390482229172093	16
0.113927588703151	0.126188597214302	16
0.014315405426117	0.165321225456049	22
-0.060182762265647	0.489453547262159	6
-0.05813774875606	0.483554155839508	6
-0.024630476614064	0.391369303726731	6
0.041798675853752	0.281635161383784	6
0.098550587040262	0.19844397159861	6
-0.100349415408123	0.396367550097982	6
0.117849566699246	0.0591712485786089	6
-0.056229247948279	0.289320647065163	22
0.079791081544572	0.0722778921416843	6
0.046631569536408	0.124536040641156	6
0.079180353668279	0.141846799561832	6
0.019925216296046	0.174377016112052	6
-0.057373392395225	1.92254504354469	255
0.117597413039215	0.601482275262331	92
0.085450607080861	0.734578830370882	92
-0.044452330055285	1.32625218039178	92
-0.049588679278563	1.16202233697646	92
-0.013767999692056	0.579159588026281	92
0.041323365380912	0.448314873091428	92
0.085707315651942	0.403223694996052	92
-0.048023742490733	0.884598122370066	92
-0.11641757896836	1.35745019190473	92
0.044922746681823	0.558987928145248	92
-0.012214556939234	0.51227683237495	92
0.021917467004201	0.353643264944512	255
0.013850139011316	0.338920952309477	255
0.042218674844758	0.123677630363283	255
0.111092994620316	0.105391886440786	37
0.008832100008276	0.305818983900559	37
0.033831164307554	0.337403625559582	37
0.114277884173617	0.175397169117891	37
-0.051527876724403	0.503822291442293	37
0.005731228812417	0.364681201622818	37
0.014761582704148	0.382262927482756	37
0.084176684774049	0.238515266518913	33
0.110270471350569	0.173301208555869	33
-0.022808405115655	0.396881440280002	16
0.116214593720651	0.184084140514937	16
0.055818337551467	0.190015967388478	16
-0.032428759436557	0.307459084601234	16
-0.01013637273582	0.397425220629576	16
0.10783606124706	0.119904135346523	16
-0.072255224662304	0.524204833376237	16
0.114084017915041	0.174858003679101	16
0.099547024583431	0.210183852587507	16
0.063428883606951	0.242820094724001	16
0.091555799840444	0.174216822828964	16
-0.118137425523155	0.548754203483344	16
0.034266363854663	0.281968156966908	16
0.064411684750536	0.231185599914568	16
0.00291764538988501	0.380014103105041	16
0.008798247268511	0.320204500265782	16
-0.064666455232011	0.406234605879265	16
0.052406022778275	0.251063892201568	22
-0.040539073885729	0.282097749345219	6
0.101739069897757	0.202930122351648	6
0.016534352571138	0.359118573600274	6
0.07872329530205	0.203024030377667	22
-0.028882488129822	0.265119948962523	6
-0.029750920067571	0.15587459610834	6
0.043658753166423	0.165961705243573	6
-0.015117660568118	0.208189383051087	6
0.035193233456923	0.346860917524243	6
0.054366997576482	0.920437807763707	92
0.102334144225952	0.519234466564971	92
0.089764060605067	0.520409051255628	92
-0.080096642231189	1.00417595988983	92
-0.030209764635583	0.712236238438462	92
-0.013638433468334	0.744596144496635	92
-0.091532090458781	1.07323662214242	92
-0.059534488093864	0.93843666031676	92
-0.110524693895645	1.0701590419981	92
-0.103702218883607	0.72205587342689	92
-0.044144528356156	0.395929513827623	92
0.090086296377601	0.278089603771489	92
0.069154075323018	0.181498913023978	37
-0.081030437178347	0.542916877516938	207
0.097315739648648	0.188911867199701	207
0.03941416505109	0.266361300102352	37
0.119149213629977	0.144875888372001	37
-0.095722240482084	0.534376013520317	37
-0.073672733027306	0.435882894701847	37
0.00614081514928	0.315334786916225	37
-0.028816163813522	0.348353905360665	37
-0.112798565960438	0.507313759270196	33
0.064789335542469	0.236854980572172	16
-0.118636527002875	0.490623926252962	16
0.080287372205797	0.200919923578142	16
0.055400730922776	0.190901151803036	16
0.07562859098163	0.213395898111729	16
0.073440589358914	0.2094250093428	16
0.027868522571123	0.23285772289096	16
0.044689437208669	0.145279241776953	16
-0.013377288726092	0.332957014881035	16
-0.047647504338099	0.387062001674657	16
0.037552704952225	0.323654414193496	16
0.06146823612698	0.233386802617145	16
0.123516131487901	0.144866596058885	16
0.064624623291809	0.241189251935727	16
-0.123340035383961	0.606533150762902	16
0.012676006815709	0.230796747660495	16
0.060983817223779	0.13794493924886	16
-0.056292120807065	0.39488725111625	22
0.050595646542315	0.271145599180988	6
-0.096408506836577	0.481062239134037	6
0.091973250369898	0.182972470877655	6
0.070608240093144	0.21009767594322	6
0.112857012708135	0.141404490813918	6
0.00927365278508599	0.16717358794758	22
-0.083235630906506	0.276752619510745	6
0.119845993141756	0.133836422139662	6
-0.105375015928349	0.372346131384126	6
0.061603285307472	0.250410181414915	6
0.084154070256059	0.226019836796441	6
0.122524401064389	0.110066790853647	6
0.115173552612118	0.334434065687674	92
0.00494548882020099	0.681421728990277	92
-0.037283481483355	0.974830918618718	92
0.029141280806003	0.589587023132159	92
0.082398663647019	0.371135372947551	92
-0.078115322967523	0.936932417529264	92
-0.079531155326682	1.01176250351765	92
0.058225859385468	0.332607932018884	255
0.051579522267997	0.367688246814661	255
0.095845999764233	0.240211671698913	255
0.072503436099537	0.190927107133999	207
0.021745401650922	0.242804342373125	37
0.109762572093551	0.119589491391169	37
-0.049441983968976	0.371925936693883	33
-0.00926700823698001	0.226660989456547	33
0.117499337470466	0.115394805488581	16
0.000600607419462995	0.386756425556224	33
0.096127105388637	0.144883738306737	33
-0.097215236466692	0.399742228902973	16
-0.074319579359737	0.541754801813655	16
0.055013453201231	0.288063269186101	16
-0.00986924288903102	0.387472915358573	16
0.112434511921624	0.172445651871006	16
-0.000884524208619009	0.391370663765045	16
-0.058304335447459	0.339509695085281	16
0.07977419431986	0.274054844392099	16
-0.037209108498241	0.260023042526931	16
0.067152230797581	0.225195625412731	16
-0.00334176296649402	0.340082817660981	16
-0.066045816305501	0.521823550148726	16
0.052786624814235	0.175348142757388	16
0.097254228898774	0.241390132674591	16
0.106149347537342	0.17841292583046	22
-0.122772987619385	0.645204625427753	22
-0.084064924674546	0.706937411435506	22
0.104858022216419	0.236563469367497	6
-0.075517656369264	0.492325228639722	22
-0.046110036071479	0.420685357468554	6
0.005516165490389	0.322615460052629	6
0.025766426771259	0.374780898540955	6
0.054147530079659	0.203502578192471	6
0.089204254441145	0.241874076805896	6
-0.004763403956349	0.563327148470562	6
-0.058293912845997	0.5376443582541	6
-0.085044120341551	1.99733087330509	92
0.058174032063702	0.486396465525963	92
-0.042772206172951	0.886849234751469	92
0.067807619244221	0.437756026280235	92
-0.101282020351298	1.13265942168734	92
-0.00779282985138202	0.790583734772273	92
0.119832603485117	0.269028745819272	92
0.080978974287351	0.301138056143298	92
0.050273831381821	0.314691132154017	255
-0.001668274669818	0.247382862883749	255
-0.090687865099581	0.287406313826129	255
0.095575727730741	0.207685843370518	37
-0.022334853441455	0.415808072206522	37
0.115387757228197	0.17914938482927	37
0.060020583749783	0.232393168530513	33
0.095934538451397	0.211894021306343	33
-0.032825253294462	0.446441527542195	33
0.025458620208216	0.30942577197001	33
-0.062620732290772	0.385736636151796	16
-0.062344137284749	0.434340807867003	16
0.042201245934086	0.315303984719338	33
0.112149291929958	0.189477663915586	33
0.013515142104159	0.137638923337494	16
-0.048739200100449	0.227709443851033	16
0.117322759601516	0.115511288866467	16
-0.096650508007659	0.398035727319442	16
0.03723351216752	0.305540720507756	16
-0.030734284158425	0.433532475353148	16
0.071956589567773	0.204062859755829	334
0.124080383311197	0.108217064709583	16
0.108058312067341	0.143474912515226	16
0.026209317220198	0.22028280762089	16
-0.019034493846769	0.287881603759755	16
0.116991189632167	0.168300159528753	16
0.05949661762952	0.219678190929827	16
0.059607344808896	0.249729475602817	6
-0.00951246824844998	0.307264582757052	6
-0.03482271710075	0.268804544358228	6
-0.097269734819542	0.294138337405348	22
-0.027153348642808	0.151500701073451	6
0.101790068153224	0.0670388208348094	6
-0.06303162104846	0.208215137932611	6
-0.00191333396107601	0.375105473739305	6
-0.025946409849096	0.48795864434379	6
0.00246544605764101	0.414328207742406	6
-0.117129084270565	0.365438380777563	6
0.03665739832953	0.962789910020026	92
0.056274044868965	0.690921333290699	92
-0.076091421695205	0.920870108033151	92
-0.00357396550563499	0.539734490071598	92
0.091659111624628	0.350063078241371	92
0.107294257136769	0.364875357947021	255
-0.026816220718157	0.90958605992031	92
0.099396277442105	0.226267401205127	92
0.072574303415139	0.12802618847265	255
0.046485514157681	0.122489815763712	37
-0.124055635603785	0.668241092030955	37
-0.018433891615126	0.356427966073301	33
-0.098320662492583	0.497500703710696	33
-0.077887136873999	0.516883155393738	33
0.112183514860054	0.16649165884097	16
0.102672309580889	0.18408696064595	33
0.078180745259521	0.208849049333816	33
-0.062406703502842	0.26427591077347	33
0.039769281661413	0.254875217997206	16
-0.035976684791664	0.291604982582878	16
0.068962005351962	0.130592533859653	16
0.010000373073599	0.344277442214514	16
0.092203796989541	0.187781999479636	334
-0.015492138468552	0.229545464646411	16
0.056749261429362	0.257765632968795	16
0.081234799781705	0.241023117102285	16
0.011322167425184	0.250223455432974	16
-0.088896870843508	0.34211280848556	6
0.107762575603568	0.188951380362711	22
-0.121305466716486	0.449521948208415	22
0.077336629297679	0.0729409454001449	22
0.078963941262053	0.0725679230976462	22
0.109265134759479	0.0644974202796036	6
-0.00842054052077201	0.225182556779918	6
0.022644340182897	0.223646751007393	6
0.018360988816015	0.351851617907139	6
0.012303207137293	1.12378222142409	92
0.095878338358341	0.406952279182163	92
0.068542960674281	0.408799047695431	92
0.096609545355534	0.493270451969095	92
-0.052562635767162	1.17000786030485	92
0.098810647303084	0.242264468629806	92
0.025870658103564	0.304333486804939	255
-0.072021050895066	0.162158568220267	255
-0.005937026718842	0.423297657034028	207
0.00812521130548999	0.327443330185584	37
-0.093094550094255	0.567154662520037	33
0.069411235776528	0.215109844529221	16
0.0847483866081	0.232536214428652	16
-0.046949089822939	0.526048758165613	33
0.044816733470142	0.317863919068461	33
0.011122737797505	0.372728902505926	33
-0.024179276315144	0.33919472843133	33
0.071847038296026	0.216614659508409	16
0.00900249739756001	0.230696064699839	16
-0.034432915998749	0.188269053019938	16
-0.050950812246142	0.46023188958877	16
-0.083287540790808	0.561955064944668	16
0.111936164212588	0.1835456191661	16
0.022825201853293	0.31846116767853	16
0.070275163918841	0.262694680944367	16
-0.009500495250161	0.345074309750974	16
0.041030750308946	0.225088575969976	16
0.063179628199148	0.21498604329828	16
0.091071458733849	0.246725252895701	16
0.008693959179502	0.291664483069086	22
-0.00679352117318999	0.328540798171028	22
0.086505381236953	0.23293811873809	6
-0.080756484419367	0.560523692544199	22
-0.109654728839839	0.403616030622491	22
-0.057109109795283	0.257328720683833	22
0.109265134759479	0.0644974202796036	22
-0.031398346994236	0.193819516679235	22
0.117363488422963	0.0607489628574167	6
0.10916491369016	0.0917471931832908	6
-0.112512530009136	0.230357651978459	6
0.071532039863054	0.261397574279277	6
0.00915836172798201	0.362930552988479	6
-0.00146385375046698	1.03837070233721	92
0.108029890179393	0.1811385767572	255
0.067012393682148	0.133196377547226	37
-0.046119805445551	0.230400408539396	37
0.083893932621146	0.103394551068144	37
-0.063577508316305	0.536885517761908	37
-0.05771342980419	0.514608536208923	207
0.081949827156585	0.23281129214635	37
-0.016332154807066	0.356712895113125	37
0.033589319366568	0.307193752336497	37
0.111025574865356	0.196590875236022	33
0.098659159479088	0.198783744405305	33
0.089712987757282	0.198349250833048	33
0.079937730613334	0.226508227358635	16
0.045314731691471	0.28372426809528	33
0.032508169871923	0.367217813342376	33
0.037534535954852	0.300700397492509	16
0.075784761084165	0.223653317775781	16
-0.120139385337113	0.235098561503335	16
0.078441480244678	0.140309123276933	16
0.053984996784938	0.298085486722647	16
0.121680666053559	0.14473838701246	16
0.109616148434765	0.188560646755196	16
-0.028742635422582	0.465508554130348	16
0.034866043225226	0.253688521846807	16
-0.055031298639388	0.417159837052792	16
0.100758245199356	0.200244971471681	16
0.122489371872692	0.180787317915651	22
0.10980118380156	0.166348215419566	22
0.083408373170974	0.220814269350254	6
-0.109144145584585	0.529173769574627	6
0.063322473612771	0.273649946587207	22
-0.0502387257168	0.309397121121406	22
0.00284093771806801	0.219249192421441	22
0.02663710991777	0.0865650191114884	6
0.037199316480631	0.12900941311989	6
0.032180626316401	0.084629746905544	6
0.099895463009611	0.136712662779392	6
0.084276447214454	0.135345488241611	6
-0.019687254988623	0.416770177365863	6
0.048461890714156	0.256090124518873	6
0.00356186254712201	1.24634826732131	92
0.049124578914868	0.753950728161851	92
-0.095998474827963	1.53820216786285	92
-0.011206344683516	0.975923460397522	92
-0.095360944764049	1.05565466662903	92
0.083391974210799	0.147631400024213	92
-0.013268649549836	0.521480667181141	92
0.097491370886732	0.251495262449596	255
-0.00239914731924801	0.366116403534506	255
0.083260135034979	0.194680725477798	255
-0.053577503875769	0.234205941514406	49
-0.06813234703542	0.292601909084939	37
-0.060160218684989	0.35998727205377	37
-0.046821338698698	0.478985647918665	37
-0.064503695469498	0.53384196892398	207
-0.092175629030471	0.584752892691943	37
0.061090190165957	0.290922570124484	37
-0.096304212631212	0.443288465834816	37
0.065288446769265	0.243756544490894	33
0.124351281817745	0.1801101577414	33
-0.03087587330542	0.456072040765986	33
0.10901244067325	0.180340753277614	33
0.081325971729498	0.240300167563755	16
-0.090937469312504	0.598640137334805	33
0.116974510617094	0.167054173556516	33
-0.08903580455807	0.590647102570594	16
-0.073225758943113	0.337619406628976	16
0.045536605668423	0.186746380426573	16
0.033216088230898	0.210898769942832	16
-0.01376918464751	0.398707041622563	16
0.013251169774329	0.357482160561616	16
0.07616250326236	0.225199875037985	16
0.106994341745914	0.201558186434583	16
0.062616928910424	0.236397954416525	16
-0.094277885701237	0.575488240325298	16
0.027250178662339	0.23125778261844	16
0.057991383076654	0.268527494221746	16
0.09715930110453	0.11265959708798	22
0.037032667561508	0.316673642084495	6
-0.014017453726061	0.336817222812761	22
-0.056189139221391	0.466709792953539	22
0.035519401212721	0.083256115922965	6
-0.06805132487747	0.269517452007444	6
-0.016484230423145	0.338211073143868	6
0.045072400681217	0.344748835643932	6
0.0287265263809	0.297078442539899	6
0.089836462484154	0.136249778460706	6
0.114626357188975	0.7107342056244	255
0.059465213865987	0.875230632675109	255
-0.12358235087172	2.37382012791948	92
-0.069887021959709	1.41283967431538	92
-0.038784667433511	1.09029522917422	92
-0.067827241311826	1.38447209926295	92
-0.087292729709418	1.11053716529603	92
-0.102653551939703	0.781815101245535	92
0.012722344380792	0.323742089415321	92
0.094253355964245	0.204762026855483	255
0.076383004787724	0.255366997725763	255
-0.122547103197477	0.669668175076795	37
-0.070294671550069	0.538798829896761	37
-0.020429666957993	0.391031263913625	37
-0.021458183330885	0.410723474631797	33
0.122003243809754	0.144856507820532	33
0.043138846891717	0.283253095143012	16
0.069985779197733	0.241893490226405	16
0.03333002075863	0.210710850517215	16
0.025977699526964	0.2445289575577	16
0.075265187890246	0.23438477323389	16
0.00403127014388099	0.329118806960205	16
0.063830551479496	0.23161535875248	16
0.032702144216485	0.273432521445202	16
-0.071955004050832	0.293538424389636	16
0.097732193205902	0.151656707140706	16
-0.071386989441884	0.486287512737376	22
-0.00439552029547402	0.263988256805447	22
-0.082682136245304	0.435198872696241	22
-0.021999541894003	0.215283207763569	22
-0.022380468193046	0.326363645775284	6
-0.060834393386025	0.363733512209287	6
-0.113096964565593	0.560368599506302	6
-0.100859721841005	0.321701196639646	22
0.0885250876545	0.120286601458815	6
-0.071173071487432	0.38453985891268	6
-0.104637709466527	0.398373810707446	6
-0.032567358298892	0.407825588787106	6
0.120687435744779	0.167451542092328	6
0.033759778725718	1.06111244533206	255
-0.094342566635566	1.69503055601151	92
-0.098240683785664	0.981627164989648	92
0.076977749743378	0.28585999896896	255
0.064297676845457	0.315586616210406	255
-0.038876472484386	0.359620579304539	37
0.057629731778903	0.174698918389693	37
0.113221480241506	0.113163552491429	37
-0.063677633642581	0.385682329810597	37
0.109542937077337	0.154845464972121	37
0.00918986638449301	0.307759260646292	37
0.08636831456841	0.218220896705285	37
-0.101741007392698	0.449688240977154	37
-0.048192364934917	0.354592750823568	33
-0.093286385698733	0.41798281449533	33
0.100859139622955	0.153196754597175	33
0.095198986681582	0.183619445439068	33
0.034789794672632	0.224084640858519	33
-0.066292620069035	0.332670905118117	16
0.108942478429516	0.120100118088547	16
-0.053156726147984	0.39848019097272	16
-0.122023574919088	0.427060614500511	16
0.103272238041809	0.150480082267037	16
0.019103669752727	0.225969542671481	334
0.08016270906112	0.18357998156345	16
-0.063559774307953	0.34162096382225	16
0.057364882102744	0.192355524369398	16
-0.029336762109258	0.368989851105246	22
0.12107483324964	0.133113739126241	22
-0.080923197911262	0.359983511613655	22
0.041863403989439	0.238074558289085	6
-0.027480015569368	0.347579194264437	6
0.039466511784208	0.220794009648745	6
0.040912480278659	0.158908152682533	22
-0.100922519425521	0.294389146559783	22
-0.112029049042272	0.484645289266668	6
0.123204235380395	0.0981060064217129	6
-0.063755900505282	0.302697948834402	6
-0.11141389766981	0.370326912112747	6
-0.032464435312481	0.193124625669401	6
-0.027818972778962	0.33103718687434	6
-0.00229698547826201	0.30913894293895	6
-0.124272003994762	0.551600086449647	6
-0.106321368424005	0.448246477817218	6
0.019516206499077	0.916457110943568	92
0.082329663929709	0.432022037840532	92
-0.103437127216575	1.41596861107263	92
-0.035859728895621	0.837721622721419	92
0.108811706005577	0.227055335978753	255
0.042806128946034	0.35551236928521	255
-0.025601431195686	0.325732842102182	37
-0.094618093047634	0.468689554551155	37
0.011036515896897	0.302525311302999	37
0.041175774902439	0.237020380340097	37
0.055115562603177	0.269097656985184	37
-0.079284046952445	0.358204392723026	37
0.002733365126734	0.218425116304313	33
0.02119862774829	0.276478306356092	33
-0.111101096153614	0.419977513730785	16
0.036595664691908	0.22633747591401	16
0.103666385295932	0.159527006866536	16
-0.123860433338213	0.594033470691384	16
0.096688489430919	0.161297604819985	334
-0.016316908298617	0.275697259093185	16
0.072342531481194	0.189822953222917	16
0.00103852855255701	0.277183631050767	22
-0.093211271610086	0.446227779174938	22
0.076248248532032	0.162417487261569	6
0.083309386889153	0.169274858898374	6
0.00772612489685301	0.23619940668176	22
-0.034072190973158	0.407358414342951	6
-0.059548577116971	0.284990197169093	22
0.029616015584569	0.195892933656095	22
0.074980249605593	0.16038403637662	22
-0.032971763398236	0.245668114527018	6
0.050580368443322	0.119236368398657	6
0.09487965736459	0.130104716630174	6
-0.018969442225474	0.207214555157972	6
0.048003727099731	0.230301431343317	6
0.05488002830037	0.652061548194234	92
-0.035644366449442	0.811924812081499	92
-0.108658114991416	1.09812287901848	92
-0.018748794616934	0.847025777601182	92
0.082441881014644	0.289660078791882	255
0.06788905399501	0.329948611651157	255
-0.058431240785039	0.67960412405431	255
-0.048527411857354	0.476584332922975	37
0.073726513876593	0.228293896271232	37
0.00541966103715799	0.247193938642453	37
0.006300838942224	0.216313009339861	273
0.057847319582054	0.175421275515659	37
0.124565523259777	0.117626614909014	37
-0.088070563827457	0.366001339785033	33
0.065578548965526	0.150609982130685	33
0.108393626451896	0.120067000710752	33
-0.021813031939295	0.256830899134503	33
-0.117371221810188	0.363766534541578	33
0.073742737000364	0.176797347817485	33
0.041622351364698	0.216985250400036	33
0.124881246869565	0.152688708197639	33
-0.099566000591512	0.291877471118167	16
0.104889069394551	0.146787257303014	16
0.114297118152104	0.160414310584511	16
0.075191398499516	0.251331642957819	16
-0.00110499689521298	0.371218713980801	16
-0.00589108885275502	0.411865061896149	16
0.000695903018095995	0.255773007341166	16
-0.00396631358152	0.243143521213684	334
0.118671257611323	0.131261573296692	334
-0.00403954255831002	0.358664339491832	16
0.00647100562019901	0.23377161947433	16
-0.091599920631978	0.492296369554945	22
-0.052466186150256	0.286426083751257	22
0.006704283525345	0.337402130189365	22
-0.09450170225682	0.524051945620524	22
0.063882012983699	0.197054110130378	6
0.062173950718608	0.181937089637313	22
-0.1209933333345	0.325457208515429	6
-0.118052643698593	0.480999675812442	6
0.093117483700315	0.171377214480143	6
0.025633429824917	0.249192619414264	6
-0.063793206970052	1.89496856678374	92
0.075392409631697	0.66605911109276	92
0.00020911049368999	0.750763800902161	92
-0.078931813012014	0.985826321812677	92
0.00349058954954601	0.302166457776167	255
-0.016785327319503	0.277099839595235	37
0.057033368618399	0.240243678903001	37
0.077607917907175	0.216983670208333	37
0.014486022977187	0.360538889194173	37
0.061335776602648	0.260985603569748	37
-0.02369893366671	0.304215329632827	37
0.050656484456882	0.215002893095743	33
0.018854427348622	0.245074543997627	33
0.058893537060919	0.192616571242889	33
0.072771272506056	0.179348561623684	33
0.029641145660078	0.234016104149007	33
-0.104890931141241	0.380390979153718	33
0.068788642362653	0.177226760238336	33
0.087795077408768	0.164948451499196	33
0.057469444890037	0.206058230838443	33
0.086479657575979	0.176044865661692	33
-0.080744649306984	0.480731382723699	16
0.101707648787808	0.18666594971112	16
0.073784751838568	0.205922307451601	16
0.00800345881092801	0.287936655291417	16
0.020499846001308	0.219882824742296	16
0.124060198942685	0.120056528114588	334
-0.010479404179218	0.247788851149584	16
0.095559068773454	0.170568066971248	16
0.019245458764083	0.246515743375603	16
0.107061533230895	0.135799282019572	16
-0.048411170814484	0.331121569231778	22
0.037798278934053	0.243974351778872	6
0.039469786931533	0.308076156317509	6
-0.024835481016925	0.306896461383468	6
-0.120464808089641	0.429459193947659	6
0.028944897684609	0.179119399114684	6
-0.102504365059094	0.30015648129864	6
0.109060342437115	0.142089652893384	6
0.092987048767222	0.169641930745773	6
0.065114462872782	0.214364422403578	6
-0.075846804967477	0.454748372252983	6
0.115184968072986	0.15864679761242	6
0.034869866558743	0.231741366000602	6
-0.02993839022084	1.60564317283086	92
-0.014949653183707	0.851566079141218	92
0.103917782643467	0.255915138794699	255
-0.051808226183653	0.505869886300082	255
0.018360912151961	0.207678416801744	37
0.048039509606963	0.230715153870448	37
-0.071700169622474	0.407520865422299	37
0.021686468368549	0.295396183898837	37
0.064743934499653	0.251557947018358	37
0.076589073269715	0.224260383849618	33
-0.00290255430445002	0.330983706708914	33
-0.091573382183833	0.462810167449446	33
0.076330744527359	0.227890741658814	33
-0.044864764913006	0.337806340902601	33
-0.056704795631051	0.399269457447659	33
-0.02704887520409	0.321808469183362	33
-0.060558459904212	0.427209736776645	33
0.116255102102639	0.157378294069267	33
-0.116545310774656	0.538733821533791	33
0.080612910500804	0.198730469084513	33
-0.107798666584594	0.53275264816065	16
-0.045684447407442	0.327509232791537	16
-0.078322728698659	0.419455266571695	16
-0.061077208291261	0.431253426103955	16
-0.116831985464393	0.483502083388822	16
0.041001273856311	0.247720247613824	16
0.112458890814166	0.139413168171463	16
-0.094954910291244	0.44179181722764	22
0.116980758047371	0.159221447719582	22
0.055386173631258	0.234939444511399	6
0.099185925949364	0.155900068775387	22
0.03750583690345	0.265703002061823	22
0.080118472846197	0.196425628295916	6
0.123187649922349	0.156561658071114	6
-0.031230216862524	0.369154217707005	6
-0.04998933285172	0.360567139521569	6
0.014148301939156	0.166042279307284	22
0.108975435175246	0.165794272230831	22
-0.076837915095818	0.354226700122883	6
0.091162652291616	0.116312617546444	6
-0.01405984961523	0.20814977722202	6
-0.088074015052053	0.499213717547067	6
0.109798200424071	0.188636958515436	6
0.10233807534288	0.7637032997754	255
0.080941327019148	0.268680156388062	255
-0.094426537678761	0.305848747052381	255
0.039505203882122	0.151906819793834	255
0.067620205700398	0.134071887602721	37
-0.112696290913498	0.35127093279545	37
-0.100893822673676	0.531602538950709	37
0.081981046611853	0.226680837058004	37
0.120754004991809	0.161704931647005	37
-0.093800891363614	0.527863028064266	33
0.074489836056604	0.225596586859164	33
-0.029245241417835	0.431080170425832	33
0.115106480393847	0.144546614106989	33
0.119120141921465	0.171818949327918	33
0.089298575904518	0.172541031825741	16
0.085025304978684	0.181378387684884	16
0.105171646274621	0.180652886460536	16
0.051943043641947	0.267319225744598	16
-0.012914314631035	0.362613334321359	16
0.052850234543483	0.268528835121254	22
0.00109739472710901	0.316053263976036	6
0.116722087608173	0.152596147841126	6
0.106599675748395	0.169188250692722	6
-0.097823010751769	0.53212253749567	6
0.099525592939595	0.140310822934822	6
0.114948745278295	0.177011646272952	6
0.115046961458348	0.128123008242398	6
-0.013664019412744	0.232470098108078	22
-0.082104359882	0.169270814092831	22
-0.017890024641806	0.178457166126732	6
-0.066646345964948	0.453577609543707	6
-0.03861183801906	0.447541626449858	6
0.095795459120019	0.209366497410762	6
0.103780079618862	0.18890698454271	6
0.098651561185207	0.181712970185779	6
-0.06608596084907	0.679378898641689	255
0.097165507748451	0.209469310184986	33
-0.011492795385918	0.422504303040629	37
-0.017188363412452	0.417271352368463	33
0.115807238240182	0.17378454143203	33
-0.049470569005786	0.447538247472092	33
-0.077783889251263	0.510331319695543	33
0.113493856407367	0.173294287207855	33
-0.017152832488782	0.388593073573522	16
0.119161095293907	0.18670215101821	16
0.05716075001284	0.272999193303888	16
0.07241688028447	0.248609133910579	33
-0.045800593938902	0.466280197917656	33
-0.091502126256199	0.530461872864292	16
0.080406157197855	0.193541890705236	16
0.070881272767436	0.179465780716622	16
0.041900876565413	0.19055906355653	16
0.099061101775771	0.210935542534595	16
0.095021225968572	0.205935262670119	16
0.065394656002448	0.249337589245305	16
0.038940774741146	0.288300806309292	16
0.108085707822943	0.201230942204024	16
0.013839306291824	0.32159031403034	16
0.11283868888029	0.176525631287469	16
0.079838813539664	0.235518147316076	22
-0.07970112701465	0.403618336496191	6
0.088918075506646	0.17099767401869	22
0.012639555513228	0.316260777587419	22
-0.095379965603463	0.59992371130878	22
0.044449308897408	0.313213157268601	22
-0.121624265381406	0.616263428484348	6
0.068629279651836	0.075358045114447	22
0.00868363181089199	0.193341338461799	6
-0.013513927766078	0.21168043793411	6
0.046673325908823	0.117933898395971	6
-0.073342222780316	0.17133576532155	6
-0.095241527639355	0.55274094714494	6
0.10744459946618	0.554484032461247	255
0.034015589680747	0.319706061419345	255
0.00345618320049401	0.354835818213789	255
0.077522318336125	0.109477524772928	37
0.109909735760354	0.131776108821701	37
-0.062322954339441	0.505873724353401	37
-0.029735737111127	0.461205744763186	37
-0.045408801324741	0.500285782752382	37
0.118951883185144	0.140877717360555	37
0.018937230693071	0.385366226384788	33
-0.027171013298621	0.405324664058142	33
0.084892136631841	0.231099961207709	16
0.042539702675986	0.307487851224991	16
0.075190708115982	0.258019659887514	16
0.121014171088662	0.165745617949465	16
0.050975675320105	0.259811658090382	16
0.073307919860761	0.235283512272873	16
-0.116594504481204	0.416040165178486	22
-0.00870278902023802	0.420908783858388	16
-0.035880344486078	0.26651075850258	22
-0.096445513194063	0.54420294970724	22
0.021673187301646	0.30714296796807	6
0.027403668117386	0.0858238875200113	6
-0.033417293837399	0.285658810305092	6
0.100841261912137	0.246894202832989	6
0.00599231124720701	0.376836946925017	6
0.080281746019331	0.15755363421121	6
0.112830875969017	0.598557944982483	255
-0.061241632733846	1.56667067578135	92
0.00450465768922001	0.17208346319298	255
0.101393245493795	0.128304164969076	37
-0.100463314468291	0.32122680422874	37
0.081857647246392	0.20672475493661	33
-0.030364225852033	0.490094031997175	33
-0.00563171843940002	0.361062351225655	37
0.026287889944273	0.366397352842818	37
0.04047479560362	0.343683128413522	37
-0.083588622221992	0.605515196620198	33
-0.093100187983392	0.578043498849418	33
0.002110823964658	0.368000413739116	33
0.062028240782779	0.254389103207677	33
-0.00117279393845998	0.379495086398089	33
-0.030183593537729	0.414874628769652	33
0.060281657474881	0.235269242281456	16
-0.059422064947745	0.467255048893016	16
0.063098300788678	0.28565378242693	16
0.054098742380335	0.281272810814575	16
-0.074362403154679	0.420740867005659	16
0.113421054953668	0.202283132720255	334
-0.049818153533911	0.518432541652135	334
0.036622069776616	0.320402631779366	16
-0.105645689637311	0.556957916711029	16
-0.018943688373949	0.398327088312073	16
-0.078451453319151	0.508840596840211	16
-0.077111333732838	0.321767747053219	22
0.111606980978093	0.166535399363681	16
-0.057629647108147	0.449859088290782	16
0.117294855215036	0.188753596028061	16
0.050630505618377	0.259768994666085	16
-0.060940583455798	0.363707514780703	6
-0.04645744279858	0.30414281625277	6
-0.00499038331405499	0.372218043415412	6
0.00671330240763801	0.308258308960919	6
0.097148561224162	0.197581220406057	6
0.084944606228563	0.165878191586017	6
-0.005614163301701	0.395293960641583	22
0.029646026231794	0.315938453928411	6
0.00963257366786599	0.28118184487517	6
-0.033574781724533	0.191602077234114	6
0.029298021175474	0.210262880496718	6
0.009419067635031	0.142346737828965	6
-0.108515729095964	0.805611509452752	6
0.021769876261966	0.361938730988729	6
-0.011600489637407	0.35928464945692	6
0.063639546164273	0.267924211450663	255
0.1080327519227	0.0921005896864599	255
0.050434817926014	0.271585543291775	33
-0.108731557916836	0.485160601818626	37
-0.017706369589296	0.35680274002933	37
0.109969293192361	0.198845076404681	37
-0.109393540309946	0.599078939293407	33
0.069609883209062	0.233811579023914	33
-0.043746791129757	0.462483938972175	33
-0.00834586411127603	0.384766477375782	16
-0.045112263343155	0.404631167516688	16
0.022245945980995	0.377034864797897	16
0.010383441960167	0.386891565212273	16
-0.110102381086266	0.579579888522332	16
-0.110179791199744	0.38796999243087	33
0.094529496614907	0.146322467705175	16
0.096672049341788	0.153479668484384	16
0.112219885987216	0.212410610531084	16
0.003292332506557	0.401275619309331	16
0.035778381916611	0.278283958771575	16
0.00604174461186099	0.218420049343716	22
0.076011764892828	0.191100061571558	16
0.026907708721548	0.288768861117857	16
-0.064188712430722	0.487444558864824	16
-0.043185590282198	0.51964377076389	16
-0.109127568152076	0.507415330355195	6
0.06736645042332	0.12744336206397	6
-0.122173568571392	0.538973949107222	6
0.023828428218006	0.221083561577086	6
0.081844351270557	0.19695424485057	6
-0.075874867815467	0.487574615124949	22
-0.052080371176321	0.491671663216303	22
-0.054329211921903	0.510605358210186	6
0.076072175774917	0.0723277618362842	6
0.073218716457934	0.110466467988814	6
-0.121432870835617	0.169729317978987	6
-0.035289005191559	0.0990514042007715	6
-0.092822806360602	0.388064746113849	6
0.077863624994679	0.227525692264422	6
-0.102327877095103	0.688970207750393	6
-0.048114183899931	0.275013726391855	6
-0.00483603765837598	2.2058663298485	255
0.11232213788503	0.0896785104439203	255
0.081603099473977	0.124475660909797	255
-0.113372232421226	0.404538168600565	33
0.110231248535476	0.200513588632743	33
0.004152510289297	0.385323243699694	33
0.007796757026235	0.359094447143317	37
-0.080708505368637	0.452210902942017	37
0.096956814756795	0.223335208776255	37
0.121028020485984	0.173885395858265	37
0.119241037416197	0.150683863046311	37
-0.040363030754043	0.45402832331184	33
-0.091339845811731	0.55388353835821	33
-0.096360062895019	0.442867662670072	33
0.043878861762939	0.290114591351186	16
0.056193570861818	0.254716144350888	33
0.077597661272151	0.210596736924795	33
-0.00443142434312299	0.318085050469592	33
-0.041483856196469	0.464122679834404	16
-0.038260464352094	0.35832234770099	16
0.095637538733452	0.186327281726744	16
0.012709921566538	0.341791325628933	16
-0.082949001101369	0.373757723203542	16
-0.100722143538733	0.438532027740816	16
-0.023292991327278	0.440126092052408	16
-0.076055017437622	0.521995572963775	6
-0.042215115208167	0.385984355827713	6
0.103625143288629	0.11009183665474	6
0.034976599303469	0.325438397849626	6
-0.078829725253871	0.418056788550588	6
0.062070541997902	0.258699401986411	6
-0.103395494193759	0.489440971132536	22
-0.124183741002826	0.633599408491447	6
0.011837836505764	0.374179607366797	6
0.00223139640825801	0.168852203023094	6
-0.121216449161565	0.396195456381141	6
0.003580664793358	0.1451335547524	6
0.108828435683657	0.222518509597783	6
-0.103965862770392	0.433729725217435	6
-0.04919968415488	0.303301056270215	37
0.002508886452804	0.333644061431538	33
0.064743101725966	0.312332419584147	37
0.06090894423119	0.261100619119818	37
0.101153428162086	0.165040221134656	37
0.069478330550137	0.236162170083612	37
0.014809003850559	0.397947557837284	37
0.037501265179011	0.283958729796864	37
0.117798462147469	0.146387775722159	33
0.018881830811136	0.257838595289782	33
0.096161910513649	0.128496118244894	16
0.080863874777886	0.180079240033368	16
-0.02808704703955	0.389395184303251	33
-0.110735635743477	0.426789394555951	33
0.111571486189501	0.156293932267448	16
0.010534959540105	0.341361647534636	16
-0.00407292122847103	0.350627003142437	334
-0.050159058752587	0.368739082176869	16
-0.043456329397887	0.336349571180675	16
-0.088493569388446	0.454143313867988	16
-0.048005960071547	0.362032339291844	22
-0.047042735691176	0.336319196698704	16
-0.076022702001866	0.404247949221703	16
0.112407848418591	0.131183460711164	22
-0.08975724798888	0.391427080525274	16
-0.026048446495982	0.360086118456216	16
-0.00672701165173001	0.267899759458319	6
-0.110323012975505	0.414138767328257	6
0.026447648121626	0.202284303320151	6
-0.05342326892653	0.492221373900306	6
-0.036161489898702	0.367703399950654	6
0.095855273466872	0.18481861548373	6
-0.118119618358524	0.440428154726416	22
0.059260997851498	0.206341234927253	22
0.067450270354388	0.199789916590807	22
0.098880187950624	0.174235882543943	6
-0.122663809552323	0.501822261371475	6
-0.0506995924335	0.228898926576939	6
0.017089268183207	0.262775221209381	6
0.123665359898888	0.0828004751401386	6
0.056497849622454	0.301886097869189	6
0.051161405566271	0.352339297096739	6
0.069794651429072	0.236409576867933	6
-0.020563875647613	1.63439718522982	255
-0.110758137894499	1.6416182395037	255
-0.034546036389175	1.24755655714561	255
-0.113366617605486	1.67968763242728	255
0.097240855012524	0.347690217375602	255
-0.00655693640202398	0.224573917744556	33
-0.015729315097915	0.234224041501659	37
-0.071950218949508	0.164579517464843	37
-0.00641471363816998	0.214352970858607	37
0.00780821714851701	0.169815692646013	37
-0.030046650785619	0.157790613615169	33
0.092158698593299	0.117666975050277	33
-0.117547875961974	0.487848702647148	33
-0.041124858679836	0.100541425438789	33
-0.042034789665283	0.225870134411897	33
0.079300581589804	0.290172338570956	16
-0.117265074876139	0.584553703755979	16
-0.108160602829678	0.534390563950651	16
0.035106687923246	0.398913423049996	16
-0.09533937481843	0.2593168811031	16
0.099703246913342	0.126168559341347	16
0.063069763131099	0.165104171169864	22
-0.122011968992662	0.627768577959585	22
-0.032675353056904	0.211567315372711	16
0.09883445568556	0.235226610754084	22
0.037033288879636	0.427043687909371	6
0.047581997670912	0.379464015426599	6
0.10047185400434	0.164995126694384	6
0.115795713235015	0.297465388869767	6
0.035563019253747	0.152045126406961	22
0.050733538669461	0.215106607670766	6
-0.11140918669074	0.894187338567917	6
-0.089885238204135	0.892902652394676	6
0.013209998310977	0.389076647128487	6
0.050458187605816	0.344734955197767	6
0.059230468267044	0.279971788099299	6
-0.046655823126532	0.609490350684662	6
-0.071510742169484	0.214460892034908	6
0.063166631695286	0.375626271520673	6
0.023463159797911	0.550969867424878	6
0.070537520111907	0.492945211874095	255
0.102604491472829	0.12638736231916	33
0.04821885858961	0.166017558253545	37
0.009114155129097	0.166175756305116	37
0.03772101917324	0.151401445998675	37
-0.099177149477145	0.320755216523375	33
0.066458069566253	0.21422490199224	33
0.00994422048611299	0.136472706570178	16
-0.071649221229969	0.213606045082678	16
0.046627335559559	0.124516881821203	16
-0.071466314182166	0.214858586838789	33
0.029381764489696	0.386926294436884	16
-0.10123320139545	0.372383270433534	16
-0.087824094793018	0.81053073390396	16
-0.079981298723114	0.646748909187132	16
0.00828895114382	0.321908969984605	16
0.014477325182349	0.136458869269528	16
-0.075730096689493	0.172872322177575	16
0.079448897020693	0.236197982196938	22
0.096314808224644	0.176418349849438	22
-0.030046650785619	0.157790613615169	22
0.092047721235961	0.251424199897176	6
0.089889585285865	0.237239354201893	6
0.100144269713117	0.125476464347026	6
-0.081710435039721	0.426444833165732	6
0.042326294072432	0.303959849499612	6
0.038214249655966	0.424196624478409	6
0.075314243393464	0.307137804217299	6
-0.036296518543282	0.677129421438086	6
-0.122544614237432	0.733016928251939	6
-0.017875565019164	0.288061590377542	6
-0.016671631438523	0.178928769430256	6
0.00214920257090301	0.477219091702452	6
0.061253626240612	0.324432101831479	6
0.032142613812331	0.248738170845896	6
0.023167454112804	0.441044538706721	6
-0.027757832268428	1.75012822404246	255
-0.01240857872839	1.50410179960132	255
-0.0313661278075	1.08821494359273	255
-0.080853733613417	1.44279434265935	255
-0.0884522293598	1.21678785108771	255
-0.075283539158367	1.11098518335345	255
-0.056621379357099	0.466514748621249	255
-0.037342773899934	0.508310183065627	255
0.043550405923598	0.300782177189597	255
-0.005421714462297	0.397747373184358	37
0.006058722475133	0.325376084752842	33
0.064071462441862	0.257922365165358	2
0.061092912827687	0.233525648083037	2
0.00520443231078199	0.236706951889294	33
-0.105178783086746	0.432808932234788	16
0.078984259387316	0.174885008247765	33
0.04552777595131	0.185215772582515	16
0.056815821729785	0.208461290709786	16
0.065494113036538	0.212750719288885	16
-0.057179939599761	0.290913215916062	22
-0.023983385623158	0.254402346090306	22
0.063290783494758	0.201980405284663	22
-0.017716694531149	0.335727288752722	22
0.02644856920456	0.23252197493191	22
0.036809296422089	0.209928432472381	6
0.111612989020779	0.14243865713036	6
0.040798978205772	0.244998936853229	6
0.066710303395977	0.245564345472255	6
0.040427063018864	0.254743627715464	6
0.078966016821315	0.173402462440348	6
-0.018677462014575	0.204683729447589	6
0.00451744394655701	0.276862622158196	6
0.057743581624311	0.221552117396404	6
0.085603968374756	0.257348706627844	6
-0.068132905383716	0.542888865479743	6
-0.099421766027629	0.340144817652195	6
0.122451702660092	0.184834963874658	6
-0.026190407799934	0.40900867442745	6
0.101891444992957	0.171852130934121	6
0.050433527737258	0.342698510692097	6
-0.024315104448067	0.405456967075682	6
0.029849264018927	0.19798373011561	6
0.097092567562755	0.726515663051769	255
0.064091393014616	0.623379734378592	255
0.028869724008257	0.850996051836704	255
-0.074177303370704	1.20313467857615	255
0.012752543142468	0.477085266561547	255
0.090771801644094	0.172878669243354	33
0.110348757925814	0.169281949626604	33
0.085574742832468	0.253433911449262	33
-0.021155964219119	0.396474593783861	37
0.106818492003918	0.170661857422735	37
0.015527638012519	0.345243325354927	2
0.07257085450292	0.244307374655233	2
-0.086053935849098	0.556685994958984	2
0.088172019312219	0.205195389594956	2
-0.087341195785316	0.48032640644065	2
-0.078769370897331	0.456566499129614	33
0.080348787646247	0.208452657207046	33
0.026439280609169	0.236175449902497	33
-0.01545022794966	0.309242736425515	33
0.086235583786097	0.167227529228613	16
0.089416165784783	0.16311968666229	16
0.000642460629676989	0.295659394887539	33
-0.056056951411265	0.464710583646957	16
0.048437242966446	0.180750020372183	16
-0.104170389841044	0.563423329375395	16
0.117276160444223	0.135233443030839	22
-0.121009179260545	0.498591908157512	22
-0.017182814589932	0.278428757422107	22
0.020385237063697	0.245155472328179	22
0.110719979647815	0.133942195321528	22
-0.08053200936899	0.422130056915338	22
-0.066113850689285	0.395202832213135	6
-0.024003444411152	0.327247880832864	6
-0.05415003796907	0.448385071029223	6
0.112465544847858	0.154096959241583	6
0.117132760862449	0.176270706581837	6
-0.003832479490116	0.328322987407746	6
-0.032855229822287	0.435965098106235	6
-0.030433850551347	0.366992431387034	6
0.043064222972043	0.218044653399125	6
-0.093524371956247	0.485634906570654	6
0.106983973508178	0.194773119716201	6
0.010913707046743	0.330126485188461	6
0.011385708198791	0.396232074970909	6
-0.016123235536266	0.39894583513036	6
-0.055469654516207	0.402773990123041	6
-0.067109350112664	0.290224597058749	6
-0.033089327385272	1.50160893184434	255
0.060297804744326	0.602010523847564	255
-0.069858508639956	1.1041724221508	255
-0.00327858874169001	0.661577788082686	255
-0.015658533600251	0.67740021143344	255
0.085264282219283	0.312598617457295	255
0.085080389108522	0.300656527778526	37
-0.012058030088193	0.515319370982512	2
-0.01000190803659	0.287076175698212	2
0.098642203063677	0.141684198994332	33
0.106641326378371	0.12042908972048	33
-0.057548215263579	0.357474947480374	33
-0.01998770991496	0.275120613644414	16
-0.114077999839512	0.334762862168218	16
0.074185942092267	0.163875198160922	16
0.031073896255092	0.344196877251289	16
-0.070910780694806	0.523137291045445	16
-0.065363972947219	0.489405323339779	16
-0.00681894174077602	0.267012634167078	16
-0.071134606705439	0.326400325209727	16
-0.087285667261976	0.469336422186423	22
-0.01004963533183	0.243660477407787	22
0.07473713927109	0.24092078042564	22
-0.00692627628900999	0.355344571864781	6
0.105421764246674	0.185649433827597	6
0.087599559117055	0.177739438507227	6
0.081952025859983	0.170080903405585	6
0.008285165467907	0.222692981971323	6
0.024500499790109	0.202363388739249	6
0.096753091110957	0.18018274357205	6
-0.011138163377633	0.488903229975833	6
0.082949917622592	0.193819334305153	6
0.003471999983052	0.430589351805948	6
-0.021754997888905	0.338665995116159	6
0.064554320898718	0.244565559236694	6
0.048886190901746	0.123467009236881	6
0.00921545472469401	0.300550724347326	6
-0.067480743325161	0.568502207765037	6
-0.102633151515199	0.681485143462431	6
-0.040581133974239	0.416739407872872	6
0.086531274193333	0.166620784705892	6
-0.0698822550771	2.2505300982949	255
0.093208052939948	0.650966422757359	255
-0.062664754173893	1.3743722735855	255
0.051317574276904	0.323122366852693	33
-0.030678399546948	0.403824086241593	2
0.064793839217049	0.196498743909889	2
-0.021263011643119	0.342986403264599	2
0.023562782485045	0.27926952329081	2
-0.006798114830665	0.360425077137679	33
-0.026673246529227	0.339597958375152	33
0.110508716655479	0.130295896772808	33
-0.010698566525282	0.272255922082719	16
0.060939372338437	0.174553046100229	16
-0.062758987362548	0.452134627539531	16
-0.077720147326064	0.458426677921626	16
-0.113214976232562	0.360141935037925	16
0.092155042870935	0.128770924878641	16
-0.069754628077553	0.337166613041707	16
0.085164798613194	0.193274960944156	16
0.059494272603505	0.175030765419485	16
-0.037824498163852	0.524126441383804	16
-0.017849610610756	0.332267398654571	16
-0.03213964385706	0.293899820024481	16
-0.101221993030951	0.424196306808514	16
0.124375285889779	0.132675648670343	16
0.002982831998006	0.276276562292089	121
-0.037516855701165	0.271743732411358	22
0.070252054901753	0.150670788739875	22
0.106259544728486	0.182073944898615	22
0.063224672403742	0.257230152243987	6
0.088693179728485	0.212027735901879	6
-0.085593739038323	0.358923288283996	6
0.058989707746247	0.218288830113527	6
0.087346787123836	0.217629735994789	6
0.051998848105323	0.258596362324701	6
-0.028438961806533	0.411091022440255	6
-0.046563340311179	0.579925533411974	6
0.066087586283138	0.299248778833128	6
-0.042399813910002	0.27158255479441	6
-0.1004785437281	0.608302175210391	6
-0.11371976824823	0.763360504418129	6
-0.12281853971237	0.838894978749426	6
-0.066789072340295	1.17333991335104	255
-0.097064406283746	1.35409159147174	255
0.063744512132546	0.277262973470727	33
0.104338572536834	0.199275112163671	33
-0.00755889301486601	0.470410581623184	2
-0.013548737979054	0.34214986869483	2
-0.038364838790231	0.376130701214552	2
0.108794707149938	0.121097489814251	2
0.056124379547571	0.159264982020592	33
0.00740531098311301	0.195129620508402	33
-0.07648268429752	0.464877258098226	16
0.064315923925289	0.166623109038846	16
0.060991978416336	0.184929127028151	16
0.066231906490443	0.228108071512649	16
0.124245468589699	0.159370591884229	16
-0.018644666075235	0.420000654257363	16
0.111189555143248	0.11846484439303	121
0.011797614556865	0.343360803295908	121
-0.04527489065667	0.430966166158268	6
-0.01467942415079	0.421900372462896	6
0.066611677477406	0.195701678737921	6
0.020274396858477	0.498135239138867	6
0.045453340256626	0.312446590384722	6
0.056306593455036	0.218226396720306	6
-0.00374387652321401	0.475312355272812	6
-0.112178705226374	0.675753793682865	6
0.105009404706424	0.149340886951197	6
-0.071933621385578	0.442743706213954	6
-0.040106363314236	0.577219458915707	6
0.051048371276884	0.266340066380268	6
0.090613495960266	0.25394084873435	6
-0.00671183147643201	0.308055895896351	6
-0.107399825130391	1.91683164588388	255
0.113242961536856	0.186649054732314	2
0.087772678865777	0.189125335511731	2
0.123064490098999	0.141177918542858	2
0.095588480261335	0.142610628590995	16
-0.055044462732707	0.328739269887458	16
0.033629990070988	0.270434062692455	16
0.044591354807339	0.225538558318105	16
0.013566848442016	0.314046845940128	16
-0.013825377185612	0.34763053710421	16
-0.047280648023827	0.494161931136861	16
0.106859082200948	0.160063486710966	16
0.029136221842976	0.258187804900307	16
0.045484612586747	0.264895392117209	121
0.075001451509946	0.203252302375071	121
-0.015179999790786	0.395926159943966	6
-0.074468024809292	0.399060983414674	22
0.040943374933219	0.237541966569834	22
-0.097254964825209	0.334241826342941	22
-0.021313845338263	0.314153909647786	6
-0.062650906826387	0.380557729630337	6
0.001351058961504	0.261872326135846	6
0.098652193491492	0.0970258137612965	22
-0.075099420484813	0.564132095249588	6
0.030328130947998	0.276783275088371	6
0.006008076961452	0.430593520217101	6
-0.09772030695085	0.539672862243448	6
-0.020914620829518	1.082562684005	255
-0.060675030724738	0.377336452153982	33
-0.035355871070458	0.599958469666616	2
0.042933394729435	0.18756234062887	16
-0.102558890412164	0.450520629184986	16
-0.060306902596575	0.288239874040936	16
0.037570253739722	0.192739083876989	16
0.106452141831274	0.121253849249469	16
0.073177860675402	0.190747448859081	16
0.079594684585524	0.186579032298666	16
-0.116280643383515	0.365573998753107	16
-0.01958419569735	0.355577682393646	16
0.102817844835016	0.174908980145632	16
-0.08797640602781	0.460897630728225	16
-0.043964937795974	0.44114610543542	16
0.00627651889860501	0.21403930470021	16
0.122997089443816	0.109561904178568	16
-0.079086813935921	0.424731386290685	16
-0.019125907049032	0.301403565476262	121
0.027083145418498	0.200207422706779	36
-0.069579458662648	0.428932649697871	36
-0.058828410442051	0.395337488077178	6
0.097598650770341	0.220851737386871	6
0.120793421930084	0.170672134100132	6
0.00117574453952099	0.311916257715313	6
-0.040968511015649	0.310185553043294	6
0.08006030064287	0.159578611931152	22
0.035208371104444	0.172098123040581	22
-0.090164091970056	0.340224625156668	22
-0.028703193889213	0.476711408322205	6
-0.087247379329292	0.435971992610453	6
0.083056547218614	0.125092553021613	22
0.04322308718422	0.318132936958082	6
0.103942702874113	0.211290668334488	6
0.106696036843241	0.229444760230762	6
-0.027476323909364	0.481890096259056	6
0.122019865623607	0.853895627032409	255
0.11052785240885	0.243644323496731	2
-0.111846755980653	0.544514104193974	2
-0.0488162262839	0.588065497122476	2
-0.00973913543784499	0.320690856778792	2
-0.103494393472692	0.453043140612992	2
-0.010182803732785	0.348318179790353	2
0.035230888552486	0.173337949563626	16
-0.088374521696506	0.313151289254598	16
-0.00782365756856401	0.290270231841168	16
0.12417540565116	0.12620357556792	16
0.051383266474706	0.226517893242771	121
-0.016971879701201	0.272740640018502	36
0.076143619714107	0.203655907467223	6
0.080210892633698	0.209454561631604	6
0.040572640764239	0.268236265211828	6
0.055029764714646	0.155909991018297	6
-0.056383588801428	0.322726066093222	6
0.057928335297114	0.254906356365035	6
0.042327766316744	0.259854431954406	6
-0.110017984499127	0.378426379996415	6
0.109615748875088	0.106357589672489	22
0.1081899298097	0.196759533896112	6
-0.013029643472952	0.472920580503582	6
0.083270286137975	0.195980766854188	6
0.119059811564818	0.205552644604396	6
0.09985230690968	0.219275003775585	6
0.083340803595972	0.226111746324481	2
-0.040688547088148	0.451173445449042	2
-0.000348407766873005	0.359845756490038	2
0.041376950066925	0.237912764161255	2
-0.097880083618705	0.396734339908215	16
-0.041100801619727	0.313881408636189	16
-0.110226066232811	0.351920323357916	16
-0.100238532287476	0.322959378068774	16
0.069434985198327	0.165740617913612	16
-0.081372318705231	0.361489242389299	16
0.113157254663582	0.103897660636264	16
-0.086996901755658	0.366958737642069	16
0.092913851456876	0.149062367878245	16
-0.060617238137939	0.380262990227932	16
-0.00474624359713699	0.276308466806761	16
-0.00195806908336099	0.241908306043226	16
0.016584813812122	0.226937609400749	16
0.031478481590077	0.21033083797532	121
0.084382172122371	0.168655993195403	121
-0.090971119280076	0.440071995327642	36
-0.080460672422197	0.320240784771785	36
0.051524496124968	0.207759538272355	36
0.114585173262114	0.156997275705119	36
-0.00566109535501003	0.280651229738171	6
-0.110644598742686	0.466336832453886	22
0.016914497632433	0.240655102664553	6
0.00097163078965401	0.196008676811689	6
-0.018398945091991	0.281553103845833	6
-0.099904243201618	0.316528126948875	6
0.011889032588129	0.167428140037309	6
-0.06598149750705	0.501880991465152	6
0.041353847053958	0.251919676696287	6
0.105732650945412	0.196069987834122	6
0.000669190934555003	0.526636049042449	2
0.070476518006201	0.325869155024775	2
-0.00201228644134199	0.458976295111916	2
0.037303722410803	0.290098189481626	2
-0.062879786159639	0.479854327762164	2
-0.00752190265185498	0.322420184058545	2
-0.093105881551621	0.484222371751857	2
-0.121296562496384	0.470871508235575	2
-0.034919381152277	0.391371114212709	2
-0.122058923718462	0.424056897824738	2
-0.095476806904884	0.374457477805814	16
-0.006126651893888	0.246777753328774	16
0.00438704103852899	0.235792457676529	16
-0.037046875951379	0.296737750576959	16
0.077390984617138	0.10869226774856	16
-0.031377434312482	0.330017690305253	16
0.106410517084487	0.17166879366491	16
-0.001784653617177	0.24025412009509	16
-0.036515808496944	0.307394479760105	16
-0.0944481253404	0.308968870664157	16
0.040131208358658	0.202781543297076	22
-0.116540269221293	0.390474875377595	121
-0.060363096255438	0.29140976396479	121
0.023208224808343	0.201595141117023	121
-0.09321481250062	0.43357632959211	36
0.030067982140943	0.229735452391829	36
0.120246172874864	0.131553037321501	36
0.087388457203042	0.185973872881818	36
-0.058449307159131	0.402072646762361	6
-0.094764182292584	0.549169398019701	6
-0.092171525229637	0.457597197235055	6
-0.085458374744613	0.455552155455113	6
0.040342030038022	0.199838407972499	22
-0.054446156513785	0.378030619184588	22
-0.053733438279718	0.253356459973374	6
0.090225316536089	0.162550545175056	6
0.087236497274749	0.189125627288039	6
-0.00695952841821901	0.301085527815169	6
0.080685850278941	0.181250906223623	6
-0.07077967494976	0.293747943319834	6
-0.073741983588049	0.609758573620433	6
-0.067180295345906	0.462277729557595	6
0.088617961955558	0.226631535000098	6
0.022206896078523	0.280348255976982	6
0.106183640748558	0.158302907937108	6
-0.036386970327179	0.44365197839612	6
0.103861994060246	0.96354114671054	255
-0.043511472510869	1.30409655706412	255
0.101741517607377	0.445408773349074	33
0.030001288425492	0.374617074191531	2
-0.059806801002551	0.261886275992046	2
-0.074340312850279	0.475525990530017	2
-0.030278543174142	0.1882172772114	2
0.079943963380657	0.156080708954872	16
-0.119723231439297	0.235299868819014	16
0.00518445797779099	0.140661879279318	16
-0.100632510256151	0.447999400039906	16
0.029633402236966	0.176726069786102	16
0.074346652009179	0.109001424670394	16
0.065135156779321	0.17944275686568	16
0.108539671010176	0.146388865611561	16
-0.00365648051372103	0.242182316069013	16
-0.121586074889581	0.419187065683791	16
-0.073527145222429	0.217281944700907	16
-0.090052947782343	0.258524786927546	22
-0.038327833217213	0.249818098151941	16
-0.0249641116423	0.280204286660821	121
0.086502625808108	0.15105077595941	121
0.090256769985471	0.133795237399165	121
-0.089822246227288	0.25481180226654	36
0.020468953328357	0.213365848964351	36
0.103617150587062	0.139139522956282	36
0.07704896189685	0.182795172325135	6
-0.011751941518791	0.248349042027748	6
0.085010568886959	0.156192035205714	6
-0.103179184548911	0.378762085047825	6
-0.014314624579388	0.27606077794056	6
0.049335712563308	0.244380834968527	6
0.064185417495786	0.230567680917019	6
0.120196171507248	0.132294453931387	6
0.04876823126614	0.249721858150502	6
0.00376013872574499	0.254500395658574	22
0.124112300949921	0.060273101954235	22
0.101959929495181	0.150072917284024	6
0.086818186177253	0.193951066298119	6
0.05795229235391	0.219814676494592	6
0.00473770002325899	0.272164153075837	6
0.049065835439726	0.365495191490996	2
0.071899752873302	0.0743011477770487	2
0.109173756604837	0.118504694948271	2
-0.073252852516407	0.325071631925034	2
0.039112728899993	0.078670550804902	33
-0.08653339144805	0.334882958067053	16
-0.0358904667375	0.0993119442028246	16
0.111578261892619	0.0640193786052451	16
-0.037301755358346	0.0983716222742351	16
-0.098831375910962	0.259249000226556	16
0.0784629427998	0.0692138753848538	16
-0.113745832671502	0.909616690929054	16
-0.051132372737453	0.603237415810207	16
0.098421848653276	0.149474428002403	16
-0.071967429590377	0.168335463695327	16
0.037563408270264	0.0820367728949097	16
-0.011238243913725	0.250843472174317	16
0.030653310348677	0.0836621016749067	22
0.082688387331776	0.0711549966670068	22
0.110302563293658	0.150606365594832	121
0.023995415569456	0.354723715617549	121
-0.120431592247231	0.38961891695398	36
-0.06992847216606	0.307090362987719	36
-0.112662023750824	0.818253023626587	6
-0.102548162743337	0.650505077857366	6
0.029234237352204	0.301386061648066	6
-0.074535727805875	0.17247783587197	6
0.044099856337377	0.192352722304687	6
-0.032582956923236	0.500425442401433	6
0.051992106854054	0.407632505503245	6
0.050041750199916	0.350500533369612	6
-0.066396690575345	0.651597324151266	6
0.048546751725036	0.321048034430515	22
0.041171677402561	0.366502662121857	6
-0.117727333664314	0.367796088285658	6
0.107914995854047	0.121603278369068	6
-0.068167374136612	0.162005483124856	6
0.045521491177045	0.231142414341324	6
0.005485603743527	1.83819928502819	255
-0.025221141285344	2.18206502048657	255
0.08254832562449	0.226693790873225	2
-0.07282565292826	0.168375482164685	2
-0.082252559318281	0.168250169497332	2
-0.083590656716135	0.26867782351259	2
0.028687250875602	0.0852735688983957	2
0.070258756300571	0.148338192025001	33
-0.077452474394492	0.171978130786123	33
0.110112749073261	0.0638816777473808	16
-0.099256517822663	0.348441674068173	16
0.111167987276177	0.103620915508031	16
0.051886775928659	0.224719715830588	16
0.064302258262388	0.317912854280615	16
0.118562885958884	0.147029113088033	16
0.023136043041571	0.0849859007998572	16
-0.072479567561651	0.217520094380773	22
-0.098370817256395	0.568070819595963	121
0.071931082983186	0.0728084953776312	121
0.062619198261611	0.0747721627863439	36
-0.120732712967179	0.728989804080002	6
-0.039428726958015	0.298275466365165	6
-0.00154897895678902	0.244127554289943	6
-0.1114095821754	0.568470334574644	6
0.030772875458488	0.282098092710741	6
-0.071011457171125	0.598691565666446	6
-0.037598971702503	0.517381077934033	6
-0.07910309271644	0.377170649269618	6
0.080657785412661	0.107259518774166	22
-0.06197954851305	0.314956193409646	6
-0.023061936632854	0.186112483094725	2
-0.030941553709484	0.152549443999044	2
-0.065259011906954	0.158298388714586	2
0.029965724533408	0.0835202831984266	16
0.022368109475734	0.0856912893843615	16
-0.059195318163514	0.356170973686907	16
-0.064585326213869	0.161722024390303	16
0.114340727141336	0.0617465521077243	16
-0.010868794778785	0.294612527128256	22
0.019400711006236	0.27315783172457	121
0.00119401482484399	0.357794034855587	121
0.050752119050936	0.117825999466262	121
0.038034514768317	0.333195176407066	6
0.035095207422912	0.153850890593115	6
-0.073662238887128	0.167740585379794	6
0.10709178784922	0.0926504996184611	6
-0.064920078055155	0.161723603346969	6
0.012702573986715	0.208491667123608	6
0.097179218557721	0.213164074380814	6
-0.029671808001299	0.420821916529056	6
-0.104556590008389	0.456944189281716	6
-0.000165571659904995	0.365287956404387	6
-0.071038484657367	0.485451818909189	6
0.09744161105288	0.149616487567005	22
-0.024662824665843	0.404903076365097	22
0.090096016982993	0.116852838741099	6
0.043788658822454	0.126411601709458	6
-0.068183169266923	0.208618720941357	6
0.030900582593856	0.0849843454746354	6
-0.026633554448898	0.242222719110221	2
0.11095082517203	0.105173932041582	2
-0.037694411047538	0.374298696109677	16
0.03375249801403	0.151090129910385	16
-0.083113720647794	0.474587741585719	16
0.075949609421136	0.228764184712893	16
-0.078448954236601	0.486447403444864	16
0.07054785718927	0.1492094613726	16
-0.09655184306559	0.568699869669824	121
-0.11609844112213	0.469995453040363	121
-0.011693502369	0.384374773480424	121
0.112252485302764	0.0879339448581627	121
0.039087574642862	0.127528947167598	121
-0.123422587195866	0.239782555612524	121
-0.00176261086629798	0.259479609288938	36
0.080531158424972	0.233990893755673	6
0.073452227027338	0.268014806586517	6
0.123186703692875	0.119318628293012	6
0.054744185339127	0.210454954732021	6
0.118525542568252	0.135713321679559	6
0.018526548408866	0.20812177036066	6
0.040161478427073	0.127558266354846	6
-0.046638792253889	0.349246417053487	6
0.011422386907141	0.34074067601873	6
0.098265236753585	0.246911353011321	22
0.080439717861013	0.234870079092151	22
0.10261634264577	0.188333625715192	6
0.059813511919184	0.284246190906595	6
0.038796276975195	0.283913315948001	6
0.0675130969479	0.147552406537954	6
0.120430058261054	0.0973326022103882	2
-0.028619141384222	0.151498976482076	2
0.102496377247807	0.169964823560748	2
0.033138761709878	0.174493729983139	2
0.046892788336244	0.124588244485551	2
-0.007444920891996	0.258185853790393	33
-0.075728737622465	0.545311724433309	16
0.044965629853268	0.202187900963964	16
0.092807115346149	0.131797494479032	16
0.075300608696231	0.145908747528947	16
0.113253269293866	0.0618116992888933	16
0.00370474342617799	0.195963913460562	16
0.001346845299386	0.144922973182653	22
-0.069550357685504	0.202880379286644	121
0.088449100979737	0.146460242461877	121
0.038483488338545	0.219574151029759	121
0.009541617138181	0.253828319980082	121
-0.079512062708772	0.495781606446568	121
-0.06232908471108	0.326168991631382	121
0.077486705715351	0.10747475094423	36
-0.073677476587922	0.171737957631577	6
0.07546874497181	0.073734505689305	6
-0.095822408102608	0.304460784073528	268
-0.114008751399573	0.588179357797097	22
-0.066245236315191	0.337809617691286	22
-0.030387924738847	0.193113828942811	22
0.00646234674537599	0.362629106638701	6
0.047498821451045	0.295082013246606	6
0.088177247249313	0.21899013020045	6
-0.071967429590377	0.168335463695327	6
0.048720307631501	0.142152786686377	6
-0.086886207638395	0.336216063862473	6
0.089793492886405	0.765617499767094	2
-0.119693420112291	2.00768775224776	2
-0.036986184805229	0.705299968993717	54
0.011663184751381	0.42626334231197	54
0.103822276569075	0.162411994635893	2
0.078254815433754	0.154654508596383	2
-0.000165794643172013	0.19634039487491	2
-0.11094524477102	0.330794014025342	2
0.098489545880957	0.10824435589459	2
-0.090275959189018	0.258938485132592	2
-0.077315172644361	0.246310160179383	2
0.041889466166894	0.125815737559351	2
-0.035851208674569	0.159739468914558	2
-0.075392986055554	0.172075917199599	184
-0.025466787021404	0.153737872037373	184
0.094939234146743	0.11550028856794	16
0.066296303594915	0.277745640911222	16
-0.00739694556897602	0.364922420104354	16
0.103930939775604	0.0951347826352343	16
0.031721992568747	0.28281429356219	121
-0.063444291877299	0.334459506929849	121
0.104613986775124	0.133871968093687	36
0.00420626802708299	0.434560029492193	6
0.086187323980959	0.227608400411891	6
-0.088178359908038	0.504078277083718	6
0.025889907510509	0.357677195241938	6
-0.122839774935864	0.552090317464631	6
0.015580048081463	0.135175499022849	6
0.009029658919431	0.137604565930275	6
0.111364337375353	0.153557962516237	268
0.123468779950474	0.141195499845261	268
-0.091826104608344	0.606471237522333	268
-0.052687587185407	0.421861472243816	268
-0.01425936353998	0.453947804571385	22
-0.02313499486215	0.48616282184037	22
-0.041476679046447	0.542768266208316	22
0.007215203622049	0.359776418526569	22
0.12229224539391	0.172019097072222	22
0.077159103666601	0.278693765242092	22
0.103846498838151	0.131613480320716	22
-0.037719411600469	0.197129355684316	22
-0.075547428989212	0.527445630774967	22
0.098408378036569	0.141913391576557	6
-0.109471554082151	0.540068587440757	6
-0.019206025580401	0.455147267371897	6
0.067777091891218	0.264737515559997	6
-0.061717877937691	0.37904929885918	6
0.099272899883739	0.279091309805087	6
0.121221169057771	0.768364009036874	2
-0.099985628627619	2.45099097805708	2
0.052838853602411	0.557504888449309	2
-0.075308702141047	0.376917547362757	2
-0.00612179222653098	0.222084763038056	2
-0.008695675421521	0.24311016594471	2
-0.079969598113699	0.219537271075968	2
-0.036733757604071	0.194816529603505	2
0.102964000510969	0.16184770966313	2
-0.055583726404939	0.395059737023056	2
0.112912888979608	0.0629964130102189	2
0.082416664104586	0.191221475028574	33
-0.07047115798351	0.21546496588523	16
-0.112614877880375	0.469413320833612	16
0.029202426358633	0.214439373374229	16
-0.029144958127041	0.423971371801008	16
-0.063145918453812	0.203831257272706	16
-0.029657280167148	0.328013389639867	16
0.007539057115549	0.141935232194592	16
-0.070279433617985	0.211735910050973	22
0.057426334033581	0.22203523463623	121
-0.065345244248065	0.262695095272194	121
0.00469661495197601	0.144398031525092	36
0.013053744419844	0.284079580634916	36
0.069226064986471	0.16371545382481	36
-0.081639937570954	0.356185827511885	6
-0.021930412520804	0.370772190687399	6
-0.075738793973427	0.219402713978986	6
0.092557036586206	0.0988455041762718	22
-0.105507552229041	0.403161601964574	268
-0.077912669400995	0.466139025363846	268
0.068187799746546	0.269158404787212	22
0.093134264365443	0.116478465647715	22
0.042316015081418	0.167928371153505	6
-0.07669820218621	0.511001926325062	6
0.054544903882162	0.264185699543549	6
-0.018548909263517	0.440333292449035	6
0.045882646305358	0.217733805253507	6
0.043542139901156	0.148941020820477	6
-0.031662099137885	0.265245283427958	6
-0.000704223911034974	0.489497715812905	6
0.027190978518623	0.234716337641167	6
-0.09968235628364	2.34300503108707	2
-0.025750283404498	0.925750934273394	2
0.114691526349636	0.380012932799046	2
0.038975952616419	0.554686100861027	54
0.034245845324819	0.509917912518305	54
-0.12473840670972	0.967597404701608	54
-0.057904380263168	0.468838760618555	2
0.120416359063256	0.122489383964658	2
0.037271539126431	0.219293771405848	2
0.012754579381481	0.397608048443879	2
0.10570225474204	0.215669153131103	2
0.027604567744997	0.217372740390196	2
0.015984372657195	0.183091724180435	2
0.101101979616776	0.112521700296724	2
-0.061301612254188	0.258578032562177	2
0.107535689980333	0.13175920539439	2
0.109739555802004	0.105654705543541	2
0.059144525245464	0.154522060204156	2
0.037932397714205	0.171242232803613	184
0.10053682685849	0.151434199608485	16
0.054141380652011	0.222355932405981	16
-0.06026724904081	0.314855788937225	16
0.069407277438799	0.196864269418188	16
0.083116299752472	0.138094113523592	16
0.046146296565678	0.168339357938068	16
0.054962015088751	0.217691627577224	121
0.009289303261062	0.269950527128604	121
-0.098867372960454	0.397247902015677	121
0.077290372101781	0.158535917544433	121
0.00904695923183199	0.187427200673556	121
0.058674239384944	0.155787528741677	36
0.02828125791792	0.216847994681125	36
-0.068328376096062	0.340551558052467	6
0.09731099811087	0.126811800837476	6
-0.057053500005454	0.260201027044244	6
0.050194973520825	0.164281193701321	6
-0.109674769553106	0.354762793871238	6
0.061691677913356	0.215762236909014	22
0.023751331578236	0.273702555969258	22
0.084132209881611	0.191346299880106	395
0.079566530353012	0.180321943341778	22
-0.043643631080796	0.250623059087947	22
-0.050474064731423	0.417752146721809	22
-0.010923283009819	0.292307369821517	6
0.076545070613778	0.210338396042622	6
-0.086072888365714	0.311729769281963	6
-0.073071786180776	0.293628745883826	6
-0.101977923237235	0.453066402812566	6
0.105063626574322	0.938190990947955	2
0.068111792050621	0.674038202415016	2
-0.064028008011251	0.780760879361205	54
0.069666588416384	0.343578171649907	54
0.00670130789071	0.23580313237888	2
-0.087181568817063	0.65107786311719	2
0.056893995302215	0.291567902674079	2
0.084065362970465	0.18990394596154	2
-0.0348219959855	0.246461873297515	2
0.040602377198446	0.168057390276698	2
-0.074720645992338	0.29282262042056	2
-0.015302274851788	0.208829381904391	2
-0.073656966467782	0.276220730478896	2
-0.032039279937012	0.244652178968202	2
0.059360207277533	0.154979561712967	2
0.00481409509920799	0.194776700881619	184
0.100223384625689	0.108700523874503	184
0.122509857404876	0.0947130359921669	184
0.103676773143758	0.149594588213155	16
0.064548683460334	0.186506164423323	16
-0.037439018697617	0.371774604805804	16
0.093594250618216	0.153443344228695	16
-0.038020107753727	0.272217922496624	16
0.013214582011641	0.187208034654917	16
-0.072270222503796	0.271916586302404	22
-0.122753618292931	0.273550017295467	22
-0.111268270047692	0.406982907329571	121
0.115839737061257	0.130808515478016	121
0.018507308537992	0.203133634700772	121
-0.023475645544865	0.223755669723789	36
-0.103962707013835	0.392127356828561	36
0.065215545019363	0.181436219178112	6
0.029258211947148	0.155766912694188	6
0.001336971951963	0.21975564863887	6
0.098036719558414	0.126090347134627	6
0.04027113245047	0.268801228845573	268
0.026630577359795	0.283445608067185	268
-0.00025896062789299	0.298012162382221	22
0.078644526834613	0.300725364951309	395
0.014008549724556	0.271566930117253	395
0.090182702267938	0.171656276734007	22
-0.054565371566397	0.351752599759596	6
-0.099957293271268	0.458082508606853	6
0.00980919042207201	0.28083665249996	6
-0.078842036053931	0.372300645706568	6
-0.019724658239031	0.565428739312527	54
-0.05422857977714	0.2971816733821	2
-0.090434393793285	0.257526778370708	2
0.019097974572401	0.221752744962478	2
-0.087392462691413	0.336526603757714	2
0.00264755789320501	0.174842787197966	2
0.088753087179342	0.12043212659731	2
0.026285963097303	0.181850444114491	2
0.020220649081986	0.27472094041081	2
0.014681884892288	0.137632304153491	184
-0.059682554761412	0.454357627778025	33
-0.034913422509697	0.159343705948567	16
0.018362922549053	0.329535331888459	16
0.065059990240959	0.295210155220543	16
0.018207860498778	0.301702887564429	16
-0.058122116569186	0.464286929067507	16
0.104207012633447	0.167150544080883	16
-0.119634591135166	0.268492716894567	16
0.00348618543704901	0.143878361486519	22
0.02030649928587	0.279901435254591	121
0.120569505707053	0.144945506978026	121
0.111457818838853	0.0886063318080386	22
-0.06520548493624	0.255834828248191	36
0.085207167122482	0.168413576070558	36
0.018236410198296	0.247565777577455	6
0.016072751292231	0.185801069753806	6
-0.030063840653674	0.351988337299916	6
-0.085446530540373	0.249258255259569	6
0.043716971212679	0.147850045555017	6
-0.00540443987392197	0.341106384367792	268
0.020335674767518	0.276549899642095	268
0.055315272535023	0.43222995152648	395
-0.00666010178252002	0.438002831181265	395
-0.0171136142467	0.371044182054653	22
0.109437370730926	0.157049880994087	22
-0.0490555585004	0.443278914853514	395
0.020010050308514	0.273338584067934	6
-0.07708627548843	0.582711963981606	6
-0.101075460240403	0.628496487876393	6
-0.00727564198564601	0.220730093916588	6
-0.080095555623959	0.382749766271695	6
-0.015602488876313	0.580944527772202	54
-0.015352123139691	0.712633453961908	2
0.099808608665616	0.145263038843355	2
-0.025044172164494	0.508381468572346	2
0.123311293335531	0.125792576482558	2
-0.054861192420851	0.371568815039866	2
0.105225276115671	0.123025884477198	2
0.112893096078549	0.128009336062836	2
0.070659834337526	0.149489720206782	2
0.123455877919663	0.0975780521063576	2
0.00851237446452499	0.2319811548497	2
-0.021654144475687	0.237801219055423	2
-0.078987789756497	0.301392328660898	33
-0.025148812078591	0.215598029676542	33
0.121997610493331	0.111169851859643	33
0.025329356642032	0.247031574020107	16
-0.082513122002018	0.357216434786188	16
0.067197516411733	0.180624976610026	16
0.095616784279121	0.131172085733282	16
0.062008607570853	0.168573290980485	16
0.075822864991403	0.128310118040267	16
0.108977999473835	0.133107081845599	16
-0.101390134827679	0.316000436233071	16
-0.038263398456791	0.274296998433971	16
0.063221189970432	0.195975674411512	121
0.094134577243204	0.143976021030229	121
-0.014596594210713	0.244921814482883	22
0.108794166296431	0.10693597812562	36
-0.00263659665453198	0.310228544483512	6
-0.07877598553624	0.354526720355408	6
-0.023406346802947	0.282964317534667	6
-0.010180514716415	0.223404567662583	6
-0.00944261763176402	0.248823659286081	6
0.046820059971299	0.237122525716614	6
0.041323863396759	0.167274252916485	6
-0.101661460946461	0.321797603657174	6
-0.05607330995098	0.288552698004732	6
-0.096132414561897	0.312213088743383	22
0.087894437104831	0.147544994219503	268
-0.108627785967357	0.456011933094946	268
0.035234527564755	0.241710264372479	268
0.100794940389123	0.152362258035387	22
-0.022400601432249	0.277138559019307	22
0.083512723074887	0.151283406654599	22
0.090513657901154	0.164574809468964	395
0.027994093225796	0.199182449366648	6
-0.031354701066536	0.25717224852608	6
0.048032830468904	0.234793306546491	6
0.00822245246518499	0.918571555015667	2
0.11413294703663	0.397361531109148	2
0.076732480887374	0.476177524259188	2
-0.071066307586347	0.565494573435064	2
0.056103433550484	0.281867547374377	2
0.013994263076246	0.327543422606036	2
-0.119235140067571	0.518256780795807	2
0.016215206967262	0.263508763673029	2
-0.018068603725256	0.315876248699596	2
0.072182766093241	0.161628703664893	2
0.066429845638228	0.179673759981468	33
0.060621495620513	0.17257591537326	33
0.021416817903561	0.205196180134645	33
0.068823136874507	0.190729025343449	33
0.114941058009328	0.136948505009749	33
0.046643732656031	0.226149562710455	33
0.010359020424129	0.269889280617939	16
0.090055919538565	0.133624523769309	16
-0.109121619493331	0.441180451423666	16
-0.01803723697887	0.333736540245539	16
-0.087917851241427	0.360274309184317	16
0.000666285657244997	0.256950096955841	16
0.018804525016231	0.245990307522793	16
-0.10465771561619	0.477085213448193	16
-0.049280980520184	0.345973070960112	22
0.003535443599609	0.293162092404346	121
0.095161167633252	0.171387074296105	36
0.118936613257283	0.13555973052046	36
0.055614660052664	0.139267727598358	268
-0.094027573802508	0.487097065746666	395
-0.023442824191207	0.282389883622957	395
0.075344470834008	0.107108081720098	395
0.015157024475411	0.186065151294292	6
-0.058563511126837	0.396911146815373	6
-0.01469756169988	0.369910420970352	6
0.078276050554355	0.202960624436208	6
-0.031034312894306	1.27492236014568	2
-0.058280808967461	1.37089086592642	2
0.064346131126559	0.598213514963936	2
-0.111566887433877	1.39159320264299	54
-0.059096645853408	0.752953804345335	2
-0.057498026084011	0.66806547626441	2
-0.089480496525189	0.669004105201689	2
0.04991834847538	0.306010571725704	2
0.033283878454087	0.384169766179777	2
0.087275534373633	0.215583379000054	2
0.105187006368229	0.198709291517524	2
0.102343752000828	0.165579612410692	2
0.095923170990489	0.158515353575047	33
0.098241619270757	0.143968232542147	33
0.082774333206387	0.141270369524397	16
-0.097428264961588	0.28790215222541	16
-0.073644427093589	0.329704569598628	16
-0.060123395660961	0.328860218285284	16
0.020642435316022	0.318975254702169	16
0.010097029353101	0.283668331698262	16
0.064733155157419	0.199317676611659	22
0.024650862655405	0.266499596064149	22
0.121136671301119	0.121638467773576	22
0.102700733546829	0.160484992495919	22
0.073398924089781	0.204545948758822	36
0.094350282005789	0.168108874106619	36
-0.115949114803374	0.519992418900125	36
0.101720822283445	0.137275637070074	6
-0.00768243152925302	0.287753855833728	6
0.036145838070391	0.252521836413927	6
0.020655579508346	0.313155302826059	6
-0.031229578381291	0.384659935372078	268
0.042470550425199	0.206834057432592	268
0.118017838553365	0.111731277006521	268
0.031932991103907	0.0828395485013986	395
-0.090052387762189	0.416389527730307	395
-0.107063062845687	0.471181635015796	395
-0.079970173049153	0.52913755827982	6
0.095928991705976	0.202642826314615	6
0.053360310641802	0.906399639640455	2
-0.059281327756877	1.61236329729891	2
0.096147604554758	0.532111237107099	2
-0.10531424047827	1.53800119231949	54
-0.097377268253777	0.729951863677604	2
-0.054959192327688	0.585024851434865	2
-0.020099297073454	0.406768050326983	2
-0.109459283424577	0.576587327872377	2
0.087414447934632	0.233606561519025	2
0.080827465375085	0.21671098781537	2
0.069222426769765	0.2109702775774	2
0.00781646544953901	0.361871609420621	33
-0.055585239804474	0.358618323312723	2
-0.016444554318886	0.302627084908089	2
-0.104249232655753	0.495160439331476	2
-0.044872744192254	0.392129510416811	2
0.051742654144172	0.258870978971985	2
0.094651735161267	0.165019523407244	33
0.122034231361225	0.148997756109361	33
0.092004479970241	0.144399988328666	16
0.06207143417918	0.211821464317902	16
-0.080657303802216	0.491596635778172	22
-0.03943216044554	0.419366365100382	22
0.059532022904967	0.219701302345304	22
-0.0733644495186	0.503575486819001	22
0.06631138283853	0.254365169684259	22
0.041625089225937	0.242178808494981	36
0.082052544332768	0.212104255694491	36
-0.067026129638098	0.47585566173551	6
-0.03150998493617	0.396503851844605	6
0.037369094532472	0.306128775232859	6
0.120684667021051	0.164735904986817	6
-0.030886087132138	0.392598223104005	6
0.038154918977754	0.325550911681172	22
-0.061879656300884	0.492808668562243	22
0.088752263693147	0.159430371228883	22
-0.00693873351494401	0.396752441762412	268
-0.02887224097241	0.242863158991805	268
0.085529005302836	0.0678456191177058	268
0.082631326662129	0.103944692930954	268
0.036312928275389	0.151393754566373	22
-0.027042357886137	0.262755532446984	22
-0.078049227394889	0.333879698791247	6
-0.018840444666622	0.373972415226092	6
-0.046858994062298	0.555240103635789	6
-0.076016511145321	0.545919053582527	6
0.100598936326793	0.210056931749636	6
-0.012817571276123	1.48379720315436	2
-0.080800948772695	1.73550458012628	2
0.104868583909658	0.343242713855934	2
0.107203674458831	0.25179251031369	2
-0.093999904302525	0.67690978695007	2
-0.05198633966932	0.612080468238051	2
-0.046237407733982	0.579652534747924	2
-0.057000078466423	0.621348007747792	2
0.08015860136329	0.249940922702227	2
-0.013653105843447	0.414845075083926	2
0.010959487012896	0.347803349314513	33
0.044912524874361	0.265981106623385	2
0.020067887816999	0.359040637999645	2
-0.111613972845793	0.629097271095765	2
0.09300053160945	0.22025410679897	2
-0.085263354170524	0.564664725701164	33
-0.010099910673149	0.251165178498615	16
0.099600587998344	0.194070535963107	16
-0.071670717595101	0.4436385732442	16
-0.023488417287456	0.406935657021122	16
0.091537838220469	0.219453228378151	16
0.045696815550263	0.287017149267645	22
-0.08673058958422	0.528467328545882	22
0.037930474298789	0.351624876865414	22
-0.039150976920044	0.398921758844002	22
0.117833196885776	0.149635964687713	36
0.044518958024284	0.253350371871082	6
0.07675717844035	0.242316624037731	22
0.049736018061743	0.289208849457329	22
-0.07042422845399	0.164619147304491	22
0.116162210673957	0.0617360612255862	147
0.021413596887645	0.254604187190296	6
-0.072367206721503	0.272538249616631	6
0.00931628035002199	0.141318322452235	6
-0.074638128181767	0.350128282898235	6
0.087842307852006	0.714886448758654	2
-0.092486143379331	1.88588299496524	2
0.00446570296469601	1.06343601503116	2
0.124605573604953	0.303018347337845	2
-0.031630093622742	0.635715872399738	2
0.029291147835388	0.413390389221418	2
0.02617823485945	0.374265788731211	2
0.109378343364186	0.225035500492677	2
0.000883130326816001	0.441059578380605	2
0.068878534437566	0.245399897489461	33
0.016260758248167	0.34082408550664	33
0.038289327090361	0.304981871603094	2
-0.104067967374938	0.370523056517311	33
-0.090010909519359	0.512347756626733	2
0.124666351933662	0.107409404441071	2
0.050489121659365	0.182272239299915	16
0.00544304383394401	0.35439683591879	16
-0.124815015656853	0.593825731563138	16
-0.011766349293722	0.351953929435426	16
-0.08146917769064	0.520395528506073	22
0.060256751793427	0.260749472740941	22
0.035264677102935	0.335551491635178	22
-0.083352694418954	0.536528572275082	22
0.073681958511312	0.2481092575142	22
-0.088976410229247	0.629556920471608	36
-0.102511079917065	0.521165008120596	36
0.085406479760999	0.205697264301951	36
0.114615584064466	0.207011311858682	6
0.049650917220911	0.307255488039377	22
0.045338456080855	0.202969369219153	268
0.016053902236948	0.1870908375278	268
-0.067881881992022	0.162222336946816	147
-0.010937472247721	0.20131371495433	147
0.042751507960278	0.254567564731373	6
-0.008345255221754	0.434937123564755	6
-0.079202574331702	0.520240387144532	6
0.064344053804589	1.02402023439718	2
0.044950975700504	0.963465085736925	2
-0.077224086193147	1.71055150668498	2
0.037113892820633	0.469734487664359	2
0.021218194697165	0.420368784956802	2
-0.123100558483198	0.797604506772163	2
-0.036099370026968	0.595509106155539	2
-0.01239782209846	0.331417392466943	2
-0.003512087948086	0.376651088437198	2
0.056430381574773	0.203505064484952	33
-0.042274645026939	0.398182495921308	2
0.048848595218466	0.120068305026815	262
0.055712699748802	0.258462155736886	16
0.097197336428339	0.190916622415511	16
0.093016441230411	0.220306752861225	22
0.100944640296624	0.177377386111286	22
0.059155743280809	0.254948726759623	22
0.09451029195155	0.206823204966193	22
-0.00128727993546901	0.369295470136346	36
0.025126037075877	0.325416273579656	36
0.057049181974015	0.139794136229414	6
0.012313653788006	0.320530913640091	268
-0.077393574358897	0.5907802183431	268
-0.044880436916267	0.386692162778133	268
-0.077750533762178	0.293135036070075	268
-0.017647010970641	0.199446945247035	268
0.103354798165085	0.066078619824217	147
0.027918937915045	0.0858943372982852	147
-0.026155035992104	0.152026899248751	147
-0.096293036956758	0.375165256652424	147
0.114907733343501	0.177945499221248	6
0.026988544593156	1.2853043157357	2
-0.100928963753368	0.986320716948736	2
-0.070810775136856	0.672774559071802	2
0.085522613496807	0.334114600970336	2
0.111205636309624	0.244299609054067	2
0.048670528449175	0.335300585118206	2
0.098525737549887	0.228688953845391	33
-0.108944613129288	0.62312669073287	2
0.019896028404942	0.226478770714326	33
0.106437560587495	0.18431438576149	33
0.073005972800529	0.0741506244833689	262
0.082382743957916	0.234393003921801	16
0.081826920721555	0.203420320280481	16
0.042802470714357	0.294718329909868	16
0.070674792273799	0.210595971243143	16
0.110244295396916	0.142828772376595	22
0.108824221948621	0.105351479944049	6
0.068008806453998	0.18321236511963	6
0.084883102888307	0.139725964079396	36
0.117651686328387	0.191798965082207	6
-0.00541774585398602	0.267237918044011	268
0.002804990351543	0.198260288592398	268
-0.042437202743171	0.100836857739758	268
-0.086084079571189	0.253984179391485	147
0.083082694615363	0.0712804521757404	147
0.007998508496708	0.133999344713662	147
0.079652998383178	0.104324733304482	22
0.105215345010463	0.215998359665432	6
0.064920667773157	1.31691613096444	2
-0.017072168757292	1.75336164106997	2
-0.099462868493989	1.57717476894485	2
-0.06135957864699	0.772007640299101	2
0.033848158301372	0.376473685805901	2
0.031575504507054	0.445474981134678	2
0.059164087952149	0.385652866467163	2
0.052658708419905	0.373158207372076	2
0.088211535806089	0.289611292839594	2
-0.093358213831821	0.62272544890726	2
0.029308563806237	0.33706814426165	2
0.092885674001515	0.21851105086554	2
0.099438026429686	0.212284672833395	2
0.00818590423560001	0.325080069164782	33
-0.038028303236436	0.293422517684078	16
-0.030993134310037	0.238606820214567	16
0.043362933942443	0.281172973891371	16
0.113351645357432	0.178234829689876	16
-0.114876517709286	0.630461781330495	16
0.029822590138012	0.310466916981677	16
-0.010079512768193	0.369537777561453	16
0.029294278089826	0.256435364007478	22
0.02974486853854	0.242980330259184	22
0.076678902705715	0.221520324827043	22
0.016273370556975	0.391801751208477	36
0.093317385465106	0.220858804892102	36
-0.039499003185059	0.421810650806976	36
0.095524341539289	0.195918327556991	36
-0.022431857381344	0.382730440831856	36
-0.000759674858409998	0.37036112377649	6
0.11472610281925	0.204238297757113	6
-0.032500250434042	0.464059509359257	6
0.010117504443316	0.411758817924259	22
0.078963941262053	0.0725679230976462	147
-0.028370718438825	0.186920947766345	147
-0.110663649132648	0.395214777965269	147
-0.015752493806282	0.506249145404245	6
0.038980496942287	0.357666789228264	6
0.046695708105981	0.809522274418989	2
0.043049923790432	0.379609593483153	2
0.101363544058443	0.282862696062466	2
0.043578817614294	0.453374311083818	2
0.082581190218067	0.231012182299157	2
0.015000608689299	0.344453444821957	2
0.028296601169818	0.374180193095764	2
0.039396795446414	0.283289394601397	33
-0.080904890377167	0.481387520676743	2
-0.048374854756953	0.323558213527847	2
0.061523537078499	0.173518109376694	2
0.010581920076375	0.138427031008476	262
0.075787874191514	0.145378822838308	16
-0.120616306139979	0.604602523518965	16
-0.039180297589907	0.48949783207552	16
0.071875606594092	0.223178164439719	16
0.123307737854105	0.151263457390588	16
-0.057037170374384	0.435052441323762	22
0.050620859557622	0.310659563399483	36
0.096629824853271	0.208618745383827	36
-0.119244986847966	0.527500950708518	36
0.046928294939513	0.218828990327466	6
0.096201669266153	0.235827621015168	6
0.092369370736619	0.236025038490618	6
0.09519452733017	0.204993641482932	22
0.105051389542129	0.0940497658272505	22
0.046228151337333	0.186142271666157	147
-0.019409723001501	0.208992710172984	147
0.054427158430479	0.307250653301153	6
0.055567009819826	0.324261968264171	6
-0.045559980987278	0.51940829831986	6
0.065484794541309	0.27917487689079	6
0.086828853615839	0.221848166388364	6
0.049097350336915	1.52455607710345	2
0.113746309722408	0.333887153440338	2
-0.024442938044354	0.627446142456471	2
0.088855008927184	0.332803644301261	2
0.055646131589992	0.284013654974075	2
0.122352786585631	0.181864017108928	2
-0.03573305446681	0.493977379700873	2
0.060505569921487	0.267394653061089	2
-0.028969955230969	0.463327845022526	2
-0.117904549522824	0.637279951299078	2
-0.069656160743781	0.539171257692149	2
-0.115361642276843	0.560314954919933	2
0.08302845813987	0.154664433922262	16
0.076555890622965	0.256314311947477	16
0.058387998838628	0.255307914197242	16
0.082552603418332	0.226587042188262	16
0.013020849158857	0.352827354539424	22
-0.045762259794841	0.277546124307007	22
-0.083817875038855	0.656545559331151	36
0.084564543907289	0.192354707479905	36
0.123827773456697	0.171285499942713	6
-0.034524350328223	0.353542180662123	6
-0.056209687734073	0.574054149548857	6
0.03520764266907	0.390760403352802	6
-0.04394153096341	0.544656403711813	6
-0.00581508616683801	0.244708243867169	22
-0.035994312080435	0.0977392623574023	147
0.048363496360406	0.122185938029759	147
0.081784644716461	0.140796408666113	147
-0.121592056132491	0.519704263866961	147
0.059406709224935	0.385962087143656	6
0.073758510261418	0.30662621077378	6
0.010545627086752	0.228034789107739	6
0.118276906099549	0.262881723512229	2
0.063584022742018	0.246249010145912	2
0.066489464577901	0.281669456201891	2
0.119787468596216	0.152623022357682	2
0.095763345201637	0.198538113737453	2
0.092798245112233	0.213919625549849	2
0.098630266350779	0.200602688745139	2
0.017625417743311	0.348719591726352	2
0.076082315323315	0.244709538770983	2
-0.040227504104807	0.37463230443569	2
-0.106040239178908	0.585911677808303	2
-0.109859958750727	0.539003130136034	2
-0.114610075632812	0.594389706000912	16
0.029653623484582	0.261757404901432	16
-0.055688967800927	0.404409579816664	16
0.050218216706756	0.267558780744384	16
0.00691325856192901	0.310058488602308	16
-0.026547557636558	0.373118314427771	16
0.11872972503061	0.137129640360384	16
-0.011376844145281	0.330052414095461	22
0.001683282913473	0.334007933619377	22
0.033918937927336	0.231059996307823	22
-0.04370937543066	0.445047315542631	22
0.060230120744757	0.265020168823662	36
-0.07970226109166	0.612948723636187	36
0.078867031863245	0.280032814216741	36
0.021697138823731	0.304825743803341	36
-0.119946940079424	0.583511909853763	6
-0.00937800914565001	0.365390680453417	6
0.039135557607131	0.270416144192544	6
0.028352673949102	0.396095858780554	6
0.033961120034113	0.405733905617551	6
0.057770749447001	0.281115540174751	6
0.038962261376141	0.304476916535381	22
0.080957107924749	0.200961198711564	22
-0.072886102633844	0.421407768684966	147
0.089117682485119	0.163587522146293	147
-0.071975948526114	0.454310769930708	147
-0.018250858562258	0.296442463742412	147
-0.119143385735159	0.382755947719286	147
0.085247714536546	0.134082345858617	6
0.104245528222587	0.138415562613509	6
0.082410392250557	0.178822919858389	6
-0.029759075498437	0.493103890887088	6
-0.051790347724879	0.413476065431059	6
0.012934000099739	0.422074495216423	2
0.079675160752517	0.280190206501168	2
-0.025687724013133	0.454114588554622	2
0.01885000823829	0.414234181570397	2
-0.037097875982092	0.407520233097086	2
-0.044056547315008	0.401844524059671	2
-0.010380411637671	0.342938694119308	2
0.120870104603986	0.133777106691074	2
0.044506107284037	0.2492000844649	2
0.102889486937569	0.14735094596119	2
0.029297295848621	0.304319490906793	262
-0.088845874628363	0.532509197976905	16
-0.018133016537945	0.337817587022858	16
0.12075348142198	0.187504336138714	22
-0.064512574586802	0.360108374627411	16
-0.049724600896571	0.395413788290467	16
0.067024446026463	0.179966360908111	16
0.00503892403879699	0.364877019564449	16
0.04675983193784	0.332313493538626	36
-0.071230428742108	0.647452342846529	36
0.025934457142913	0.407529976342055	6
0.092830878648065	0.185156330131579	6
0.057994134997499	0.269569309558625	6
0.081742989229501	0.289131703890262	147
0.113907170626303	0.178355345756739	22
-0.034824980277175	0.354903986821655	147
0.063687392237542	0.169107388529622	147
-0.022850804116774	0.298759255201997	22
0.120195288207274	0.134757880215065	6
-0.077860641655864	0.440215482654852	6
0.110644915563019	0.148266765917191	6
0.074037766358374	0.300055925930576	6
0.113250674108562	0.216758568752687	6
-0.026826263709304	0.404136739056023	6
0.048280286491834	0.403515368767836	6
0.022041053440153	0.351024872628167	6
-0.015007377971999	1.63431619628619	142
-0.040877938940579	1.59940627306845	142
-0.034163023745768	0.83644170308672	2
0.016008142154551	0.577106625814011	2
0.015509413318049	0.637105757814624	2
0.066431138291574	0.365233913099375	2
-0.014847713057319	0.527935383799658	2
0.054195259948977	0.345838741796503	2
0.094926549105113	0.239655780718798	2
0.028094063550219	0.329208206720638	2
-0.00240927471109698	0.372355191387864	2
-0.088131470328787	0.588167683137683	2
-0.124676445323325	0.679118644250609	2
0.117143198756252	0.190771019998443	2
0.124044299370667	0.164559495435838	2
0.025551152557643	0.29504716586482	2
-0.084779917372734	0.25193618047431	2
0.059983233247908	0.152951332202798	16
-0.101608837304872	0.317774065926244	16
-0.085107569817105	0.52821881274673	16
0.093359769254375	0.218904805291311	22
-0.027917222002154	0.30227810301611	16
0.046392369165816	0.205918840343624	16
0.038553527113279	0.286021094016171	22
-0.117554178293543	0.531259090974676	36
0.082253750837086	0.20307242946073	6
-0.081394983409667	0.456816381823467	6
-0.029918740983424	0.427384786768963	6
-0.021117370545087	0.426843292191091	6
-0.116949545002423	0.613974922084162	147
0.035001583036935	0.169802085007559	22
-0.084702564241144	0.384082001508094	6
0.029179906713143	0.383947434628523	6
-0.097144501199739	0.683280664850499	6
0.074087057337465	0.257172755889938	6
0.04610608217623	0.373465118674617	6
-0.098245684953128	0.378261740990789	6
0.013695899366584	1.42165483857177	142
0.016668622252071	1.19838354701797	142
-0.121315643414234	2.23857765616814	142
-0.101032479032537	1.87894674025309	142
0.094629463054455	0.284382728415195	2
0.070517998249317	0.330397394347579	2
0.018443234761172	0.402404664726796	2
-0.087908535413063	0.60967163647238	2
0.056963262501325	0.318199987277075	2
0.09051147877532	0.256524553772701	2
0.099233318410659	0.156925730252935	2
0.114658678583486	0.173837482806328	2
0.066498593777886	0.256722115864734	2
-0.0000892319732300195	0.468152180060869	2
0.077517684295726	0.280624173857113	2
-0.026471014969742	0.455120459973586	2
0.067898702544481	0.24380037734439	2
0.074291827149966	0.111546442284572	16
-0.122139744067493	0.64732824611979	16
0.00455739410470701	0.398592220774514	16
0.108893426889739	0.175135860145552	16
0.066143701778094	0.256595518164953	16
0.068834405062847	0.219518244379222	16
0.092403104662932	0.133661398491634	22
-0.040429560336384	0.421435827573955	22
0.04320621277131	0.300887525937356	22
-0.103927613764064	0.294834220267394	36
-0.061657651379064	0.419815514975584	6
-0.011784386450293	0.502721404817514	6
-0.000631480610224	0.47881767631205	6
-0.031672779177465	0.483409562239548	6
-0.12090701270135	0.663071420602758	147
0.117044913090839	0.159489109090463	147
0.084738041906587	0.247386324411729	147
-0.069218354747523	0.211903676201691	147
-0.021853735093061	0.185307226747541	6
0.00768066566731801	0.171145643720373	6
-0.080907998561559	0.42994984828786	6
-0.072977302134815	0.553484111586262	6
0.075541804000966	1.25270497541512	2
0.108441798400723	0.65945267360732	2
0.093250594220409	0.383077641162692	150
0.093624084219403	0.184115074281121	2
0.07170531713674	0.258223438514865	2
0.067156696259632	0.294034066807952	2
-0.045046706730798	0.482987963410208	2
-0.07768380892124	0.456374108947917	16
-0.028796036197204	0.387090740702128	16
-0.053788991336549	0.474068499212351	16
-0.055223771126251	0.405307038601964	16
0.009239304282257	0.304636741566623	16
0.050478690946601	0.301582986753006	16
0.062021605463687	0.236299382319332	22
0.11582103491038	0.156493020762455	22
0.01228766254976	0.37692286495493	22
-0.103972656984893	0.432578563461301	6
0.048533881512812	0.258473244910678	6
0.041116386077344	0.283124998743613	6
0.029839754735645	0.287281429421415	6
0.093909077378335	0.146623554467232	6
0.10215626720323	0.239028496902435	6
0.048970540670788	0.322718299977083	6
0.096639627928754	0.183260509286801	6
-0.037301755358346	0.0983716222742351	147
-0.100363680632729	0.292049318970705	147
0.042408035136247	0.127037888027883	6
0.082812076228183	0.103966201410123	6
-0.095848432432983	0.311093839905231	6
-0.040327837945528	0.2591398007502	6
0.058269739067466	0.233230088942545	6
0.028724034452298	0.746053150998491	142
0.078513914368479	0.429949281459341	142
-0.020820264884659	0.842637476108109	142
0.007807855795639	0.378655187516773	2
-0.070367125022884	0.545139903242759	2
0.010469562875126	0.423593584868829	2
-0.082420358878863	0.345739018411562	2
-0.021100713974213	0.393183258521224	16
0.028590887494278	0.33234092250246	16
0.075175306123237	0.195421493622987	16
-0.095775956039787	0.448589881177693	16
0.018965371809172	0.341511003176408	36
0.033348987138576	0.323984117085182	36
-0.021336737645829	0.318459559474136	6
0.084036509313306	0.248642658668505	6
-0.106810573380006	0.634980076419739	6
-0.100678786658093	0.317587375034662	147
0.057872091322974	0.140699720436222	147
-0.071252007843917	0.164702041236284	147
-0.032282211200814	0.239323058280089	6
-0.076579990764682	0.59370927392177	6
0.097967976325195	0.21192244339301	6
-0.069769516279228	0.396064637331106	6
0.0358676855382	0.173618552907208	6
0.104407894756142	0.697194683080401	2
0.033570774366902	0.324061821198305	2
0.00274909991995501	0.417724865869602	2
0.074806921424068	0.175241110353232	2
0.080561107730488	0.240297006107813	2
0.058506027268456	0.266175487923597	2
-0.100058203392051	0.320985092094538	2
0.049939883615634	0.302519404747129	16
0.045508910161122	0.288001621754807	16
-0.062694253678528	0.447542608317235	22
0.060968498475879	0.249104331350765	22
0.10100574631249	0.179335000651514	22
0.088573933083133	0.204693276281989	22
0.062022240420772	0.231047417224324	16
0.037174757324017	0.221200389286757	16
0.06793897323769	0.166941305105872	16
-0.102823663007429	0.471362586460857	22
0.010374946599117	0.385480666237916	22
-0.009461541479999	0.35978692715143	6
0.116099563687013	0.151046226832128	36
0.074997611485952	0.291726523479899	6
0.096951001440414	0.213002729127175	6
0.045528564232988	0.323941690194456	6
0.053590283304605	0.304084594797143	6
-0.089445694707521	0.351998465214515	147
0.033299758808208	0.0808621024927494	147
0.026976212113961	0.0829773229622235	6
-0.071631349262903	0.167977315326149	147
0.000845723087365996	0.235503392203116	6
0.070558168861274	0.129517623697516	6
-0.038234442303043	0.447379569160738	6
0.071348950624399	0.294062802937182	6
-0.090193831575475	0.595105857644791	6
0.076536713165446	0.525906390881232	142
-0.028523465617769	0.478438863558696	150
0.060961807444941	0.354429822224175	150
-0.082721752479087	0.727078400077994	2
-0.00467095224484798	0.446757528147994	2
-0.018307404139342	0.390150032522468	2
-0.000313478952359003	0.291149791259417	2
0.103157843150637	0.133629607776192	22
0.073236930287099	0.242583300455325	22
0.104758806560822	0.238521320433338	22
-0.005136523201969	0.42916770151203	36
-0.09694641320893	0.494596909921933	36
-0.048714863881856	0.368269192047514	6
0.101394180549856	0.189813318439603	36
-0.050897856953612	0.580259189049258	6
0.061525419795404	0.336413952583097	6
0.097752625741428	0.216734526095706	6
0.124985834920854	0.184115776762553	6
0.117720513507836	0.059298260866136	6
-0.043590631709158	0.0970084360245026	6
-0.032711997500357	0.152977074694645	6
-0.087836922923704	0.25374014399961	6
-0.014769260916635	0.273662024585622	6
-0.083669657483371	0.511066880557864	6
-0.058720509847487	0.479074620493016	6
0.023070301387367	1.24715557604675	142
0.100899849471227	0.291421039522186	150
0.091758868045064	0.260053472887847	383
-0.1223875511894	0.691720223332077	2
0.00715923295286999	0.456871399099071	2
0.056378308509214	0.345250187058192	2
0.102384486367275	0.231266141990116	2
0.008015913076626	0.371336715099834	2
-0.064463416491285	0.542602339039998	2
-0.024107034634261	0.237079459822898	22
0.058740840862901	0.275292295552893	22
0.10934026713913	0.185386200385936	36
-0.00481747486309397	0.174751848457341	6
0.066977287833324	0.228448465291648	6
-0.027665991380649	0.323322081490003	6
-0.00158299723862598	0.481696812381238	6
0.099364835099489	0.246176920106321	6
-0.057964191722875	0.615326935023197	6
0.035519401212721	0.083256115922965	6
-0.12388414149481	0.239637260286233	6
0.028358573705619	0.393119421108656	6
0.095933733694491	0.261539469638178	6
0.049869420093708	0.360066274027729	6
0.102911709136229	0.516350119585997	150
-0.015416192455414	0.536187256789739	150
0.079223625795187	0.256183267096742	2
0.09861210859228	0.172809015570743	2
-0.066738022013159	0.593316952046093	2
-0.105902456413347	0.714243421215871	2
-0.093474258479191	0.51176426466223	2
0.069813468688089	0.23013321408613	2
0.071232151827769	0.222759890091903	2
0.029561128235104	0.317812493441862	2
-0.100725728536303	0.552299333952598	22
0.107375991178617	0.172335154809237	22
-0.00865642559520802	0.362961180950634	36
0.066796441915683	0.135109686369494	6
0.09529800366167	0.204824974588422	6
-0.021202757073815	0.37161181111275	6
-0.02049877330648	0.468612228460714	6
0.110745918801806	0.201491195364195	6
-0.011688733806166	0.328071126746328	6
-0.034231262633156	0.412322573561008	6
-0.022364562788878	0.282670360830636	147
-0.025167476895285	0.189064151510406	6
0.075368842852312	0.109146334437072	6
0.024925203421661	0.0835965379046929	6
0.069776781651091	0.178970682149029	6
-0.108449469300377	0.501096481349704	6
0.02880626906447	0.37109012850754	6
0.063132902971723	0.298438011861545	6
0.089655001101241	0.237436969853791	6
-0.010005317171027	0.446038529189048	6
0.072009902138745	0.284372926212656	6
0.099780831000668	0.216783363295859	6
0.063370379420024	0.276453826778522	383
0.098170653435169	0.196697408202955	383
-0.023304106666339	0.355519930588161	2
-0.00757483566272399	0.30882679103565	2
-0.017828066370561	0.395278415775002	2
0.002738567132095	0.349465466279353	2
0.00558401640308401	0.331470582858406	2
-0.110040220914742	0.52968144434165	2
0.101170110064397	0.176185398820312	2
0.093062025108313	0.235486087116531	2
0.07462193546853	0.22084178582014	2
0.025323213494005	0.329484944345961	2
0.02314506514673	0.271612875682834	2
-0.01911266167505	0.316859879401973	22
0.038532517129803	0.223095580330264	22
-0.083695231238723	0.495488816712824	36
0.022689936660965	0.292520387295351	6
0.102860054524266	0.198721319344736	6
-0.115933076073404	0.588743853303719	6
0.024107892442394	0.289729971063414	6
-0.100699499647123	0.530589019345094	6
0.114568621711651	0.161301013368439	6
0.027203002290846	0.265466676573531	6
-0.00478918425010799	0.438152256085972	147
-0.035779261303347	0.419862837389985	147
-0.00274386895849998	0.313773085556373	147
0.049376040976275	0.229926215090699	6
-0.081045054955314	0.424853464455704	6
0.099215764047634	0.134582096329943	6
-0.041899181538355	0.35502948397929	6
-0.048569647066712	0.529391225927205	6
-0.09235742959395	0.557249412168069	6
0.035393884784076	0.318213748848066	6
0.00853441300635099	0.438863717820174	6
-0.087458446630699	2.25287436767938	2
0.025087567598406	0.417237595777294	2
-0.00607599644574802	0.301162749900607	2
-0.040903985184787	0.321746274983253	2
0.000325928192191988	0.240824997183823	2
-0.020029787062106	0.292316744850461	2
0.115184519104538	0.125531236270053	2
0.054653712948157	0.22435272942253	2
0.030645070063884	0.281917276629819	2
0.037359775115176	0.304653313899813	2
-0.057582814225684	0.310092715634045	2
0.037798386799681	0.171414741241466	2
-0.036850567535867	0.295841034098218	22
0.041111254507674	0.186668997192788	22
0.000762149818709007	0.315559285213866	22
-0.013840250691028	0.334302934278908	6
0.00630281612866099	0.39448408629104	6
-0.103740644583881	0.555228498208138	6
-0.109869057446973	0.378393087068487	6
0.043263815272257	0.234723994781931	6
-0.018261869174331	0.611936379056845	6
0.057972778350926	0.300966137760098	6
0.086120578930405	0.255285190013452	147
0.111325620953814	0.188316204420405	147
-0.038874396712693	0.33206895192008	6
-0.094830124816058	0.65650081219783	6
0.094282530630139	0.145102782713847	147
-0.021134054638262	0.253343518838861	147
-0.059712166032894	0.419701069177199	6
0.017893989651717	0.39947475945498	6
-0.081964387876968	0.484182058071337	6
0.124626640175256	0.204093294833769	6
-0.052910193624312	0.396108720591125	6
-0.093699522206958	0.400362110344804	6
-0.072479968241404	0.838170355766734	6
0.069178685073157	1.28035431476514	2
-0.032436950015986	0.591677542775517	150
0.00546403233384801	0.474459535650483	150
-0.055536783708779	0.567184237691969	2
0.059493635038416	0.262314906035941	2
0.00227243642399699	0.369973345932698	2
0.119370209948565	0.167365044070306	2
0.107110231939472	0.13265530986375	2
0.081855860873213	0.18317890449013	2
-0.011405086791419	0.329250339660183	22
0.026340131669764	0.263658132626005	22
-0.078829500300253	0.50391139583519	22
-0.119109156670783	0.464027391947978	22
-0.078813410423236	0.49604801421219	22
0.115483152468138	0.192972899116309	36
0.058872696721373	0.138682997753333	6
-0.088256815625765	0.576890030855687	6
0.120582722435281	0.187309023652064	6
0.112030802419206	0.180829544852382	36
-0.028106331353285	0.452776029232775	6
0.099003678162358	0.208622836210396	6
0.020963892055014	0.303036546563465	6
0.111009252278039	0.188845211263234	6
0.018621021734312	0.129873336949579	6
-0.051879293086512	0.392201819876094	6
0.017027130985387	0.380813439468675	6
-0.015892566099893	0.4851159597324	6
0.032472936344348	0.196010663595018	6
0.046985827368156	0.320221232878843	383
0.07392241741311	0.231637352828602	383
0.064303384489219	0.244845250687171	383
0.049832093263682	0.236700619535806	2
0.046368781026536	0.249039289539668	2
-0.012510996035988	0.350566222779249	2
0.00466278076431301	0.313702994069097	2
0.029110945724957	0.266638494541343	2
-0.00590422143992497	0.311601734832133	2
0.078677324860375	0.206793688318484	2
-0.012499244077628	0.391698176691898	2
-0.049563084597184	0.294105260105939	2
-0.00919984453036998	0.305751505242996	2
-0.020203136396927	0.250504164672097	2
-0.00429048556609202	0.242846065242286	2
0.068188091576794	0.202458673329294	2
0.108908663986882	0.143472362966211	2
-0.08904161736247	0.41324008576662	22
0.070950452963489	0.188121273085861	22
-0.088622190007777	0.399519262289268	22
-0.081737116447151	0.38033087712283	22
0.015854396593037	0.287563689006461	36
0.029435592072044	0.280731004114768	6
0.059459262790841	0.220254805933889	6
0.092525239762021	0.172043032514021	36
0.083245953371781	0.205061924645682	36
-0.010428009559421	0.351344236234927	6
0.00768643157541399	0.286414924839845	6
0.114982436050096	0.160039105827775	6
-0.1129786263341	0.504526659596926	6
0.01718522961908	0.181638923340869	6
0.09059583631208	0.115072200503171	6
-0.022029192784502	0.186573023398849	6
0.116657108674981	0.115702708280179	6
0.124056351247363	0.109335294839233	6
0.026032022953683	0.233736670466964	6
0.063723034081957	0.111242792441876	6
-0.064368872032837	0.290304785076489	6
0.104583090839673	0.199701342737698	6
-0.026310486063498	0.431494914514637	6
-0.003612862875842	0.242147578785697	6
-0.00532980746711498	0.604887533089272	383
-0.059713434573882	0.74133305396933	383
0.070068115790566	0.297848917470669	383
-0.052498625910308	0.544754378626064	383
-0.00615975032018101	0.517814326770886	383
0.01090340478411	0.302811217573823	2
-0.00319713120297799	0.321198470854761	2
0.062335258069893	0.284187049065331	2
-0.083494007562489	0.592331796544294	2
-0.029541870489436	0.381113156975847	90
-0.120574257434761	0.47351047864931	90
0.038584163547529	0.191289371230718	22
0.019104031631569	0.297642175758696	22
-0.109133539979452	0.545357900988852	22
0.061378290808471	0.220649791489972	22
0.03962090923548	0.318635162912201	22
0.057662942563913	0.232921726431878	36
-0.10684441722864	0.593504173842265	36
0.071243387423212	0.301824873665835	36
-0.020401381780195	0.528342583018683	36
-0.058316497973159	0.54115658643408	6
0.036176499255253	0.298103266993071	6
0.121667974595778	0.212496117684425	6
0.107687518819214	0.17094189212132	6
-0.067450523007224	0.349756093369358	6
0.033585478971458	0.280058359635237	6
0.094060876109375	0.221184787289873	6
0.068877416711776	0.30233037382661	6
0.080396949673628	0.298094837738993	6
0.044338251226149	0.284759747147324	6
-0.065434893642414	0.308736212420904	6
0.097153238227621	0.185962971911899	6
-0.106425299130558	0.479400423454484	6
0.108770188541997	0.133757321263774	6
-0.064903110440929	0.316751684239043	6
0.004081356680669	0.378210926319204	6
0.075727336368709	0.188537885908057	6
0.113979157525786	0.130181032749729	6
0.035752956977245	0.360881685673048	6
-0.059825574084349	0.655816311569906	6
-0.122858873002823	0.913243995021792	6
0.00285753010006601	1.17434044424274	2
-0.059368344257676	1.19845674028968	383
-0.050989286098022	0.773573088430232	383
-0.081654000879544	0.75524509714017	383
0.123773172592403	0.219929435159427	383
0.025694482343609	0.438547773762381	383
0.062939658466612	0.355126981489768	383
-0.005219852867272	0.389474439512583	383
0.042962951178559	0.346592877236342	383
-0.039353427585514	0.591959965278376	383
0.025881736456339	0.421527661535659	2
-0.112830868016048	0.768865298098406	2
-0.071413267809688	0.627480818256317	2
0.031617812697374	0.333939236463992	2
-0.097005662883595	0.397647832883228	2
-0.019745468782042	0.406506896987858	2
-0.076794091287375	0.275674167319413	2
-0.115513267303204	0.233735692053675	2
0.017187330102722	0.133156617881369	2
0.087583377718007	0.136337479554945	2
-0.014265064801725	0.371760918126592	90
-0.102439913692149	0.495072252866945	22
0.05275719378802	0.25477749519903	22
0.048341909602372	0.289963826342617	22
-0.015522650842928	0.354345807817574	22
-0.110722799218947	0.550024057280726	22
-0.113487254371857	0.330688002839833	22
-0.029231070679444	0.349788618192475	36
0.048389574052194	0.317516373394247	36
-0.053883410681703	0.552168379825251	36
-0.030819072292715	0.451142444111926	6
0.03096320254561	0.267014784249365	6
0.114241038883945	0.150430976658482	36
0.037685815076104	0.328887090697571	6
0.032351177695909	0.344080136435161	6
-0.113771529359104	0.710293336842841	36
0.110358649081667	0.21281389531382	36
0.023650434328375	0.398006837558469	6
0.11906079191827	0.196097630649257	6
0.088343953366751	0.152348356681982	6
-0.113708194687134	0.443253449289018	6
-0.0277058673523	0.154284974353096	6
-0.076186300952991	0.463852565459771	6
-0.048049977711508	0.534469578991145	6
0.004619919965239	0.45300659138093	6
-0.073803467019012	0.612835549281674	6
0.120833930766016	0.176133367830785	6
-0.00381398896478002	1.0842783196479	383
0.082003140206173	0.466293204223208	383
0.119250913963973	0.332149021578509	383
0.021291840106116	0.631920971948043	383
0.016821455436417	0.671829283603081	383
0.04705643159504	0.473736610962348	383
0.047273921003887	0.419888797864459	383
0.03903967325337	0.469427144581984	383
-0.017451841272403	0.523073380618538	383
0.090790151972133	0.226448649360915	383
-0.077200303357695	0.688091359390893	383
0.123451103254188	0.202968420049484	383
0.078848080954106	0.304526457697191	2
-0.016794809797747	0.456947255534387	2
0.025863881223428	0.345456375266014	2
0.021432055254902	0.158245866484184	2
0.05991263627198	0.283391851755267	2
-0.022653737634521	0.458381984689605	90
-0.06094963520316	0.511762275103335	90
0.00541020595546801	0.462501537203459	90
-0.020412635954917	0.439156695478853	22
-0.045529652649439	0.449346777472742	22
0.122465484372372	0.164544564907734	22
-0.019393676919068	0.327426520278156	36
-0.123731226257705	0.616145061407968	36
0.026275731551619	0.305114298243333	36
0.097823447866669	0.219698562498404	36
0.00321110690086801	0.38575392333666	36
-0.075621950923234	0.458222814210635	6
0.049653893291245	0.279775088519626	36
0.053848385730872	0.303615634992231	6
-0.10396790990052	0.533798893485204	6
0.10901821303928	0.0639472335095248	6
0.120386379400008	0.0584180976628965	6
0.074195088571578	0.0742372782230315	194
-0.1244744107095	0.173411049181311	6
0.0102936872686	0.422079374175371	6
0.028921568089228	0.42203646664945	6
0.073010991359129	0.325423837487846	6
-0.056223391939943	0.504902081819171	6
-0.117025645407253	2.08929800365249	383
0.000634770365355003	0.973715803997442	383
0.026447469852566	0.71249677511512	383
0.052869999129727	0.557439268878214	383
-0.042111243528127	0.670130308563077	383
0.038865841610518	0.445225096994701	383
0.058634625970296	0.397968371971615	383
0.053298793032157	0.42243199768358	383
-0.011120189368391	0.480810635972151	383
0.08045849450048	0.31732666444848	2
0.046405922227888	0.420491206796384	2
0.109169818368845	0.264119105370739	2
0.060709652904493	0.357335576559139	2
0.043418994144236	0.219700369348172	2
0.102635259272156	0.216799859709373	2
-0.044694770069622	0.536527040260915	90
-0.090346228150244	0.603183699780861	90
0.055866825637255	0.296101542209326	22
0.00883832754351599	0.408661191231544	90
-0.05293159737519	0.397437739974337	22
-0.00539250591761598	0.236553346404299	22
0.050476971040245	0.141040652078893	22
-0.105811219241556	0.645701985562975	6
-0.09861180965517	0.398238087240048	6
-0.067446266306117	0.665873874823255	6
-0.012128193785625	0.46322602340002	6
0.015608418878013	0.401668133325835	6
0.082134279758506	0.223625092119378	6
-0.068651861210006	0.361434474228548	6
0.04013703874387	0.406745784808227	6
0.076038575947895	0.31297421846135	6
-0.053677552652548	0.584066543465895	6
-0.095783651956189	0.677140236731967	6
0.01667945246634	0.224779347713846	6
0.091214417448805	0.743308082430423	2
-0.06790597900807	1.82692470486067	383
0.098938938692801	0.513760680438858	383
0.085741811569142	0.486590333853282	383
0.107180431915553	0.370823670195985	383
-0.077544632415447	0.931911348734016	383
0.018873052555671	0.607494164208926	383
0.06476160146263	0.415419160444611	383
0.077877812514638	0.336690077895121	383
0.115183643295477	0.249547215410688	383
0.016819376973946	0.480999034342544	383
-0.118907000730254	0.869483619025622	383
0.056131036559332	0.349504662854023	383
-0.084183716194926	0.78044312731217	383
-0.00516550320968101	0.471004612588151	2
-0.106160942643507	0.788637614462778	2
-0.00852387139795902	0.455656737818708	2
-0.00663190350516602	0.245592580251519	2
0.060017351463379	0.214985582832817	2
-0.030862539510672	0.432956425672107	2
0.011962355652181	0.326488194918263	2
0.083339791235981	0.149982617943799	2
-0.099317988823393	0.60324385805993	2
0.022322932964859	0.334196448942166	90
0.026842928130035	0.262301980294535	22
0.022050245287515	0.290660621282325	36
0.027503789798758	0.26765111999929	36
-0.07441022067648	0.581669673560717	36
-0.017182451187233	0.471372312844102	36
0.012703912175624	0.359237039138341	6
-0.063650576396932	0.563069589138233	6
0.010846761932494	0.228881499395637	6
0.046671167859596	0.120118369887208	6
-0.027123188990675	0.154902219267817	194
0.078516240114885	0.10820021890137	194
0.033474629682755	0.082785692477105	194
0.102997743574502	0.0665812425344596	6
0.033820967053702	0.174700295133485	6
-0.116965620256126	0.417962662716541	6
0.075010069776763	0.073658306121222	6
0.068209550716037	0.132935296981616	6
0.108339290386561	0.179671279290887	6
0.044066812013039	0.356589976742753	6
0.004071832374062	0.411464681972112	6
-0.058840753386166	0.526252191399936	6
-0.025229902386978	1.45970206830544	383
-0.045823961128589	1.20105024581623	383
-0.026004348608752	1.00241396360418	383
0.06341332156461	0.430327646184112	383
-0.087446671576654	0.84881601559867	383
-0.012491750645253	0.450473016127188	383
-0.00236563657847699	0.53967847695067	383
0.099090682686324	0.290653010876888	383
0.067116509250831	0.321639785921507	383
0.063339548713376	0.335425420015432	383
0.009159924786941	0.430752463032051	2
0.054882488893759	0.225017130760328	2
0.016702539748553	0.301396325538679	2
0.018709762132249	0.347884753852434	2
-0.087641115964856	0.579353803766885	2
0.001312511786346	0.39521226262554	90
-0.022742564971534	0.450852562186911	90
-0.011870542086561	0.340733730139229	90
-0.068776434070684	0.551670028844532	90
0.096804046991987	0.17432434868295	22
0.104511729873701	0.177354135707987	22
0.057007980204645	0.329979903008533	36
-0.098701455038063	0.492801914332005	6
0.114014655056498	0.17602691408402	36
0.07226886658603	0.273831859797226	6
-0.016396019181805	0.45947062533255	6
0.113829996951981	0.115432503283638	6
-0.035151200664061	0.247026104572554	6
-0.024095160427856	0.415726753287761	6
-0.077276033317749	0.653821315565448	6
0.082122095677349	0.297577856653099	6
0.066348053590158	0.716733689514656	383
0.006562491203917	0.696835147706341	383
0.02009797520738	0.467406165206123	2
0.124173691587785	0.216066612891323	2
0.052453376414925	0.330087544030621	2
0.107354495358045	0.135362576895684	2
0.012713279801882	0.366105474179642	2
-0.045861597061765	0.301995956702344	90
-0.074625575165142	0.347525204973563	90
-0.123978031748565	0.42931534904953	90
-0.01996079029436	0.38408011510922	90
-0.080997481849989	0.509866708259941	22
-0.081551244345204	0.509265881634702	36
-0.050662043189715	0.394869028851538	36
0.119168239628976	0.185881206691892	36
-0.057110471237216	0.523532089810228	36
-0.021325930060814	0.336764749961767	6
0.027749933316743	0.286876491737999	6
0.031175621237379	0.248482456713597	36
-0.088433624152187	0.438846680651202	36
0.096038663323711	0.177123143093854	36
0.000434364149450001	0.429471243525424	36
-0.037606149121051	0.505519526917044	6
0.103613417219911	0.19801158374208	6
0.082249854817476	0.0714555548265266	6
-0.010843416758052	0.306356705989723	6
-0.035410399639492	0.416851836483499	6
0.052615308180001	0.26935608851465	6
-0.074741335266602	1.19474658899403	383
0.065743700027778	0.494682706300355	2
0.119769207968025	0.307911437811732	2
0.118837322967437	0.286233220931056	2
-0.00490794857663901	0.56604672816973	383
0.029506983055936	0.429233872589601	383
0.078809350639316	0.25483132212056	2
-0.114692686636614	0.46194927205209	2
-0.033103441597859	0.359435357407487	2
-0.054412366944292	0.519969560224639	2
0.079540472505219	0.244110157803026	2
-0.114727872741828	0.412609006888023	2
0.089859992938815	0.145875451628956	90
-0.027499848575224	0.465748533782602	2
0.045995959754229	0.263339002092994	90
0.00897849365909501	0.353780363287492	90
-0.021318431783305	0.406373332989922	22
-0.01090507929544	0.342894012515544	22
0.038131724053552	0.236720966396212	22
-0.04464161784572	0.387581002137636	22
-0.00714829734794098	0.359685369372133	36
0.059035632024939	0.290496534599644	36
-0.118660151152193	0.663182460970543	6
0.00361391408120901	0.363269072321733	36
0.123490724767398	0.160563827375559	36
-0.03680042628201	0.343478171247661	36
0.067925121352758	0.26612395276601	6
-0.124485628682317	0.661813712511444	6
0.091203092300246	0.151009945308007	6
0.078563220315552	0.106751886048288	6
0.042192886540452	0.149689900239722	6
-0.010584566597552	0.480714266056072	6
-0.016070469477016	0.476351065326554	6
-0.081991171745328	0.559387955491909	6
0.072853303515783	0.760437597244923	2
-0.014780246309295	0.917284128171892	2
-0.024088838171625	0.784136643832882	2
0.103068355716822	0.34425112167367	2
0.024015677628052	0.410439281043123	383
0.110633325237661	0.228093694923182	383
0.123859622187293	0.230171133624899	2
-0.085267947867609	0.81443568237598	2
-0.11967826386605	0.887018414734967	2
-0.064184981095332	0.626354730345003	2
-0.042090386647767	0.543421868547622	2
0.123898494685558	0.180651062772362	2
0.076586146553875	0.162022817677797	2
-0.044331125834881	0.254804442929234	90
0.12336263910454	0.17396330789888	90
-0.032521979311818	0.466591988404187	90
0.074402107481863	0.248204406170084	22
0.016399078124895	0.372279185998288	6
0.116305567980673	0.175404342546534	6
0.087455824674581	0.217225352161741	6
0.045798699048273	0.233575606560806	36
0.071066772408562	0.278700322282119	36
0.04954408776193	0.322135136453935	36
-0.004966622287505	0.377272142344691	6
-0.104464652191526	0.670754021243313	6
0.089000450005113	0.146727070149298	6
0.00994416930061701	0.170285569430304	6
-0.035624157853992	0.158777589122632	6
-0.105846345696304	0.743306348171668	6
0.038033391534183	1.12154705749571	2
0.096159195039277	0.501765317787482	2
0.112769167932977	0.377923210408435	2
0.070432202878249	0.462360980602763	2
-0.050189699782768	0.776969903445495	383
-0.042254961081191	0.610521725546721	383
-0.083642142587542	0.734587179644715	383
-0.00602605486064201	0.469884833711951	2
0.118295477090333	0.212507811374803	2
0.039105695470343	0.344763601984369	2
-0.013908870197024	0.511590913746806	2
0.00784936076523299	0.272887033338317	2
0.096399525346579	0.212019146872168	2
-0.00107660609587301	0.359332968091064	2
-0.074164153245504	0.290838147980117	90
0.030994979710974	0.337517741091582	2
-0.115385756312457	0.408648947201797	36
0.108845704328848	0.120630138264634	22
0.035196323165213	0.323810410302163	36
0.049934898793843	0.29232679824356	6
-0.047165564440946	0.329601129103965	36
-0.011528706178	0.361341365777466	36
0.067440031895989	0.195637662920153	6
0.079565660601553	0.105449810283483	6
0.095535336376024	0.0983080350860438	6
-0.092252659730232	0.595229772233474	6
0.02667200405583	0.348586395822851	6
0.114800608154562	0.126914634214008	6
-0.077699894767942	0.985767396281458	383
0.000864902944304996	0.659687502232592	383
-0.106384629892636	0.867400610072984	383
-0.101027872643582	0.938163319970703	383
-0.121898079335062	0.900072270173015	383
0.123461465233126	0.245331390994929	2
-0.011531172515107	0.517676186072383	2
-0.107331273544789	0.809172451946868	2
0.095520172734417	0.257419426133396	2
0.069525549480922	0.237645610806505	2
-0.060904585807398	0.26458799871105	90
-0.054450706500581	0.577858555288208	90
0.108473602455908	0.167891811742276	90
-0.023026685590045	0.435806627537165	22
0.119911177197223	0.16053084282581	22
0.039581328207151	0.265234764492313	36
0.116765575370771	0.161945256394665	6
-0.08006327828952	0.427709051153756	6
-0.078653027000876	0.463606219043897	36
0.028917895604161	0.372291985778209	36
0.090018533321535	0.235094916748153	36
0.068717631548597	0.255301940482842	36
-0.099856442936589	0.617501157742136	6
-0.037751710443929	0.0977172419835556	6
0.045745166256116	0.159184801738218	48
0.029452261506462	0.0834103983547806	6
0.124685527940318	0.0948315779656317	6
-0.033863399031461	0.496267615265425	6
0.02270793337531	1.16501992080729	383
0.101273107540389	0.509656820975861	383
0.034061126229524	0.752853231286573	383
-0.113480773996831	1.35949833134178	383
0.087176933170551	0.4112521706845	383
0.032970182255289	0.577996701084375	383
0.087607689810001	0.368704462531141	383
0.054863706141303	0.435084703136026	383
-0.00598470066277701	0.583577048475056	383
0.003578069250989	0.273032057104926	90
-0.00660291745025399	0.427019950543789	90
-0.021844991194984	0.43250714453207	90
0.119796767759707	0.168864967082126	22
0.011583264870175	0.392313492583805	22
0.097459594106694	0.196699468614315	22
0.10737456211471	0.200254281224351	22
0.081242125240379	0.228351999753838	36
-0.00431642422718798	0.411661446088152	36
-0.106916955070009	0.616585193682748	36
-0.071341294775268	0.526427782880831	6
0.011726085403173	0.398202452251974	6
-0.030341814938832	0.158165933843798	6
0.10901821303928	0.0639472335095248	6
-0.032629965683816	0.388607392363015	6
-0.098529354633353	0.687987382184595	6
-0.07183156434225	0.639406576821607	6
0.00537820756801999	0.391415224023313	6
-0.034852711963842	0.322710428915535	6
0.021167233765203	1.46365896941961	383
0.084051737591928	0.765016020571201	383
-0.063036461465809	1.39629923895508	383
-0.075378883017994	1.16401310715911	383
0.076653589829548	0.490310313972788	383
0.09537057931849	0.42219227602465	383
0.069462239345292	0.472781848368966	383
0.085457757630379	0.436430761009377	383
-0.024126950561747	0.66339319277531	383
0.047228969207351	0.437887956522387	383
-0.046628428786578	0.73393435617505	383
0.124969210151793	0.222244368020114	383
0.036132848805492	0.446490215170567	383
-0.109167469850292	0.862879917552952	2
0.111328459205944	0.198731048056803	2
0.114495298012098	0.100936261849375	2
0.012738278538442	0.209770907471687	2
0.11763373791022	0.182490627331159	90
0.073783340460477	0.244056494548022	22
0.097120780736148	0.19316178596222	22
-0.064624021173666	0.316926735908418	36
-0.105144151207217	0.534686450074387	36
0.087809355883082	0.186267813648249	36
-0.117864278990251	0.73111292565735	36
0.073706522082545	0.205518749476667	6
0.014477325182349	0.136458869269528	6
-0.00908003531441898	0.362092304791656	6
-0.027274906272882	0.328081545531351	6
-0.033373219574522	0.156076222277549	6
0.103953989913874	0.0935125596898154	6
-0.105729635051913	0.498964397494545	6
-0.08000014895287	0.601349926559423	6
0.06359381644815	1.10848518145167	383
0.00195795940684701	0.772033800797448	383
0.066806669502476	0.431051606776963	383
0.043420456979349	0.53214734214117	383
-0.121675807782885	1.07543309945548	383
-0.065439886742679	0.791873995341728	383
-0.022316069627817	0.483793856553954	2
0.121913153266818	0.195893631166346	2
0.05820590064164	0.271250390410896	2
0.076203813212148	0.199296060773245	2
0.07696720191357	0.155595985028524	2
-0.122127428213097	0.520105575473988	2
0.071662327331366	0.232563392016623	90
-0.040237139830091	0.413248002322111	22
-0.060487060925733	0.370369247713367	36
0.124478398168975	0.129908630380513	36
0.041290802411277	0.228327629149235	36
0.057613427479446	0.278654725632156	36
0.030940808235783	0.299808939752319	36
-0.040712968523104	0.362901098853462	6
0.051815179057314	0.22618888325491	6
0.00976121944195199	0.322043047390592	6
0.09895809134197	0.193357987178203	6
-0.019900200736301	0.238021822740126	6
-0.060388028470402	0.358346176821312	6
0.099370612201095	0.112537133733191	6
0.020316111611005	0.086137818884928	6
0.028405621847718	0.346120265003588	6
-0.027746352222576	1.05989776180906	383
0.052269269836363	0.567147312313126	383
-0.024356191061197	0.691639135696966	383
-0.080675132139876	0.847503613499849	383
-0.111308144019592	0.707641661076833	2
-0.028919818926538	0.367804096372213	90
0.028794289120326	0.319608855859947	90
-0.076800562248072	0.472653808873612	22
-0.016224689802065	0.421508496705528	22
0.064624231059563	0.224922678134077	22
0.09145186354323	0.199361647000247	36
0.070902922946793	0.184250927429212	36
0.021999648322896	0.344681311012611	6
0.122371419793303	0.181913024325577	6
0.075812122148009	0.254563031064911	6
0.121515199207857	0.172845901952093	6
-0.046584143706312	0.405139984133716	6
0.111418801663293	0.120173103647688	6
0.000712278111325987	0.242199087227986	6
0.113819665878568	0.104625056570882	6
-0.009252651984826	0.202432644475186	6
0.010152972832954	0.195330632449888	6
0.043089842222297	0.244443003244492	6
0.052132050251221	0.188903933259894	6
-0.00780384486527502	0.344362117771558	6
0.064311113602984	0.282369429888893	6
0.05056529874824	0.299152189076726	6
-0.056028182039963	0.536558889863556	6
0.00590694208366299	0.985785948466521	383
-0.086344782873696	1.53649385099195	383
-0.032880462028794	1.03181320275728	383
0.099738244905331	0.313944799679545	2
0.05700068850386	0.333223524635988	2
-0.00673369525898099	0.358302041044223	2
-0.056920049671988	0.237751912685227	2
0.044710744256189	0.29730466941789	90
0.110470080859762	0.185463312366929	90
-0.043438176825164	0.50365330807289	90
0.038182726689673	0.275615180228151	22
0.124328805047266	0.158902134634662	22
0.080958912809245	0.234996794848123	22
-0.014787154076133	0.292079456849138	36
-0.016031649226568	0.3500476355107	36
-0.00364970294408601	0.351774874331248	36
0.065368400287816	0.261707424841956	36
0.064410473169311	0.221823074810012	36
0.073286817365947	0.145815404232047	6
-0.027557214905615	0.259318350610352	6
0.023803479866688	0.221910542178445	6
-0.098935596205926	0.373906807509287	6
-0.036220494075615	0.419478638669603	6
0.05422410780529	0.308285031661697	6
0.101445861493162	0.227722699131399	6
0.068394310344792	0.237899377503857	6
0.063397247195242	0.275583591947195	6
0.087167956470485	0.217917420018317	6
-0.124631829311839	0.24220712971288	6
-0.049821161483988	0.531547809653356	6
0.006890996031686	0.435341971153591	6
0.081234429474128	0.229270435848345	6
0.04561487375705	0.285821038181518	6
0.119680012760139	0.50872006485538	2
0.050781547743106	0.838269308507383	2
0.07930296777927	0.651528873279924	2
-0.00501381015405999	1.1165375786918	383
-0.076054026562101	1.13561458365623	383
0.057065885415212	0.34411138388626	2
0.05954346448852	0.233609556418541	2
-0.048540395695026	0.511217972609119	2
0.091865049360931	0.220879534502825	22
-0.024367650841917	0.538908276404602	22
0.015867675211421	0.346623347996499	22
-0.014162313088017	0.253602645837082	36
-0.110781820721518	0.530191177995509	36
-0.066820696800017	0.290722988222339	6
0.11721630956555	0.173661858870396	96
0.099299254042786	0.230485036212046	6
0.061187750661002	0.248693258593752	6
-0.064831996214568	0.450626676857571	6
0.097392959684829	0.142168315967952	6
0.073283531186474	0.069249051212587	6
-0.11450228383676	0.232628916660818	6
-0.00412853753564502	0.197140119882226	6
0.084804300260473	0.104134183473949	6
-0.024081060695807	0.151111990739313	6
-0.071625113634487	0.168771667252165	6
0.021240393767698	0.345114247218759	6
0.089066859863182	0.715186316129367	2
-0.00403493314794001	1.17314261485464	383
-0.025783611255306	1.21901440164271	383
0.060081607796505	0.465301588857066	2
0.095477790627247	0.283985193283094	2
-0.064834256322541	0.692976392775753	2
0.111667876638633	0.23549589644152	2
-0.102077822128558	0.569584990606081	2
0.068359013221521	0.238341828265898	2
0.092411738611255	0.117081631738001	2
-0.032535854814817	0.454456113881714	90
0.025317373474762	0.320970902368606	90
-0.073670726372856	0.507535171997969	90
0.095781308755357	0.219334866327461	22
0.089429334784275	0.222351822029715	22
-0.074572359764029	0.502001157187895	22
0.10380490278794	0.194097116081185	36
0.083949398102346	0.215839227400486	36
0.106904975607142	0.204267577516313	36
0.069614266247195	0.289244608903412	36
0.029684904966485	0.31247828173728	96
-0.042020233714517	0.371964180209791	36
0.010031437130893	0.407750643460437	36
-0.109960027260972	0.4927089006151	6
0.124603145462621	0.143619635063869	6
0.061146490597718	0.274848927075886	6
0.07120374778917	0.15872767745774	6
0.106809283982132	0.146240999950592	6
-0.105090080754979	0.348752909551969	6
0.046833331683471	0.124569745396519	6
0.021165629542784	0.281832987619581	6
-0.065885178616702	0.615843229403965	6
-0.00847375310525001	0.407558492640943	6
-0.050611361881826	0.375896195435886	6
0.085589341816836	0.738752243827928	2
-0.056453758338747	1.51491157053297	383
-0.036526707402282	0.916822225856966	2
0.108165185297116	0.286280653344499	2
0.103351972416987	0.265288600168633	2
0.112076712072055	0.197911313780207	2
0.041778731036428	0.328688563975936	2
0.00704083191882299	0.389087882467791	2
0.119831898963173	0.18282061058409	2
0.089926009358094	0.135337172833832	2
0.078069893151538	0.183044320905137	90
-0.00970603874846698	0.417882330047543	90
-0.04707173944869	0.428505221198513	90
0.124044425516526	0.165974248631059	22
-0.062547547845423	0.54387911343374	22
0.118834911214701	0.174362113382634	36
0.045311703245505	0.186413934659042	36
0.0010937720676	0.356996616642306	96
0.026936725574456	0.31380096465416	6
0.083388473859564	0.170998192220322	6
-0.065293973607575	0.4958583282683	6
-0.039457954348024	0.230738735703754	6
-0.050239458211431	0.227834384305116	6
0.085581695454492	0.136921688912329	6
0.048028027502258	0.121604857588118	6
-0.101320139189097	0.405391268426582	6
-0.026712694602255	0.495249468360068	6
0.007601511478768	0.421241559082586	6
-0.061938949531254	1.71514750298986	383
0.041702949635518	0.611740275300105	2
-0.121654892634624	0.561897120294616	90
-0.02219325181718	0.274813570110096	90
-0.108980375924722	0.62417209013684	90
0.119901521854217	0.179475406952637	90
0.122126200543511	0.156107657838761	22
-0.022262755056771	0.310473815559477	36
0.092293721234699	0.195993318092841	36
0.101049769228126	0.176764200262083	36
-0.115512155238831	0.464322541249993	96
0.053346287904363	0.251213426206409	96
0.091565260070038	0.210763804833408	6
-0.07550946283448	0.244198078078136	48
-0.097386938720109	0.315474365040801	48
-0.00216734378816702	0.215943302994029	48
0.014567377418367	0.16141193058752	6
-0.033982658879518	0.0971458489065751	6
0.036694658978449	0.152611638492657	6
-0.084471080552436	0.607981337269049	6
0.078302540706215	0.152659047231455	6
0.083718065419199	0.854303812489283	2
0.046450385965264	1.00508691422249	2
0.106699469274528	0.394982799266999	2
-0.081840867969981	0.801976172592278	2
-0.10647502415666	0.927379027850113	2
-0.013360940032043	0.359232104020091	2
0.104931335536459	0.240823644170262	2
-0.036546773953931	0.347844559300109	90
0.025279548399889	0.273089181869722	90
0.063387085454617	0.285840241211346	90
0.065921052916881	0.258332909957555	36
0.08838212877289	0.204370938656734	36
0.121657196048237	0.17314553244803	36
0.071977443213354	0.248975763981343	96
-0.097493737201806	0.450176452249388	36
0.033638250871549	0.241521887886369	6
-0.055649170341631	0.286980796829721	6
0.088469471680595	0.150909857878581	6
0.081699066111143	1.18556651440912	2
0.051922619337982	0.911855229142354	2
0.011796554412232	0.423857549125261	2
0.033240424597882	0.217383666227418	90
0.000122689752246996	0.222558983499599	90
-0.01336390562254	0.451554098859145	90
-0.000406978102103994	0.42262823967157	90
0.09663500693406	0.20672887305665	90
-0.050758841657164	0.481912722625297	36
0.084980299613245	0.197631262629675	36
-0.032452602147178	0.394875825935426	96
0.093255292969507	0.193238724791292	96
0.075363777825142	0.246174943056496	96
0.099082856760013	0.140773023841966	96
-0.00942745377353599	0.436358380057408	36
-0.045045456550866	0.467355625049136	36
-0.058744767439398	0.359243870220108	6
0.088845884168486	0.206126659215821	6
0.05106101096077	0.180471716063419	6
0.040002037850643	0.14438832050988	6
0.010118685273546	0.270549727136272	6
-0.112591853051211	0.231624397498396	6
0.056021325283425	0.316988060829767	6
0.00968821692284599	0.230159439274098	6
0.111641668492834	0.925367862826693	2
-0.075614148282722	2.12661334950539	2
0.123301261647308	0.262424819407709	2
-0.030734369918255	0.508894016934198	2
0.095998347427318	0.142995721295269	90
0.08322871188489	0.209234475967573	96
-0.012704588427679	0.371727056276038	96
0.115161780475495	0.129680310419629	96
0.074974992125534	0.14570145638277	96
-0.076482867810443	0.399490582895479	96
0.031398698647793	0.248293680409474	96
0.055771375947823	0.293443569903959	96
0.070789220308554	0.276246870036199	36
-0.062668021646321	0.451269746276809	6
-0.074972851509499	0.301875354719146	6
0.02996238592796	0.17911722240081	48
0.088094680337258	0.0998696638554744	6
-0.0358904667375	0.0993119442028246	6
0.000230754936402011	0.292694921605259	6
0.035914835368394	0.241899299291166	6
-0.114127091622431	0.234290765798	6
-0.035474877030225	0.157079713920667	6
0.080000106016941	0.194539584501582	6
0.00514791310606599	0.460400297517031	6
0.069441558597153	1.29506157216115	2
0.017366881924834	1.7281926949062	2
-0.03891838689258	0.72821727164972	2
-0.025063126134624	0.457139415052216	90
-0.045889981198213	0.546919185020379	90
0.097869520522423	0.212489874060742	22
0.025010434090096	0.301725040334235	36
-0.007139181764241	0.38421239594466	36
-0.113414450740067	0.544324328929097	96
0.11195806522606	0.1762698821091	96
-0.02130060081793	0.337637064692735	96
-0.051186836953321	0.297209265467167	96
-0.088371882817564	0.527114709418662	96
0.101969328613308	0.159363371904269	96
0.074384931269121	0.221639034562645	96
0.119110887657195	0.192922377632793	36
0.065083618227421	0.170247270229266	6
-0.031650256478897	0.156593596868352	6
-0.050685646029799	0.292067232170941	6
-0.030348843809485	0.424567683073645	6
0.097793528094375	0.248298654512951	6
0.056368884071468	0.269272375244448	6
0.120620963384038	0.221115380237912	2
0.082007313934996	0.250808788191612	2
0.120179001965068	0.186366755342503	2
0.068615771269196	0.330757515781823	2
0.077357738904237	0.243618098546032	2
0.075903199550766	0.245977919023701	2
-0.00106177721121098	0.354562340114752	2
-0.073693501906677	0.394923358569771	90
-0.068838305393517	0.458138906477815	90
-0.06162726219718	0.396363925662705	22
0.064655970275868	0.212540482443636	36
-0.09359856733372	0.469564931479028	36
-0.00441336008607301	0.323822808871654	96
-0.042019495193232	0.365837825952071	96
0.06518409126423	0.187311883082205	96
0.00621679675767101	0.417157614651824	96
0.034970882947001	0.227503305238138	96
0.08378638542232	0.164459483805537	96
-0.015455312091625	0.294475448752768	36
-0.036698836271746	0.329486482373459	36
-0.111774686100604	0.530862915125307	6
0.070560652599406	0.214341789062733	6
0.083736617399451	0.153229715878179	6
-0.121276001461659	0.42127081960354	6
0.08141804580023	0.0707650577051375	6
0.058179132166316	0.1574410736817	6
0.115540703854797	0.151815371350886	6
0.032091965099263	0.342987620043285	6
0.013187458634207	0.260775560665112	6
-0.097921236210138	0.583221218434981	6
0.023823855856493	0.321878608663406	6
-0.093659222657704	0.647849300212931	90
0.00520655142056301	0.412853134031519	90
-0.091925765125446	0.745205404553428	90
0.096272655488762	0.211953333362521	90
0.106192190068134	0.226723357854952	90
0.094475039296301	0.223751381144397	90
0.080740695853467	0.159286292597235	90
-0.083622539949387	0.410455560425369	36
0.044867049002462	0.277844434268418	36
0.078987346481717	0.200491794631159	36
0.022851466806164	0.322577439550713	96
0.11181216612411	0.155301462107583	96
0.091220899688494	0.251390360378309	96
0.024902577374823	0.339576220910109	6
0.101008300536933	0.174165680047712	6
-0.053627860571605	0.321580177199202	6
-0.120358480424322	0.5287499475989	6
0.110060598319007	0.131097483436032	6
0.018986736020331	0.237324568497669	6
0.064379037664552	0.202999472746183	6
0.057943595586455	0.216455914186097	6
0.035107057676351	0.211716182427783	6
0.095534156013694	0.183801740590504	6
0.021313824027495	0.818750960149756	2
-0.049676376811832	1.09678221939164	2
-0.020033595717186	0.819783285085503	2
-0.012026704894848	0.720627369000399	2
-0.029455795963371	0.77254469709493	2
0.034806495322058	0.408300994273951	2
0.011639223777054	0.138626670058472	90
0.114374918528137	0.101033089425285	90
0.112025113622017	0.142656017952343	90
0.098112891180375	0.230758670692311	90
-0.118845690792691	0.66148749979258	90
0.120951662719431	0.174061728760001	90
-0.030995140600291	0.448752262407201	90
0.058370112083766	0.263979248737299	36
0.072281633532128	0.146654402404785	36
-0.093535082223667	0.2880003650191	36
-0.111026290244003	0.66733011913802	96
-0.055196302297661	0.413341165892195	96
0.064213678691437	0.302715702294821	36
-0.067324933042303	0.571934678169385	36
0.041474210012024	0.312122789081973	36
-0.115666388129033	0.389869993032853	6
0.032695931301391	0.083855568343684	6
0.093446301048397	0.116991857370764	6
-0.074803072377773	0.216268691824009	6
-0.122726435188865	0.235397631498006	6
-0.043143435300984	0.0995131272523846	6
0.044452662571932	0.142763356469288	6
-0.042672136410986	0.520748501049251	6
0.102398177779424	0.136215890517075	6
-0.020174086540315	1.03284099746436	2
-0.114441251435261	1.23525715701768	2
0.053901443724484	0.460607757925166	2
-0.053113436032326	0.878019295685816	2
0.06812179774526	0.382770331537864	2
-0.021219853887245	0.609377381885463	2
0.09465691778437	0.250881074428958	2
0.071640857507208	0.303552322353764	2
0.11983574912899	0.0822845732402714	90
-0.056813632160078	0.357459316080047	90
0.118199352497347	0.183739680782869	90
0.053375967390333	0.316230605116429	90
-0.023831446051575	0.412536481206818	90
0.00827969537929801	0.232967490130332	36
0.079144296921169	0.167066262969601	36
0.017406854181963	0.318967810829558	36
0.116286254476516	0.192273515835602	96
0.118660545926136	0.133924240343464	96
-0.111482016937598	0.437304961931084	96
0.100031054161749	0.204464598259193	96
-0.104290741497828	0.640650710435934	96
0.028473751305949	0.322684649296947	96
0.077825383983358	0.244519200729927	96
0.08296565222368	0.20965700051856	36
0.12274378217748	0.166701107948186	36
-0.018587645521624	0.361744653725021	36
0.116390095954063	0.139511699915092	36
-0.025240965923029	0.153188437470314	6
-0.033982658879518	0.0971458489065751	6
-0.071837669497703	0.294230769892753	77
-0.062736498187464	0.470174765078418	6
-0.070411846993509	0.548371040150523	6
-0.00649622201563499	0.198716058555033	6
0.078913381525242	0.778610922348326	2
-0.026486507626828	1.3119725949406	2
0.10564502120269	0.394965141199152	2
-0.019705377879498	0.721011846361816	2
-0.017186911319197	0.711568751334716	2
0.076232066530829	0.295561760203045	2
-0.010871087380928	0.354477181879829	90
0.082861488606145	0.140266214839418	90
0.062739709154527	0.296936307230639	90
0.015728246574355	0.381770969804632	90
0.004420340837825	0.389789508420056	90
0.106890893306154	0.184630022193824	36
0.114153743103075	0.15422245454464	36
-0.00580150263283702	0.337058057150975	36
-0.015824089831334	0.308452322892073	36
-0.023169959597654	0.273721703987541	36
0.056417938740943	0.248483882243869	36
-0.115152522057218	0.542335156943253	36
-0.011687486074895	0.324438606761389	36
0.079523685540883	0.220228658989468	36
0.01505063588204	0.423190561239626	96
0.035265482960284	0.270935272949301	96
-0.102383974415932	0.447947647281842	96
0.012702243884867	0.343234971248804	36
-0.051724760010805	0.231481605602699	6
0.071731741175459	0.0754849531006097	6
-0.023999486341081	0.185468635282446	6
0.111443605729334	0.0638884163744545	6
-0.043590631709158	0.0970084360245026	77
0.027403668117386	0.0858238875200113	77
-0.029016497175085	0.502027956167467	6
0.00949491528303301	0.212098797011736	6
0.050861367293013	0.922115707906049	2
0.019611727975887	0.928243258940191	2
0.108762704869217	0.388727209421579	2
0.00432004435663699	0.796561853015411	2
-0.00773493135973802	0.870666581415556	2
0.049684162677792	0.298249680763891	2
0.080494546139919	0.317548402448027	2
-0.122625499682888	0.856280986069534	90
-0.039732780954318	0.197286918016629	90
0.00766861059919999	0.343098802127415	90
0.00412178799086099	0.321640194359049	90
0.077143819022949	0.215363494261656	90
-0.064478438973376	0.602799370871413	90
-0.013062001362892	0.476129807579719	90
0.067286091157313	0.267682015667765	22
0.09241700889717	0.235392758760064	36
-0.000358954981674986	0.374559693856139	36
0.114126451008527	0.160167939349327	36
-0.069056146382057	0.34103158833428	36
0.049358834709081	0.257275193480693	36
0.00439877345397599	0.375443192470011	36
0.113128232016341	0.216340244531525	96
0.074331554466759	0.260905856351834	96
-0.033710402256985	0.401209038591169	96
0.030210739331515	0.281326471833669	96
0.107835986653549	0.158818568111075	6
0.108063038842558	0.107834890254724	6
0.057132616249028	0.190347707695833	6
-0.113183843148702	0.23180786657459	6
0.071511088229241	0.291120459145057	6
0.064292548114146	0.168181281067842	6
-0.010691437510345	0.89670461090555	2
-0.07504459511203	0.786133327236273	2
0.122936553934333	0.252642843206678	2
-0.055439518740416	0.708286995491507	90
0.00312793035575101	0.261760882000391	90
0.014588365025376	0.314959525321585	90
-0.08202410512116	0.687995376624631	36
0.093268305967945	0.217496308094231	36
-0.013498207951205	0.347241603026742	36
-0.067847215763079	0.321027690632211	36
0.033544276838771	0.320138550448349	36
-0.046777471522608	0.48892806637104	36
-0.010842670681654	0.26674592912473	36
0.046110575129097	0.25832178294511	96
0.051616647530834	0.210400208949213	36
0.11472237664485	0.164387614730109	36
0.083734174255022	0.24820329144452	36
0.050680584423452	0.197433346004244	6
-0.07407516211848	0.322131117976914	6
0.105029328622799	0.109401534628794	6
-0.123048772093432	0.274909874562377	6
-0.015754328911628	0.141475394091819	6
-0.049529642061207	0.548663715626302	6
-0.00547271907694202	0.480496517149799	6
0.067333561783604	0.258685005648167	6
0.058577100034231	0.627805965025722	2
-0.086774418173349	0.682722828555177	2
0.037957377057657	0.486160964256523	2
-0.080667807521833	0.383597092562799	90
0.076191550355658	0.206089929463484	90
-0.08167670179609	0.717098018377525	90
-0.063418221945771	0.542044113811497	36
-0.012334400277623	0.49796642354133	36
0.070277665017545	0.279688595863099	96
0.118570287699471	0.177590319667043	96
0.004741202072502	0.194813759656609	36
0.05475540065611	0.244374316772085	36
-0.100109595618525	0.63043721834989	36
-0.048611873001273	0.498560094729039	6
-0.111850988004729	0.606147472848107	6
-0.026849432867006	0.431138332828481	6
-0.104510782624768	0.530695919178649	6
-0.049514104590367	0.233066382298394	6
0.082704926248985	0.104363752963195	6
0.015971022491093	0.206548947305327	6
0.049952157015977	0.122574567361988	6
0.023876340276694	0.376721051950099	6
-0.082177999100878	0.683097491897164	6
-0.099494060814566	0.656094911737376	6
0.083218600549759	0.415245849583629	2
0.088160222719721	0.291752306590218	2
0.086386103396618	0.286569858244317	2
-0.016756771199729	0.234359265796886	42
0.076405393250872	0.14665689070701	42
0.114986700922534	0.160384483930906	90
0.106860125006644	0.235003690062896	36
0.074208568014189	0.320606593197534	36
-0.095112969716762	0.692547301424053	36
0.114698016349985	0.156768556491987	22
-0.061911943743106	0.542283470889988	96
-0.020855166883403	0.481056936360149	96
0.049487370982179	0.302105637062321	36
0.061896934868965	0.237994058158294	36
0.055310061816539	0.269532663565059	36
-0.048398395202259	0.327282819064111	36
-0.05661706618546	0.530657730643567	36
0.066085325393797	0.319086407057931	36
0.090306149488378	0.218048402830505	6
0.117340765098493	0.19575105727151	6
0.036179858022981	0.279235789424007	6
0.075845011030735	0.0743971962743796	6
0.108090270240744	0.0918609809845115	6
0.111669772195963	0.226829941051077	6
0.097776149336287	0.25097356824039	6
0.006121951931613	0.37466073842952	6
-0.021210991538823	0.33499263567696	6
0.043381767389718	0.826248177942426	2
0.080619833756958	0.564274326805796	2
0.078814221196285	0.299299704941349	2
-0.111453231232106	1.17399075912418	42
-0.106510960855244	0.796567513295409	42
-0.061665487146901	0.281943264258685	42
-0.112438284540749	0.740806358707861	36
-0.038225999039744	0.444123647874004	36
0.056590504195682	0.257792057061358	36
0.054440428623989	0.319339081585044	36
0.087678179577044	0.225022632864092	36
-0.106564430910477	0.297139835840791	36
-0.010887085261477	0.265303443808343	36
0.014161298621393	0.377602817600035	36
0.109905017174079	0.187239148102247	36
0.092070109629741	0.213757869729398	6
-0.034831650119372	0.158188863542311	6
-0.071294755930062	0.164790208912286	6
0.058804052955772	0.201441009322099	77
-0.065242140756803	0.564198699659962	6
0.024198667348254	0.411947467785833	6
0.122993549802747	0.196413254308452	6
-0.092681312374979	0.674650798258077	6
0.040398582079405	0.208003421917357	6
0.038760366172575	1.18882086369521	2
-0.11185895474554	2.49730389270031	2
-0.015206552116624	0.926529944173504	2
-0.052662520151671	0.760375542398732	2
-0.022483675090896	0.985186901141921	42
0.096414429679298	0.46715021057832	42
0.051137500091456	0.33589926345594	22
-0.036177831865652	0.604832931958685	36
-0.050079077411521	0.637122746531474	36
-0.078842008098025	0.629895366914025	36
0.079648570970556	0.256216974431395	36
0.012642164258916	0.284241243593542	36
0.050374082051783	0.272315371858444	36
0.074372057975465	0.251359834744275	6
0.098455838003263	0.215760115092901	6
0.064502345709288	0.148655214707365	6
0.117849566699246	0.0591712485786089	6
-0.012947642829827	0.231052315333986	6
0.081672967833025	0.10613140574446	6
-0.081132133507071	0.218557016581997	77
-0.026300730638789	0.182384427940616	6
0.083777675193541	0.105251927896135	6
-0.093708536050801	0.290737550891859	6
-0.093515177309585	0.63717602732588	6
0.015250126168047	0.436887859750749	6
-0.124978506390708	0.792955597472582	6
0.066458874233057	0.316320808396722	6
0.116072281256591	0.326563235974821	2
0.071562473879864	0.537980747847463	42
0.078594023037566	0.479010097680161	42
-0.029181620363841	0.524305601836303	22
-0.061380965884889	0.582556410259477	36
0.090956126776054	0.270293955417723	36
-0.039830362834111	0.221891109738219	36
0.034338229861059	0.300606646179139	36
0.10460720338879	0.162341457310311	36
0.037888733915028	0.224768217753415	36
-0.053439353104744	0.418775369325331	36
0.030072533102494	0.38739882521973	36
0.067217890205465	0.245185342909888	6
0.111399838682029	0.161185387455226	6
0.07087062248619	0.0712757448494182	77
0.066160940478008	0.074902474773015	77
0.04860938890696	0.144097824892341	77
0.080399935918625	0.0695309950766131	6
0.119732655851504	0.145996466966765	6
0.00265432464430501	0.393324816127884	6
0.056866718103555	0.316201906621062	6
-0.031709596258961	0.527676105827184	6
-0.1192473903202	1.11095346790694	2
0.035993368864305	0.772177646321364	42
-0.049333878716185	0.964456581552844	42
0.09012869304181	0.261978427546423	22
0.048571178032598	0.331665687776586	36
0.061108248987084	0.297546562122688	36
0.121693052781554	0.14949455441747	36
0.061429592587169	0.321248523649732	36
0.068212179943342	0.327052146567549	36
-0.05321567657283	0.479976102737392	36
-0.031543872105107	0.367048819130182	36
-0.00976437033766803	0.325225422820187	36
0.115700763711596	0.101428190351236	36
0.077693064921897	0.275869382356695	36
0.059310376860932	0.292271800588263	6
0.086905962298339	0.236001401576735	6
0.075303607723107	0.11002289233791	6
0.057104219389759	0.155400845916321	77
-0.075235834289609	0.163746474576542	77
0.033726106697273	0.0831110708731226	77
-0.027110782734971	0.0922180664166739	77
-0.036596483640043	0.0996994327156536	77
-0.048516468335475	0.307664668310621	77
-0.070398807005026	0.167076225874952	6
0.017889947535134	0.426603784577873	6
-0.061968595266276	0.697128023228008	6
0.118994016892339	0.112283646255559	6
0.05279104200582	0.755951757973826	42
-0.038878971642539	1.56933801889447	42
-0.05970352779955	1.64311565491147	42
-0.035450541225789	0.425206521900699	22
-0.102426324573415	0.594379613517324	36
0.080515037574931	0.157241412435879	36
-0.015493856044018	0.470369424509582	36
0.054486779874535	0.237203974836002	36
0.083730205679129	0.188635447841442	36
-0.086867029994839	0.550500164281755	36
-0.11220648136102	0.666053008968387	36
0.090312744632709	0.235197372501858	6
0.025966713478272	0.2171176404747	6
-0.0324699271034	0.289908226089637	6
0.07342672966693	0.107914166659612	6
-0.036596483640043	0.0996994327156536	77
0.099951136453719	0.123527285215245	77
0.091939901892804	0.173384559951987	77
0.079585850492354	0.0715560897991019	6
0.063343675772652	0.24918418816995	6
0.075047282945722	0.317554812704689	6
0.073056260935695	0.297293219943617	6
0.112889981914502	0.703817522096451	2
0.054375236157068	0.730896996305023	42
0.042371673580482	1.05804337071698	42
-0.083289673190361	2.30592360508952	42
-0.094535227399662	2.48692484015866	42
0.054661542681671	0.349542617535929	22
0.091937279286131	0.270522206249498	22
0.059518965721106	0.370868988439253	22
-0.024151039234468	0.343303926535174	22
-0.01529189963939	0.381420202533902	22
0.068388250382048	0.211349962325621	36
-0.011387088929425	0.290795042501542	36
0.087820542292809	0.206623739437473	36
-0.00746790241318801	0.455923609855931	36
0.069622085024598	0.290542176796889	6
-0.025829388271033	0.495787791804705	6
-0.000929079386536025	0.354814213360225	6
0.098695466333195	0.192328695323555	6
-0.00431624055108998	0.514613015732626	6
0.079849517667707	0.304446498152841	6
0.052936172613943	0.969214714510153	42
0.045054524478547	1.23425627750562	42
0.064453853607659	1.10550241251067	42
0.086477558696477	0.64038384470738	42
-0.00536431400948301	0.728555104663905	42
0.08265194713627	0.332930181806319	22
0.073567356334619	0.268677754994588	36
0.035613439964948	0.273929804503214	36
0.016610673767366	0.202538316169932	22
-0.040282181530527	0.528135052679642	36
0.015459484947461	0.366822263982411	36
-0.025955973843602	0.39267698211791	36
0.108824148987635	0.121387461822806	6
0.100090852340803	0.0673343968038564	6
0.025354302980329	0.0866285988130991	36
0.074632742543176	0.0746221026707891	36
0.00573596445021399	0.267888512673767	77
-0.095172640442575	0.685856604571325	6
0.109594149571971	0.861502774101416	42
0.069985882743907	1.25776775418125	42
-0.034674962962892	2.36593434377317	42
0.077648466463097	0.910868564580874	42
-0.124716471320773	2.381738560254	42
-0.103910118275946	1.8836628606775	42
-0.042216320336331	1.2439456119872	42
-0.040543624667656	0.404147902031021	22
-0.041288989715513	0.466793820609306	36
-0.053839362579972	0.251814750992577	36
-0.047442225303301	0.347950263274792	36
0.076354356114829	0.226034056138729	36
0.102698843194613	0.206041753131684	36
0.086014198628483	0.213915199529862	36
0.088002772075498	0.229077729109417	36
0.052711639087234	0.262265929373289	36
-0.071291716098211	0.168582735116161	6
0.095663301193051	0.144730854822542	6
-0.023491335427659	0.236376745881865	6
-0.012614813329192	0.20499108604196	6
0.097676432688602	0.129242889066371	36
0.044712314340694	0.144211510930267	36
0.000854473829041996	0.329414834672092	77
0.00945130849221201	0.301879884763947	77
0.071232403807386	0.944603151673334	42
0.008916267633787	1.02162888692746	42
0.055101198511003	0.601587438779228	42
0.036001595231997	0.670724037096117	42
0.040711303694558	0.645256744401259	22
0.00456121551684699	0.342619155112597	22
-0.040367466739388	0.456942022299234	22
-0.094236774042156	0.578656836767169	22
-0.00218888591448202	0.315458346995536	22
0.08428313070171	0.169383570227968	36
0.036378118248515	0.273629847527614	36
0.091993203561094	0.199649901895702	36
0.09145679940251	0.210924358357213	36
0.079487107120971	0.156114714182922	36
-0.084943661719057	0.548522628286591	36
0.06136235115003	0.171869818095508	36
0.062758710558163	0.238890706881121	6
-0.056641795884244	0.286021023988428	6
-0.030832519837678	0.155958876330856	77
0.01034288611351	0.284209793800906	36
0.119134185736513	0.123277202087404	6
0.00285340590661401	0.382053433891154	6
-0.023388513130333	0.43132504784254	6
0.072342242231803	0.232735820365561	6
0.124462416865805	0.16189681390116	6
0.085553020835872	0.851802709742199	42
-0.062503537753672	1.52767043877096	42
-0.044587560338391	1.06150533688354	42
0.049718634657948	0.608446222391128	42
0.023386573936082	0.696626695793109	42
0.003223182594079	0.401338697087236	36
0.084755801154244	0.230063937016525	36
0.103322678853059	0.228484316315836	36
-0.104000434650914	0.614255102019356	36
-0.00113219016780203	0.208838525000158	36
0.026130546999034	0.200250331807315	36
0.112552756326446	0.187805839046054	6
0.027821421196773	0.31562971821255	6
0.044721216669004	0.278260323756376	6
-0.013570641842455	0.32452722902069	6
0.036656505929377	0.243698918927336	6
0.021918160194214	0.453789111230754	6
0.006183855954529	0.274618053148365	6
-0.026057984028295	0.475105021439384	6
0.109293162856481	0.184015101760157	36
0.005778631406643	0.236638276096512	6
0.108515781608295	0.144456955142762	6
0.088065893256861	0.803777813447463	22
-0.113576398712226	1.71991975886885	42
0.115570682089886	0.379692233692554	22
-0.111809130158129	0.63382354945678	36
-0.098988236703781	0.514751015755502	36
0.016150985063342	0.295696504878711	36
-0.071166223783546	0.29761390744077	22
-0.110827599505891	0.488205792011298	36
0.011860057465182	0.32410677699513	36
-0.054390631068107	0.412326256601641	36
0.080283841545245	0.225029797682454	6
-0.014074067290259	0.305327107036016	36
-0.110219575742436	0.405659402201718	6
-0.077943535896124	0.55298040112308	6
0.068516281096075	0.269716289658755	6
-0.00148844984214302	1.53815334083277	42
0.00344076158360701	0.893257079981682	22
-0.074875260336105	0.556273652971107	36
0.079627851889019	0.208707114253358	36
0.082253084362679	0.153849759096207	36
0.076838499555006	0.16038959623184	36
0.074069628913452	0.18984501887242	36
0.075452016060051	0.169925885639959	6
0.04254793369432	0.275647157387277	36
0.12433768493514	0.152474253069399	6
-0.078504339982627	0.539445716476462	36
0.054909406903812	0.266986870933049	36
-0.027114591881055	0.403481432352813	36
-0.000461997963659977	0.212962901543245	6
0.055511459942063	0.115968583070746	6
0.111418801663293	0.120173103647688	6
-0.074535727805875	0.17247783587197	6
-0.020894017670499	0.46775257523074	6
0.096747065482855	0.741169751124941	42
0.062106988701502	0.823023869671861	42
-0.076754331642397	0.680724250368545	36
0.103806294400777	0.174018553942269	36
0.037337957008358	0.205882652345206	36
0.049404077954244	0.197398298782623	22
0.037657385987475	0.172459738052825	36
-0.06642883120076	0.360676386522374	36
0.108436169876921	0.196125450286559	36
0.019462129284239	0.25821217415527	6
-0.063679056493065	0.580465470570088	6
-0.108204096218054	0.378018221224116	6
0.097938754345409	0.0669865503582336	6
0.027823206145022	0.148890027834589	6
-0.040862713805515	0.158060161366473	6
-0.038538646747255	0.293048273474047	36
-0.061442370566577	0.263657570270401	6
0.107468830270396	0.0656453716262504	6
0.009548323157755	0.446622088921429	6
0.078697439273879	0.289062784218025	6
-0.054725489409688	0.578886422188711	6
-0.032964325005626	0.403613410558066	6
0.042313500060949	0.298279147558954	36
0.036459520058943	0.312782116419602	36
-0.116718493139833	0.435776719730676	22
-0.034849667455209	0.434073274048044	36
0.008624494990707	0.357014210718132	36
0.090991913590774	0.231033386294904	36
-0.105361195358486	0.561495817206184	36
0.087677856828905	0.229656978401574	36
-0.062445201132074	0.438594571748872	6
-0.035781790667975	0.510225856674431	6
0.037207164782794	0.242371618914954	6
0.105700196119684	0.123043193521367	6
-0.016626555464905	0.141634198322649	6
0.046603046570069	0.119937759631874	6
0.077078282193585	0.244396964166543	6
0.075065929417489	0.216943603319802	6
-0.00540318697138498	0.222738950054464	6
0.123007169091367	0.584690293386149	22
0.111457886948439	0.200454512449962	36
0.072875070801522	0.273714922063083	36
0.117262523273679	0.200223578542916	36
-0.11408181649218	0.543882067852986	36
0.035471488818523	0.355067469039403	36
0.086229633734707	0.23048972483552	36
-0.122816270720244	0.621113419306703	36
0.038797387563659	0.292055215624004	36
-0.108595137094043	0.596545685101413	36
0.035672933016478	0.222820724087478	36
0.070086144725085	0.16113454507766	6
0.040941531302098	0.247411859573544	6
-0.026313026499493	0.435429938011999	6
0.00205535102851501	0.345150718480781	6
0.085552296665427	0.221998173530384	6
0.077359536693904	0.253479668458817	6
0.023774483821544	0.34509587021899	6
0.059243784579866	0.27375303002684	6
-0.018331908591024	0.374297659473223	6
0.063102088052991	0.220212679213803	6
0.016884887329163	0.229387046680482	6
0.091877206147246	0.116098729325491	6
0.017531935051416	0.160490239775087	36
0.097639658000448	0.0974480738400768	6
0.00893920031232601	0.138348638349666	6
0.064029259211281	0.148917017445557	6
0.027672672051543	0.23916205312704	36
0.104477591804836	0.110702891324854	6
0.050723075082373	0.304124827450918	6
-0.020369835661893	0.506649954604918	6
0.085675592391635	0.246869238393097	6
-0.076272910212094	0.568154666965664	36
0.074323181339989	0.204875153459264	36
0.026830848498737	0.266722010030241	36
0.104284435296918	0.208422225399219	36
0.00953272969091801	0.359795156849728	36
-0.103716814822372	0.555452634097636	6
-0.079126034587325	0.518431692577714	6
-0.033809557462958	0.365019030466338	6
-0.091489260623855	0.544476966995699	6
-0.024443060046668	0.399887969699429	6
0.021953074244027	0.332384433473374	6
-0.09125761253344	0.555129325767113	6
0.077132359527201	0.17335111548916	6
0.097047827704871	0.164753835768946	6
0.007939407150867	0.140832102584732	6
-0.063854457717909	0.342505511962466	6
0.040047035916384	0.168621323257394	6
-0.000939566268322978	0.221785247735312	6
0.00858950572619299	0.284774839335969	36
0.06896304846048	0.280925545140817	6
-0.078413715787638	0.689244378466083	36
0.116033894536325	0.185382897641457	36
0.000568437703371005	0.371545306102343	36
0.055119010382839	0.272061268128631	36
-0.018915737525755	0.469348650588957	36
0.022304927477128	0.314501707788295	36
-0.02094661268073	0.311886803052974	12
0.012449097322811	0.244699614812312	12
-0.028675221771305	0.475513206477989	36
0.048025240540771	0.218036444400309	36
-0.107493660383379	0.583242392934989	36
-0.078576399231137	0.608780312536385	6
-0.064766331937345	0.585884058925558	6
-0.09709950516939	0.368830076351516	6
0.024293947591729	0.27401192754813	6
-0.022177516024658	0.280708796053659	6
0.063184218233217	0.293836565224385	6
-0.122066582631224	0.57723271822324	6
-0.095508745812461	0.436029168595917	6
0.01005826775231	0.270642138344568	6
-0.058247642754264	0.420359238830584	6
0.08854671102211	0.248924341280416	6
-0.032870124601868	1.71798987403148	36
-0.109788387025258	0.920344058032395	36
-0.00251691413159499	0.44448097795944	36
0.029175596612598	0.3184483888993	36
-0.08588996151219	0.518394990021916	36
0.102891999118861	0.209308984291583	36
0.0000621721468070102	0.358840152255776	36
-0.061776388031921	0.335022454341475	12
-0.048876662239387	0.384597426033538	12
-0.059379793305177	0.450385235474119	36
0.021866747908221	0.268921251889656	36
0.05297032203947	0.29653987647014	36
-0.028767789519054	0.376582008729101	6
0.108279575544706	0.174416657752437	6
0.063196747532697	0.223089550982712	6
-0.064348987066702	0.450360029040707	6
-0.086021272777921	0.389499918603132	6
-0.049044784397824	0.410880022066927	6
0.110307617754597	0.172937767419235	6
0.022183355764304	0.275502064833042	6
0.095115550199183	0.169518369468866	36
0.102623246485036	0.150829101407935	36
-0.016714461937929	0.371840955945573	6
-0.0840300447635	0.430138870318816	6
-0.016672294031671	1.608094591877	36
0.035581267790636	0.329102947051962	36
0.010034785624643	0.374298938105838	36
0.013870112538683	0.356657933389114	36
-0.020397707593257	0.372678067653329	36
-0.063901579287031	0.320308296371226	12
-0.04797636176117	0.271802554641364	12
0.039600136652932	0.239122343413211	12
0.055261316237474	0.175104334030737	36
0.017009519685324	0.292355450885511	36
0.106725605196314	0.215235695412931	6
0.040554503013192	0.251384943453722	6
-0.001073761658344	0.375367354143849	6
0.072219149728804	0.129576283506336	6
-0.01622944075153	0.254413752777772	6
-0.040979341666415	0.372649014973359	6
0.04079070752694	0.266082506493313	36
0.092381218060253	0.211193080607139	36
0.042630483350923	0.248040580394465	6
0.018442708172825	0.338564745725741	6
-0.09932340383079	0.517058392917236	6
-0.09107998467757	0.571253941485617	6
0.077045194042339	0.232243941857647	6
0.032987007866564	2.20657406739794	22
0.052724146726838	1.02345533197317	36
-0.101832670629458	0.308524402209496	36
0.026012554544229	0.292437962862022	36
-0.048176931280844	0.547316823830608	36
0.093440012941987	0.226618737380639	36
-0.079224713737319	0.688434239661342	36
-0.094017381420517	0.258641669964391	12
0.045281295072689	0.240916041357168	36
0.0783258316112	0.330286248533694	6
-0.052406855415489	0.671530680566202	6
0.065720949544196	0.148374302083573	6
0.110239409264505	0.0648281795420425	36
-0.099379890292742	0.610036267500899	6
0.011072748082189	0.137070657239132	6
0.048927650999045	0.350664340359988	36
0.041405053730967	0.423670705309832	36
-0.079538637286333	0.634889865589831	36
-0.023878386214475	0.355825076530189	36
0.090720421310503	0.33263836027353	36
-0.118924881430635	0.676988450023225	36
-0.116735446282036	0.900087357466272	36
0.055445639930217	0.206382842286497	36
0.122815033732736	0.10999513115566	6
-0.060186242630794	0.709560962814393	6
0.032499300560459	0.409549829724076	6
0.00687217661612699	0.140996325874647	6
0.099810163365439	0.30336288681271	6
0.078230505376384	0.214720877673227	6
-0.01083697948209	1.88719235191107	36
0.067393106917123	0.264077804999836	36
0.121709442857789	0.250022651411693	36
-0.094337450588014	0.288023724697239	36
0.089883358517327	0.119571457793482	36
-0.00379325653600998	0.441226356163737	36
0.088891797609935	0.20246119614293	36
-0.078516848699498	0.24888014401043	12
0.010701310374254	0.134543823667373	12
0.046466253634329	0.121375073122741	12
-0.029211941474239	0.19273737097084	36
-0.084964828683127	0.254145642807081	6
-0.082798307292902	0.383488306190209	6
0.058561627291602	0.113451277345807	36
-0.123957103933392	0.631216172822532	6
0.076716038560611	0.185576973781638	36
0.043047381204407	0.300365962578156	36
-0.02971196660543	0.515085008964741	36
0.044467750169403	0.31719005600827	36
0.00284403425616001	0.402833692474705	36
0.022763207342169	0.180105637603364	36
-0.121842214795449	0.671217325331887	36
-0.083494670597514	0.355721280506471	36
-0.012202835934534	0.440687795169832	6
0.104713536937804	0.231956953442357	6
-0.054267906925418	0.229336892548093	6
-0.104420377004359	0.55670310025417	6
-0.047159657169726	0.435768053977734	36
0.086323463127749	0.190942771752914	36
0.092158698593299	0.117666975050277	36
0.064155405981403	0.148798448575281	36
-0.069448449136573	0.580188405625731	36
-0.120386541097242	0.328075008849882	12
0.109301230333449	0.0898415331383126	12
0.035988728442905	0.225985161339893	36
0.104577233708864	0.110835075002376	36
0.009897094413791	0.47312555653573	36
-0.121264861249621	0.469501917413125	6
0.077175403442651	0.27030990981694	6
-0.05568434063221	0.58515560496553	36
0.068888599306453	0.263516792927161	36
-0.0621744421981	0.648123963481846	36
0.041195334100852	0.30064017048912	36
-0.11984901196716	0.80392284327174	36
0.090363021088835	0.175611535446674	6
0.070870377811274	0.335282434195101	6
0.000404576239782989	0.517040310900094	6
0.050533338703449	0.163006182538195	6
-0.014637432334951	0.287334059978023	6
-0.022580444734982	0.375185004432068	6
0.090022004309596	1.34045486035688	36
0.08608972178698	0.250544132582884	36
0.001256781784541	0.451698511931148	12
-0.033095976356601	0.461128620427587	12
0.014380731940874	0.164651569222299	36
0.068577600813832	0.14995884219536	12
-0.050921196332816	0.281765650936838	36
0.037537734724386	0.221520963120236	36
0.101677755158975	0.241706382463781	36
0.09192569177709	0.236532378419537	36
0.088767708647125	0.120417044832128	36
0.009235092045185	0.167805197690893	36
-0.0201297456246	0.213032473915457	6
0.046276428857025	0.21591957545804	6
-0.02735879385712	0.375249690135966	36
0.027665655015549	0.361896319489111	36
-0.113543351070596	0.603257004727576	6
-0.110841126206316	0.660281732724956	36
0.079382052311869	0.282240733866607	36
-0.096210189522731	0.711980730247255	6
0.089449333132367	0.13283157769087	6
0.102547214113234	0.203934783984358	36
0.11226938073313	0.167454424572226	12
0.119655011489343	0.159777418237584	12
0.10353227167655	0.165541603529177	12
-0.007939222378055	0.269935194354146	12
-0.076211646501984	0.400612823857587	36
-0.088005802043823	0.461733235287462	36
-0.003720453841001	0.255953159217546	36
-0.00661143805133202	0.381719410112043	36
-0.080332970290328	0.523674856861592	36
0.100781821279911	0.140247676908699	36
0.120749618357927	0.162126424717392	36
-0.044016522722222	0.446100453361569	36
0.109171503877192	0.142761808102271	36
0.117763501314325	0.156825563082715	36
-0.035450676461093	0.392071971730347	6
-0.018487331950656	0.399168695266473	36
0.044283669694319	0.24969637405217	6
0.009272083842321	0.342580918905504	6
-0.085220153692258	0.478541668990585	6
0.052980924052286	0.207575595667767	6
-0.046458908151807	0.347472914490627	6
-0.05876350937343	0.356436847122694	6
-0.096819671074754	0.565396649329831	6
-0.00266229947840702	0.405358011127711	6
0.030101420138578	0.758495767041621	36
0.114288610632154	0.252560488666276	36
0.089911005556168	0.272611858166962	36
0.084368418144499	0.191970163830927	12
-0.122339091195625	0.617756175873051	12
-0.016532390741124	0.423126726611637	12
0.020483275844686	0.355650731854136	12
0.026651601315154	0.234430919319083	12
-0.051939915999249	0.42980292327319	12
-0.020140596676989	0.278402314035163	12
-0.051657104365251	0.454422802359424	12
-0.059508159204509	0.46106871002134	12
0.093111255672623	0.226704968975487	36
0.079024939040365	0.166682234632481	36
0.050733376145183	0.179943653191647	36
-0.098542708992407	0.420623107997177	298
-0.049294914889065	0.423102927750375	6
-0.110603470656841	0.482163071901621	6
-0.022340831408728	0.343840450941293	36
0.0672120272636	0.198050891497382	36
0.052639954133928	0.220356299983818	36
0.027190019441918	0.286936048958053	6
-0.07645289870349	0.471756441664681	6
-0.00375629174803099	0.576772564548532	36
0.119188320354183	0.204510876612776	36
-0.079873342233119	0.496529595962851	12
-0.045672833478064	0.466863917365609	12
0.063860242056316	0.306700258443083	12
0.084674625777893	0.16576769077885	12
-0.032050073320464	0.355698408126757	12
-0.122800918071335	0.422848320654122	12
-0.051993492636408	0.591549398891753	12
0.056739946771333	0.326481997959497	12
0.106619575610174	0.183487195884934	36
0.089104896441268	0.185834748051207	36
-0.018723885496136	0.280593186787714	36
0.109389314283449	0.140991756543359	298
-0.063573475902639	0.426104926940107	6
0.064178043078927	0.296252294438346	36
-0.07387176081821	0.31626747390646	6
-0.093067683405373	0.361971009055019	6
0.081480960664492	0.214869750359491	36
0.01261668488646	0.434519567522526	6
0.072555180851931	0.263571307361035	6
0.021149656996726	0.412654075820122	6
-0.033081757930538	0.688242455574538	6
0.089447688339618	0.678182454156737	36
-0.107480691168503	1.90596311983226	36
-0.046047729205604	1.21644363584683	36
0.037202606261273	0.770399344606355	36
0.024726942092334	0.761782091620339	36
0.099691038560171	0.301618858442916	36
-0.12236684541987	0.905442504900887	12
0.05101019061181	0.366453319339858	12
0.045233249123722	0.31086906334721	12
0.028125963659538	0.377635710087164	12
-0.040806013807034	0.542974737723545	12
0.082950112656595	0.270982225729239	12
-0.110115718566279	0.600986246500837	12
-0.040917166551801	0.298609800696034	12
0.121325387572057	0.144758126859908	12
-0.071216290890079	0.58091245142706	36
0.061893825465948	0.268581696814462	36
-0.10537390806933	0.601647064732463	298
0.00121849944229999	0.420395441542703	298
-0.00938665420513202	0.43718509618437	298
0.063384473197505	0.262901572022664	298
-0.03437917237956	0.447696968071144	298
0.091832377214339	0.20761161706165	298
0.062838790780697	0.278990172731471	298
0.085106581050721	0.118831837372022	6
0.013670224850665	0.13812778343234	6
0.082713763302726	0.105932907997349	6
-0.008628906333355	0.45384276008266	6
0.104529475581013	0.652936294660406	36
0.021961194101649	0.952582861998368	36
0.047374641865013	0.799538602524315	36
0.091773392555473	0.496592619446271	36
0.102435948384739	0.314960788405651	36
0.101783625687165	0.318812258849366	36
0.020644509845557	0.494066719802246	12
0.010884322060905	0.297701433727469	12
-0.056488917694251	0.58018758647794	12
0.094947735485571	0.237203583845001	12
0.035302500465405	0.414691357045792	12
-0.014810997105023	0.53623563727669	12
0.075093802042867	0.241849383809049	12
-0.015812634732358	0.406735092770013	12
-0.00255667439148	0.292611234030138	36
0.107164185358461	0.171675285031924	36
-0.047835180700097	0.527638742626382	36
0.085541129005744	0.270846730912868	298
0.067207693860295	0.285438417388642	298
-0.030796506299924	0.488361869341061	298
0.09144975896901	0.25343330332229	298
-0.00181363526794098	0.330102664650258	298
-0.111871216625352	0.666595310624077	298
0.045403253612195	0.290553020275601	298
-0.036596483640043	0.0996994327156536	36
-0.074713802800717	0.219331719638627	6
0.074291827149966	0.111546442284572	6
-0.075633143175558	0.216934878286197	6
0.082469834998431	0.155640112603748	36
0.0000897522365380099	0.142354624976341	6
-0.035400426020419	0.559580381267849	6
-0.094534093095404	0.715774317556019	6
0.062125080283021	0.189221882126024	6
0.03884376488635	1.05943854892477	36
-0.01563262097813	1.31253802998418	36
-0.077246421734577	0.84591184876848	36
0.075219817769581	0.343390785615497	12
0.106932086512294	0.244241988911722	12
-0.097823369775912	0.620320429719256	12
-0.011138822700397	0.39858019115279	12
0.020428950978606	0.498881891126651	12
0.034302460816189	0.405989216589162	12
0.053177624741184	0.370184444749636	12
0.055115695496221	0.407690128414567	12
-0.106500767247227	0.679324347213187	12
-0.074221401567472	0.6785277306272	36
-0.046715986710912	0.569560987832235	298
0.017195332225225	0.354615542383971	298
-0.087965598097273	0.594158008561788	298
0.076930334276425	0.160061784237467	36
-0.109261075255939	0.255060228297986	6
0.052034196194217	0.119065491150613	6
-0.095760354715531	0.291322165714643	6
0.111159083017633	0.237525267178344	6
-0.011767534238428	0.553794706767826	6
-0.020770623855117	0.534507350818027	6
0.106395145488243	0.121206695329166	6
0.120145035042688	0.814876110142541	36
-0.110845956522018	0.758845005117357	12
-0.00786565339252499	0.398863447688355	12
0.065497916995936	0.347906237299962	12
-0.107248946815393	0.679294092187037	12
0.065569775845735	0.283341964131635	140
0.03845606842392	0.252463954857907	12
-0.0712195102804	0.542179437282393	12
0.112285460076671	0.167566805148937	12
0.00312796639948101	0.352708515990427	12
-0.106791604785944	0.677493072198245	36
0.115608253812835	0.202011125390019	36
0.02842601181661	0.275856930197802	298
-0.119734426992506	0.168689762200438	36
-0.070236829085652	0.208772746088347	36
-0.024227317082823	0.184188577504423	6
0.015444490032371	0.230468780891762	6
-0.084095950875796	0.254183541698838	6
0.111758355712881	0.220581502764443	6
0.048366860163321	0.183113851559694	6
0.110653203584269	0.906141574557221	36
-0.036635232701757	0.681523923221386	36
0.024710048097448	0.417053028541692	12
0.075349145096661	0.30979308085749	140
-0.028605546447742	0.590724165721579	12
0.032494969071775	0.462794963744394	12
0.052676031067139	0.33618775268044	12
0.022373158401151	0.344488853271183	12
-0.040152656149928	0.247340117966764	12
0.087296062059583	0.209256007915962	12
0.102802941559107	0.195856329668401	12
-0.00650743061072301	0.358313236965122	36
-0.12363241596001	0.773152443809588	36
-0.118538670912173	0.692706825801746	298
0.001067889167713	0.444365378316975	298
0.052066168135189	0.277826172052611	298
0.035041423343836	0.173569773584121	36
-0.070497664223653	0.215877577497471	36
-0.095909906609331	0.464979644376805	6
0.032980615632007	0.387351102976263	6
0.070239313300299	0.385992825236736	36
-0.071123125365546	0.718953814642103	12
0.041999132017365	0.394536026702868	12
-0.043391204151024	0.679088973000002	140
0.025667957820605	0.433846632428417	140
-0.028867826652651	0.683226118848877	12
-0.081065032276071	0.656867108423011	140
0.095611377881497	0.249071514444896	140
0.110825058487619	0.196357983136097	12
0.059255507266547	0.265564948492721	12
-0.10788811049983	0.661191671234851	12
0.012617442161109	0.408847267770247	12
0.018332064380237	0.371326879768467	12
-0.078228101699619	0.714461482522666	12
0.077770772517688	0.232095877785869	298
0.105009278734014	0.232247810071421	298
0.024252382803668	0.256620535009834	36
-0.094636278803945	0.365652844073601	36
0.075676360477598	0.125240424059203	6
-0.108379217290611	0.586983919645802	6
0.119736806437718	0.138841553601516	6
0.064053637006216	0.223396038173478	6
0.015352020082842	0.457815417869109	6
0.014725025789707	0.525717788323776	12
0.060748116271038	0.367767944779336	12
-0.118248257980894	0.832938836063282	140
0.121762824385174	0.231638578761421	140
0.111968213161913	0.19361862106689	12
0.115454643787006	0.209244744610861	36
-0.051202156012655	0.550487472297837	36
-0.102417996925943	0.68768896734889	36
0.037244735261511	0.360677728237858	36
0.101465014476115	0.229081722958591	298
0.00201312680462401	0.34565389674235	298
-0.083879022209657	0.616492189311144	298
0.013100808936783	0.134329654318781	36
-0.032240449998878	0.280702770328233	6
0.00173220701812099	0.381845887437103	6
-0.022800371735426	0.538517202741351	6
0.058711719506748	0.366074929163266	6
0.08670543606012	0.271620230523155	6
0.099443124380417	0.233356655896745	6
-0.00519570595778301	0.300025762417951	6
-0.082251785074533	0.368275985623058	6
0.071560848300055	0.458930000591464	12
-0.045303764868756	0.79402395434872	12
0.077572108670352	0.430921883674359	12
-0.106418979955967	0.569016722370252	12
0.00209802524883099	0.52076901676602	140
0.077118019576882	0.358964165594397	140
-0.032607468143135	0.559224262625056	12
0.07695451414127	0.14381373962427	12
-0.099546040973505	0.488580914321078	12
-0.095727192414935	0.613826690331414	12
0.052150106761356	0.286741108311536	12
-0.052004230211137	0.383861984695402	12
-0.061881421511554	0.622769081797358	36
0.039531505661212	0.333932054899883	298
-0.034344429047434	0.376672134224818	298
-0.041013588213929	0.249847186639242	183
0.10901821303928	0.0639472335095248	36
0.117267617618482	0.0598401178335038	6
0.064210818266181	0.148898415891044	6
-0.016009051495457	0.308514707727343	6
0.014259164331532	0.208471619916381	6
0.008652674514429	0.1417404121373	6
-0.020233448072804	0.382319459468392	6
0.0379906836652	0.396416809197238	6
-0.00622669975191598	0.52623631264362	6
0.060179557544332	0.189503108076922	6
-0.015445166464089	0.995738341203865	12
-0.018615895203026	0.969782075357317	12
0.064538074175604	0.571091210477498	12
0.0261152701786	0.497901147745061	140
0.056994138345242	0.398477555655587	12
-0.084359172265199	0.919680903377144	12
0.037602141377489	0.370205244149332	12
-0.080738480250059	0.79749769044829	12
-0.071175296943795	0.561113282020421	12
-0.060935941276142	0.461149694682735	12
-0.04162905988035	0.249503946970919	12
-0.073733346775904	0.348280522901663	12
-0.009181328119518	0.412616698754708	12
-0.110211742817929	0.608621912455291	12
0.017659736715907	0.335099517411521	12
0.026018283328192	0.237550948818885	12
0.024151877275278	0.435033715343557	298
-0.053240322908941	0.418638902038429	298
-0.041666188425433	0.252164277051801	183
-0.118540629839311	0.23389096548475	6
0.121209626267439	0.132876446540888	6
-0.110694927847119	0.346776309449507	6
-0.10162510795444	0.401876950820727	6
0.121042153769689	0.0976980856237021	6
0.110100122103716	0.580563774825297	12
0.00483502504845501	1.192378450266	12
0.031217563812855	0.409965329428689	12
-0.015942536233732	0.574811108776174	12
-0.060755491192986	0.530933827616868	12
-0.040159016086063	0.276284581941897	12
-0.073945991790928	0.369795706752028	12
0.057659865555741	0.311657714946235	12
-0.100355304081156	0.465312210338192	12
0.00181442743781601	0.219944271174523	183
-0.028359185392738	0.189162796623424	36
0.109216682745302	0.0918779873457934	6
0.081857427830582	0.070347004579488	111
0.081607170340288	0.104928424389339	6
-0.032594841695066	0.589089177726869	6
-0.010829608484707	0.481650916722709	6
0.119245004863902	0.624264422222046	12
-0.09222409719705	2.23306427994189	12
-0.062317747164894	1.82854793737385	12
-0.093922360061509	1.73405699840755	12
-0.037639807473322	1.0805096069334	12
0.075086480526768	0.338276284639409	12
-0.115523361407729	0.751223349603149	12
0.039836874421463	0.45676831379105	12
-0.076835241010998	0.917714529636092	12
-0.105922770630809	1.05240283521717	12
0.082239608831957	0.384508870750922	12
-0.011960404911241	0.537335355746841	12
-0.076950739178193	0.614732109290392	12
-0.06400648718374	0.330389651901719	12
0.031710613513007	0.331574599002302	36
-0.069038228502436	0.61991269976403	36
-0.00783949043378401	0.419409972860355	36
0.048635755294291	0.141526858181715	6
-0.026078150362978	0.302103457421266	6
0.04438908592706	0.350406077936	6
-0.014776802742046	0.491984656902451	6
0.064939385962809	0.284229421427288	36
0.019964390293987	1.08891732116427	12
0.055232791899504	0.746257032716949	12
-0.00957571783369099	0.761799192858331	12
-0.059561447660268	0.651858452109307	12
-0.071137263517275	0.740416092445479	12
-0.032236205058327	0.729635151270429	12
0.052017992773457	0.498053160465194	12
-0.055563923273171	0.911666391011096	12
0.124928596170362	0.215466697409142	12
0.095745571600664	0.238028294562859	36
0.079474204662343	0.256748277650378	36
0.086663913645903	0.261240991184074	36
0.032763019158859	0.378874494005997	36
0.073789313279118	0.209476125764008	36
0.060009319428289	0.28878051657835	36
0.109291371789163	0.128693425695457	36
0.109804917080404	0.105775508540875	6
-0.037435478521673	0.0919905654642465	6
-0.081738539031299	0.252309166047328	6
-0.035464109119936	0.214967866510468	6
0.063665291859906	0.314570852435985	6
0.034946165994628	1.04623107245264	12
0.010339165168258	0.969618868550252	12
-0.037745806499531	1.08008500874198	12
-0.124786154265267	1.31843242898625	12
0.059397590712411	0.449062320344241	71
0.040748073799814	0.475391725146367	12
0.06089962872526	0.415335307301443	71
0.04501578877698	0.354658613012107	12
-0.092358280909451	0.66600361113292	12
0.088950906498652	0.191048522456533	12
-0.059259375739702	0.39093437382836	12
0.049743084254598	0.308889753176975	36
0.092055654598298	0.201061129476309	36
-0.028265973542088	0.187681459895015	36
-0.079415134736266	0.246107598603901	36
-0.000753755343440021	0.237765308188371	6
0.070236013681916	0.127439115021988	6
-0.005760725536477	1.20385923209326	12
-0.040272649281304	1.20669994437975	12
-0.079123393270952	1.49633213654885	12
-0.123091653298652	1.38786980594453	12
0.016674512573398	0.609008058920283	12
0.00923845571241	0.576694451599048	12
0.112688837912736	0.201407110039602	36
-0.049554166302238	0.455894443514094	36
-0.090603286043355	0.458016951357096	36
-0.048434758493726	0.439476499197306	36
0.097076819480839	0.15242992572696	36
-0.010025897027738	0.268896965892576	36
-0.061773094007528	0.339248581234387	6
-0.088360946188437	0.341357421992323	6
0.117235585635191	0.150947393302956	6
0.037334576262963	0.310390509967703	6
0.094918924438054	0.213501873130638	36
-0.098001166033927	0.524980020477784	36
0.084694925168901	0.808138642368988	12
-0.07344446030943	1.64827591737131	12
-0.050987175931105	1.34411713572293	12
0.046304157367249	0.466750958776745	12
-0.105781466817831	1.09421898445078	12
-0.034824896171971	0.664484536336622	12
-0.016978167934872	0.46531503574083	12
-0.05918616379441	0.564178532395196	36
0.124453296078346	0.16762309871449	36
0.105164114053918	0.0660011886415261	36
0.051016945205368	0.121514405563473	6
0.075240153429822	0.104447261771151	6
0.104923018850113	0.0943411360871847	6
-0.098501647266639	0.687185567421814	6
-0.017481075846793	0.446583858584332	6
0.061520985377119	0.910805072053055	12
-0.105587529548067	2.35438052509808	12
-0.045665577416419	1.38121537597688	12
-0.069391049812862	1.13582586783158	12
0.036781209957182	0.565284471873835	12
0.071314699897141	0.373328465894932	12
0.000989358359772013	0.445114325189783	12
0.046118794411178	0.274943941324738	36
0.065243937641834	0.324248165404221	36
-0.116294881704105	0.674648870711945	36
0.103572958280955	0.174281766956581	36
0.042194308159524	0.252236037317812	36
0.078539542853424	0.108464483036753	36
0.059933509130483	0.156301442767551	6
0.015506173761687	0.378438791345493	6
-0.014998500433187	0.502452603350405	6
0.100033060190831	0.285107481954359	12
0.040573418857724	0.342417789464942	12
0.119565696823228	0.112661649471055	36
0.016730039547525	0.411744029282703	36
0.03482412914344	0.265035888921928	36
0.100241826913074	0.232554796655333	36
-0.029187087013369	0.0938324964532172	6
0.115444508149894	0.129080608626867	6
0.091098406415392	0.133327626476452	6
0.002696767831597	0.233003078274594	6
-0.052844680384971	0.579032017300941	6
-0.052601936541363	0.29620696232199	36
0.001718186674805	1.3550580258112	12
-0.047559149749151	0.984357897695963	12
0.040430643124118	0.411298566725275	12
0.027920520424011	0.417756202977007	12
-0.106965028747236	0.608064205232101	12
-0.022692751671638	0.237263938160265	36
0.043656339781561	0.260873183180811	36
0.00869538083910301	0.304513092334635	36
0.115896085055932	0.191622685477338	36
-0.067378945574398	0.38973348525439	36
0.096036681062509	0.131607003604611	36
0.00459551300057001	0.173379366329384	6
0.035519401212721	0.083256115922965	6
0.00534788684365001	0.143300540156648	6
0.11027007306335	0.0908892319493754	6
0.083783507751212	0.195587788667873	36
-0.00625109212751601	0.22048424059875	36
0.055329834411501	0.552681683006447	12
-0.017203821045428	0.917890955104779	12
-0.010340288985657	0.599118252062285	12
0.022837136564695	0.418153248924984	12
0.041787581675129	0.380790428955079	12
-0.099995733983457	0.663576706847576	36
-0.026996109104856	0.461297494019744	36
0.054952663935778	0.367998820731219	36
-0.051229643417508	0.573430437681474	36
-0.088617894208394	0.655119985252039	36
-0.054612394730724	0.561201167950326	36
0.02080092522591	0.340204548481047	36
-0.043745287608271	0.24997851404063	36
-0.046887432965597	0.252545288878519	6
-0.076544996744727	0.239830550373901	36
0.052629866924686	0.353185209318095	6
0.075661992590476	0.293739600214037	6
0.000704426052381996	0.449393632422539	6
-0.079969757998523	0.654016558523341	6
-0.029411623958774	0.8470845660247	12
-0.110718297898775	0.796529750596201	12
-0.029477538714245	0.538079233739385	36
0.053039894775636	0.297043820602239	36
0.000361713722870999	0.402766203134058	36
0.121931032987778	0.21497240562706	36
0.06537364743079	0.252373425238969	36
-0.04598428511186	0.442742738572914	36
-0.045932224447083	0.404530672870622	36
-0.019910598506059	0.313445054367608	36
0.114973691802243	0.146113365331286	6
-0.019892224544526	0.233868238700851	6
0.050943856233607	0.281253918765887	6
0.102791771670908	0.886409733669937	71
0.065773809373714	1.09073733636118	71
-0.052307148031138	1.90001099024372	71
-0.039615127321639	1.90350595026223	12
-0.076427645970797	1.84721218874337	12
-0.116111744129512	1.86129872036831	12
-0.088072907214925	1.34568934216985	12
0.026511458054772	0.439522292908864	12
0.108264615815998	0.246514682721796	36
0.104054564486813	0.229776673875798	36
0.086663732013092	0.266199593532883	36
-0.098604277320794	0.498279639748273	36
0.032816013325297	0.38633060872744	36
0.06184644004398	0.315919859298118	36
0.056794468307805	0.229964248663326	36
-0.05350205180433	0.470768058728775	36
-0.083968696552668	0.370442976418154	36
0.00222980527738201	0.272726504352157	36
0.03693504947948	0.208447877024146	36
0.109091429608344	0.133578865007839	36
0.066575766729708	0.196643019931051	36
-0.076187313836704	0.345732734919829	36
0.11658741892809	0.163064041170312	6
-0.070071158555504	0.54482233590265	36
0.06195070197201	1.29409938337734	71
-0.049398506512802	2.34701448612732	12
0.015926340341817	0.718061073095938	71
0.018829810207374	0.68818673520535	71
-0.00402933392694399	0.584421023885321	12
0.08937654531505	0.342536998155703	12
0.093460605587301	0.244999581662645	12
-0.023994340517954	0.581356082309779	12
-0.00122799431534698	0.502716865797616	12
0.110118861430271	0.187467920928765	36
0.07306305950432	0.272738663598532	36
0.078762053513736	0.221855706518747	36
0.123175438700594	0.128848746248254	36
-0.043206236173625	0.446094084108121	36
-0.00647831205774702	0.387381977327325	36
-0.00858543010533902	0.30927193364113	36
0.026497487843013	1.49943964578889	12
-0.048786842900312	0.656879575948643	12
-0.009974909910132	0.600613181574349	12
-0.100625600012302	0.867301540912686	12
-0.081453176994377	0.615878941529985	12
0.023310956391975	0.402239035496114	12
0.011611220571119	0.431548038387816	36
-0.06863462522793	0.654758099407437	36
-0.101187782136021	0.510254269218377	36
-0.054911309123397	0.378263727296269	36
0.091894158218391	0.223715886714678	36
0.123368528098997	0.160375039550462	36
-0.048638503167587	0.324416409360095	36
0.022553166796443	0.426326548929934	36
-0.055764355846193	0.437701008429168	36
-0.061828503375593	0.442799382368041	6
-0.09315494134305	0.431515280347483	6
0.10041105903394	0.180494275847592	36
0.00878114632842	0.479536754769208	12
-0.124603568093525	0.596675735549767	12
-0.044117016136201	0.605072409844813	12
0.032381388938545	0.319656158803857	36
0.049671511732788	0.139998617120288	36
-0.040541320004315	0.515621003331861	36
-0.086828889150507	0.513203479824268	36
-0.00235852829869698	0.406102767526705	36
-0.007481298737742	0.362837407592142	36
-0.068791413716911	0.527812223313394	36
0.068967602194066	0.225572350719792	36
0.05485295869672	0.210572188503034	36
-0.024685426517083	0.388919605863527	36
-0.077992473008804	0.527633253202741	6
0.092845987263656	0.131841924707038	6
0.00532345504058099	0.405569263859767	6
0.086706309579121	0.200167570185658	36
0.076404087870376	0.344488276267398	36
-0.028711873792406	0.571695124593089	12
0.122133668816364	0.217504200930678	12
-0.044602292683265	0.603780275778169	12
0.00754816778308401	0.327012169768784	12
0.086458382756603	0.219917969988709	36
-0.08888007259492	0.259758206290338	36
0.017915886476796	0.330236683929239	36
0.021475237612569	0.531626955528639	39
-0.041126442904288	0.405233798063245	36
0.063083554805226	0.202052458632271	36
0.074438227574962	0.144978239594152	36
0.010795124955059	0.46946640754655	36
0.068834799874087	0.466764816355242	12
0.088956518099588	0.313803051794074	12
-0.00638321512416001	0.425967117795063	12
-0.107516024784511	0.453015900319659	36
0.047456734408925	0.217389634584524	36
0.109838094762427	0.130378917042779	36
0.0000442391831199929	0.356447149749335	36
0.080641933759906	0.252396617358453	36
0.124426265621108	0.130752067198311	39
0.036802370897258	0.294257656983155	39
0.071140442986174	0.242312404776446	39
0.107829207502527	0.135307712056799	36
0.068645160179245	0.204507897845957	36
-0.050941453150503	0.395830407655978	36
-0.068612240143095	0.56024602574512	36
0.055845452342742	0.653712063077605	12
0.026662031683262	0.78235657091885	12
0.09853017850213	0.360397999186365	12
-0.011028895952567	0.650682605545045	12
-0.103250668297879	0.62850128917751	12
0.02970504569532	0.433191851778548	12
0.05505227277029	0.331919412841668	36
-0.00170896984154001	0.40163460690213	36
-0.071479676366435	0.480955208623706	36
-0.045677053859933	0.500651276385701	36
-0.07076393137763	0.548221261234246	36
0.058524329177864	0.234052624917334	36
-0.096288118124292	0.457236290533038	36
0.098475455212424	0.204612330080937	36
-0.042957377004144	0.39847611894439	36
-0.079121027611928	0.356157567999887	39
-0.046372743410068	0.483305320597687	39
0.097499442443835	0.164364182659766	39
0.121288903899417	0.110712757366036	36
-0.079568895520257	0.499837354792459	36
-0.092457405744457	0.59118251735388	36
0.091853350075611	0.193422678903962	36
0.027747313477548	1.13833332098386	12
0.051466180371276	0.820178619691044	12
-0.017436715909556	1.01397974100728	12
-0.116436854592317	0.916367598403262	12
-0.077785140714857	0.664015097430889	36
-0.02720501288096	0.484404587409082	36
-0.054767036379022	0.534255873801519	36
-0.120678816872024	0.604511766721855	36
-0.026736903895014	0.328199319223974	36
0.102802330722724	0.0941513598140124	39
0.085017072580511	0.149111594247036	39
0.011842897773015	0.228382716178806	39
0.076400327824038	0.108341531368524	36
0.053973949761264	0.241603068449189	36
0.106629317113537	0.20606586840156	36
0.078614705123694	0.230447608848072	36
-0.093738610983995	0.585714273440185	36
-0.010617996588555	0.37090362397254	36
0.076753130077482	0.751827971196929	12
-0.056210911322261	1.60742026048558	12
0.032787897072802	0.792608840423332	12
0.000140463307480992	0.729376606325012	12
0.00077885317318499	0.579402167354724	12
-0.00303999389988902	0.532935163880665	12
0.075428126296397	0.290874576665685	36
0.059800121218847	0.321820442618774	36
0.074141009904319	0.211345153326916	36
0.037366439704694	0.27481241604715	36
0.032648972144011	0.215872492825589	39
0.00574419574371901	0.142461714646514	39
-0.124784716384416	0.278355044685173	39
-0.124354887871131	0.241293666072578	36
-0.025118636073035	0.187428450969463	36
0.003675217396646	0.143382676889709	36
-0.028431292225178	0.187823811354031	36
-0.074302082907998	0.505520835654277	36
-0.00690842195150199	0.315808870943245	36
0.123511674989694	0.581901184227981	12
-0.044005312523539	1.39928134950497	12
-0.064656186736675	1.3026744925512	12
0.03901954978714	0.520551605229252	12
0.037941194150284	0.522039119812242	12
0.007360587055353	0.513840165604798	12
0.041843762149153	0.314059622625516	36
-0.04877465962995	0.298391422594084	39
0.063093379164523	0.136831050660138	39
0.089331355135118	0.119697782128349	36
0.0244093424214	0.0847572330987582	36
0.111150295164192	0.131045236010125	36
0.041812675496472	0.195713983947075	36
0.025060340229245	0.341401925012635	36
0.037163023863013	0.367894078614201	36
-0.115865737242546	2.09075006614413	12
0.060121748819249	0.676898443808934	12
0.111537986713332	0.348576366916961	12
-0.072928707959898	0.783085103884843	12
-0.038985955143796	0.575951157750339	36
0.110813894132852	0.195027640571012	36
0.114304234651197	0.19897409493258	36
0.062890271370001	0.355100121512415	36
0.107477649758273	0.223575529729683	36
-0.11919572046434	0.639805600177509	36
-0.00070154581152998	0.238755152584073	39
0.034065448514114	0.0810552981087758	39
-0.124354887871131	0.241293666072578	39
-0.036793798888543	0.249855783098983	36
0.093415958946045	0.11567669645759	36
-0.074552201104478	0.63678625900628	36
0.056194573686965	0.305335554023991	36
-0.072685221003341	0.50468546566341	36
0.097602609167469	0.747922085527235	71
-0.042556224043248	1.70537308950994	12
0.0000140076344380125	1.16882187915828	12
0.089818958320032	0.428433353973213	12
-0.072387222982098	0.738730333994994	36
-0.033266068605103	0.632160232975063	36
-0.029819237670339	0.488356392604104	36
-0.04218386251598	0.597290758306677	36
0.077772370901344	0.190391322110034	39
0.073797779712097	0.0750738144338837	39
0.021820562408693	0.172253740428328	39
0.049439745318051	0.121359418163186	39
0.029452261506462	0.0834103983547806	36
-0.043656599630574	0.340889394841852	36
0.00229823974479801	0.384653677595767	36
0.121871250733077	0.798319248283157	71
-0.102334139883699	2.40700848516163	12
0.0288714840562	0.875023353990036	12
0.063633330814544	0.568397842185831	12
0.105823091429532	0.319420820065692	12
0.101993343224707	0.303352881977941	36
-0.096868205717915	0.735081935935708	36
-0.027134836420162	0.559072116809838	36
0.04160630879236	0.317980307394244	36
-0.071631349262903	0.167977315326149	39
0.033971484636705	0.153285351131167	39
-0.026230305564655	0.183668697867406	36
-0.03464450872776	0.5675155096941	36
-0.00671085273494698	0.435950365121652	36
0.119833248219674	0.614298068490184	12
0.119169592053548	0.364424228798534	12
0.042013504167983	0.528753571345611	12
0.107867093598992	0.315706783307695	12
-0.016907175977712	0.566897371011065	36
0.102803477030381	0.290011485775047	36
0.02409750246271	0.413131396546123	39
-0.051561139828476	0.371673105354714	36
0.003409389397805	0.284996737610676	36
-0.044266593942982	0.256146700152719	36
-0.037780352152501	0.195664364592238	36
-0.122583425725081	0.239924851210149	36
-0.039106604714942	0.0984696853611077	36
0.115058951730384	0.215082021120747	36
0.007633816075093	1.73414612123203	71
0.034834968525191	0.804631005893931	12
0.093682799120862	0.292326426692868	39
0.043615477992056	0.431178249617853	39
-0.021831152287986	0.278910375935018	39
-0.124035921216739	0.244494319261825	39
0.082832503669713	0.103503867506329	39
-0.124109854027047	0.243700461515902	39
0.050741718642523	0.180797549594513	36
-0.040935753159879	0.356053506306894	36
0.021009232562174	0.23895409397896	36
0.108992804659125	0.10753035055713	36
-0.037690269315005	0.668689834797191	36
0.079204210974341	0.276702609498597	36
0.030314003812396	0.570320055834582	36
-0.026001303222592	0.660399676659729	39
-0.060735117360497	0.69716857285046	39
-0.041445518789776	0.276531639022832	39
-0.111386711553301	0.224640569595998	39
0.079361979794968	0.071650988943276	39
0.072130965651309	0.0742145940161034	39
0.123887183777035	0.0793289687282772	39
-0.12483247836248	0.172788373359322	36
-0.043526379514624	0.265816159879366	36
-0.082143594222455	0.738791873896862	36
0.017992623113376	0.358042136702816	36
0.101409505031276	0.347973450695954	36
0.012957772070699	0.581232961391295	39
-0.081076290534878	0.330934203070551	39
0.028510458005251	0.194775106343835	39
0.033506531278197	0.196714347447525	36
0.004240917404911	0.142262400923103	36
-0.027521432959547	0.636696254358196	36
0.021144777913858	0.511743013487976	36
0.050130090747049	0.225252501100465	36
-0.054633904224996	1.84461806229698	71
0.10480436713672	0.303158405298517	36
0.00481534469773101	0.578921379010967	39
0.105062714038314	0.187718119067956	36
-0.062317674626822	0.316046606862687	36
-0.057402406834292	0.4187723951338	39
-0.054942379677186	0.235905985007129	36
0.084390149882774	0.297482594093525	36
-0.042188302061601	0.598012128687724	36
-0.035206694168865	0.598009118294842	36
0.068763751879631	0.352839936340902	36
0.078860096857409	0.291172064866817	36
0.012677417260284	0.488713587788869	39
0.075327636332168	0.352197396930398	39
0.065359987967633	0.437883475161014	39
0.06760811212647	0.427047546278834	39
0.057579604257356	0.414026383308185	39
-0.025435499543729	0.334356922613967	39
0.123644386145128	0.133277919609482	36
-0.057178286627461	0.329439746231279	36
-0.112006500827594	0.40676822871145	39
0.097143869224628	0.145057703648941	39
-0.028147414000389	0.421396490211616	39
0.01915009100859	0.344158455280426	39
0.092959245900938	0.234475384666867	36
0.112566107340075	0.907922852793946	71
0.012161132054631	1.76015709554229	71
0.025487211896977	0.458906007372683	39
0.074224993582001	0.109502602370185	39
0.040148498120686	0.149776558238537	39
0.003247040660283	0.24731581417556	39
0.00692988159211	0.168930116900772	39
0.030736943413265	0.0848182414977103	39
0.084906453386494	0.317189141876456	36
0.063685516500376	0.396167951745728	36
-0.049388222255414	0.599440767085342	36
-0.066929908134955	0.708214273243015	36
0.025965109542634	0.255104743977809	39
0.00566122562792901	0.277507456277958	39
0.074821633721837	0.187881245725671	39
-0.032675250803766	0.243094110808971	39
0.07596005925207	0.22384699588286	39
-0.058568702254502	0.56060724645663	39
0.104911142509483	0.186234248000873	36
0.094533729261791	0.265223664764794	36
0.082181670101086	0.283495813470795	36
0.039281393999653	0.299406656407651	36
-0.027384272572325	0.622697935257704	39
0.094162211963337	0.262516627506912	39
-0.067538813126747	0.636002800630444	39
0.039407204385608	0.421949191792836	39
-0.053788676086063	0.771090992505809	39
-0.00665231814415801	0.43781520553475	36
-0.065727809723511	0.382266698283702	36
-0.024385154258764	0.300435309783782	39
-0.074827147903232	0.296994984455274	39
0.015893136110726	0.227903344024958	39
0.107699359554179	0.246606328674833	36
0.011796554412232	0.423857549125261	36
0.079258635766182	0.289549542975548	36
0.066732739939501	0.327224253897697	36
-0.00417787251860502	0.404834306511575	36
0.042949738755976	0.513844463983333	39
-0.056182560025581	0.815392712383315	39
-0.039058171823786	0.576063505553775	39
0.038847973770434	0.398296079121119	39
-0.094814961147396	0.89857348676959	39
0.075099962456043	0.290899863457609	39
0.079003891008916	0.229689245017709	39
-0.088588336901241	0.597455210780002	39
0.107850306406651	0.207661210841171	36
0.093965151746751	0.264238466247019	36
0.019819592246224	2.37835869898349	36
-0.061315092106112	1.73521658877261	36
-0.023477774020658	1.10844673808705	36
-0.032975181291174	0.583590036114009	39
-0.059688050199135	0.490569689159807	39
-0.00681911930495099	0.651404425042486	39
0.08570237489041	0.384005655348797	39
-0.121469335656236	0.550381096077943	39
-0.061728711767508	0.726443441355159	39
-0.001978955841547	0.493578233528902	39
0.022883842187023	0.447571091808005	39
0.058034194704486	0.395622729648856	39
0.088811449174354	0.254934042850109	39
-0.109880570223212	0.820740317265347	39
-0.05421771890026	0.650970751972887	39
0.117166356537382	0.133129133511666	36
-0.101298481227382	0.402083408184942	36
-0.032492844722515	0.407329746958489	36
0.089064915216974	0.413977037838932	36
0.079023341388712	0.577935768648187	36
0.118740704314202	0.315085438067393	39
-0.076960224990502	0.505951170413047	39
0.099609293663067	0.17346007742662	39
-0.1013432397996	0.377098704925183	39
0.106403766948252	0.214819899877776	39
-0.102177960909151	0.907582587732375	39
0.04104877962916	0.224236683899446	39
0.044995215333729	0.419049445392606	36
0.026012077978771	0.37337432161318	39
0.0387291609501	0.559316533011415	39
-0.06105922116891	0.638597952483425	39
0.071075975464611	0.290303957282704	39
0.020708769681463	0.309237652991274	39
-0.029634032690086	0.566581767172003	39
-0.029130816633917	0.394398925050181	36
0.03320785959157	0.189756698517648	36
0.057163770380779	0.442560464693958	36
0.115163075781379	0.412831997097205	36
0.050137286531882	0.304695237260722	39
0.118384605819786	0.22063235908779	39
-0.033702163473999	0.371905728348778	39
-0.074838407686746	0.748877745743135	39
0.038131114852011	0.376584246515053	39
0.095582889617954	0.222931134512249	39
-0.041769526293338	0.321866241091905	39
0.117444828388644	0.0984065069527953	39
0.092277967349762	0.248167348259716	39
0.114788265888511	0.215129825181173	39
0.095525720606121	0.230256570172832	39
-0.091131775724444	1.04052353277635	36
-0.012955338377776	0.463447111288248	36
-0.050568030934305	2.2738036476603	36
-0.030698193160452	0.672709461670355	39
-0.015735886018696	0.507900537203086	36
0.04269398496212	0.392110170306808	39
-0.00194935955678899	0.391648974567382	36
-0.019958062208577	0.28124772305862	39
0.089046641335351	0.169829864883149	39
-0.025617634592177	0.491692479379397	36
0.009348707018561	0.311949370076598	36
0.071060114273615	0.167167334247735	36
0.063064101426623	0.0739272395493588	39
0.047214484682274	0.281227397940642	39
0.088188696402168	0.162381383269356	39
0.094468200558044	0.216664828766798	36
0.082017809551123	0.278605927955401	36
0.003819447262153	0.44688630345455	36
0.02041330879674	0.417123874366613	36
0.117391109165137	0.884078928910298	36
-0.013542143208011	1.1876679975736	36
0.124931141418576	0.285567876550044	36
-0.017814678230416	0.586636185243103	36
-0.07074880537214	0.877290432174128	39
-0.122050835672316	0.993315024883045	39
0.000445376967514011	0.469312050141687	36
-0.02836596667153	0.41431447657752	36
-0.00392069982559901	0.220466794338222	39
-0.022185618227715	0.257225430516318	39
0.109810574909431	0.239528756306558	36
0.076779974738925	0.322294624727317	36
-0.03093990046699	0.579099548704712	36
0.081106683576925	0.27988664939379	36
-0.075091859926796	0.75804620803709	36
0.016806513480192	0.502558963677607	36
0.123387822822315	0.395598536237632	36
-0.100300998005361	1.63792827562515	39
-0.106458218502921	1.61084259896151	39
-0.105573579129916	0.92692108021186	39
-0.075957814461969	0.907325265674604	39
-0.026190697357233	0.415616981705331	36
0.097686263937975	0.12629341817138	36
-0.006796129837365	0.351274989295705	39
-0.086920917251339	0.496032479878802	36
0.077352502529125	0.326684332004693	36
-0.082418326763128	1.55175593750367	39
0.00208694736442	0.588721955066052	36
0.00391671157238399	0.510765969863843	39
0.104942771123377	0.157953316908889	36
0.072207333732482	0.175186270278354	36
-0.039383953898936	0.414818297757626	39
-0.087195716264593	0.728862251556094	36
-0.077375204668766	0.700233352964826	36
0.061820478375837	0.479491352646987	36
0.021004569002374	0.803967596706902	39
0.047619282189137	0.324799284726452	39
0.077333507318539	1.50091042337667	36
-0.096525124470958	1.13551885243302	103
0.019034385034321	0.863296803144356	103
0.050563521442898	0.7280121334936	103
0.05215280678451	0.53179003833235	103
0.060973420350865	0.361238106961809	103
0.030130299388987	0.39341991440547	36
0.048205451786043	0.337122985409732	39
0.030130499072554	0.438782341988718	39
-0.122118870625915	1.48657859312543	36
-0.098469521933577	0.644197169263109	36
-0.067222450984871	1.42041173962416	103
-0.061435443231151	1.18484243109542	103
-0.045104559761507	1.04790591264304	103
-0.074496458324266	1.22389514616949	103
0.014554593930218	0.721575942070299	103
0.003769011736211	0.696462644773022	103
-0.021622694617656	0.423527758268689	103
0.102031793026056	0.227889993940566	103
0.096283442045305	0.183398534404988	36
-0.039771109707174	0.499521537540552	39
0.024200654430142	0.338053417970393	36
0.046619582224979	0.422962200711537	36
-0.048190360143739	0.861210428009966	36
0.030107850441905	0.444188919967808	36
0.00861498284923301	1.31501180507483	103
-0.087275732396263	0.277828005236814	103
-0.050574518512233	0.230683853370401	36
0.095013498983018	0.168511919680218	39
0.015242396827188	0.164624101701963	39
0.028163909050474	0.440658185440868	36
0.009338323703002	0.60227187119641	36
-0.08803211497819	0.977075827459309	36
-0.034123881491393	0.720470086083093	36
0.061239256000204	0.897165297072372	103
0.05832226510925	0.729789718435706	103
0.035977415416361	0.877058328922323	103
-0.108239217254521	1.2167666851749	103
-0.099983215338004	0.350838608561409	36
-0.07394460598946	0.829210805544902	36
0.031649796360037	0.523648976423018	36
-0.029924023935139	0.706927954291519	36
0.096759802324512	0.862747861611615	103
0.073048026901404	0.989894046586418	103
-0.081906495547192	1.92186873572856	103
-0.066979279096333	1.07310749863748	103
-0.083863474409566	0.664036943404758	103
0.010099272082208	0.169591205321418	39
0.090611923050695	0.320090196422685	36
0.074547132314498	0.355976163201346	36
0.068350241947888	0.85555283084145	103
0.103829615014014	0.596109843880488	103
-0.063876734573693	1.84289982233431	103
-0.063537671261058	1.62647704755852	103
-0.021940991843416	0.942802037408214	103
-0.045223983475685	1.28886815095132	103
-0.00486923004999701	0.537526647523029	103
-0.062474088454608	0.267086896666482	36
-0.124043812359214	0.496489392804959	36
0.002737608825536	0.142563914760988	36
-0.082430186753903	0.2496636988449	36
0.112416052369137	0.0883978869059942	39
0.028190469451804	0.363262151034028	39
-0.059010147285497	0.806573414603664	36
0.015641993116695	0.584573412070919	36
0.034193638464556	1.31887663740729	103
0.062608107368628	0.904532333518064	103
-0.032508957737254	1.51629652460525	103
-0.07499786543904	1.82623757562207	103
-0.00170560057787	0.870569973441457	103
0.079168051425668	0.331874970935459	103
0.02641653499559	0.229644915425013	36
-0.123322312390259	0.502659402370459	36
0.0332174725248	0.531182904404536	36
-0.012394240099797	0.592119456850979	36
0.00995287154827601	0.447808909856119	36
-0.116859766813806	0.601238516472672	36
0.000781503130027006	1.64828530704618	103
-0.093234486016616	1.54656794681898	103
0.07238443253643	0.128178363290965	39
0.023233513673588	0.258068411293652	36
0.048292963784558	0.467005826164729	36
0.120637983003416	0.281784431186902	36
0.113186361329357	0.297033186855027	36
-0.012293287732379	1.58636748827235	103
0.052419598741759	0.907291526615541	103
0.02606171553012	0.423674941618814	36
0.064402222167803	0.22577287896079	36
-0.121426274349629	0.243068222116606	36
0.122327518273021	0.166456292426291	36
-0.101156890449758	0.913206264065174	36
0.076173352434143	0.319086305320214	36
0.004113592373199	0.587987859438519	36
-0.056510551404459	0.235202180414169	36
0.036704478589378	0.261644111734135	36
0.00392760962667901	0.196753351484929	36
0.045559095814538	0.18498082693932	36
-0.100063268076513	0.458645013777098	36
0.006658881870096	0.170111822338577	36
0.068493543484143	0.443432643323634	36
-0.059638947935106	2.17167834602442	36
0.0747403265312	0.373926964899584	36
-0.016901979933969	0.273036604317004	36
-0.110927665479506	0.442518612195738	36
0.086356002687232	0.389255852579711	36
0.058668765125013	0.430611219233028	36
0.050066054759404	1.31607089114216	36
0.118034832520877	0.0981718968186788	30
-0.122532081080903	0.230747119938816	36
0.090283655253876	0.202757048464409	36
0.036226801905762	0.26072457044646	36
0.112262174874129	0.248672518968741	36
0.100956906250958	0.335118117886547	36
0.110916588700881	0.276374377991768	36
0.120922385939749	0.909796064961118	36
-0.067189506386926	1.21746808025127	36
-0.028232814178786	0.461387503101873	36
0.115272865969397	0.18850605425862	36
-0.00387974252251699	0.426898287900438	36
0.060341659078899	0.199118547744386	36
0.069507764201829	0.28779863135006	36
-0.027471959688904	0.378179813526265	36
0.111129097845654	0.297321193028204	36
-0.017178634701427	0.648507221945472	36
0.07601657001729	0.390059981269168	36
0.077589603844079	0.375682292546299	36
-0.049926968756482	0.662378512962902	36
0.032992197515923	0.410950074240551	36
0.032712987762502	0.331648168696155	36
0.122737218646081	0.202106618604348	36
0.035605324951153	0.49020704034054	36
0.088765006187406	0.309019005650564	36
-0.04312484628939	0.606747386131154	36
0.00873147755912099	1.9145960806674	36
-0.00286557274287402	1.76431146503832	36
0.04137709389564	1.03032897477609	36
0.106764437702388	0.368394328014549	36
-0.042335361175969	0.798878910234825	36
-0.040782222580249	0.728063429896503	36
0.113888211981743	0.241781316368056	36
0.099600966828174	0.253552011863679	36
0.094393951142003	0.286330563293575	36
0.110431502222704	0.230800560691437	36
0.093375566066795	0.280545108732189	36
0.063194996835437	0.372149906450871	36
0.077692258626332	0.397779156407715	36
0.048807186525649	0.629495097033779	36
0.108692243829888	0.546871275398163	36
0.04754894962781	0.365436756736951	36
-0.053221550120974	0.461406295826609	36
-0.113796167243597	0.329988698554639	36
0.078118804789089	0.285631156784588	36
0.036909903922707	0.34240101462973	36
-0.00374818030627899	0.317616367149448	36
-0.030456060842199	0.766116048149846	36
0.02946479294824	0.677650444485131	36
-0.075135310676423	1.04019236213213	36
0.090693931589841	0.361383276189033	36
0.089343316619298	0.373155515400665	36
0.077095691533279	0.377716014591228	36
0.019117514009101	2.1699863021716	36
0.027571758104651	1.32402766228189	36
-0.015261060150039	0.96485614278864	36
0.044572402303145	0.591780195030981	36
-0.109995179604121	1.14226692299774	36
-0.072337754575523	0.813719017066535	36
0.10668871362754	0.227709510275356	36
0.0013910347836	0.404089644249112	36
0.100523251080166	0.227152222022164	36
-0.087140812734039	0.282658981076612	36
-0.025507720507772	0.443190916616761	36
0.068130721376538	0.279329206060671	36
0.05058425344407	0.518937951591779	36
0.036310147783653	0.23178929913427	36
0.106556751426516	0.476358338332252	36
0.077875833160619	0.212901826578998	36
0.00224140332565001	0.590568785825801	36
0.040149127396256	0.647335716024153	36
0.056201993818701	0.30052287267207	36
0.090869885921461	0.203633635886667	36
0.012243838040623	1.61381971429497	36
0.107475498063604	0.30060065844676	36
0.116753745004967	0.282475223903404	36
0.056998030654787	0.565130939420012	36
-0.056273784468767	0.497356922042682	36
0.00860187747411501	0.433663475790285	36
-0.035658872049963	0.647433372247123	36
0.124542060390673	0.236260991067378	36
0.034273365455556	2.0803303432488	36
0.018895061326306	0.611926408320083	36
-0.037526892248012	0.544778216769787	36
-0.013193639093233	0.492479669697281	36
0.019255945767731	0.510142454158352	36
-0.023474242308272	0.70029367109738	36
0.058331995267027	0.300441835296659	36
0.115291726799377	0.511655618416223	30
0.092179953168211	0.470300819280391	36
0.096975959456851	0.380709639006437	36
0.085103542988973	0.472295831117298	36
0.044394496242856	0.14688193274339	36
0.00607697514038799	0.611547756821592	36
-0.054352618724886	0.411984393680652	36
-0.00349265043274899	0.668177291267432	36
-0.046106758062622	0.473534560303159	36
0.063270725314962	0.219580683590863	36
0.065967330016696	0.533023511167933	36
0.086948095210198	0.364778636926809	36
-0.0775965351394	0.769687392257467	36
-0.009404436815735	0.41236442323386	36
0.122340213333055	0.311402233978595	36
0.088254944415544	0.397762625806069	36
-0.101320923791596	1.0033680191411	36
-0.094429686389843	0.526502308633438	36
0.092381134077966	0.313944544260859	36
0.05014762053445	1.41263707396594	36
0.054781469271398	0.610933771205483	36
0.108155117455978	0.343859274397508	36
0.047071004077594	1.95009198272987	36
0.08100291346979	0.356764428836746	36
0.092521416379249	0.210668153433024	36
-0.053236076587603	0.599305315323087	36
0.059376796069336	0.188148836821273	36
0.09945448341168	0.142128707815574	36
0.062562798876899	0.542453695696625	36
-0.033838056633345	0.695499660318801	36
0.07543735646673	0.238245688913016	36
0.028904208304625	0.3486709295912	36
0.054723658913072	0.368341673936667	36
0.082869210122086	0.193989138323194	36
0.075272806951062	0.320464646761724	36
0.105582143148692	0.231208907036058	36
0.00323013700140901	0.27721939966897	36
-0.035935813308657	0.471078160965824	36
0.027836685448494	0.19874870294984	47
0.030172618086585	2.20158796313866	36
0.068695714747076	0.288618090277209	378
0.067507043360261	1.36160028618538	36
0.068212116567493	0.377696633364972	378
0.100894954114918	0.419411914149341	378
0.035729356141991	0.745231605995935	378
0.055951118110003	0.370161384321484	378
0.07672298171584	1.41332172352576	36
0.032372711647582	0.298005361374057	378
0.022978350321459	0.782930296773192	378
0.123509418014461	0.81888364287143	378
0.031171028016344	0.632813542157792	378
0.123822792655959	0.521437208549273	378
0.100134340075527	0.741944665549829	378
0.048115033649121	1.22139935464919	378
0.116751278987962	0.341834452938031	378
-0.025716695370845	2.14884318597986	378
0.107873203445327	0.684633556941247	378
0.051479102351885	1.41742487519724	378
